ts,open,high,low,close,vol,volCurrency,volCurrencyQuote,confirm
1785020100000,64378.8,64385.3,64377.6,64377.7,1478.0,1.4786,95189.01545,1
1785020400000,64377.7,64391.4,64369.3,64376.7,2434.0,2.4344,156729.4375,1
1785020700000,64377.6,64393.0,64375.0,64375.1,1040.0,1.0408,67009.2405,1
1785021000000,64375.1,64390.3,64375.1,64390.3,1028.0,1.0285,66221.03314,1
1785021300000,64379.3,64387.5,64370.0,64370.0,993.0,0.9933,63944.0877,1
1785021600000,64370.0,64370.1,64358.4,64369.7,1283.0,1.2835,82617.64815,1
1785021900000,64369.7,64369.8,64366.8,64367.9,1485.0,1.4854,95610.74222,1
1785022200000,64368.0,64369.6,64367.9,64369.6,128.0,0.1287,8284.15631,1
1785022500000,64369.6,64393.4,64366.8,64366.8,4801.0,4.8018,309190.16789,1
1785022800000,64368.5,64370.0,64358.7,64360.1,641.0,0.6416,41295.75752,1
1785023100000,64358.5,64367.4,64357.2,64362.9,815.0,0.8153,52474.03924,1
1785023400000,64362.9,64362.9,64331.9,64332.0,6247.0,6.2474,402063.86517,1
1785023700000,64331.9,64345.8,64331.9,64338.0,2950.0,2.9506,189845.00425,1
1785024000000,64338.0,64356.6,64317.9,64356.6,2650.0,2.6509,170540.68657,1
1785024300000,64358.8,64405.4,64358.7,64396.2,2964.0,2.964,190858.47359,1
1785024600000,64396.2,64413.7,64368.0,64405.6,5207.0,5.207,335300.47024,1
1785024900000,64405.6,64405.6,64394.7,64394.8,3079.0,3.0796,198340.54788,1
1785025200000,64395.1,64433.0,64395.0,64433.0,4236.0,4.2362,272870.65432,1
1785025500000,64433.0,64465.6,64429.6,64446.6,9012.0,9.0127,580853.93143,1
1785025800000,64444.2,64457.9,64419.3,64428.9,3759.0,3.7591,242253.8629,1
1785026100000,64428.9,64428.9,64395.0,64405.4,15718.0,15.7185,1012589.5157,1
1785026400000,64395.8,64395.8,64379.3,64390.2,4539.0,4.5394,292289.51453,1
1785026700000,64388.1,64403.5,64380.6,64395.4,1177.0,1.1773,75811.41802,1
1785027000000,64395.4,64452.6,64393.0,64449.7,1985.0,1.9854,127900.32306,1
1785027300000,64446.1,64472.8,64442.8,64472.8,1371.0,1.3714,88403.99532,1
1785027600000,64472.9,64512.2,64447.9,64448.0,19883.0,19.8832,1281966.77929,1
1785027900000,64448.0,64472.5,64447.0,64447.0,8123.0,8.1238,523578.74436,1
1785028200000,64437.4,64472.7,64434.8,64472.7,4231.0,4.2317,272704.48083,1
1785028500000,64472.7,64475.3,64455.1,64465.0,773.0,0.7737,49873.91296,1
1785028800000,64465.0,64465.1,64441.5,64444.5,440.0,0.4402,28368.62876,1
1785029100000,64444.5,64444.8,64434.2,64444.7,1030.0,1.0301,66381.96683,1
1785029400000,64447.9,64465.5,64447.9,64463.4,1415.0,1.415,91207.50064,1
1785029700000,64463.4,64473.1,64450.0,64460.8,536.0,0.5362,34564.74844,1
1785030000000,64460.8,64460.8,64433.0,64447.6,3957.0,3.9575,254998.82192,1
1785030300000,64447.6,64447.6,64430.0,64441.1,1182.0,1.182,76167.20813,1
1785030600000,64444.3,64460.5,64438.3,64454.8,306.0,0.3065,19752.17781,1
1785030900000,64454.8,64458.6,64422.9,64434.3,2224.0,2.2245,143342.04009,1
1785031200000,64438.3,64442.4,64422.5,64425.4,933.0,0.9334,60139.05282,1
1785031500000,64421.1,64421.1,64394.1,64407.7,2668.0,2.6689,171883.8183,1
1785031800000,64407.7,64450.5,64407.7,64450.4,1232.0,1.2324,79415.36878,1
1785032100000,64450.4,64450.5,64437.9,64437.9,3031.0,3.0316,195376.85496,1
1785032400000,64437.9,64453.1,64412.6,64412.6,882.0,0.8822,56839.19336,1
1785032700000,64412.7,64452.2,64412.7,64452.2,292.0,0.2921,18818.76827,1
1785033000000,64452.2,64456.7,64398.1,64415.0,4897.0,4.8971,315445.41298,1
1785033300000,64415.0,64416.0,64398.8,64416.0,510.0,0.5102,32861.26068,1
1785033600000,64416.0,64416.0,64410.0,64410.1,462.0,0.4629,29815.76541,1
1785033900000,64410.1,64442.9,64410.0,64442.9,6540.0,6.5401,421266.03116,1
1785034200000,64442.9,64494.9,64442.8,64494.9,2701.0,2.7011,174170.98356,1
1785034500000,64494.9,64499.9,64485.1,64490.7,4413.0,4.4139,284670.35975,1
1785034800000,64492.0,64500.0,64464.6,64464.7,948.0,0.9484,61156.27591,1
1785035100000,64464.7,64474.3,64453.3,64474.3,706.0,0.7064,45536.52362,1
1785035400000,64466.6,64553.9,64466.6,64550.0,8452.0,8.4522,545392.98785,1
1785035700000,64550.0,64550.0,64508.4,64508.4,5085.0,5.0851,328105.13775,1
1785036000000,64512.1,64533.9,64512.1,64525.7,1586.0,1.586,102338.4439,1
1785036300000,64524.0,64524.0,64504.5,64523.9,1024.0,1.0249,66121.99896,1
1785036600000,64523.9,64539.0,64515.7,64535.1,257.0,0.2576,16620.27421,1
1785036900000,64535.1,64549.7,64535.1,64549.7,2714.0,2.7147,175212.52743,1
1785037200000,64549.7,64549.7,64518.4,64518.6,1690.0,1.6902,109075.10231,1
1785037500000,64518.6,64526.1,64514.0,64514.0,5348.0,5.348,345039.39804,1
1785037800000,64514.0,64514.1,64511.1,64514.0,601.0,0.6015,38804.03126,1
1785038100000,64514.0,64515.8,64500.0,64515.8,2063.0,2.0631,133093.6329,1
1785038400000,64512.8,64519.9,64499.0,64503.3,1983.0,1.983,127910.27175,1
1785038700000,64503.3,64517.1,64476.8,64478.5,4008.0,4.0082,258493.88524,1
1785039000000,64478.5,64489.0,64473.8,64476.4,802.0,0.8028,51763.39534,1
1785039300000,64476.4,64476.4,64462.9,64470.9,1001.0,1.0018,64581.4936,1
1785039600000,64470.9,64511.2,64470.9,64511.2,1466.0,1.4668,94596.426,1
1785039900000,64511.2,64525.0,64509.0,64525.0,1363.0,1.3634,87964.75816,1
1785040200000,64525.0,64525.1,64510.0,64510.1,868.0,0.8682,56011.76572,1
1785040500000,64512.2,64523.9,64509.0,64523.9,288.0,0.2881,18588.26788,1
1785040800000,64523.9,64545.0,64523.9,64545.0,881.0,0.8811,56865.03416,1
1785041100000,64549.4,64565.9,64524.1,64533.7,7606.0,7.6063,491030.26634,1
1785041400000,64533.7,64533.7,64515.9,64523.9,920.0,0.9208,59416.69021,1
1785041700000,64523.9,64523.9,64485.1,64506.9,4495.0,4.495,289909.1393,1
1785042000000,64493.1,64493.1,64461.0,64477.4,2170.0,2.1702,139900.75345,1
1785042300000,64477.4,64477.4,64470.1,64474.2,680.0,0.6805,43874.80142,1
1785042600000,64474.2,64490.3,64474.1,64490.2,2023.0,2.0231,130455.15453,1
1785042900000,64490.2,64490.5,64474.6,64479.0,1603.0,1.6032,103376.98798,1
1785043200000,64479.0,64479.0,64471.1,64472.7,1236.0,1.2366,79728.35567,1
1785043500000,64472.7,64472.8,64456.8,64456.8,741.0,0.7415,47804.901,1
1785043800000,64456.8,64456.8,64360.0,64431.0,7287.0,7.2879,469350.79264,1
1785044100000,64431.0,64447.1,64431.0,64447.1,1964.0,1.9644,126579.57293,1
1785044400000,64447.1,64447.1,64432.3,64446.5,5652.0,5.6529,364292.13118,1
1785044700000,64446.5,64446.6,64430.0,64430.0,4682.0,4.6827,301723.17714,1
1785045000000,64430.0,64436.8,64404.4,64404.4,1668.0,1.6686,107490.40499,1
1785045300000,64403.5,64404.4,64385.6,64385.6,707.0,0.7079,45584.9994,1
1785045600000,64390.0,64400.1,64385.8,64390.4,1520.0,1.5203,97894.12009,1
1785045900000,64390.4,64390.4,64350.0,64353.4,3286.0,3.2869,211561.99197,1
1785046200000,64353.5,64353.5,64320.0,64323.6,1743.0,1.7436,112180.90623,1
1785046500000,64321.4,64324.0,64319.0,64319.0,1186.0,1.1865,76320.21969,1
1785046800000,64316.7,64316.7,64259.6,64264.9,8052.0,8.0524,517630.06578,1
1785047100000,64264.9,64278.0,64264.9,64271.5,1887.0,1.8874,121306.76081,1
1785047400000,64270.1,64304.7,64265.5,64304.7,962.0,0.9626,61878.08595,1
1785047700000,64304.7,64350.9,64304.7,64350.9,4185.0,4.1856,269305.01294,1
1785048000000,64347.1,64350.0,64336.0,64349.1,1283.0,1.2839,82609.31997,1
1785048300000,64343.5,64378.9,64343.5,64374.5,1417.0,1.417,91215.96186,1
1785048600000,64374.9,64397.9,64374.9,64396.6,1067.0,1.0676,68743.74985,1
1785048900000,64397.0,64428.4,64397.0,64408.9,2384.0,2.3846,153625.9209,1
1785049200000,64408.9,64438.9,64408.9,64408.9,1146.0,1.1461,73840.15592,1
1785049500000,64408.9,64408.9,64389.7,64389.7,12504.0,12.5045,805220.24441,1
1785049800000,64390.1,64392.6,64369.9,64392.6,3039.0,3.0398,195699.39666,1
1785050100000,64392.6,64408.1,64368.3,64368.3,1930.0,1.9309,124341.26355,1
1785050400000,64368.3,64368.3,64328.9,64336.1,947.0,0.9472,60945.37301,1
1785050700000,64336.1,64340.7,64334.6,64340.5,845.0,0.8458,54418.78024,1
1785051000000,64340.6,64340.6,64321.4,64336.7,3021.0,3.0211,194358.24544,1
1785051300000,64336.7,64336.7,64318.1,64320.0,420.0,0.4204,27040.58436,1
1785051600000,64314.6,64350.0,64314.3,64320.4,2293.0,2.2933,147506.74094,1
1785051900000,64320.8,64350.0,64320.8,64350.0,861.0,0.8615,55425.15885,1
1785052200000,64350.0,64350.0,64333.5,64339.3,798.0,0.7984,51369.57003,1
1785052500000,64339.3,64341.3,64330.0,64341.3,1245.0,1.2451,80100.90456,1
1785052800000,64344.0,64349.3,64320.2,64324.8,610.0,0.6102,39255.73451,1
1785053100000,64324.8,64350.0,64324.8,64350.0,7594.0,7.5942,488594.62646,1
1785053400000,64350.0,64365.3,64350.0,64365.3,958.0,0.9581,61666.67987,1
1785053700000,64365.3,64387.9,64365.3,64375.1,1743.0,1.7439,112262.61056,1
1785054000000,64375.1,64375.2,64361.2,64361.2,596.0,0.5967,38410.8483,1
1785054300000,64361.1,64371.2,64349.9,64371.2,676.0,0.6762,43521.21258,1
1785054600000,64371.2,64371.2,64367.1,64371.2,1806.0,1.806,116247.11411,1
1785054900000,64371.2,64374.8,64371.2,64374.6,4049.0,4.0499,260711.34548,1
1785055200000,64374.6,64416.6,64374.6,64416.6,2823.0,2.8238,181855.80663,1
1785055500000,64417.4,64447.3,64417.4,64437.1,11497.0,11.4972,740690.37496,1
1785055800000,64437.1,64466.7,64437.1,64466.7,4389.0,4.3893,282898.71404,1
1785056100000,64465.3,64465.3,64450.1,64450.1,1265.0,1.2659,81597.00679,1
1785056400000,64450.1,64484.4,64450.1,64484.4,2125.0,2.125,137003.46656,1
1785056700000,64485.8,64485.9,64450.0,64469.9,1962.0,1.9623,126507.32237,1
1785057000000,64470.0,64476.6,64468.0,64468.1,812.0,0.8122,52363.94519,1
1785057300000,64468.1,64521.6,64466.1,64510.2,1088.0,1.0889,70237.17608,1
1785057600000,64510.2,64523.9,64510.1,64516.4,1814.0,1.8147,117075.63568,1
1785057900000,64516.4,64516.5,64502.5,64507.9,1183.0,1.183,76318.52373,1
1785058200000,64507.9,64507.9,64477.0,64493.4,1356.0,1.3561,87460.05446,1
1785058500000,64493.4,64510.1,64491.1,64510.1,1356.0,1.3565,87497.00941,1
1785058800000,64510.1,64521.0,64510.1,64519.2,593.0,0.5936,38298.39415,1
1785059100000,64519.2,64525.2,64519.1,64524.0,3583.0,3.5832,231188.70064,1
1785059400000,64524.0,64524.0,64509.1,64509.4,5129.0,5.1297,330968.47496,1
1785059700000,64509.4,64510.8,64507.0,64510.0,13901.0,13.9016,896793.76243,1
1785060000000,64510.8,64512.3,64488.1,64488.1,6364.0,6.3642,410447.04963,1
1785060300000,64488.1,64491.2,64488.1,64488.6,6251.0,6.2517,403163.7604,1
1785060600000,64488.6,64488.6,64479.0,64485.4,142.0,0.142,9156.4652,1
1785060900000,64483.2,64483.2,64472.6,64474.4,1579.0,1.5794,101831.06987,1
1785061200000,64474.5,64518.7,64474.4,64508.3,6820.0,6.8208,439984.95429,1
1785061500000,64503.2,64503.2,64493.7,64493.7,1481.0,1.481,95523.72626,1
1785061800000,64493.7,64502.8,64493.7,64502.7,2619.0,2.619,168931.71948,1
1785062100000,64502.8,64523.4,64502.8,64521.1,4600.0,4.6008,296842.06906,1
1785062400000,64521.2,64528.9,64521.1,64528.8,2991.0,2.9911,193011.9656,1
1785062700000,64528.8,64556.0,64500.1,64500.1,2933.0,2.9338,189361.10714,1
1785063000000,64500.1,64500.1,64487.5,64489.8,791.0,0.7916,51051.81395,1
1785063300000,64489.8,64491.0,64483.9,64490.9,2255.0,2.2558,145474.25469,1
1785063600000,64486.4,64500.0,64481.8,64499.9,2024.0,2.0248,130596.91949,1
1785063900000,64499.9,64505.0,64485.8,64485.8,2703.0,2.7031,174348.02201,1
1785064200000,64485.8,64485.8,64476.8,64481.9,564.0,0.5646,36406.74705,1
1785064500000,64481.9,64499.7,64481.8,64499.6,577.0,0.5778,37264.36868,1
1785064800000,64499.6,64499.6,64485.0,64485.1,645.0,0.6451,41600.9792,1
1785065100000,64485.1,64485.1,64477.0,64477.0,1591.0,1.5911,102598.62583,1
1785065400000,64477.0,64477.0,64472.4,64472.5,2373.0,2.3731,152999.82541,1
1785065700000,64472.5,64472.5,64470.0,64470.0,2813.0,2.8134,181385.09861,1
1785066000000,64470.0,64470.1,64470.0,64470.0,586.0,0.5863,37798.78718,1
1785066300000,64470.0,64488.8,64470.0,64486.9,1591.0,1.5918,102644.25308,1
1785066600000,64486.9,64487.0,64483.2,64483.2,310.0,0.3104,20016.61983,1
1785066900000,64483.3,64483.3,64475.3,64481.5,2075.0,2.0754,133814.32472,1
1785067200000,64483.5,64535.8,64483.5,64535.8,5381.0,5.3816,347049.25273,1
1785067500000,64535.8,64638.0,64535.7,64565.1,25133.0,25.1334,1623788.60943,1
1785067800000,64565.1,64588.0,64551.7,64577.4,4704.0,4.7043,303759.13044,1
1785068100000,64580.0,64594.2,64515.2,64515.2,7859.0,7.8594,507440.12792,1
1785068400000,64515.2,64547.7,64485.9,64547.7,2512.0,2.5125,162082.65735,1
1785068700000,64547.7,64555.2,64545.0,64554.1,2859.0,2.8593,184557.93456,1
1785069000000,64554.1,64554.1,64512.4,64523.2,77751.0,77.7514,5016614.10441,1
1785069300000,64523.2,64533.7,64504.4,64504.4,3205.0,3.2051,206810.24656,1
1785069600000,64500.0,64500.1,64470.0,64470.0,1709.0,1.7098,110244.54957,1
1785069900000,64470.1,64470.1,64414.1,64429.4,8201.0,8.2019,528562.84671,1
1785070200000,64427.2,64448.4,64414.2,64448.3,6447.0,6.4475,415455.31586,1
1785070500000,64448.3,64450.0,64434.3,64434.3,874.0,0.874,56324.66862,1
1785070800000,64434.2,64439.6,64396.5,64396.5,9278.0,9.2789,597600.41624,1
1785071100000,64396.5,64409.2,64391.2,64391.3,6137.0,6.1374,395217.81321,1
1785071400000,64391.3,64403.2,64379.7,64391.9,4088.0,4.0885,263290.27171,1
1785071700000,64392.0,64443.9,64392.0,64443.9,1631.0,1.6313,105105.41349,1
1785072000000,64444.0,64488.9,64444.0,64473.3,4736.0,4.7362,305351.9569,1
1785072300000,64470.0,64470.0,64430.0,64439.9,20803.0,20.8039,1340466.0239,1
1785072600000,64439.9,64461.5,64430.3,64442.1,7314.0,7.3149,471397.23335,1
1785072900000,64442.1,64469.5,64442.1,64456.8,513.0,0.5139,33124.24543,1
1785073200000,64456.9,64524.7,64456.9,64524.7,7314.0,7.3145,471746.01612,1
1785073500000,64524.7,64546.3,64512.2,64512.3,3294.0,3.2949,212622.94516,1
1785073800000,64512.3,64512.3,64492.6,64492.6,1012.0,1.0127,65316.80565,1
1785074100000,64492.6,64492.6,64486.5,64491.9,2794.0,2.7948,180234.23852,1
1785074400000,64495.7,64588.0,64495.7,64588.0,24049.0,24.0496,1551970.11607,1
1785074700000,64588.0,64741.3,64576.2,64654.1,66468.0,66.4684,4299082.07118,1
1785075000000,64653.3,64685.7,64620.2,64678.6,22526.0,22.5267,1456376.073,1
1785075300000,64671.0,64671.0,64626.9,64630.5,16983.0,16.983,1097922.95238,1
1785075600000,64631.3,64631.3,64618.6,64622.8,13406.0,13.4068,866463.05022,1
1785075900000,64622.8,64631.4,64594.3,64605.1,5532.0,5.5323,357445.8346,1
1785076200000,64605.1,64667.7,64588.3,64625.7,4211.0,4.2113,272223.53179,1
1785076500000,64625.8,64653.9,64616.2,64629.5,4855.0,4.8558,313826.41267,1
1785076800000,64629.5,64699.7,64625.5,64658.4,5076.0,5.0762,328219.93484,1
1785077100000,64660.2,64729.7,64660.2,64665.2,21274.0,21.2749,1376695.21906,1
1785077400000,64665.0,64672.7,64660.2,64672.6,16498.0,16.4982,1066833.40776,1
1785077700000,64672.7,64688.5,64653.4,64687.2,5226.0,5.226,337955.50087,1
1785078000000,64691.7,64732.8,64667.4,64689.0,6520.0,6.5206,421809.14382,1
1785078300000,64684.5,64729.3,64650.0,64651.9,3484.0,3.4848,225418.36547,1
1785078600000,64661.6,64661.6,64640.0,64640.0,4752.0,4.7522,307229.48362,1
1785078900000,64640.1,64757.0,64640.1,64721.6,28994.0,28.9944,1876236.14525,1
1785079200000,64721.7,64750.4,64721.7,64728.4,12031.0,12.0317,778857.25823,1
1785079500000,64728.4,64728.4,64716.8,64727.9,10319.0,10.3191,667912.43099,1
1785079800000,64727.9,64730.4,64700.0,64702.2,12384.0,12.3846,801412.76669,1
1785080100000,64702.2,64803.4,64702.2,64772.3,42345.0,42.3456,2743358.38819,1
1785080400000,64772.3,64783.3,64759.2,64775.0,4030.0,4.0306,261068.4406,1
1785080700000,64774.9,64774.9,64730.9,64735.1,12435.0,12.4358,805251.74216,1
1785081000000,64735.2,64757.2,64702.8,64732.0,182568.0,182.5685,11816171.88712,1
1785081300000,64734.2,64753.6,64730.0,64733.5,4123.0,4.1232,266929.68883,1
1785081600000,64742.8,64767.4,64703.1,64703.1,6512.0,6.5126,421625.70685,1
1785081900000,64704.9,64704.9,64670.2,64670.3,9727.0,9.7275,629229.31174,1
1785082200000,64670.2,64703.1,64670.2,64687.7,2430.0,2.4306,157224.12551,1
1785082500000,64687.8,64759.2,64687.8,64713.2,15551.0,15.551,1006826.4801,1
1785082800000,64715.9,64749.5,64715.8,64724.0,1125.0,1.1257,72867.20561,1
1785083100000,64724.0,64787.1,64723.9,64773.1,5476.0,5.4761,354607.34753,1
1785083400000,64770.8,64898.9,64770.2,64827.0,74106.0,74.1065,4807004.38507,1
1785083700000,64827.0,64853.9,64784.6,64789.4,16948.0,16.9482,1098446.90725,1
1785084000000,64784.8,64814.0,64769.8,64788.0,14665.0,14.665,950273.94948,1
1785084300000,64788.0,64803.0,64776.3,64782.6,12060.0,12.0607,781390.16655,1
1785084600000,64782.6,64782.6,64718.2,64718.2,6359.0,6.3598,411810.32674,1
1785084900000,64718.2,64732.6,64706.2,64706.2,2176.0,2.1769,140881.50595,1
1785085200000,64700.1,64700.1,64640.2,64675.4,28440.0,28.4406,1839040.57582,1
1785085500000,64671.5,64726.3,64646.1,64670.0,24379.0,24.3797,1577103.48101,1
1785085800000,64670.0,64745.7,64666.0,64744.0,22663.0,22.6634,1467194.9803,1
1785086100000,64744.0,64768.7,64718.4,64718.4,5752.0,5.7522,372511.97848,1
1785086400000,64718.4,64719.7,64685.2,64697.9,16569.0,16.5698,1072127.6706,1
1785086700000,64692.8,64704.2,64682.7,64685.8,13155.0,13.1554,850991.95267,1
1785087000000,64685.9,64729.0,64685.8,64718.2,15386.0,15.3869,995820.12686,1
1785087300000,64718.2,64718.3,64647.7,64647.7,6068.0,6.0687,392434.92664,1
1785087600000,64646.0,64656.0,64641.0,64656.0,4348.0,4.3483,281104.31018,1
1785087900000,64659.5,64666.0,64652.4,64658.3,3115.0,3.1151,201425.39811,1
1785088200000,64661.0,64682.9,64660.9,64676.2,4094.0,4.0945,264796.83472,1
1785088500000,64673.3,64673.3,64643.0,64663.3,7631.0,7.6312,493420.13157,1
1785088800000,64665.6,64665.6,64644.2,64659.8,11495.0,11.4957,743186.8657,1
1785089100000,64658.7,64669.0,64651.3,64665.4,33618.0,33.6188,2173637.7222,1
1785089400000,64665.4,64669.0,64654.2,64654.2,9526.0,9.5268,616079.00201,1
1785089700000,64654.3,64654.3,64638.0,64643.8,8349.0,8.3497,539784.23494,1
1785090000000,64643.7,64669.0,64643.7,64662.7,3157.0,3.1579,204205.1451,1
1785090300000,64662.7,64663.3,64644.6,64659.9,969.0,0.9699,62715.12309,1
1785090600000,64660.0,64670.7,64660.0,64670.7,3254.0,3.2547,210477.33618,1
1785090900000,64670.7,64686.0,64649.3,64686.0,3022.0,3.0223,195459.31616,1
1785091200000,64685.9,64686.0,64673.6,64676.4,1436.0,1.4365,92910.73328,1
1785091500000,64676.5,64692.1,64676.5,64692.0,2513.0,2.5136,162591.88855,1
1785091800000,64692.0,64740.9,64689.0,64713.9,23884.0,23.8846,1545278.15882,1
1785092100000,64713.9,64716.2,64702.7,64706.9,3927.0,3.9271,254110.37603,1
1785092400000,64706.9,64716.2,64689.0,64699.4,3466.0,3.4662,224280.24079,1
1785092700000,64699.4,64699.4,64664.1,64664.1,2023.0,2.0238,130906.66266,1
1785093000000,64664.1,64664.1,64638.8,64646.8,4380.0,4.3806,283196.99275,1
1785093300000,64646.9,64666.2,64646.8,64666.2,3703.0,3.7036,239439.05541,1
1785093600000,64666.2,64697.2,64666.2,64677.3,1942.0,1.9425,125632.46054,1
1785093900000,64677.3,64692.6,64668.0,64692.6,3184.0,3.1847,205974.75751,1
1785094200000,64692.7,64729.4,64692.7,64708.0,5109.0,5.1094,330615.34388,1
1785094500000,64706.8,64706.9,64688.2,64688.2,6893.0,6.893,445966.51182,1
1785094800000,64688.2,64697.6,64688.2,64696.2,1274.0,1.2748,82475.31809,1
1785095100000,64696.3,64696.3,64675.0,64675.0,1479.0,1.4797,95712.17903,1
1785095400000,64672.4,64672.4,64663.9,64668.7,1653.0,1.6539,106955.45731,1
1785095700000,64668.7,64669.5,64665.1,64668.8,1705.0,1.7051,110264.62587,1
1785096000000,64668.8,64675.1,64655.9,64656.4,13229.0,13.2293,855442.87969,1
1785096300000,64656.4,64676.0,64656.4,64675.6,2440.0,2.4409,157857.53246,1
1785096600000,64675.6,64676.0,64657.3,64669.2,4767.0,4.7679,308285.90925,1
1785096900000,64669.1,64669.2,64615.3,64615.6,9176.0,9.1768,593083.8704,1
1785097200000,64615.6,64629.6,64610.3,64623.7,4314.0,4.3147,278818.31658,1
1785097500000,64623.7,64627.9,64609.3,64623.8,46349.0,46.3497,2995339.00333,1
1785097800000,64623.8,64646.4,64621.9,64623.1,54998.0,54.9989,3554284.04035,1
1785098100000,64623.1,64631.8,64623.1,64631.8,2086.0,2.0864,134831.75305,1
1785098400000,64632.8,64646.4,64632.8,64636.0,2343.0,2.3433,151466.40963,1
1785098700000,64637.3,64637.3,64630.5,64630.5,3002.0,3.0021,194033.14146,1
1785099000000,64630.5,64630.5,64616.2,64621.3,1950.0,1.95,126004.52188,1
1785099300000,64621.2,64621.3,64621.2,64621.2,877.0,0.8773,56692.23924,1
1785099600000,64625.6,64660.7,64625.6,64651.4,1140.0,1.1409,73754.07093,1
1785099900000,64650.8,64650.8,64621.2,64634.3,5545.0,5.5456,358399.9843,1
1785100200000,64637.5,64686.4,64637.4,64665.8,21948.0,21.9483,1418728.0082,1
1785100500000,64665.7,64711.6,64665.7,64711.6,9072.0,9.0723,586929.08142,1
1785100800000,64711.6,64750.0,64711.6,64750.0,10738.0,10.7389,695235.64525,1
1785101100000,64750.0,64833.0,64750.0,64788.8,13005.0,13.0054,842888.43814,1
1785101400000,64788.8,64820.5,64773.3,64812.2,5968.0,5.9684,386702.1044,1
1785101700000,64801.7,64809.5,64770.3,64770.3,5492.0,5.492,355774.93202,1
1785102000000,64776.1,64821.1,64762.2,64762.2,4126.0,4.1264,267346.67234,1
1785102300000,64769.9,64892.0,64769.9,64850.0,8025.0,8.0257,520484.31494,1
1785102600000,64850.0,64850.2,64807.4,64843.2,6726.0,6.7268,436119.65653,1
1785102900000,64843.2,64864.6,64817.0,64817.0,18896.0,18.8967,1225340.41621,1
1785103200000,64839.6,65200.0,64839.6,65139.9,234676.0,234.676,15269473.01003,1
1785103500000,65142.5,65194.9,65120.0,65161.8,45747.0,45.7477,2979953.62708,1
1785103800000,65161.7,65223.0,65142.5,65181.8,16760.0,16.7607,1092678.71096,1
1785104100000,65187.2,65210.0,65141.6,65164.7,21609.0,21.6099,1408441.55674,1
1785104400000,65166.2,65217.0,65166.1,65181.9,10667.0,10.667,695473.78345,1
1785104700000,65181.2,65230.0,65137.8,65188.9,21005.0,21.0057,1369037.91433,1
1785105000000,65180.9,65390.0,65180.9,65370.1,159543.0,159.5436,10423570.11205,1
1785105300000,65368.4,65456.8,65368.4,65391.5,74412.0,74.4128,4868915.56559,1
1785105600000,65395.6,65480.0,65395.6,65433.7,38235.0,38.2359,2502417.90693,1
1785105900000,65433.7,65464.6,65373.3,65443.6,66331.0,66.3313,4337306.77844,1
1785106200000,65442.6,65467.5,65381.8,65394.3,28802.0,28.8027,1883650.78633,1
1785106500000,65394.3,65396.7,65352.0,65384.6,54040.0,54.0405,3532777.43385,1
1785106800000,65391.8,65451.1,65356.7,65394.0,15286.0,15.2861,999708.42841,1
1785107100000,65395.9,65550.7,65395.9,65508.7,39452.0,39.4528,2583793.51422,1
1785107400000,65510.5,65510.5,65384.4,65387.4,72677.0,72.6771,4759435.55468,1
1785107700000,65383.9,65464.5,65336.7,65336.8,55006.0,55.0068,3599148.89763,1
1785108000000,65333.6,65347.0,65310.1,65315.5,50635.0,50.6358,3308082.21212,1
1785108300000,65325.9,65347.0,65285.8,65305.9,62245.0,62.2453,4065367.34635,1
1785108600000,65300.1,65346.6,65260.9,65346.4,10148.0,10.1481,662498.73521,1
1785108900000,65346.4,65364.9,65301.6,65308.3,2654.0,2.6547,173474.01276,1
1785109200000,65308.3,65373.0,65308.2,65372.6,35992.0,35.9923,2352622.09783,1
1785109500000,65373.0,65434.8,65352.9,65368.3,61973.0,61.9731,4051475.5008,1
1785109800000,65371.3,65429.0,65371.3,65390.5,18280.0,18.2806,1195390.73872,1
1785110100000,65390.5,65390.5,65318.1,65371.0,16350.0,16.3501,1068287.62619,1
1785110400000,65371.0,65397.6,65256.0,65256.1,21651.0,21.6516,1413635.83337,1
1785110700000,65257.6,65263.0,65171.0,65188.4,25067.0,25.067,1634165.6136,1
1785111000000,65185.4,65215.1,65161.2,65197.1,87048.0,87.0489,5675598.86077,1
1785111300000,65197.1,65197.1,65070.0,65111.7,18214.0,18.2142,1186124.69807,1
1785111600000,65103.1,65154.1,65090.4,65125.1,17876.0,17.8766,1164157.8126,1
1785111900000,65129.5,65228.2,65126.0,65163.0,21612.0,21.6121,1408864.61239,1
1785112200000,65166.9,65193.1,65127.6,65164.6,5605.0,5.6052,365291.5556,1
1785112500000,65164.6,65164.6,65084.4,65102.7,26362.0,26.3629,1716908.46837,1
1785112800000,65102.7,65136.8,65088.0,65107.7,29548.0,29.548,1924001.07545,1
1785113100000,65145.2,65162.6,65102.2,65138.2,5619.0,5.6195,366144.37812,1
1785113400000,65138.0,65161.6,65070.0,65087.9,5973.0,5.9731,389097.56678,1
1785113700000,65092.3,65100.0,65039.6,65100.0,18934.0,18.9348,1232239.29599,1
1785114000000,65100.0,65164.7,65089.5,65153.6,33699.0,33.6991,2195738.22371,1
1785114300000,65150.5,65178.9,65125.4,65162.3,27846.0,27.8461,1814555.15232,1
1785114600000,65161.1,65161.1,65015.5,65016.4,2413.0,2.4135,157057.98767,1
1785114900000,65017.6,65056.8,64961.2,65056.7,24843.0,24.8435,1615036.57094,1
1785115200000,65052.0,65052.4,65007.0,65038.5,11660.0,11.6601,758356.49705,1
1785115500000,65043.8,65043.8,64985.2,64989.7,12158.0,12.1588,790436.34677,1
1785115800000,64993.3,65055.1,64967.9,65014.1,3355.0,3.3556,218188.52866,1
1785116100000,65010.0,65064.5,64872.0,65060.1,15519.0,15.5194,1007895.19429,1
1785116400000,65060.1,65092.4,65050.0,65068.6,1772.0,1.7728,115356.80106,1
1785116700000,65066.5,65149.5,65065.3,65144.0,12161.0,12.1611,792048.25325,1
1785117000000,65154.1,65173.5,65120.1,65131.6,94050.0,94.0502,6127574.73188,1
1785117300000,65132.6,65193.3,65132.6,65179.9,54673.0,54.6733,3563924.82082,1
1785117600000,65179.9,65194.9,65141.3,65141.3,48933.0,48.9332,3189713.81168,1
1785117900000,65141.3,65186.0,65135.9,65186.0,10129.0,10.1297,659943.62273,1
1785118200000,65186.0,65189.4,65151.6,65171.8,5977.0,5.9777,389571.52141,1
1785118500000,65171.8,65194.7,65131.8,65194.7,3760.0,3.7609,245013.40539,1
1785118800000,65194.8,65219.7,65139.0,65152.8,4362.0,4.3629,284360.72272,1
1785119100000,65151.2,65218.3,65151.1,65167.6,19670.0,19.67,1281763.07537,1
1785119400000,65155.0,65155.0,65088.0,65110.0,3552.0,3.5524,231304.50805,1
1785119700000,65113.0,65235.0,65106.2,65228.3,22803.0,22.803,1486964.12418,1
1785120000000,65228.3,65254.3,65207.5,65213.1,7845.0,7.845,511788.90766,1
1785120300000,65222.2,65237.3,65191.9,65191.9,2272.0,2.2725,148235.23257,1
1785120600000,65191.9,65191.9,65099.0,65142.2,4678.0,4.6781,304694.74969,1
1785120900000,65142.2,65168.6,65140.7,65145.6,1443.0,1.4433,94030.3219,1
1785121200000,65145.6,65256.0,65143.7,65147.7,11240.0,11.24,732854.98205,1
1785121500000,65151.0,65226.4,65151.0,65179.2,1356.0,1.3565,88442.97793,1
1785121800000,65173.1,65256.0,65155.3,65256.0,1049.0,1.0496,68451.03005,1
1785122100000,65255.9,65275.0,65243.2,65257.9,6216.0,6.2169,405740.62443,1
1785122400000,65254.4,65305.4,65234.4,65285.0,4657.0,4.6574,304067.35014,1
1785122700000,65282.3,65308.3,65282.3,65290.7,3292.0,3.2922,214981.95781,1
1785123000000,65288.6,65288.6,65236.9,65254.1,1445.0,1.4457,94335.16441,1
1785123300000,65254.1,65293.3,65254.1,65267.1,2104.0,2.1046,137375.89056,1
1785123600000,65267.6,65330.9,65267.0,65330.9,11642.0,11.6421,760423.78928,1
1785123900000,65330.8,65343.9,65288.8,65288.9,2828.0,2.8281,184735.57982,1
1785124200000,65290.0,65293.2,65271.8,65277.5,2206.0,2.2065,144034.80606,1
1785124500000,65280.7,65280.8,65229.8,65261.5,47078.0,47.0782,3071553.46636,1
1785124800000,65261.5,65316.0,65250.0,65314.2,1412.0,1.412,92159.50583,1
1785125100000,65314.2,65347.0,65253.7,65253.7,2831.0,2.8319,184971.87784,1
1785125400000,65253.7,65289.9,65230.5,65289.9,4406.0,4.4066,287521.81134,1
1785125700000,65289.9,65375.0,65288.4,65352.5,5582.0,5.5825,364811.1992,1
1785126000000,65360.0,65472.5,65360.0,65360.5,12026.0,12.0266,786796.26428,1
1785126300000,65371.4,65371.4,65265.0,65294.5,11368.0,11.3686,742213.51014,1
1785126600000,65290.7,65290.7,65216.0,65274.4,18673.0,18.6735,1218441.42757,1
1785126900000,65274.4,65364.9,65274.4,65332.0,3196.0,3.1966,208836.81466,1
1785127200000,65324.0,65402.3,65324.0,65354.0,2693.0,2.6934,176045.63887,1
1785127500000,65354.0,65354.0,65306.1,65331.2,2421.0,2.4213,158175.41174,1
1785127800000,65327.5,65327.5,65287.7,65298.4,2241.0,2.2416,146395.61045,1
1785128100000,65294.1,65294.1,65252.7,65252.8,4392.0,4.3925,286722.40697,1
1785128400000,65257.2,65291.7,65250.6,65254.7,29506.0,29.5061,1925620.03836,1
1785128700000,65254.7,65298.7,65254.6,65292.8,978.0,0.9782,63853.78175,1
1785129000000,65298.7,65364.8,65297.2,65341.8,25795.0,25.795,1684663.79544,1
1785129300000,65333.0,65363.2,65313.7,65346.3,1185.0,1.1859,77486.85565,1
1785129600000,65352.3,65400.0,65352.3,65382.2,3155.0,3.1556,206333.2015,1
1785129900000,65382.2,65382.2,65361.1,65378.1,9639.0,9.6393,630138.9339,1
1785130200000,65382.0,65400.0,65361.7,65368.5,7291.0,7.2918,476684.83212,1
1785130500000,65375.8,65375.9,65347.5,65373.6,48221.0,48.2216,3151815.33941,1
1785130800000,65360.0,65375.7,65333.6,65360.4,2224.0,2.2242,145381.21871,1
1785131100000,65360.4,65360.5,65321.2,65334.1,1591.0,1.5916,103979.1755,1
1785131400000,65342.6,65369.9,65323.4,65364.4,7482.0,7.4826,488988.52386,1
1785131700000,65364.4,65461.1,65363.2,65440.9,36403.0,36.4033,2381065.55298,1
1785132000000,65440.0,65517.2,65423.6,65508.3,20637.0,20.6371,1351301.20343,1
1785132300000,65506.2,65710.7,65466.0,65528.6,62297.0,62.2979,4086976.00318,1
1785132600000,65540.0,65626.5,65539.9,65570.8,17604.0,17.6046,1154380.92055,1
1785132900000,65568.2,65608.0,65531.5,65548.0,47274.0,47.2743,3098438.99134,1
1785133200000,65542.6,65546.2,65483.0,65508.6,14358.0,14.3586,940682.03805,1
1785133500000,65507.2,65507.2,65432.7,65458.7,20767.0,20.7678,1359254.89267,1
1785133800000,65458.7,65524.9,65440.7,65515.8,7016.0,7.0163,459471.72158,1
1785134100000,65523.9,65540.4,65480.1,65484.3,2515.0,2.5156,164789.80651,1
1785134400000,65484.7,65516.4,65466.5,65502.2,7705.0,7.7058,504632.28752,1
1785134700000,65502.1,65508.2,65412.1,65425.3,6831.0,6.8317,447203.16543,1
1785135000000,65421.6,65422.3,65388.0,65397.2,12980.0,12.9801,848992.73609,1
1785135300000,65393.7,65421.0,65388.0,65388.0,5814.0,5.8143,380274.10896,1
1785135600000,65387.2,65407.2,65349.6,65399.8,3647.0,3.6475,238466.20907,1
1785135900000,65395.5,65418.3,65328.5,65388.0,6790.0,6.7905,443952.32209,1
1785136200000,65394.8,65404.7,65360.5,65394.6,2292.0,2.2921,149884.80431,1
1785136500000,65399.9,65409.4,65370.2,65405.0,7026.0,7.0267,459506.55989,1
1785136800000,65407.0,65420.0,65399.1,65419.9,3158.0,3.1583,206574.70019,1
1785137100000,65419.9,65420.3,65380.8,65380.8,1666.0,1.6665,108990.78448,1
1785137400000,65379.6,65379.6,65263.3,65299.9,8169.0,8.1699,533464.33802,1
1785137700000,65300.0,65325.3,65217.8,65217.8,8388.0,8.3888,547351.28038,1
1785138000000,65216.0,65262.9,65196.4,65262.8,22614.0,22.6148,1474894.61635,1
1785138300000,65262.8,65302.9,65262.8,65271.5,7556.0,7.5567,493260.16972,1
1785138600000,65271.5,65284.1,65250.0,65283.3,1001.0,1.0019,65389.1609,1
1785138900000,65294.3,65296.1,65200.0,65200.1,4479.0,4.4799,292264.06585,1
1785139200000,65208.7,65227.6,65155.6,65196.1,7177.0,7.1773,467919.89432,1
1785139500000,65183.0,65222.1,65168.8,65168.8,11092.0,11.092,723189.85618,1
1785139800000,65159.7,65182.0,65140.0,65166.7,8435.0,8.4353,549567.4082,1
1785140100000,65172.4,65234.0,65109.3,65215.2,9321.0,9.3214,607503.66943,1
1785140400000,65215.2,65215.2,65166.7,65190.1,6561.0,6.5612,427752.27754,1
1785140700000,65191.1,65228.8,65182.1,65209.1,4514.0,4.514,294389.66116,1
1785141000000,65209.1,65211.1,65131.9,65151.4,2572.0,2.5727,167630.2844,1
1785141300000,65142.7,65179.1,65132.2,65137.5,407.0,0.4075,26549.30896,1
1785141600000,65137.5,65160.1,65132.2,65132.2,2467.0,2.4673,160723.9315,1
1785141900000,65132.2,65185.2,65132.2,65176.0,4919.0,4.9196,320631.02407,1
1785142200000,65176.0,65177.8,65096.1,65146.3,76932.0,76.9324,5013976.79567,1
1785142500000,65149.1,65162.1,65140.3,65140.3,3112.0,3.1121,202743.69784,1
1785142800000,65140.3,65140.3,65070.2,65107.7,16685.0,16.685,1086238.40719,1
1785143100000,65107.7,65111.0,65071.5,65086.7,3955.0,3.9558,257540.60859,1
1785143400000,65088.1,65129.5,65088.1,65092.1,4407.0,4.4079,287030.11214,1
1785143700000,65092.1,65117.4,65092.1,65108.6,1657.0,1.6579,107927.54793,1
1785144000000,65117.3,65189.0,65117.2,65189.0,4352.0,4.3524,283631.06415,1
1785144300000,65189.0,65206.0,65188.9,65198.3,3648.0,3.6487,237894.21541,1
1785144600000,65197.1,65243.3,65183.1,65233.6,4767.0,4.7673,310946.30176,1
1785144900000,65244.2,65303.0,65243.3,65297.5,5462.0,5.4626,356628.83553,1
1785145200000,65299.6,65303.0,65268.0,65275.9,5237.0,5.237,341875.76617,1
1785145500000,65275.9,65279.0,65250.5,65279.0,1964.0,1.9646,128207.11934,1
1785145800000,65279.0,65300.6,65243.2,65243.3,90210.0,90.2101,5888512.01977,1
1785146100000,65243.3,65250.0,65238.2,65238.2,1350.0,1.3508,88136.53754,1
1785146400000,65231.0,65249.0,65225.2,65225.6,1835.0,1.8352,119703.2844,1
1785146700000,65225.2,65253.0,65204.9,65238.0,26970.0,26.9709,1759235.46589,1
1785147000000,65234.1,65234.1,65202.0,65219.0,2383.0,2.3838,155460.09755,1
1785147300000,65218.9,65255.0,65218.9,65250.3,87561.0,87.5619,5711259.36694,1
1785147600000,65252.8,65364.9,65252.8,65358.4,15421.0,15.4216,1007313.14386,1
1785147900000,65358.4,65358.4,65321.7,65325.7,1026.0,1.0267,67071.80581,1
1785148200000,65334.2,65352.8,65315.0,65315.0,4052.0,4.0522,264733.77478,1
1785148500000,65315.1,65372.7,65315.1,65372.4,1844.0,1.8445,120503.52991,1
1785148800000,65367.8,65390.0,65355.1,65381.3,4560.0,4.5604,298176.53771,1
1785149100000,65381.2,65400.0,65333.1,65333.1,2812.0,2.8123,183802.76038,1
1785149400000,65333.1,65339.5,65313.0,65331.7,39257.0,39.2576,2564437.69257,1
1785149700000,65331.7,65331.7,65300.0,65314.8,5132.0,5.132,335167.70923,1
1785150000000,65311.5,65313.9,65235.8,65259.8,2788.0,2.7887,182053.17442,1
1785150300000,65259.8,65288.0,65250.1,65287.9,2499.0,2.4991,163133.15671,1
1785150600000,65287.1,65287.1,65226.9,65229.8,2761.0,2.7611,180210.76933,1
1785150900000,65229.8,65241.6,65215.5,65222.0,2095.0,2.0956,136689.79534,1
1785151200000,65222.0,65236.5,65161.6,65165.0,5038.0,5.0384,328423.04757,1
1785151500000,65165.0,65184.2,65114.2,65114.2,12905.0,12.905,840749.75125,1
1785151800000,65111.0,65169.9,65107.0,65169.9,4346.0,4.3465,283186.42119,1
1785152100000,65171.8,65184.9,65167.8,65167.8,2353.0,2.3533,153375.97945,1
1785152400000,65167.7,65172.9,65130.0,65130.0,8369.0,8.3692,545212.87883,1
1785152700000,65123.9,65124.3,65100.0,65122.1,8105.0,8.1054,527798.76331,1
1785153000000,65122.1,65122.1,65065.9,65090.4,5704.0,5.7043,371267.16549,1
1785153300000,65090.4,65102.9,65073.1,65073.1,7477.0,7.4773,486670.29791,1
1785153600000,65073.1,65186.8,65073.1,65184.7,14160.0,14.1607,922716.90834,1
1785153900000,65169.7,65234.9,65150.0,65200.1,11512.0,11.5121,750340.98107,1
1785154200000,65200.1,65200.2,65060.7,65063.2,14172.0,14.1722,922982.79198,1
1785154500000,65061.5,65118.1,65044.2,65044.2,6359.0,6.359,413762.60146,1
1785154800000,65042.7,65053.2,64997.7,65029.7,35689.0,35.6899,2321038.04947,1
1785155100000,65029.8,65029.8,64984.6,64985.3,7044.0,7.0445,457883.81497,1
1785155400000,64984.6,64988.7,64821.3,64850.0,77753.0,77.7535,5045963.67762,1
1785155700000,64850.1,64961.6,64850.1,64951.4,13456.0,13.4564,873123.47646,1
1785156000000,64951.3,65031.9,64951.3,65020.1,7694.0,7.6948,500186.61415,1
1785156300000,65023.3,65110.0,65023.3,65050.2,24708.0,24.7088,1608147.64976,1
1785156600000,65050.3,65068.1,64992.5,65051.8,11509.0,11.5092,748535.13176,1
1785156900000,65054.6,65083.1,65042.0,65054.0,7451.0,7.4518,484786.34822,1
1785157200000,65054.0,65098.1,65006.8,65056.6,16810.0,16.8102,1093901.00184,1
1785157500000,65052.3,65063.6,65024.8,65027.1,7241.0,7.2414,470991.04942,1
1785157800000,65039.6,65046.7,64943.4,64944.5,5152.0,5.1522,334876.47936,1
1785158100000,64952.4,65005.0,64931.9,64999.9,9124.0,9.1248,592881.2578,1
1785158400000,64999.8,65027.7,64925.1,64933.6,18761.0,18.7616,1219119.89564,1
1785158700000,64925.1,64949.2,64891.8,64923.9,38906.0,38.9065,2526309.0431,1
1785159000000,64931.8,65119.0,64923.9,65065.0,22095.0,22.0953,1437372.67659,1
1785159300000,65061.9,65489.5,65061.9,65414.5,179369.0,179.3698,11700259.5501,1
1785159600000,65402.8,65666.6,65391.1,65644.2,101541.0,101.5414,6660253.2648,1
1785159900000,65627.3,65688.5,65487.4,65596.6,48997.0,48.9979,3212210.71382,1
1785160200000,65595.3,65623.3,65338.4,65408.2,45385.0,45.3852,2972175.67404,1
1785160500000,65399.1,65428.7,65143.7,65189.4,43559.0,43.5594,2843120.22037,1
1785160800000,65189.3,65350.0,65169.5,65292.8,41289.0,41.2898,2695005.34042,1
1785161100000,65293.3,65391.4,65111.0,65379.2,32770.0,32.7706,2136732.07493,1
1785161400000,65350.3,65350.3,65200.0,65330.9,71112.0,71.1121,4643219.8683,1
1785161700000,65333.5,65359.8,65158.3,65170.1,20159.0,20.1599,1315129.01575,1
1785162000000,65161.1,65164.6,64913.4,65016.7,85647.0,85.6478,5568486.39382,1
1785162300000,65016.8,65050.7,64845.4,64845.4,56417.0,56.4177,3663708.29586,1
1785162600000,64846.0,64851.8,64563.5,64629.8,320242.0,320.2426,20724510.14681,1
1785162900000,64627.5,64723.1,64465.0,64622.0,77527.0,77.5278,5004033.37494,1
1785163200000,64636.1,64652.7,64424.5,64445.1,39843.0,39.8436,2572460.29712,1
1785163500000,64455.0,64616.0,64445.2,64591.0,23695.0,23.695,1530038.73574,1
1785163800000,64590.8,64681.0,64502.9,64554.4,75914.0,75.9142,4905880.01104,1
1785164100000,64554.4,64674.4,64554.4,64661.7,18677.0,18.6772,1207155.20218,1
1785164400000,64659.2,64730.2,64601.7,64692.4,27070.0,27.0703,1750039.74114,1
1785164700000,64687.1,64748.7,64567.6,64572.9,8906.0,8.9064,575681.65017,1
1785165000000,64572.8,64722.8,64556.8,64698.1,10474.0,10.4743,677245.0009,1
1785165300000,64698.8,64707.8,64565.0,64661.3,19792.0,19.7921,1279526.29409,1
1785165600000,64661.3,64735.6,64568.6,64598.6,17749.0,17.7492,1147264.17681,1
1785165900000,64598.5,64630.7,64520.6,64626.7,10918.0,10.9189,705105.47038,1
1785166200000,64624.3,64659.0,64522.3,64550.3,7519.0,7.5197,485611.98216,1
1785166500000,64540.3,64540.3,64377.8,64526.7,37401.0,37.4015,2409946.93007,1
1785166800000,64530.9,64579.7,64525.3,64546.6,12311.0,12.3115,794657.3816,1
1785167100000,64546.4,64593.3,64501.9,64548.1,8500.0,8.5008,548747.92971,1
1785167400000,64548.1,64609.9,64545.8,64545.8,27019.0,27.0193,1745111.35512,1
1785167700000,64549.9,64585.1,64521.9,64522.0,4186.0,4.1866,270268.44791,1
1785168000000,64522.2,64610.9,64504.6,64610.8,13935.0,13.9359,899779.61093,1
1785168300000,64610.9,64633.0,64543.1,64607.4,17179.0,17.1794,1109481.2147,1
1785168600000,64607.4,64649.9,64574.3,64586.5,25991.0,25.9918,1680112.71024,1
1785168900000,64582.0,64582.0,64484.6,64560.4,11677.0,11.677,753504.81742,1
1785169200000,64554.6,64605.5,64512.6,64577.1,10351.0,10.351,668195.626,1
1785169500000,64582.1,64750.0,64582.1,64701.8,44552.0,44.5522,2883061.5212,1
1785169800000,64703.0,64850.0,64703.0,64850.0,25137.0,25.1376,1628230.07064,1
1785170100000,64850.0,64941.7,64835.6,64890.4,47004.0,47.0043,3050519.47313,1
1785170400000,64896.8,64924.6,64871.9,64894.3,36594.0,36.5947,2374710.65726,1
1785170700000,64896.7,64912.5,64861.6,64906.0,10079.0,10.0799,654151.86968,1
1785171000000,64902.2,64902.2,64801.9,64809.8,18539.0,18.5393,1201986.66866,1
1785171300000,64808.1,64892.0,64779.9,64871.0,7459.0,7.4592,483638.66554,1
1785171600000,64861.3,64920.5,64764.3,64803.3,9355.0,9.355,606708.6647,1
1785171900000,64803.4,64847.8,64780.5,64831.9,10264.0,10.2642,665249.20081,1
1785172200000,64817.7,64872.7,64817.7,64872.7,1609.0,1.6096,104353.08298,1
1785172500000,64861.2,64908.8,64854.9,64908.7,4883.0,4.8839,316869.04172,1
1785172800000,64908.7,65033.0,64908.7,65004.5,41169.0,41.1691,2675991.08962,1
1785173100000,65005.2,65022.4,64966.4,64966.4,10268.0,10.2689,667375.71288,1
1785173400000,64966.9,65050.1,64966.9,65049.8,14894.0,14.8949,968723.8541,1
1785173700000,65049.8,65060.6,65005.5,65006.6,21557.0,21.557,1402160.01599,1
1785174000000,65000.0,65033.0,64962.5,64970.5,11365.0,11.3658,738861.04149,1
1785174300000,64970.5,64987.9,64931.0,64947.8,9768.0,9.7685,634488.1854,1
1785174600000,64943.0,64961.0,64926.2,64955.0,13976.0,13.9766,907547.51195,1
1785174900000,64959.5,65004.9,64950.9,64994.2,6014.0,6.0143,390839.03853,1
1785175200000,64994.2,65029.9,64991.0,64998.4,4311.0,4.3117,280326.44052,1
1785175500000,64998.2,65001.6,64952.6,64952.6,14198.0,14.1985,922775.22777,1
1785175800000,64952.6,64955.1,64933.7,64933.7,9793.0,9.7939,636087.22963,1
1785176100000,64930.3,64930.3,64815.6,64842.2,12335.0,12.3356,800072.04872,1
1785176400000,64828.7,64872.9,64820.0,64872.7,4335.0,4.335,281038.89171,1
1785176700000,64879.6,64887.9,64865.0,64884.6,13885.0,13.8853,900912.26949,1
1785177000000,64884.6,64900.0,64788.5,64788.5,8303.0,8.3039,538421.73569,1
1785177300000,64788.6,64814.9,64765.4,64765.4,11015.0,11.0155,713743.62216,1
1785177600000,64762.2,64848.9,64729.0,64815.4,11700.0,11.7003,758022.6894,1
1785177900000,64800.1,64814.6,64739.7,64752.0,10093.0,10.0935,653991.54548,1
1785178200000,64751.9,64824.3,64737.9,64821.5,9926.0,9.9262,642978.70137,1
1785178500000,64821.4,64855.1,64821.4,64842.7,14290.0,14.2903,926695.92774,1
1785178800000,64852.7,64871.2,64807.0,64811.8,10672.0,10.6727,691945.04318,1
1785179100000,64809.7,64936.4,64785.8,64913.1,6082.0,6.0821,394563.42933,1
1785179400000,64910.0,65000.0,64910.0,64948.0,43624.0,43.6243,2834281.15056,1
1785179700000,64949.9,64966.4,64927.0,64953.8,4105.0,4.1057,266671.9259,1
1785180000000,64957.4,65007.4,64925.5,64931.6,13534.0,13.5343,879458.25563,1
1785180300000,64931.6,64955.3,64903.4,64955.3,5036.0,5.0364,327055.35535,1
1785180600000,64963.5,65024.2,64951.2,65015.2,29928.0,29.9287,1945641.42088,1
1785180900000,65000.9,65059.2,64975.0,64981.4,17212.0,17.212,1119135.07123,1
1785181200000,64988.8,65005.0,64945.4,64953.1,4602.0,4.6028,299029.25147,1
1785181500000,64949.2,64952.9,64920.8,64934.6,2614.0,2.6141,169754.822,1
1785181800000,64923.3,64942.3,64900.0,64933.8,4981.0,4.9814,323350.76966,1
1785182100000,64928.9,64954.3,64928.9,64954.3,3746.0,3.7464,243299.8238,1
1785182400000,64957.4,65028.5,64957.4,64983.3,3674.0,3.6748,238872.80212,1
1785182700000,64978.1,64978.1,64923.5,64924.1,12543.0,12.543,814533.92619,1
1785183000000,64923.7,64936.0,64913.0,64923.6,1825.0,1.8258,118535.22737,1
1785183300000,64929.1,64929.1,64880.5,64893.3,2677.0,2.6778,173792.06027,1
1785183600000,64893.3,64936.1,64893.3,64936.1,8194.0,8.1943,531850.34257,1
1785183900000,64945.2,64989.4,64945.2,64989.4,2155.0,2.1553,140015.015,1
1785184200000,64989.4,64991.0,64957.6,64969.9,18415.0,18.4154,1196545.83363,1
1785184500000,64976.2,65003.4,64939.0,64939.1,3315.0,3.3151,215396.89922,1
1785184800000,64939.1,64939.1,64921.4,64921.7,665.0,0.6655,43210.32391,1
1785185100000,64909.1,64917.6,64878.1,64903.4,22299.0,22.2997,1447446.10183,1
1785185400000,64898.2,64915.3,64889.7,64913.4,2445.0,2.4453,158703.36228,1
1785185700000,64918.7,64942.4,64915.3,64940.4,1885.0,1.885,122409.47778,1
1785186000000,64940.3,64940.3,64882.9,64882.9,5770.0,5.7704,374577.23789,1
1785186300000,64882.9,64910.3,64878.6,64902.1,3153.0,3.1536,204648.20103,1
1785186600000,64897.4,64915.5,64871.0,64880.0,2162.0,2.1623,140308.60458,1
1785186900000,64880.0,64880.1,64834.4,64837.5,2254.0,2.2546,146204.4989,1
1785187200000,64837.5,64856.2,64837.5,64847.2,2796.0,2.7962,181321.71177,1
1785187500000,64842.7,64842.7,64790.2,64800.6,7411.0,7.4112,480438.03795,1
1785187800000,64806.2,64857.9,64806.2,64844.2,18499.0,18.4994,1199694.63186,1
1785188100000,64844.2,64844.2,64804.9,64804.9,7720.0,7.7201,500426.6117,1
1785188400000,64800.0,64805.6,64773.3,64798.7,6559.0,6.5597,424969.74681,1
1785188700000,64791.0,64803.4,64770.4,64798.6,2667.0,2.6671,172772.71094,1
1785189000000,64804.4,64844.0,64782.3,64818.1,17228.0,17.2286,1116676.89257,1
1785189300000,64818.5,64824.1,64790.0,64790.2,1262.0,1.2626,81831.18553,1
1785189600000,64790.2,64790.2,64638.3,64675.0,32512.0,32.5125,2102984.36694,1
1785189900000,64691.1,64711.6,64665.6,64709.6,11955.0,11.9558,773418.32826,1
1785190200000,64704.2,64704.4,64669.6,64693.0,3095.0,3.0953,200230.09807,1
1785190500000,64693.0,64723.1,64689.5,64719.6,8402.0,8.4021,543641.78108,1
1785190800000,64712.0,64722.7,64646.6,64646.6,5507.0,5.507,356242.16412,1
1785191100000,64646.7,64646.7,64539.5,64574.5,48836.0,48.8363,3153578.683,1
1785191400000,64569.9,64570.4,64490.0,64506.5,20577.0,20.5779,1328111.9464,1
1785191700000,64511.8,64542.1,64481.9,64502.8,45145.0,45.1456,2911437.42906,1
1785192000000,64502.1,64502.1,64114.1,64177.1,237909.0,237.9094,15274457.90752,1
1785192300000,64170.0,64191.9,64032.5,64092.6,198871.0,198.871,12746550.19165,1
1785192600000,64090.7,64090.7,63950.0,63971.9,74797.0,74.7977,4786471.24575,1
1785192900000,63965.6,64021.6,63755.4,63755.5,225308.0,225.3082,14388715.13749,1
1785193200000,63755.4,63794.7,63567.0,63657.7,237479.0,237.4793,15120713.47353,1
1785193500000,63657.7,63819.7,63636.8,63636.8,179091.0,179.091,11420150.05207,1
1785193800000,63636.8,63819.6,63605.0,63769.1,90596.0,90.5961,5772923.54086,1
1785194100000,63769.1,63875.5,63700.0,63873.1,82630.0,82.6307,5269973.23005,1
1785194400000,63878.0,63895.6,63817.8,63817.8,15861.0,15.8619,1013074.92164,1
1785194700000,63818.0,63895.5,63818.0,63846.0,7140.0,7.1405,455973.75117,1
1785195000000,63846.0,63889.9,63800.2,63800.2,38761.0,38.7618,2474799.99536,1
1785195300000,63800.0,63811.3,63720.0,63729.8,9857.0,9.8572,628388.14362,1
1785195600000,63729.8,63729.8,63598.3,63650.0,32211.0,32.2114,2050151.83363,1
1785195900000,63646.4,63719.0,63639.8,63662.0,9346.0,9.3464,595059.35532,1
1785196200000,63662.1,63735.5,63662.1,63730.3,13855.0,13.8553,882912.95817,1
1785196500000,63730.2,63755.9,63706.7,63720.7,33367.0,33.367,2126742.2206,1
1785196800000,63720.7,63757.8,63682.5,63724.5,27075.0,27.0753,1725415.48088,1
1785197100000,63724.6,63724.6,63595.3,63636.1,22070.0,22.0703,1404061.23528,1
1785197400000,63633.8,63644.3,63468.2,63641.6,150484.0,150.4842,9564259.93725,1
1785197700000,63649.9,63754.6,63645.1,63754.6,18523.0,18.5232,1179877.70055,1
1785198000000,63752.6,63794.3,63579.3,63623.1,28493.0,28.4938,1816420.24287,1
1785198300000,63624.4,63675.0,63560.8,63675.0,5658.0,5.6587,360031.69902,1
1785198600000,63675.0,63675.0,63532.5,63662.1,13134.0,13.1342,835349.03365,1
1785198900000,63671.6,63681.7,63635.5,63678.5,8238.0,8.2383,524457.36275,1
1785199200000,63671.3,63671.3,63580.8,63581.0,5557.0,5.5572,353677.69613,1
1785199500000,63580.8,63593.7,63469.3,63510.1,50995.0,50.9952,3238290.30009,1
1785199800000,63510.0,63513.4,63468.2,63486.0,13707.0,13.7072,870224.25554,1
1785200100000,63478.1,63543.3,63439.4,63458.5,16816.0,16.816,1067652.5055,1
1785200400000,63458.9,63500.0,63430.8,63430.9,14589.0,14.5898,925748.57994,1
1785200700000,63430.8,63430.8,63028.7,63179.9,172539.0,172.5398,10910369.32861,1
1785201000000,63176.9,63200.0,63130.5,63179.7,63294.0,63.2943,3999191.54911,1
1785201300000,63179.8,63219.5,63113.3,63169.4,21257.0,21.2576,1342816.99431,1
1785201600000,63169.3,63239.0,63150.0,63173.9,8565.0,8.5657,541196.81176,1
1785201900000,63173.9,63321.0,63171.2,63280.3,15760.0,15.7607,997178.79091,1
1785202200000,63280.4,63359.8,63261.0,63359.8,10825.0,10.8251,685479.17716,1
1785202500000,63359.9,63366.1,63233.2,63246.1,16381.0,16.3819,1036805.66606,1
1785202800000,63246.1,63246.2,63145.6,63164.9,10212.0,10.2121,645349.98414,1
1785203100000,63160.6,63267.4,63145.6,63264.3,17685.0,17.6854,1117756.10525,1
1785203400000,63255.2,63256.6,63181.2,63181.2,15814.0,15.8141,999445.00893,1
1785203700000,63180.0,63220.9,63154.8,63195.9,16173.0,16.1739,1022007.91641,1
1785204000000,63194.0,63196.0,63124.1,63153.2,21028.0,21.028,1328197.8859,1
1785204300000,63153.1,63218.2,63131.1,63212.6,7107.0,7.1075,448889.23669,1
1785204600000,63209.3,63250.0,63205.4,63232.7,5822.0,5.8223,368123.14957,1
1785204900000,63232.6,63232.7,63168.4,63230.8,2521.0,2.5216,159369.896,1
1785205200000,63230.8,63263.3,63230.8,63257.5,4104.0,4.1046,259633.72072,1
1785205500000,63255.0,63255.1,63200.2,63200.3,4592.0,4.5929,290402.22336,1
1785205800000,63200.2,63209.9,63163.5,63186.5,8103.0,8.1036,512063.2846,1
1785206100000,63186.5,63190.7,63155.5,63156.3,9170.0,9.1706,579243.87535,1
1785206400000,63156.3,63156.3,63102.5,63105.4,9013.0,9.0138,568984.47409,1
1785206700000,63105.4,63117.8,63069.9,63093.6,7237.0,7.2375,456598.18391,1
1785207000000,63093.5,63169.4,63092.8,63156.5,15537.0,15.5374,980987.3247,1
1785207300000,63156.3,63171.1,63148.1,63148.1,9183.0,9.183,579984.53114,1
1785207600000,63148.1,63197.8,63148.1,63160.4,6095.0,6.0958,385166.63698,1
1785207900000,63158.9,63197.7,63131.9,63154.6,21467.0,21.4675,1355948.39896,1
1785208200000,63154.5,63261.5,63154.5,63243.4,13515.0,13.5151,854471.64285,1
1785208500000,63236.4,63289.7,63212.2,63289.7,3691.0,3.6917,233521.2949,1
1785208800000,63289.7,63310.1,63267.0,63280.0,43559.0,43.5599,2756628.61943,1
1785209100000,63280.1,63290.0,63249.1,63261.3,9785.0,9.7858,619035.08468,1
1785209400000,63257.2,63282.9,63202.0,63282.3,4013.0,4.0137,253830.59623,1
1785209700000,63282.9,63310.0,63257.0,63306.0,12125.0,12.1256,767431.61552,1
1785210000000,63305.9,63342.6,63305.9,63319.6,10593.0,10.5933,670814.13064,1
1785210300000,63323.2,63332.9,63271.1,63290.5,23154.0,23.1542,1465939.74543,1
1785210600000,63300.0,63301.2,63265.1,63301.2,10501.0,10.501,664426.50035,1
1785210900000,63301.1,63315.6,63250.0,63310.1,8215.0,8.2155,519843.73547,1
1785211200000,63310.0,63313.6,63283.2,63307.9,2374.0,2.3742,150272.79864,1
1785211500000,63307.8,63323.1,63302.0,63303.1,9651.0,9.6518,611059.02883,1
1785211800000,63303.0,63310.1,63259.9,63286.0,2874.0,2.8745,181966.55083,1
1785212100000,63301.6,63333.0,63280.1,63333.0,15888.0,15.8883,1005859.54062,1
1785212400000,63333.0,63333.3,63278.9,63302.2,9193.0,9.1935,582068.01296,1
1785212700000,63305.3,63305.3,63258.7,63260.1,3675.0,3.6758,232602.85103,1
1785213000000,63257.9,63258.0,63210.7,63212.5,5257.0,5.2572,332366.13407,1
1785213300000,63212.5,63214.6,63200.4,63214.6,10395.0,10.3955,657070.35725,1
1785213600000,63214.6,63260.9,63200.0,63258.7,10510.0,10.5108,664523.25498,1
1785213900000,63257.5,63286.6,63254.9,63258.4,13261.0,13.2613,838980.21164,1
1785214200000,63259.9,63317.0,63255.2,63317.0,7304.0,7.3045,462316.48955,1
1785214500000,63314.8,63326.9,63299.8,63318.0,4538.0,4.538,287335.18398,1
1785214800000,63326.3,63432.7,63299.6,63429.9,14526.0,14.5267,920806.86648,1
1785215100000,63429.9,63464.8,63396.1,63445.8,9724.0,9.7247,616872.09174,1
1785215400000,63442.0,63445.6,63418.1,63418.1,7568.0,7.5688,480090.71741,1
1785215700000,63418.2,63587.4,63418.2,63555.6,30374.0,30.3742,1929261.48672,1
1785216000000,63550.2,63555.5,63458.2,63474.1,13446.0,13.4468,854024.55986,1
1785216300000,63469.1,63514.3,63461.5,63514.3,39579.0,39.5792,2513350.84733,1
1785216600000,63516.2,63518.5,63450.0,63452.5,4849.0,4.849,307841.35234,1
1785216900000,63451.4,63492.0,63401.1,63492.0,15545.0,15.5455,985881.11356,1
1785217200000,63492.5,63522.1,63492.5,63522.1,9118.0,9.1187,578998.5047,1
1785217500000,63524.2,63530.1,63482.1,63492.2,4486.0,4.4869,284889.50375,1
1785217800000,63492.2,63498.5,63464.1,63475.0,9672.0,9.6725,614048.33779,1
1785218100000,63478.1,63479.9,63420.0,63420.0,1718.0,1.7188,109055.33002,1
1785218400000,63418.1,63433.8,63385.3,63389.3,9046.0,9.0461,573601.54467,1
1785218700000,63385.4,63399.8,63365.4,63399.8,4533.0,4.5335,287298.58267,1
1785219000000,63399.9,63400.0,63376.5,63390.3,5355.0,5.355,339411.78043,1
1785219300000,63390.3,63425.0,63390.3,63413.2,6877.0,6.8771,436121.4906,1
1785219600000,63416.4,63497.1,63416.4,63454.4,8717.0,8.7172,553218.40805,1
1785219900000,63458.7,63500.0,63453.7,63494.7,20436.0,20.4366,1297234.71566,1
1785220200000,63497.4,63519.4,63473.5,63490.8,5672.0,5.6726,360223.91387,1
1785220500000,63490.8,63541.0,63490.8,63533.9,5334.0,5.3348,338838.52387,1
1785220800000,63538.6,63553.9,63529.6,63542.8,3859.0,3.8597,245270.99683,1
1785221100000,63541.0,63541.0,63513.4,63515.1,2679.0,2.679,170185.07992,1
1785221400000,63515.1,63610.5,63510.5,63610.5,14324.0,14.324,910874.26355,1
1785221700000,63610.4,63624.6,63600.0,63612.6,4048.0,4.0488,257532.1866,1
1785222000000,63609.4,63622.0,63580.0,63580.0,9158.0,9.1581,582618.92689,1
1785222300000,63580.0,63580.1,63523.3,63541.7,2220.0,2.2204,141106.48751,1
1785222600000,63541.7,63556.4,63516.6,63556.4,1967.0,1.9678,125016.82511,1
1785222900000,63556.4,63556.4,63526.6,63537.4,6398.0,6.3983,406592.39776,1
1785223200000,63534.0,63535.3,63491.1,63535.3,3533.0,3.533,224419.71917,1
1785223500000,63533.2,63565.8,63525.7,63533.2,16092.0,16.0921,1022681.35271,1
1785223800000,63533.2,63545.8,63520.8,63540.3,1613.0,1.6132,102506.64929,1
1785224100000,63540.3,63540.3,63462.0,63504.3,10846.0,10.8468,688662.8285,1
1785224400000,63504.3,63504.3,63453.5,63453.5,8824.0,8.824,560311.09304,1
1785224700000,63453.5,63456.4,63425.0,63450.9,1353.0,1.3538,85891.36559,1
1785225000000,63450.9,63477.7,63441.4,63467.6,2131.0,2.1311,135242.6486,1
1785225300000,63474.8,63497.5,63470.5,63476.7,1277.0,1.2773,81093.1592,1
1785225600000,63474.4,63504.3,63436.7,63494.1,9266.0,9.2666,588182.19439,1
1785225900000,63503.9,63504.3,63457.0,63457.1,2193.0,2.1936,139244.37892,1
1785226200000,63455.1,63455.1,63404.9,63404.9,1009.0,1.0099,64052.11436,1
1785226500000,63404.9,63465.2,63401.9,63464.6,7588.0,7.5889,481253.44956,1
1785226800000,63458.1,63464.5,63417.5,63464.5,1038.0,1.0388,65893.24581,1
1785227100000,63464.5,63464.9,63437.7,63452.1,1035.0,1.0355,65697.89625,1
1785227400000,63452.1,63452.1,63385.6,63411.1,2787.0,2.787,176767.8068,1
1785227700000,63405.0,63439.1,63402.9,63432.7,3580.0,3.5806,227044.26228,1
1785228000000,63432.7,63484.9,63432.7,63471.5,1973.0,1.9736,125254.8297,1
1785228300000,63471.5,63482.9,63453.3,63453.4,1673.0,1.6737,106234.79174,1
1785228600000,63453.4,63453.4,63385.0,63393.0,38250.0,38.2508,2424783.33413,1
1785228900000,63387.2,63402.0,63371.1,63401.7,40130.0,40.1304,2543325.9924,1
1785229200000,63400.1,63428.9,63381.3,63381.3,1222.0,1.2221,77484.37598,1
1785229500000,63381.3,63428.1,63360.5,63428.1,11721.0,11.7215,743073.24067,1
1785229800000,63428.1,63436.9,63400.0,63400.0,1723.0,1.7237,109316.29808,1
1785230100000,63400.0,63420.0,63387.3,63419.9,2657.0,2.6577,168514.90461,1
1785230400000,63423.2,63460.0,63423.2,63436.8,3187.0,3.1874,202199.35868,1
1785230700000,63448.9,63466.8,63430.0,63466.8,2313.0,2.3136,146767.94054,1
1785231000000,63469.8,63504.2,63469.8,63500.1,4748.0,4.7488,301532.13938,1
1785231300000,63500.1,63536.6,63455.6,63536.6,2932.0,2.9325,186225.92444,1
1785231600000,63536.6,63547.8,63490.1,63490.1,2721.0,2.7216,172882.13759,1
1785231900000,63490.1,63495.1,63481.8,63490.6,2430.0,2.4306,154313.97036,1
1785232200000,63490.6,63528.6,63381.8,63381.8,13018.0,13.0187,826352.23598,1
1785232500000,63381.8,63384.9,63337.7,63367.9,8442.0,8.4424,534843.28463,1
1785232800000,63362.6,63384.0,63330.4,63348.7,9612.0,9.6124,608987.25208,1
1785233100000,63344.1,63344.2,63310.0,63311.9,5935.0,5.9358,375876.25477,1
1785233400000,63311.9,63342.9,63292.7,63320.0,9837.0,9.8377,622787.27314,1
1785233700000,63320.0,63399.8,63319.9,63383.4,5090.0,5.0905,322461.59111,1
1785234000000,63383.4,63393.3,63317.2,63346.7,2119.0,2.1198,134335.0387,1
1785234300000,63356.8,63356.8,63271.5,63352.9,20761.0,20.7616,1313924.25311,1
1785234600000,63352.9,63432.4,63340.0,63403.3,4157.0,4.1572,263417.14284,1
1785234900000,63396.3,63465.9,63370.7,63454.8,17858.0,17.8585,1132956.53671,1
1785235200000,63454.8,63489.2,63442.4,63489.2,1980.0,1.9809,125729.44901,1
1785235500000,63489.4,63519.1,63489.4,63500.1,6615.0,6.6159,420145.86818,1
1785235800000,63500.0,63532.1,63484.1,63484.8,9632.0,9.6323,611800.0482,1
1785236100000,63480.7,63480.7,63443.6,63443.6,1581.0,1.5819,100373.34969,1
1785236400000,63448.9,63473.2,63411.0,63411.0,2035.0,2.0354,129135.19264,1
1785236700000,63411.1,63417.0,63374.1,63380.8,2286.0,2.2863,144914.99765,1
1785237000000,63380.8,63380.8,63335.3,63335.6,5480.0,5.4808,347265.43146,1
1785237300000,63335.4,63543.0,63333.4,63543.0,3987.0,3.9874,252931.11563,1
1785237600000,63542.9,63569.0,63443.6,63443.6,5605.0,5.6057,356143.56713,1
1785237900000,63443.7,63460.0,63397.0,63439.4,2679.0,2.6799,169955.28941,1
1785238200000,63439.2,63494.6,63415.7,63484.3,4215.0,4.2156,267565.1204,1
1785238500000,63477.7,63542.9,63466.9,63466.9,2859.0,2.859,181513.44104,1
1785238800000,63466.9,63466.9,63343.9,63383.8,2942.0,2.9429,186570.00901,1
1785239100000,63380.1,63478.9,63380.1,63466.0,4091.0,4.0914,259523.5944,1
1785239400000,63471.1,63472.3,63428.5,63428.5,6336.0,6.3367,402147.10473,1
1785239700000,63428.5,63479.0,63428.5,63461.7,1188.0,1.1888,75431.96225,1
1785240000000,63430.7,63500.0,63405.7,63500.0,3093.0,3.0935,196298.27373,1
1785240300000,63500.0,63500.0,63450.1,63450.1,3970.0,3.97,251995.80554,1
1785240600000,63446.3,63465.3,63413.8,63413.8,3784.0,3.7849,240130.43292,1
1785240900000,63420.0,63425.2,63400.1,63413.3,2083.0,2.083,132078.25421,1
1785241200000,63412.9,63436.7,63404.8,63436.7,3503.0,3.5031,222150.18494,1
1785241500000,63436.7,63480.9,63397.1,63401.7,47465.0,47.4658,3012842.73485,1
1785241800000,63405.6,63436.0,63370.8,63401.5,4192.0,4.192,265722.99758,1
1785242100000,63401.5,63414.5,63384.3,63391.6,4340.0,4.3401,275175.26959,1
1785242400000,63406.0,63450.6,63397.6,63450.0,1088.0,1.0885,69046.2182,1
1785242700000,63451.6,63538.7,63405.0,63538.7,8448.0,8.4483,536458.3179,1
1785243000000,63532.4,63532.4,63476.3,63507.0,12815.0,12.8156,813641.97676,1
1785243300000,63510.8,63542.7,63481.9,63520.1,5037.0,5.0372,319954.68085,1
1785243600000,63520.1,63524.9,63486.5,63509.9,4150.0,4.1502,263596.60019,1
1785243900000,63509.9,63556.5,63475.3,63475.3,23069.0,23.0692,1465546.8845,1
1785244200000,63473.3,63475.0,63451.8,63472.6,2656.0,2.6561,168565.5272,1
1785244500000,63473.1,63479.7,63446.4,63451.5,8508.0,8.5086,539923.05078,1
1785244800000,63451.5,63454.6,63360.6,63379.2,5425.0,5.425,343885.05718,1
1785245100000,63366.0,63368.2,63277.0,63282.6,13996.0,13.9969,886239.40657,1
1785245400000,63282.6,63360.9,63151.7,63220.5,62823.0,62.823,3972994.64748,1
1785245700000,63225.5,63360.0,62870.0,62929.1,128884.0,128.8841,8127494.71882,1
1785246000000,62943.1,63079.3,62886.9,62956.4,104739.0,104.7393,6597732.87865,1
1785246300000,62956.6,62988.7,62694.4,62895.5,181246.0,181.2464,11387382.94557,1
1785246600000,62917.7,63044.7,62900.0,62997.8,135744.0,135.7444,8552043.62158,1
1785246900000,62980.3,63098.3,62977.3,63078.8,53900.0,53.9006,3398274.10666,1
1785247200000,63081.4,63202.5,63081.4,63160.3,44409.0,44.4096,2805214.8919,1
1785247500000,63148.4,63281.6,63148.4,63173.8,16453.0,16.4537,1040079.45278,1
1785247800000,63170.1,63250.0,63119.9,63128.4,64733.0,64.7332,4088074.77159,1
1785248100000,63129.6,63160.4,62938.4,62955.4,122334.0,122.3342,7714108.04491,1
1785248400000,62954.0,63209.7,62954.0,63187.9,138321.0,138.3216,8721006.20314,1
1785248700000,63187.7,63209.6,63131.1,63151.6,14293.0,14.2932,902993.66176,1
1785249000000,63170.8,63209.6,63126.2,63132.5,7444.0,7.4448,470333.50868,1
1785249300000,63125.5,63356.4,63125.5,63200.5,93595.0,93.5959,5923893.06135,1
1785249600000,63202.9,63398.1,63202.4,63327.3,51484.0,51.4843,3262458.14723,1
1785249900000,63327.8,63470.6,63296.3,63460.1,17463.0,17.4638,1107121.6084,1
1785250200000,63464.2,63521.0,63415.6,63433.7,82079.0,82.0797,5208193.69749,1
1785250500000,63434.6,63489.0,63373.1,63378.0,36800.0,36.8005,2333571.48177,1
1785250800000,63378.0,63442.1,63282.1,63291.3,43995.0,43.9958,2785387.69408,1
1785251100000,63291.3,63367.8,63234.6,63367.8,36934.0,36.9348,2337494.43069,1
1785251400000,63367.6,63460.9,63335.0,63438.6,17101.0,17.1012,1084493.76105,1
1785251700000,63425.8,63425.8,63340.6,63374.3,9255.0,9.2559,586606.97748,1
1785252000000,63387.0,63905.7,63387.0,63853.7,273679.0,273.6796,17428676.00801,1
1785252300000,63834.5,63949.9,63722.4,63722.4,60261.0,60.2616,3847213.88311,1
1785252600000,63722.4,63823.4,63681.9,63763.3,43565.0,43.5658,2777087.11121,1
1785252900000,63754.0,63844.0,63739.7,63817.6,40363.0,40.3633,2575905.63811,1
1785253200000,63804.3,63916.6,63778.5,63844.6,20546.0,20.5465,1311981.53232,1
1785253500000,63836.9,64000.0,63832.2,63859.1,47153.0,47.1534,3013602.40299,1
1785253800000,63855.5,63872.3,63790.2,63835.3,17043.0,17.0435,1087756.02065,1
1785254100000,63830.4,63906.8,63767.0,63899.4,33673.0,33.673,2149959.65701,1
1785254400000,63899.5,63912.2,63857.8,63857.8,16834.0,16.8348,1075427.49707,1
1785254700000,63857.8,63880.0,63796.7,63820.3,18916.0,18.916,1207359.94568,1
1785255000000,63820.3,63848.2,63780.0,63784.2,16465.0,16.4654,1050483.05486,1
1785255300000,63784.2,63914.2,63780.0,63912.4,10363.0,10.3636,661459.87779,1
1785255600000,63903.7,63921.6,63768.1,63814.5,9829.0,9.829,627557.46826,1
1785255900000,63813.2,63829.5,63789.0,63809.7,5152.0,5.1521,328783.27558,1
1785256200000,63803.6,63840.6,63754.4,63779.4,18381.0,18.3814,1172476.71458,1
1785256500000,63779.7,63814.9,63765.0,63814.9,9333.0,9.3339,595458.23104,1
1785256800000,63827.1,63920.0,63827.1,63889.8,11196.0,11.1969,715247.7861,1
1785257100000,63894.9,63900.0,63847.6,63899.9,3323.0,3.3236,212331.53054,1
1785257400000,63899.9,64077.0,63899.9,64034.6,91396.0,91.3964,5850926.18234,1
1785257700000,64035.0,64048.0,64000.0,64019.9,33305.0,33.3054,2132261.09076,1
1785258000000,64017.0,64017.0,63936.4,63960.6,18177.0,18.1774,1162771.48798,1
1785258300000,63960.6,63967.8,63847.3,63847.3,30196.0,30.1964,1930513.91814,1
1785258600000,63846.6,63846.6,63775.0,63783.0,42800.0,42.8006,2730731.13447,1
1785258900000,63782.9,63805.7,63700.0,63706.4,18855.0,18.855,1201757.90604,1
1785259200000,63700.0,63813.3,63674.7,63725.4,12632.0,12.6322,804914.61106,1
1785259500000,63723.1,63756.7,63699.9,63710.0,8915.0,8.9157,568170.69484,1
1785259800000,63710.0,63710.1,63585.0,63626.6,78727.0,78.727,5007890.32871,1
1785260100000,63634.4,63640.0,63478.3,63532.2,36329.0,36.329,2308388.18647,1
1785260400000,63507.6,63593.2,63503.8,63538.2,16015.0,16.0159,1017918.85233,1
1785260700000,63538.2,63657.0,63537.8,63643.3,18377.0,18.3772,1168496.69038,1
1785261000000,63638.6,63640.9,63580.1,63589.9,8384.0,8.384,533332.38168,1
1785261300000,63589.9,63653.6,63585.6,63653.6,10916.0,10.9166,694514.05648,1
1785261600000,63653.6,63824.7,63653.6,63768.9,32761.0,32.7615,2089340.43806,1
1785261900000,63767.1,63767.1,63693.3,63708.8,12267.0,12.2678,781542.27039,1
1785262200000,63707.4,63730.5,63654.6,63670.7,18782.0,18.7823,1196446.78399,1
1785262500000,63664.6,63704.7,63651.8,63663.2,7020.0,7.0204,447061.69127,1
1785262800000,63663.2,63710.0,63663.2,63704.3,5903.0,5.903,375951.74157,1
1785263100000,63699.0,63699.0,63656.9,63679.5,12913.0,12.9136,822085.11114,1
1785263400000,63685.8,63722.4,63652.0,63722.4,19343.0,19.3432,1231957.52841,1
1785263700000,63722.3,63730.0,63686.0,63699.5,23238.0,23.2387,1480416.96603,1
1785264000000,63694.8,63753.1,63690.1,63730.9,38203.0,38.2038,2434718.00166,1
1785264300000,63730.9,63780.9,63720.3,63762.6,16938.0,16.9388,1080149.32542,1
1785264600000,63762.6,63773.1,63676.0,63677.3,14261.0,14.2612,908602.10845,1
1785264900000,63677.2,63714.6,63664.0,63707.6,2920.0,2.9201,185969.73647,1
1785265200000,63712.5,63823.7,63712.5,63798.3,7386.0,7.3863,471155.31908,1
1785265500000,63798.3,63833.3,63727.9,63758.8,29677.0,29.6771,1893049.17941,1
1785265800000,63758.7,63767.9,63738.7,63739.3,2232.0,2.2324,142324.36438,1
1785266100000,63739.3,63739.3,63706.3,63717.1,3118.0,3.1187,198743.79881,1
1785266400000,63717.1,63771.1,63703.0,63740.5,16537.0,16.5379,1054144.10857,1
1785266700000,63740.5,63740.5,63707.0,63728.6,1988.0,1.9886,126717.89823,1
1785267000000,63734.9,63857.8,63734.8,63805.2,16219.0,16.2191,1035143.62935,1
1785267300000,63804.9,63821.9,63744.6,63744.7,5692.0,5.692,363043.73831,1
1785267600000,63744.6,63749.8,63667.6,63676.1,9295.0,9.2951,592142.43644,1
1785267900000,63671.7,63715.8,63654.2,63705.7,8344.0,8.3442,531342.82845,1
1785268200000,63709.5,63800.0,63709.5,63799.8,6518.0,6.5183,415591.84258,1
1785268500000,63800.0,63867.8,63799.8,63867.8,13673.0,13.673,872679.71837,1
1785268800000,63870.3,63946.4,63854.0,63934.2,32802.0,32.8025,2096029.45554,1
1785269100000,63940.0,63957.9,63864.7,63926.5,11127.0,11.1275,711004.62946,1
1785269400000,63915.2,63962.6,63890.4,63960.7,2856.0,2.8566,182629.9176,1
1785269700000,63960.7,63982.8,63951.2,63961.1,17891.0,17.8916,1144535.58582,1
1785270000000,63961.0,63961.0,63897.9,63898.7,21059.0,21.0593,1346435.16954,1
1785270300000,63898.6,63922.6,63875.3,63875.3,17454.0,17.4544,1115260.12111,1
1785270600000,63875.4,63899.4,63870.9,63879.0,4864.0,4.8645,310771.46033,1
1785270900000,63882.6,63911.3,63859.0,63859.0,2460.0,2.46,157183.7282,1
1785271200000,63860.2,63915.0,63860.2,63900.0,4716.0,4.7161,301280.85629,1
1785271500000,63910.8,63920.1,63868.0,63920.0,5678.0,5.6789,362917.12293,1
1785271800000,63920.0,63920.1,63887.0,63901.8,3936.0,3.9369,251566.05021,1
1785272100000,63902.0,63911.0,63889.0,63890.8,821.0,0.8211,52464.25798,1
1785272400000,63890.8,63938.0,63887.5,63938.0,29493.0,29.493,1885438.6568,1
1785272700000,63945.5,63958.4,63898.0,63921.6,11624.0,11.6248,742843.72255,1
1785273000000,63917.7,63965.4,63895.1,63895.2,38347.0,38.3471,2451072.25905,1
1785273300000,63895.2,63908.7,63886.1,63893.7,1763.0,1.7632,112653.33925,1
1785273600000,63893.7,63893.7,63866.8,63888.6,1128.0,1.1286,72097.36368,1
1785273900000,63888.6,63888.6,63879.3,63888.5,2715.0,2.7157,173496.39454,1
1785274200000,63888.5,63891.9,63878.6,63889.9,7722.0,7.7226,493360.89999,1
1785274500000,63889.9,64042.0,63889.9,63979.9,34420.0,34.4206,2202149.37814,1
1785274800000,63987.3,64010.0,63971.9,64010.0,13146.0,13.1468,841404.88187,1
1785275100000,64015.1,64037.0,63979.5,64001.7,10483.0,10.4834,671030.24733,1
1785275400000,64004.6,64016.4,63978.6,63992.5,10983.0,10.9836,702856.29591,1
1785275700000,63992.5,64009.1,63954.0,63954.0,7888.0,7.888,504538.62959,1
1785276000000,63950.1,63981.9,63886.3,63981.9,20656.0,20.6563,1320582.50854,1
1785276300000,63981.9,63994.7,63953.7,63953.7,9477.0,9.4772,606365.58026,1
1785276600000,63952.4,63985.8,63932.2,63969.0,3722.0,3.7229,238137.06227,1
1785276900000,63975.2,63996.9,63934.2,63955.6,7319.0,7.319,468152.09466,1
1785277200000,63955.6,63970.2,63917.9,63929.7,4017.0,4.0174,256856.42316,1
1785277500000,63929.6,63929.7,63893.4,63895.0,2893.0,2.8932,184889.01811,1
1785277800000,63895.0,63895.0,63835.7,63846.1,13347.0,13.3473,852278.86232,1
1785278100000,63846.0,63874.0,63837.8,63850.0,18696.0,18.6963,1193847.52875,1
1785278400000,63849.2,63879.8,63844.4,63856.9,5871.0,5.8712,374873.45561,1
1785278700000,63850.3,63850.3,63784.8,63792.0,18368.0,18.3686,1171959.93349,1
1785279000000,63791.9,63792.0,63750.2,63771.9,11537.0,11.5377,735734.63056,1
1785279300000,63773.3,63827.0,63754.6,63754.6,9976.0,9.9768,636694.50292,1
1785279600000,63754.7,63764.1,63677.0,63689.9,12094.0,12.094,770460.51043,1
1785279900000,63690.0,63700.0,63594.9,63594.9,24142.0,24.1424,1536287.10746,1
1785280200000,63593.6,63639.1,63588.3,63599.8,45642.0,45.6429,2903170.46673,1
1785280500000,63599.8,63636.1,63590.2,63600.1,4792.0,4.7928,304904.41716,1
1785280800000,63600.0,63630.9,63545.5,63565.1,13725.0,13.7252,872776.69768,1
1785281100000,63565.2,63607.6,63526.0,63607.6,5515.0,5.5154,350592.96934,1
1785281400000,63607.6,63784.4,63607.5,63780.8,18586.0,18.5866,1184462.55304,1
1785281700000,63780.2,63785.7,63726.6,63781.7,29141.0,29.1417,1858666.93947,1
1785282000000,63781.8,63820.0,63745.5,63820.0,2827.0,2.8271,180341.59074,1
1785282300000,63816.5,63918.6,63792.1,63886.6,7584.0,7.5849,484584.05677,1
1785282600000,63885.7,63897.9,63846.6,63897.9,7950.0,7.9504,507801.80939,1
1785282900000,63891.6,63928.0,63863.1,63903.6,5211.0,5.2119,333101.11113,1
1785283200000,63902.7,64018.6,63901.4,64015.0,38776.0,38.7769,2481505.67019,1
1785283500000,64015.1,64164.2,63994.1,64020.0,54719.0,54.7191,3506559.61388,1
1785283800000,64028.0,64038.4,63984.9,63987.2,26479.0,26.4791,1694475.295,1
1785284100000,63987.2,64066.0,63976.1,64017.6,10689.0,10.6892,684281.12015,1
1785284400000,64017.5,64057.9,63943.6,63943.6,9352.0,9.3523,598389.18457,1
1785284700000,63943.6,63984.1,63923.9,63984.1,5554.0,5.5543,355141.70204,1
1785285000000,63985.7,63985.7,63866.4,63880.9,39785.0,39.7857,2541292.6845,1
1785285300000,63878.0,64073.4,63851.7,64027.8,10809.0,10.8095,691764.77664,1
1785285600000,64027.8,64058.8,63965.5,64058.8,28929.0,28.9297,1852521.43648,1
1785285900000,64058.8,64168.0,63985.2,64009.7,32545.0,32.5457,2084237.12815,1
1785286200000,64009.7,64072.6,64009.7,64072.6,1595.0,1.5957,102193.36688,1
1785286500000,64057.2,64057.2,63912.5,63933.4,19996.0,19.9962,1278439.59354,1
1785286800000,63927.5,63974.3,63898.7,63949.9,19691.0,19.6914,1259247.19424,1
1785287100000,63963.6,63963.6,63879.8,63879.8,18726.0,18.7263,1196542.25231,1
1785287400000,63879.9,63899.9,63780.0,63793.0,12695.0,12.6958,810302.73334,1
1785287700000,63796.4,63836.5,63749.4,63831.4,4649.0,4.6499,296640.81777,1
1785288000000,63831.1,63922.3,63831.1,63877.4,20588.0,20.5885,1314956.99836,1
1785288300000,63881.4,63924.0,63836.1,63887.1,2387.0,2.3879,152590.28743,1
1785288600000,63881.3,63915.7,63811.9,63851.7,2637.0,2.6377,168405.6682,1
1785288900000,63849.7,63873.3,63804.7,63872.0,5842.0,5.8426,372985.7971,1
1785289200000,63866.5,63866.5,63768.8,63786.0,25315.0,25.3155,1615083.02863,1
1785289500000,63783.1,63813.9,63727.6,63737.0,45862.0,45.8627,2925996.60829,1
1785289800000,63738.6,63783.6,63680.8,63721.3,8697.0,8.697,553986.05453,1
1785290100000,63724.1,63727.3,63670.0,63685.5,5939.0,5.9393,378314.37027,1
1785290400000,63680.1,63728.0,63621.8,63680.0,42042.0,42.0422,2675588.94889,1
1785290700000,63680.6,63779.1,63680.6,63762.1,5504.0,5.5043,350971.02031,1
1785291000000,63752.5,63840.2,63733.4,63812.2,15591.0,15.591,995007.07152,1
1785291300000,63806.7,63806.7,63662.8,63726.6,10230.0,10.23,651697.04699,1
1785291600000,63729.8,63862.9,63722.3,63819.5,11809.0,11.8094,753723.7882,1
1785291900000,63811.9,63989.7,63806.1,63987.7,13017.0,13.0178,832073.57621,1
1785292200000,63989.6,64027.6,63927.1,63927.1,15844.0,15.8446,1013937.82912,1
1785292500000,63930.0,64069.2,63930.0,64069.0,7016.0,7.0162,449103.07474,1
1785292800000,64069.2,64100.0,64004.1,64005.3,29125.0,29.1257,1864750.97212,1
1785293100000,64003.5,64022.3,63892.8,63908.6,15713.0,15.7137,1004874.83832,1
1785293400000,63908.6,63951.4,63896.3,63950.6,2604.0,2.604,166473.78597,1
1785293700000,63950.7,63972.5,63930.0,63954.9,1688.0,1.6885,107973.83646,1
1785294000000,63954.9,63957.7,63833.5,63879.9,26788.0,26.7886,1712538.43057,1
1785294300000,63874.1,63984.7,63872.0,63984.2,7499.0,7.4997,479502.86452,1
1785294600000,63976.4,63976.4,63910.0,63912.8,12605.0,12.6051,805963.3761,1
1785294900000,63912.8,63943.9,63845.7,63849.9,16939.0,16.9392,1083002.72153,1
1785295200000,63850.0,63917.7,63840.9,63854.9,9141.0,9.141,583945.92746,1
1785295500000,63849.3,63854.3,63759.2,63775.9,18564.0,18.5647,1184171.86309,1
1785295800000,63773.2,63773.2,63688.9,63723.5,18778.0,18.7782,1196580.0602,1
1785296100000,63720.8,63847.3,63716.6,63782.4,30248.0,30.2483,1928622.63318,1
1785296400000,63782.4,63782.5,63725.8,63745.5,1167.0,1.1679,74444.32727,1
1785296700000,63746.1,63775.3,63701.9,63702.0,6041.0,6.0416,385122.57917,1
1785297000000,63701.6,63732.8,63687.2,63714.3,9543.0,9.5435,607905.38415,1
1785297300000,63714.1,63727.0,63687.0,63727.0,1213.0,1.2138,77330.7935,1
1785297600000,63732.9,63737.0,63626.8,63626.8,52343.0,52.3436,3333417.29819,1
1785297900000,63637.5,63746.6,63572.4,63742.0,41740.0,41.7407,2654827.63926,1
1785298200000,63739.0,63742.2,63677.2,63719.6,538.0,0.5387,34326.42866,1
1785298500000,63711.1,63711.1,63620.0,63653.5,1464.0,1.4645,93250.3495,1
1785298800000,63672.0,63759.8,63614.2,63759.8,12177.0,12.1775,775713.91988,1
1785299100000,63755.5,63800.0,63733.1,63765.0,45469.0,45.4694,2900366.81276,1
1785299400000,63784.3,63800.9,63753.3,63780.4,1551.0,1.5512,98927.43467,1
1785299700000,63783.0,63933.4,63783.0,63884.7,7985.0,7.9853,510044.82266,1
1785300000000,63884.7,63896.0,63847.4,63847.4,1671.0,1.6713,106746.54686,1
1785300300000,63851.4,63885.0,63830.3,63870.4,5298.0,5.2983,338342.07066,1
1785300600000,63870.4,63905.2,63840.2,63897.5,1277.0,1.2773,81578.87187,1
1785300900000,63897.6,63950.0,63883.5,63944.2,18672.0,18.6722,1193166.99317,1
1785301200000,63947.2,63979.4,63935.3,63950.9,4534.0,4.5347,290067.88654,1
1785301500000,63937.4,63967.7,63906.7,63950.7,7907.0,7.9072,505626.46654,1
1785301800000,63948.0,63993.8,63948.0,63973.2,6423.0,6.4232,410972.24495,1
1785302100000,63973.2,63973.2,63902.1,63904.2,3125.0,3.1259,199780.33695,1
1785302400000,63904.1,63971.9,63867.0,63919.6,6970.0,6.9704,445347.36463,1
1785302700000,63935.5,63958.5,63928.8,63929.5,987.0,0.9879,63161.22484,1
1785303000000,63925.1,63961.9,63894.2,63957.6,1567.0,1.5678,100254.92919,1
1785303300000,63972.5,64010.0,63966.4,64007.6,3836.0,3.8366,245518.83866,1
1785303600000,64009.7,64016.2,63981.1,63994.3,16545.0,16.5455,1059061.95274,1
1785303900000,64008.0,64020.5,63988.3,64012.3,974.0,0.9747,62381.83687,1
1785304200000,64006.4,64064.0,64002.1,64063.9,3333.0,3.3337,213507.17626,1
1785304500000,64064.0,64071.1,64028.8,64045.3,1786.0,1.7869,114473.25193,1
1785304800000,64045.4,64075.0,64004.7,64042.5,3769.0,3.7694,241420.53202,1
1785305100000,64042.4,64069.0,64020.0,64021.0,1887.0,1.887,120857.41302,1
1785305400000,64021.0,64126.1,64017.7,64098.9,3881.0,3.8812,248707.90097,1
1785305700000,64098.7,64113.0,64076.7,64100.4,2275.0,2.2758,145881.77186,1
1785306000000,64100.3,64161.0,64096.2,64161.0,26022.0,26.0224,1668383.71154,1
1785306300000,64161.0,64385.0,64160.8,64385.0,92912.0,92.9122,5972720.48611,1
1785306600000,64383.6,64440.4,64360.1,64398.5,52517.0,52.5172,3381951.47937,1
1785306900000,64400.0,64427.6,64380.5,64390.9,15978.0,15.9783,1029254.64732,1
1785307200000,64390.7,64430.8,64390.7,64430.8,7575.0,7.5756,487916.78409,1
1785307500000,64430.6,64430.6,64367.7,64379.3,4259.0,4.2597,274313.21046,1
1785307800000,64379.3,64412.3,64379.2,64393.7,8795.0,8.7958,566410.95234,1
1785308100000,64393.7,64408.3,64383.2,64407.8,6758.0,6.7584,435198.51426,1
1785308400000,64412.2,64412.3,64376.1,64397.6,13927.0,13.9278,896770.14843,1
1785308700000,64397.6,64443.4,64397.6,64430.8,6355.0,6.355,409430.31766,1
1785309000000,64436.8,64461.3,64423.1,64435.9,8915.0,8.9157,574617.70738,1
1785309300000,64431.4,64463.7,64407.1,64463.7,3467.0,3.4678,223426.05916,1
1785309600000,64463.7,64483.9,64405.5,64416.1,7216.0,7.2169,465165.12739,1
1785309900000,64414.4,64481.8,64413.1,64481.8,1520.0,1.5208,98008.1049,1
1785310200000,64481.9,64485.0,64412.5,64412.5,3955.0,3.9554,254982.97791,1
1785310500000,64416.3,64429.9,64411.9,64422.2,3476.0,3.4761,223918.95801,1
1785310800000,64422.2,64465.0,64422.2,64464.9,8615.0,8.6155,555155.10547,1
1785311100000,64465.0,64488.4,64445.2,64488.4,13987.0,13.9878,901975.29039,1
1785311400000,64488.4,64490.0,64428.6,64432.0,24610.0,24.6104,1586939.22615,1
1785311700000,64432.0,64544.0,64431.3,64531.4,22243.0,22.2432,1434757.66676,1
1785312000000,64539.1,64556.6,64489.7,64492.8,12889.0,12.8893,831808.84375,1
1785312300000,64490.2,64490.2,64404.0,64404.5,22725.0,22.7255,1464517.48693,1
1785312600000,64407.3,64407.4,64328.6,64342.2,14147.0,14.1477,910528.49718,1
1785312900000,64340.6,64366.1,64330.4,64360.1,4738.0,4.7389,304931.25201,1
1785313200000,64360.1,64375.3,64307.2,64307.8,3114.0,3.1147,200416.3744,1
1785313500000,64307.8,64307.8,64267.4,64273.5,4044.0,4.0448,260005.53639,1
1785313800000,64271.8,64313.6,64256.8,64274.8,4464.0,4.4642,286961.70499,1
1785314100000,64274.9,64303.0,64272.1,64293.0,1533.0,1.5332,98569.89059,1
1785314400000,64290.9,64397.0,64288.6,64397.0,15933.0,15.9332,1025077.82381,1
1785314700000,64399.9,64497.0,64399.9,64426.8,11629.0,11.6296,749474.40775,1
1785315000000,64427.4,64430.2,64366.6,64366.6,7278.0,7.2784,468676.24753,1
1785315300000,64373.4,64391.8,64368.1,64390.0,2735.0,2.735,176061.4186,1
1785315600000,64391.1,64418.0,64388.1,64394.3,6757.0,6.7577,435232.62788,1
1785315900000,64385.0,64402.4,64353.2,64402.4,4301.0,4.3013,276859.22327,1
1785316200000,64402.4,64439.9,64402.4,64430.2,4199.0,4.199,270527.81213,1
1785316500000,64430.2,64443.8,64399.1,64429.4,2872.0,2.8729,185116.64095,1
1785316800000,64441.8,64441.9,64405.8,64425.0,2163.0,2.1635,139367.7719,1
1785317100000,64425.0,64443.9,64411.7,64428.3,1677.0,1.6773,108071.51503,1
1785317400000,64435.7,64478.5,64435.7,64455.0,17383.0,17.3836,1120525.58544,1
1785317700000,64455.1,64583.4,64438.7,64562.3,19722.0,19.722,1272865.36757,1
1785318000000,64562.2,64660.6,64555.2,64574.7,60970.0,60.9705,3937480.68249,1
1785318300000,64567.0,64567.0,64482.8,64527.7,6428.0,6.4288,414828.55027,1
1785318600000,64531.7,64638.9,64506.8,64633.2,2099.0,2.0996,135553.3051,1
1785318900000,64633.3,64712.0,64633.1,64660.9,19828.0,19.8289,1282673.58465,1
1785319200000,64663.5,64679.9,64621.6,64623.1,7829.0,7.8292,506100.63872,1
1785319500000,64623.1,64642.8,64593.9,64639.9,11449.0,11.4496,739853.34083,1
1785319800000,64639.2,64641.3,64605.7,64634.7,2102.0,2.1028,135897.05368,1
1785320100000,64638.6,64672.1,64627.0,64636.2,4334.0,4.3343,280140.06943,1
1785320400000,64636.2,64641.7,64611.6,64611.6,4452.0,4.4522,287724.42966,1
1785320700000,64613.6,64615.0,64580.6,64593.7,3941.0,3.9418,254635.43756,1
1785321000000,64595.0,64600.0,64580.3,64580.3,2654.0,2.654,171434.33669,1
1785321300000,64578.6,64584.2,64534.7,64534.8,23124.0,23.1241,1492697.38741,1
1785321600000,64534.8,64650.0,64534.8,64646.8,2641.0,2.641,170596.8928,1
1785321900000,64635.3,64635.3,64572.6,64572.6,789.0,0.7894,50991.22282,1
1785322200000,64572.6,64572.6,64400.0,64404.5,15367.0,15.367,990617.38537,1
1785322500000,64404.5,64445.6,64381.1,64444.1,6222.0,6.2228,400870.00991,1
1785322800000,64444.1,64479.5,64434.8,64439.6,3745.0,3.7456,241433.62096,1
1785323100000,64439.6,64469.8,64416.0,64465.8,4192.0,4.1924,270170.00089,1
1785323400000,64465.8,64500.0,64462.8,64491.0,3435.0,3.4355,221550.40299,1
1785323700000,64490.1,64520.6,64449.0,64449.0,3559.0,3.5592,229528.25196,1
1785324000000,64457.6,64565.2,64457.6,64502.7,5337.0,5.3374,344384.35894,1
1785324300000,64502.7,64505.5,64467.3,64467.3,3473.0,3.4733,223972.81241,1
1785324600000,64461.2,64469.0,64400.3,64407.2,3153.0,3.1534,203144.90844,1
1785324900000,64403.0,64405.1,64391.8,64391.8,4614.0,4.614,297130.37442,1
1785325200000,64391.8,64418.0,64390.4,64391.0,4119.0,4.1194,265263.12202,1
1785325500000,64391.0,64453.3,64388.0,64453.3,40083.0,40.0836,2581168.93564,1
1785325800000,64455.8,64471.9,64430.7,64434.5,2732.0,2.7325,176126.83082,1
1785326100000,64430.5,64479.4,64428.2,64479.4,886.0,0.8867,57145.54186,1
1785326400000,64479.4,64479.5,64426.9,64428.7,3471.0,3.4714,223737.10637,1
1785326700000,64435.1,64445.0,64401.8,64402.8,3096.0,3.0965,199470.64105,1
1785327000000,64402.8,64457.1,64400.0,64430.0,3862.0,3.862,248839.86534,1
1785327300000,64430.0,64430.2,64243.9,64296.5,27847.0,27.8471,1790745.58336,1
1785327600000,64296.4,64339.0,64282.2,64310.5,22173.0,22.1731,1425950.49157,1
1785327900000,64310.4,64350.6,64310.4,64313.1,16623.0,16.6239,1069284.89034,1
1785328200000,64310.3,64345.1,64258.2,64345.1,25953.0,25.9536,1669264.17236,1
1785328500000,64352.9,64355.5,64280.0,64307.5,3121.0,3.1214,200740.43804,1
1785328800000,64308.0,64309.7,64270.8,64300.9,11493.0,11.4936,738931.62561,1
1785329100000,64312.9,64312.9,64276.1,64290.9,16053.0,16.0533,1032171.71412,1
1785329400000,64288.8,64313.6,64252.0,64263.1,2639.0,2.6391,169590.13037,1
1785329700000,64262.2,64289.3,64190.2,64248.2,26889.0,26.8893,1727243.77592,1
1785330000000,64248.1,64254.9,64202.4,64244.2,10137.0,10.1372,651140.04148,1
1785330300000,64245.8,64275.7,64190.0,64260.7,15247.0,15.2475,979736.57679,1
1785330600000,64260.7,64305.7,64248.0,64298.6,6129.0,6.1297,394059.65706,1
1785330900000,64298.5,64305.1,64168.8,64184.9,11953.0,11.9538,767591.13325,1
1785331200000,64184.8,64215.6,64120.0,64188.6,25389.0,25.3898,1628910.304,1
1785331500000,64172.5,64199.9,64128.3,64177.7,4753.0,4.7539,305132.09162,1
1785331800000,64172.5,64360.4,64136.1,64316.0,52497.0,52.4973,3372987.2243,1
1785332100000,64322.9,64343.9,64114.7,64312.2,16233.0,16.2334,1042721.86582,1
1785332400000,64295.6,64467.8,64228.2,64444.4,25720.0,25.7206,1656223.31091,1
1785332700000,64434.1,64607.6,64400.0,64607.2,49527.0,49.5271,3193840.59633,1
1785333000000,64599.2,64607.9,64393.4,64450.4,22541.0,22.5417,1453489.80769,1
1785333300000,64450.2,64634.0,64296.3,64634.0,31620.0,31.6207,2038871.7035,1
1785333600000,64633.0,64690.0,64490.8,64559.2,29215.0,29.215,1887482.12232,1
1785333900000,64559.5,64629.1,64421.5,64452.0,26555.0,26.555,1713570.91899,1
1785334200000,64450.1,64450.1,64203.5,64230.9,34653.0,34.6535,2228844.16797,1
1785334500000,64240.9,64338.8,64225.0,64256.6,24540.0,24.5406,1577310.29368,1
1785334800000,64264.1,64372.4,64227.5,64261.7,14482.0,14.4823,931016.99604,1
1785335100000,64269.5,64271.4,64090.0,64171.5,76565.0,76.5658,4911582.14586,1
1785335400000,64165.8,64281.3,64150.0,64150.0,21026.0,21.0268,1350231.81868,1
1785335700000,64140.9,64166.4,64080.0,64114.1,18860.0,18.8606,1209401.06284,1
1785336000000,64116.2,64155.9,64028.2,64070.8,19472.0,19.4723,1247617.46737,1
1785336300000,64068.6,64153.8,64028.3,64116.5,23114.0,23.1143,1481018.49038,1
1785336600000,64116.8,64229.0,64088.1,64228.8,24778.0,24.7789,1589373.52271,1
1785336900000,64228.9,64232.4,64079.0,64079.0,27266.0,27.2663,1747938.3867,1
1785337200000,64087.2,64161.4,64049.9,64110.6,18787.0,18.7877,1204708.93271,1
1785337500000,64103.6,64157.2,64064.1,64150.0,8389.0,8.3891,537751.61186,1
1785337800000,64150.0,64169.0,64060.7,64116.0,8718.0,8.7182,559143.9,1
1785338100000,64108.4,64133.8,63946.0,63953.7,44458.0,44.4585,2844655.7066,1
1785338400000,63953.6,64090.6,63949.1,64006.3,33983.0,33.9836,2176233.86937,1
1785338700000,64000.0,64071.1,63961.2,64071.1,13724.0,13.7241,878643.30843,1
1785339000000,64067.8,64093.7,64010.7,64040.2,11349.0,11.3496,726959.05832,1
1785339300000,64035.8,64155.6,63960.1,63960.1,16044.0,16.0442,1028461.06598,1
1785339600000,63961.3,64017.0,63949.8,63958.1,17328.0,17.3283,1108446.17198,1
1785339900000,63956.0,64009.4,63926.0,64009.4,14745.0,14.7458,943166.29384,1
1785340200000,64009.4,64020.3,63924.3,63932.2,4382.0,4.382,280278.51456,1
1785340500000,63929.1,63957.2,63870.8,63947.9,35521.0,35.5214,2270224.57679,1
1785340800000,63941.8,63972.6,63886.5,63890.6,8503.0,8.5037,543653.6692,1
1785341100000,63898.7,63959.7,63875.5,63958.9,35194.0,35.1941,2250667.27339,1
1785341400000,63963.7,63984.7,63932.3,63951.4,5300.0,5.3004,339026.40301,1
1785341700000,63922.4,63974.6,63899.2,63940.0,8470.0,8.4701,541612.53797,1
1785342000000,63940.0,64116.6,63907.6,64057.1,28543.0,28.5431,1828584.18603,1
1785342300000,64077.2,64100.0,64000.1,64000.1,17313.0,17.3136,1108554.96952,1
1785342600000,64000.2,64054.0,63905.2,63905.2,9004.0,9.004,575838.62754,1
1785342900000,63905.2,63919.9,63820.1,63866.4,48540.0,48.5408,3099140.15265,1
1785343200000,63866.6,63879.0,63604.1,63669.2,86679.0,86.6794,5520796.13845,1
1785343500000,63672.9,63774.1,63640.0,63666.1,46595.0,46.5959,2967696.37979,1
1785343800000,63666.1,63752.7,63665.0,63746.0,13597.0,13.5972,866293.91302,1
1785344100000,63738.1,63810.9,63727.3,63786.5,6449.0,6.4496,411365.8987,1
1785344400000,63782.2,63826.0,63732.7,63763.8,70784.0,70.7842,4515981.75959,1
1785344700000,63764.7,63774.7,63686.8,63731.5,15087.0,15.0872,961533.60348,1
1785345000000,63736.0,63854.7,63736.0,63850.0,37136.0,37.1365,2369822.66268,1
1785345300000,63850.0,63850.0,63741.3,63761.1,9237.0,9.2379,589412.18297,1
1785345600000,63767.1,63819.5,63767.1,63786.8,4809.0,4.8098,306827.92638,1
1785345900000,63774.0,63800.1,63725.3,63738.2,5321.0,5.3217,339311.81542,1
1785346200000,63738.2,63867.3,63710.5,63850.1,9195.0,9.1954,586813.15777,1
1785346500000,63846.6,63865.0,63794.9,63822.1,7977.0,7.9777,509256.46419,1
1785346800000,63826.7,63955.0,63826.7,63942.3,38977.0,38.9778,2490162.07784,1
1785347100000,63944.6,63964.4,63907.2,63964.4,27558.0,27.5586,1762262.65978,1
1785347400000,63964.4,64217.2,63964.4,64168.7,39180.0,39.1807,2510636.25417,1
1785347700000,64168.9,64271.6,64146.5,64243.9,85400.0,85.4,5480908.24518,1
1785348000000,64228.2,64661.7,64228.2,64407.0,216092.0,216.0921,13932827.44422,1
1785348300000,64392.4,64493.5,64322.2,64408.9,20680.0,20.6805,1332069.63182,1
1785348600000,64411.6,64452.6,64292.6,64313.8,35931.0,35.9317,2313618.60254,1
1785348900000,64313.8,64369.9,64166.6,64214.0,55797.0,55.7977,3586473.99989,1
1785349200000,64208.1,64239.1,64088.1,64100.0,36370.0,36.37,2333799.7765,1
1785349500000,64100.0,64100.0,63959.4,64072.0,87705.0,87.7053,5615925.24523,1
1785349800000,64078.2,64171.8,63748.6,63937.5,69310.0,69.3102,4430277.53648,1
1785350100000,63935.2,64234.2,63848.3,64171.4,32272.0,32.2725,2067728.48065,1
1785350400000,64163.9,64429.5,64158.5,64380.9,80150.0,80.1504,5155009.79324,1
1785350700000,64384.1,64482.8,64325.5,64482.8,35527.0,35.5275,2287162.46107,1
1785351000000,64482.7,64610.8,64397.5,64567.5,71044.0,71.0446,4585052.33092,1
1785351300000,64577.0,64586.7,64415.0,64474.8,29947.0,29.9477,1931712.94423,1
1785351600000,64475.0,64569.2,64428.5,64436.0,30637.0,30.6379,1975666.7082,1
1785351900000,64434.9,64436.0,64201.2,64201.7,51096.0,51.0961,3284680.70616,1
1785352200000,64200.1,64321.9,64150.8,64258.9,63577.0,63.5777,4083207.74122,1
1785352500000,64251.0,64380.6,64186.4,64226.5,68901.0,68.9016,4427898.80243,1
1785352800000,64235.1,64235.2,64058.9,64119.2,80242.0,80.2422,5144466.35187,1
1785353100000,64109.0,64131.1,63939.0,64010.8,26938.0,26.9384,1724020.33112,1
1785353400000,64016.2,64093.3,63849.1,63929.1,45098.0,45.0982,2886228.66579,1
1785353700000,63935.4,64017.4,63872.4,63872.4,18450.0,18.4505,1179879.90218,1
1785354000000,63872.4,63941.8,63825.0,63840.6,9383.0,9.3839,599465.55849,1
1785354300000,63854.0,63879.9,63483.7,63698.8,151219.0,151.2199,9626034.75165,1
1785354600000,63698.7,63698.7,63529.1,63617.0,25099.0,25.0994,1596606.95701,1
1785354900000,63607.5,63649.9,63540.0,63558.8,38349.0,38.3494,2439734.24707,1
1785355200000,63580.5,63589.2,63379.9,63477.9,87621.0,87.6219,5560534.31762,1
1785355500000,63493.9,63583.5,63340.8,63346.8,61380.0,61.3808,3896218.93739,1
1785355800000,63350.9,63623.8,63350.9,63588.9,48614.0,48.6141,3088808.02207,1
1785356100000,63588.9,63690.9,63580.0,63615.3,46570.0,46.5708,2964522.92607,1
1785356400000,63618.4,63677.0,63587.1,63589.3,49201.0,49.2016,3130669.12639,1
1785356700000,63589.2,63610.3,63371.3,63500.1,55112.0,55.1122,3499318.65462,1
1785357000000,63504.0,63562.2,63470.4,63555.3,41717.0,41.7179,2649719.26896,1
1785357300000,63557.5,63681.9,63557.5,63667.2,20701.0,20.7016,1316878.05004,1
1785357600000,63667.3,63700.0,63560.0,63562.1,22366.0,22.3663,1423775.95259,1
1785357900000,63577.0,63582.2,63491.8,63497.7,19333.0,19.3335,1228512.9784,1
1785358200000,63495.3,63540.0,63476.9,63532.2,12528.0,12.5289,795873.08959,1
1785358500000,63539.9,63540.0,63449.3,63493.0,25869.0,25.8699,1642426.58308,1
1785358800000,63492.6,63499.7,63271.3,63298.8,57353.0,57.3536,3634204.1587,1
1785359100000,63303.9,63382.4,63233.7,63320.0,39789.0,39.7896,2517903.47826,1
1785359400000,63326.3,63466.7,63326.3,63459.3,9869.0,9.8697,625939.97522,1
1785359700000,63436.6,63449.0,63339.6,63421.8,27714.0,27.7144,1756613.53044,1
1785360000000,63421.8,63485.3,63421.8,63485.2,16211.0,16.2118,1028840.99384,1
1785360300000,63485.3,63549.6,63440.3,63539.6,4430.0,4.4305,281364.68008,1
1785360600000,63539.5,63575.0,63516.1,63555.1,4918.0,4.9183,312543.00509,1
1785360900000,63554.8,63600.0,63518.3,63582.4,9086.0,9.0868,577563.48367,1
1785361200000,63579.2,63599.9,63512.6,63536.8,9358.0,9.3588,594855.9188,1
1785361500000,63527.5,63639.6,63502.4,63603.6,78759.0,78.7597,5005125.24824,1
1785361800000,63592.8,63765.7,63590.5,63709.1,124842.0,124.8423,7944116.30124,1
1785362100000,63712.9,63821.8,63676.6,63821.7,14169.0,14.1697,903897.69541,1
1785362400000,63821.8,63980.8,63821.7,63882.8,74124.0,74.1246,4737408.92587,1
1785362700000,63882.9,64078.4,63882.9,63944.5,97235.0,97.235,6221183.86291,1
1785363000000,63953.6,64068.3,63953.5,63996.1,27958.0,27.9585,1790096.47112,1
1785363300000,63973.8,64108.4,63948.2,64080.0,14494.0,14.4942,928290.96764,1
1785363600000,64080.0,64080.1,63977.2,63977.2,30072.0,30.0728,1925699.81284,1
1785363900000,63982.1,64016.6,63964.0,64016.6,10090.0,10.0903,645689.21874,1
1785364200000,64016.0,64023.2,63920.0,63926.7,28485.0,28.4859,1821502.91485,1
1785364500000,63926.7,63941.2,63893.0,63929.8,20582.0,20.5827,1315976.04157,1
1785364800000,63929.8,64011.3,63920.0,63990.7,12192.0,12.1926,780071.85395,1
1785365100000,63990.8,64000.0,63903.7,63903.7,21841.0,21.8415,1396504.56085,1
1785365400000,63903.7,63925.2,63894.8,63906.1,4487.0,4.4872,286752.26981,1
1785365700000,63903.3,63923.0,63903.2,63916.9,7859.0,7.8592,502359.7874,1
1785366000000,63920.0,63923.8,63897.3,63905.4,17674.0,17.6748,1129671.77731,1
1785366300000,63903.6,63955.8,63881.4,63942.3,23571.0,23.5717,1506275.38064,1
1785366600000,63938.6,63938.6,63870.7,63889.8,2742.0,2.7422,175196.34418,1
1785366900000,63898.7,64044.4,63892.3,64031.9,8293.0,8.2936,530645.67464,1
1785367200000,64027.5,64027.6,63980.1,63986.8,2989.0,2.989,191320.06464,1
1785367500000,63986.4,64010.4,63960.0,63980.8,7660.0,7.6608,490113.1372,1
1785367800000,63980.8,64008.6,63920.1,63944.7,19195.0,19.1957,1227792.92486,1
1785368100000,63944.7,63979.8,63922.2,63947.5,1921.0,1.9212,122857.70243,1
1785368400000,63947.0,63982.4,63907.0,63982.4,2747.0,2.7471,175668.77288,1
1785368700000,63983.2,64029.4,63964.5,63967.4,8709.0,8.7093,557386.194,1
1785369000000,63967.5,64001.4,63929.2,64001.4,10715.0,10.7151,685271.72205,1
1785369300000,64001.4,64004.3,63954.7,63959.0,1223.0,1.2237,78279.97215,1
1785369600000,63959.5,64006.9,63955.9,63983.9,5695.0,5.6956,364377.54707,1
1785369900000,63990.3,64027.6,63967.2,64011.1,43449.0,43.4497,2781456.77076,1
1785370200000,64011.1,64059.8,64000.0,64010.8,3716.0,3.7167,237948.94486,1
1785370500000,64008.7,64084.6,63988.3,64026.0,9514.0,9.5142,609269.3181,1
1785370800000,64026.0,64026.6,63966.6,63966.6,3259.0,3.2596,208591.13297,1
1785371100000,63969.0,63985.9,63935.7,63979.8,5496.0,5.4969,351642.37066,1
1785371400000,63979.9,63986.0,63824.2,63824.2,19597.0,19.5977,1252051.84583,1
1785371700000,63823.9,63832.0,63774.2,63778.6,14006.0,14.0069,893628.33112,1
1785372000000,63784.0,63791.8,63656.6,63669.7,99701.0,99.701,6347983.96042,1
1785372300000,63673.1,63730.7,63669.7,63723.1,8396.0,8.3969,534800.28038,1
1785372600000,63723.2,63723.2,63595.7,63596.7,16570.0,16.5705,1054696.04352,1
1785372900000,63596.8,63653.6,63580.0,63653.6,6483.0,6.4831,412329.4262,1
1785373200000,63666.5,63802.0,63663.3,63801.9,20867.0,20.8678,1329994.25339,1
1785373500000,63805.7,63857.3,63730.0,63783.3,7881.0,7.8814,502741.67407,1
1785373800000,63783.3,63783.3,63700.0,63700.0,4316.0,4.3167,275187.18631,1
1785374100000,63693.6,63733.0,63668.9,63724.2,19692.0,19.6926,1254212.48482,1
1785374400000,63727.8,63817.1,63706.1,63813.8,5182.0,5.1829,330458.93879,1
1785374700000,63817.6,63819.9,63788.9,63810.8,2956.0,2.9561,188621.4746,1
1785375000000,63810.8,63945.5,63810.8,63945.5,15124.0,15.1247,966293.33144,1
1785375300000,63945.5,64039.5,63938.0,63938.0,20219.0,20.2191,1293572.89976,1
1785375600000,63938.1,64045.8,63938.1,64038.0,7462.0,7.4621,477757.91767,1
1785375900000,64038.1,64245.1,64015.7,64211.5,31870.0,31.8709,2045477.25246,1
1785376200000,64211.5,64299.8,64165.3,64280.0,18577.0,18.5776,1193373.64433,1
1785376500000,64280.1,64354.1,64230.7,64242.9,22742.0,22.7427,1462380.26343,1
1785376800000,64241.0,64310.1,64212.7,64252.0,14935.0,14.9354,959696.18626,1
1785377100000,64246.2,64359.0,64225.2,64291.8,6259.0,6.2599,402455.04126,1
1785377400000,64291.9,64358.9,64259.9,64302.6,14488.0,14.4888,931990.00227,1
1785377700000,64307.0,64352.1,64274.2,64320.0,5727.0,5.7275,368446.20738,1
1785378000000,64320.0,64393.1,64314.0,64316.2,16120.0,16.12,1037492.94816,1
1785378300000,64316.1,64338.8,64300.0,64326.3,5509.0,5.5093,354356.37866,1
1785378600000,64332.2,64332.2,64228.3,64231.4,8901.0,8.9012,571970.48747,1
1785378900000,64228.4,64231.9,64193.9,64231.9,7884.0,7.8847,506268.31637,1
1785379200000,64231.9,64297.9,64206.3,64296.1,8676.0,8.6766,557725.46962,1
1785379500000,64296.2,64296.2,64222.8,64228.2,11585.0,11.5854,744524.42664,1
1785379800000,64228.3,64278.3,64226.2,64240.0,6551.0,6.5518,420877.80865,1
1785380100000,64221.7,64231.2,64142.9,64156.4,8929.0,8.9299,573026.47638,1
1785380400000,64166.1,64206.9,64157.1,64196.9,7687.0,7.687,493515.29892,1
1785380700000,64194.0,64246.5,64165.5,64165.5,1948.0,1.9487,125136.87705,1
1785381000000,64165.5,64165.5,64109.9,64161.3,2596.0,2.5969,166549.79329,1
1785381300000,64161.3,64282.4,64161.3,64197.9,3994.0,3.9947,256678.72534,1
1785381600000,64202.7,64212.9,64177.5,64200.1,4112.0,4.1121,263996.50698,1
1785381900000,64200.1,64251.7,64194.4,64243.7,1084.0,1.0849,69690.80337,1
1785382200000,64243.7,64243.7,64140.4,64172.9,1768.0,1.7687,113489.2482,1
1785382500000,64176.5,64190.0,64119.3,64136.0,6715.0,6.715,430747.00992,1
1785382800000,64136.0,64151.3,64116.8,64125.6,2688.0,2.6889,172469.18973,1
1785383100000,64125.6,64178.6,64125.5,64177.0,1408.0,1.4085,90355.32236,1
1785383400000,64164.5,64196.1,64152.9,64171.0,1309.0,1.3096,84060.30608,1
1785383700000,64171.0,64182.6,64129.0,64134.0,3620.0,3.6203,232260.2994,1
1785384000000,64140.0,64143.9,64092.3,64112.8,8626.0,8.6269,553047.19542,1
1785384300000,64112.8,64129.9,64089.6,64092.7,7004.0,7.0044,449124.44957,1
1785384600000,64093.3,64102.5,64077.0,64102.5,4909.0,4.9093,314592.66765,1
1785384900000,64102.5,64107.4,64077.0,64077.1,7095.0,7.0958,454747.8981,1
1785385200000,64077.0,64100.0,64065.4,64077.4,1956.0,1.956,125332.43643,1
1785385500000,64073.5,64107.4,64065.2,64079.4,7189.0,7.189,460739.70656,1
1785385800000,64079.4,64134.1,64078.0,64116.9,9290.0,9.2901,595587.25996,1
1785386100000,64116.9,64125.9,64050.9,64071.7,1764.0,1.7646,113045.60911,1
1785386400000,64072.0,64104.5,64031.8,64067.2,4983.0,4.9837,319192.83952,1
1785386700000,64067.2,64121.8,64059.0,64074.4,10408.0,10.4089,667200.40419,1
1785387000000,64081.5,64098.9,64056.0,64069.2,2282.0,2.2821,146218.89569,1
1785387300000,64069.2,64069.2,63982.1,63998.6,4230.0,4.2304,270758.26886,1
1785387600000,63995.4,63996.8,63907.2,63965.3,61405.0,61.4052,3925959.12009,1
1785387900000,63961.9,64010.0,63960.0,63965.5,2751.0,2.7515,176052.91266,1
1785388200000,63965.5,63989.9,63945.5,63956.8,11716.0,11.716,749342.40612,1
1785388500000,63971.8,63988.3,63928.3,63963.4,2852.0,2.8525,182387.6139,1
1785388800000,63963.4,63977.0,63880.9,63895.6,55478.0,55.4789,3545696.02139,1
1785389100000,63899.9,63989.1,63895.5,63989.1,2006.0,2.0061,128239.75228,1
1785389400000,63983.7,64149.9,63983.7,64118.6,91878.0,91.8784,5888133.81863,1
1785389700000,64099.8,64106.9,64048.8,64048.8,6659.0,6.6599,426762.26196,1
1785390000000,64042.9,64098.5,64028.9,64098.5,20287.0,20.2871,1299749.46567,1
1785390300000,64098.5,64123.7,64039.0,64062.2,4419.0,4.4193,283250.45735,1
1785390600000,64072.4,64076.5,64003.2,64004.3,5478.0,5.4789,350719.41747,1
1785390900000,64000.0,64026.1,63973.0,64013.6,3591.0,3.5912,229829.37853,1
1785391200000,64006.8,64029.1,63980.7,64029.1,23733.0,23.7332,1518878.91132,1
1785391500000,64033.5,64051.7,63986.8,63986.8,3842.0,3.8429,245983.48701,1
1785391800000,63986.8,64003.1,63954.9,63970.7,2378.0,2.3784,152182.31296,1
1785392100000,63970.7,63975.5,63954.0,63956.4,923.0,0.9239,59095.80134,1
1785392400000,63954.2,64003.9,63939.7,63994.2,1112.0,1.1125,71150.80699,1
1785392700000,64003.6,64050.0,64000.6,64038.6,3412.0,3.4128,218542.29239,1
1785393000000,64050.4,64050.4,63973.5,63983.8,2883.0,2.8833,184568.12671,1
1785393300000,63987.3,64005.2,63947.1,63993.7,3164.0,3.164,202374.19481,1
1785393600000,63984.4,63997.4,63972.2,63986.6,1618.0,1.6187,103584.52807,1
1785393900000,63983.1,63995.4,63930.0,63977.1,1622.0,1.6229,103804.85818,1
1785394200000,63972.5,63979.0,63934.3,63971.4,2318.0,2.3182,148264.06454,1
1785394500000,63969.2,63975.3,63949.6,63974.6,16275.0,16.275,1041053.73701,1
1785394800000,63974.6,64121.9,63968.1,64070.2,3454.0,3.4541,221214.58092,1
1785395100000,64067.0,64085.4,64000.0,64049.4,1597.0,1.5971,102285.15515,1
1785395400000,64050.2,64066.4,64017.7,64032.8,8037.0,8.0376,514752.01452,1
1785395700000,64042.6,64120.0,63966.6,64107.8,27822.0,27.8221,1780559.59074,1
1785396000000,64100.1,64107.8,64038.2,64092.8,5575.0,5.5757,357275.19202,1
1785396300000,64099.9,64115.3,64018.7,64039.9,4409.0,4.4097,282558.40129,1
1785396600000,64041.5,64041.5,63948.1,63958.8,3919.0,3.9197,250709.62518,1
1785396900000,63958.7,63985.0,63916.0,63985.0,21319.0,21.319,1363364.42042,1
1785397200000,63985.0,64024.4,63983.4,64008.8,6829.0,6.829,437058.0802,1
1785397500000,64012.7,64012.7,63970.2,63977.4,788.0,0.788,50427.40495,1
1785397800000,63976.7,64014.8,63957.7,63984.5,1083.0,1.0832,69303.24406,1
1785398100000,63978.5,63989.5,63953.6,63981.8,1182.0,1.182,75607.1398,1
1785398400000,63987.2,64004.0,63950.0,63996.3,7043.0,7.0439,450629.88565,1
1785398700000,63992.0,64042.0,63973.2,63976.7,11464.0,11.4647,733796.79511,1
1785399000000,63988.3,64039.2,63987.0,63993.1,5744.0,5.7444,367661.9634,1
1785399300000,63993.0,64032.9,63957.3,63990.5,4134.0,4.1349,264672.91924,1
1785399600000,63990.3,64188.1,63990.3,64180.6,8243.0,8.2437,528843.26918,1
1785399900000,64180.4,64326.4,64169.1,64254.3,56579.0,56.5791,3634963.02605,1
1785400200000,64248.4,64305.0,64248.4,64263.5,5858.0,5.8585,376522.95785,1
1785400500000,64253.7,64274.8,64227.6,64227.6,23660.0,23.6608,1520498.27717,1
1785400800000,64222.8,64323.1,64205.4,64323.1,5973.0,5.973,383705.65409,1
1785401100000,64320.0,64329.5,64283.4,64296.5,3881.0,3.8814,249584.37818,1
1785401400000,64310.0,64310.0,64264.3,64274.1,2077.0,2.0778,133574.69092,1
1785401700000,64276.7,64290.2,64261.5,64283.7,2084.0,2.0844,133979.62858,1
1785402000000,64280.5,64294.4,64260.7,64285.8,8986.0,8.9862,577576.91684,1
1785402300000,64276.5,64317.5,64258.3,64317.5,8808.0,8.8083,566311.18116,1
1785402600000,64317.5,64390.7,64277.7,64390.0,10428.0,10.4285,671030.27027,1
1785402900000,64389.0,64428.4,64362.4,64375.8,19080.0,19.0809,1228919.67337,1
1785403200000,64375.8,64477.0,64375.8,64473.2,24514.0,24.5146,1580077.86975,1
1785403500000,64477.9,64505.8,64455.1,64469.7,15260.0,15.2608,984005.00864,1
1785403800000,64469.8,64588.6,64469.8,64580.1,16445.0,16.4459,1061487.8652,1
1785404100000,64590.0,64618.2,64547.5,64557.4,63830.0,63.8307,4121657.28541,1
1785404400000,64560.6,64598.9,64533.3,64571.7,7674.0,7.6743,495443.90522,1
1785404700000,64571.7,64616.8,64567.6,64572.6,19106.0,19.1064,1234245.58449,1
1785405000000,64573.5,64586.5,64550.0,64554.8,23112.0,23.1126,1492099.43162,1
1785405300000,64554.8,64564.5,64550.0,64550.0,6102.0,6.1022,393940.67936,1
1785405600000,64550.0,64579.8,64543.8,64566.7,15576.0,15.5762,1005678.51645,1
1785405900000,64566.7,64602.8,64566.7,64584.0,20468.0,20.4682,1321843.31788,1
1785406200000,64584.0,64588.0,64548.9,64549.0,12512.0,12.512,807853.87863,1
1785406500000,64548.9,64590.5,64546.9,64588.7,4942.0,4.9424,319129.27032,1
1785406800000,64588.7,64600.0,64588.6,64595.2,3271.0,3.2715,211313.76994,1
1785407100000,64595.2,64605.1,64595.2,64601.0,5443.0,5.4435,351663.08924,1
1785407400000,64601.0,64601.0,64562.3,64565.9,18841.0,18.8419,1216979.40962,1
1785407700000,64565.9,64566.8,64539.6,64549.0,10422.0,10.4227,672776.7137,1
1785408000000,64550.0,64604.5,64550.0,64591.4,6987.0,6.9872,451310.20631,1
1785408300000,64591.5,64596.0,64571.2,64571.2,2302.0,2.3025,148709.17564,1
1785408600000,64571.2,64579.6,64547.0,64547.0,6964.0,6.9649,449665.41428,1
1785408900000,64547.0,64559.9,64545.5,64548.9,3024.0,3.0248,195260.07795,1
1785409200000,64549.7,64552.0,64515.8,64550.0,5731.0,5.7314,369861.81992,1
1785409500000,64558.8,64600.0,64540.8,64600.0,4074.0,4.0749,263047.68917,1
1785409800000,64599.9,64605.0,64578.3,64581.3,7245.0,7.2456,468091.63417,1
1785410100000,64581.3,64646.0,64581.3,64599.5,12166.0,12.1667,786303.75136,1
1785410400000,64593.2,64593.2,64546.5,64572.9,5369.0,5.3695,346644.29789,1
1785410700000,64572.9,64580.5,64545.4,64553.7,2871.0,2.8712,185346.78568,1
1785411000000,64553.8,64557.5,64533.0,64533.2,2557.0,2.557,165041.64911,1
1785411300000,64537.2,64684.9,64537.1,64630.6,16753.0,16.7532,1083315.77886,1
1785411600000,64630.7,64642.2,64627.3,64638.3,4765.0,4.7657,308035.05251,1
1785411900000,64638.2,64646.2,64629.2,64646.2,5546.0,5.5469,358544.75631,1
1785412200000,64647.9,64842.4,64647.9,64835.4,90424.0,90.4247,5857755.1702,1
1785412500000,64835.4,64870.0,64754.0,64756.9,30365.0,30.3658,1967531.90819,1
1785412800000,64757.0,64850.0,64757.0,64833.2,18641.0,18.6417,1207738.1932,1
1785413100000,64834.2,64884.8,64823.1,64874.9,10697.0,10.697,693778.41373,1
1785413400000,64874.9,65015.6,64870.1,64960.7,52654.0,52.6543,3418928.15928,1
1785413700000,64960.8,64999.8,64878.2,64887.2,26797.0,26.7973,1739483.27924,1
1785414000000,64889.9,64926.9,64834.6,64926.9,11826.0,11.8262,767287.58495,1
1785414300000,64926.8,64926.9,64845.8,64854.9,4569.0,4.5698,296522.71251,1
1785414600000,64856.4,64914.9,64826.8,64876.5,17354.0,17.3543,1125639.52089,1
1785414900000,64881.6,64900.0,64836.9,64843.7,4352.0,4.3528,282425.70137,1
1785415200000,64831.5,64887.3,64810.7,64810.7,8432.0,8.4326,546765.63147,1
1785415500000,64815.4,64864.8,64814.9,64844.5,6055.0,6.0557,392584.24499,1
1785415800000,64844.5,64887.4,64844.1,64887.4,16472.0,16.4722,1068407.99193,1
1785416100000,64880.0,64917.4,64873.4,64892.7,5158.0,5.1584,334780.1338,1
1785416400000,64892.6,64935.3,64808.0,64850.8,24712.0,24.712,1603293.93045,1
1785416700000,64850.8,64908.8,64845.3,64853.8,11379.0,11.3791,738083.16862,1
1785417000000,64856.2,64856.2,64810.9,64817.7,4847.0,4.8471,314240.35956,1
1785417300000,64817.7,64832.1,64785.2,64810.1,10002.0,10.0022,648179.85614,1
1785417600000,64806.9,64828.4,64791.4,64828.3,3109.0,3.1091,201484.44268,1
1785417900000,64832.0,64849.9,64807.5,64807.6,14986.0,14.9865,971439.43739,1
1785418200000,64816.8,64816.8,64710.0,64714.9,37002.0,37.002,2395523.70008,1
1785418500000,64715.0,64735.0,64677.1,64717.3,16916.0,16.9169,1094518.46396,1
1785418800000,64705.2,64991.2,64663.0,64991.2,65264.0,65.2642,4236317.62486,1
1785419100000,64978.8,65150.0,64969.0,65109.9,182775.0,182.7759,11891022.65887,1
1785419400000,65117.6,65124.0,64982.6,64986.0,46253.0,46.2535,3009125.46699,1
1785419700000,64979.7,65043.8,64960.2,64995.9,10766.0,10.766,699812.24,1
1785420000000,64986.5,65015.0,64875.0,64875.0,31979.0,31.9795,2076096.99295,1
1785420300000,64875.1,64884.8,64722.2,64743.7,35924.0,35.9241,2327304.51644,1
1785420600000,64740.1,64757.9,64700.0,64703.3,23376.0,23.3763,1512964.14959,1
1785420900000,64701.0,64746.2,64605.4,64624.5,72912.0,72.9121,4713863.8583,1
1785421200000,64621.3,64736.5,64590.0,64731.9,60290.0,60.2905,3899199.5587,1
1785421500000,64737.3,64821.9,64723.8,64750.7,65809.0,65.8092,4262541.26103,1
1785421800000,64751.0,64836.2,64733.2,64785.0,40906.0,40.9063,2650478.76755,1
1785422100000,64785.9,64813.9,64705.9,64769.5,11788.0,11.788,763564.17749,1
1785422400000,64777.0,64814.9,64769.9,64773.5,20623.0,20.6238,1336299.20368,1
1785422700000,64773.5,64775.2,64710.2,64772.2,9286.0,9.2862,601166.58441,1
1785423000000,64776.9,64814.7,64728.2,64728.2,3794.0,3.7944,245816.68595,1
1785423300000,64722.2,64722.2,64607.1,64649.0,34806.0,34.8067,2250093.23978,1
1785423600000,64653.5,64713.6,64571.4,64713.5,14026.0,14.0265,906426.04108,1
1785423900000,64706.0,64791.4,64677.6,64791.4,18940.0,18.9402,1226145.44691,1
1785424200000,64791.9,64796.4,64649.9,64692.3,10253.0,10.2538,663436.63519,1
1785424500000,64691.0,64749.6,64664.8,64740.1,7974.0,7.9741,515983.9457,1
1785424800000,64740.1,64858.7,64740.1,64765.0,21687.0,21.6878,1405443.2946,1
1785425100000,64764.9,64786.2,64654.0,64657.9,24567.0,24.5673,1589329.94389,1
1785425400000,64657.0,64662.1,64604.6,64648.3,11400.0,11.4003,736705.32804,1
1785425700000,64649.0,64691.6,64645.1,64688.7,35299.0,35.2993,2282565.58475,1
1785426000000,64681.4,64749.5,64669.5,64733.5,6998.0,6.9988,452880.0923,1
1785426300000,64733.5,64763.4,64705.7,64738.5,2853.0,2.8538,184742.14172,1
1785426600000,64742.3,64742.3,64670.0,64680.0,27525.0,27.5258,1780762.08376,1
1785426900000,64699.9,64700.0,64673.2,64694.3,7099.0,7.0997,459271.24059,1
1785427200000,64697.5,64791.4,64694.5,64787.4,6782.0,6.7821,439272.485,1
1785427500000,64787.4,64833.5,64787.4,64810.2,10795.0,10.7959,699843.14323,1
1785427800000,64810.2,64922.0,64808.2,64899.6,13077.0,13.077,848394.49334,1
1785428100000,64899.9,64919.5,64841.4,64866.5,7043.0,7.043,456869.41548,1
1785428400000,64864.0,64867.6,64811.3,64820.0,4777.0,4.7773,309729.76411,1
1785428700000,64820.1,64875.0,64820.0,64859.4,20094.0,20.0949,1303137.94934,1
1785429000000,64859.4,64860.6,64811.3,64838.2,3807.0,3.8071,246826.26495,1
1785429300000,64840.5,64869.9,64824.6,64831.4,17592.0,17.5925,1141052.02152,1
1785429600000,64825.4,64825.4,64735.0,64741.6,21190.0,21.1903,1372002.99261,1
1785429900000,64741.0,64777.6,64741.0,64775.9,4481.0,4.4816,290248.03988,1
1785430200000,64780.4,64808.0,64767.9,64796.3,3179.0,3.1796,205982.87389,1
1785430500000,64803.1,64817.6,64785.5,64785.5,3358.0,3.3581,217582.95082,1
1785430800000,64796.9,64840.0,64789.0,64808.5,15337.0,15.3373,994016.20729,1
1785431100000,64808.4,64829.0,64791.1,64796.7,2622.0,2.6224,169956.39567,1
1785431400000,64801.5,64826.9,64735.3,64770.6,43381.0,43.3813,2810332.0791,1
1785431700000,64770.6,64867.1,64759.6,64867.1,6579.0,6.5794,426381.63148,1
1785432000000,64867.1,64924.1,64866.1,64912.1,36251.0,36.2515,2353016.62873,1
1785432300000,64912.1,64923.0,64871.8,64911.7,12577.0,12.5775,816428.77027,1
1785432600000,64911.8,64924.7,64822.6,64823.9,16515.0,16.5155,1071822.39082,1
1785432900000,64823.8,64888.2,64791.6,64830.1,7502.0,7.5023,486593.15359,1
1785433200000,64834.5,64957.3,64834.5,64919.6,20006.0,20.0061,1298957.85585,1
1785433500000,64908.8,64920.0,64878.0,64878.0,28830.0,28.8302,1871465.63163,1
1785433800000,64878.0,64881.6,64837.6,64839.3,22855.0,22.8558,1482425.11305,1
1785434100000,64837.5,64846.0,64822.2,64842.4,5829.0,5.829,377883.94385,1
1785434400000,64842.4,64853.3,64824.1,64832.1,2151.0,2.151,139467.17995,1
1785434700000,64831.8,64864.2,64805.4,64810.1,12693.0,12.693,823009.04786,1
1785435000000,64810.1,64810.1,64788.4,64790.9,6373.0,6.3732,412983.87906,1
1785435300000,64790.9,64790.9,64719.6,64747.6,9633.0,9.6336,623735.46669,1
1785435600000,64745.0,64766.6,64734.6,64763.3,6484.0,6.4849,419878.77079,1
1785435900000,64763.4,64783.6,64763.3,64765.8,3111.0,3.1112,201523.46665,1
1785436200000,64781.4,64783.9,64733.3,64733.3,3589.0,3.5895,232411.82858,1
1785436500000,64732.1,64740.9,64679.9,64686.8,19438.0,19.4385,1257598.8604,1
1785436800000,64686.8,64711.9,64686.8,64704.7,5851.0,5.8514,378583.9937,1
1785437100000,64704.7,64704.7,64669.5,64673.2,10492.0,10.492,678694.23406,1
1785437400000,64674.7,64697.7,64661.0,64661.1,11475.0,11.4755,742155.07193,1
1785437700000,64661.1,64677.1,64659.0,64677.1,5697.0,5.6976,368458.59287,1
1785438000000,64668.9,64752.4,64668.9,64752.4,11298.0,11.2981,731145.93261,1
1785438300000,64752.4,64816.6,64738.5,64802.2,5487.0,5.4871,355464.54348,1
1785438600000,64802.1,64835.4,64802.1,64814.2,6578.0,6.5781,426369.52652,1
1785438900000,64814.0,64833.7,64779.5,64803.1,14143.0,14.1431,916568.37304,1
1785439200000,64804.0,64830.6,64788.7,64817.0,1535.0,1.5352,99491.85676,1
1785439500000,64817.0,64875.0,64808.3,64856.3,5494.0,5.4946,356347.45831,1
1785439800000,64856.4,64856.4,64803.3,64839.6,7497.0,7.4977,486106.92206,1
1785440100000,64840.8,64852.0,64807.4,64828.5,6602.0,6.6023,427995.29825,1
1785440400000,64828.5,64831.2,64796.2,64809.4,4262.0,4.2624,276277.37969,1
1785440700000,64806.5,64815.4,64750.0,64759.3,8601.0,8.6013,557036.36822,1
1785441000000,64758.1,64834.9,64753.8,64800.0,5540.0,5.54,359022.09165,1
1785441300000,64800.1,64800.3,64754.4,64768.8,11203.0,11.2037,725824.8326,1
1785441600000,64781.9,64909.0,64755.1,64868.7,15737.0,15.7378,1020743.41418,1
1785441900000,64868.7,64880.3,64793.8,64793.8,5739.0,5.7394,372152.57002,1
1785442200000,64791.9,64793.9,64762.0,64766.4,3767.0,3.7677,244045.9167,1
1785442500000,64762.1,64799.7,64744.3,64799.7,3303.0,3.3036,213935.64954,1
1785442800000,64798.6,64849.9,64798.6,64845.3,10743.0,10.7437,696504.20416,1
1785443100000,64844.8,64844.8,64763.4,64764.3,6274.0,6.2743,406649.83709,1
1785443400000,64793.4,64795.5,64727.0,64780.6,11326.0,11.3269,733601.8224,1
1785443700000,64777.8,64778.7,64751.4,64759.3,6898.0,6.8987,446787.63935,1
1785444000000,64759.3,64857.8,64759.3,64848.2,4787.0,4.7872,310358.14647,1
1785444300000,64839.9,64854.9,64802.4,64834.0,2771.0,2.7717,179693.93534,1
1785444600000,64834.0,64834.0,64802.3,64804.9,4782.0,4.7824,309968.99644,1
1785444900000,64804.9,64804.9,64750.0,64750.0,5101.0,5.1011,330428.46778,1
1785445200000,64750.0,64780.8,64750.0,64780.0,6834.0,6.834,442663.10674,1
1785445500000,64780.0,64780.0,64738.0,64750.7,2118.0,2.1182,137161.00002,1
1785445800000,64750.8,64756.2,64711.0,64733.9,12625.0,12.6255,817077.3823,1
1785446100000,64730.7,64730.7,64721.2,64721.3,2861.0,2.861,185179.1882,1
1785446400000,64725.9,64739.3,64725.9,64726.8,2514.0,2.5143,162759.70139,1
1785446700000,64726.8,64732.5,64725.2,64725.2,5435.0,5.4354,351810.64961,1
1785447000000,64725.2,64732.9,64725.2,64729.5,6421.0,6.4211,415622.80133,1
1785447300000,64729.5,64745.6,64729.5,64745.0,4052.0,4.0521,262332.04895,1
1785447600000,64754.3,64773.0,64719.9,64740.3,3130.0,3.1309,202722.78762,1
1785447900000,64740.3,64750.0,64720.1,64731.3,1796.0,1.7968,116304.30798,1
1785448200000,64731.3,64732.6,64706.9,64707.0,3210.0,3.2107,207787.30287,1
1785448500000,64706.9,64717.0,64678.3,64706.6,6486.0,6.4863,419655.21648,1
1785448800000,64691.1,64809.2,64647.1,64778.0,21073.0,21.0738,1364121.16474,1
1785449100000,64782.9,64940.5,64773.1,64920.8,26250.0,26.2506,1703584.06168,1
1785449400000,64920.8,64952.6,64878.0,64908.0,5768.0,5.7683,374515.5188,1
1785449700000,64908.0,64937.9,64878.1,64887.8,4059.0,4.0591,263462.00916,1
1785450000000,64889.0,64919.1,64876.1,64887.1,2515.0,2.5156,163237.90576,1
1785450300000,64887.1,64978.6,64887.1,64975.7,13362.0,13.3629,867984.59045,1
1785450600000,64979.0,64988.9,64896.4,64913.6,4297.0,4.297,279054.99455,1
1785450900000,64913.7,64923.9,64875.0,64878.3,3165.0,3.1653,205448.89554,1
1785451200000,64878.3,64902.6,64857.3,64887.3,2902.0,2.9024,188283.13331,1
1785451500000,64887.3,64900.0,64850.0,64859.0,3073.0,3.0738,199377.56793,1
1785451800000,64859.0,64866.9,64846.0,64850.7,1496.0,1.4964,97050.63927,1
1785452100000,64850.7,64850.8,64817.2,64831.7,4273.0,4.2737,277091.70256,1
1785452400000,64822.0,64850.0,64817.0,64845.0,3065.0,3.0654,198741.30987,1
1785452700000,64845.0,64900.0,64845.0,64875.1,11631.0,11.6316,754662.4443,1
1785453000000,64875.1,64915.0,64856.4,64915.0,4131.0,4.131,268101.22716,1
1785453300000,64914.1,64920.6,64886.8,64894.1,6105.0,6.1051,396275.15487,1
1785453600000,64887.9,64896.0,64872.1,64890.0,2526.0,2.5268,163950.04131,1
1785453900000,64890.0,64910.5,64873.6,64889.4,4106.0,4.1068,266447.27176,1
1785454200000,64901.4,65040.9,64895.9,65035.0,25419.0,25.4199,1652422.07862,1
1785454500000,65034.2,65083.2,65021.2,65055.4,113856.0,113.856,7408560.85145,1
1785454800000,65056.2,65056.2,64763.2,64779.8,18604.0,18.604,1207465.58528,1
1785455100000,64779.9,64860.0,64779.9,64856.6,7462.0,7.4622,483796.49654,1
1785455400000,64859.9,64859.9,64712.0,64754.9,11970.0,11.9708,775229.26561,1
1785455700000,64754.9,64769.9,64747.0,64750.1,3055.0,3.0551,197850.54039,1
1785456000000,64750.0,64852.8,64750.0,64851.9,51421.0,51.4215,3333070.72394,1
1785456300000,64852.6,64876.7,64758.4,64762.9,3193.0,3.1932,206971.85951,1
1785456600000,64762.9,64798.2,64733.1,64793.2,7047.0,7.047,456258.11251,1
1785456900000,64790.7,64799.7,64741.1,64741.1,3971.0,3.9714,257188.90725,1
1785457200000,64736.2,64783.1,64729.5,64738.7,10368.0,10.3688,671468.82656,1
1785457500000,64741.4,64750.6,64700.0,64735.3,10198.0,10.1986,660146.73734,1
1785457800000,64735.3,64780.0,64718.1,64748.6,29233.0,29.2337,1892674.30432,1
1785458100000,64738.7,64786.3,64721.5,64740.9,1189.0,1.1897,77028.95475,1
1785458400000,64742.6,64767.4,64725.0,64767.4,1678.0,1.6782,108655.43232,1
1785458700000,64767.4,64781.6,64711.0,64721.9,587.0,0.5879,38068.52812,1
1785459000000,64721.4,64730.6,64675.0,64675.0,15876.0,15.8763,1027289.43688,1
1785459300000,64675.2,64703.9,64663.7,64698.9,10630.0,10.6309,687609.74346,1
1785459600000,64703.9,64929.4,64703.9,64929.4,37214.0,37.2148,2414850.49051,1
1785459900000,64929.4,65321.3,64929.4,65321.3,165228.0,165.2287,10763868.99938,1
1785460200000,65315.6,65390.0,65160.2,65163.2,87940.0,87.9406,5740327.8855,1
1785460500000,65160.7,65160.7,65067.4,65087.9,17222.0,17.2224,1121383.46175,1
1785460800000,65069.6,65084.9,65003.2,65084.9,15394.0,15.394,1001481.36798,1
1785461100000,65084.9,65193.6,65084.1,65160.0,25689.0,25.6896,1673673.21316,1
1785461400000,65146.2,65158.7,65016.4,65017.7,35247.0,35.2471,2294134.99132,1
1785461700000,65024.4,65026.9,64876.0,64899.9,43891.0,43.891,2849891.05937,1
1785462000000,64899.7,64921.7,64800.1,64803.3,11415.0,11.4154,740399.50936,1
1785462300000,64803.4,64864.0,64553.0,64590.8,64028.0,64.0283,4139023.12267,1
1785462600000,64590.7,64620.0,64507.4,64541.9,45141.0,45.141,2915854.77506,1
1785462900000,64540.0,64587.9,64450.0,64535.1,45491.0,45.4918,2936120.1715,1
1785463200000,64527.4,64564.6,64442.8,64500.0,12906.0,12.9069,832574.65994,1
1785463500000,64488.1,64590.7,64486.9,64579.3,10141.0,10.1415,654612.29997,1
1785463800000,64570.1,64573.9,64464.2,64464.2,13179.0,13.1799,850664.6239,1
1785464100000,64460.7,64460.7,64369.5,64389.8,33979.0,33.9791,2188234.85288,1
1785464400000,64389.8,64409.9,64355.6,64358.0,9662.0,9.6623,622063.23783,1
1785464700000,64360.2,64400.0,64320.6,64331.7,38144.0,38.1445,2454951.00772,1
1785465000000,64326.1,64386.1,64288.2,64343.0,30605.0,30.6056,1968933.38061,1
1785465300000,64343.1,64343.1,64269.8,64269.8,25522.0,25.5228,1640788.36142,1
1785465600000,64269.9,64269.9,64178.6,64216.1,39407.0,39.4074,2530967.10815,1
1785465900000,64210.6,64335.2,64200.0,64296.4,8989.0,8.989,577836.7821,1
1785466200000,64288.1,64322.3,64238.9,64290.9,6570.0,6.5703,422411.22758,1
1785466500000,64290.6,64290.6,64203.0,64262.9,13578.0,13.5788,872088.34137,1
1785466800000,64272.1,64272.1,64200.0,64229.1,16631.0,16.6312,1068390.84431,1
1785467100000,64225.1,64228.0,64168.3,64223.1,11509.0,11.5097,739046.82302,1
1785467400000,64231.0,64239.5,64155.1,64225.0,15034.0,15.0341,965313.09489,1
1785467700000,64233.5,64311.5,64195.2,64311.5,14762.0,14.7622,948891.79477,1
1785468000000,64312.2,64374.5,64312.1,64374.4,13709.0,13.7097,882124.41585,1
1785468300000,64374.5,64396.6,64331.1,64355.1,10333.0,10.333,665045.88651,1
1785468600000,64370.4,64396.5,64317.4,64333.2,2838.0,2.8382,182656.62523,1
1785468900000,64333.2,64350.7,64276.1,64294.3,1780.0,1.78,114461.31416,1
1785469200000,64294.7,64367.9,64294.7,64360.2,1968.0,1.9683,126603.00433,1
1785469500000,64360.2,64369.1,64321.0,64321.1,1107.0,1.107,71226.679,1
1785469800000,64324.7,64410.4,64316.4,64408.1,12848.0,12.8482,827386.86712,1
1785470100000,64408.1,64408.1,64334.7,64347.2,3974.0,3.9748,255867.38771,1
1785470400000,64346.1,64419.0,64322.8,64401.1,4397.0,4.3974,283027.59084,1
1785470700000,64401.1,64401.1,64326.4,64380.4,3272.0,3.2727,210628.6935,1
1785471000000,64380.4,64380.4,64320.7,64347.0,8073.0,8.0739,519545.65421,1
1785471300000,64341.4,64346.9,64258.0,64278.6,16534.0,16.5348,1062938.23932,1
1785471600000,64278.6,64278.6,64210.1,64214.1,5965.0,5.9653,383265.05402,1
1785471900000,64214.1,64300.0,64214.1,64300.0,4467.0,4.467,287197.78618,1
1785472200000,64300.0,64340.0,64280.8,64300.1,1553.0,1.5537,99905.63575,1
1785472500000,64300.1,64315.6,64272.8,64301.5,1235.0,1.2356,79459.24719,1
1785472800000,64294.6,64294.6,64268.7,64282.9,1506.0,1.5069,96854.74365,1
1785473100000,64282.9,64308.4,64275.0,64275.0,2006.0,2.006,128983.856,1
1785473400000,64275.0,64297.9,64268.7,64297.9,3197.0,3.197,205529.21269,1
1785473700000,64297.9,64302.7,64284.2,64285.1,16033.0,16.0331,1030685.21652,1
1785474000000,64285.1,64387.2,64285.1,64387.2,3519.0,3.5191,226484.83785,1
1785474300000,64387.2,64395.0,64338.6,64361.6,6192.0,6.1922,398526.47146,1
1785474600000,64361.6,64393.4,64361.5,64393.4,5213.0,5.2137,335597.06141,1
1785474900000,64393.3,64393.4,64358.2,64364.8,4233.0,4.2337,272534.38474,1
1785475200000,64364.8,64396.7,64352.1,64365.7,2003.0,2.0031,128931.59305,1
1785475500000,64364.3,64364.4,64308.3,64308.3,2557.0,2.5571,164483.55419,1
1785475800000,64308.3,64337.3,64293.3,64293.3,11373.0,11.3735,731564.63593,1
1785476100000,64293.3,64317.2,64266.6,64303.7,13619.0,13.619,875563.85278,1
1785476400000,64303.7,64306.9,64266.2,64266.2,3758.0,3.7589,241660.86779,1
1785476700000,64266.2,64280.2,64250.0,64258.2,3129.0,3.1293,201092.09838,1
1785477000000,64258.0,64315.0,64253.2,64311.2,5825.0,5.8257,374503.88747,1
1785477300000,64311.3,64348.7,64304.7,64330.3,1405.0,1.4059,90425.01145,1
1785477600000,64331.4,64331.4,64291.9,64319.0,3080.0,3.0809,198139.71072,1
1785477900000,64319.0,64362.4,64319.0,64358.6,16040.0,16.0405,1032346.51912,1
1785478200000,64359.6,64365.9,64348.9,64352.9,8661.0,8.6613,557374.26144,1
1785478500000,64352.9,64356.0,64333.2,64356.0,942.0,0.9422,60620.26407,1
1785478800000,64356.0,64361.8,64343.0,64345.6,7829.0,7.8292,503801.89046,1
1785479100000,64345.6,64429.7,64334.7,64429.7,5274.0,5.2742,339533.91943,1
1785479400000,64429.6,64476.8,64406.5,64422.4,15657.0,15.6572,1008847.71574,1
1785479700000,64429.1,64429.1,64333.7,64339.0,2373.0,2.3734,152804.09573,1
1785480000000,64345.4,64351.4,64242.9,64249.9,13712.0,13.7127,881877.64991,1
1785480300000,64249.9,64249.9,64179.9,64234.2,29527.0,29.5274,1895756.29476,1
1785480600000,64235.7,64245.0,64195.2,64213.1,16828.0,16.8286,1080775.45669,1
1785480900000,64221.6,64254.0,64220.0,64220.1,2065.0,2.0652,132646.85804,1
1785481200000,64220.0,64220.0,64090.1,64090.1,28335.0,28.3351,1816980.32541,1
1785481500000,64096.0,64128.7,64000.0,64099.0,26675.0,26.6753,1708685.99847,1
1785481800000,64098.9,64098.9,64013.0,64038.6,26864.0,26.8646,1721283.61217,1
1785482100000,64035.0,64066.1,64000.1,64050.3,11717.0,11.7172,750043.94677,1
1785482400000,64054.6,64061.3,63959.2,63959.3,30809.0,30.809,1972181.05278,1
1785482700000,63962.0,63983.8,63962.0,63969.6,11858.0,11.8581,758653.62814,1
1785483000000,63965.7,64002.6,63934.5,63960.3,13108.0,13.1089,838448.49516,1
1785483300000,63960.3,63984.8,63908.9,63966.0,13856.0,13.8564,885729.69184,1
1785483600000,63966.0,63966.0,63852.4,63887.9,30099.0,30.0994,1922397.98552,1
1785483900000,63885.0,63946.8,63885.0,63937.4,7888.0,7.8882,504221.32967,1
1785484200000,63937.4,63988.9,63925.1,63955.0,46071.0,46.0711,2947139.29778,1
1785484500000,63950.1,63950.2,63920.0,63920.0,3806.0,3.8067,243401.75853,1
1785484800000,63900.3,63927.5,63848.8,63920.0,29136.0,29.1369,1861365.02464,1
1785485100000,63918.0,63918.0,63835.4,63835.5,10089.0,10.0896,644262.20164,1
1785485400000,63833.4,63942.7,63830.1,63920.3,3275.0,3.2755,209301.78556,1
1785485700000,63915.8,63946.7,63852.5,63868.1,11635.0,11.6358,743239.72837,1
1785486000000,63868.1,63879.5,63833.5,63843.3,5023.0,5.0237,320752.27301,1
1785486300000,63843.3,63948.2,63843.3,63945.7,19585.0,19.5853,1251847.55674,1
1785486600000,63945.6,63945.6,63873.7,63916.4,2855.0,2.8559,182508.27894,1
1785486900000,63916.5,63916.5,63835.0,63835.2,3107.0,3.1078,198479.18044,1
1785487200000,63835.2,63843.8,63790.0,63818.7,22289.0,22.2899,1422240.44464,1
1785487500000,63818.7,63877.5,63818.7,63852.0,9417.0,9.4171,601318.49254,1
1785487800000,63852.0,63852.0,63789.0,63796.8,7184.0,7.1849,458537.66796,1
1785488100000,63796.8,63830.2,63789.0,63801.8,3121.0,3.1218,199188.27399,1
1785488400000,63812.6,63818.7,63789.0,63808.5,2287.0,2.2876,145967.40806,1
1785488700000,63808.5,63808.5,63740.0,63763.8,16615.0,16.6154,1059569.80936,1
1785489000000,63764.2,63793.8,63727.4,63774.6,3425.0,3.4258,218455.54754,1
1785489300000,63776.6,63777.6,63701.7,63701.7,8910.0,8.9105,567862.65697,1
1785489600000,63701.7,63712.8,63666.6,63670.3,10822.0,10.8225,689267.08863,1
1785489900000,63670.4,63679.9,63661.1,63669.9,12998.0,12.9989,827681.83646,1
1785490200000,63670.0,63699.6,63604.9,63649.7,29632.0,29.6322,1885571.15891,1
1785490500000,63647.8,63704.1,63647.7,63666.3,5243.0,5.2435,333932.36113,1
1785490800000,63676.2,63699.1,63660.8,63665.3,6924.0,6.9249,440985.59161,1
1785491100000,63665.3,63689.8,63653.4,63689.7,2050.0,2.0508,130571.86431,1
1785491400000,63689.7,63722.0,63680.5,63681.1,10107.0,10.1078,643856.20585,1
1785491700000,63680.1,63699.0,63671.3,63689.1,1260.0,1.2605,80268.31217,1
1785492000000,63689.1,63693.5,63628.1,63628.1,2909.0,2.9092,185156.07268,1
1785492300000,63628.1,63672.5,63582.0,63672.5,8243.0,8.2433,524316.39497,1
1785492600000,63675.4,63711.1,63675.2,63703.3,6549.0,6.5494,417153.2251,1
1785492900000,63701.6,63709.4,63670.7,63709.4,8573.0,8.5738,546115.84275,1
1785493200000,63710.2,63758.8,63710.2,63751.0,9509.0,9.5091,606106.42666,1
1785493500000,63751.0,63792.5,63751.0,63782.6,9603.0,9.6035,612490.87891,1
1785493800000,63790.0,63823.9,63790.0,63813.0,6025.0,6.0257,384491.05491,1
1785494100000,63819.1,63845.5,63808.6,63822.5,4301.0,4.3015,274562.95844,1
1785494400000,63820.3,63875.6,63820.2,63870.3,11914.0,11.9143,760810.17087,1
1785494700000,63870.3,63890.0,63840.1,63847.8,5578.0,5.5786,356321.51474,1
1785495000000,63852.9,63918.0,63852.9,63912.2,9542.0,9.5425,609690.26479,1
1785495300000,63916.0,63923.4,63886.8,63886.8,9286.0,9.2865,593378.61906,1
1785495600000,63886.9,63964.9,63885.8,63964.9,12698.0,12.6982,811586.32387,1
1785495900000,63964.9,63977.4,63905.0,63905.0,9805.0,9.805,626759.20462,1
1785496200000,63905.0,63905.0,63871.2,63881.7,8135.0,8.1359,519750.96412,1
1785496500000,63875.2,63900.2,63830.3,63888.0,18126.0,18.1267,1157458.72883,1
1785496800000,63884.2,63935.6,63884.2,63935.6,2906.0,2.9069,185802.90982,1
1785497100000,63940.9,63944.2,63866.3,63868.8,9317.0,9.3177,595433.97269,1
1785497400000,63868.8,63872.4,63832.0,63837.5,14557.0,14.5574,929611.36149,1
1785497700000,63838.0,63850.0,63821.0,63826.4,4185.0,4.185,267121.12527,1
1785498000000,63825.9,63842.0,63816.0,63816.0,4738.0,4.7381,302408.05812,1
1785498300000,63816.0,63831.2,63778.9,63788.1,8034.0,8.034,512607.426,1
1785498600000,63792.0,63820.8,63782.5,63819.9,11000.0,11.0005,701815.52964,1
1785498900000,63814.7,63814.7,63769.2,63779.3,5903.0,5.9039,376569.25056,1
1785499200000,63789.0,63799.6,63738.3,63738.5,14490.0,14.4909,923821.07149,1
1785499500000,63738.3,63740.0,63717.1,63729.9,11492.0,11.4926,732384.63002,1
1785499800000,63734.4,63735.0,63674.0,63702.7,8018.0,8.0186,510770.03796,1
1785500100000,63690.4,63703.4,63672.2,63678.0,12558.0,12.5584,799721.97467,1
1785500400000,63678.4,63723.9,63678.4,63701.5,4930.0,4.9309,314099.91389,1
1785500700000,63703.0,63747.0,63703.0,63730.2,17291.0,17.2917,1102056.1616,1
1785501000000,63730.0,63730.0,63608.5,63630.6,24207.0,24.2071,1540862.2512,1
1785501300000,63630.6,63692.3,63608.5,63645.7,7631.0,7.6319,485836.01477,1
1785501600000,63628.0,63667.9,63608.6,63638.8,4055.0,4.055,258096.37295,1
1785501900000,63635.4,63692.4,63628.6,63670.5,82348.0,82.3487,5240295.65081,1
1785502200000,63670.5,63738.3,63655.0,63720.1,8170.0,8.1704,520519.32053,1
1785502500000,63720.0,63735.4,63712.6,63727.4,16087.0,16.0873,1025108.40405,1
1785502800000,63727.4,63746.5,63721.9,63735.1,6121.0,6.1214,390157.57739,1
1785503100000,63735.0,63758.8,63710.3,63713.8,9749.0,9.7496,621394.73884,1
1785503400000,63717.5,63740.0,63692.4,63739.6,11040.0,11.0408,703387.77201,1
1785503700000,63740.0,63789.8,63740.0,63786.6,4282.0,4.2826,273109.04829,1
1785504000000,63786.6,63808.2,63731.0,63785.9,8761.0,8.7611,558805.96567,1
1785504300000,63800.3,63800.3,63773.7,63799.1,5949.0,5.9499,379536.82681,1
1785504600000,63791.0,63791.0,63524.6,63687.7,141487.0,141.4872,8995308.51476,1
1785504900000,63681.7,63737.2,63559.7,63592.6,24255.0,24.2552,1543776.40878,1
1785505200000,63602.2,63629.5,63430.3,63432.4,41766.0,41.7665,2652062.97058,1
1785505500000,63439.8,63504.8,63274.2,63402.6,69159.0,69.1599,4382100.88374,1
1785505800000,63400.0,63400.0,63222.0,63268.8,56726.0,56.7269,3590055.80749,1
1785506100000,63268.9,63312.1,63222.0,63255.6,44269.0,44.2698,2801423.28368,1
1785506400000,63255.6,63291.6,62973.4,63001.0,113676.0,113.6765,7174756.48563,1
1785506700000,62980.1,62980.1,62521.3,62640.5,303108.0,303.1084,19004170.53395,1
1785507000000,62637.8,62866.2,62431.0,62669.6,188659.0,188.6592,11820736.36939,1
1785507300000,62664.2,62725.0,62511.5,62604.2,63543.0,63.543,3977955.17875,1
1785507600000,62609.8,62633.3,62517.6,62576.4,437924.0,437.9248,27395400.87095,1
1785507900000,62568.0,62630.6,62508.0,62624.0,42522.0,42.5224,2661747.69588,1
1785508200000,62628.4,62739.5,62585.0,62725.4,34006.0,34.0067,2130749.38924,1
1785508500000,62711.8,62794.8,62665.1,62672.2,40856.0,40.8566,2562844.01759,1
1785508800000,62677.1,62703.8,62591.3,62665.4,18386.0,18.3862,1151910.30829,1
1785509100000,62663.0,62784.3,62626.1,62776.8,14123.0,14.1235,885702.30379,1
1785509400000,62768.8,62770.4,62586.0,62586.1,42140.0,42.1409,2641393.57652,1
1785509700000,62586.1,62718.1,62571.2,62668.1,12459.0,12.4595,780681.60956,1
1785510000000,62663.8,62665.6,62564.0,62651.7,23188.0,23.1889,1451676.10457,1
1785510300000,62651.7,62686.3,62605.4,62611.0,10292.0,10.2922,644863.8761,1
1785510600000,62611.1,62611.1,62525.0,62596.4,10650.0,10.6501,666253.52003,1
1785510900000,62596.5,62687.6,62558.4,62589.9,10146.0,10.1463,635152.92292,1
1785511200000,62583.5,62615.5,62495.2,62495.2,6702.0,6.7029,419150.50303,1
1785511500000,62495.3,62562.5,62458.1,62560.2,20792.0,20.792,1299386.15741,1
1785511800000,62560.9,62606.3,62535.6,62596.8,8467.0,8.4674,529775.40911,1
1785512100000,62600.0,62739.3,62600.0,62704.3,12664.0,12.664,793734.63553,1
1785512400000,62704.3,62742.9,62670.9,62734.4,26105.0,26.1055,1637427.89559,1
1785512700000,62734.4,62734.4,62619.7,62647.8,11298.0,11.2987,708233.82107,1
1785513000000,62646.7,62764.7,62642.0,62726.3,109742.0,109.7428,6884999.57687,1
1785513300000,62726.4,62732.9,62696.1,62696.2,7379.0,7.3794,462819.34783,1
1785513600000,62697.3,62796.0,62686.6,62773.6,23740.0,23.7403,1490166.29795,1
1785513900000,62775.4,62849.3,62756.1,62849.1,18925.0,18.9257,1188191.61636,1
1785514200000,62840.7,62886.0,62835.0,62845.1,42291.0,42.2916,2658216.51213,1
1785514500000,62850.0,62878.8,62769.1,62877.6,13583.0,13.5833,853189.6689,1
1785514800000,62871.9,62915.6,62851.5,62896.8,23744.0,23.7441,1493508.53707,1
1785515100000,62886.2,62903.9,62825.1,62898.8,12226.0,12.2268,768853.13302,1
1785515400000,62898.8,62903.5,62832.1,62851.6,13977.0,13.9773,878879.29856,1
1785515700000,62850.2,62850.2,62787.9,62824.6,8286.0,8.2861,520468.47819,1
1785516000000,62824.6,62841.2,62795.2,62821.4,3205.0,3.205,201330.85545,1
1785516300000,62822.2,62846.6,62790.0,62796.1,8916.0,8.916,559964.80043,1
1785516600000,62802.3,62858.7,62802.3,62838.8,9334.0,9.3344,586520.84095,1
1785516900000,62838.3,62864.8,62838.3,62852.3,3951.0,3.9511,248348.32843,1
1785517200000,62845.8,62898.4,62814.8,62857.5,13477.0,13.4776,847028.87398,1
1785517500000,62857.2,62857.5,62787.9,62811.3,10672.0,10.6727,670327.38083,1
1785517800000,62813.1,62884.2,62813.1,62884.2,2858.0,2.8582,179677.26139,1
1785518100000,62878.7,62951.0,62857.0,62912.9,20167.0,20.1671,1268357.74536,1
1785518400000,62902.7,62960.2,62855.2,62939.3,14016.0,14.0165,881679.89239,1
1785518700000,62936.3,62980.9,62930.2,62956.6,21598.0,21.598,1359587.6197,1
1785519000000,62946.1,63060.1,62932.8,63037.9,17542.0,17.5423,1105455.28339,1
1785519300000,63045.2,63079.0,63015.7,63029.9,15038.0,15.0387,948196.06916,1
1785519600000,63029.9,63038.7,63010.0,63031.0,8400.0,8.4007,529472.2343,1
1785519900000,63034.4,63123.0,63034.4,63097.7,27694.0,27.6942,1746902.94456,1
1785520200000,63097.6,63216.7,63097.6,63216.7,31237.0,31.237,1973671.89323,1
1785520500000,63218.1,63264.6,63206.8,63215.7,33813.0,33.8139,2138435.44075,1
1785520800000,63215.6,63262.1,63203.8,63231.2,20887.0,20.8874,1320506.22924,1
1785521100000,63222.5,63222.5,63156.5,63188.3,27869.0,27.8696,1761004.18626,1
1785521400000,63188.3,63192.8,63106.2,63113.5,28133.0,28.133,1776340.49136,1
1785521700000,63116.5,63142.2,63085.4,63142.2,14088.0,14.0881,889107.691,1
1785522000000,63145.1,63151.9,63130.2,63138.6,22755.0,22.7551,1436838.21359,1
1785522300000,63138.6,63138.6,63023.0,63024.7,18453.0,18.4538,1164127.77811,1
1785522600000,63029.7,63067.9,63026.8,63033.7,20450.0,20.4504,1289536.9071,1
1785522900000,63033.7,63061.8,62949.6,62949.7,26325.0,26.3259,1658906.99217,1
1785523200000,62949.9,63016.0,62929.2,63009.5,40416.0,40.4167,2543974.47189,1
1785523500000,63008.1,63092.0,63005.7,63065.1,54671.0,54.6711,3448638.55711,1
1785523800000,63065.0,63148.0,63044.2,63111.0,7066.0,7.0669,446058.91898,1
1785524100000,63106.3,63113.5,63064.2,63064.2,5017.0,5.0175,316640.79221,1
1785524400000,63081.3,63132.9,63020.1,63020.1,5868.0,5.8689,370249.85813,1
1785524700000,63020.0,63049.9,62989.2,63030.8,39368.0,39.3681,2480086.07185,1
1785525000000,63030.7,63049.6,63009.0,63041.5,3799.0,3.7993,239479.86599,1
1785525300000,63045.4,63045.4,63009.0,63018.2,16512.0,16.5129,1040649.00418,1
1785525600000,63014.0,63034.1,63007.1,63007.1,2991.0,2.9914,188498.36844,1
1785525900000,63002.3,63005.2,62990.1,62996.8,5193.0,5.1932,327168.81485,1
1785526200000,62996.3,63001.5,62944.6,62979.4,6482.0,6.4825,408251.60239,1
1785526500000,62979.4,62984.9,62928.1,62941.5,4767.0,4.7671,300082.18971,1
1785526800000,62940.2,62975.0,62911.5,62973.5,9829.0,9.8293,618676.7799,1
1785527100000,62973.5,63029.7,62973.5,62981.3,13484.0,13.4847,849697.15652,1
1785527400000,62980.8,62992.9,62970.6,62989.5,2998.0,2.9985,188826.26016,1
1785527700000,62984.1,62994.8,62924.3,62938.3,4146.0,4.1469,261092.43282,1
1785528000000,62943.2,62976.3,62933.0,62958.5,5732.0,5.732,360874.98415,1
1785528300000,62958.5,62962.4,62913.0,62944.4,2864.0,2.8646,180276.62324,1
1785528600000,62944.5,62973.5,62935.8,62973.5,1611.0,1.611,101424.27363,1
1785528900000,62973.5,63002.5,62973.5,62985.0,3516.0,3.5163,221449.88295,1
1785529200000,62985.0,62993.2,62952.0,62952.0,15679.0,15.6793,987344.98921,1
1785529500000,62951.9,62974.3,62949.3,62974.2,2384.0,2.3845,150136.14148,1
1785529800000,62974.2,62977.9,62940.9,62966.8,3195.0,3.1954,201213.45187,1
1785530100000,62969.3,62969.3,62925.6,62925.6,5538.0,5.5384,348614.83883,1
1785530400000,62925.6,62974.6,62923.1,62966.1,1906.0,1.9066,120027.16668,1
1785530700000,62966.1,62981.5,62944.9,62945.0,12090.0,12.0905,761406.31496,1
1785531000000,62944.9,62967.9,62903.4,62926.9,1903.0,1.9034,119775.70177,1
1785531300000,62923.8,62945.1,62904.7,62928.6,4600.0,4.6003,289430.92907,1
1785531600000,62928.6,62928.6,62814.2,62883.6,27462.0,27.4628,1725956.53543,1
1785531900000,62883.5,62937.4,62883.5,62932.4,15950.0,15.9505,1003250.91115,1
1785532200000,62932.4,62982.4,62930.7,62981.8,7064.0,7.0647,444749.71977,1
1785532500000,62981.8,63006.2,62977.4,62982.0,14903.0,14.9036,938861.36378,1
1785532800000,62982.0,63013.0,62982.0,63013.0,1503.0,1.5035,94717.30257,1
1785533100000,63004.8,63004.8,62970.0,62980.9,8723.0,8.7231,549341.38071,1
1785533400000,62987.5,63006.9,62967.0,62983.2,11916.0,11.9163,750352.85073,1
1785533700000,62983.2,62999.8,62964.2,62999.8,2117.0,2.1179,133384.07827,1
1785534000000,62999.8,63003.6,62963.1,63000.0,12329.0,12.3298,776538.76282,1
1785534300000,62996.9,63028.9,62980.0,63000.1,9815.0,9.8151,618544.15887,1
1785534600000,63015.4,63015.4,62964.9,62966.8,3270.0,3.2709,205988.11348,1
1785534900000,62959.0,62959.0,62899.8,62924.8,39586.0,39.5869,2490411.7467,1
1785535200000,62924.8,62924.8,62843.1,62922.4,9464.0,9.4648,595103.70251,1
1785535500000,62922.4,62995.1,62922.4,62995.1,13565.0,13.5652,854047.66656,1
1785535800000,62992.5,62995.1,62966.0,62972.0,4631.0,4.6319,291723.09265,1
1785536100000,62972.0,62984.1,62966.1,62966.1,1578.0,1.5787,99414.466,1
1785536400000,62975.2,62994.5,62975.2,62978.1,15334.0,15.3345,965747.25119,1
1785536700000,62978.3,62987.0,62962.8,62971.3,4754.0,4.7544,299380.49258,1
1785537000000,62968.9,62976.1,62951.7,62956.4,7416.0,7.4165,466937.69216,1
1785537300000,62944.7,62944.8,62887.3,62920.5,7813.0,7.8137,491576.52498,1
1785537600000,62920.5,62932.0,62914.6,62919.1,1056.0,1.0561,66448.71674,1
1785537900000,62919.0,62935.0,62906.5,62906.5,7443.0,7.4436,468402.15065,1
1785538200000,62906.5,62909.0,62886.2,62886.3,13168.0,13.168,828117.11504,1
1785538500000,62902.1,62906.6,62902.1,62906.6,12355.0,12.3553,777217.84686,1
1785538800000,62906.6,62949.0,62906.6,62949.0,2146.0,2.146,135044.1135,1
1785539100000,62949.0,62966.6,62949.0,62966.5,845.0,0.8457,53243.67964,1
1785539400000,62960.7,62980.6,62940.8,62947.0,2795.0,2.795,175935.17148,1
1785539700000,62947.0,62986.6,62941.0,62983.1,1523.0,1.5232,95912.92793,1
1785540000000,62980.5,62989.8,62953.9,62953.9,1286.0,1.2868,81040.0172,1
1785540300000,62953.9,62962.0,62952.3,62955.8,3582.0,3.5826,225544.58904,1
1785540600000,62955.8,62969.3,62941.2,62955.8,1182.0,1.1827,74447.56538,1
1785540900000,62954.3,62954.3,62936.0,62952.0,666.0,0.6668,41970.86519,1
1785541200000,62952.0,62952.0,62920.1,62920.1,1243.0,1.243,78235.21411,1
1785541500000,62920.1,62920.1,62861.7,62861.8,13416.0,13.4165,843631.50026,1
1785541800000,62861.8,62880.6,62839.7,62839.7,6638.0,6.6384,417293.62032,1
1785542100000,62840.3,62859.9,62839.6,62859.8,4662.0,4.6625,293037.86144,1
1785542400000,62862.2,62943.8,62859.9,62929.0,7330.0,7.3302,461186.95744,1
1785542700000,62929.0,62941.4,62904.2,62922.0,1678.0,1.6782,105606.92525,1
1785543000000,62921.9,62945.5,62921.9,62927.2,2696.0,2.6969,169737.98375,1
1785543300000,62922.7,62941.1,62905.6,62940.5,1649.0,1.6495,103810.15561,1
1785543600000,62940.5,62947.9,62920.7,62942.4,575.0,0.5754,36216.10998,1
1785543900000,62942.4,62974.4,62942.4,62944.8,1263.0,1.2636,79557.16034,1
1785544200000,62944.2,62960.0,62906.0,62955.8,3510.0,3.5102,220939.14939,1
1785544500000,62951.2,62960.6,62940.9,62960.6,1583.0,1.5839,99707.73189,1
1785544800000,62960.6,62971.4,62950.2,62971.4,5685.0,5.6857,357926.96393,1
1785545100000,62971.4,62984.8,62970.3,62980.0,718.0,0.718,45218.69461,1
1785545400000,62980.0,62984.0,62942.9,62948.2,1636.0,1.6368,103041.06045,1
1785545700000,62948.2,62948.4,62905.9,62906.9,771.0,0.7716,48545.46615,1
1785546000000,62906.9,62928.8,62906.9,62922.5,1761.0,1.7617,110851.86124,1
1785546300000,62929.0,62935.1,62922.2,62935.1,1966.0,1.966,123724.45182,1
1785546600000,62935.1,62939.1,62920.0,62939.1,4365.0,4.3651,274718.23245,1
1785546900000,62945.5,62953.3,62919.8,62919.8,1215.0,1.2159,76516.85603,1
1785547200000,62919.8,62964.6,62915.1,62915.1,663.0,0.6631,41741.84607,1
1785547500000,62918.3,62937.6,62888.9,62903.1,2827.0,2.827,177853.77728,1
1785547800000,62903.1,62917.5,62899.2,62899.3,8084.0,8.0847,508569.31536,1
1785548100000,62899.3,62928.2,62899.3,62928.1,144.0,0.1449,9115.60718,1
1785548400000,62928.1,62953.5,62928.1,62945.1,4919.0,4.919,309637.21724,1
1785548700000,62945.1,62952.5,62936.3,62936.3,2751.0,2.751,173155.27823,1
1785549000000,62936.3,62945.9,62916.8,62945.9,3091.0,3.0915,194554.13658,1
1785549300000,62942.6,62946.7,62930.9,62946.7,1050.0,1.05,66085.75144,1
1785549600000,62946.7,62964.7,62946.7,62964.0,3225.0,3.2251,203059.80885,1
1785549900000,62964.1,62964.3,62955.1,62955.1,2414.0,2.4146,152029.74805,1
1785550200000,62955.1,62999.5,62955.0,62986.0,1761.0,1.7618,110956.75991,1
1785550500000,62999.0,63021.7,62999.0,63020.7,23277.0,23.2776,1466927.2654,1
1785550800000,63020.8,63051.3,63020.8,63025.8,31653.0,31.6536,1995408.16744,1
1785551100000,63025.8,63058.0,63023.9,63037.4,4629.0,4.6293,291842.58814,1
1785551400000,63037.3,63054.4,63037.3,63054.3,5292.0,5.2923,333679.58537,1
1785551700000,63047.2,63069.4,63047.2,63048.6,13766.0,13.7661,868125.8959,1
1785552000000,63048.6,63048.6,63037.3,63043.4,2117.0,2.1172,133468.86786,1
1785552300000,63043.4,63074.5,63037.3,63037.3,3267.0,3.2675,206068.06067,1
1785552600000,63037.2,63039.4,63029.9,63030.0,1101.0,1.1011,69410.24706,1
1785552900000,63036.6,63044.2,63023.4,63029.4,1720.0,1.7207,108449.8369,1
1785553200000,63039.0,63045.7,63013.3,63013.3,636.0,0.6361,40096.15029,1
1785553500000,63015.5,63030.8,63008.7,63016.8,2017.0,2.0172,127104.48039,1
1785553800000,63016.8,63016.8,62958.4,62958.5,3114.0,3.1141,196088.7587,1
1785554100000,62958.5,62981.0,62955.0,62981.0,4407.0,4.407,277539.23452,1
1785554400000,62985.0,63025.0,62980.9,63025.0,635.0,0.6352,40014.74061,1
1785554700000,63025.0,63025.0,62984.5,62984.5,1491.0,1.4917,93957.73874,1
1785555000000,62993.4,63000.0,62957.3,62958.0,812.0,0.812,51148.32128,1
1785555300000,62951.6,62996.2,62951.6,62960.1,7488.0,7.4889,471697.33993,1
1785555600000,62970.7,62970.7,62960.0,62970.5,1828.0,1.8281,115115.49688,1
1785555900000,62970.5,62982.4,62950.0,62982.4,3740.0,3.7406,235502.5688,1
1785556200000,62982.4,62988.1,62970.4,62970.4,1858.0,1.8585,117059.38501,1
1785556500000,62970.6,62973.8,62970.5,62973.8,156.0,0.156,9823.80935,1
1785556800000,62973.8,62983.8,62973.2,62973.2,221.0,0.2219,13975.38281,1
1785557100000,62973.2,62974.0,62964.2,62973.9,170.0,0.1709,10762.08452,1
1785557400000,62973.9,62980.0,62973.9,62980.0,927.0,0.9277,58421.56315,1
1785557700000,62980.0,63000.0,62980.0,63000.0,1092.0,1.0922,68800.42872,1
1785558000000,63009.7,63020.4,62999.9,63020.3,2681.0,2.6813,168957.20094,1
1785558300000,63020.4,63020.4,63013.1,63015.4,190.0,0.1905,12005.15109,1
1785558600000,63018.5,63029.3,63017.5,63017.5,351.0,0.3515,22151.94438,1
1785558900000,63017.5,63017.5,63013.9,63017.4,493.0,0.4939,31122.61094,1
1785559200000,63017.4,63040.1,63017.3,63040.0,517.0,0.5176,32626.31529,1
1785559500000,63040.0,63067.1,63035.8,63065.0,343.0,0.3439,21683.54179,1
1785559800000,63062.2,63073.8,63059.2,63073.8,1156.0,1.1561,72908.41032,1
1785560100000,63073.8,63074.0,63063.8,63074.0,1414.0,1.4141,89182.71408,1
1785560400000,63070.1,63074.0,63031.6,63074.0,914.0,0.9143,57650.96572,1
1785560700000,63074.1,63083.0,63074.1,63083.0,3176.0,3.1762,200346.4432,1
1785561000000,63082.9,63107.0,63082.9,63094.2,6814.0,6.8147,429940.78632,1
1785561300000,63094.2,63094.2,63054.2,63062.4,3582.0,3.5822,225878.8071,1
1785561600000,63062.4,63064.9,63040.7,63064.9,11210.0,11.2108,706806.40639,1
1785561900000,63064.9,63069.9,63055.5,63060.0,133.0,0.1334,8411.9097,1
1785562200000,63060.0,63073.3,63058.8,63062.1,1626.0,1.6262,102553.4805,1
1785562500000,63062.1,63062.6,62989.3,62989.4,1403.0,1.4038,88486.22636,1
1785562800000,62992.7,62998.0,62980.1,62983.3,3383.0,3.3838,213130.52663,1
1785563100000,62983.3,62983.4,62971.4,62971.4,24368.0,24.3689,1534723.7934,1
1785563400000,62971.4,62998.2,62969.9,62998.2,4219.0,4.2198,265777.63658,1
1785563700000,62998.2,63011.0,62998.2,63009.3,2101.0,2.1014,132409.79542,1
1785564000000,63009.3,63013.6,62974.1,62974.1,808.0,0.808,50900.35326,1
1785564300000,62974.1,62986.7,62968.6,62982.0,6403.0,6.4031,403271.29018,1
1785564600000,62978.0,63002.0,62970.0,63001.9,1013.0,1.0133,63836.30903,1
1785564900000,63001.9,63002.1,62979.0,62999.9,11385.0,11.3859,717179.98346,1
1785565200000,63001.8,63043.3,63001.8,63037.2,5194.0,5.1943,327430.61074,1
1785565500000,63037.2,63046.9,63033.8,63035.3,337.0,0.3377,21289.83093,1
1785565800000,63040.6,63044.6,63029.3,63043.3,1020.0,1.0208,64350.65592,1
1785566100000,63042.8,63042.8,63037.9,63040.2,568.0,0.5681,35812.93215,1
1785566400000,63040.2,63046.0,63035.0,63035.0,4826.0,4.8263,304275.81634,1
1785566700000,63035.0,63042.0,63030.8,63041.9,1528.0,1.5287,96369.8413,1
1785567000000,63045.0,63051.0,63045.0,63051.0,645.0,0.645,40667.6718,1
1785567300000,63051.0,63051.0,63046.6,63049.9,1715.0,1.7155,108161.82199,1
1785567600000,63049.9,63057.0,63049.9,63056.9,615.0,0.6156,38816.65563,1
1785567900000,63056.9,63059.0,63056.9,63059.0,295.0,0.2951,18608.1965,1
1785568200000,63059.0,63082.0,63059.0,63081.7,5962.0,5.9622,376091.84857,1
1785568500000,63081.7,63081.8,63040.0,63040.0,736.0,0.7361,46413.60169,1
1785568800000,63040.0,63054.4,63039.9,63054.2,6799.0,6.7994,428684.19582,1
1785569100000,63054.2,63054.3,63039.9,63039.9,1507.0,1.5076,95053.8788,1
1785569400000,63039.9,63040.0,63001.4,63013.5,2052.0,2.0529,129361.7932,1
1785569700000,63013.4,63013.7,63005.8,63013.7,3742.0,3.7426,235807.24613,1
1785570000000,63013.7,63022.2,63005.3,63014.4,1393.0,1.393,87774.11826,1
1785570300000,63014.4,63022.6,63014.3,63017.9,539.0,0.539,33965.69672,1
1785570600000,63017.9,63024.2,63017.9,63021.2,492.0,0.492,31006.46395,1
1785570900000,63021.2,63025.3,63012.3,63019.6,1073.0,1.0731,67625.16116,1
1785571200000,63019.5,63052.3,63019.5,63052.3,656.0,0.6562,41362.68722,1
1785571500000,63052.3,63055.0,63052.2,63054.9,482.0,0.4823,30410.6574,1
1785571800000,63055.0,63072.2,63054.9,63072.2,2053.0,2.0536,129517.9427,1
1785572100000,63072.2,63072.2,63072.1,63072.1,1382.0,1.3829,87222.51408,1
1785572400000,63072.1,63074.2,63072.1,63073.5,15635.0,15.6358,986205.26067,1
1785572700000,63073.5,63076.4,63061.9,63061.9,19278.0,19.2783,1215961.08505,1
1785573000000,63061.9,63076.7,63061.9,63076.7,3338.0,3.3389,210578.29808,1
1785573300000,63076.7,63080.1,63070.8,63070.8,759.0,0.759,47875.11994,1
1785573600000,63070.8,63070.8,63069.9,63069.9,118.0,0.1185,7473.79064,1
1785573900000,63069.9,63082.3,63059.1,63082.3,1706.0,1.7062,107603.70096,1
1785574200000,63082.3,63112.8,63082.3,63112.7,3644.0,3.6441,229956.23536,1
1785574500000,63112.8,63126.6,63098.8,63098.9,5509.0,5.5099,347798.5079,1
1785574800000,63098.9,63111.4,63084.9,63086.5,2670.0,2.6702,168481.8009,1
1785575100000,63086.6,63087.0,63082.0,63087.0,2058.0,2.0589,129889.29026,1
1785575400000,63095.1,63104.1,63084.5,63084.5,1591.0,1.591,100391.95296,1
1785575700000,63088.1,63095.1,63070.4,63077.1,5321.0,5.3217,335745.19675,1
1785576000000,63077.0,63098.0,63077.0,63082.8,931.0,0.9317,58771.66836,1
1785576300000,63082.8,63082.8,63070.4,63079.2,2381.0,2.381,150191.02992,1
1785576600000,63079.3,63086.4,63079.2,63080.4,1791.0,1.7912,112990.47923,1
1785576900000,63080.4,63080.5,63080.4,63080.4,443.0,0.4436,27982.49382,1
1785577200000,63080.4,63080.5,63073.4,63073.4,700.0,0.7001,44159.65698,1
1785577500000,63073.4,63073.4,63042.6,63044.0,10287.0,10.2878,648654.11029,1
1785577800000,63044.1,63044.1,63030.8,63031.1,14828.0,14.8281,934681.59571,1
1785578100000,63031.1,63038.9,63015.7,63025.0,3613.0,3.6133,227715.42338,1
1785578400000,63024.9,63085.0,62959.3,62959.4,5487.0,5.487,345710.49952,1
1785578700000,62959.3,62977.5,62959.3,62977.5,6161.0,6.1616,387980.5459,1
1785579000000,62973.2,62989.7,62959.0,62980.7,1668.0,1.6684,105078.40487,1
1785579300000,62980.8,63038.3,62965.6,63035.3,3834.0,3.8346,241649.86006,1
1785579600000,63035.3,63038.2,63012.4,63012.9,4015.0,4.015,253085.71157,1
1785579900000,63010.1,63012.5,63007.4,63012.5,13868.0,13.8685,873842.45771,1
1785580200000,63015.5,63025.9,63013.6,63013.6,2372.0,2.3725,149518.17129,1
1785580500000,63011.6,63011.7,62989.3,62999.7,3716.0,3.7161,234116.19849,1
1785580800000,62999.7,63046.8,62999.7,63038.2,7945.0,7.9457,500812.44265,1
1785581100000,63038.2,63040.3,63008.3,63030.6,1172.0,1.1727,73898.32603,1
1785581400000,63030.6,63030.6,63023.3,63023.4,3034.0,3.0345,191244.27364,1
1785581700000,63029.1,63029.2,63023.0,63029.2,219.0,0.2193,13821.96903,1
1785582000000,63026.1,63026.1,63013.5,63013.5,512.0,0.5129,32321.44573,1
1785582300000,63013.5,63020.0,63013.5,63020.0,219.0,0.2198,13850.87555,1
1785582600000,63020.0,63025.2,63017.4,63022.4,8984.0,8.9848,566201.17894,1
1785582900000,63032.9,63032.9,63010.1,63013.3,206.0,0.2064,13008.25913,1
1785583200000,63013.3,63049.8,63013.3,63048.6,5348.0,5.3489,337239.86174,1
1785583500000,63049.8,63049.8,63049.7,63049.8,462.0,0.4624,29154.18644,1
1785583800000,63049.8,63060.4,63049.7,63049.8,8115.0,8.1157,511696.67469,1
1785584100000,63050.0,63050.0,63049.7,63049.9,1230.0,1.2304,77576.54239,1
1785584400000,63049.9,63049.9,63038.4,63041.6,3209.0,3.2099,202366.48571,1
1785584700000,63041.6,63044.6,63041.6,63044.6,430.0,0.4302,27120.51821,1
1785585000000,63044.6,63049.8,63044.6,63045.0,1401.0,1.401,88326.20546,1
1785585300000,63045.0,63045.2,63044.9,63045.2,764.0,0.7643,48185.28619,1
1785585600000,63057.2,63074.0,63057.2,63073.9,994.0,0.9942,62707.25707,1
1785585900000,63074.0,63094.1,63074.0,63079.5,1016.0,1.0164,64121.75398,1
1785586200000,63079.5,63091.8,63070.8,63070.8,5384.0,5.384,339661.75093,1
1785586500000,63070.7,63077.1,63070.7,63077.1,409.0,0.4094,25823.72561,1
1785586800000,63077.1,63077.1,63067.3,63073.7,466.0,0.4663,29409.75218,1
1785587100000,63073.7,63075.8,63073.7,63073.7,6680.0,6.6809,421394.21539,1
1785587400000,63069.2,63070.7,63069.1,63069.2,4502.0,4.5025,283971.40013,1
1785587700000,63066.1,63066.1,63053.6,63061.1,3640.0,3.6405,229563.47821,1
1785588000000,63061.1,63072.0,63061.1,63066.5,4434.0,4.4343,279675.74503,1
1785588300000,63066.4,63076.4,63066.4,63076.4,5135.0,5.1354,323882.0873,1
1785588600000,63076.4,63079.0,63076.4,63078.9,4311.0,4.3118,271982.13335,1
1785588900000,63079.0,63079.3,63061.7,63068.8,985.0,0.9854,62155.29912,1
1785589200000,63068.9,63069.0,63068.8,63069.0,2748.0,2.7482,173325.70056,1
1785589500000,63069.0,63073.7,63064.5,63071.6,939.0,0.9392,59232.01001,1
1785589800000,63071.6,63075.9,63071.6,63071.7,3847.0,3.8474,242673.1679,1
1785590100000,63066.7,63066.7,63055.9,63063.2,473.0,0.4735,29859.66949,1
1785590400000,63063.2,63063.3,63060.3,63060.3,631.0,0.6313,39811.79231,1
1785590700000,63059.2,63059.3,63055.7,63055.7,2272.0,2.2724,143290.20301,1
1785591000000,63055.7,63069.7,63055.7,63068.0,1619.0,1.6199,102154.56318,1
1785591300000,63068.0,63068.0,63052.8,63052.9,870.0,0.8707,54908.38322,1
1785591600000,63052.9,63052.9,63046.3,63048.4,2205.0,2.2052,139036.67626,1
1785591900000,63048.3,63048.4,63024.9,63024.9,9841.0,9.8417,620397.65215,1
1785592200000,63025.0,63041.0,63018.9,63040.9,5010.0,5.0106,315817.11987,1
1785592500000,63040.9,63040.9,63038.0,63038.0,1021.0,1.0215,64393.60634,1
1785592800000,63037.9,63056.3,63037.8,63056.3,2178.0,2.1783,137338.11917,1
1785593100000,63056.3,63097.5,63056.2,63063.1,1671.0,1.6716,105438.93017,1
1785593400000,63063.2,63071.3,63050.7,63050.7,6161.0,6.1613,388491.86143,1
1785593700000,63050.7,63072.3,63050.1,63072.3,1456.0,1.4566,91864.17412,1
1785594000000,63082.6,63096.3,63081.7,63081.8,3825.0,3.8259,241360.39608,1
1785594300000,63081.8,63088.6,63081.6,63088.6,673.0,0.6733,42473.48848,1
1785594600000,63088.6,63094.0,63077.7,63077.8,1628.0,1.6289,102766.73748,1
1785594900000,63077.8,63077.8,63071.3,63072.0,1236.0,1.2362,77970.08756,1
1785595200000,63072.0,63084.9,63056.2,63084.9,8361.0,8.3619,527307.93779,1
1785595500000,63084.9,63085.0,63067.0,63067.1,802.0,0.8025,50619.36744,1
1785595800000,63067.1,63071.0,63053.5,63053.5,1840.0,1.8404,116075.66725,1
1785596100000,63053.5,63084.9,63053.5,63084.9,2792.0,2.7927,176117.68925,1
1785596400000,63085.0,63097.0,63078.6,63082.5,7670.0,7.6703,483963.05819,1
1785596700000,63088.2,63093.0,63077.7,63077.7,1511.0,1.5112,95333.73495,1
1785597000000,63077.7,63077.8,63077.7,63077.8,1184.0,1.1847,74728.15459,1
1785597300000,63077.8,63077.8,63044.0,63044.0,1748.0,1.7485,110278.5171,1
1785597600000,63044.1,63050.5,63038.7,63038.7,21747.0,21.7477,1371100.11536,1
1785597900000,63038.7,63038.9,63032.1,63032.1,10108.0,10.1083,637164.36181,1
1785598200000,63032.1,63032.5,63027.9,63029.0,19259.0,19.2592,1213883.26761,1
1785598500000,63032.4,63032.4,63023.5,63029.6,18181.0,18.1819,1145948.39573,1
1785598800000,63029.6,63036.5,63024.1,63024.2,1778.0,1.7789,112115.39433,1
1785599100000,63024.2,63024.2,63009.1,63009.1,2248.0,2.2482,141687.04349,1
1785599400000,63009.1,63009.2,63000.0,63000.0,9810.0,9.8105,618091.14066,1
1785599700000,63000.0,63000.1,62976.4,62976.4,8372.0,8.3724,527433.36204,1
1785600000000,62976.4,62983.0,62901.0,62962.1,31517.0,31.5171,1983849.08472,1
1785600300000,62958.3,62958.3,62933.1,62933.1,16278.0,16.2785,1024642.26541,1
1785600600000,62932.9,62946.3,62921.6,62921.6,7252.0,7.2521,456454.62306,1
1785600900000,62921.6,62943.9,62911.4,62912.7,19844.0,19.844,1248558.79845,1
1785601200000,62910.0,62920.1,62905.5,62918.4,6697.0,6.6975,421378.91692,1
1785601500000,62918.4,62939.3,62918.4,62927.8,1094.0,1.0949,68897.82619,1
1785601800000,62930.1,62943.6,62928.1,62940.9,5223.0,5.2239,328792.71833,1
1785602100000,62940.9,62994.5,62940.9,62968.7,10071.0,10.0712,634224.56451,1
1785602400000,62968.7,62968.7,62930.6,62941.2,4275.0,4.2752,269177.84105,1
1785602700000,62941.2,62941.2,62928.1,62928.1,1035.0,1.0358,65185.37924,1
1785603000000,62928.1,62928.1,62899.2,62899.9,17900.0,17.9009,1126197.16822,1
1785603300000,62899.9,62900.0,62841.0,62895.5,12674.0,12.6742,796922.82382,1
1785603600000,62899.9,62946.8,62899.9,62946.8,6657.0,6.6579,418930.4062,1
1785603900000,62946.8,62963.9,62946.8,62947.3,26719.0,26.7193,1682101.85753,1
1785604200000,62944.7,62944.7,62841.9,62867.6,5723.0,5.7236,359875.87325,1
1785604500000,62862.0,62862.0,62823.9,62853.8,28448.0,28.4487,1787666.38163,1
1785604800000,62853.9,62864.9,62849.0,62856.1,22184.0,22.1849,1394446.41785,1
1785605100000,62856.1,62856.2,62772.8,62813.0,100017.0,100.017,6281164.87698,1
1785605400000,62819.2,62819.9,62717.2,62734.5,23825.0,23.8257,1495226.45611,1
1785605700000,62734.6,62788.2,62708.6,62742.8,15929.0,15.9298,999353.57411,1
1785606000000,62742.8,62797.9,62742.7,62790.0,12783.0,12.7839,802613.75742,1
1785606300000,62790.0,62790.0,62740.1,62772.7,5509.0,5.5092,345699.23127,1
1785606600000,62772.6,62772.7,62633.3,62688.3,38638.0,38.6382,2421126.02054,1
1785606900000,62688.2,62695.9,62672.5,62684.1,14669.0,14.6695,919500.73145,1
1785607200000,62684.2,62684.2,62600.0,62672.9,17658.0,17.6588,1106105.49856,1
1785607500000,62673.0,62708.0,62667.3,62707.9,32549.0,32.549,2040586.71809,1
1785607800000,62707.9,62710.7,62673.5,62684.0,14943.0,14.9438,937049.82747,1
1785608100000,62679.1,62679.1,62568.5,62580.9,17026.0,17.026,1065773.59045,1
1785608400000,62580.9,62580.9,62476.2,62488.4,32116.0,32.1162,2008251.88002,1
1785608700000,62488.5,62564.0,62488.5,62545.1,15630.0,15.6306,977466.68419,1
1785609000000,62543.3,62543.3,62250.0,62373.3,133489.0,133.4891,8316836.56551,1
1785609300000,62373.8,62475.5,62363.0,62401.2,139584.0,139.584,8714283.96023,1
1785609600000,62405.8,62438.3,62350.1,62350.1,46114.0,46.1148,2877875.48434,1
1785609900000,62350.1,62405.1,62255.0,62343.6,69729.0,69.7292,4346656.11286,1
1785610200000,62337.9,62443.0,62334.7,62432.9,30475.0,30.475,1901218.13941,1
1785610500000,62432.9,62565.3,62432.8,62552.6,87265.0,87.2658,5456720.1094,1
1785610800000,62552.7,62592.9,62500.0,62584.0,15586.0,15.5862,974984.18041,1
1785611100000,62587.9,62596.5,62550.0,62559.8,5219.0,5.2198,326648.0906,1
1785611400000,62559.8,62569.9,62530.3,62530.5,22968.0,22.9682,1436880.96649,1
1785611700000,62530.3,62585.4,62506.8,62548.2,7932.0,7.9329,496151.85775,1
1785612000000,62548.2,62550.0,62460.2,62489.8,13640.0,13.6407,852445.71017,1
1785612300000,62489.8,62524.5,62486.0,62514.7,12068.0,12.0686,754346.50863,1
1785612600000,62514.7,62558.5,62467.8,62476.9,31274.0,31.2743,1955410.18006,1
1785612900000,62486.7,62500.1,62440.5,62446.3,7064.0,7.0646,441258.75769,1
1785613200000,62449.0,62456.6,62435.3,62444.2,2944.0,2.9442,183867.48885,1
1785613500000,62444.2,62493.1,62444.2,62493.1,6156.0,6.1566,384614.87451,1
1785613800000,62493.8,62517.6,62480.0,62489.4,4374.0,4.3741,273373.33609,1
1785614100000,62489.5,62506.4,62475.0,62502.2,2987.0,2.9879,186745.86747,1
1785614400000,62502.2,62529.2,62465.2,62503.2,5194.0,5.1946,324591.75361,1
1785614700000,62503.2,62544.9,62500.0,62500.0,10792.0,10.7922,674858.59102,1
1785615000000,62500.0,62532.6,62498.5,62526.6,5337.0,5.337,333634.65416,1
1785615300000,62526.6,62547.6,62523.9,62546.8,4196.0,4.1969,262483.81847,1
1785615600000,62547.2,62615.3,62547.2,62590.1,6637.0,6.6376,415387.69106,1
1785615900000,62590.1,62602.2,62555.5,62588.9,20407.0,20.4071,1277025.00454,1
1785616200000,62583.7,62591.4,62554.2,62565.2,5799.0,5.7997,362880.67719,1
1785616500000,62565.1,62594.0,62538.4,62539.0,5271.0,5.2716,329849.02571,1
1785616800000,62543.6,62570.2,62543.6,62569.3,4397.0,4.3973,275044.05818,1
1785617100000,62569.4,62606.8,62557.6,62602.9,9859.0,9.8594,617065.3427,1
1785617400000,62602.9,62627.3,62601.2,62622.8,13503.0,13.5034,845412.48294,1
1785617700000,62622.8,62642.9,62622.7,62631.8,3367.0,3.3674,210914.69734,1
1785618000000,62631.8,62777.0,62631.8,62728.0,22535.0,22.5355,1413834.36344,1
1785618300000,62728.0,62742.5,62719.3,62727.5,2996.0,2.9969,188011.78424,1
1785618600000,62727.6,62732.4,62680.8,62718.1,21497.0,21.497,1348219.62043,1
1785618900000,62719.6,62756.5,62719.6,62749.5,4018.0,4.0181,252108.31178,1
1785619200000,62749.5,62749.6,62719.4,62729.9,2187.0,2.1876,137239.64582,1
1785619500000,62726.6,62761.5,62718.1,62761.5,7046.0,7.0463,441962.88612,1
1785619800000,62766.1,62835.3,62746.8,62815.2,35138.0,35.1389,2205726.45655,1
1785620100000,62815.1,62815.1,62749.8,62756.4,7532.0,7.5321,472813.03883,1
1785620400000,62755.2,62774.7,62733.9,62774.7,11147.0,11.1475,699532.9435,1
1785620700000,62764.8,62792.9,62753.7,62791.4,5385.0,5.3858,338120.14603,1
1785621000000,62791.4,62803.0,62754.0,62772.5,6957.0,6.9572,436749.53492,1
1785621300000,62772.5,62792.4,62770.8,62789.5,2184.0,2.1849,137176.89118,1
1785621600000,62791.0,62799.9,62762.4,62785.6,3422.0,3.4229,214872.86995,1
1785621900000,62785.7,62818.9,62785.7,62814.9,8849.0,8.8491,555788.08902,1
1785622200000,62814.9,62837.0,62812.1,62827.5,27924.0,27.9243,1754299.50865,1
1785622500000,62827.4,62838.6,62811.2,62813.6,11636.0,11.6368,730995.49238,1
1785622800000,62813.5,62816.9,62796.8,62800.9,3441.0,3.4411,216136.20323,1
1785623100000,62800.9,62823.2,62800.9,62823.2,10310.0,10.3104,647566.7636,1
1785623400000,62823.2,62826.6,62820.9,62826.6,4932.0,4.9328,309901.21331,1
1785623700000,62826.6,62826.7,62798.4,62817.7,1951.0,1.9511,122559.72837,1
1785624000000,62821.5,62828.1,62817.8,62817.8,20733.0,20.7331,1302584.58548,1
1785624300000,62817.8,62827.2,62802.6,62818.4,959.0,0.9593,60261.94851,1
1785624600000,62818.4,62823.7,62807.2,62808.0,1338.0,1.3381,84047.68208,1
1785624900000,62808.0,62808.0,62800.0,62800.0,4903.0,4.9032,307955.14473,1
1785625200000,62800.1,62829.9,62800.1,62814.2,4301.0,4.301,270193.78026,1
1785625500000,62814.2,62814.2,62800.9,62809.1,1180.0,1.1802,74118.82926,1
1785625800000,62807.0,62807.0,62775.0,62780.9,9131.0,9.1318,573349.42012,1
1785626100000,62780.9,62780.9,62755.1,62755.1,2811.0,2.8112,176427.23581,1
1785626400000,62750.0,62759.0,62708.7,62759.0,118604.0,118.6042,7440026.3847,1
1785626700000,62759.1,62759.9,62744.8,62745.3,3537.0,3.5377,222012.94301,1
1785627000000,62745.3,62762.0,62745.3,62751.2,2082.0,2.0824,130673.69595,1
1785627300000,62751.3,62813.3,62751.2,62793.6,3219.0,3.2193,202145.19617,1
1785627600000,62793.6,62805.4,62753.3,62799.2,16679.0,16.6793,1047375.2682,1
1785627900000,62799.2,62810.8,62792.3,62798.9,1921.0,1.9214,120671.0348,1
1785628200000,62798.9,62798.9,62780.6,62790.1,4671.0,4.6715,293297.04947,1
1785628500000,62790.1,62792.3,62790.0,62792.3,1110.0,1.1107,69743.23441,1
1785628800000,62792.3,62870.6,62792.3,62870.6,12732.0,12.7329,800289.75945,1
1785629100000,62870.6,62880.0,62865.5,62877.8,3051.0,3.0511,191832.09585,1
1785629400000,62882.7,62938.0,62882.7,62896.1,23007.0,23.0078,1447684.41388,1
1785629700000,62896.1,62900.4,62896.0,62897.3,1339.0,1.3396,84259.10107,1
1785630000000,62897.3,62907.3,62881.6,62883.5,3577.0,3.5778,225031.08281,1
1785630300000,62883.5,62883.6,62850.0,62851.7,5381.0,5.3816,338264.84817,1
1785630600000,62851.8,62883.6,62850.7,62850.8,5865.0,5.8658,368759.615,1
1785630900000,62850.7,62850.7,62822.7,62822.7,1289.0,1.2898,81035.84918,1
1785631200000,62822.7,62840.7,62820.6,62820.6,3527.0,3.5277,221639.03428,1
1785631500000,62823.4,62837.5,62815.8,62815.8,3444.0,3.4449,216459.76508,1
1785631800000,62815.8,62815.8,62783.9,62783.9,2924.0,2.9242,183642.40383,1
1785632100000,62783.9,62807.5,62782.3,62798.4,1083.0,1.0837,68042.72323,1
1785632400000,62798.4,62842.2,62798.4,62842.2,7660.0,7.6604,481297.86526,1
1785632700000,62842.2,62896.6,62842.2,62896.2,3972.0,3.9726,249757.45176,1
1785633000000,62896.4,63000.0,62896.3,62984.3,73197.0,73.1973,4606386.03402,1
1785633300000,62989.3,63066.0,62972.9,62974.7,37062.0,37.0623,2334848.0395,1
1785633600000,62979.6,62981.2,62949.7,62950.8,6141.0,6.1418,386671.40708,1
1785633900000,62950.8,62962.0,62950.8,62960.8,1569.0,1.5691,98781.80089,1
1785634200000,62960.8,62973.3,62950.4,62973.2,1527.0,1.5278,96196.78357,1
1785634500000,62973.2,62998.7,62973.2,62990.0,3265.0,3.265,205660.04248,1
1785634800000,62990.0,62998.7,62989.2,62993.3,4027.0,4.0275,253700.39138,1
1785635100000,62993.3,62993.3,62963.5,62963.5,4110.0,4.1107,258861.49669,1
1785635400000,62963.5,62970.3,62955.8,62962.2,2172.0,2.1724,136781.19017,1
1785635700000,62969.9,62987.3,62962.2,62962.3,1546.0,1.5462,97370.39819,1
1785636000000,62962.3,62962.3,62930.4,62939.2,2779.0,2.7794,174951.97555,1
1785636300000,62939.2,63530.2,62937.4,63367.9,178617.0,178.617,11315110.43703,1
1785636600000,63367.8,63438.6,63327.5,63430.4,20314.0,20.3146,1287223.89777,1
1785636900000,63439.9,63513.7,63372.5,63495.7,38868.0,38.8689,2465881.31104,1
1785637200000,63508.1,63530.0,63394.1,63498.7,18829.0,18.8297,1195048.55794,1
1785637500000,63498.7,63498.7,63381.6,63381.6,16896.0,16.8963,1071606.94353,1
1785637800000,63381.5,63434.1,63363.5,63399.9,15135.0,15.1359,959645.70866,1
1785638100000,63393.7,63405.0,63324.7,63348.1,7253.0,7.2532,459582.71101,1
1785638400000,63348.1,63367.4,63306.6,63357.9,4529.0,4.529,286845.20463,1
1785638700000,63358.0,63427.3,63316.0,63419.2,15434.0,15.4348,978549.72547,1
1785639000000,63419.1,63462.0,63369.8,63452.4,6504.0,6.5045,412437.00157,1
1785639300000,63450.0,63450.4,63401.4,63425.5,11038.0,11.038,699984.6567,1
1785639600000,63427.3,63434.0,63377.2,63377.2,11726.0,11.7261,743441.6851,1
1785639900000,63381.5,63417.0,63377.1,63377.1,4005.0,4.0051,253905.78139,1
1785640200000,63377.1,63393.0,63353.3,63393.0,1405.0,1.4054,89069.26221,1
1785640500000,63393.0,63415.6,63356.4,63415.5,5070.0,5.0705,321359.39414,1
1785640800000,63393.4,63518.1,63393.4,63464.5,10652.0,10.6528,676296.27268,1
1785641100000,63470.9,63471.0,63408.8,63417.9,8128.0,8.1281,515732.2261,1
1785641400000,63419.2,63449.9,63419.2,63442.7,2543.0,2.5439,161387.86787,1
1785641700000,63438.6,63463.2,63438.6,63459.0,2250.0,2.25,142780.18891,1
1785642000000,63459.0,63479.9,63452.6,63476.1,1799.0,1.7995,114196.5094,1
1785642300000,63479.9,63486.8,63450.0,63450.0,3163.0,3.1631,200778.0196,1
1785642600000,63450.0,63450.1,63405.3,63417.5,4685.0,4.6858,297211.83566,1
1785642900000,63417.4,63436.8,63414.1,63436.8,2956.0,2.9569,187521.91365,1
1785643200000,63438.5,63513.7,63438.5,63494.6,17146.0,17.1466,1088595.41258,1
1785643500000,63505.4,63518.3,63493.3,63496.1,7159.0,7.1597,454663.47672,1
1785643800000,63496.1,63528.5,63496.1,63515.6,2194.0,2.1941,139372.90619,1
1785644100000,63515.6,63515.7,63488.8,63497.4,14840.0,14.8404,942396.59935,1
1785644400000,63497.5,63534.0,63497.5,63517.5,8672.0,8.6724,550964.31336,1
1785644700000,63517.6,63534.4,63514.2,63514.2,1786.0,1.7865,113497.3203,1
1785645000000,63514.2,63534.0,63511.1,63520.1,10267.0,10.2675,652279.58993,1
1785645300000,63520.0,63525.0,63500.0,63515.1,507.0,0.5072,32217.09809,1
1785645600000,63515.0,63515.0,63500.0,63500.1,2469.0,2.4695,156814.12754,1
1785645900000,63500.1,63511.5,63500.0,63509.0,4069.0,4.0697,258437.61207,1
1785646200000,63509.0,63536.3,63509.0,63534.9,16500.0,16.5002,1048343.25104,1
1785646500000,63534.9,63590.0,63534.9,63566.4,18360.0,18.3605,1167068.76114,1
1785646800000,63567.2,63618.0,63498.7,63498.7,22343.0,22.3438,1420498.02696,1
1785647100000,63499.2,63499.2,63455.7,63462.4,22460.0,22.4609,1425997.13974,1
1785647400000,63462.4,63462.5,63444.0,63461.4,5849.0,5.8491,371152.1442,1
1785647700000,63461.4,63461.4,63432.4,63454.3,7634.0,7.6349,484352.81581,1
1785648000000,63454.3,63474.2,63454.3,63464.7,1999.0,1.9996,126908.8832,1
1785648300000,63464.7,63469.6,63455.1,63468.0,7227.0,7.2273,458679.35813,1
1785648600000,63469.5,63469.5,63433.9,63463.6,11797.0,11.7972,748735.70789,1
1785648900000,63453.9,63453.9,63407.5,63416.1,22070.0,22.0706,1399926.83665,1
1785649200000,63416.1,63426.2,63400.0,63400.0,13271.0,13.2718,841715.95332,1
1785649500000,63400.0,63410.0,63394.9,63409.9,3644.0,3.6449,231101.4839,1
1785649800000,63409.9,63430.0,63409.9,63430.0,998.0,0.9983,63316.77847,1
1785650100000,63430.0,63431.1,63428.5,63428.5,993.0,0.9936,63024.36797,1
1785650400000,63431.0,63441.9,63430.0,63441.9,957.0,0.957,60706.84891,1
1785650700000,63441.9,63460.0,63433.6,63434.5,4785.0,4.7851,303571.7061,1
1785651000000,63428.8,63428.8,63416.5,63416.5,2439.0,2.4395,154719.4589,1
1785651300000,63415.5,63420.0,63402.5,63417.3,5600.0,5.6002,355144.3356,1
1785651600000,63417.3,63431.7,63417.3,63431.6,1166.0,1.1667,74001.35681,1
1785651900000,63431.7,63472.0,63431.7,63471.9,2518.0,2.5184,159806.99054,1
1785652200000,63471.9,63478.6,63441.6,63446.1,19055.0,19.0555,1209013.03758,1
1785652500000,63446.1,63453.7,63435.6,63435.6,472.0,0.4726,29983.41254,1
1785652800000,63435.5,63470.0,63435.5,63470.0,2128.0,2.1283,135027.33527,1
1785653100000,63470.0,63472.2,63458.5,63465.3,5055.0,5.0552,320833.07124,1
1785653400000,63465.3,63465.3,63457.0,63457.1,5287.0,5.2876,335540.49159,1
1785653700000,63457.1,63465.2,63457.1,63460.3,4552.0,4.5528,288931.17604,1
1785654000000,63460.0,63467.1,63459.1,63463.3,810.0,0.8108,51457.59977,1
1785654300000,63463.3,63463.3,63451.1,63457.9,8728.0,8.7289,553894.86539,1
1785654600000,63457.9,63458.0,63457.0,63457.0,10364.0,10.3649,657734.37114,1
1785654900000,63457.0,63461.0,63457.0,63461.0,506.0,0.506,32110.92229,1
1785655200000,63460.9,63468.9,63460.9,63463.3,1378.0,1.3784,87477.99338,1
1785655500000,63459.9,63463.2,63459.9,63460.0,1818.0,1.8188,115421.20603,1
1785655800000,63460.0,63463.2,63459.0,63459.0,1445.0,1.4452,91716.69896,1
1785656100000,63459.1,63488.0,63459.0,63488.0,3195.0,3.1953,202847.41302,1
1785656400000,63487.9,63514.2,63487.9,63508.7,6925.0,6.9254,439807.87595,1
1785656700000,63508.7,63508.7,63449.0,63475.5,4280.0,4.2805,271684.22318,1
1785657000000,63475.5,63475.5,63470.6,63474.3,1144.0,1.1445,72643.07195,1
1785657300000,63474.3,63474.3,63457.3,63468.1,8942.0,8.9429,567515.2939,1
1785657600000,63471.1,63487.2,63457.1,63481.9,1741.0,1.7414,110528.35911,1
1785657900000,63481.9,63482.9,63464.7,63482.9,1614.0,1.6149,102497.20356,1
1785658200000,63482.9,63507.8,63462.5,63462.6,4139.0,4.1396,262813.16665,1
1785658500000,63462.5,63462.6,63452.5,63460.4,57700.0,57.7004,3661695.54419,1
1785658800000,63460.4,63460.4,63437.5,63437.5,4970.0,4.9703,315336.7265,1
1785659100000,63437.5,63437.5,63365.0,63365.1,7932.0,7.9322,502759.85439,1
1785659400000,63365.0,63366.3,63329.8,63329.8,14192.0,14.1927,899160.44706,1
1785659700000,63329.8,63329.9,63205.7,63205.7,20395.0,20.3955,1290345.39702,1
1785660000000,63205.8,63254.5,63199.1,63202.9,34139.0,34.1397,2158581.83016,1
1785660300000,63200.6,63214.8,63191.4,63200.0,10930.0,10.9303,690888.09099,1
1785660600000,63200.1,63200.4,63182.3,63198.0,3572.0,3.5728,225756.98174,1
1785660900000,63192.0,63192.2,63146.0,63171.2,102677.0,102.6775,6486510.18643,1
1785661200000,63171.2,63204.3,63082.5,63082.7,12726.0,12.7262,803568.65724,1
1785661500000,63082.4,63215.3,63075.6,63215.2,10999.0,10.999,694348.49432,1
1785661800000,63215.1,63264.3,63215.1,63237.2,5808.0,5.8085,367376.75699,1
1785662100000,63237.2,63259.7,63230.0,63236.8,1045.0,1.0451,66091.49965,1
1785662400000,63236.8,63264.1,63227.6,63264.0,2267.0,2.2673,143407.27843,1
1785662700000,63264.3,63274.0,63207.3,63210.1,1168.0,1.1689,73912.15376,1
1785663000000,63208.0,63291.4,63207.9,63285.9,2449.0,2.4498,155011.87911,1
1785663300000,63285.9,63292.9,63250.3,63250.3,1956.0,1.9569,123814.3104,1
1785663600000,63250.3,63260.1,63238.3,63239.2,1698.0,1.6985,107431.14863,1
1785663900000,63239.1,63252.2,63239.1,63246.6,1955.0,1.9557,123688.29271,1
1785664200000,63243.3,63249.5,63230.0,63245.1,1139.0,1.1397,72074.52201,1
1785664500000,63245.1,63249.7,63245.1,63249.7,4647.0,4.6476,293957.76732,1
1785664800000,63249.2,63249.2,63211.0,63214.9,1187.0,1.1871,75047.17327,1
1785665100000,63216.9,63245.0,63213.3,63216.4,780.0,0.7809,49368.99203,1
1785665400000,63216.4,63216.5,63176.4,63180.1,1706.0,1.7066,107834.73974,1
1785665700000,63180.0,63247.1,63166.5,63244.0,4213.0,4.2139,266347.70148,1
1785666000000,63244.0,63244.0,63116.7,63129.1,2550.0,2.5501,161128.98876,1
1785666300000,63129.1,63136.1,63098.0,63118.5,1921.0,1.9216,121278.52107,1
1785666600000,63125.4,63166.8,63125.4,63166.8,5936.0,5.9361,374837.89956,1
1785666900000,63162.8,63188.3,63156.2,63183.9,1161.0,1.1613,73354.40776,1
1785667200000,63184.0,63184.0,63172.1,63178.5,2926.0,2.9269,184915.45815,1
1785667500000,63179.0,63180.3,63179.0,63180.2,638.0,0.6389,40365.87381,1
1785667800000,63176.7,63176.7,63168.0,63173.1,2675.0,2.6751,168999.48086,1
1785668100000,63173.3,63176.6,63171.4,63176.6,5203.0,5.2038,328739.84647,1
1785668400000,63176.6,63176.7,63144.0,63144.0,3657.0,3.657,230963.28419,1
1785668700000,63144.0,63160.0,63127.3,63127.3,2874.0,2.8743,181521.82481,1
1785669000000,63127.3,63133.1,63110.1,63133.0,13187.0,13.1871,832308.16977,1
1785669300000,63133.0,63182.1,63127.6,63127.6,1355.0,1.3551,85580.27521,1
1785669600000,63127.6,63159.1,63102.5,63122.0,27483.0,27.4831,1734690.91273,1
1785669900000,63120.7,63159.3,63120.7,63132.6,12253.0,12.2532,773792.13813,1
1785670200000,63129.7,63137.9,63093.6,63125.0,2182.0,2.182,137694.52377,1
1785670500000,63126.0,63148.6,63107.4,63147.8,6280.0,6.2803,396473.2402,1
1785670800000,63148.8,63157.4,63075.1,63094.5,3204.0,3.2046,202252.25645,1
1785671100000,63094.4,63146.4,63080.1,63080.2,1505.0,1.5057,95032.0684,1
1785671400000,63080.2,63136.6,63000.0,63022.5,31427.0,31.4279,1981958.84393,1
1785671700000,63028.9,63050.4,62961.1,63005.0,97438.0,97.4382,6138488.28102,1
1785672000000,63007.2,63094.4,63007.2,63083.6,5596.0,5.5966,352962.02817,1
1785672300000,63083.6,63108.7,63083.5,63108.6,8213.0,8.2139,518274.0403,1
1785672600000,63108.7,63152.7,63094.6,63152.7,18826.0,18.8269,1188262.34714,1
1785672900000,63152.6,63188.5,63125.3,63155.1,12307.0,12.3079,777249.6238,1
1785673200000,63155.1,63215.1,63150.0,63175.8,6462.0,6.462,408312.91249,1
1785673500000,63183.5,63194.6,63158.0,63158.0,2185.0,2.1857,138081.25344,1
1785673800000,63151.2,63190.0,63143.4,63149.5,3729.0,3.7293,235584.72088,1
1785674100000,63145.1,63176.6,63083.6,63110.8,4708.0,4.7083,297257.8903,1
1785674400000,63127.1,63127.1,63113.1,63119.9,3716.0,3.7163,234583.9648,1
1785674700000,63119.9,63134.8,63108.1,63127.9,891.0,0.8914,56264.77487,1
1785675000000,63127.9,63127.9,63096.5,63120.0,5332.0,5.332,336485.49813,1
1785675300000,63120.1,63120.1,63086.8,63090.8,12665.0,12.6655,799048.10313,1
1785675600000,63091.0,63119.2,63087.9,63108.4,3894.0,3.8949,245753.36519,1
1785675900000,63103.3,63103.3,63063.5,63086.4,6493.0,6.4931,409657.16178,1
1785676200000,63086.4,63091.5,63086.4,63091.1,1430.0,1.4308,90264.24922,1
1785676500000,63090.0,63090.0,63030.0,63030.0,5122.0,5.1222,322945.66116,1
1785676800000,63038.9,63054.8,63038.8,63054.0,6462.0,6.4626,407404.4163,1
1785677100000,63051.8,63089.5,63051.7,63059.3,3915.0,3.9158,246950.34935,1
1785677400000,63059.3,63082.8,63053.0,63053.0,7380.0,7.3801,465491.83932,1
1785677700000,63053.0,63053.0,62974.4,62985.0,20216.0,20.2165,1273764.17589,1
1785678000000,62987.6,63065.7,62984.9,63065.7,6413.0,6.4131,404245.05742,1
1785678300000,63065.7,63108.0,63065.7,63103.2,16215.0,16.2159,1023025.53986,1
1785678600000,63103.2,63109.8,63064.6,63089.9,26159.0,26.1595,1650356.5046,1
1785678900000,63090.0,63095.0,63079.0,63095.0,5409.0,5.4096,341272.869,1
1785679200000,63095.0,63095.0,63045.5,63072.0,747.0,0.7473,47133.05427,1
1785679500000,63072.0,63072.1,63038.6,63038.6,2479.0,2.4795,156350.56382,1
1785679800000,63038.7,63065.8,63035.8,63065.0,1197.0,1.1972,75487.73922,1
1785680100000,63065.0,63133.5,63065.0,63120.0,7710.0,7.7101,486551.10422,1
1785680400000,63105.0,63114.2,63070.6,63077.0,6597.0,6.5974,416318.24496,1
1785680700000,63086.6,63107.8,63081.5,63104.8,7997.0,7.9978,504554.60152,1
1785681000000,63104.7,63104.8,63071.4,63100.8,1557.0,1.557,98249.67559,1
1785681300000,63100.8,63162.4,63099.2,63109.4,11047.0,11.0476,697501.78482,1
1785681600000,63110.7,63135.8,63109.6,63135.8,5945.0,5.9452,375264.07445,1
1785681900000,63135.8,63135.8,63093.9,63093.9,1182.0,1.1828,74648.2504,1
1785682200000,63094.0,63094.0,63033.8,63035.6,21989.0,21.9897,1387025.62958,1
1785682500000,63034.2,63047.5,63034.1,63042.6,2285.0,2.2857,144091.16896,1
1785682800000,63042.6,63061.6,63023.1,63028.9,3156.0,3.1561,198939.07679,1
1785683100000,63028.9,63074.8,63028.9,63068.0,712.0,0.7124,44928.37416,1
1785683400000,63068.0,63100.9,63067.2,63096.1,43094.0,43.0945,2718124.15982,1
1785683700000,63096.1,63105.1,63017.6,63091.0,2173.0,2.1734,137132.60769,1
1785684000000,63091.0,63092.2,63088.1,63091.0,2994.0,2.9947,188941.96167,1
1785684300000,63090.0,63102.1,63089.1,63100.1,2235.0,2.2352,141037.32442,1
1785684600000,63100.1,63145.9,63100.1,63143.0,20257.0,20.2577,1278711.39179,1
1785684900000,63142.1,63142.1,63113.1,63113.1,12879.0,12.8794,813108.14256,1
1785685200000,63113.1,63125.4,63104.6,63119.8,25037.0,25.0372,1580393.08415,1
1785685500000,63119.9,63129.1,63100.8,63100.8,2135.0,2.135,134760.48515,1
1785685800000,63100.8,63105.8,63093.1,63095.6,7768.0,7.7682,490148.85961,1
1785686100000,63098.2,63098.2,63078.4,63081.6,11354.0,11.3542,716390.89001,1
1785686400000,63087.4,63094.5,63038.0,63077.5,8875.0,8.875,559629.20231,1
1785686700000,63077.5,63100.1,63060.2,63100.1,5153.0,5.1537,325152.54734,1
1785687000000,63100.1,63110.9,63080.3,63085.2,2001.0,2.0015,126262.74921,1
1785687300000,63080.4,63080.4,63056.0,63057.3,1311.0,1.3115,82708.646,1
1785687600000,63050.1,63108.1,63050.1,63108.1,19357.0,19.3575,1221175.82748,1
1785687900000,63108.1,63108.2,63066.6,63086.9,3068.0,3.0682,193531.44023,1
1785688200000,63086.9,63159.0,63076.0,63156.0,10270.0,10.2708,648432.40677,1
1785688500000,63151.4,63184.2,63135.0,63184.2,9006.0,9.0061,568934.93467,1
1785688800000,63184.1,63256.3,63172.4,63200.0,45660.0,45.66,2886734.27986,1
1785689100000,63198.9,63211.5,63185.0,63192.0,6889.0,6.8897,435395.15664,1
1785689400000,63192.0,63192.0,63163.1,63163.1,5131.0,5.1315,324180.06574,1
1785689700000,63163.4,63178.5,63160.1,63160.1,4097.0,4.0972,258809.81949,1
1785690000000,63158.8,63173.2,63141.7,63173.2,7479.0,7.4794,472383.95141,1
1785690300000,63173.2,63173.2,63132.7,63132.7,22025.0,22.0259,1390819.4477,1
1785690600000,63132.0,63198.9,63129.7,63181.8,18763.0,18.7631,1185281.19499,1
1785690900000,63184.4,63190.9,63166.4,63184.0,2281.0,2.281,144100.031,1
1785691200000,63184.0,63323.6,63182.7,63323.6,18048.0,18.048,1142300.94656,1
1785691500000,63323.6,63323.6,63240.0,63258.9,34481.0,34.4812,2181300.01326,1
1785691800000,63272.1,63297.4,63267.8,63268.9,5043.0,5.0433,319165.30257,1
1785692100000,63268.9,63299.2,63268.9,63290.9,2876.0,2.8762,181996.68799,1
1785692400000,63290.9,63302.2,63270.5,63302.2,2301.0,2.3018,145663.325,1
1785692700000,63302.1,63310.0,63287.8,63304.6,2127.0,2.1276,134694.58165,1
1785693000000,63304.5,63304.5,63284.2,63284.3,8801.0,8.8013,557013.30226,1
1785693300000,63284.3,63289.5,63279.5,63282.0,9745.0,9.7451,616691.92548,1
1785693600000,63282.0,63309.0,63282.0,63309.0,2790.0,2.7905,176637.59146,1
1785693900000,63309.0,63310.0,63269.8,63269.9,6919.0,6.919,437824.37721,1
1785694200000,63269.9,63295.0,63269.9,63292.9,1417.0,1.4179,89739.55281,1
1785694500000,63291.1,63295.6,63269.9,63295.5,1313.0,1.3136,83130.63711,1
1785694800000,63295.5,63305.0,63295.5,63296.6,1563.0,1.5633,98958.22753,1
1785695100000,63295.4,63295.4,63266.5,63269.0,1944.0,1.9442,123025.37278,1
1785695400000,63269.0,63293.8,63268.9,63293.8,21864.0,21.8646,1383361.92872,1
1785695700000,63294.0,63410.8,63294.0,63403.0,67220.0,67.2209,4260781.80743,1
1785696000000,63403.1,63588.3,63400.1,63473.4,39531.0,39.5318,2509997.06115,1
1785696300000,63485.5,63491.7,63394.2,63400.0,12120.0,12.1207,768626.21989,1
1785696600000,63400.2,63400.2,63360.0,63367.9,9158.0,9.1586,580473.46568,1
1785696900000,63367.7,63368.0,63363.5,63364.3,11954.0,11.9549,757535.718,1
1785697200000,63360.1,63373.1,63324.0,63329.7,10341.0,10.3417,655051.41975,1
1785697500000,63331.6,63359.7,63330.3,63330.9,12181.0,12.1817,771631.55304,1
1785697800000,63333.5,63354.0,63326.6,63338.8,4462.0,4.4621,282630.80403,1
1785698100000,63338.8,63352.9,63334.8,63340.4,8554.0,8.5548,541844.10993,1
1785698400000,63340.4,63351.6,63334.5,63336.0,5102.0,5.1026,323177.50557,1
1785698700000,63326.6,63326.6,63309.1,63309.1,2304.0,2.3045,145912.49751,1
1785699000000,63307.6,63317.8,63306.2,63317.7,2280.0,2.2808,144398.38933,1
1785699300000,63317.7,63353.5,63317.7,63353.5,6909.0,6.9091,437651.12221,1
1785699600000,63353.5,63381.1,63353.4,63381.0,12669.0,12.669,802738.2601,1
1785699900000,63380.7,63444.4,63380.6,63443.8,5988.0,5.9885,379779.77869,1
1785700200000,63444.3,63454.8,63429.4,63436.1,11433.0,11.4334,725253.47482,1
1785700500000,63436.1,63437.7,63425.2,63432.9,2115.0,2.1158,134208.77985,1
1785700800000,63433.0,63449.4,63405.0,63405.0,3276.0,3.276,207783.77046,1
1785701100000,63400.3,63422.7,63396.6,63422.6,3719.0,3.7191,235835.95376,1
1785701400000,63422.6,63441.2,63407.0,63441.2,2277.0,2.2775,144442.62946,1
1785701700000,63441.2,63477.0,63430.1,63453.8,4261.0,4.2611,270397.49271,1
1785702000000,63453.8,63458.6,63407.0,63407.0,9338.0,9.3387,592273.03584,1
1785702300000,63407.0,63407.0,63383.9,63389.1,2482.0,2.4823,157349.65442,1
1785702600000,63389.0,63437.1,63389.0,63433.4,4128.0,4.1284,261762.67291,1
1785702900000,63433.4,63433.5,63401.0,63401.0,3485.0,3.4856,221049.17331,1
1785703200000,63401.1,63413.8,63401.0,63413.8,4110.0,4.1104,260648.35237,1
1785703500000,63413.8,63483.3,63394.2,63468.4,8188.0,8.1886,519498.39118,1
1785703800000,63468.4,63468.4,63440.1,63448.9,20857.0,20.8577,1323346.48623,1
1785704100000,63448.9,63482.7,63448.9,63477.2,10395.0,10.3955,659900.18529,1
1785704400000,63482.7,63541.4,63460.0,63541.0,8620.0,8.6201,547156.70504,1
1785704700000,63541.0,63544.1,63500.0,63510.9,3505.0,3.5054,222676.09658,1
1785705000000,63519.6,63523.1,63491.7,63504.5,8081.0,8.0816,513293.09606,1
1785705300000,63504.4,63534.3,63487.8,63499.9,4775.0,4.775,303222.48222,1
1785705600000,63498.6,63509.8,63498.6,63509.0,2021.0,2.0212,128358.89562,1
1785705900000,63508.9,63520.0,63490.9,63520.0,3450.0,3.4506,219142.99936,1
1785706200000,63520.0,63550.8,63501.7,63507.5,18839.0,18.8392,1196695.33464,1
1785706500000,63507.4,63558.2,63492.7,63495.0,4260.0,4.2601,270621.12158,1
1785706800000,63492.7,63756.7,63485.3,63675.9,104874.0,104.8749,6677892.41388,1
1785707100000,63675.5,63762.0,63635.2,63664.1,26440.0,26.4405,1683617.41902,1
1785707400000,63664.1,63682.1,63586.8,63586.8,16975.0,16.9752,1079778.152,1
1785707700000,63587.5,63612.8,63535.6,63559.9,8876.0,8.8767,564237.8889,1
1785708000000,63567.6,63719.8,63567.6,63673.6,17417.0,17.4175,1108913.02565,1
1785708300000,63677.9,63711.0,63629.5,63673.0,19382.0,19.3827,1233781.41521,1
1785708600000,63690.8,63779.8,63675.0,63675.1,43611.0,43.6116,2780079.74512,1
1785708900000,63674.8,63760.0,63642.7,63661.7,40316.0,40.316,2567567.30043,1
1785709200000,63667.2,63678.4,63638.1,63640.0,19105.0,19.1053,1216265.25512,1
1785709500000,63642.2,63649.3,63554.0,63571.1,27454.0,27.454,1745901.8281,1
1785709800000,63571.2,63580.6,63421.3,63423.5,33431.0,33.4317,2123337.18211,1
1785710100000,63424.4,63444.9,63347.5,63378.4,18258.0,18.2581,1157560.8096,1
1785710400000,63385.6,63500.0,63350.9,63491.7,11547.0,11.5475,732243.3365,1
1785710700000,63491.7,63547.0,63427.9,63428.0,12080.0,12.0803,767058.22464,1
1785711000000,63430.1,63434.8,63403.0,63407.1,7099.0,7.0998,450284.41852,1
1785711300000,63407.1,63414.0,63394.9,63402.3,13022.0,13.022,825670.16139,1
1785711600000,63390.8,63431.7,63366.0,63388.0,11424.0,11.4241,724229.10798,1
1785711900000,63371.0,63371.0,63336.1,63359.4,28409.0,28.4094,1799812.09759,1
1785712200000,63360.0,63374.6,63310.8,63339.1,9153.0,9.1538,579778.64192,1
1785712500000,63339.1,63501.2,63314.2,63500.1,19498.0,19.4987,1236048.86506,1
1785712800000,63505.8,63505.8,63433.9,63462.0,13761.0,13.7614,873656.74009,1
1785713100000,63464.6,63530.0,63464.6,63514.8,6225.0,6.2252,395286.32084,1
1785713400000,63513.1,63577.1,63508.8,63555.3,14159.0,14.1595,899533.66423,1
1785713700000,63553.6,63560.0,63485.5,63499.9,6250.0,6.2502,397059.97637,1
1785714000000,63495.6,63497.4,63469.1,63497.4,8455.0,8.4551,536738.01341,1
1785714300000,63500.2,63528.0,63468.1,63501.5,7070.0,7.0703,449027.61537,1
1785714600000,63482.7,63524.0,63476.0,63481.9,5268.0,5.2687,334583.01147,1
1785714900000,63492.5,63550.0,63486.0,63549.9,4807.0,4.8072,305455.36253,1
1785715200000,63550.6,63575.6,63473.1,63488.1,5998.0,5.9984,381062.98543,1
1785715500000,63487.5,63491.3,63407.7,63426.6,17294.0,17.2948,1097038.4656,1
1785715800000,63429.9,63429.9,63369.3,63403.9,14529.0,14.5294,921130.51225,1
1785716100000,63397.1,63424.0,63367.9,63368.0,14430.0,14.43,914932.16828,1
1785716400000,63368.1,63413.6,63349.1,63359.1,6090.0,6.0909,385975.66622,1
1785716700000,63359.1,63359.1,63230.1,63249.8,38565.0,38.5655,2441135.95464,1
1785717000000,63239.4,63338.1,63188.3,63338.1,13955.0,13.9559,882445.41928,1
1785717300000,63330.6,63367.9,63309.9,63367.6,20657.0,20.6571,1308353.85357,1
1785717600000,63367.9,63399.8,63288.9,63308.8,6406.0,6.4066,405796.72101,1
1785717900000,63308.9,63319.6,63255.4,63313.9,6145.0,6.1453,388959.96976,1
1785718200000,63313.9,63333.1,63277.5,63300.0,10426.0,10.4265,660109.62334,1
1785718500000,63299.9,63304.3,63289.5,63299.0,1341.0,1.3419,84940.93137,1
1785718800000,63293.7,63319.9,63226.2,63317.0,14808.0,14.8084,936985.1357,1
1785719100000,63317.0,63322.9,63204.8,63253.1,21007.0,21.0074,1328880.69185,1
1785719400000,63254.5,63272.0,63155.3,63200.1,12182.0,12.1827,769751.75063,1
1785719700000,63200.1,63221.5,63139.2,63184.0,14736.0,14.7363,930934.11712,1
1785720000000,63171.8,63181.7,63139.1,63181.7,6621.0,6.6218,418270.81581,1
1785720300000,63181.6,63228.4,63090.0,63156.8,12102.0,12.102,763946.19944,1
1785720600000,63156.6,63228.2,63141.1,63205.0,2990.0,2.9908,189054.33421,1
1785720900000,63204.9,63214.4,63158.8,63172.0,3228.0,3.2285,203995.29216,1
1785721200000,63171.3,63222.3,63162.6,63199.9,2004.0,2.0049,126720.34423,1
1785721500000,63199.9,63210.2,63163.6,63163.6,1507.0,1.507,95233.60062,1
1785721800000,63160.4,63173.0,63140.9,63140.9,16881.0,16.8817,1066254.68503,1
1785722100000,63140.8,63200.0,63138.1,63194.2,2676.0,2.6762,169031.46369,1
1785722400000,63182.0,63209.3,63140.1,63196.1,7219.0,7.2195,456109.5996,1
1785722700000,63196.1,63198.4,63144.5,63167.5,6520.0,6.5208,411910.1776,1
1785723000000,63167.6,63171.0,63132.7,63171.0,3170.0,3.1709,200257.5424,1
1785723300000,63171.0,63207.3,63169.2,63200.6,4247.0,4.2472,268357.7041,1
1785723600000,63210.8,63266.1,63189.9,63189.9,3322.0,3.322,210071.34492,1
1785723900000,63190.0,63197.1,63067.8,63102.2,10538.0,10.5386,664907.23487,1
1785724200000,63096.4,63136.5,63085.9,63136.5,5582.0,5.5822,352282.55226,1
1785724500000,63136.5,63177.1,63129.7,63174.3,4192.0,4.1921,264791.95946,1
1785724800000,63174.3,63192.1,63161.0,63161.1,2222.0,2.222,140391.07281,1
1785725100000,63161.1,63175.5,63148.3,63166.2,1704.0,1.704,107624.03209,1
1785725400000,63172.8,63172.8,63125.0,63129.5,3978.0,3.9781,251251.06905,1
1785725700000,63129.5,63132.7,63100.0,63124.9,1362.0,1.3626,86006.86694,1
1785726000000,63112.0,63142.8,63100.0,63130.3,5540.0,5.5401,349694.24843,1
1785726300000,63123.4,63151.3,63077.6,63109.4,4147.0,4.1472,261685.29764,1
1785726600000,63109.5,63115.4,63073.8,63090.1,3730.0,3.7308,235426.352,1
1785726900000,63084.5,63120.9,63061.7,63070.1,16776.0,16.7763,1058216.96995,1
1785727200000,63078.4,63090.9,63052.0,63063.9,16748.0,16.7484,1056066.76562,1
1785727500000,63063.8,63066.6,63049.0,63051.1,3352.0,3.3522,211366.32556,1
1785727800000,63051.2,63063.6,63012.1,63063.6,89381.0,89.381,5633580.13378,1
1785728100000,63061.8,63069.4,63031.3,63037.9,4174.0,4.1748,263225.80068,1
1785728400000,63030.5,63042.3,63022.0,63042.3,1951.0,1.9515,123008.54508,1
1785728700000,63039.7,63039.7,62745.1,62906.2,91604.0,91.6046,5760128.07659,1
1785729000000,62900.0,62948.3,62900.0,62922.5,24610.0,24.6102,1548888.63554,1
1785729300000,62923.0,62923.0,62850.0,62850.2,4749.0,4.7498,298770.82363,1
1785729600000,62850.2,62916.5,62827.3,62916.5,23396.0,23.3965,1470673.81753,1
1785729900000,62907.1,62913.7,62843.2,62843.2,4960.0,4.9607,312037.08967,1
1785730200000,62841.9,62865.3,62786.3,62844.7,3554.0,3.5544,223291.27428,1
1785730500000,62844.9,62912.9,62844.9,62902.7,2910.0,2.9102,183025.76245,1
1785730800000,62897.4,62948.7,62892.0,62926.2,14519.0,14.5196,913668.5649,1
1785731100000,62926.2,62950.0,62915.3,62947.0,3940.0,3.9404,248010.15243,1
1785731400000,62947.0,62971.1,62947.0,62962.7,2642.0,2.6422,166355.6743,1
1785731700000,62962.7,62971.4,62955.0,62957.1,2938.0,2.938,184983.3731,1
1785732000000,62959.9,62974.4,62932.0,62941.3,2789.0,2.7891,175609.3829,1
1785732300000,62948.2,62948.2,62895.5,62900.0,3955.0,3.9558,248889.89678,1
1785732600000,62900.0,62900.0,62832.7,62838.0,3586.0,3.5861,225463.97327,1
1785732900000,62847.5,62847.6,62755.8,62765.3,13968.0,13.9685,877241.70994,1
1785733200000,62765.6,62826.4,62765.6,62771.4,21514.0,21.5148,1351207.80241,1
1785733500000,62771.4,62810.0,62716.6,62809.7,20358.0,20.3583,1277251.37175,1
1785733800000,62809.7,62841.8,62809.1,62823.7,17852.0,17.8526,1121537.29987,1
1785734100000,62823.7,62830.5,62780.1,62830.5,4789.0,4.7894,300794.71612,1
1785734400000,62830.5,62848.0,62766.2,62802.8,5409.0,5.4098,339691.99375,1
1785734700000,62802.4,62826.9,62802.3,62802.4,4475.0,4.4756,281157.05024,1
1785735000000,62802.4,62809.5,62764.6,62764.6,3362.0,3.3629,211180.7789,1
1785735300000,62762.6,62785.9,62757.9,62785.9,3266.0,3.2669,205064.33926,1
1785735600000,62786.7,62823.0,62779.0,62781.0,7296.0,7.2965,458315.23059,1
1785735900000,62781.0,62839.9,62779.1,62828.6,5697.0,5.6974,357818.43143,1
1785736200000,62828.7,62828.8,62781.0,62790.9,691.0,0.6913,43410.77046,1
1785736500000,62799.8,62804.7,62774.4,62800.0,5132.0,5.132,322193.18541,1
1785736800000,62803.7,62822.0,62792.4,62807.7,1351.0,1.3516,84892.36782,1
1785737100000,62807.7,62841.8,62803.1,62829.8,13142.0,13.142,825780.78315,1
1785737400000,62829.9,62834.0,62810.0,62815.5,2525.0,2.5254,158634.03679,1
1785737700000,62810.0,62823.0,62792.4,62792.4,3176.0,3.1765,199518.89308,1
1785738000000,62792.5,62792.5,62748.1,62783.7,6926.0,6.9266,434720.2652,1
1785738300000,62776.7,62776.7,62725.3,62764.9,36394.0,36.3949,2283904.0424,1
1785738600000,62764.9,62806.4,62754.9,62754.9,2119.0,2.1193,133039.38484,1
1785738900000,62754.9,62754.9,62641.3,62673.9,24078.0,24.0782,1509423.29799,1
1785739200000,62669.7,62670.0,62605.4,62605.4,59675.0,59.6758,3739094.97122,1
1785739500000,62605.0,62655.7,62587.7,62634.6,57379.0,57.3793,3594016.79254,1
1785739800000,62625.8,62672.1,62623.6,62638.6,123854.0,123.854,7760547.13414,1
1785740100000,62629.9,62629.9,62589.3,62589.3,9933.0,9.9337,622039.93996,1
1785740400000,62589.3,62607.3,62569.8,62600.8,5194.0,5.1943,325078.86188,1
1785740700000,62594.8,62647.6,62594.8,62595.6,11456.0,11.456,717266.77997,1
1785741000000,62594.9,62625.2,62575.1,62575.1,15147.0,15.1477,948404.14007,1
1785741300000,62573.5,62598.5,62523.0,62592.5,19569.0,19.5694,1224115.95934,1
1785741600000,62592.5,62624.9,62562.8,62616.6,15906.0,15.9066,995410.05707,1
1785741900000,62616.6,62634.6,62616.3,62616.5,6321.0,6.3215,395895.49601,1
1785742200000,62614.0,62668.6,62605.6,62665.1,9551.0,9.5511,598282.37212,1
1785742500000,62665.1,62665.1,62566.1,62603.7,19684.0,19.6848,1232266.25171,1
1785742800000,62603.6,62613.9,62600.0,62600.3,517.0,0.5173,32387.55811,1
1785743100000,62600.3,62645.0,62600.3,62617.1,2805.0,2.8054,175716.17043,1
1785743400000,62601.5,62622.4,62573.7,62587.6,5163.0,5.1633,323186.49353,1
1785743700000,62587.6,62595.1,62550.0,62587.5,2541.0,2.5417,159044.45818,1
1785744000000,62591.0,62622.7,62551.8,62581.5,1566.0,1.5662,98022.96145,1
1785744300000,62581.7,62601.9,62507.4,62507.4,6387.0,6.3878,399477.03018,1
1785744600000,62508.9,62543.9,62490.8,62543.9,15767.0,15.7679,985631.04384,1
1785744900000,62543.9,62543.9,62464.1,62464.1,47227.0,47.2276,2952414.91564,1
1785745200000,62464.1,62465.3,62308.4,62390.4,198162.0,198.1625,12359906.66453,1
1785745500000,62390.1,62390.1,62292.9,62306.9,20659.0,20.6599,1287805.71611,1
1785745800000,62306.9,62341.9,62275.0,62289.8,29213.0,29.2137,1819963.38803,1
1785746100000,62291.4,62401.0,62290.8,62371.8,119318.0,119.3187,7440032.48954,1
1785746400000,62371.8,62418.2,62370.8,62410.7,207934.0,207.934,12974872.3719,1
1785746700000,62410.6,62430.2,62406.3,62422.9,5525.0,5.5259,344926.81769,1
1785747000000,62422.9,62462.6,62405.1,62453.3,17938.0,17.9384,1119982.22256,1
1785747300000,62453.4,62516.4,62453.3,62512.4,12336.0,12.3361,770819.51361,1
1785747600000,62512.7,62530.0,62487.9,62505.6,8792.0,8.7925,549561.3504,1
1785747900000,62504.6,62545.1,62501.9,62535.7,8267.0,8.2678,516960.6378,1
1785748200000,62534.5,62548.1,62520.0,62542.8,4686.0,4.6868,293107.24477,1
1785748500000,62542.8,62577.9,62542.7,62570.1,3584.0,3.5849,224285.49273,1
1785748800000,62570.0,62639.1,62570.0,62619.1,14945.0,14.9453,935783.68451,1
1785749100000,62610.7,62615.1,62587.9,62615.1,5826.0,5.8262,364735.56368,1
1785749400000,62615.0,62675.3,62596.6,62631.9,6877.0,6.8778,430834.23864,1
1785749700000,62635.9,62645.4,62611.4,62623.9,12700.0,12.7001,795384.82241,1
1785750000000,62623.9,62664.1,62623.9,62662.1,1893.0,1.8936,118643.77136,1
1785750300000,62662.2,62722.0,62662.1,62709.6,20389.0,20.3892,1278303.69845,1
1785750600000,62701.1,62734.1,62701.1,62733.9,8510.0,8.5103,533798.43838,1
1785750900000,62738.1,62842.0,62738.1,62807.0,19687.0,19.6873,1236394.78136,1
1785751200000,62807.0,62838.5,62753.8,62776.5,9672.0,9.6724,607246.44909,1
1785751500000,62770.6,62778.3,62737.4,62745.3,12265.0,12.2654,769736.13127,1
1785751800000,62745.3,62780.7,62737.1,62761.2,8212.0,8.2126,515422.24971,1
1785752100000,62761.1,62775.9,62727.0,62762.2,2794.0,2.7948,175366.26547,1
1785752400000,62762.1,62797.0,62749.5,62767.7,3782.0,3.7827,237452.7539,1
1785752700000,62767.7,62767.7,62707.4,62714.2,3196.0,3.1962,200518.91745,1
1785753000000,62714.2,62714.2,62650.0,62659.9,10608.0,10.6087,665116.73778,1
1785753300000,62669.9,62670.0,62650.0,62650.3,3186.0,3.1866,199657.95053,1
1785753600000,62650.3,62685.4,62650.3,62680.9,4109.0,4.1094,257512.06312,1
1785753900000,62680.9,62680.9,62611.7,62611.7,11278.0,11.2785,706382.18944,1
1785754200000,62611.7,62664.4,62590.1,62658.7,12077.0,12.0775,756381.13505,1
1785754500000,62658.7,62753.1,62640.4,62714.3,13830.0,13.8301,867456.96775,1
1785754800000,62714.1,62714.2,62622.8,62658.9,6634.0,6.634,415690.5823,1
1785755100000,62657.4,62660.1,62570.0,62577.3,7402.0,7.4028,463445.83594,1
1785755400000,62577.3,62624.8,62574.2,62617.0,3628.0,3.6287,227178.06068,1
1785755700000,62617.0,62706.4,62606.7,62694.2,2979.0,2.9795,186699.48162,1
1785756000000,62694.2,62737.2,62694.2,62722.5,4602.0,4.6025,288676.20146,1
1785756300000,62720.2,62720.2,62672.2,62672.2,3268.0,3.2688,204990.7741,1
1785756600000,62672.3,62735.3,62662.1,62735.3,4878.0,4.8787,305920.88589,1
1785756900000,62735.4,62746.4,62709.0,62709.0,2738.0,2.7383,171783.74339,1
1785757200000,62704.1,62704.1,62637.0,62670.0,10321.0,10.321,646691.42576,1
1785757500000,62670.0,62674.3,62634.9,62643.7,3764.0,3.7643,235856.42878,1
1785757800000,62649.6,62649.6,62599.9,62614.2,7175.0,7.1757,449348.91837,1
1785758100000,62614.2,62614.2,62506.7,62534.2,17843.0,17.8437,1115955.44643,1
1785758400000,62534.1,62582.3,62512.2,62515.7,5987.0,5.9875,374515.88187,1
1785758700000,62521.1,62527.2,62402.4,62457.6,115597.0,115.5974,7218588.47155,1
1785759000000,62457.5,62530.0,62450.0,62525.0,12167.0,12.1678,760398.55672,1
1785759300000,62525.0,62658.9,62525.0,62622.8,5287.0,5.287,330915.99045,1
1785759600000,62622.8,62631.1,62600.9,62605.0,7546.0,7.5464,472469.18053,1
1785759900000,62605.1,62610.0,62596.1,62605.6,4453.0,4.4535,278804.57466,1
1785760200000,62605.6,62620.6,62596.3,62597.9,3008.0,3.0087,188380.69061,1
1785760500000,62597.9,62627.4,62582.2,62591.8,6226.0,6.2268,389792.15775,1
1785760800000,62603.2,62718.8,62603.2,62718.8,4737.0,4.7372,296886.41077,1
1785761100000,62719.2,62761.6,62692.3,62698.5,96624.0,96.6244,6061208.72308,1
1785761400000,62698.5,62699.9,62668.5,62694.2,22022.0,22.0226,1380427.497,1
1785761700000,62691.6,62700.0,62657.0,62668.8,5149.0,5.149,322759.2672,1
1785762000000,62668.8,62717.0,62668.8,62675.0,5356.0,5.356,335792.16213,1
1785762300000,62666.9,62699.5,62666.7,62684.1,4158.0,4.1583,260637.45562,1
1785762600000,62684.1,62753.3,62672.8,62746.8,8931.0,8.9314,560178.46605,1
1785762900000,62746.8,62940.0,62746.8,62923.4,29491.0,29.4912,1853737.31987,1
1785763200000,62926.7,62977.7,62856.2,62869.8,26283.0,26.2836,1653302.02736,1
1785763500000,62862.9,62863.1,62697.1,62746.2,28357.0,28.3575,1779859.63784,1
1785763800000,62740.1,62740.1,62536.1,62670.2,63355.0,63.3558,3966443.91419,1
1785764100000,62666.1,62903.5,62665.8,62843.9,43699.0,43.6992,2745735.064,1
1785764400000,62846.1,62917.7,62823.4,62906.0,36802.0,36.8027,2314222.99189,1
1785764700000,62907.0,63062.6,62781.8,62949.2,40244.0,40.2448,2533685.37693,1
1785765000000,62949.2,63229.5,62942.8,63147.5,56225.0,56.2256,3549058.21114,1
1785765300000,63150.8,63369.1,63150.8,63322.3,88202.0,88.2023,5580279.51755,1
1785765600000,63307.8,63364.8,63119.2,63213.1,56242.0,56.2429,3554703.90691,1
1785765900000,63217.7,63258.2,63189.1,63254.9,51233.0,51.2335,3239089.51412,1
1785766200000,63255.0,63420.0,63255.0,63294.8,60183.0,60.1831,3812905.84083,1
1785766500000,63299.0,63476.8,63283.8,63315.0,27272.0,27.2722,1728947.2827,1
1785766800000,63314.3,63389.4,63135.6,63387.2,79867.0,79.8674,5049573.0644,1
1785767100000,63389.3,63769.3,63385.9,63741.8,181347.0,181.3473,11540411.39496,1
1785767400000,63745.0,63843.5,63637.6,63721.3,156803.0,156.8037,9996226.75249,1
1785767700000,63721.3,63804.5,63608.0,63787.1,55777.0,55.7776,3551984.65989,1
1785768000000,63785.7,63884.6,63688.2,63756.3,46164.0,46.1646,2945035.30251,1
1785768300000,63756.3,63769.7,63626.8,63697.0,53432.0,53.432,3404335.86369,1
1785768600000,63697.1,63846.0,63697.1,63846.0,41521.0,41.5217,2648002.37441,1
1785768900000,63846.1,63940.0,63845.0,63936.4,67069.0,67.0691,4285659.08193,1
1785769200000,63917.2,63957.6,63821.0,63852.6,67940.0,67.9403,4341058.92895,1
1785769500000,63846.0,63873.0,63764.7,63800.0,53284.0,53.2845,3400508.9901,1
1785769800000,63800.0,63868.2,63729.1,63789.5,22270.0,22.2706,1420531.97287,1
1785770100000,63794.7,63825.6,63683.3,63763.2,36157.0,36.1574,2305060.27249,1
1785770400000,63764.7,63804.1,63704.1,63746.9,26660.0,26.6603,1699684.90778,1
1785770700000,63746.9,63747.0,63644.8,63678.5,33941.0,33.9419,2162041.3445,1
1785771000000,63678.5,63764.9,63678.4,63682.1,16008.0,16.0082,1019965.63518,1
1785771300000,63682.2,63840.1,63680.0,63840.1,13017.0,13.0174,830118.82322,1
1785771600000,63839.2,63876.5,63700.2,63750.3,27470.0,27.4703,1752066.26796,1
1785771900000,63758.6,63799.4,63724.2,63740.9,6124.0,6.1246,390552.16335,1
1785772200000,63735.6,63772.4,63700.2,63714.6,14173.0,14.1736,903478.6983,1
1785772500000,63714.6,63714.6,63610.2,63659.5,8994.0,8.9949,572514.63812,1
1785772800000,63663.0,63848.4,63633.7,63790.6,18744.0,18.7444,1195254.14522,1
1785773100000,63788.0,63850.0,63645.2,63709.1,19690.0,19.6903,1255795.75584,1
1785773400000,63709.1,63769.2,63683.9,63769.1,8303.0,8.3031,529091.58626,1
1785773700000,63769.2,63867.4,63763.2,63809.8,31127.0,31.1279,1987152.18044,1
1785774000000,63809.8,63900.0,63783.9,63880.6,24902.0,24.9022,1590031.22936,1
1785774300000,63880.6,63900.3,63817.4,63868.4,9785.0,9.785,625053.71777,1
1785774600000,63860.2,63860.2,63770.8,63812.9,12468.0,12.4682,795662.7509,1
1785774900000,63812.8,63820.6,63746.7,63757.7,7937.0,7.9373,506293.27152,1
1785775200000,63767.2,63776.8,63677.1,63736.6,17310.0,17.3107,1102787.45851,1
1785775500000,63739.7,63840.0,63739.7,63839.9,20344.0,20.3448,1297825.86985,1
1785775800000,63829.9,63829.9,63729.8,63733.5,2266.0,2.2669,144576.35681,1
1785776100000,63734.6,63743.6,63712.2,63738.0,5490.0,5.4902,349866.59425,1
1785776400000,63742.3,63742.3,63681.4,63725.2,16661.0,16.6619,1061562.59704,1
1785776700000,63730.0,63800.0,63730.0,63763.7,15401.0,15.4012,982171.12196,1
1785777000000,63759.3,63829.9,63754.2,63820.6,5813.0,5.8132,370882.95549,1
1785777300000,63820.6,63831.8,63797.7,63801.4,2657.0,2.657,169552.84755,1
1785777600000,63797.9,64045.3,63780.5,63961.6,59352.0,59.3524,3797020.5702,1
1785777900000,63965.2,63965.2,63785.8,63792.1,43006.0,43.0069,2746291.93608,1
1785778200000,63792.0,63842.7,63758.7,63842.7,11940.0,11.9401,761768.2929,1
1785778500000,63842.7,63906.3,63807.4,63815.0,6567.0,6.5676,419420.22971,1
1785778800000,63817.2,63895.2,63792.6,63862.4,19832.0,19.8326,1266375.73713,1
1785779100000,63862.4,63923.1,63862.4,63907.0,31481.0,31.4817,2011730.6995,1
1785779400000,63907.0,63908.5,63851.1,63851.1,13837.0,13.837,883861.3969,1
1785779700000,63851.1,63878.6,63835.2,63865.0,2962.0,2.9626,189176.24836,1
1785780000000,63865.0,63893.1,63840.3,63888.8,8509.0,8.5093,543451.98497,1
1785780300000,63888.8,63897.2,63835.2,63877.7,11123.0,11.1238,710557.62309,1
1785780600000,63881.8,63970.6,63853.1,63939.0,13178.0,13.1785,842389.93207,1
1785780900000,63939.0,63955.0,63875.3,63886.2,17533.0,17.5333,1120671.7154,1
1785781200000,63886.1,63916.6,63855.0,63855.0,6010.0,6.0108,383970.20393,1
1785781500000,63856.7,63866.0,63777.3,63817.8,10514.0,10.5143,671053.64361,1
1785781800000,63819.9,63890.3,63818.4,63848.7,2792.0,2.7927,178279.33051,1
1785782100000,63851.9,63855.0,63823.4,63832.9,3415.0,3.4159,218063.42757,1
1785782400000,63835.9,63835.9,63783.9,63821.5,2117.0,2.1175,135099.24195,1
1785782700000,63821.5,63821.5,63735.0,63790.0,19061.0,19.0616,1215863.12362,1
1785783000000,63790.1,63883.8,63790.0,63883.8,2508.0,2.508,160095.04212,1
1785783300000,63884.0,63886.8,63831.6,63835.5,18903.0,18.9037,1207466.09418,1
1785783600000,63844.6,63879.1,63827.7,63852.9,3294.0,3.2945,210367.30791,1
1785783900000,63857.9,63873.4,63819.9,63873.1,4783.0,4.7836,305332.8907,1
1785784200000,63873.0,63899.9,63850.9,63892.1,3313.0,3.3139,211699.05629,1
1785784500000,63895.2,63929.2,63895.1,63900.1,16908.0,16.908,1080563.24123,1
1785784800000,63900.1,63934.1,63888.7,63914.9,13211.0,13.2119,844297.95389,1
1785785100000,63911.8,63975.6,63903.8,63926.0,9518.0,9.5185,608510.89584,1
1785785400000,63939.9,64055.0,63939.9,64039.7,49824.0,49.8247,3189850.49192,1
1785785700000,64039.8,64050.1,63853.3,63853.3,32056.0,32.0566,2049406.64257,1
1785786000000,63853.1,63919.5,63832.6,63919.4,13486.0,13.4865,861463.3296,1
1785786300000,63920.3,63928.2,63878.2,63893.9,3898.0,3.8981,249123.77761,1
1785786600000,63892.3,63940.8,63889.6,63906.8,5294.0,5.294,338392.40961,1
1785786900000,63896.0,63896.0,63833.4,63837.0,3163.0,3.1634,202026.04438,1
1785787200000,63837.9,63838.7,63781.2,63810.1,25253.0,25.2536,1611282.71577,1
1785787500000,63816.7,63862.2,63813.6,63862.1,7049.0,7.0498,450038.14859,1
1785787800000,63866.0,63917.7,63864.1,63864.2,6182.0,6.182,394959.71826,1
1785788100000,63864.1,63941.0,63860.0,63941.0,7017.0,7.0179,448493.47859,1
1785788400000,63940.9,63989.9,63907.1,63912.3,25116.0,25.1168,1606323.9438,1
1785788700000,63912.3,63918.4,63888.5,63914.8,14506.0,14.506,927019.9462,1
1785789000000,63914.8,63915.3,63894.4,63895.0,1068.0,1.068,68244.78365,1
1785789300000,63896.4,63901.1,63886.9,63886.9,1926.0,1.9264,123089.20656,1
1785789600000,63886.9,63886.9,63875.3,63886.9,2878.0,2.8788,183892.82428,1
1785789900000,63886.9,63887.3,63759.5,63765.2,6122.0,6.1225,390691.82301,1
1785790200000,63765.3,63783.8,63737.2,63756.0,15010.0,15.0109,956995.79708,1
1785790500000,63755.9,63774.8,63755.9,63764.3,2388.0,2.3889,152336.84922,1
1785790800000,63756.0,63757.0,63694.9,63710.0,102317.0,102.3179,6517874.99566,1
1785791100000,63710.0,63724.1,63702.4,63710.9,3775.0,3.7754,240547.71967,1
1785791400000,63710.9,63711.9,63688.1,63693.2,32103.0,32.1036,2045037.85283,1
1785791700000,63693.2,63757.4,63655.4,63694.2,12773.0,12.7733,813570.99122,1
1785792000000,63694.2,63702.1,63679.9,63683.4,6901.0,6.9016,439610.08689,1
1785792300000,63679.3,63708.1,63678.9,63697.9,1975.0,1.9757,125844.72565,1
1785792600000,63697.9,63704.3,63682.1,63682.1,4303.0,4.3033,274116.92307,1
1785792900000,63676.7,63697.9,63641.2,63685.5,10587.0,10.5872,674028.25658,1
1785793200000,63696.0,63696.0,63640.0,63654.8,4865.0,4.8653,309741.34571,1
1785793500000,63643.9,63647.3,63614.8,63615.0,3034.0,3.0348,193113.28039,1
1785793800000,63616.4,63639.9,63576.8,63588.0,12216.0,12.2165,776947.61082,1
1785794100000,63587.9,63587.9,63512.4,63575.6,18779.0,18.7796,1193553.70511,1
1785794400000,63573.6,63588.6,63456.1,63461.6,42756.0,42.7568,2714841.55481,1
1785794700000,63454.9,63462.8,63353.1,63462.7,44953.0,44.9537,2850885.87387,1
1785795000000,63462.7,63494.6,63460.0,63471.1,15791.0,15.7916,1002331.97576,1
1785795300000,63471.1,63643.7,63471.1,63587.4,14494.0,14.4944,921491.21206,1
1785795600000,63587.4,63607.1,63500.0,63523.3,17988.0,17.988,1142607.36635,1
1785795900000,63529.9,63535.7,63500.0,63504.0,3256.0,3.2561,206800.24897,1
1785796200000,63498.7,63527.4,63490.0,63501.1,8180.0,8.1801,519528.35943,1
1785796500000,63501.1,63501.1,63468.1,63468.1,6902.0,6.9028,438216.58868,1
1785796800000,63467.1,63491.9,63465.1,63479.3,10699.0,10.6996,679198.45458,1
1785797100000,63479.9,63558.6,63479.3,63539.2,8211.0,8.2112,521530.28318,1
1785797400000,63543.3,63606.1,63540.0,63603.5,16952.0,16.952,1077936.74762,1
1785797700000,63603.5,63603.5,63567.9,63587.6,4005.0,4.0056,254712.90227,1
1785798000000,63583.6,63583.6,63529.1,63557.4,4149.0,4.1496,263758.14431,1
1785798300000,63557.9,63559.8,63503.3,63557.9,18355.0,18.3551,1165946.83873,1
1785798600000,63557.9,63557.9,63505.9,63513.5,4390.0,4.3906,278950.73851,1
1785798900000,63513.5,63594.0,63513.5,63522.2,4331.0,4.3313,275347.15912,1
1785799200000,63523.1,63548.4,63508.0,63542.8,1674.0,1.6743,106355.30505,1
1785799500000,63542.0,63568.8,63524.7,63549.0,4004.0,4.004,254412.3813,1
1785799800000,63549.0,63549.0,63496.4,63499.6,4851.0,4.8517,308127.36498,1
1785800100000,63499.4,63507.0,63446.8,63453.1,3104.0,3.1041,197018.54995,1
1785800400000,63445.9,63479.3,63435.3,63477.9,3158.0,3.1588,200430.7922,1
1785800700000,63475.8,63497.3,63461.8,63466.9,12826.0,12.8269,814237.76425,1
1785801000000,63467.0,63480.0,63454.5,63472.2,13874.0,13.8741,880606.01603,1
1785801300000,63476.1,63497.2,63476.1,63493.2,10690.0,10.6909,678676.47928,1
1785801600000,63500.0,63558.8,63457.1,63558.8,12211.0,12.2119,775335.58133,1
1785801900000,63558.8,63558.8,63501.1,63519.1,8641.0,8.6416,548994.16584,1
1785802200000,63519.0,63535.4,63440.3,63440.3,6689.0,6.6898,424521.66199,1
1785802500000,63440.3,63444.2,63361.6,63402.0,20511.0,20.5111,1300265.77642,1
1785802800000,63402.0,63463.1,63400.1,63418.7,8741.0,8.7411,554456.68472,1
1785803100000,63401.3,63423.2,63371.1,63416.9,5238.0,5.2381,332116.49262,1
1785803400000,63418.0,63419.7,63356.6,63369.1,9826.0,9.8264,622862.25033,1
1785803700000,63365.3,63373.6,63320.0,63351.0,12974.0,12.9745,821926.23864,1
1785804000000,63351.0,63372.6,63320.0,63371.2,6210.0,6.2109,393448.45758,1
1785804300000,63374.4,63400.0,63322.1,63400.0,3539.0,3.5394,224220.18803,1
1785804600000,63411.2,63445.6,63365.4,63376.4,3331.0,3.3318,211229.4711,1
1785804900000,63383.3,63388.7,63311.1,63329.5,7858.0,7.8585,497682.5984,1
1785805200000,63332.2,63428.5,63332.2,63397.7,4656.0,4.6568,295201.88843,1
1785805500000,63397.7,63463.0,63397.7,63423.2,13152.0,13.1523,834564.79056,1
1785805800000,63423.2,63450.8,63412.3,63449.9,8352.0,8.3521,529811.70831,1
1785806100000,63447.2,63501.6,63393.8,63499.8,6647.0,6.6478,421853.19402,1
1785806400000,63499.6,63554.8,63481.4,63486.0,9002.0,9.0024,571779.0744,1
1785806700000,63486.1,63499.8,63440.5,63499.8,3967.0,3.9676,251779.97445,1
1785807000000,63499.7,63678.7,63499.7,63659.1,51380.0,51.3808,3269487.77785,1
1785807300000,63659.0,63721.2,63615.4,63687.3,44863.0,44.8631,2856418.21139,1
1785807600000,63687.2,63904.0,63687.2,63783.8,99035.0,99.0359,6320106.45682,1
1785807900000,63788.1,63828.6,63715.8,63767.0,19125.0,19.1254,1219899.70508,1
1785808200000,63767.0,63852.9,63728.9,63833.0,15688.0,15.6888,1001248.13552,1
1785808500000,63833.0,63838.0,63798.2,63816.1,5306.0,5.306,338630.41485,1
1785808800000,63821.7,63840.7,63770.6,63770.8,2962.0,2.9627,189026.10717,1
1785809100000,63770.8,63770.8,63724.9,63767.5,4805.0,4.8056,306303.01895,1
1785809400000,63767.7,63784.0,63739.6,63739.6,8263.0,8.2633,526828.50337,1
1785809700000,63739.7,63779.0,63733.1,63736.9,9460.0,9.4603,603154.90577,1
1785810000000,63732.5,63732.5,63661.6,63688.0,16233.0,16.2339,1034031.03003,1
1785810300000,63685.5,63708.1,63662.3,63665.2,1976.0,1.9764,125852.75214,1
1785810600000,63663.0,63783.2,63651.8,63783.2,3206.0,3.2068,204399.52144,1
1785810900000,63783.3,63959.3,63782.0,63832.5,29045.0,29.0451,1856152.76388,1
1785811200000,63832.3,63892.9,63817.0,63870.8,37416.0,37.4169,2388222.72342,1
1785811500000,63870.8,63899.2,63834.1,63835.4,9981.0,9.9819,637456.29696,1
1785811800000,63830.0,63830.1,63791.6,63791.6,6381.0,6.381,407172.58451,1
1785812100000,63791.7,63800.0,63785.1,63800.0,6063.0,6.0635,386787.76289,1
1785812400000,63800.0,63804.8,63758.8,63773.6,3095.0,3.0958,197463.56756,1
1785812700000,63780.0,63782.0,63737.0,63749.5,9580.0,9.5808,610749.11823,1
1785813000000,63749.5,63749.6,63661.4,63661.7,6580.0,6.5802,419113.07192,1
1785813300000,63660.1,63708.0,63629.6,63646.8,9301.0,9.3012,592162.09853,1
1785813600000,63646.8,63677.7,63646.8,63648.1,21903.0,21.9032,1394621.37215,1
1785813900000,63671.9,63768.2,63671.9,63751.7,19163.0,19.163,1221022.68752,1
1785814200000,63751.8,63839.0,63751.8,63799.5,2002.0,2.0021,127742.19714,1
1785814500000,63799.5,63805.7,63786.3,63802.3,461.0,0.4618,29462.4576,1
1785814800000,63802.3,63809.9,63788.9,63805.0,1928.0,1.9287,123053.26526,1
1785815100000,63805.0,63808.7,63786.3,63798.1,7957.0,7.9575,507679.18559,1
1785815400000,63798.0,63807.2,63786.3,63793.0,798.0,0.7986,50949.97335,1
1785815700000,63793.0,63793.0,63772.0,63772.0,7620.0,7.6201,486000.28282,1
1785816000000,63771.1,63777.1,63769.1,63769.1,3765.0,3.7652,240120.68911,1
1785816300000,63769.1,63780.6,63732.2,63780.6,28685.0,28.6858,1828437.96721,1
1785816600000,63774.5,63799.6,63768.2,63778.0,26504.0,26.5041,1690581.5723,1
1785816900000,63778.0,63838.2,63770.9,63835.0,6192.0,6.1921,395119.67056,1
1785817200000,63835.1,63850.7,63825.0,63825.0,82117.0,82.1176,5242760.35939,1
1785817500000,63825.0,63826.2,63808.0,63808.0,6531.0,6.5312,416763.96989,1
1785817800000,63808.8,63858.0,63808.8,63857.9,3047.0,3.0472,194500.9745,1
1785818100000,63857.9,63999.3,63843.3,63999.2,37614.0,37.6148,2405227.01779,1
1785818400000,63999.1,64035.8,63973.9,64035.7,45131.0,45.1311,2888983.68154,1
1785818700000,64035.8,64220.0,64026.0,64135.8,116780.0,116.7802,7491139.2739,1
1785819000000,64142.1,64144.1,64090.3,64109.6,12212.0,12.2121,783026.52018,1
1785819300000,64109.6,64110.8,64005.6,64005.6,8516.0,8.5169,545640.2163,1
1785819600000,64005.6,64026.9,63929.1,63968.0,69471.0,69.4714,4443011.27713,1
1785819900000,63968.0,63968.0,63890.6,63890.6,126081.0,126.0814,8059613.52766,1
1785820200000,63888.1,63888.1,63820.2,63820.2,5136.0,5.1367,328013.81134,1
1785820500000,63820.0,63860.1,63811.2,63859.0,6555.0,6.5559,418570.95368,1
1785820800000,63850.4,63860.1,63822.2,63828.0,4445.0,4.445,283805.78381,1
1785821100000,63825.6,63825.6,63777.8,63788.1,27198.0,27.1981,1735335.60901,1
1785821400000,63788.1,63824.3,63781.5,63790.0,4172.0,4.1721,266183.09756,1
1785821700000,63786.9,63805.0,63780.0,63799.1,3063.0,3.0638,195440.53421,1
1785822000000,63799.1,63836.1,63791.4,63830.7,11045.0,11.0451,704802.16563,1
1785822300000,63830.6,63830.6,63779.6,63790.8,4456.0,4.4565,284379.92609,1
1785822600000,63790.8,63794.6,63774.2,63791.9,4305.0,4.3054,274636.25194,1
1785822900000,63791.9,63800.0,63768.4,63776.3,3119.0,3.1197,198998.59237,1
1785823200000,63776.3,63810.2,63748.2,63802.0,2397.0,2.3977,152913.45749,1
1785823500000,63795.3,63828.2,63784.9,63801.6,33549.0,33.5491,2141198.13856,1
1785823800000,63801.6,63820.7,63750.0,63782.0,12248.0,12.2483,781318.83585,1
1785824100000,63782.0,63830.0,63759.4,63830.0,55916.0,55.9168,3565876.9484,1
1785824400000,63830.0,63830.0,63791.2,63791.2,10287.0,10.287,656483.36638,1
1785824700000,63791.2,63800.0,63729.4,63734.8,11150.0,11.1504,710690.12283,1
1785825000000,63732.1,63749.2,63721.5,63749.1,5634.0,5.6346,359120.56501,1
1785825300000,63749.1,63749.2,63674.4,63674.4,2991.0,2.9918,190588.23491,1
1785825600000,63670.0,63699.2,63668.9,63674.9,52062.0,52.0628,3315061.48222,1
1785825900000,63674.8,63680.0,63643.8,63647.0,6085.0,6.0851,387440.95728,1
1785826200000,63641.0,63647.0,63633.1,63640.0,2394.0,2.3944,152377.74241,1
1785826500000,63640.0,63654.0,63633.0,63653.4,7167.0,7.1676,456153.65932,1
1785826800000,63653.4,63653.4,63632.6,63639.9,3081.0,3.0812,196073.64466,1
1785827100000,63638.1,63638.1,63611.1,63612.6,10470.0,10.4703,666140.79552,1
1785827400000,63612.6,63612.6,63562.9,63570.5,16893.0,16.8931,1073989.43461,1
1785827700000,63570.5,63570.5,63519.9,63523.9,3806.0,3.8064,241894.52946,1
1785828000000,63522.0,63533.4,63482.9,63533.4,13525.0,13.525,858793.13222,1
1785828300000,63544.4,63613.0,63540.5,63613.0,15219.0,15.2193,967588.42332,1
1785828600000,63613.0,63730.3,63613.0,63671.4,9214.0,9.2145,586873.97432,1
1785828900000,63671.3,63677.2,63650.4,63653.1,3570.0,3.5706,227316.75012,1
1785829200000,63653.0,63674.3,63645.9,63645.9,3465.0,3.4651,220577.26899,1
1785829500000,63645.8,63716.0,63645.8,63716.0,4635.0,4.6352,295280.92633,1
1785829800000,63720.0,63726.4,63675.6,63675.6,3315.0,3.3159,211252.26184,1
1785830100000,63675.6,63694.2,63666.4,63666.4,2899.0,2.8997,184685.97334,1
1785830400000,63666.5,63730.0,63666.4,63709.9,11734.0,11.7349,747396.08297,1
1785830700000,63709.9,63709.9,63646.2,63650.1,2659.0,2.6592,169339.95971,1
1785831000000,63650.1,63650.1,63603.4,63626.9,5844.0,5.8442,371784.67632,1
1785831300000,63626.5,63626.5,63571.8,63575.9,11560.0,11.5606,735008.19244,1
1785831600000,63575.9,63576.0,63567.8,63574.8,9112.0,9.1128,579329.2106,1
1785831900000,63588.2,63645.6,63588.2,63602.9,1129.0,1.1291,71832.78096,1
1785832200000,63602.9,63602.9,63539.5,63550.0,10809.0,10.8094,687179.93824,1
1785832500000,63550.0,63574.0,63540.0,63574.0,6057.0,6.0574,384933.05586,1
1785832800000,63574.1,63598.6,63540.7,63598.6,3210.0,3.2101,204015.46142,1
1785833100000,63600.3,63600.3,63551.8,63587.3,3333.0,3.3335,211933.21073,1
1785833400000,63589.7,63600.8,63561.7,63568.8,4355.0,4.3551,276942.3579,1
1785833700000,63568.7,63577.8,63556.4,63556.5,2443.0,2.4434,155331.8828,1
1785834000000,63556.1,63556.3,63547.3,63556.0,5678.0,5.6781,360834.38854,1
1785834300000,63556.0,63557.0,63530.8,63530.8,28908.0,28.9084,1836827.52979,1
1785834600000,63530.9,63567.9,63516.3,63539.5,7561.0,7.5616,480444.07064,1
1785834900000,63535.8,63551.5,63496.8,63496.8,4542.0,4.5422,288465.30333,1
1785835200000,63495.4,63577.0,63495.4,63568.5,8282.0,8.2822,526400.99315,1
1785835500000,63566.1,63566.1,63553.0,63553.0,2467.0,2.4674,156833.08246,1
1785835800000,63553.0,63573.0,63504.0,63539.6,6013.0,6.0136,382151.07798,1
1785836100000,63539.6,63550.2,63509.0,63520.0,2535.0,2.5353,161025.01356,1
1785836400000,63520.0,63556.8,63520.0,63547.3,2948.0,2.9486,187358.34285,1
1785836700000,63541.6,63560.6,63518.7,63560.2,2782.0,2.7821,176804.22144,1
1785837000000,63560.2,63583.6,63560.0,63579.4,3519.0,3.5191,223682.78017,1
1785837300000,63579.4,63579.4,63562.6,63576.4,7263.0,7.263,461696.75202,1
1785837600000,63577.7,63584.6,63509.2,63509.2,13561.0,13.5619,861712.87432,1
1785837900000,63509.1,63526.1,63509.1,63512.3,2357.0,2.3573,149731.46274,1
1785838200000,63512.3,63512.3,63486.8,63486.9,1982.0,1.9824,125875.1886,1
1785838500000,63485.8,63486.3,63428.8,63486.3,15518.0,15.5182,984729.84965,1
1785838800000,63486.3,63550.8,63463.2,63472.0,8770.0,8.7703,556869.49412,1
1785839100000,63477.4,63483.7,63445.1,63445.1,3290.0,3.2906,208857.91699,1
1785839400000,63445.2,63480.1,63441.3,63474.9,2096.0,2.0961,133030.69972,1
1785839700000,63470.4,63481.8,63447.5,63481.8,5211.0,5.2113,330750.28084,1
1785840000000,63481.8,63645.0,63481.8,63645.0,15023.0,15.0237,954944.7751,1
1785840300000,63635.1,63816.7,63632.7,63741.6,50776.0,50.7762,3237770.88013,1
1785840600000,63731.1,63796.0,63696.9,63712.1,7461.0,7.4616,475500.32267,1
1785840900000,63712.3,63752.8,63712.3,63743.3,31137.0,31.1374,1984835.59489,1
1785841200000,63747.6,63775.9,63710.0,63764.4,2295.0,2.295,146306.42429,1
1785841500000,63767.3,63767.3,63690.6,63742.8,8005.0,8.0059,510063.16715,1
1785841800000,63736.3,63738.0,63708.1,63722.1,3159.0,3.1591,201310.2933,1
1785842100000,63714.9,63716.6,63689.7,63716.6,2672.0,2.6723,170246.2096,1
1785842400000,63716.6,63835.5,63716.6,63755.5,13531.0,13.5313,863196.75129,1
1785842700000,63755.5,63770.8,63735.8,63756.2,5515.0,5.5152,351606.06103,1
1785843000000,63756.2,63756.2,63694.4,63739.4,5174.0,5.1745,329704.93705,1
1785843300000,63739.5,63739.5,63716.6,63738.9,1214.0,1.214,77357.54793,1
1785843600000,63739.0,63860.0,63701.0,63850.4,30937.0,30.9373,1973515.3852,1
1785843900000,63850.3,63900.0,63813.3,63900.0,19976.0,19.9765,1275738.25049,1
1785844200000,63899.8,63924.9,63881.5,63922.0,130199.0,130.1994,8319798.52236,1
1785844500000,63922.0,63926.4,63887.1,63900.1,15666.0,15.6662,1001181.97919,1
1785844800000,63900.1,63900.1,63828.5,63847.0,13619.0,13.6199,869734.98004,1
1785845100000,63848.4,63848.4,63811.8,63811.8,16886.0,16.8869,1078044.04345,1
1785845400000,63810.0,63833.0,63787.9,63787.9,16208.0,16.2081,1034172.68302,1
1785845700000,63787.9,63799.8,63771.2,63773.8,22523.0,22.5238,1436451.12798,1
1785846000000,63772.8,63810.0,63764.9,63765.6,10646.0,10.6468,679152.89396,1
1785846300000,63765.6,63806.7,63765.6,63803.7,4306.0,4.3068,274759.20101,1
1785846600000,63803.7,63854.5,63789.8,63854.5,4166.0,4.1663,265905.69096,1
1785846900000,63852.7,64033.2,63852.7,63954.5,44359.0,44.3598,2838065.90566,1
1785847200000,63954.5,63996.8,63911.1,63932.7,62600.0,62.6006,4004880.18694,1
1785847500000,63932.7,63947.9,63887.0,63887.1,8604.0,8.604,549899.76262,1
1785847800000,63886.9,63968.0,63881.1,63920.7,9731.0,9.7316,621983.97572,1
1785848100000,63920.7,63920.7,63875.1,63875.2,5747.0,5.7477,367214.58883,1
1785848400000,63874.9,63937.6,63829.0,63905.0,14974.0,14.9744,956564.20154,1
1785848700000,63905.0,63982.3,63905.0,63938.6,32962.0,32.9622,2107447.69248,1
1785849000000,63941.7,63955.5,63916.0,63916.0,3499.0,3.4997,223772.71034,1
1785849300000,63916.0,63924.1,63833.5,63833.5,6784.0,6.7842,433444.29581,1
1785849600000,63835.2,63987.7,63835.2,63898.4,6984.0,6.9844,446479.20362,1
1785849900000,63898.4,63925.1,63851.0,63883.6,5121.0,5.1211,327108.45539,1
1785850200000,63866.2,64008.6,63793.1,63957.9,29065.0,29.0659,1859077.87162,1
1785850500000,63958.2,64050.0,63916.1,64010.0,14442.0,14.4422,924292.60953,1
1785850800000,64015.9,64075.0,64000.0,64000.0,73194.0,73.1949,4686887.00171,1
1785851100000,63997.8,63997.8,63749.1,63829.0,162919.0,162.919,10406981.98037,1
1785851400000,63831.2,63900.4,63742.0,63779.1,21936.0,21.9367,1399654.74331,1
1785851700000,63779.1,63782.6,63639.2,63663.7,60322.0,60.322,3841075.26156,1
1785852000000,63663.6,63763.8,63583.9,63759.9,30738.0,30.7388,1957548.19498,1
1785852300000,63763.8,63891.8,63685.3,63701.0,41031.0,41.0317,2617240.73148,1
1785852600000,63699.9,63794.5,63683.5,63773.4,8636.0,8.6365,550524.97262,1
1785852900000,63772.0,63813.2,63602.0,63638.0,41360.0,41.3608,2634246.02434,1
1785853200000,63638.0,63743.6,63618.9,63690.3,45422.0,45.4225,2893415.77702,1
1785853500000,63686.8,63877.9,63686.8,63864.9,18655.0,18.6557,1190421.24924,1
1785853800000,63872.5,63988.8,63829.3,63917.2,30734.0,30.7344,1964238.51371,1
1785854100000,63916.2,64014.8,63886.9,63967.1,28486.0,28.4862,1821229.68225,1
1785854400000,63961.8,64163.9,63961.8,64089.2,240433.0,240.4338,15411991.22677,1
1785854700000,64098.6,64110.0,64028.2,64060.0,36499.0,36.4995,2338896.01267,1
1785855000000,64063.7,64106.3,64040.0,64065.6,114239.0,114.2399,7318226.56592,1
1785855300000,64065.6,64177.5,64057.3,64099.9,16034.0,16.0341,1028106.40235,1
1785855600000,64117.1,64189.1,64100.0,64152.8,29057.0,29.0576,1864089.87991,1
1785855900000,64144.3,64153.8,64035.8,64042.0,16473.0,16.4737,1055910.53608,1
1785856200000,64040.0,64050.0,63967.0,64039.5,31093.0,31.0931,1990811.95499,1
1785856500000,64034.8,64036.9,63972.3,63973.9,12950.0,12.95,828659.12966,1
1785856800000,63974.1,64003.6,63970.0,63970.0,96894.0,96.8947,6199056.44327,1
1785857100000,63970.0,64000.0,63903.5,63923.7,28784.0,28.7849,1839943.39542,1
1785857400000,63925.0,63929.4,63782.3,63832.5,77165.0,77.1651,4926916.46274,1
1785857700000,63812.6,63910.0,63791.5,63880.1,32393.0,32.3931,2067244.30942,1
1785858000000,63881.7,64103.1,63880.3,64099.8,23102.0,23.1022,1478849.09198,1
1785858300000,64099.9,64198.9,64056.8,64120.2,56713.0,56.7138,3637498.7128,1
1785858600000,64110.1,64200.0,64103.6,64131.9,41222.0,41.2228,2644874.91465,1
1785858900000,64127.9,64160.0,64088.3,64088.3,90550.0,90.5508,5805882.19797,1
1785859200000,64093.5,64104.0,64013.3,64016.2,23307.0,23.307,1493332.60749,1
1785859500000,64010.7,64019.6,63948.9,64000.0,60172.0,60.1728,3851141.16247,1
1785859800000,64000.0,64048.1,63983.4,64005.7,9539.0,9.5391,610673.25441,1
1785860100000,64009.8,64065.2,63983.4,64039.7,9168.0,9.168,587096.92418,1
1785860400000,64038.4,64087.8,64007.2,64033.2,7726.0,7.7266,494856.88484,1
1785860700000,64022.7,64058.6,63998.0,64000.1,4544.0,4.5447,290961.92235,1
1785861000000,64000.0,64029.8,63974.1,63991.8,8372.0,8.3722,535805.67745,1
1785861300000,63990.0,64005.6,63913.8,63949.9,59454.0,59.4546,3801880.44351,1
1785861600000,63942.2,63949.7,63874.8,63912.1,25111.0,25.1114,1604872.70782,1
1785861900000,63914.1,63976.6,63905.5,63976.6,13171.0,13.1717,842365.81528,1
1785862200000,63976.5,63987.6,63885.0,63885.0,6590.0,6.5909,421263.70406,1
1785862500000,63881.4,63948.4,63880.1,63928.9,3781.0,3.7815,241655.66308,1
1785862800000,63928.9,64050.0,63928.8,64050.0,22387.0,22.3874,1432831.64084,1
1785863100000,64049.9,64150.0,64015.0,64101.3,34934.0,34.934,2239225.85801,1
1785863400000,64100.1,64100.1,64038.3,64043.1,10464.0,10.4649,670288.05971,1
1785863700000,64043.0,64059.2,64000.1,64002.6,7673.0,7.6732,491343.97805,1
1785864000000,64002.7,64073.0,64002.7,64005.9,25589.0,25.589,1638705.86216,1
1785864300000,64005.9,64146.4,64000.1,64128.2,18945.0,18.9459,1214354.90522,1
1785864600000,64130.9,64134.1,64073.4,64129.9,24889.0,24.8891,1595309.99306,1
1785864900000,64130.0,64147.0,64073.3,64099.8,10195.0,10.1955,653631.5963,1
1785865200000,64099.8,64122.3,64075.0,64075.0,2867.0,2.8673,183789.97223,1
1785865500000,64075.2,64075.2,63968.1,63968.1,20646.0,20.6461,1322053.83279,1
1785865800000,63968.1,63968.2,63856.3,63943.4,35838.0,35.8388,2290918.35911,1
1785866100000,63940.0,63972.3,63909.9,63936.1,5531.0,5.5314,353822.04768,1
1785866400000,63932.1,64058.4,63932.0,64036.7,5187.0,5.1878,332077.72135,1
1785866700000,64036.8,64144.6,64036.7,64095.9,18853.0,18.8537,1208478.10159,1
1785867000000,64095.9,64195.1,64079.6,64191.1,15430.0,15.43,989508.93344,1
1785867300000,64191.0,64295.0,64167.1,64279.1,104532.0,104.5327,6713540.70756,1
1785867600000,64284.4,64370.0,64271.7,64335.9,116889.0,116.8894,7516683.78675,1
1785867900000,64340.6,64362.1,64289.6,64331.7,34958.0,34.9587,2249029.74716,1
1785868200000,64332.0,64370.0,64276.6,64279.9,93375.0,93.3758,6006254.85499,1
1785868500000,64279.9,64310.0,64224.5,64230.5,28169.0,28.1692,1810777.22601,1
1785868800000,64230.2,64265.2,64190.3,64265.2,22875.0,22.8755,1468692.01408,1
1785869100000,64265.9,64288.9,64240.1,64272.4,10982.0,10.982,705751.61777,1
1785869400000,64266.1,64279.6,64252.2,64279.5,2949.0,2.949,189519.87111,1
1785869700000,64279.5,64282.3,64250.0,64270.8,5464.0,5.464,351186.189,1
1785870000000,64274.3,64288.9,64251.5,64288.9,7827.0,7.8277,503073.84676,1
1785870300000,64287.9,64300.0,64267.6,64297.4,16243.0,16.2431,1044146.76771,1
1785870600000,64297.4,64340.5,64269.7,64305.0,9932.0,9.9322,638678.37918,1
1785870900000,64305.0,64331.4,64283.5,64283.5,6199.0,6.1995,398626.39899,1
1785871200000,64277.4,64277.5,64229.0,64236.5,7348.0,7.3486,472107.9869,1
1785871500000,64236.5,64263.6,64235.7,64243.9,6824.0,6.8244,438445.96346,1
1785871800000,64250.0,64283.2,64241.7,64258.3,3526.0,3.5261,226586.53305,1
1785872100000,64258.2,64355.7,64221.1,64278.7,6922.0,6.9225,444933.50375,1
1785872400000,64269.7,64388.0,64251.1,64351.2,12091.0,12.091,778118.13797,1
1785872700000,64351.6,64351.6,64278.4,64293.0,9521.0,9.5213,612315.04274,1
1785873000000,64281.5,64295.9,64260.6,64271.1,1671.0,1.671,107415.4361,1
1785873300000,64271.1,64276.9,64144.6,64182.2,25742.0,25.7429,1653871.56456,1
1785873600000,64189.2,64191.2,64079.3,64111.3,63710.0,63.7105,4084221.76801,1
1785873900000,64113.6,64159.0,64113.6,64148.5,41857.0,41.8578,2684085.6297,1
1785874200000,64143.6,64144.0,64127.2,64144.0,8395.0,8.3956,538475.40331,1
1785874500000,64121.7,64126.8,63945.4,63982.0,55718.0,55.7187,3567532.21718,1
1785874800000,63986.9,64083.9,63986.9,64083.2,21741.0,21.7412,1392462.38409,1
1785875100000,64083.2,64092.0,64079.9,64088.9,11849.0,11.8497,759383.39511,1
1785875400000,64088.9,64177.7,64088.9,64148.8,14626.0,14.6263,938436.56282,1
1785875700000,64148.8,64214.2,64146.5,64210.0,10814.0,10.8143,694202.42025,1
1785876000000,64210.0,64384.0,64210.0,64358.6,51064.0,51.0641,3285828.18634,1
1785876300000,64354.9,64356.0,64311.4,64314.0,13284.0,13.2844,854483.7267,1
1785876600000,64314.0,64314.0,64272.7,64286.2,13762.0,13.7628,884903.84768,1
1785876900000,64286.2,64318.9,64286.2,64316.4,13563.0,13.5632,872147.90858,1
1785877200000,64316.4,64316.4,64250.0,64295.8,56498.0,56.4984,3631480.39625,1
1785877500000,64291.9,64291.9,64282.4,64284.0,6235.0,6.2354,400835.8493,1
1785877800000,64284.0,64284.0,64180.0,64197.1,14753.0,14.7537,947914.61151,1
1785878100000,64197.1,64210.7,64179.3,64179.3,54419.0,54.4194,3493631.39091,1
1785878400000,64179.2,64256.4,64155.8,64245.1,18615.0,18.615,1195175.52008,1
1785878700000,64245.1,64258.9,64227.6,64227.6,4608.0,4.6085,296061.02611,1
1785879000000,64224.6,64224.6,64179.2,64179.3,6986.0,6.9866,448572.9402,1
1785879300000,64177.5,64213.6,64172.2,64210.9,20902.0,20.9029,1342072.45256,1
1785879600000,64210.9,64245.9,64196.6,64220.3,12539.0,12.5395,805265.7552,1
1785879900000,64207.0,64224.3,64172.1,64172.1,32903.0,32.9032,2112331.91326,1
1785880200000,64175.3,64200.0,64150.9,64150.9,7403.0,7.4038,475036.7357,1
1785880500000,64150.9,64168.1,64147.8,64168.1,39269.0,39.2697,2519551.64643,1
1785880800000,64160.7,64172.3,64107.5,64168.1,8306.0,8.3064,532692.20389,1
1785881100000,64180.6,64200.3,64169.6,64178.1,5960.0,5.9604,382607.7533,1
1785881400000,64182.8,64202.1,64182.8,64202.0,1288.0,1.2884,82713.8469,1
1785881700000,64202.0,64203.6,64170.0,64179.4,782.0,0.7826,50233.12224,1
1785882000000,64179.4,64232.5,64143.3,64170.6,12511.0,12.511,803146.22348,1
1785882300000,64170.7,64232.4,64168.0,64220.8,1562.0,1.5626,100292.69125,1
1785882600000,64226.0,64263.5,64220.8,64224.1,2365.0,2.3654,151958.58257,1
1785882900000,64224.1,64228.0,64201.5,64201.5,712.0,0.7121,45730.73624,1
1785883200000,64201.5,64205.8,64185.6,64185.6,825.0,0.8251,52968.52229,1
1785883500000,64185.6,64196.3,64168.6,64168.6,3828.0,3.828,245655.10962,1
1785883800000,64168.6,64179.9,64143.8,64179.9,3412.0,3.4128,218991.33647,1
1785884100000,64180.0,64238.0,64179.9,64237.9,2320.0,2.3208,149047.26176,1
1785884400000,64238.7,64238.7,64181.8,64222.0,1806.0,1.8062,115972.93325,1
1785884700000,64224.1,64450.0,64224.0,64365.0,37295.0,37.2959,2401261.66016,1
1785885000000,64370.1,64399.9,64347.8,64396.0,20532.0,20.532,1321790.94861,1
1785885300000,64396.1,64515.2,64378.4,64465.1,97943.0,97.9437,6314114.27492,1
1785885600000,64465.2,64465.2,64302.8,64302.8,17108.0,17.1081,1101341.87377,1
1785885900000,64300.0,64300.0,64152.2,64152.2,26578.0,26.5788,1706624.38825,1
1785886200000,64152.2,64199.5,64122.4,64154.1,19777.0,19.7771,1268869.28944,1
1785886500000,64176.1,64176.1,64116.5,64141.6,5187.0,5.1876,332783.53007,1
1785886800000,64141.6,64220.0,64141.5,64186.2,11007.0,11.007,706391.81816,1
1785887100000,64186.0,64195.7,64130.3,64130.3,16699.0,16.6998,1071615.15307,1
1785887400000,64130.3,64134.8,64094.3,64094.3,14400.0,14.4007,923177.40317,1
1785887700000,64094.3,64094.3,64055.0,64075.5,3539.0,3.5391,226773.46949,1
1785888000000,64065.5,64075.0,64028.6,64053.0,24916.0,24.9166,1595941.58846,1
1785888300000,64053.2,64055.7,63985.4,63989.8,27407.0,27.4071,1754829.87334,1
1785888600000,63989.7,64021.4,63983.6,64005.1,7347.0,7.3477,470217.00974,1
1785888900000,64000.0,64013.3,63976.2,64001.2,8987.0,8.9871,575060.71169,1
1785889200000,64001.2,64003.7,63979.9,63985.3,4441.0,4.4411,284166.23526,1
1785889500000,64013.5,64037.9,63975.1,64037.9,2809.0,2.809,179790.86336,1
1785889800000,64040.4,64119.5,64040.4,64089.1,50487.0,50.4876,3236576.67551,1
1785890100000,64089.1,64158.3,64071.6,64080.0,39528.0,39.5282,2534735.62128,1
1785890400000,64080.0,64080.0,63995.0,64044.2,31943.0,31.943,2046025.781,1
1785890700000,64037.2,64037.2,63965.9,63965.9,11789.0,11.7892,754390.52261,1
1785891000000,63965.9,64001.1,63951.0,63965.5,5328.0,5.3284,340918.62633,1
1785891300000,63965.9,64000.0,63964.0,63965.9,1472.0,1.4725,94207.77056,1
1785891600000,63973.0,63976.4,63922.0,63954.9,6593.0,6.5937,421614.62314,1
1785891900000,63955.2,63997.6,63955.2,63994.2,5074.0,5.0744,324613.048,1
1785892200000,63994.9,63999.8,63976.4,63984.5,3960.0,3.9602,253414.77505,1
1785892500000,63984.4,63984.5,63928.2,63975.0,55299.0,55.299,3536812.80559,1
1785892800000,63974.4,64090.7,63974.4,64079.6,38607.0,38.6074,2473199.37085,1
1785893100000,64071.1,64087.3,64012.4,64087.3,35661.0,35.6614,2284091.97358,1
1785893400000,64087.3,64163.5,64087.3,64130.0,15974.0,15.9741,1024316.93003,1
1785893700000,64130.0,64236.8,64126.7,64236.7,5167.0,5.1673,331695.87472,1
1785894000000,64233.8,64275.4,64160.0,64160.0,56116.0,56.1161,3603180.77429,1
1785894300000,64160.0,64244.6,64160.0,64244.5,35543.0,35.5431,2281069.09227,1
1785894600000,64244.6,64314.4,64240.0,64287.2,22620.0,22.6206,1454035.92331,1
1785894900000,64287.1,64318.9,64285.0,64306.3,8848.0,8.8485,568947.33486,1
1785895200000,64306.3,64471.5,64306.0,64413.1,55073.0,55.0734,3546520.23654,1
1785895500000,64413.6,64437.6,64359.8,64424.0,5595.0,5.5954,360377.59864,1
1785895800000,64418.3,64470.4,64377.8,64433.0,30852.0,30.8526,1988256.70291,1
1785896100000,64432.4,64432.4,64293.9,64317.1,18930.0,18.9308,1217823.04614,1
1785896400000,64318.8,64404.9,64302.7,64384.9,18147.0,18.1479,1167753.92594,1
1785896700000,64384.9,64451.3,64384.3,64384.3,3957.0,3.9578,254968.52695,1
1785897000000,64392.8,64450.9,64383.2,64450.9,4419.0,4.4198,284677.21897,1
1785897300000,64450.9,64451.4,64388.4,64399.8,3305.0,3.3058,212971.01998,1
1785897600000,64404.5,64419.0,64386.3,64400.3,1667.0,1.6671,107362.53945,1
1785897900000,64400.3,64405.1,64381.0,64394.0,3278.0,3.2782,211096.94853,1
1785898200000,64394.0,64422.0,64371.5,64417.7,7886.0,7.8865,507855.86037,1
1785898500000,64408.7,64408.7,64339.9,64340.3,3606.0,3.6067,232165.26647,1
1785898800000,64340.3,64405.6,64340.3,64361.5,2166.0,2.166,139448.27951,1
1785899100000,64361.5,64416.9,64341.4,64355.5,36726.0,36.7269,2364480.1223,1
1785899400000,64355.6,64380.6,64325.0,64325.3,19144.0,19.1447,1232087.27321,1
1785899700000,64325.3,64329.3,64093.4,64095.5,15115.0,15.115,969959.19043,1
1785900000000,64095.6,64142.3,64033.3,64085.1,67587.0,67.5872,4331910.31712,1
1785900300000,64085.1,64085.1,64031.1,64031.2,11064.0,11.0644,708587.02089,1
1785900600000,64028.7,64088.3,64019.5,64085.0,7348.0,7.348,470597.27237,1
1785900900000,64082.1,64126.8,64079.3,64110.6,2757.0,2.7572,176771.19518,1
1785901200000,64110.6,64138.7,64095.4,64106.6,2082.0,2.0821,133497.81658,1
1785901500000,64105.0,64137.4,64104.9,64132.6,4769.0,4.7695,305856.95717,1
1785901800000,64132.6,64147.7,64107.2,64143.7,3255.0,3.2558,208829.97989,1
1785902100000,64143.8,64149.9,64141.3,64143.2,6904.0,6.9047,442877.14267,1
1785902400000,64143.2,64165.4,64107.2,64107.2,22281.0,22.2813,1429074.69117,1
1785902700000,64107.2,64115.4,64096.3,64103.9,8734.0,8.7345,559956.35962,1
1785903000000,64103.9,64117.0,64092.0,64092.0,2364.0,2.3641,151549.29892,1
1785903300000,64092.0,64123.3,64060.1,64123.3,5169.0,5.1694,331201.72294,1
1785903600000,64125.3,64170.6,64106.6,64108.7,12750.0,12.7505,817906.72402,1
1785903900000,64108.7,64128.5,64095.4,64128.5,570.0,0.5707,36582.13878,1
1785904200000,64136.7,64182.5,64126.1,64167.0,10292.0,10.2927,660533.11234,1
1785904500000,64167.0,64185.3,64142.0,64142.0,11206.0,11.2062,719050.50221,1
1785904800000,64141.1,64153.7,64141.1,64147.8,2103.0,2.1031,134913.99703,1
1785905100000,64147.8,64160.0,64147.8,64150.3,1192.0,1.1928,76517.98684,1
1785905400000,64151.2,64151.2,64080.1,64129.6,4317.0,4.3176,276858.81678,1
1785905700000,64129.6,64150.0,64129.6,64141.6,10606.0,10.606,680305.14756,1
1785906000000,64141.6,64265.8,64131.5,64265.6,25779.0,25.7792,1655712.60776,1
1785906300000,64256.7,64290.0,64252.0,64255.0,6335.0,6.3355,407155.09843,1
1785906600000,64268.2,64298.3,64260.6,64285.9,4238.0,4.2387,272477.05897,1
1785906900000,64280.2,64299.9,64266.6,64299.7,7050.0,7.0507,453251.4667,1
1785907200000,64299.8,64382.3,64299.8,64371.9,17282.0,17.2828,1111895.69622,1
1785907500000,64370.0,64500.0,64370.0,64408.2,22353.0,22.3534,1441109.21841,1
1785907800000,64408.3,64408.7,64343.1,64347.2,11595.0,11.5954,746585.72975,1
1785908100000,64345.7,64345.8,64312.3,64344.2,11377.0,11.3775,731856.29377,1
1785908400000,64344.2,64344.2,64315.7,64332.8,1990.0,1.9901,128012.823,1
1785908700000,64335.5,64345.0,64320.6,64320.6,29584.0,29.5848,1903179.14236,1
1785909000000,64312.2,64327.1,64282.0,64321.9,6082.0,6.0829,391217.22891,1
1785909300000,64322.0,64335.4,64315.2,64335.0,7901.0,7.9018,508325.84811,1
1785909600000,64303.1,64336.7,64277.2,64336.7,7295.0,7.2953,469004.51876,1
1785909900000,64336.5,64336.5,64278.8,64287.8,544.0,0.5449,35044.67554,1
1785910200000,64287.8,64334.3,64281.3,64281.3,2042.0,2.0426,131359.23241,1
1785910500000,64281.3,64299.7,64272.4,64298.2,1013.0,1.0139,65170.87557,1
1785910800000,64301.9,64316.6,64251.9,64288.5,5130.0,5.1308,329721.62376,1
1785911100000,64288.5,64298.2,64279.7,64279.8,1067.0,1.0674,68624.91766,1
1785911400000,64279.8,64300.0,64279.7,64300.0,3120.0,3.1208,200622.37892,1
1785911700000,64300.0,64345.8,64288.0,64288.1,9392.0,9.3923,604166.19385,1
1785912000000,64288.1,64297.5,64263.7,64263.7,4115.0,4.115,264526.8875,1
1785912300000,64263.7,64263.7,64214.3,64252.6,8980.0,8.9802,576770.4105,1
1785912600000,64248.0,64248.0,64204.8,64226.1,5475.0,5.4754,351593.73283,1
1785912900000,64226.1,64226.9,64225.0,64226.1,395.0,0.3959,25427.24854,1
1785913200000,64229.8,64245.5,64179.4,64191.9,16648.0,16.6481,1068779.87765,1
1785913500000,64191.9,64218.9,64168.7,64168.7,2864.0,2.8649,183922.15311,1
1785913800000,64174.1,64174.1,64131.7,64154.3,10283.0,10.2839,659621.96648,1
1785914100000,64149.6,64149.6,64086.8,64086.8,6641.0,6.6417,425817.36839,1
1785914400000,64086.8,64086.8,64020.0,64029.9,19052.0,19.0525,1220169.29112,1
1785914700000,64026.0,64076.4,64026.0,64049.8,1612.0,1.6123,103265.41418,1
1785915000000,64049.9,64057.2,64027.3,64055.6,2450.0,2.4504,156909.16872,1
1785915300000,64055.6,64055.6,64032.4,64032.5,2751.0,2.7515,176205.8321,1
1785915600000,64032.5,64040.0,63965.3,63976.6,9177.0,9.1771,587412.03916,1
1785915900000,63976.7,64048.1,63976.6,64032.8,11465.0,11.4653,733895.77036,1
1785916200000,64032.8,64041.8,64000.0,64023.4,4674.0,4.6744,299245.4397,1
1785916500000,64022.4,64141.0,64018.0,64141.0,25298.0,25.2982,1621856.28647,1
1785916800000,64146.3,64184.6,64127.7,64184.5,11026.0,11.026,707298.20129,1
1785917100000,64182.0,64182.0,64112.2,64151.0,6025.0,6.0254,386541.36818,1
1785917400000,64160.9,64230.7,64152.0,64173.0,9513.0,9.5131,610762.73299,1
1785917700000,64167.7,64175.4,64135.1,64159.0,10237.0,10.2377,656780.14584,1
1785918000000,64157.0,64179.9,64149.1,64179.9,14551.0,14.5514,933754.23957,1
1785918300000,64189.0,64250.4,64180.1,64248.3,5007.0,5.0073,321648.25089,1
1785918600000,64250.3,64252.7,64203.0,64212.9,5367.0,5.3671,344719.77922,1
1785918900000,64212.9,64234.6,64201.4,64205.2,5167.0,5.1676,331794.10217,1
1785919200000,64205.2,64210.9,64101.3,64105.7,32577.0,32.5773,2088962.31545,1
1785919500000,64105.6,64122.0,64071.5,64121.4,14070.0,14.0701,901896.41429,1
1785919800000,64121.4,64134.4,64102.4,64116.2,15427.0,15.4273,989140.67302,1
1785920100000,64120.5,64140.0,64083.3,64087.7,12723.0,12.7235,815789.93758,1
1785920400000,64096.3,64107.8,64072.6,64103.6,4763.0,4.7632,305304.17217,1
1785920700000,64106.7,64133.2,64106.7,64133.2,3458.0,3.458,221701.75119,1
1785921000000,64133.3,64134.1,64100.1,64100.2,358.0,0.3585,22987.5986,1
1785921300000,64100.2,64153.7,64091.6,64113.0,3696.0,3.6967,237025.83139,1
1785921600000,64111.6,64162.2,64111.6,64126.0,9478.0,9.4788,607971.82598,1
1785921900000,64133.8,64138.7,64110.7,64130.5,15135.0,15.1355,970510.31396,1
1785922200000,64130.5,64157.5,64130.4,64157.5,594.0,0.5946,38141.44922,1
1785922500000,64157.5,64181.6,64157.5,64172.5,7576.0,7.5764,486186.22429,1
1785922800000,64160.1,64160.1,64140.9,64141.0,1814.0,1.8141,116362.54676,1
1785923100000,64143.0,64147.5,64137.2,64137.6,9812.0,9.812,629357.90848,1
1785923400000,64137.6,64156.0,64136.2,64136.2,1217.0,1.2174,78100.9754,1
1785923700000,64136.2,64136.3,64120.1,64127.4,2951.0,2.9514,189264.45433,1
1785924000000,64127.5,64130.6,64103.9,64130.6,3304.0,3.3045,211886.11972,1
1785924300000,64140.1,64159.5,64131.0,64131.0,2869.0,2.869,184055.58201,1
1785924600000,64120.6,64155.2,64083.8,64124.5,5328.0,5.3285,341603.68944,1
1785924900000,64098.2,64118.4,64044.4,64118.4,9142.0,9.142,585600.25159,1
1785925200000,64118.4,64139.4,64108.7,64138.9,3987.0,3.987,255667.98809,1
1785925500000,64140.0,64215.8,64140.0,64184.9,7433.0,7.4332,477184.78777,1
1785925800000,64184.9,64184.9,64154.0,64159.5,8619.0,8.6194,553047.2556,1
1785926100000,64157.3,64181.3,64150.3,64181.2,8914.0,8.9148,571941.37214,1
1785926400000,64181.2,64200.0,64166.1,64166.1,19186.0,19.1866,1231184.98666,1
1785926700000,64170.7,64170.7,64001.6,64023.2,22939.0,22.9399,1468881.6353,1
1785927000000,64023.2,64045.2,64000.0,64016.9,44444.0,44.4445,2845104.55703,1
1785927300000,64016.9,64043.2,64016.9,64033.0,2857.0,2.857,182947.58617,1
1785927600000,64033.0,64078.6,64032.9,64060.3,20215.0,20.2154,1295188.94724,1
1785927900000,64060.3,64082.0,64033.3,64081.9,3709.0,3.7091,237580.62264,1
1785928200000,64081.9,64081.9,64047.9,64058.7,2404.0,2.404,154021.57906,1
1785928500000,64058.7,64058.7,64013.1,64025.6,2756.0,2.7563,176468.36643,1
1785928800000,64025.6,64055.4,64025.5,64055.4,13432.0,13.4321,860010.92551,1
1785929100000,64062.0,64062.0,64032.7,64044.1,1389.0,1.3899,89025.81934,1
1785929400000,64040.8,64116.1,64025.1,64111.0,30014.0,30.0148,1922450.01651,1
1785929700000,64116.4,64116.4,64075.0,64082.8,6985.0,6.9851,447704.57537,1
1785930000000,64083.9,64099.9,64071.0,64071.1,3730.0,3.7305,239030.04852,1
1785930300000,64071.1,64071.1,64025.4,64066.0,15662.0,15.6621,1003264.65453,1
1785930600000,64066.0,64076.3,64034.5,64034.6,2036.0,2.0367,130480.37131,1
1785930900000,64036.0,64044.7,64034.5,64044.7,3084.0,3.0848,197552.47918,1
1785931200000,64044.7,64089.1,64012.2,64080.3,2468.0,2.4688,158116.25646,1
1785931500000,64074.8,64137.0,64047.1,64137.0,5601.0,5.6014,359010.98719,1
1785931800000,64137.2,64198.0,64137.2,64170.0,8269.0,8.269,530605.05507,1
1785932100000,64172.3,64421.0,64154.1,64421.0,221715.0,221.715,14254958.82123,1
1785932400000,64417.4,64568.1,64417.4,64439.0,194574.0,194.5741,12552905.03232,1
1785932700000,64432.9,64553.9,64431.8,64494.0,33762.0,33.7629,2178074.66357,1
1785933000000,64505.5,64522.2,64385.6,64402.7,32670.0,32.6704,2104274.6829,1
1785933300000,64407.1,64473.8,64393.2,64450.0,25535.0,25.5353,1645273.50676,1
1785933600000,64449.9,64473.8,64432.2,64441.9,21299.0,21.2994,1372684.28898,1
1785933900000,64425.2,64425.2,64372.6,64385.0,24272.0,24.2729,1563063.99595,1
1785934200000,64385.0,64386.2,64307.2,64307.2,14742.0,14.7427,948608.17844,1
1785934500000,64306.1,64350.0,64304.0,64305.0,10783.0,10.7835,693559.20339,1
1785934800000,64303.9,64317.4,64246.8,64248.6,22623.0,22.6237,1454847.91698,1
1785935100000,64248.7,64250.0,64205.1,64207.0,16044.0,16.044,1030342.95506,1
1785935400000,64200.0,64200.0,64075.0,64098.9,57958.0,57.9583,3716457.76725,1
1785935700000,64098.9,64183.0,64095.3,64177.0,19159.0,19.159,1229340.34427,1
1785936000000,64177.0,64182.7,64131.4,64135.0,9408.0,9.4083,603640.47101,1
1785936300000,64120.3,64129.0,64085.7,64115.9,10447.0,10.4473,669762.58944,1
1785936600000,64120.9,64120.9,63866.9,63894.0,156414.0,156.4149,10002534.0181,1
1785936900000,63893.5,64225.0,63855.0,64205.6,47848.0,47.8489,3062589.74677,1
1785937200000,64193.8,64266.6,64140.9,64150.8,39578.0,39.5785,2540858.83568,1
1785937500000,64150.7,64225.0,64011.2,64225.0,40730.0,40.7305,2611293.60984,1
1785937800000,64225.0,64377.0,64166.2,64252.5,45304.0,45.3041,2911069.87768,1
1785938100000,64260.9,64377.0,64228.0,64376.1,30267.0,30.2678,1947087.18006,1
1785938400000,64354.5,64385.0,64277.9,64349.1,26963.0,26.9635,1735028.32494,1
1785938700000,64359.2,64500.0,64359.2,64415.3,87323.0,87.3233,5626776.27511,1
1785939000000,64425.8,64477.1,64405.1,64443.2,35481.0,35.4815,2286464.57285,1
1785939300000,64449.0,64546.6,64443.3,64533.4,33674.0,33.6742,2171889.74997,1
1785939600000,64533.2,64533.2,64322.8,64336.4,34560.0,34.5602,2225295.15634,1
1785939900000,64336.5,64410.2,64293.1,64325.6,36271.0,36.2711,2333460.75054,1
1785940200000,64322.7,64437.0,64282.2,64330.0,33661.0,33.6612,2165424.32359,1
1785940500000,64334.3,64390.0,64290.0,64290.0,30619.0,30.6197,1969747.21177,1
1785940800000,64285.1,64383.3,64265.4,64381.8,13119.0,13.1197,843772.66686,1
1785941100000,64382.0,64428.6,64364.3,64428.6,34614.0,34.6144,2229365.63796,1
1785941400000,64437.0,64461.4,64300.0,64376.2,11108.0,11.1083,715463.7974,1
1785941700000,64376.3,64497.6,64350.1,64443.6,8907.0,8.9076,573844.91775,1
1785942000000,64447.7,64552.8,64418.5,64524.6,22583.0,22.5833,1456604.46657,1
1785942300000,64524.6,64676.6,64490.0,64664.0,62142.0,62.1427,4014066.10082,1
1785942600000,64669.9,64703.0,64602.3,64603.8,103437.0,103.4376,6690056.58392,1
1785942900000,64603.8,64603.8,64422.0,64541.4,98106.0,98.1066,6327620.02807,1
1785943200000,64540.7,64550.1,64441.1,64464.0,91756.0,91.7565,5914499.61398,1
1785943500000,64461.7,64547.7,64437.2,64469.2,7621.0,7.6215,491587.79026,1
1785943800000,64471.3,64564.6,64471.3,64552.7,8258.0,8.2581,532741.5576,1
1785944100000,64550.5,64703.1,64487.1,64635.5,37101.0,37.1013,2398458.41622,1
1785944400000,64639.9,64639.9,64521.1,64521.5,47939.0,47.9392,3095109.39286,1
1785944700000,64521.5,64522.6,64448.2,64480.7,39089.0,39.0892,2521005.76028,1
1785945000000,64478.0,64478.0,64395.1,64400.0,18342.0,18.3423,1181727.21444,1
1785945300000,64398.2,64400.1,64348.7,64353.6,14032.0,14.0321,903365.04533,1
1785945600000,64361.7,64420.1,64352.5,64398.8,32299.0,32.2991,2079998.44322,1
1785945900000,64406.8,64494.7,64400.1,64464.7,37567.0,37.5678,2420705.97994,1
1785946200000,64464.8,64567.5,64464.8,64567.5,13581.0,13.5817,876331.49161,1
1785946500000,64570.6,64610.0,64538.5,64601.0,15372.0,15.3726,992741.43706,1
1785946800000,64601.0,64742.0,64599.5,64616.7,161860.0,161.8606,10475338.91766,1
1785947100000,64616.8,64730.0,64616.8,64720.0,86997.0,86.9973,5629794.16324,1
1785947400000,64719.9,64725.5,64630.3,64659.6,8855.0,8.8558,572775.20599,1
1785947700000,64659.5,64700.0,64623.9,64662.7,8181.0,8.1814,529061.90352,1
1785948000000,64662.6,64704.3,64640.1,64657.1,62178.0,62.1787,4021365.8377,1
1785948300000,64654.1,64654.1,64593.8,64608.2,24508.0,24.5088,1583556.14884,1
1785948600000,64608.2,64634.5,64590.0,64604.1,9468.0,9.4686,611731.00575,1
1785948900000,64603.7,64655.4,64588.4,64631.9,15559.0,15.5595,1005640.3981,1
1785949200000,64644.6,64667.2,64608.5,64628.7,4509.0,4.5092,291428.50168,1
1785949500000,64618.2,64628.7,64581.3,64581.3,3277.0,3.277,211698.13554,1
1785949800000,64581.3,64622.0,64556.6,64560.0,34058.0,34.0585,2199462.47364,1
1785950100000,64550.1,64570.0,64515.1,64556.3,5519.0,5.5192,356208.02121,1
1785950400000,64550.2,64557.5,64506.3,64557.5,2586.0,2.5865,166910.14723,1
1785950700000,64558.6,64589.5,64543.2,64574.8,10605.0,10.6054,684711.90084,1
1785951000000,64571.4,64583.5,64551.4,64570.4,2315.0,2.3152,149497.97886,1
1785951300000,64569.9,64720.0,64569.9,64703.8,48680.0,48.6806,3148426.70144,1
1785951600000,64700.1,64719.1,64674.7,64676.2,7496.0,7.4966,484997.58684,1
1785951900000,64676.1,64704.9,64645.8,64700.0,15443.0,15.4436,998949.34582,1
1785952200000,64706.9,64738.0,64693.1,64733.2,12929.0,12.929,836679.19627,1
1785952500000,64733.1,64778.0,64722.5,64739.1,40926.0,40.9262,2650102.53041,1
1785952800000,64739.1,64751.9,64714.0,64740.3,140580.0,140.58,9099883.44984,1
1785953100000,64746.7,64746.7,64635.4,64652.4,22442.0,22.442,1451837.66732,1
1785953400000,64641.8,64774.8,64641.8,64767.3,13268.0,13.2689,858986.82458,1
1785953700000,64770.2,64784.8,64669.9,64669.9,32017.0,32.0174,2073574.49677,1
1785954000000,64669.9,64753.1,64649.9,64658.8,17625.0,17.6256,1140125.85625,1
1785954300000,64658.9,64701.2,64645.5,64692.7,4270.0,4.2704,276206.18263,1
1785954600000,64692.7,64692.7,64641.0,64662.5,26924.0,26.9246,1740571.81776,1
1785954900000,64667.9,64753.1,64667.9,64753.1,11678.0,11.6788,755661.60814,1
1785955200000,64753.0,64770.0,64722.1,64770.0,5326.0,5.3266,344914.15855,1
1785955500000,64770.0,64810.0,64753.3,64757.5,21158.0,21.1589,1370738.34874,1
1785955800000,64757.5,64771.4,64724.0,64724.0,17097.0,17.0975,1106763.157,1
1785956100000,64724.0,64766.4,64724.0,64766.4,14046.0,14.0469,909531.12384,1
1785956400000,64757.8,64888.0,64745.2,64874.4,106753.0,106.7531,6922205.4825,1
1785956700000,64869.7,64882.4,64825.2,64863.8,19510.0,19.5103,1265344.00518,1
1785957000000,64860.3,64865.9,64817.2,64850.4,11159.0,11.1595,723602.26488,1
1785957300000,64850.4,64854.5,64830.3,64834.1,19968.0,19.9681,1294704.09742,1
1785957600000,64834.1,64869.9,64832.2,64867.2,15194.0,15.1945,985509.16422,1
1785957900000,64867.2,64894.9,64867.2,64877.6,11224.0,11.224,728217.06541,1
1785958200000,64877.5,64889.2,64846.4,64846.4,13290.0,13.29,862199.60214,1
1785958500000,64837.3,64889.2,64835.5,64882.9,6897.0,6.8974,447384.84802,1
1785958800000,64882.9,64889.2,64863.1,64863.2,6956.0,6.9562,451313.00345,1
1785959100000,64863.1,64863.2,64832.2,64839.3,29779.0,29.7796,1930818.02228,1
1785959400000,64839.3,64893.9,64839.3,64890.3,5120.0,5.1205,332199.75888,1
1785959700000,64890.2,64890.2,64796.5,64799.4,9414.0,9.4146,610283.54338,1
1785960000000,64810.1,64830.6,64783.0,64802.5,27236.0,27.2361,1764930.34771,1
1785960300000,64806.0,64820.0,64772.3,64819.9,14114.0,14.1148,914559.80745,1
1785960600000,64822.2,64881.7,64822.2,64881.7,4757.0,4.7576,308494.6726,1
1785960900000,64881.7,64893.3,64856.6,64856.7,13626.0,13.6268,883988.31204,1
1785961200000,64856.7,65000.0,64848.7,64964.3,143121.0,143.1216,9296509.60032,1
1785961500000,64964.4,64964.4,64897.0,64957.2,6852.0,6.8523,445003.08827,1
1785961800000,64957.2,64959.8,64920.2,64920.4,7690.0,7.6909,499352.34025,1
1785962100000,64918.8,64956.1,64906.9,64931.9,11443.0,11.4437,743154.0717,1
1785962400000,64932.0,64968.5,64918.7,64952.2,9115.0,9.1159,592079.03252,1
1785962700000,64952.3,64964.4,64872.0,64872.0,15629.0,15.6299,1014910.05105,1
1785963000000,64872.0,64881.4,64865.1,64875.0,43407.0,43.4076,2815686.74595,1
1785963300000,64867.6,64867.6,64804.7,64806.8,66811.0,66.8112,4330294.34374,1
1785963600000,64806.8,64810.1,64688.1,64762.7,106612.0,106.6127,6903296.78006,1
1785963900000,64758.1,64770.5,64726.4,64726.4,12941.0,12.9414,838030.49514,1
1785964200000,64726.4,64793.1,64726.3,64755.7,10970.0,10.9703,710217.1346,1
1785964500000,64755.7,64760.0,64735.8,64749.9,1597.0,1.5972,103419.16734,1
1785964800000,64750.0,64750.0,64652.2,64668.4,15293.0,15.2937,989101.54959,1
1785965100000,64668.5,64671.8,64635.6,64644.6,3684.0,3.6846,238224.51795,1
1785965400000,64646.6,64725.9,64646.6,64676.1,38115.0,38.1153,2466021.38973,1
1785965700000,64676.1,64686.5,64643.8,64667.7,14937.0,14.9373,965757.18162,1
1785966000000,64667.7,64709.6,64667.7,64695.1,4080.0,4.0804,263971.92834,1
1785966300000,64695.1,64695.1,64648.1,64684.0,2321.0,2.3214,150132.16923,1
1785966600000,64684.0,64732.8,64684.0,64714.4,4174.0,4.1749,270208.64671,1
1785966900000,64714.4,64733.2,64711.6,64711.7,7356.0,7.3563,476065.64655,1
1785967200000,64711.7,64741.0,64637.0,64650.9,5949.0,5.9491,384798.42406,1
1785967500000,64650.9,64694.0,64645.8,64673.3,14186.0,14.1863,917423.71295,1
1785967800000,64647.6,64714.0,64645.9,64658.4,6512.0,6.5127,421319.2125,1
1785968100000,64655.7,64680.0,64655.6,64679.9,6739.0,6.7395,435796.20198,1
1785968400000,64679.9,64684.8,64656.2,64679.1,13618.0,13.6184,880750.80267,1
1785968700000,64679.1,64707.9,64652.9,64707.9,9688.0,9.6883,626748.34821,1
1785969000000,64708.6,64758.7,64708.6,64728.2,17087.0,17.0874,1106297.43964,1
1785969300000,64728.2,64731.2,64670.0,64670.0,2464.0,2.4649,159490.07886,1
1785969600000,64668.5,64668.9,64655.6,64666.2,4792.0,4.7921,309884.44769,1
1785969900000,64666.2,64691.4,64658.1,64658.2,5232.0,5.2324,338353.68117,1
1785970200000,64656.5,64659.8,64624.0,64624.0,4886.0,4.8862,315869.08573,1
1785970500000,64624.0,64628.2,64601.0,64607.0,34453.0,34.453,2226074.08185,1
1785970800000,64600.1,64603.5,64552.0,64595.4,31319.0,31.3191,2022366.63247,1
1785971100000,64586.0,64650.0,64578.7,64650.0,15800.0,15.8002,1020902.15993,1
1785971400000,64650.0,64662.1,64642.0,64654.2,2433.0,2.4336,157335.4161,1
1785971700000,64641.1,64642.1,64600.1,64642.0,1807.0,1.8075,116811.96414,1
1785972000000,64642.0,64705.7,64642.0,64699.3,5981.0,5.9813,386819.17445,1
1785972300000,64702.6,64710.6,64664.7,64668.1,9824.0,9.824,635538.70062,1
1785972600000,64668.1,64677.3,64635.7,64635.8,1221.0,1.2211,78950.23735,1
1785972900000,64644.9,64668.2,64639.8,64665.7,11796.0,11.7963,762807.49032,1
1785973200000,64665.7,64684.1,64642.1,64642.1,1569.0,1.5691,101482.57197,1
1785973500000,64635.1,64645.2,64557.1,64644.7,6113.0,6.1136,394944.19661,1
1785973800000,64642.4,64644.8,64616.8,64641.8,622.0,0.6221,40209.17252,1
1785974100000,64641.8,64641.9,64610.8,64633.9,1766.0,1.7663,114160.81027,1
1785974400000,64635.0,64646.3,64586.1,64586.1,11951.0,11.9515,772364.19034,1
1785974700000,64586.1,64645.0,64586.0,64595.0,5577.0,5.5773,360334.94183,1
1785975000000,64595.1,64600.0,64570.7,64575.2,16112.0,16.1121,1040577.90627,1
1785975300000,64572.9,64600.0,64533.9,64600.0,3121.0,3.1215,201553.69952,1
1785975600000,64600.8,64685.0,64600.8,64685.0,4243.0,4.243,274260.23535,1
1785975900000,64685.0,64685.0,64654.9,64654.9,2531.0,2.5312,163698.2442,1
1785976200000,64654.9,64673.5,64654.9,64665.1,1746.0,1.7466,112943.46649,1
1785976500000,64665.1,64684.5,64651.0,64659.0,5624.0,5.6245,363765.76617,1
1785976800000,64658.9,64658.9,64619.5,64619.5,4551.0,4.5512,294146.7468,1
1785977100000,64619.6,64627.4,64593.4,64612.8,3415.0,3.4155,220656.19633,1
1785977400000,64612.8,64659.9,64603.7,64650.1,8820.0,8.82,570051.22397,1
1785977700000,64650.1,64664.1,64614.8,64614.8,6141.0,6.1412,397083.33005,1
1785978000000,64614.8,64620.2,64583.1,64615.5,7068.0,7.0686,456651.60502,1
1785978300000,64602.1,64606.1,64557.7,64601.6,8639.0,8.6394,557977.73551,1
1785978600000,64601.7,64606.6,64559.0,64579.7,3129.0,3.1296,202080.95631,1
1785978900000,64579.7,64580.6,64550.1,64553.4,3630.0,3.6304,234425.08351,1
1785979200000,64553.4,64553.4,64514.5,64533.7,12273.0,12.2732,791938.19944,1
1785979500000,64539.9,64540.0,64486.3,64489.0,13812.0,13.8122,890859.4353,1
1785979800000,64488.9,64555.5,64467.2,64540.6,5959.0,5.9599,384436.82616,1
1785980100000,64535.4,64585.2,64524.2,64543.9,3556.0,3.5561,229598.83586,1
1785980400000,64543.9,64553.6,64530.3,64541.3,6478.0,6.4784,418095.91128,1
1785980700000,64539.8,64627.0,64536.3,64624.8,7239.0,7.2397,467639.58117,1
1785981000000,64626.9,64634.9,64588.0,64594.9,3644.0,3.6448,235462.25977,1
1785981300000,64591.2,64591.2,64559.9,64559.9,1565.0,1.5652,101067.84917,1
1785981600000,64557.2,64557.2,64505.5,64537.7,5159.0,5.1597,333010.47378,1
1785981900000,64541.0,64553.0,64515.6,64552.4,1557.0,1.5577,100543.71709,1
1785982200000,64552.4,64627.6,64547.7,64547.7,910.0,0.9109,58846.33126,1
1785982500000,64533.4,64556.4,64495.0,64495.0,6813.0,6.8132,439609.78228,1
1785982800000,64496.9,64520.4,64393.7,64520.4,30704.0,30.7042,1978922.27513,1
1785983100000,64510.3,64528.1,64462.6,64495.7,8000.0,8.0,516043.19447,1
1785983400000,64490.5,64520.0,64471.0,64519.9,22187.0,22.1875,1431179.9638,1
1785983700000,64520.2,64524.4,64446.5,64508.4,15607.0,15.6079,1006753.05141,1
1785984000000,64508.4,64549.3,64504.1,64549.3,3119.0,3.1195,201277.22622,1
1785984300000,64549.3,64557.1,64508.4,64546.3,2972.0,2.9726,191832.74528,1
1785984600000,64546.3,64564.6,64539.0,64541.1,11991.0,11.9912,773968.12244,1
1785984900000,64540.1,64550.7,64524.0,64550.7,1586.0,1.5863,102384.58142,1
1785985200000,64550.7,64550.7,64485.5,64524.7,1708.0,1.7082,110218.95883,1
1785985500000,64524.7,64537.5,64501.1,64532.0,3600.0,3.6009,232338.77968,1
1785985800000,64532.0,64549.0,64527.9,64537.3,3288.0,3.2882,212196.75154,1
1785986100000,64537.3,64537.3,64497.4,64499.7,1046.0,1.0468,67523.89267,1
1785986400000,64499.7,64510.1,64483.9,64483.9,5126.0,5.1263,330652.4214,1
1785986700000,64483.9,64509.9,64477.1,64509.8,6326.0,6.3268,408021.25195,1
1785987000000,64509.8,64550.3,64489.1,64511.1,2886.0,2.886,186209.11028,1
1785987300000,64509.3,64521.6,64503.1,64521.6,411.0,0.411,26512.79771,1
1785987600000,64500.4,64507.1,64471.4,64471.5,1769.0,1.7697,114114.40573,1
1785987900000,64471.5,64501.1,64463.3,64501.1,1981.0,1.9815,127766.94524,1
1785988200000,64501.1,64501.1,64471.4,64471.4,1098.0,1.0986,70849.53271,1
1785988500000,64469.0,64510.9,64463.4,64505.0,3272.0,3.2727,211033.29945,1
1785988800000,64498.9,64516.6,64462.8,64462.9,2203.0,2.2032,142109.25733,1
1785989100000,64462.9,64527.1,64461.7,64527.1,12081.0,12.0818,779376.88175,1
1785989400000,64526.7,64562.3,64518.6,64550.0,3755.0,3.7556,242423.18574,1
1785989700000,64550.0,64615.8,64550.0,64598.3,6005.0,6.0052,387877.03582,1
1785990000000,64598.3,64659.4,64593.8,64639.9,4843.0,4.8437,313084.59608,1
1785990300000,64639.9,64666.9,64639.9,64660.4,9914.0,9.9146,641042.69425,1
1785990600000,64660.4,64702.6,64655.9,64655.9,59606.0,59.6067,3855920.18699,1
1785990900000,64655.9,64683.4,64655.9,64664.1,2932.0,2.9328,189668.56815,1
1785991200000,64643.1,64649.8,64623.9,64632.0,1481.0,1.481,95720.66455,1
1785991500000,64631.9,64631.9,64600.4,64624.1,4117.0,4.117,266021.32752,1
1785991800000,64619.2,64666.0,64619.2,64666.0,3977.0,3.9771,257047.97706,1
1785992100000,64666.0,64695.9,64661.8,64695.9,1892.0,1.8926,122414.45445,1
1785992400000,64700.0,64742.9,64699.0,64742.9,31754.0,31.7543,2055262.22958,1
1785992700000,64742.8,64965.5,64742.8,64927.4,31373.0,31.3733,2035156.1933,1
1785993000000,64927.4,64927.4,64883.7,64885.3,5418.0,5.4185,351631.66625,1
1785993300000,64894.6,64961.2,64879.4,64902.5,17223.0,17.2233,1118064.12853,1
1785993600000,64902.5,64947.6,64885.9,64944.7,8555.0,8.5558,555256.38829,1
1785993900000,64946.5,64946.5,64853.5,64861.6,2924.0,2.9244,189781.24872,1
1785994200000,64856.8,64887.9,64820.6,64855.4,3772.0,3.7722,244638.6534,1
1785994500000,64855.4,64878.9,64824.5,64842.0,819.0,0.8195,53139.80221,1
1785994800000,64842.0,64878.5,64837.3,64878.5,4696.0,4.6961,304608.37989,1
1785995100000,64878.6,64878.7,64841.0,64841.0,1456.0,1.4561,94447.65496,1
1785995400000,64841.0,64862.8,64836.1,64836.1,1431.0,1.4315,92820.46151,1
1785995700000,64836.2,64877.9,64831.3,64877.9,1215.0,1.2157,78828.03929,1
1785996000000,64870.7,64870.7,64826.3,64847.1,7050.0,7.0505,457137.60098,1
1785996300000,64859.9,64861.9,64815.7,64815.7,1633.0,1.6337,105915.25172,1
1785996600000,64815.0,64815.0,64747.4,64747.9,3206.0,3.2067,207731.81521,1
1785996900000,64761.3,64761.4,64713.1,64726.0,3207.0,3.2072,207613.32294,1
1785997200000,64726.0,64804.5,64726.0,64800.1,4891.0,4.8915,316710.11681,1
1785997500000,64788.9,64800.8,64784.1,64797.6,4109.0,4.1096,266256.6213,1
1785997800000,64797.7,64820.1,64784.1,64806.5,4058.0,4.058,263025.52926,1
1785998100000,64806.5,64829.0,64799.5,64816.7,24895.0,24.8952,1613685.73191,1
1785998400000,64816.7,64816.7,64784.9,64807.5,6844.0,6.8441,443431.28006,1
1785998700000,64807.5,64813.9,64782.9,64805.1,399.0,0.3993,25874.86507,1
1785999000000,64809.1,64823.7,64797.5,64817.0,10304.0,10.3047,667887.36585,1
1785999300000,64817.0,64825.1,64809.5,64813.9,3979.0,3.9796,257953.43267,1
1785999600000,64827.1,64827.6,64793.0,64793.6,7663.0,7.6637,496579.05528,1
1785999900000,64793.7,64829.2,64793.7,64827.0,789.0,0.7892,51154.54486,1
1786000200000,64820.6,64918.3,64811.2,64911.8,7335.0,7.3355,475861.65515,1
1786000500000,64910.4,64910.4,64863.9,64895.8,11497.0,11.4979,746227.35378,1
1786000800000,64900.0,64930.0,64880.9,64914.0,2695.0,2.6957,174999.86117,1
1786001100000,64911.5,64911.5,64867.6,64867.6,3747.0,3.7475,243190.09728,1
1786001400000,64867.7,64867.7,64842.2,64851.5,2167.0,2.1677,140590.12598,1
1786001700000,64855.7,64875.0,64834.8,64834.8,14085.0,14.0851,913531.77278,1
1786002000000,64834.8,64834.8,64750.0,64787.6,4393.0,4.3938,284753.86266,1
1786002300000,64787.5,64816.1,64787.5,64816.1,14339.0,14.339,929251.86416,1
1786002600000,64816.1,64818.6,64763.1,64794.9,2383.0,2.3839,154448.65103,1
1786002900000,64794.9,64817.4,64786.0,64789.3,4129.0,4.1297,267594.47227,1
1786003200000,64789.4,64828.4,64788.2,64814.8,1157.0,1.1574,75013.46946,1
1786003500000,64807.7,64810.3,64765.0,64765.0,2134.0,2.1342,138287.91078,1
1786003800000,64765.1,64769.7,64737.6,64744.1,2571.0,2.5715,166491.21145,1
1786004100000,64744.1,64763.6,64730.9,64763.5,5233.0,5.2334,338900.06471,1
1786004400000,64763.5,64806.6,64763.5,64805.0,11652.0,11.6524,754901.39786,1
1786004700000,64806.6,64874.4,64805.1,64874.4,13165.0,13.1652,853781.27891,1
1786005000000,64874.8,64896.9,64860.5,64874.5,2438.0,2.4386,158216.64926,1
1786005300000,64874.5,64874.6,64840.7,64849.9,1662.0,1.6624,107804.38473,1
1786005600000,64850.0,64888.2,64849.9,64853.6,85258.0,85.2586,5530477.97953,1
1786005900000,64853.7,64890.0,64853.6,64882.5,9551.0,9.5513,619580.38059,1
1786006200000,64877.7,64971.0,64877.7,64940.4,8593.0,8.5939,558047.5862,1
1786006500000,64940.4,64957.0,64907.4,64917.5,3166.0,3.1666,205598.40808,1
1786006800000,64917.5,64917.5,64849.5,64849.5,3281.0,3.281,212874.59735,1
1786007100000,64849.5,64849.5,64761.8,64812.8,4994.0,4.9944,323619.84493,1
1786007400000,64812.8,64812.8,64725.9,64746.7,8266.0,8.2664,535397.84901,1
1786007700000,64746.8,64786.6,64736.1,64786.5,3904.0,3.9045,252864.12603,1
1786008000000,64786.5,64813.2,64757.4,64771.7,2724.0,2.7249,176509.52852,1
1786008300000,64769.0,64787.6,64693.3,64700.0,11375.0,11.3757,736283.26565,1
1786008600000,64700.0,64700.0,64598.8,64657.0,17362.0,17.3623,1122444.58441,1
1786008900000,64657.0,64677.5,64657.0,64659.2,18058.0,18.0584,1167624.42568,1
1786009200000,64659.2,64659.2,64631.5,64631.5,4101.0,4.1012,265113.59557,1
1786009500000,64631.6,64662.9,64603.5,64650.9,8253.0,8.2538,533587.74138,1
1786009800000,64650.9,64660.1,64644.9,64660.0,2604.0,2.6048,168413.04057,1
1786010100000,64660.1,64664.7,64646.1,64649.1,2842.0,2.8423,183764.64315,1
1786010400000,64649.1,64653.1,64608.0,64608.3,6384.0,6.3842,412521.74251,1
1786010700000,64605.2,64621.2,64583.2,64605.0,8819.0,8.8196,569760.55974,1
1786011000000,64604.9,64604.9,64564.0,64565.1,3247.0,3.2474,209692.54603,1
1786011300000,64565.1,64630.7,64553.3,64630.7,6413.0,6.4136,414220.31729,1
1786011600000,64630.5,64645.2,64616.9,64639.9,8137.0,8.1372,525972.04508,1
1786011900000,64639.9,64645.2,64633.0,64645.1,928.0,0.9282,59994.89575,1
1786012200000,64645.2,64649.9,64636.6,64636.6,3624.0,3.6246,234311.11377,1
1786012500000,64631.2,64639.8,64621.3,64621.3,1120.0,1.1205,72413.18254,1
1786012800000,64621.3,64621.3,64591.5,64591.5,2231.0,2.2315,144158.24043,1
1786013100000,64591.5,64618.4,64590.0,64609.3,1841.0,1.8412,118927.56716,1
1786013400000,64609.3,64609.4,64580.0,64580.0,1848.0,1.8487,119434.77156,1
1786013700000,64580.1,64587.0,64571.8,64583.6,2720.0,2.7207,175700.31292,1
1786014000000,64593.5,64597.3,64520.6,64520.6,5070.0,5.07,327278.55128,1
1786014300000,64520.1,64525.4,64473.0,64517.6,13382.0,13.3825,863123.65369,1
1786014600000,64517.6,64550.4,64517.6,64543.3,5988.0,5.988,386412.27915,1
1786014900000,64543.3,64616.2,64543.3,64595.1,16783.0,16.7838,1084015.38004,1
1786015200000,64590.1,64605.7,64573.4,64573.4,5522.0,5.5226,356698.0105,1
1786015500000,64571.2,64571.2,64555.0,64555.0,2417.0,2.4176,156094.33453,1
1786015800000,64555.0,64614.2,64552.1,64608.6,5314.0,5.3149,343304.72867,1
1786016100000,64608.6,64628.0,64600.0,64612.3,6545.0,6.545,422850.74081,1
1786016400000,64617.4,64623.5,64616.4,64618.5,7297.0,7.2971,471523.93187,1
1786016700000,64618.5,64621.5,64593.9,64596.2,2270.0,2.27,146655.83717,1
1786017000000,64593.0,64601.4,64552.0,64572.3,2789.0,2.7899,180155.10649,1
1786017300000,64572.2,64600.0,64572.2,64590.1,2186.0,2.1863,141218.99058,1
1786017600000,64587.9,64605.2,64519.0,64530.1,18311.0,18.3118,1181683.66835,1
1786017900000,64519.4,64520.3,64442.4,64442.4,33716.0,33.7168,2174211.18818,1
1786018200000,64442.5,64476.9,64440.0,64455.1,10836.0,10.8368,698415.8533,1
1786018500000,64455.1,64463.3,64430.0,64433.6,13648.0,13.6487,879628.35643,1
1786018800000,64433.6,64522.3,64433.6,64516.3,105227.0,105.2276,6789307.98225,1
1786019100000,64522.3,64522.7,64512.1,64519.8,3868.0,3.8681,249569.41248,1
1786019400000,64519.6,64519.7,64477.4,64485.5,3731.0,3.7317,240705.1708,1
1786019700000,64483.0,64564.6,64480.0,64564.5,8554.0,8.5549,552174.72987,1
1786020000000,64564.5,64564.5,64494.6,64494.6,9595.0,9.5954,619065.97336,1
1786020300000,64505.3,64509.0,64475.1,64475.1,13243.0,13.2434,854193.78922,1
1786020600000,64475.0,64477.6,64451.6,64451.6,722.0,0.7225,46575.46767,1
1786020900000,64451.4,64451.4,64358.1,64392.4,25153.0,25.153,1619769.07196,1
1786021200000,64392.4,64415.3,64341.2,64350.2,97824.0,97.8242,6295721.9224,1
1786021500000,64346.5,64346.5,64175.0,64186.0,260646.0,260.6462,16742608.01157,1
1786021800000,64177.6,64235.6,64175.1,64230.5,22955.0,22.9558,1473791.08023,1
1786022100000,64229.7,64268.5,64200.0,64237.5,12037.0,12.0371,773310.37724,1
1786022400000,64237.5,64262.7,64185.3,64189.9,17254.0,17.2543,1108290.26823,1
1786022700000,64186.9,64220.6,64150.9,64220.6,16298.0,16.298,1046173.4721,1
1786023000000,64217.1,64224.0,64145.5,64211.3,22601.0,22.6011,1450455.43174,1
1786023300000,64216.9,64308.0,64179.4,64300.0,38589.0,38.5899,2479493.70716,1
1786023600000,64297.5,64409.6,64297.5,64370.9,15004.0,15.0048,965681.21047,1
1786023900000,64379.4,64459.5,64353.0,64437.8,34642.0,34.6421,2231233.82163,1
1786024200000,64430.8,64471.9,64376.0,64397.9,40908.0,40.9084,2636035.25711,1
1786024500000,64396.1,64501.0,64387.9,64404.8,44636.0,44.6362,2877563.52724,1
1786024800000,64406.5,64449.4,64354.2,64439.1,32345.0,32.3457,2083319.59456,1
1786025100000,64439.1,64494.9,64430.1,64447.8,12686.0,12.6866,817652.0182,1
1786025400000,64456.3,64536.6,64441.3,64441.3,49710.0,49.7106,3205609.46928,1
1786025700000,64440.0,64467.9,64391.6,64392.2,57385.0,57.3857,3698158.53323,1
1786026000000,64399.9,64556.8,64399.9,64460.7,30231.0,30.2312,1949562.37989,1
1786026300000,64460.5,64485.0,64399.7,64402.3,17078.0,17.0781,1100281.63744,1
1786026600000,64402.7,64545.5,64332.7,64541.5,46726.0,46.7262,3010206.65904,1
1786026900000,64546.7,64627.4,64533.4,64552.0,25778.0,25.7784,1664786.57721,1
1786027200000,64548.7,64810.3,64546.9,64785.2,215884.0,215.8849,13973802.48922,1
1786027500000,64785.1,64823.0,64683.0,64688.9,36061.0,36.0611,2335082.16962,1
1786027800000,64687.6,64716.6,64663.2,64692.6,22543.0,22.5438,1458086.20195,1
1786028100000,64692.6,64790.0,64692.6,64748.2,27514.0,27.5145,1781661.90838,1
1786028400000,64748.3,64800.5,64740.0,64778.6,21172.0,21.1727,1371268.75047,1
1786028700000,64780.0,64907.5,64739.0,64898.8,40625.0,40.6255,2635382.00754,1
1786029000000,64898.8,64960.4,64825.0,64825.0,67792.0,67.7929,4400946.29467,1
1786029300000,64822.7,64870.0,64700.3,64714.7,22485.0,22.4855,1456664.70992,1
1786029600000,64709.5,64794.4,64687.0,64775.5,45863.0,45.8638,2968010.60528,1
1786029900000,64775.1,64811.3,64746.6,64796.8,62986.0,62.9864,4080410.52797,1
1786030200000,64802.0,64836.5,64727.5,64727.5,8817.0,8.8178,571250.50937,1
1786030500000,64725.9,64797.4,64678.6,64757.6,17373.0,17.373,1124881.58439,1
1786030800000,64759.9,64769.9,64715.0,64724.7,6575.0,6.5754,425740.9944,1
1786031100000,64724.7,64843.1,64722.1,64807.8,12743.0,12.7431,825742.48228,1
1786031400000,64808.1,64832.9,64656.1,64656.1,15505.0,15.5051,1003995.4962,1
1786031700000,64655.8,64655.8,64594.4,64602.3,63927.0,63.9275,4131598.39481,1
1786032000000,64609.0,64651.8,64565.5,64651.7,29631.0,29.631,1913858.29452,1
1786032300000,64648.8,64681.1,64618.3,64667.8,17210.0,17.2103,1112759.26616,1
1786032600000,64667.8,64684.4,64587.8,64611.5,11276.0,11.2763,728699.79904,1
1786032900000,64607.2,64656.5,64556.7,64652.1,11275.0,11.2752,728248.64582,1
1786033200000,64644.0,64644.0,64580.9,64600.6,5539.0,5.5393,357808.63091,1
1786033500000,64598.5,64631.7,64567.5,64620.4,3253.0,3.253,210125.32523,1
1786033800000,64620.4,64669.0,64581.3,64633.2,9140.0,9.1404,590760.7166,1
1786034100000,64622.5,64665.8,64601.0,64665.6,29777.0,29.7774,1924578.87011,1
1786034400000,64669.8,64717.1,64663.6,64684.1,31166.0,31.166,2016313.58722,1
1786034700000,64677.6,64702.3,64630.0,64676.9,15390.0,15.39,995213.50051,1
1786035000000,64690.9,64738.0,64680.0,64688.2,18227.0,18.2275,1179726.66263,1
1786035300000,64685.0,64730.3,64685.0,64723.2,7709.0,7.7099,498881.87491,1
1786035600000,64727.5,64796.7,64727.5,64784.0,5719.0,5.7197,370499.47082,1
1786035900000,64783.6,64799.8,64717.4,64717.4,8685.0,8.6854,562314.36571,1
1786036200000,64717.2,64720.2,64687.0,64687.0,5199.0,5.1993,336421.37413,1
1786036500000,64685.8,64700.3,64656.2,64691.3,2119.0,2.1192,137055.02169,1
1786036800000,64691.3,64716.0,64640.2,64656.1,2095.0,2.0955,135568.23341,1
1786037100000,64659.7,64685.5,64656.2,64656.2,1867.0,1.8675,120772.08414,1
1786037400000,64653.9,64686.9,64621.8,64630.7,3054.0,3.0546,197462.11785,1
1786037700000,64630.7,64643.3,64562.3,64562.3,6495.0,6.4954,419568.37747,1
1786038000000,64560.1,64569.9,64515.9,64569.8,18784.0,18.7843,1212356.37378,1
1786038300000,64569.9,64587.1,64547.8,64562.7,4218.0,4.2187,272409.99079,1
1786038600000,64559.2,64618.7,64559.2,64613.0,25214.0,25.2143,1628450.15138,1
1786038900000,64613.0,64615.0,64590.0,64590.0,780.0,0.7808,50442.20994,1
1786039200000,64584.9,64589.7,64469.0,64498.4,25443.0,25.4432,1640974.92013,1
1786039500000,64502.4,64502.4,64441.1,64460.0,16109.0,16.109,1038556.85371,1
1786039800000,64477.1,64512.9,64456.0,64511.6,30111.0,30.1114,1941487.29154,1
1786040100000,64511.6,64537.0,64476.3,64521.7,18498.0,18.4987,1193595.89585,1
1786040400000,64521.7,64567.8,64503.1,64503.1,17284.0,17.2843,1115596.50635,1
1786040700000,64503.1,64505.1,64475.7,64485.3,2510.0,2.5101,161875.54063,1
1786041000000,64487.7,64489.5,64408.0,64411.7,5044.0,5.0449,325061.83046,1
1786041300000,64415.0,64442.2,64415.0,64420.0,5514.0,5.5144,355305.40268,1
1786041600000,64420.0,64420.0,64374.3,64384.5,12773.0,12.7734,822577.231,1
1786041900000,64386.9,64420.9,64381.1,64381.1,8957.0,8.9578,576804.45226,1
1786042200000,64375.7,64385.1,64357.2,64360.3,13049.0,13.0499,839968.60805,1
1786042500000,64359.8,64400.0,64343.7,64388.9,17451.0,17.4515,1123321.55417,1
1786042800000,64388.8,64431.9,64383.5,64404.8,43909.0,43.9095,2827926.01678,1
1786043100000,64404.8,64419.5,64385.8,64419.5,13796.0,13.7966,888652.64222,1
1786043400000,64419.5,64421.8,64419.4,64419.4,31373.0,31.3735,2021062.87261,1
1786043700000,64419.4,64419.5,64393.1,64403.5,17225.0,17.2252,1109603.92051,1
1786044000000,64394.0,64428.9,64393.3,64397.3,80386.0,80.3864,5178730.71664,1
1786044300000,64397.2,64400.2,64364.8,64366.1,12012.0,12.0126,773386.8595,1
1786044600000,64372.3,64380.2,64323.7,64377.2,8222.0,8.2224,529163.67221,1
1786044900000,64381.2,64419.4,64372.0,64402.2,6147.0,6.1472,395824.1563,1
1786045200000,64402.2,64407.3,64377.6,64395.4,27595.0,27.5959,1777195.99663,1
1786045500000,64395.4,64406.6,64385.6,64389.1,32948.0,32.9488,2121696.9586,1
1786045800000,64377.7,64438.3,64377.6,64430.1,12631.0,12.6311,813634.60877,1
1786046100000,64427.4,64441.4,64411.9,64417.1,15175.0,15.1756,977877.73252,1
1786046400000,64417.1,64491.6,64417.1,64491.5,5917.0,5.9177,381526.45239,1
1786046700000,64491.6,64498.9,64477.9,64480.6,118099.0,118.0997,7616429.73711,1
1786047000000,64480.6,64505.6,64476.6,64490.3,6427.0,6.427,414489.85288,1
1786047300000,64494.0,64494.0,64444.8,64455.8,1367.0,1.3675,88147.75778,1
1786047600000,64451.4,64462.8,64422.9,64454.1,42866.0,42.8667,2763031.36207,1
1786047900000,64458.2,64458.2,64434.4,64450.2,13200.0,13.2004,850685.75461,1
1786048200000,64450.2,64454.4,64410.2,64441.4,83339.0,83.3391,5369734.72823,1
1786048500000,64441.4,64460.0,64426.3,64439.3,1251.0,1.2518,80659.87554,1
1786048800000,64439.3,64455.6,64429.3,64429.4,3971.0,3.9711,255878.57962,1
1786049100000,64429.4,64431.9,64418.1,64431.8,5809.0,5.8098,374309.58229,1
1786049400000,64439.3,64449.9,64410.3,64410.3,4084.0,4.0847,263225.92878,1
1786049700000,64410.1,64418.1,64403.7,64408.8,4932.0,4.9327,317699.51287,1
1786050000000,64403.7,64468.8,64403.7,64422.3,15381.0,15.3819,991374.79204,1
1786050300000,64422.3,64465.0,64416.5,64436.3,1122.0,1.1228,72362.50301,1
1786050600000,64436.3,64455.4,64417.7,64455.4,3170.0,3.1702,204286.311,1
1786050900000,64455.4,64483.6,64428.3,64452.2,6648.0,6.648,428568.13333,1
1786051200000,64452.2,64459.3,64430.5,64443.2,1213.0,1.213,78165.69832,1
1786051500000,64443.2,64443.2,64417.6,64417.6,1621.0,1.6216,104467.49162,1
1786051800000,64421.5,64445.1,64421.5,64430.4,1896.0,1.8963,122204.23129,1
1786052100000,64427.9,64434.0,64377.6,64392.5,33718.0,33.7182,2171166.21781,1
1786052400000,64396.8,64450.0,64380.9,64418.4,11678.0,11.6786,752197.72193,1
1786052700000,64418.4,64432.8,64409.0,64412.8,3818.0,3.8189,246001.80157,1
1786053000000,64412.8,64450.0,64412.8,64419.7,3170.0,3.1707,204277.56741,1
1786053300000,64419.7,64423.7,64410.0,64411.8,7914.0,7.9149,509835.16367,1
1786053600000,64419.3,64419.7,64352.1,64376.5,47016.0,47.0168,3027529.55413,1
1786053900000,64376.5,64402.2,64367.0,64381.5,10062.0,10.0628,647870.52121,1
1786054200000,64392.7,64411.4,64392.1,64403.2,1408.0,1.4083,90690.99029,1
1786054500000,64403.3,64405.2,64372.5,64372.5,4629.0,4.6296,298087.8104,1
1786054800000,64373.6,64378.1,64294.3,64318.0,55595.0,55.595,3575285.60487,1
1786055100000,64320.9,64340.8,64314.8,64335.9,1714.0,1.7142,110275.10841,1
1786055400000,64335.9,64360.0,64315.4,64338.8,9475.0,9.4753,609689.36733,1
1786055700000,64338.8,64346.0,64327.1,64334.0,1034.0,1.0347,66568.23159,1
1786056000000,64334.0,64347.0,64301.7,64310.4,4542.0,4.5429,292220.33041,1
1786056300000,64315.9,64340.2,64310.7,64325.8,7463.0,7.4638,480177.43718,1
1786056600000,64333.7,64342.7,64320.0,64320.0,20134.0,20.1346,1295220.20293,1
1786056900000,64320.0,64321.6,64317.0,64320.8,8978.0,8.9789,577529.6041,1
1786057200000,64314.2,64329.1,64300.0,64329.1,19840.0,19.8404,1275981.42756,1
1786057500000,64329.1,64333.1,64316.1,64332.3,8537.0,8.5377,549217.23054,1
1786057800000,64332.3,64332.8,64307.3,64307.4,5226.0,5.2263,336137.2688,1
1786058100000,64307.4,64312.7,64241.8,64246.1,8446.0,8.4462,542784.5525,1
1786058400000,64243.4,64251.5,64210.0,64241.5,31094.0,31.0943,1996975.68376,1
1786058700000,64241.4,64241.5,64192.7,64219.6,9187.0,9.1878,589916.4924,1
1786059000000,64216.5,64229.7,64202.3,64224.2,3743.0,3.743,240391.23374,1
1786059300000,64218.1,64218.8,64180.0,64188.1,5133.0,5.133,329570.17859,1
1786059600000,64188.1,64194.0,64178.9,64193.6,4905.0,4.9051,314844.30309,1
1786059900000,64193.6,64220.0,64164.8,64197.1,9539.0,9.5396,612403.70399,1
1786060200000,64197.1,64276.8,64197.1,64273.7,10833.0,10.833,696071.61679,1
1786060500000,64273.7,64302.7,64273.7,64291.0,9971.0,9.9717,641114.22341,1
1786060800000,64294.5,64332.2,64279.2,64327.7,12878.0,12.8785,828240.25435,1
1786061100000,64332.9,64376.4,64332.9,64352.3,8681.0,8.6812,558765.64221,1
1786061400000,64344.0,64350.1,64254.8,64263.8,10155.0,10.1556,653244.65824,1
1786061700000,64263.7,64272.1,64202.9,64245.7,3492.0,3.4921,224353.42108,1
1786062000000,64245.7,64245.7,64200.1,64234.3,24946.0,24.9466,1602277.55689,1
1786062300000,64234.2,64284.5,64230.2,64244.5,1512.0,1.5125,97195.58781,1
1786062600000,64244.5,64312.1,64203.2,64312.1,1836.0,1.8363,117966.33885,1
1786062900000,64312.1,64312.1,64230.2,64256.6,1179.0,1.1794,75808.94416,1
1786063200000,64256.6,64296.8,64216.7,64296.8,832.0,0.8325,53485.35559,1
1786063500000,64300.3,64315.2,64236.9,64236.9,51676.0,51.6768,3323218.72721,1
1786063800000,64236.8,64308.3,64236.8,64266.7,506.0,0.5065,32558.88925,1
1786064100000,64269.9,64298.3,64236.8,64285.9,1019.0,1.0196,65522.31827,1
1786064400000,64292.6,64431.6,64292.6,64383.5,74612.0,74.6122,4802702.49471,1
1786064700000,64365.9,64404.2,64338.3,64340.8,10927.0,10.9277,703292.03364,1
1786065000000,64344.8,64353.6,64319.0,64338.3,2303.0,2.3034,148195.6206,1
1786065300000,64334.4,64334.4,64284.5,64330.6,11487.0,11.4878,738766.14389,1
1786065600000,64328.6,64329.5,64298.2,64316.0,5958.0,5.9582,383199.75132,1
1786065900000,64316.0,64404.2,64310.1,64397.4,3498.0,3.4984,225194.96664,1
1786066200000,64397.5,64440.0,64386.6,64429.2,13565.0,13.5658,874052.15259,1
1786066500000,64425.1,64425.1,64314.6,64314.6,7606.0,7.6061,489556.68076,1
1786066800000,64314.4,64351.7,64264.0,64351.7,7165.0,7.1651,460780.66869,1
1786067100000,64348.4,64397.0,64348.4,64397.0,3918.0,3.9186,252269.95173,1
1786067400000,64397.0,64415.3,64357.1,64391.0,1206.0,1.206,77653.96136,1
1786067700000,64393.1,64416.7,64366.1,64393.5,423.0,0.423,27236.69096,1
1786068000000,64387.9,64401.8,64363.2,64383.1,1541.0,1.5417,99264.83457,1
1786068300000,64383.1,64389.0,64300.0,64303.6,8445.0,8.4453,543368.32335,1
1786068600000,64303.7,64376.7,64220.0,64366.3,10071.0,10.0712,647410.5428,1
1786068900000,64374.3,64518.2,64370.4,64432.7,24501.0,24.5016,1579738.11573,1
1786069200000,64432.7,64432.7,64304.4,64338.5,12241.0,12.2418,787753.15943,1
1786069500000,64338.6,64338.6,64276.8,64291.9,20182.0,20.1822,1297485.66225,1
1786069800000,64295.8,64322.5,64275.9,64281.3,10041.0,10.0418,645605.97713,1
1786070100000,64288.1,64338.0,64273.7,64273.7,3382.0,3.3826,217508.43633,1
1786070400000,64272.5,64382.5,64248.0,64382.5,11867.0,11.8679,763623.80146,1
1786070700000,64382.4,64417.9,64376.7,64400.2,2205.0,2.2058,142032.24076,1
1786071000000,64407.2,64446.0,64400.0,64403.1,1376.0,1.3763,88650.74304,1
1786071300000,64399.4,64403.5,64362.4,64369.4,2569.0,2.5699,165488.17907,1
1786071600000,64369.4,64380.4,64286.3,64325.9,3933.0,3.9332,252944.69321,1
1786071900000,64325.9,64361.7,64323.8,64346.4,11995.0,11.9951,771804.21453,1
1786072200000,64346.3,64354.2,64295.5,64310.1,1943.0,1.9434,124982.84361,1
1786072500000,64310.1,64310.1,64285.5,64295.2,6205.0,6.2055,399010.62949,1
1786072800000,64290.7,64302.7,64231.3,64273.2,7329.0,7.3294,470966.98231,1
1786073100000,64281.0,64316.0,64275.5,64288.2,3749.0,3.7497,241088.77751,1
1786073400000,64285.3,64347.3,64285.3,64308.7,3538.0,3.538,227609.26392,1
1786073700000,64306.8,64323.2,64284.7,64293.9,2240.0,2.2401,144025.0737,1
1786074000000,64293.9,64325.1,64293.9,64310.7,3379.0,3.3793,217355.56655,1
1786074300000,64307.9,64317.3,64276.5,64314.5,6173.0,6.1737,396919.72898,1
1786074600000,64314.5,64339.0,64265.7,64286.3,1018.0,1.018,65471.16509,1
1786074900000,64286.3,64286.3,64254.1,64254.5,1704.0,1.7042,109505.80824,1
1786075200000,64260.2,64269.8,64225.0,64269.8,1590.0,1.5907,102189.29905,1
1786075500000,64269.8,64299.0,64235.2,64277.8,1392.0,1.392,89468.09787,1
1786075800000,64277.8,64299.2,64275.7,64275.7,1633.0,1.6331,104993.53016,1
1786076100000,64281.1,64300.0,64281.1,64300.0,1557.0,1.5576,100142.13384,1
1786076400000,64308.0,64333.2,64277.2,64284.5,2088.0,2.0888,134355.53373,1
1786076700000,64284.5,64286.6,64260.5,64273.7,932.0,0.9324,59921.6662,1
1786077000000,64274.2,64297.9,64259.6,64297.9,673.0,0.6737,43310.08292,1
1786077300000,64303.2,64328.1,64237.5,64240.5,2420.0,2.4201,155494.2363,1
1786077600000,64240.5,64250.0,64226.0,64226.1,3288.0,3.2888,211258.58688,1
1786077900000,64226.1,64239.2,64189.9,64199.9,12274.0,12.2741,788067.64381,1
1786078200000,64199.9,64199.9,64130.6,64175.9,22629.0,22.6295,1451723.99143,1
1786078500000,64176.0,64223.9,64176.0,64223.9,9999.0,9.9997,641916.44199,1
1786078800000,64223.9,64225.8,64203.5,64217.8,4428.0,4.4282,284392.06144,1
1786079100000,64217.7,64218.1,64161.2,64218.1,3462.0,3.4625,222298.18395,1
1786079400000,64212.8,64233.9,64207.9,64219.0,1378.0,1.3784,88528.72828,1
1786079700000,64219.0,64232.4,64179.3,64182.4,8856.0,8.8561,568667.85355,1
1786080000000,64182.3,64199.5,64147.1,64150.9,2839.0,2.8392,182149.77928,1
1786080300000,64149.9,64156.8,64142.0,64154.4,7837.0,7.8376,502788.96151,1
1786080600000,64154.3,64172.3,64154.3,64162.7,2281.0,2.2814,146375.84581,1
1786080900000,64162.7,64201.1,64162.7,64200.0,4557.0,4.5572,292532.62159,1
1786081200000,64200.0,64250.1,64200.0,64250.1,5661.0,5.6618,363697.27509,1
1786081500000,64250.6,64291.8,64226.6,64291.7,6532.0,6.532,419739.03077,1
1786081800000,64292.6,64365.0,64292.4,64354.6,9218.0,9.2184,593142.12489,1
1786082100000,64357.8,64357.8,64311.4,64311.4,1485.0,1.4851,95550.66257,1
1786082400000,64310.1,64319.5,64289.9,64299.2,31619.0,31.6194,2033458.0689,1
1786082700000,64299.2,64340.0,64299.1,64316.7,1930.0,1.9307,124199.59515,1
1786083000000,64318.2,64393.5,64318.2,64393.5,5841.0,5.8418,375993.15932,1
1786083300000,64384.6,64400.0,64366.6,64388.8,3010.0,3.0102,193794.06527,1
1786083600000,64388.8,64403.3,64367.0,64403.1,1231.0,1.2312,79274.39555,1
1786083900000,64403.1,64430.0,64389.3,64391.8,2880.0,2.8807,185579.28861,1
1786084200000,64403.9,64403.9,64312.6,64314.2,8964.0,8.9648,576666.76231,1
1786084500000,64314.2,64357.6,64313.4,64336.6,8641.0,8.641,555930.78548,1
1786084800000,64336.6,64346.9,64317.3,64335.4,2248.0,2.2481,144641.80043,1
1786085100000,64335.4,64348.0,64277.1,64290.8,8221.0,8.2212,528584.92274,1
1786085400000,64290.9,64290.9,64255.0,64288.9,1358.0,1.358,87283.8445,1
1786085700000,64288.9,64309.8,64280.1,64280.1,1174.0,1.1743,75502.27273,1
1786086000000,64280.1,64281.3,64232.3,64274.1,2169.0,2.1699,139414.11019,1
1786086300000,64274.1,64325.1,64274.1,64325.1,1298.0,1.2982,83473.13555,1
1786086600000,64332.6,64344.0,64310.4,64310.4,1074.0,1.0745,69122.81779,1
1786086900000,64308.8,64326.2,64308.0,64322.9,3000.0,3.0008,193001.30257,1
1786087200000,64317.8,64404.3,64315.6,64401.3,15068.0,15.0687,969918.12351,1
1786087500000,64384.0,64401.1,64376.0,64377.1,2731.0,2.7316,175886.31753,1
1786087800000,64377.1,64377.1,64349.2,64359.9,4991.0,4.9912,321208.44719,1
1786088100000,64359.9,64389.4,64359.9,64360.1,3289.0,3.2893,211703.03871,1
1786088400000,64360.1,64368.3,64337.7,64342.8,1074.0,1.0747,69150.49923,1
1786088700000,64342.8,64342.8,64332.6,64339.6,928.0,0.9283,59721.73193,1
1786089000000,64339.6,64347.0,64339.6,64340.4,2854.0,2.8547,183675.14085,1
1786089300000,64340.4,64340.4,64280.2,64288.9,2218.0,2.218,142629.94141,1
1786089600000,64288.9,64300.0,64272.4,64300.0,1920.0,1.9205,123453.27223,1
1786089900000,64305.0,64315.2,64296.4,64304.4,2317.0,2.3172,149008.09073,1
1786090200000,64285.0,64352.0,64285.0,64341.2,4331.0,4.3314,278615.13219,1
1786090500000,64341.2,64407.4,64341.1,64390.7,2905.0,2.9057,187009.80326,1
1786090800000,64390.7,64395.2,64378.3,64395.2,3219.0,3.2195,207286.36282,1
1786091100000,64395.2,64426.8,64395.1,64421.5,6664.0,6.6643,429284.35865,1
1786091400000,64427.2,64500.0,64427.2,64495.2,16415.0,16.4155,1058328.15724,1
1786091700000,64497.3,64498.3,64423.9,64458.7,2109.0,2.1096,135978.13974,1
1786092000000,64460.7,64645.3,64460.7,64606.3,158611.0,158.611,10240474.21732,1
1786092300000,64606.2,64606.2,64557.1,64571.7,5219.0,5.2192,337034.13398,1
1786092600000,64574.3,64584.0,64555.7,64563.0,4758.0,4.7582,307246.07377,1
1786092900000,64563.0,64576.4,64547.8,64576.4,5663.0,5.6638,365645.96904,1
1786093200000,64576.4,64666.2,64576.3,64662.5,24828.0,24.8288,1605269.13983,1
1786093500000,64657.5,64665.9,64635.0,64661.0,6002.0,6.0024,388094.55226,1
1786093800000,64661.0,64746.0,64661.0,64700.0,11032.0,11.0328,713875.99006,1
1786094100000,64700.1,64757.5,64700.1,64757.3,7048.0,7.0482,456229.224,1
1786094400000,64757.3,64785.8,64703.6,64785.5,17031.0,17.0316,1102931.61096,1
1786094700000,64785.7,64850.0,64774.2,64806.0,22490.0,22.49,1457698.2921,1
1786095000000,64807.9,64900.0,64776.6,64895.0,19739.0,19.7395,1280541.76062,1
1786095300000,64889.1,64938.0,64882.6,64899.7,13205.0,13.2053,857127.23107,1
1786095600000,64899.8,64921.9,64856.4,64877.9,10673.0,10.6739,692399.54271,1
1786095900000,64879.9,64881.3,64811.6,64867.2,20391.0,20.391,1322311.91178,1
1786096200000,64868.8,64869.0,64812.1,64828.0,6364.0,6.3641,412581.18524,1
1786096500000,64828.1,64828.1,64798.4,64798.5,2953.0,2.9536,191411.40367,1
1786096800000,64798.7,64841.1,64770.3,64822.7,3733.0,3.7334,241956.56396,1
1786097100000,64822.9,64835.4,64790.5,64804.6,1094.0,1.0948,70946.60023,1
1786097400000,64804.6,64826.3,64794.4,64820.3,5502.0,5.5021,356579.47381,1
1786097700000,64820.3,64840.0,64804.2,64827.9,3934.0,3.9342,254989.87505,1
1786098000000,64827.9,64834.9,64775.8,64778.3,2753.0,2.7539,178458.42917,1
1786098300000,64778.2,64862.1,64772.8,64862.1,8743.0,8.7434,566623.01864,1
1786098600000,64862.1,64883.4,64849.6,64849.6,6967.0,6.9679,452010.92468,1
1786098900000,64849.6,64858.9,64827.9,64828.2,2761.0,2.7611,179022.3756,1
1786099200000,64828.2,64850.0,64823.7,64825.0,1739.0,1.7394,112764.06043,1
1786099500000,64825.0,64868.7,64824.9,64868.4,2949.0,2.9494,191291.92124,1
1786099800000,64868.4,64884.6,64856.5,64864.0,5695.0,5.6957,369486.89459,1
1786100100000,64864.1,64867.8,64864.0,64867.3,2773.0,2.773,179869.30107,1
1786100400000,64870.7,64948.0,64868.0,64935.1,8418.0,8.4188,546608.26811,1
1786100700000,64932.1,64948.5,64928.7,64948.4,7165.0,7.1659,465361.73928,1
1786101000000,64948.4,64948.5,64929.5,64934.2,9302.0,9.302,604080.59453,1
1786101300000,64934.3,64985.0,64905.9,64905.9,12859.0,12.8596,835146.01623,1
1786101600000,64904.3,65186.1,64900.8,65098.9,113431.0,113.431,7381871.39163,1
1786101900000,65115.0,65115.0,65054.9,65058.2,31512.0,31.5123,2050755.77026,1
1786102200000,65058.3,65075.0,64997.3,65002.0,73071.0,73.0712,4750382.99662,1
1786102500000,65005.0,65057.5,65000.8,65052.9,9456.0,9.4569,614846.28764,1
1786102800000,65056.0,65064.3,65015.0,65015.0,5743.0,5.7439,373545.26588,1
1786103100000,64999.8,65020.0,64999.8,65020.0,11633.0,11.6336,756310.50681,1
1786103400000,65015.0,65017.6,64971.1,64996.4,17020.0,17.0208,1106197.35262,1
1786103700000,64996.4,64996.5,64987.5,64996.1,16563.0,16.5631,1076473.29323,1
1786104000000,64996.2,65050.0,64995.8,65021.0,27306.0,27.3064,1775516.89722,1
1786104300000,65021.0,65119.8,65005.4,65119.8,10482.0,10.4821,682005.59575,1
1786104600000,65119.9,65252.2,65119.9,65188.1,70429.0,70.4295,4592166.45175,1
1786104900000,65189.8,65209.2,65131.3,65137.6,12570.0,12.5703,819199.15977,1
1786105200000,65137.6,65137.7,65071.4,65080.6,18656.0,18.6566,1214597.55025,1
1786105500000,65080.6,65110.6,65030.8,65088.2,21450.0,21.4506,1395993.40254,1
1786105800000,65109.5,65300.0,64955.2,64986.6,108926.0,108.9267,7089387.84192,1
1786106100000,64983.3,65129.1,64955.0,65112.5,21492.0,21.4929,1397538.73928,1
1786106400000,65112.6,65181.9,65106.0,65125.6,30210.0,30.2103,1967882.56615,1
1786106700000,65132.5,65228.8,65132.5,65209.9,30805.0,30.8052,2008441.22135,1
1786107000000,65214.8,65316.6,65214.7,65313.6,59471.0,59.4719,3882974.41323,1
1786107300000,65313.6,65358.0,65224.8,65259.1,84264.0,84.2641,5504064.24473,1
1786107600000,65259.0,65275.3,65155.3,65257.0,165796.0,165.7964,10813893.25854,1
1786107900000,65255.9,65296.7,65220.0,65220.0,28767.0,28.7673,1876565.53755,1
1786108200000,65220.0,65220.0,65171.7,65186.1,17173.0,17.173,1119498.95521,1
1786108500000,65186.2,65238.5,65174.1,65235.2,15398.0,15.3986,1003819.77356,1
1786108800000,65235.2,65244.8,65139.8,65141.5,26373.0,26.3733,1719677.76574,1
1786109100000,65141.5,65165.4,65076.8,65125.2,25510.0,25.5105,1661407.06513,1
1786109400000,65125.8,65283.0,65071.2,65264.8,21562.0,21.5629,1405358.98147,1
1786109700000,65265.7,65278.9,65088.8,65264.6,17102.0,17.1027,1114499.74935,1
1786110000000,65269.8,65279.7,65156.3,65267.2,10207.0,10.2078,665748.94831,1
1786110300000,65267.1,65305.6,65070.1,65188.1,15689.0,15.6899,1022597.72485,1
1786110600000,65170.4,65249.9,65082.6,65109.7,15408.0,15.4083,1004127.75057,1
1786110900000,65109.7,65121.8,64952.1,64980.3,53620.0,53.6202,3485756.73669,1
1786111200000,64984.8,65020.1,64829.2,64838.2,124465.0,124.4656,8084031.98205,1
1786111500000,64838.2,64868.1,64780.0,64797.5,42615.0,42.6159,2762561.99882,1
1786111800000,64800.0,64873.4,64756.8,64805.9,58284.0,58.2844,3779650.9922,1
1786112100000,64793.6,64973.5,64785.8,64969.4,29041.0,29.0418,1884336.11355,1
1786112400000,64975.7,65054.7,64965.1,65050.0,38989.0,38.989,2534513.20138,1
1786112700000,65045.7,65206.4,65040.2,65156.6,78290.0,78.2907,5101068.08291,1
1786113000000,65159.9,65173.4,65068.0,65164.8,46657.0,46.6571,3037266.32337,1
1786113300000,65164.9,65250.0,65109.4,65132.2,12100.0,12.1008,788860.71376,1
1786113600000,65130.1,65184.1,65056.7,65075.1,36755.0,36.755,2393635.25837,1
1786113900000,65072.2,65124.2,65054.8,65063.2,11591.0,11.5916,754377.33121,1
1786114200000,65052.1,65081.0,64919.3,64962.9,27160.0,27.1604,1765051.30395,1
1786114500000,64970.4,65017.8,64918.6,64927.2,12395.0,12.3952,805187.57165,1
1786114800000,64929.9,64953.1,64871.6,64871.6,24672.0,24.6727,1601667.18486,1
1786115100000,64875.6,64988.0,64871.7,64988.0,19346.0,19.3461,1256461.84408,1
1786115400000,64988.0,65015.3,64911.7,64935.4,12869.0,12.8697,836197.54419,1
1786115700000,64935.4,64976.0,64900.6,64954.9,4070.0,4.0709,264352.45729,1
1786116000000,64966.5,65011.9,64935.9,65003.6,14364.0,14.3644,933621.50996,1
1786116300000,64998.0,65042.6,64980.0,64996.8,6595.0,6.5957,428757.05775,1
1786116600000,65003.3,65107.7,64979.5,65027.8,8125.0,8.1253,528508.15354,1
1786116900000,65033.8,65049.8,64955.6,64970.4,29552.0,29.5522,1920043.46496,1
1786117200000,64985.1,65020.7,64968.1,64990.1,8890.0,8.8905,577833.84117,1
1786117500000,64990.1,64999.8,64954.9,64980.1,10453.0,10.4532,679298.12949,1
1786117800000,64980.1,65002.1,64910.8,64927.5,4286.0,4.2867,278420.1175,1
1786118100000,64931.3,64942.2,64878.4,64884.0,7939.0,7.9391,515269.78266,1
1786118400000,64891.5,64951.0,64883.6,64947.1,79930.0,79.9302,5187376.2365,1
1786118700000,64947.1,64999.9,64941.6,64999.9,11305.0,11.3056,734523.43899,1
1786119000000,65000.0,65049.2,64967.0,65019.6,3182.0,3.182,206857.67279,1
1786119300000,65013.8,65026.9,64950.1,64960.0,2330.0,2.3309,151467.53209,1
1786119600000,64967.6,65009.8,64880.1,64899.8,9371.0,9.3717,608850.55693,1
1786119900000,64899.1,64913.0,64866.7,64900.0,12246.0,12.2465,794703.54716,1
1786120200000,64900.0,64943.1,64841.9,64935.5,84417.0,84.4176,5481199.86132,1
1786120500000,64939.3,64946.0,64901.7,64924.4,3558.0,3.5583,231040.95686,1
1786120800000,64924.7,64941.9,64913.5,64926.2,5528.0,5.528,358938.38302,1
1786121100000,64923.5,64925.7,64885.7,64902.5,6618.0,6.6183,429587.21189,1
1786121400000,64910.2,64923.8,64853.7,64853.7,4451.0,4.4517,288797.47265,1
1786121700000,64853.7,64853.7,64782.7,64782.8,28779.0,28.779,1865338.42251,1
1786122000000,64782.8,64805.0,64674.8,64727.2,144837.0,144.8378,9378131.19762,1
1786122300000,64724.2,64790.1,64711.9,64752.3,7199.0,7.1994,466190.50552,1
1786122600000,64758.7,64762.8,64664.0,64670.0,12460.0,12.4603,806188.64563,1
1786122900000,64670.1,64704.0,64632.4,64678.0,21798.0,21.798,1409675.41597,1
1786123200000,64678.0,64698.4,64589.0,64600.0,56360.0,56.36,3642165.22252,1
1786123500000,64599.9,64600.0,64552.7,64570.5,44128.0,44.1286,2849731.44902,1
1786123800000,64570.5,64571.7,64500.0,64558.5,30042.0,30.0423,1938829.26302,1
1786124100000,64563.3,64655.7,64520.0,64650.1,19283.0,19.2839,1245400.27784,1
1786124400000,64650.1,64664.8,64630.1,64655.9,10311.0,10.3112,666606.32697,1
1786124700000,64655.8,64715.7,64631.9,64632.0,21261.0,21.2615,1375164.83174,1
1786125000000,64631.9,64697.8,64631.9,64695.7,20347.0,20.3477,1315965.10159,1
1786125300000,64695.7,64740.3,64695.7,64740.3,7632.0,7.632,493969.12336,1
1786125600000,64734.4,64840.0,64734.4,64836.0,20231.0,20.2315,1311136.99575,1
1786125900000,64836.1,64850.0,64812.2,64840.0,13973.0,13.9738,905949.65492,1
1786126200000,64840.5,64857.9,64820.0,64820.2,11753.0,11.7536,762156.86314,1
1786126500000,64825.2,64843.8,64787.6,64813.8,12065.0,12.0654,782002.33572,1
1786126800000,64813.8,64813.8,64769.4,64769.4,28693.0,28.6939,1858856.64646,1
1786127100000,64769.4,64804.8,64766.7,64783.9,4685.0,4.6855,303556.05464,1
1786127400000,64785.8,64817.3,64770.5,64770.5,3625.0,3.6252,234920.95237,1
1786127700000,64770.4,64770.5,64722.2,64729.2,5817.0,5.8174,376653.23867,1
1786128000000,64729.2,64763.0,64700.0,64700.1,9462.0,9.4625,612533.18927,1
1786128300000,64700.0,64727.9,64685.8,64685.8,10285.0,10.2859,665465.62627,1
1786128600000,64685.8,64693.8,64655.0,64655.0,14749.0,14.7494,953719.23458,1
1786128900000,64655.0,64712.4,64655.0,64712.4,4466.0,4.4665,288949.15855,1
1786129200000,64727.1,64813.8,64719.2,64758.2,30059.0,30.0596,1946535.11137,1
1786129500000,64758.2,64829.4,64758.2,64829.4,2510.0,2.5104,162620.44927,1
1786129800000,64829.3,64841.3,64795.0,64815.7,2179.0,2.1793,141259.83864,1
1786130100000,64815.7,64868.1,64815.7,64860.9,4146.0,4.1469,268909.54167,1
1786130400000,64860.9,64927.9,64859.8,64906.5,15123.0,15.1239,981564.95959,1
1786130700000,64902.2,64950.0,64902.2,64916.7,7716.0,7.7168,501036.44186,1
1786131000000,64916.8,64954.8,64905.4,64954.8,5136.0,5.1369,333553.17713,1
1786131300000,64954.8,64989.5,64927.7,64961.5,13605.0,13.6059,883921.99877,1
1786131600000,64966.2,64991.0,64947.6,64947.6,6027.0,6.0271,391539.82218,1
1786131900000,64945.8,64975.3,64937.3,64940.3,54693.0,54.693,3552741.22223,1
1786132200000,64939.0,64963.8,64916.3,64929.1,4661.0,4.661,302692.63436,1
1786132500000,64926.8,64959.7,64920.6,64932.9,5359.0,5.3599,348077.61162,1
1786132800000,64933.0,65007.6,64930.3,64950.1,29970.0,29.97,1947026.88488,1
1786133100000,64949.9,64979.9,64918.4,64979.9,34062.0,34.0621,2211465.23725,1
1786133400000,64967.3,64970.0,64950.9,64951.0,1664.0,1.6644,108118.13334,1
1786133700000,64951.0,64954.5,64938.3,64943.9,1743.0,1.7434,113223.31362,1
1786134000000,64949.8,64959.8,64925.3,64959.8,4864.0,4.8648,315924.99406,1
1786134300000,64959.8,64974.2,64947.0,64947.1,2436.0,2.4364,158266.81363,1
1786134600000,64947.0,64947.0,64916.6,64916.6,4118.0,4.1188,267425.39057,1
1786134900000,64916.6,64931.9,64916.6,64931.7,7147.0,7.1476,464066.68696,1
1786135200000,64931.7,64931.7,64925.8,64929.9,1648.0,1.6481,107005.36838,1
1786135500000,64929.9,64945.7,64925.9,64945.0,546.0,0.5465,35488.13395,1
1786135800000,64945.0,64952.1,64935.0,64946.2,1727.0,1.727,112156.13022,1
1786136100000,64946.0,64946.0,64939.0,64939.0,2991.0,2.9912,194261.93627,1
1786136400000,64942.1,64948.8,64942.1,64948.8,3124.0,3.1247,202933.79804,1
1786136700000,64948.8,64948.8,64947.8,64947.9,1405.0,1.4059,91310.87686,1
1786137000000,64947.9,64996.0,64947.8,64976.4,4296.0,4.2965,279132.50215,1
1786137300000,64976.5,64991.6,64931.5,64934.7,3551.0,3.5516,230682.69395,1
1786137600000,64934.7,64959.3,64920.0,64944.4,1688.0,1.6882,109620.68345,1
1786137900000,64944.4,64967.3,64944.4,64966.9,9884.0,9.8849,642127.34192,1
1786138200000,64966.9,64986.2,64966.9,64985.9,4149.0,4.1499,269643.33254,1
1786138500000,64986.1,64992.0,64979.6,64987.7,2701.0,2.701,175532.26842,1
1786138800000,64987.6,65078.7,64985.4,64985.6,20623.0,20.6235,1341521.14096,1
1786139100000,65009.9,65014.5,64937.6,64941.9,8239.0,8.2399,535440.63279,1
1786139400000,64944.7,64944.7,64913.0,64913.0,8683.0,8.6839,563806.33328,1
1786139700000,64913.0,64913.0,64895.0,64895.2,3745.0,3.7459,243141.19013,1
1786140000000,64895.2,64899.4,64863.3,64895.6,18493.0,18.4938,1200041.62911,1
1786140300000,64895.6,64898.6,64884.8,64898.5,73021.0,73.0217,4738785.09679,1
1786140600000,64898.5,64898.6,64891.5,64897.1,3330.0,3.3308,216163.91613,1
1786140900000,64898.5,64919.6,64878.7,64878.8,54129.0,54.1299,3513543.24888,1
1786141200000,64878.8,64880.5,64878.7,64880.5,5958.0,5.9582,386561.8164,1
1786141500000,64880.5,64896.3,64880.5,64896.3,2950.0,2.95,191443.90024,1
1786141800000,64895.6,64895.7,64842.6,64853.3,29957.0,29.9573,1943422.52303,1
1786142100000,64853.3,64853.4,64815.3,64843.0,4965.0,4.9653,321916.56636,1
1786142400000,64843.0,64843.1,64817.8,64830.1,6248.0,6.2487,405178.6488,1
1786142700000,64830.1,64870.6,64830.1,64870.6,2723.0,2.7232,176629.75078,1
1786143000000,64870.6,64892.0,64850.0,64851.9,3645.0,3.6458,236524.66556,1
1786143300000,64851.9,64857.4,64851.9,64857.4,3549.0,3.5494,230196.31624,1
1786143600000,64857.4,64857.4,64854.7,64857.2,7270.0,7.2703,471514.29388,1
1786143900000,64857.2,64857.3,64857.2,64857.3,1078.0,1.0785,69948.59618,1
1786144200000,64857.3,64859.9,64857.2,64859.9,347.0,0.3479,22564.66655,1
1786144500000,64859.9,64864.2,64854.7,64854.7,1248.0,1.248,80939.63414,1
1786144800000,64854.7,64854.7,64850.7,64850.7,623.0,0.6231,40409.2754,1
1786145100000,64850.7,64852.1,64850.6,64852.1,1030.0,1.0305,66828.67015,1
1786145400000,64852.1,64855.6,64852.0,64855.5,4191.0,4.1917,271840.78244,1
1786145700000,64855.7,64862.7,64855.6,64862.7,4240.0,4.2407,275041.73874,1
1786146000000,64862.6,64869.1,64862.6,64869.1,1483.0,1.4835,96224.31211,1
1786146300000,64869.1,64885.8,64869.1,64885.8,434.0,0.4343,28175.67348,1
1786146600000,64885.8,64885.8,64882.2,64882.3,1340.0,1.3402,86955.81079,1
1786146900000,64882.3,64885.5,64882.3,64885.5,152.0,0.1528,9914.42687,1
1786147200000,64881.6,64889.8,64874.0,64889.7,5844.0,5.8441,379140.8477,1
1786147500000,64895.0,64925.5,64873.7,64873.8,5657.0,5.6571,367152.18528,1
1786147800000,64873.7,64873.7,64868.2,64868.2,3166.0,3.1662,205386.38622,1
1786148100000,64863.8,64863.9,64789.9,64789.9,11883.0,11.8835,770574.961,1
1786148400000,64800.1,64832.1,64800.1,64832.1,5169.0,5.1697,335044.06263,1
1786148700000,64832.1,64850.3,64832.0,64850.3,2514.0,2.5142,163001.01326,1
1786149000000,64850.4,64857.6,64850.3,64857.6,2478.0,2.478,160699.36566,1
1786149300000,64850.3,64863.0,64850.3,64863.0,1107.0,1.1078,71847.41385,1
1786149600000,64862.9,64870.1,64836.1,64870.1,9636.0,9.6364,624945.51489,1
1786149900000,64870.1,64877.0,64870.1,64873.8,3205.0,3.2055,207952.66475,1
1786150200000,64873.7,64877.0,64873.7,64877.0,929.0,0.9299,60328.55713,1
1786150500000,64877.0,64885.0,64877.0,64881.0,2800.0,2.8001,181672.56227,1
1786150800000,64881.0,64890.4,64881.0,64890.2,2428.0,2.4281,157560.25478,1
1786151100000,64890.2,64890.2,64871.6,64878.1,1050.0,1.0501,68121.98285,1
1786151400000,64878.1,64922.0,64877.0,64921.9,4762.0,4.7621,309158.77087,1
1786151700000,64921.9,64922.3,64885.3,64907.0,3924.0,3.9242,254694.79433,1
1786152000000,64907.0,64907.0,64892.3,64892.4,1282.0,1.2827,83240.92809,1
1786152300000,64892.4,64892.5,64877.2,64877.2,1100.0,1.1007,71415.80976,1
1786152600000,64875.5,64886.6,64875.5,64886.6,368.0,0.3681,23881.10182,1
1786152900000,64892.7,64899.8,64892.6,64898.3,166.0,0.1669,10830.8097,1
1786153200000,64898.3,64907.2,64897.1,64900.2,2267.0,2.2675,147158.47731,1
1786153500000,64900.2,64900.2,64881.5,64887.4,757.0,0.7578,49167.94495,1
1786153800000,64887.4,64887.4,64883.4,64883.4,643.0,0.6435,41754.21035,1
1786154100000,64881.0,64889.3,64880.0,64880.6,211.0,0.2114,13716.36888,1
1786154400000,64880.6,64880.6,64872.9,64875.3,5011.0,5.0119,325164.80185,1
1786154700000,64875.3,64879.6,64874.9,64874.9,670.0,0.6708,43518.72206,1
1786155000000,64872.1,64872.1,64863.5,64866.7,468.0,0.4682,30371.89403,1
1786155300000,64866.7,64871.8,64864.0,64864.0,846.0,0.8464,54900.98806,1
1786155600000,64864.0,64881.0,64864.0,64878.4,425.0,0.4253,27590.2064,1
1786155900000,64880.9,64899.9,64880.9,64899.9,566.0,0.5665,36759.48769,1
1786156200000,64899.9,64931.8,64884.1,64884.1,2148.0,2.1485,139499.34905,1
1786156500000,64884.0,64896.7,64884.0,64896.5,508.0,0.5088,33018.88699,1
1786156800000,64894.0,64894.1,64892.0,64892.0,835.0,0.8356,54224.05128,1
1786157100000,64892.0,64894.2,64887.8,64894.2,1428.0,1.4285,92693.20739,1
1786157400000,64894.2,64894.2,64890.4,64893.6,88.0,0.0889,5768.89455,1
1786157700000,64893.6,64893.6,64887.7,64889.4,40.0,0.0403,2615.07257,1
1786158000000,64889.4,64897.3,64884.1,64897.3,1120.0,1.1208,72728.27211,1
1786158300000,64897.3,64901.6,64897.3,64901.6,957.0,0.9579,62167.73163,1
1786158600000,64901.6,64910.0,64901.6,64902.3,1273.0,1.2735,82654.93157,1
1786158900000,64902.2,64950.0,64902.2,64949.3,3450.0,3.4504,224058.85738,1
1786159200000,64950.0,64983.3,64950.0,64976.9,2854.0,2.8549,185476.65373,1
1786159500000,64975.8,65006.6,64974.1,64992.3,4561.0,4.5612,296476.83798,1
1786159800000,64992.3,65030.3,64992.3,65030.2,4630.0,4.6303,301044.76169,1
1786160100000,65030.2,65046.0,64983.0,64983.1,7138.0,7.1386,464084.30678,1
1786160400000,64983.1,64985.0,64970.2,64984.9,2696.0,2.6963,175214.31583,1
1786160700000,64984.9,65004.5,64982.3,65001.5,2745.0,2.7452,178395.75192,1
1786161000000,64999.1,64999.1,64965.9,64966.0,2248.0,2.2487,146136.70762,1
1786161300000,64970.1,65008.8,64970.1,65001.9,1565.0,1.5653,101730.53785,1
1786161600000,65001.9,65030.0,64981.3,65003.7,2013.0,2.0138,130932.22949,1
1786161900000,64996.1,64996.1,64934.9,64934.9,3335.0,3.3357,216692.5015,1
1786162200000,64936.2,64951.1,64936.0,64947.1,1495.0,1.4959,97142.92815,1
1786162500000,64947.1,64961.2,64941.0,64961.1,1367.0,1.367,88796.54365,1
1786162800000,64961.1,64961.1,64950.4,64950.4,99.0,0.0993,6449.8548,1
1786163100000,64950.4,64973.5,64950.4,64973.0,1252.0,1.2521,81351.8217,1
1786163400000,64973.0,65000.0,64968.6,64989.4,1113.0,1.1136,72370.95268,1
1786163700000,64989.4,65013.1,64986.6,65013.1,5666.0,5.6662,368262.80149,1
1786164000000,65016.0,65033.6,65005.0,65005.1,5127.0,5.1271,333399.71072,1
1786164300000,65009.2,65012.1,65002.4,65002.5,5353.0,5.3532,348016.75986,1
1786164600000,65002.5,65002.5,64980.0,64988.0,220.0,0.2202,14311.26503,1
1786164900000,64988.0,64988.1,64973.7,64976.5,1472.0,1.4729,95707.88538,1
1786165200000,64976.5,64983.0,64976.4,64983.0,1826.0,1.8268,118700.8977,1
1786165500000,64982.9,64984.3,64979.3,64979.4,1570.0,1.5707,102068.69498,1
1786165800000,64979.4,64979.4,64965.1,64965.1,1759.0,1.7597,114331.19179,1
1786166100000,64968.7,64978.5,64968.7,64978.5,390.0,0.3907,25386.66025,1
1786166400000,64978.4,64985.0,64978.4,64985.0,864.0,0.864,56144.64327,1
1786166700000,64985.0,64993.0,64984.9,64992.4,1066.0,1.0669,69337.78331,1
1786167000000,64991.0,64991.0,64981.1,64990.7,90.0,0.0901,5855.23788,1
1786167300000,64990.7,64993.4,64990.7,64990.8,20144.0,20.1447,1309235.80214,1
1786167600000,64990.9,64990.9,64990.0,64990.0,1268.0,1.2684,82434.32423,1
1786167900000,64990.0,64990.0,64969.2,64969.2,2318.0,2.3187,150664.18577,1
1786168200000,64969.2,64969.2,64942.9,64951.1,734.0,0.7342,47684.75752,1
1786168500000,64951.1,64967.1,64951.0,64967.1,1371.0,1.3716,89104.35849,1
1786168800000,64972.3,64972.3,64965.5,64965.5,877.0,0.8778,57032.48846,1
1786169100000,64965.5,64965.7,64947.3,64953.7,1181.0,1.1819,76766.53642,1
1786169400000,64953.7,64953.7,64950.0,64950.0,1098.0,1.0984,71343.75806,1
1786169700000,64950.0,64953.2,64945.1,64945.1,821.0,0.821,53324.65765,1
1786170000000,64945.1,64953.1,64945.0,64953.1,1751.0,1.751,113729.92898,1
1786170300000,64953.1,64954.0,64942.9,64944.6,524.0,0.5244,34060.00263,1
1786170600000,64944.6,64947.8,64941.3,64941.4,1232.0,1.2325,80046.2107,1
1786170900000,64941.4,64947.2,64941.4,64945.3,278.0,0.2783,18074.57187,1
1786171200000,64945.3,64959.2,64937.6,64959.2,407.0,0.407,26435.38203,1
1786171500000,64961.8,64970.9,64961.8,64970.9,438.0,0.4386,28495.56698,1
1786171800000,64970.9,64991.0,64970.7,64979.1,1598.0,1.5986,103885.78133,1
1786172100000,64979.1,64982.9,64978.2,64978.2,434.0,0.4341,28208.59269,1
1786172400000,64978.2,64983.0,64976.9,64982.0,417.0,0.4175,27129.98012,1
1786172700000,64982.0,64982.0,64980.5,64980.6,1917.0,1.9177,124613.25192,1
1786173000000,64980.6,64980.6,64970.8,64970.8,1939.0,1.9397,126027.49699,1
1786173300000,64970.8,64970.9,64967.6,64967.6,7478.0,7.4782,485861.0949,1
1786173600000,64967.6,64974.3,64967.6,64974.3,1215.0,1.2153,78959.6185,1
1786173900000,64974.3,64974.3,64974.2,64974.3,660.0,0.6609,42941.47827,1
1786174200000,64974.3,64974.3,64965.5,64965.5,708.0,0.7081,46004.15427,1
1786174500000,64965.5,64965.6,64923.8,64923.8,1017.0,1.0174,66071.653,1
1786174800000,64923.8,64924.0,64921.0,64921.0,520.0,0.52,33759.73337,1
1786175100000,64921.0,64923.8,64919.5,64923.8,943.0,0.9434,61245.16277,1
1786175400000,64923.8,64936.3,64923.7,64936.3,2488.0,2.4883,161576.0038,1
1786175700000,64936.3,64936.3,64936.2,64936.2,1716.0,1.7163,111450.06478,1
1786176000000,64936.3,64936.3,64920.0,64934.6,4561.0,4.561,296121.88251,1
1786176300000,64934.6,64934.6,64934.5,64934.6,481.0,0.4818,31285.45226,1
1786176600000,64934.6,64938.8,64934.5,64938.7,1431.0,1.4319,92981.24515,1
1786176900000,64938.7,64939.3,64938.7,64939.3,280.0,0.2809,18241.4265,1
1786177200000,64939.3,64939.3,64939.2,64939.2,2327.0,2.3274,151139.6726,1
1786177500000,64939.3,64956.1,64939.2,64956.1,1009.0,1.0092,65543.00516,1
1786177800000,64956.1,64988.0,64956.0,64988.0,1007.0,1.0077,65466.9032,1
1786178100000,64988.0,64988.0,64975.0,64975.0,619.0,0.6194,40247.48188,1
1786178400000,64975.0,64984.9,64975.0,64984.8,1824.0,1.8248,118582.07052,1
1786178700000,64984.8,64986.0,64962.7,64969.0,3016.0,3.0165,195974.72696,1
1786179000000,64969.0,64969.0,64968.9,64969.0,347.0,0.3478,22596.19491,1
1786179300000,64969.0,64969.0,64963.1,64963.1,1397.0,1.3978,90805.47259,1
1786179600000,64963.1,64978.2,64963.1,64972.1,293.0,0.2939,19095.20441,1
1786179900000,64972.1,64972.1,64972.0,64972.1,246.0,0.2469,16041.6093,1
1786180200000,64972.1,64975.7,64972.0,64975.7,552.0,0.5523,35884.11243,1
1786180500000,64975.7,64992.0,64975.7,64992.0,2429.0,2.4292,157859.94152,1
1786180800000,64992.0,64992.0,64987.7,64987.8,540.0,0.5408,35145.65952,1
1786181100000,64987.8,64990.6,64987.7,64990.6,361.0,0.3619,23519.47131,1
1786181400000,64990.6,65026.8,64987.8,64987.8,2061.0,2.0614,134004.12228,1
1786181700000,64987.8,64987.9,64987.1,64987.1,520.0,0.5202,33806.61193,1
1786182000000,64987.1,64987.3,64976.6,64978.7,1517.0,1.5178,98632.17413,1
1786182300000,64978.9,64984.1,64964.9,64964.9,1238.0,1.2384,80469.324,1
1786182600000,64964.9,64965.0,64961.4,64961.4,1031.0,1.0315,67008.49427,1
1786182900000,64961.4,64961.8,64960.0,64960.1,1889.0,1.8896,122749.22739,1
1786183200000,64960.1,64960.1,64960.0,64960.0,2220.0,2.2202,144224.33663,1
1786183500000,64960.0,64972.2,64960.0,64972.2,589.0,0.5899,38319.95363,1
1786183800000,64972.2,64977.7,64968.3,64968.3,1526.0,1.5265,99188.13121,1
1786184100000,64968.3,64973.1,64968.3,64973.0,553.0,0.5533,35949.60752,1
1786184400000,64973.0,64974.0,64968.1,64974.0,3930.0,3.93,255343.78072,1
1786184700000,64974.0,64996.2,64974.0,64996.2,1755.0,1.7555,114082.26227,1
1786185000000,64996.2,64996.3,64992.4,64992.5,635.0,0.6359,41329.0018,1
1786185300000,64992.5,64992.7,64987.7,64987.7,397.0,0.3972,25813.88585,1
1786185600000,64987.7,64987.7,64974.8,64977.1,152.0,0.1521,9883.3017,1
1786185900000,64977.1,64980.7,64977.1,64980.6,693.0,0.6935,45063.99741,1
1786186200000,64980.6,64985.8,64980.6,64985.8,729.0,0.7298,47424.82348,1
1786186500000,64985.8,64985.9,64985.7,64985.8,4170.0,4.1703,271010.4111,1
1786186800000,64985.8,64985.8,64974.4,64974.4,1161.0,1.161,75441.50514,1
1786187100000,64974.4,64974.5,64974.4,64974.4,3386.0,3.3865,220035.87632,1
1786187400000,64974.4,64995.6,64974.4,64983.3,981.0,0.9813,63771.00024,1
1786187700000,64983.3,64983.3,64963.3,64963.3,1168.0,1.1684,75908.45585,1
1786188000000,64963.3,64963.3,64948.0,64948.0,2132.0,2.1323,138497.4024,1
1786188300000,64948.0,64948.1,64944.9,64945.0,4893.0,4.8936,317819.45672,1
1786188600000,64945.0,64949.2,64944.9,64947.1,111.0,0.1115,7241.50377,1
1786188900000,64947.0,64947.1,64945.3,64945.4,1987.0,1.9878,129098.64538,1
1786189200000,64945.4,64945.4,64945.3,64945.3,1289.0,1.2891,83721.02645,1
1786189500000,64945.4,64945.4,64930.0,64930.1,2959.0,2.9593,192181.08499,1
1786189800000,64930.1,64939.2,64930.0,64939.2,664.0,0.6645,43149.4973,1
1786190100000,64940.2,64945.8,64937.0,64942.7,923.0,0.9231,59945.65425,1
1786190400000,64942.7,64942.7,64924.7,64924.7,2055.0,2.0555,133467.07252,1
1786190700000,64924.7,64924.8,64890.8,64894.2,25013.0,25.013,1623718.54952,1
1786191000000,64894.2,64985.5,64894.2,64985.5,2548.0,2.5482,165480.48449,1
1786191300000,64985.5,65016.1,64985.5,64995.4,3812.0,3.8123,247825.34567,1
1786191600000,64995.3,64995.3,64972.5,64972.5,1979.0,1.9794,128626.9369,1
1786191900000,64972.5,64972.6,64949.2,64949.3,2289.0,2.2898,148748.91296,1
1786192200000,64958.2,64960.2,64958.2,64960.2,24404.0,24.4042,1585301.6947,1
1786192500000,64960.2,64988.8,64960.2,64988.8,21413.0,21.4139,1391342.01641,1
1786192800000,64988.8,64996.9,64979.4,64979.5,4791.0,4.7918,311442.04087,1
1786193100000,64979.5,64979.5,64979.4,64979.4,53.0,0.0531,3450.4089,1
1786193400000,64979.4,64996.3,64979.4,64996.2,2085.0,2.0854,135533.35002,1
1786193700000,64996.2,64996.3,64973.7,64973.7,1026.0,1.0265,66705.37562,1
1786194000000,64973.7,64977.8,64973.7,64977.8,741.0,0.7411,48153.06667,1
1786194300000,64977.8,64993.2,64973.8,64973.8,3174.0,3.1745,206286.25634,1
1786194600000,64973.8,64978.7,64972.7,64978.7,1080.0,1.08,70174.24097,1
1786194900000,64978.7,64994.6,64978.7,64993.4,2866.0,2.8667,186306.72178,1
1786195200000,64990.9,64990.9,64981.9,64981.9,1246.0,1.2463,80987.16155,1
1786195500000,64981.9,64990.9,64981.9,64990.9,1963.0,1.9639,127624.66808,1
1786195800000,64986.4,64986.4,64973.7,64973.7,850.0,0.8506,55276.30901,1
1786196100000,64973.8,64973.8,64973.7,64973.8,417.0,0.4179,27152.51505,1
1786196400000,64974.4,64978.5,64974.4,64974.7,1067.0,1.067,69332.02149,1
1786196700000,64974.8,64977.4,64969.4,64977.4,2820.0,2.8205,183257.07855,1
1786197000000,64977.4,64978.4,64977.4,64978.3,1653.0,1.6534,107435.21992,1
1786197300000,64978.5,64985.4,64978.5,64985.4,5370.0,5.3707,349015.26342,1
1786197600000,64985.4,64985.5,64985.3,64985.5,663.0,0.6633,43104.79789,1
1786197900000,64995.0,65002.0,64995.0,65002.0,4073.0,4.0732,264760.56473,1
1786198200000,65002.0,65032.0,65002.0,65031.9,6892.0,6.8923,448156.87725,1
1786198500000,65031.9,65038.2,65014.8,65025.3,2991.0,2.9911,194501.65661,1
1786198800000,65025.3,65100.1,65025.3,65092.8,29534.0,29.5346,1921765.03104,1
1786199100000,65092.8,65119.0,65057.1,65102.4,65409.0,65.4096,4259166.28807,1
1786199400000,65111.5,65150.0,65104.8,65134.7,22950.0,22.9501,1494757.24684,1
1786199700000,65137.6,65160.7,65111.5,65111.5,3769.0,3.7699,245592.7334,1
1786200000000,65110.4,65110.4,65080.8,65080.9,21297.0,21.297,1386134.01647,1
1786200300000,65080.8,65127.5,65080.1,65127.5,7826.0,7.8261,509512.06873,1
1786200600000,65127.5,65129.1,65126.2,65126.2,11619.0,11.6197,756766.61937,1
1786200900000,65126.3,65151.1,65100.0,65100.0,4231.0,4.2311,275569.79706,1
1786201200000,65103.1,65123.8,65084.1,65084.1,5610.0,5.6103,365255.3128,1
1786201500000,65084.2,65084.2,65066.8,65070.9,6389.0,6.3892,415770.38181,1
1786201800000,65070.9,65079.7,65070.9,65073.6,4664.0,4.6641,303518.45749,1
1786202100000,65073.7,65079.5,65060.7,65060.7,2544.0,2.5443,165549.79982,1
1786202400000,65060.7,65066.8,65046.1,65066.8,7127.0,7.1275,463665.04731,1
1786202700000,65066.8,65066.8,65058.9,65059.8,5895.0,5.8955,383563.79977,1
1786203000000,65059.8,65062.2,65049.6,65049.6,4114.0,4.1143,267652.78668,1
1786203300000,65049.6,65049.7,65039.0,65039.1,1674.0,1.6749,108943.37608,1
1786203600000,65039.0,65039.4,65031.5,65031.6,8959.0,8.9592,582683.99702,1
1786203900000,65031.5,65046.1,65027.9,65046.1,2060.0,2.0602,133977.38907,1
1786204200000,65047.0,65065.8,65046.9,65065.8,4270.0,4.2701,277796.22317,1
1786204500000,65065.8,65069.8,65049.3,65049.3,2847.0,2.8474,185268.27799,1
1786204800000,65049.3,65068.4,65049.3,65061.4,3046.0,3.0467,198223.61994,1
1786205100000,65061.4,65080.0,65061.0,65061.0,1328.0,1.3288,86462.74532,1
1786205400000,65061.0,65061.1,65052.7,65052.7,2856.0,2.8564,185836.9097,1
1786205700000,65052.7,65055.0,65046.6,65055.0,3353.0,3.3531,218123.00552,1
1786206000000,65055.0,65059.6,65052.9,65052.9,5889.0,5.8896,383172.8811,1
1786206300000,65052.9,65053.0,65045.4,65045.5,1966.0,1.9667,127925.01755,1
1786206600000,65045.4,65045.6,65015.5,65015.5,3916.0,3.9161,254652.80202,1
1786206900000,65015.6,65020.2,65005.0,65020.2,2077.0,2.0778,135082.39876,1
1786207200000,65020.2,65034.2,65020.1,65032.7,8375.0,8.3756,544698.26354,1
1786207500000,65032.6,65032.6,65031.8,65031.8,858.0,0.8581,55803.85965,1
1786207800000,65031.8,65049.4,65031.8,65049.4,1043.0,1.0434,67857.90195,1
1786208100000,65049.5,65056.1,65049.4,65056.1,1015.0,1.0154,66054.29049,1
1786208400000,65056.0,65067.2,65056.0,65058.6,2544.0,2.5447,165571.48766,1
1786208700000,65058.6,65072.2,65045.6,65072.2,1436.0,1.4361,93419.1844,1
1786209000000,65072.2,65100.0,65072.1,65090.7,4717.0,4.7179,307070.12993,1
1786209300000,65090.7,65095.5,65081.0,65081.0,4097.0,4.0972,266682.66098,1
1786209600000,65081.0,65081.1,65072.3,65079.1,1344.0,1.3447,87508.50002,1
1786209900000,65079.1,65081.3,65079.1,65081.0,4093.0,4.0935,266407.76279,1
1786210200000,65081.0,65108.8,65080.3,65108.8,3862.0,3.8627,251448.26601,1
1786210500000,65110.0,65123.1,65102.9,65102.9,7425.0,7.425,483452.08446,1
1786210800000,65101.0,65101.0,65091.1,65095.2,4585.0,4.5856,298499.67453,1
1786211100000,65095.2,65100.0,65095.2,65099.9,1407.0,1.4071,91597.38887,1
1786211400000,65096.4,65096.5,65086.0,65086.0,1549.0,1.5492,100841.35711,1
1786211700000,65086.0,65086.2,65086.0,65086.2,2895.0,2.8954,188450.52628,1
1786212000000,65086.2,65094.1,65086.1,65086.6,903.0,0.9033,58796.55747,1
1786212300000,65086.6,65086.7,65078.2,65078.2,1450.0,1.4509,94427.82999,1
1786212600000,65078.2,65078.2,65069.1,65069.1,6282.0,6.2829,408846.93535,1
1786212900000,65069.1,65069.1,65044.3,65044.3,1159.0,1.1598,75454.87562,1
1786213200000,65044.0,65050.1,65014.0,65014.0,4841.0,4.841,314805.34091,1
1786213500000,65010.8,65024.2,65000.0,65014.8,4508.0,4.5087,293100.69872,1
1786213800000,65012.1,65027.8,65010.8,65023.8,311.0,0.3118,20270.99935,1
1786214100000,65023.8,65034.2,65015.2,65015.3,4833.0,4.8334,314278.42258,1
1786214400000,65015.3,65028.2,65015.3,65026.8,26457.0,26.4576,1720478.58133,1
1786214700000,65026.8,65026.8,65026.7,65026.8,698.0,0.6988,45440.68399,1
1786215000000,65026.8,65026.8,65015.4,65015.4,15501.0,15.5012,1007983.73065,1
1786215300000,65015.4,65015.5,65015.3,65015.3,1771.0,1.7713,115161.78542,1
1786215600000,65015.3,65015.3,65012.6,65015.3,3648.0,3.6486,237212.49006,1
1786215900000,65015.2,65015.3,65005.0,65005.0,4219.0,4.2194,274316.71017,1
1786216200000,65005.0,65005.0,64991.0,64991.1,10294.0,10.2945,669106.87461,1
1786216500000,64991.1,64998.8,64991.1,64994.1,18113.0,18.1132,1177332.6204,1
1786216800000,64994.1,64994.2,64994.1,64994.2,812.0,0.8127,52820.78527,1
1786217100000,64994.2,64996.2,64992.9,64992.9,965.0,0.9656,62758.29651,1
1786217400000,64992.9,64998.7,64986.2,64998.7,2783.0,2.7834,180904.51752,1
1786217700000,64998.7,64998.7,64998.4,64998.7,10616.0,10.6166,690065.1169,1
1786218000000,64998.7,65011.5,64998.0,65011.5,72438.0,72.4382,4708388.778,1
1786218300000,65011.5,65014.9,65008.2,65014.9,1574.0,1.5742,102336.71605,1
1786218600000,65014.9,65047.5,65014.8,65047.5,1261.0,1.2616,82041.68682,1
1786218900000,65047.5,65060.0,65031.2,65045.6,2206.0,2.2067,143545.99548,1
1786219200000,65045.5,65052.6,65035.2,65046.4,1607.0,1.607,104526.29254,1
1786219500000,65046.4,65046.4,65046.3,65046.4,703.0,0.7036,45766.57777,1
1786219800000,65046.4,65047.4,65041.4,65047.3,880.0,0.8802,57252.36287,1
1786220100000,65047.3,65054.8,65040.0,65040.1,324.0,0.3246,21115.0699,1
1786220400000,65040.0,65040.0,65026.7,65026.8,2314.0,2.3146,150528.19989,1
1786220700000,65026.8,65035.9,65026.8,65035.9,1158.0,1.1584,75329.76489,1
1786221000000,65035.9,65055.2,65035.8,65054.6,10210.0,10.2108,664263.24378,1
1786221300000,65053.7,65053.7,65034.1,65034.1,3154.0,3.1543,205168.81179,1
1786221600000,65034.1,65050.0,65034.1,65050.0,3444.0,3.4442,223996.29154,1
1786221900000,65047.9,65055.2,65038.5,65055.2,1404.0,1.404,91335.04245,1
1786222200000,65055.2,65055.2,65048.0,65048.0,1277.0,1.2774,83092.94656,1
1786222500000,65048.0,65048.1,65046.8,65046.9,488.0,0.4889,31801.47464,1
1786222800000,65046.8,65046.9,65046.8,65046.8,1769.0,1.7698,115119.89784,1
1786223100000,65046.8,65046.9,65034.9,65034.9,2771.0,2.7719,180296.2034,1
1786223400000,65035.0,65035.0,65014.0,65014.0,3003.0,3.0039,195350.96665,1
1786223700000,65014.0,65014.1,65005.9,65012.8,27540.0,27.5404,1790465.51021,1
1786224000000,65012.8,65012.8,65012.7,65012.7,2247.0,2.2475,146116.19924,1
1786224300000,65014.0,65022.9,65014.0,65014.2,6991.0,6.9915,454549.47069,1
1786224600000,65014.2,65022.7,65014.1,65022.7,2538.0,2.5384,165032.11894,1
1786224900000,65022.7,65029.8,65020.4,65021.7,1490.0,1.4902,96895.07515,1
1786225200000,65014.2,65033.5,65008.5,65033.5,3976.0,3.9761,258505.56628,1
1786225500000,65033.5,65033.5,65000.9,65009.6,1436.0,1.4368,93402.28307,1
1786225800000,65008.8,65014.8,65003.6,65003.7,2115.0,2.1158,137557.47505,1
1786226100000,65003.7,65003.7,64970.2,64989.0,4268.0,4.2687,277388.41897,1
1786226400000,65002.8,65012.8,64982.5,64993.6,1993.0,1.9932,129538.21435,1
1786226700000,64990.7,64994.7,64973.0,64986.0,16832.0,16.8324,1093922.00017,1
1786227000000,64986.0,64987.7,64970.4,64970.4,3415.0,3.4151,221889.68697,1
1786227300000,64970.5,64970.5,64970.0,64970.1,1582.0,1.5827,102828.30442,1
1786227600000,64970.1,64974.9,64964.8,64974.8,1854.0,1.8548,120501.71903,1
1786227900000,64973.7,64973.7,64965.5,64965.5,11553.0,11.5535,750591.42991,1
1786228200000,64965.5,64968.7,64955.0,64955.0,6178.0,6.1788,401354.05392,1
1786228500000,64955.1,64957.2,64950.0,64950.0,2583.0,2.5833,167787.16516,1
1786228800000,64950.0,64950.1,64943.8,64943.8,1698.0,1.6989,110339.04646,1
1786229100000,64943.8,64945.3,64943.8,64945.3,1398.0,1.3988,90843.5323,1
1786229400000,64945.3,64945.3,64930.0,64930.0,1792.0,1.7923,116378.71358,1
1786229700000,64930.1,64930.2,64920.0,64920.0,24926.0,24.9261,1618451.39583,1
1786230000000,64920.1,64927.7,64920.0,64920.1,1771.0,1.7714,114999.42178,1
1786230300000,64920.0,64920.1,64915.0,64915.0,7083.0,7.0836,459833.52114,1
1786230600000,64915.0,64915.2,64915.0,64915.1,2976.0,2.9764,193213.0748,1
1786230900000,64915.1,64934.6,64915.0,64929.6,7338.0,7.3381,476393.77291,1
1786231200000,64929.6,64943.2,64929.6,64943.1,1694.0,1.6946,110051.99238,1
1786231500000,64944.6,64945.1,64915.1,64915.1,2209.0,2.2093,143470.34839,1
1786231800000,64915.0,64918.5,64911.1,64918.5,11626.0,11.6267,754746.81333,1
1786232100000,64918.7,64947.7,64918.7,64945.1,204.0,0.2043,13267.26034,1
1786232400000,64945.1,64945.1,64942.4,64942.5,220.0,0.2206,14326.79989,1
1786232700000,64942.5,64942.5,64942.4,64942.5,215.0,0.2154,13988.61308,1
1786233000000,64942.5,64943.7,64928.5,64937.1,154.0,0.1547,10045.14987,1
1786233300000,64937.1,64937.1,64928.5,64928.6,246.0,0.2462,15987.23006,1
1786233600000,64928.6,64930.5,64928.5,64930.4,912.0,0.9128,59266.85065,1
1786233900000,64930.4,64930.5,64928.4,64928.4,1188.0,1.1887,77181.14243,1
1786234200000,64928.4,64937.0,64928.4,64934.7,1688.0,1.6883,109631.49301,1
1786234500000,64934.7,64945.0,64934.6,64940.1,994.0,0.9947,64590.67973,1
1786234800000,64940.1,64940.2,64934.7,64934.8,1101.0,1.1014,71520.61425,1
1786235100000,64934.8,64934.8,64934.7,64934.8,81.0,0.0816,5298.6732,1
1786235400000,64934.8,64935.2,64934.7,64935.2,607.0,0.6074,39441.38178,1
1786235700000,64936.8,64956.9,64936.7,64956.8,3163.0,3.1636,205473.94507,1
1786236000000,64956.8,64956.8,64942.7,64942.8,978.0,0.9784,63543.70064,1
1786236300000,64942.7,64947.8,64936.8,64936.8,506.0,0.5067,32908.56653,1
1786236600000,64936.8,64940.1,64935.0,64940.1,7203.0,7.2035,467759.91543,1
1786236900000,64940.1,64957.7,64940.1,64953.0,493.0,0.4934,32044.6406,1
1786237200000,64953.0,64975.0,64945.1,64970.5,761.0,0.7618,49488.89096,1
1786237500000,64970.5,64970.5,64956.0,64956.0,800.0,0.8003,51984.8035,1
1786237800000,64956.0,64962.0,64955.3,64959.5,699.0,0.699,45405.29987,1
1786238100000,64959.5,64959.5,64953.4,64957.7,186.0,0.186,12082.39529,1
1786238400000,64957.7,64957.7,64910.0,64917.2,49087.0,49.0871,3187379.11827,1
1786238700000,64917.2,64917.2,64833.0,64833.0,65142.0,65.1422,4225684.91912,1
1786239000000,64836.1,64858.9,64826.9,64858.8,6154.0,6.1544,399114.4584,1
1786239300000,64858.9,64865.8,64857.6,64859.6,2105.0,2.105,136528.84778,1
1786239600000,64859.7,64860.5,64847.1,64860.4,3831.0,3.8319,248515.31822,1
1786239900000,64860.4,64866.0,64859.8,64859.8,609.0,0.609,39502.54009,1
1786240200000,64859.8,64859.9,64818.0,64845.7,3136.0,3.1362,203312.3207,1
1786240500000,64845.7,64845.7,64840.0,64840.0,2675.0,2.6751,173460.63924,1
1786240800000,64840.0,64840.0,64814.3,64828.0,1662.0,1.6622,107757.40763,1
1786241100000,64828.0,64828.0,64781.1,64813.3,4784.0,4.7849,310001.74741,1
1786241400000,64816.0,64831.8,64816.0,64829.1,931.0,0.9317,60399.59478,1
1786241700000,64829.1,64829.1,64810.8,64810.8,322.0,0.3223,20890.06787,1
1786242000000,64810.9,64810.9,64810.8,64810.9,402.0,0.4027,26099.33738,1
1786242300000,64810.9,64820.4,64810.9,64820.1,3996.0,3.9968,259070.40208,1
1786242600000,64820.1,64820.1,64806.7,64812.8,10942.0,10.9425,709199.59433,1
1786242900000,64810.7,64810.7,64806.7,64806.7,1959.0,1.9597,127002.59043,1
1786243200000,64806.7,64808.0,64752.0,64752.0,16360.0,16.3609,1059635.71342,1
1786243500000,64754.5,64774.3,64752.0,64760.3,9878.0,9.8787,639828.75777,1
1786243800000,64760.3,64794.3,64752.0,64784.6,103157.0,103.1572,6682424.70876,1
1786244100000,64784.6,64804.1,64784.6,64800.0,11112.0,11.1126,720055.59347,1
1786244400000,64800.0,64800.0,64781.6,64783.5,2050.0,2.0505,132852.03464,1
1786244700000,64783.5,64786.7,64770.0,64770.0,2387.0,2.3873,154659.47721,1
1786245000000,64770.0,64770.1,64718.2,64730.3,9425.0,9.425,610078.84918,1
1786245300000,64717.3,64730.4,64703.4,64730.3,2577.0,2.5777,166816.73017,1
1786245600000,64730.4,64765.2,64730.3,64765.2,5897.0,5.8979,381918.86225,1
1786245900000,64765.2,64765.2,64754.4,64754.4,150.0,0.1506,9753.06807,1
1786246200000,64754.4,64770.0,64752.0,64765.1,4541.0,4.5414,294125.1138,1
1786246500000,64758.8,64767.0,64749.3,64767.0,1750.0,1.7503,113331.12967,1
1786246800000,64767.0,64783.0,64767.0,64777.7,3521.0,3.5213,228082.39762,1
1786247100000,64777.7,64777.7,64771.0,64771.1,5190.0,5.1905,336194.55946,1
1786247400000,64771.1,64771.2,64765.5,64765.5,350.0,0.35,22668.87426,1
1786247700000,64765.4,64766.6,64758.0,64758.9,795.0,0.7952,51496.95957,1
1786248000000,64758.9,64760.2,64758.9,64760.1,1331.0,1.3315,86228.02101,1
1786248300000,64760.1,64777.0,64760.1,64777.0,7112.0,7.1123,460630.91224,1
1786248600000,64776.9,64795.1,64776.9,64795.1,348.0,0.3482,22557.28323,1
1786248900000,64795.1,64800.2,64785.2,64785.3,443.0,0.4436,28739.60981,1
1786249200000,64785.3,64785.3,64785.0,64785.0,458.0,0.458,29671.54076,1
1786249500000,64785.0,64806.3,64785.0,64806.3,386.0,0.386,25012.51537,1
1786249800000,64806.3,64806.3,64787.6,64787.6,1115.0,1.1159,72305.83766,1
1786250100000,64784.6,64785.9,64781.1,64785.9,363.0,0.3633,23535.22831,1
1786250400000,64785.9,64785.9,64781.1,64781.1,48.0,0.0489,3167.95487,1
1786250700000,64781.1,64781.2,64781.1,64781.1,3429.0,3.4293,222153.87777,1
1786251000000,64781.1,64781.1,64759.8,64759.8,1998.0,1.9985,129429.01816,1
1786251300000,64759.8,64759.8,64759.7,64759.7,1063.0,1.0632,68852.54488,1
1786251600000,64759.8,64761.5,64759.7,64761.4,1551.0,1.5518,100495.243,1
1786251900000,64761.5,64764.3,64761.4,64762.5,785.0,0.7859,50896.75907,1
1786252200000,64761.5,64761.5,64754.0,64759.2,918.0,0.918,59448.5802,1
1786252500000,64759.2,64759.9,64759.1,64759.9,738.0,0.7383,47812.08432,1
1786252800000,64759.9,64759.9,64758.8,64758.9,422.0,0.4222,27341.5974,1
1786253100000,64758.9,64759.9,64757.1,64757.1,619.0,0.6196,40124.63872,1
1786253400000,64757.1,64757.1,64757.0,64757.1,864.0,0.8645,55982.51153,1
1786253700000,64757.1,64757.2,64757.1,64757.2,543.0,0.5432,35176.06351,1
1786254000000,64757.2,64760.5,64757.1,64759.0,5011.0,5.0119,324565.22761,1
1786254300000,64759.0,64759.0,64747.4,64753.9,1204.0,1.2045,77991.19351,1
1786254600000,64753.9,64765.3,64753.8,64765.3,2108.0,2.1087,136560.45512,1
1786254900000,64765.3,64770.0,64765.2,64770.0,3309.0,3.3096,214353.19349,1
1786255200000,64770.0,64781.6,64770.0,64781.3,1820.0,1.8205,117927.53331,1
1786255500000,64781.2,64781.3,64777.0,64777.0,98.0,0.0988,6400.38571,1
1786255800000,64777.0,64786.5,64776.9,64786.5,810.0,0.8109,52532.99881,1
1786256100000,64786.5,64800.1,64786.5,64800.1,1147.0,1.1473,74333.96143,1
1786256400000,64800.1,64820.0,64800.1,64811.6,2248.0,2.2482,145718.47949,1
1786256700000,64811.6,64815.6,64811.6,64815.5,1788.0,1.7887,115935.62758,1
1786257000000,64815.5,64826.0,64815.5,64826.0,7425.0,7.4259,481350.80414,1
1786257300000,64826.0,64834.4,64826.0,64834.4,479.0,0.4798,31105.19141,1
1786257600000,64834.4,64834.4,64830.0,64833.2,3156.0,3.1568,204661.35011,1
1786257900000,64833.2,64835.0,64830.0,64830.1,1239.0,1.2394,80354.79785,1
1786258200000,64830.1,64830.1,64830.0,64830.0,9201.0,9.2019,596560.05233,1
1786258500000,64830.1,64832.4,64825.6,64830.8,1426.0,1.4267,92492.92471,1
1786258800000,64824.5,64824.5,64822.8,64823.6,1427.0,1.4279,92561.32782,1
1786259100000,64823.6,64826.8,64823.5,64826.8,998.0,0.9989,64752.2597,1
1786259400000,64826.8,64827.8,64820.5,64824.8,2665.0,2.6651,172762.28341,1
1786259700000,64825.9,64826.6,64822.5,64824.3,1673.0,1.6738,108503.73706,1
1786260000000,64824.3,64824.3,64809.1,64809.3,660.0,0.6604,42805.12629,1
1786260300000,64809.3,64810.0,64809.3,64809.9,4202.0,4.2024,272357.0992,1
1786260600000,64809.9,64812.8,64808.0,64808.1,621.0,0.6212,40260.15831,1
1786260900000,64808.1,64808.1,64807.0,64807.1,903.0,0.9037,58566.12759,1
1786261200000,64807.1,64807.1,64806.3,64806.3,2596.0,2.5966,168276.28116,1
1786261500000,64806.4,64806.4,64795.1,64795.2,3480.0,3.4807,225547.17815,1
1786261800000,64795.2,64795.3,64795.2,64795.2,266.0,0.2664,17261.44721,1
1786262100000,64795.2,64795.3,64791.9,64793.6,864.0,0.8642,55995.2395,1
1786262400000,64793.6,64905.4,64793.6,64903.5,40026.0,40.0265,2597478.70303,1
1786262700000,64903.5,64903.5,64882.1,64887.5,4054.0,4.0548,263104.60958,1
1786263000000,64887.5,64892.4,64887.5,64892.3,4480.0,4.4803,290737.25601,1
1786263300000,64892.3,64911.1,64890.7,64890.7,3364.0,3.3649,218387.7421,1
1786263600000,64890.7,64890.7,64875.9,64875.9,1617.0,1.6176,104948.77156,1
1786263900000,64875.9,64877.6,64859.1,64859.7,1479.0,1.4796,95976.57247,1
1786264200000,64859.8,64869.9,64859.8,64869.9,1697.0,1.6973,110101.08463,1
1786264500000,64869.9,64869.9,64822.7,64822.7,623.0,0.6233,40428.74013,1
1786264800000,64822.8,64822.8,64771.5,64771.5,4580.0,4.5806,296741.82009,1
1786265100000,64771.4,64784.6,64759.2,64784.5,3463.0,3.4639,224390.04876,1
1786265400000,64784.5,64784.6,64760.1,64777.6,206.0,0.2063,13363.81891,1
1786265700000,64782.8,64793.1,64782.8,64792.5,2611.0,2.6112,169178.4651,1
1786266000000,64792.5,64799.8,64792.5,64799.8,887.0,0.8879,57530.73782,1
1786266300000,64799.8,64799.8,64792.7,64792.7,570.0,0.5707,36979.73972,1
1786266600000,64792.8,64797.5,64792.7,64792.9,2648.0,2.6483,171591.05288,1
1786266900000,64792.9,64799.1,64792.8,64799.1,10633.0,10.6334,689030.77315,1
1786267200000,64799.1,64799.1,64798.2,64798.2,1387.0,1.3874,89902.21201,1
1786267500000,64797.3,64797.3,64774.5,64779.8,2974.0,2.9747,192717.11031,1
1786267800000,64778.7,64782.5,64775.0,64779.8,9268.0,9.2688,600418.63119,1
1786268100000,64779.8,64788.9,64779.7,64788.9,919.0,0.9192,59546.8818,1
1786268400000,64788.9,64788.9,64788.5,64788.5,6620.0,6.6201,428908.44418,1
1786268700000,64788.4,64788.4,64783.4,64785.5,2340.0,2.3405,151635.15359,1
1786269000000,64785.5,64817.0,64785.5,64817.0,7602.0,7.6022,492589.93506,1
1786269300000,64817.0,64850.9,64817.0,64850.8,793.0,0.7934,51440.25673,1
1786269600000,64850.8,64866.0,64850.8,64866.0,988.0,0.9886,64125.40824,1
1786269900000,64866.0,64869.2,64865.2,64869.2,14433.0,14.4333,936229.68772,1
1786270200000,64869.1,64924.3,64869.1,64924.3,14659.0,14.659,951190.21639,1
1786270500000,64924.3,64924.3,64918.8,64919.0,1616.0,1.6168,104967.34701,1
1786270800000,64919.0,64941.3,64918.9,64935.9,10921.0,10.9212,709179.36768,1
1786271100000,64935.8,64935.9,64912.0,64935.7,2623.0,2.6235,170343.86179,1
1786271400000,64935.7,64941.2,64910.9,64910.9,1527.0,1.5278,99176.91242,1
1786271700000,64910.9,64918.6,64910.5,64910.6,743.0,0.7431,48237.75547,1
1786272000000,64911.8,64912.4,64911.7,64911.8,7967.0,7.9673,517172.45902,1
1786272300000,64911.8,64948.4,64911.8,64941.9,1377.0,1.3771,89430.55654,1
1786272600000,64942.0,64947.0,64937.3,64937.4,665.0,0.665,43187.96631,1
1786272900000,64937.4,64937.4,64931.9,64931.9,2106.0,2.1061,136764.48856,1
1786273200000,64930.0,64936.8,64929.9,64936.8,837.0,0.8371,54357.42753,1
1786273500000,64936.8,64955.0,64936.8,64948.1,3773.0,3.7734,245081.00667,1
1786273800000,64948.1,64950.0,64948.1,64950.0,1269.0,1.2697,82466.21762,1
1786274100000,64950.0,64950.0,64948.0,64948.1,1471.0,1.4714,95567.38187,1
1786274400000,64948.1,64949.0,64943.7,64949.0,3130.0,3.1307,203333.57149,1
1786274700000,64948.9,64949.0,64948.9,64949.0,132.0,0.132,8573.26529,1
1786275000000,64949.0,64957.0,64948.9,64956.9,2279.0,2.2799,148080.15694,1
1786275300000,64956.9,64974.5,64956.9,64958.3,1068.0,1.0681,69392.69641,1
1786275600000,64958.3,64958.4,64958.3,64958.4,615.0,0.6154,39975.34942,1
1786275900000,64958.4,64977.9,64954.4,64954.5,1096.0,1.0968,71263.70656,1
1786276200000,64954.5,64955.9,64949.0,64949.0,1301.0,1.301,84505.79742,1
1786276500000,64949.0,64949.0,64925.0,64925.0,1384.0,1.3843,89888.21606,1
1786276800000,64924.0,64924.0,64889.9,64897.8,4603.0,4.6035,298814.03463,1
1786277100000,64897.8,64900.0,64891.8,64900.0,722.0,0.7226,46894.81901,1
1786277400000,64900.0,64915.7,64899.2,64915.7,814.0,0.8141,52842.44287,1
1786277700000,64915.7,64922.1,64915.6,64915.6,646.0,0.6461,41942.50604,1
1786278000000,64915.6,64915.7,64915.6,64915.6,280.0,0.2805,18208.82854,1
1786278300000,64915.6,64915.7,64915.6,64915.7,604.0,0.604,39209.07771,1
1786278600000,64915.7,64915.7,64908.9,64911.5,789.0,0.7898,51266.6306,1
1786278900000,64911.5,64911.5,64911.4,64911.5,1803.0,1.8036,117074.21795,1
1786279200000,64911.5,64911.5,64911.4,64911.4,2190.0,2.1909,142214.40537,1
1786279500000,64911.4,64911.8,64911.0,64911.1,728.0,0.7281,47261.94897,1
1786279800000,64911.0,64914.4,64905.7,64914.4,20681.0,20.6816,1342404.26826,1
1786280100000,64914.4,64928.5,64914.4,64928.4,1240.0,1.2405,80534.69724,1
1786280400000,64928.4,64973.4,64928.4,64973.4,24960.0,24.9602,1621133.2811,1
1786280700000,64973.4,65012.2,64973.4,64986.0,28053.0,28.0536,1823153.69728,1
1786281000000,64986.0,64993.4,64986.0,64993.4,1023.0,1.0239,66544.61918,1
1786281300000,64994.9,65021.4,64994.9,65021.3,3570.0,3.5708,232164.92058,1
1786281600000,65021.4,65032.4,65009.4,65010.2,3241.0,3.241,210726.70372,1
1786281900000,65010.2,65066.5,65010.2,65061.9,55624.0,55.6249,3618480.51404,1
1786282200000,65066.6,65140.1,65066.6,65101.9,20951.0,20.9517,1364054.71537,1
1786282500000,65105.0,65139.6,65093.2,65139.6,28862.0,28.8628,1878913.3166,1
1786282800000,65140.0,65245.5,65140.0,65196.1,132596.0,132.5968,8645180.18851,1
1786283100000,65194.8,65194.9,65182.9,65184.6,7583.0,7.5837,494398.77956,1
1786283400000,65184.6,65206.5,65153.9,65189.8,149957.0,149.9574,9773153.16907,1
1786283700000,65188.3,65196.8,65176.7,65194.9,126490.0,126.4909,8245898.82634,1
1786284000000,65195.1,65209.4,65164.0,65173.4,51933.0,51.933,3385235.49874,1
1786284300000,65173.4,65212.6,65173.4,65195.6,13267.0,13.2677,865015.11457,1
1786284600000,65195.6,65212.6,65188.2,65212.0,5152.0,5.1522,335924.81741,1
1786284900000,65211.9,65212.0,65169.9,65178.1,47461.0,47.461,3093757.97596,1
1786285200000,65178.2,65184.6,65133.9,65136.3,7202.0,7.2021,469251.04241,1
1786285500000,65136.2,65166.7,65136.2,65166.7,11479.0,11.4793,747946.59878,1
1786285800000,65166.7,65200.0,65166.7,65179.1,34973.0,34.9736,2279519.26041,1
1786286100000,65179.1,65179.1,65139.6,65139.6,18831.0,18.8311,1226909.6469,1
1786286400000,65139.6,65143.9,65118.4,65143.9,4121.0,4.1215,268436.32708,1
1786286700000,65144.0,65145.2,65143.9,65145.1,5106.0,5.1065,332658.66461,1
1786287000000,65145.4,65160.0,65145.4,65159.9,22313.0,22.3135,1453930.99961,1
1786287300000,65168.4,65274.7,65168.4,65237.2,19096.0,19.0963,1245803.9486,1
1786287600000,65238.9,65240.9,65182.5,65210.1,52892.0,52.8925,3449097.47511,1
1786287900000,65225.8,65235.5,65212.1,65220.8,4565.0,4.5657,297807.28662,1
1786288200000,65220.8,65238.0,65213.7,65218.9,12579.0,12.5792,820482.35759,1
1786288500000,65217.0,65217.0,65205.9,65206.1,1625.0,1.6252,105973.38107,1
1786288800000,65206.1,65210.0,65200.4,65210.0,2391.0,2.391,155900.70332,1
1786289100000,65209.9,65214.5,65199.9,65199.9,2127.0,2.1274,138729.56521,1
1786289400000,65200.0,65200.0,65199.9,65200.0,1471.0,1.4717,95954.77465,1
1786289700000,65200.0,65200.0,65199.7,65199.8,3739.0,3.7396,243821.44692,1
1786290000000,65200.0,65210.8,65196.8,65199.7,5842.0,5.8429,380955.7686,1
1786290300000,65199.7,65203.0,65197.0,65203.0,1310.0,1.3101,85417.47148,1
1786290600000,65203.0,65203.0,65201.1,65201.1,22285.0,22.2853,1453039.0169,1
1786290900000,65201.1,65209.1,65201.1,65207.8,1969.0,1.969,128384.72398,1
1786291200000,65207.8,65214.3,65190.5,65203.7,14884.0,14.8844,970537.11615,1
1786291500000,65203.7,65243.0,65203.7,65237.0,3779.0,3.779,246521.59862,1
1786291800000,65237.0,65237.1,65202.9,65210.6,12279.0,12.2791,800781.38633,1
1786292100000,65210.5,65210.6,65202.9,65202.9,2750.0,2.7505,179358.98954,1
1786292400000,65203.0,65203.0,65163.3,65163.4,135085.0,135.0851,8806611.88357,1
1786292700000,65158.4,65160.0,65145.2,65145.2,46054.0,46.0544,3000537.03662,1
1786293000000,65152.0,65203.9,65152.0,65191.3,35454.0,35.4543,2310047.3749,1
1786293300000,65191.3,65225.5,65191.3,65214.2,4563.0,4.5633,297612.76082,1
1786293600000,65214.2,65235.0,65208.5,65228.0,4138.0,4.1389,269958.66338,1
1786293900000,65230.0,65233.3,65206.6,65206.6,6388.0,6.388,416642.91157,1
1786294200000,65206.6,65217.0,65206.6,65212.7,1918.0,1.9184,125108.14573,1
1786294500000,65212.7,65217.0,65204.6,65204.7,2573.0,2.573,167791.61346,1
1786294800000,65204.7,65204.7,65191.0,65197.9,3078.0,3.0789,200743.96903,1
1786295100000,65198.0,65198.0,65196.7,65196.7,7026.0,7.026,458080.26871,1
1786295400000,65196.7,65200.0,65192.6,65200.0,1799.0,1.7991,117294.40202,1
1786295700000,65200.0,65200.0,65197.4,65198.3,3920.0,3.9205,255616.20477,1
1786296000000,65198.3,65212.0,65193.4,65212.0,26422.0,26.4228,1722773.09148,1
1786296300000,65212.0,65212.0,65211.9,65212.0,4189.0,4.1898,273224.98518,1
1786296600000,65212.0,65212.1,65200.9,65200.9,3442.0,3.4425,224490.44417,1
1786296900000,65200.8,65206.5,65197.5,65206.5,2685.0,2.6851,175076.27915,1
1786297200000,65206.4,65206.5,65206.4,65206.5,4014.0,4.0143,261758.11329,1
1786297500000,65206.5,65206.5,65187.3,65187.4,899.0,0.899,58605.78937,1
1786297800000,65187.4,65187.4,65166.7,65166.8,2885.0,2.8851,188042.27144,1
1786298100000,65166.8,65170.0,65166.0,65169.9,1694.0,1.6945,110426.31962,1
1786298400000,65169.9,65181.4,65169.9,65181.3,1636.0,1.6361,106641.32723,1
1786298700000,65181.4,65181.4,65179.9,65180.0,3894.0,3.8945,253848.6035,1
1786299000000,65179.9,65180.1,65179.9,65180.0,7316.0,7.3166,476895.83116,1
1786299300000,65180.0,65180.1,65161.2,65174.2,3199.0,3.1999,208523.6643,1
1786299600000,65174.2,65176.5,65174.2,65174.8,11682.0,11.6829,761434.73291,1
1786299900000,65174.8,65194.0,65174.8,65194.0,2969.0,2.9691,193538.43845,1
1786300200000,65194.0,65200.0,65193.9,65199.9,1439.0,1.4393,93840.96544,1
1786300500000,65199.9,65200.0,65194.0,65196.1,1206.0,1.2063,78645.08889,1
1786300800000,65196.1,65196.1,65194.1,65194.1,894.0,0.8941,58291.57326,1
1786301100000,65194.2,65194.3,65185.3,65185.4,2235.0,2.2355,145731.97183,1
1786301400000,65185.4,65185.4,65185.3,65185.3,1383.0,1.383,90151.36626,1
1786301700000,65185.3,65185.3,65167.1,65167.2,5875.0,5.8753,382895.8603,1
1786302000000,65167.2,65169.7,65166.9,65169.7,27865.0,27.8657,1815937.90966,1
1786302300000,65169.7,65176.5,65169.6,65176.5,5701.0,5.7016,371572.0895,1
1786302600000,65176.5,65176.5,65158.7,65166.4,3953.0,3.9532,257607.64313,1
1786302900000,65166.4,65176.5,65166.3,65176.3,1571.0,1.5711,102392.91931,1
1786303200000,65176.3,65176.5,65176.3,65176.3,655.0,0.6554,42716.66954,1
1786303500000,65176.5,65176.5,65176.3,65176.5,21.0,0.0215,1401.29401,1
1786303800000,65176.5,65176.5,65174.2,65174.2,16239.0,16.2398,1058451.73657,1
1786304100000,65174.2,65174.2,65174.1,65174.1,2661.0,2.6616,173467.55956,1
1786304400000,65174.1,65174.2,65171.7,65171.7,648.0,0.6486,42270.6577,1
1786304700000,65171.7,65171.7,65148.6,65165.6,3407.0,3.4071,222012.84007,1
1786305000000,65166.9,65167.3,65155.0,65158.1,2559.0,2.5591,166769.1899,1
1786305300000,65158.1,65166.1,65153.3,65153.3,1692.0,1.6927,110296.41841,1
1786305600000,65161.3,65161.3,65131.0,65131.0,5459.0,5.4597,355625.15162,1
1786305900000,65131.0,65131.0,65111.2,65111.2,9436.0,9.4368,614537.32471,1
1786306200000,65111.2,65111.3,65053.0,65053.0,24484.0,24.4849,1593446.24144,1
1786306500000,65053.0,65111.2,65049.2,65090.4,14847.0,14.8478,966299.28884,1
1786306800000,65090.3,65125.0,65088.9,65089.1,7097.0,7.097,462010.95075,1
1786307100000,65089.1,65116.1,65078.0,65096.9,2694.0,2.6945,175399.1,1
1786307400000,65104.6,65142.6,65104.6,65135.8,5900.0,5.9002,384308.74514,1
1786307700000,65137.1,65137.2,65115.5,65118.4,1180.0,1.18,76849.48076,1
1786308000000,65116.0,65116.0,65109.8,65109.8,1660.0,1.6608,108142.62671,1
1786308300000,65111.5,65117.9,65105.0,65105.0,11022.0,11.0225,717662.5175,1
1786308600000,65105.0,65111.1,65099.6,65111.1,4788.0,4.7883,311735.74678,1
1786308900000,65111.1,65114.2,65111.1,65114.0,3370.0,3.3708,219485.73198,1
1786309200000,65114.0,65114.1,65106.0,65109.7,2182.0,2.1829,142137.0465,1
1786309500000,65109.7,65109.8,65095.9,65107.3,2825.0,2.8257,183943.95986,1
1786309800000,65107.2,65107.3,65101.4,65103.1,303.0,0.3035,19759.93646,1
1786310100000,65103.1,65114.1,65100.6,65100.6,3670.0,3.67,238927.81236,1
1786310400000,65100.6,65102.7,65091.2,65102.7,2060.0,2.0606,134142.58525,1
1786310700000,65111.0,65111.0,65110.0,65111.0,409.0,0.409,26630.35864,1
1786311000000,65111.0,65116.2,65111.0,65116.2,4084.0,4.0845,265965.87055,1
1786311300000,65116.2,65200.2,65112.9,65200.2,53754.0,53.7546,3503498.60731,1
1786311600000,65194.4,65228.8,65164.8,65196.7,110371.0,110.3715,7198087.99393,1
1786311900000,65196.7,65200.8,65171.5,65171.5,13741.0,13.7416,895765.77381,1
1786312200000,65171.5,65191.1,65164.7,65164.7,184258.0,184.2583,12008306.55505,1
1786312500000,65164.7,65178.2,65164.7,65168.4,42464.0,42.4649,2767505.10931,1
1786312800000,65169.1,65228.4,65169.1,65224.6,10823.0,10.8235,705906.26297,1
1786313100000,65224.1,65275.3,65219.4,65254.1,48178.0,48.1783,3143674.60632,1
1786313400000,65259.8,65454.6,65235.4,65385.9,138036.0,138.0361,9023710.41322,1
1786313700000,65385.9,65419.0,65276.5,65293.2,85967.0,85.9674,5616126.38995,1
1786314000000,65293.2,65304.5,65183.9,65184.1,27973.0,27.9733,1824595.96879,1
1786314300000,65184.1,65212.7,65184.1,65205.1,22065.0,22.065,1438729.69501,1
1786314600000,65204.8,65219.9,65023.9,65067.7,45722.0,45.7227,2976404.02168,1
1786314900000,65071.7,65071.7,64980.0,64980.3,181851.0,181.8511,11819598.23617,1
1786315200000,64980.0,65008.3,64952.0,65006.1,38312.0,38.3127,2489633.825,1
1786315500000,65000.0,65000.1,64971.4,64987.9,8301.0,8.3016,539483.03942,1
1786315800000,64987.9,65032.9,64940.5,65032.9,45354.0,45.3544,2947198.41785,1
1786316100000,65032.9,65074.5,65032.9,65054.8,16856.0,16.8567,1096529.78387,1
1786316400000,65054.9,65067.5,64999.4,65065.0,8810.0,8.81,573063.321,1
1786316700000,65065.0,65077.2,64968.3,64971.3,3762.0,3.7625,244697.26058,1
1786317000000,64980.8,65020.0,64980.8,64990.1,15202.0,15.202,988301.68833,1
1786317300000,64990.0,65027.4,64960.8,64978.3,6358.0,6.3586,413254.22017,1
1786317600000,64976.3,64976.3,64886.0,64948.0,40112.0,40.1123,2604257.38628,1
1786317900000,64947.3,64947.3,64870.0,64892.1,12136.0,12.136,787598.05093,1
1786318200000,64890.0,64890.0,64820.3,64837.6,21441.0,21.4419,1390342.78275,1
1786318500000,64842.0,64903.4,64830.0,64847.3,6903.0,6.9036,447907.76778,1
1786318800000,64847.3,64883.7,64846.3,64869.8,6931.0,6.9314,449560.7699,1
1786319100000,64870.6,64923.8,64870.6,64903.1,10860.0,10.8603,704689.50448,1
1786319400000,64895.2,64895.2,64850.0,64850.0,4400.0,4.4007,285526.18469,1
1786319700000,64843.1,64872.0,64810.0,64867.8,3648.0,3.6488,236584.30769,1
1786320000000,64860.9,64891.8,64816.5,64872.4,7583.0,7.5835,491891.33157,1
1786320300000,64872.4,65033.1,64870.0,65020.8,50905.0,50.9056,3305747.37339,1
1786320600000,65020.8,65290.3,65020.8,65120.2,195819.0,195.8198,12772155.58274,1
1786320900000,65122.0,65144.5,65068.2,65068.2,15750.0,15.7509,1025525.67088,1
1786321200000,65070.8,65091.3,64950.7,64960.6,20815.0,20.8153,1353665.84294,1
1786321500000,64963.3,65022.1,64954.2,64975.0,4240.0,4.2409,275598.14319,1
1786321800000,64967.7,65025.7,64960.2,64982.2,52894.0,52.8941,3438581.59174,1
1786322100000,64987.2,64990.5,64870.0,64870.7,42663.0,42.6636,2770077.84816,1
1786322400000,64870.7,64906.9,64794.4,64814.7,11692.0,11.6929,758269.67444,1
1786322700000,64827.1,64911.4,64816.0,64911.4,33988.0,33.9889,2203357.25909,1
1786323000000,64917.4,65015.3,64915.7,64971.5,25735.0,25.7354,1671821.01064,1
1786323300000,64972.0,65000.0,64920.9,64944.5,9079.0,9.0798,589863.97998,1
1786323600000,64948.1,64999.9,64927.7,64948.5,8145.0,8.145,529257.57649,1
1786323900000,64947.7,64969.2,64874.1,64955.3,18861.0,18.8613,1224476.13797,1
1786324200000,64955.3,65000.0,64953.6,64977.5,2818.0,2.818,183102.84085,1
1786324500000,64977.5,65023.4,64977.5,65004.5,6677.0,6.6773,434027.75019,1
1786324800000,65008.5,65020.6,64972.9,65015.1,36095.0,36.0956,2345912.92779,1
1786325100000,65015.1,65049.4,64976.6,64976.6,53497.0,53.4974,3478089.91335,1
1786325400000,64970.1,64982.1,64926.0,64926.4,4929.0,4.9291,320128.23072,1
1786325700000,64926.4,64933.4,64870.3,64929.0,28492.0,28.4924,1849476.30532,1
1786326000000,64929.0,64955.4,64929.0,64943.7,27163.0,27.1633,1763872.25638,1
1786326300000,64943.7,65234.1,64943.6,65222.9,21467.0,21.4678,1398616.17468,1
1786326600000,65230.2,65370.9,65182.6,65189.2,91428.0,91.4288,5969303.40769,1
1786326900000,65189.6,65189.7,65157.8,65166.0,9944.0,9.9448,648080.60035,1
1786327200000,65165.9,65166.0,65083.4,65113.1,56435.0,56.435,3677273.10694,1
1786327500000,65113.1,65119.9,65060.0,65080.5,5233.0,5.2331,340619.89431,1
1786327800000,65075.7,65100.0,65069.8,65081.2,2277.0,2.2774,148241.14331,1
1786328100000,65081.4,65081.4,64901.8,64901.8,32320.0,32.32,2098783.9406,1
1786328400000,64900.0,64941.2,64900.0,64902.0,10177.0,10.1779,660810.12217,1
1786328700000,64901.9,64943.4,64871.0,64931.2,11303.0,11.3034,733672.44782,1
1786329000000,64934.3,64975.0,64934.3,64947.2,6228.0,6.228,404533.27672,1
1786329300000,64942.2,64988.0,64942.2,64988.0,9472.0,9.4726,615349.77887,1
1786329600000,64990.1,65193.7,64988.6,65172.0,68365.0,68.3657,4449801.24053,1
1786329900000,65169.9,65169.9,65075.4,65085.8,33933.0,33.9331,2209692.06478,1
1786330200000,65082.2,65110.6,65065.0,65078.1,85876.0,85.8761,5589573.30116,1
1786330500000,65078.1,65082.8,65062.3,65077.8,533.0,0.5335,34716.26982,1
1786330800000,65075.7,65085.1,65025.9,65035.8,77781.0,77.7818,5060538.54304,1
1786331100000,65041.7,65054.1,65020.0,65034.1,4926.0,4.9265,320390.37146,1
1786331400000,65045.3,65050.7,64930.5,64940.4,38169.0,38.1698,2481529.51108,1
1786331700000,64940.4,65023.9,64875.0,65016.6,21623.0,21.6232,1404776.65413,1
1786332000000,65016.4,65116.7,65016.4,65105.9,12073.0,12.0734,785347.3617,1
1786332300000,65105.8,65146.0,65020.0,65020.0,33422.0,33.4227,2173560.73823,1
1786332600000,65020.0,65035.7,64973.3,65034.6,8091.0,8.0917,526037.19311,1
1786332900000,65040.0,65060.6,65032.0,65046.0,2210.0,2.2103,143768.90292,1
1786333200000,65046.0,65054.9,64980.0,64988.8,3020.0,3.0206,196406.29349,1
1786333500000,65009.5,65029.0,65009.5,65016.2,272.0,0.2726,17723.32054,1
1786333800000,65014.1,65014.2,64962.5,64962.5,1358.0,1.358,88244.48882,1
1786334100000,64962.5,64962.6,64922.3,64946.4,6270.0,6.2701,407215.52174,1
1786334400000,64946.2,65020.7,64926.9,65020.7,20853.0,20.8531,1355171.88126,1
1786334700000,65020.8,65031.9,64991.3,65011.4,1747.0,1.7474,113594.37127,1
1786335000000,65011.4,65046.4,65001.8,65046.0,1333.0,1.3331,86672.93248,1
1786335300000,65046.1,65063.1,65038.1,65038.1,3632.0,3.6324,236268.2542,1
1786335600000,65038.1,65055.2,65020.1,65020.1,1676.0,1.6764,109032.14196,1
1786335900000,65020.1,65050.8,65000.0,65000.0,749.0,0.7499,48774.32297,1
1786336200000,65000.0,65014.9,64975.8,65000.0,4311.0,4.3112,280246.65316,1
1786336500000,65000.0,65010.9,64983.4,64983.4,25260.0,25.2606,1641936.59336,1
1786336800000,64970.6,64980.8,64900.0,64980.8,5233.0,5.2337,339896.9199,1
1786337100000,64980.8,65020.8,64980.8,64997.7,1362.0,1.3623,88554.2825,1
1786337400000,65001.3,65009.9,64990.0,64990.0,719.0,0.719,46736.73679,1
1786337700000,64990.0,64991.5,64950.0,64983.5,2226.0,2.2266,144654.15278,1
1786338000000,64977.6,64995.6,64967.0,64995.6,626.0,0.6267,40721.17996,1
1786338300000,64995.6,65028.7,64995.6,65028.1,600.0,0.6,39010.34227,1
1786338600000,65028.1,65028.1,64952.3,64964.9,629.0,0.6299,40937.44849,1
1786338900000,64975.6,64994.5,64970.1,64970.1,2942.0,2.9427,191251.88798,1
1786339200000,64979.8,65028.2,64979.8,65028.2,1567.0,1.5677,101894.06265,1
1786339500000,65028.1,65040.0,65001.0,65019.7,7802.0,7.8026,507353.70208,1
1786339800000,65011.8,65019.2,65000.0,65019.2,2028.0,2.028,131836.31619,1
1786340100000,65019.2,65055.0,65019.2,65033.9,4079.0,4.0799,265323.50828,1
1786340400000,65033.1,65059.4,65032.1,65059.4,1571.0,1.5711,102192.77569,1
1786340700000,65059.4,65060.6,65027.8,65027.8,2719.0,2.7193,176870.56299,1
1786341000000,65027.8,65126.1,65024.0,65112.6,2105.0,2.1057,137066.02155,1
1786341300000,65126.1,65138.9,65105.3,65117.2,3445.0,3.4456,224387.4132,1
1786341600000,65128.4,65189.9,65105.7,65159.4,19960.0,19.96,1300484.38881,1
1786341900000,65159.4,65259.9,65146.5,65153.4,40078.0,40.0781,2612771.16473,1
1786342200000,65153.3,65186.6,65145.4,65180.7,3229.0,3.2294,210497.34703,1
1786342500000,65179.0,65214.6,65160.8,65199.9,11867.0,11.8676,773635.83072,1
1786342800000,65199.3,65203.7,65159.1,65171.6,3248.0,3.2489,211732.49212,1
1786343100000,65179.9,65179.9,65129.1,65139.5,13817.0,13.8176,900160.43505,1
1786343400000,65141.9,65177.2,65140.0,65160.7,5089.0,5.0896,331623.56403,1
1786343700000,65170.8,65174.0,65164.4,65164.4,1278.0,1.2785,83316.61219,1
1786344000000,65164.4,65212.2,65164.4,65212.2,3343.0,3.3435,217973.35083,1
1786344300000,65212.2,65219.1,65206.9,65213.7,3131.0,3.131,204186.87008,1
1786344600000,65213.7,65247.1,65211.2,65246.8,9246.0,9.2468,603152.13914,1
1786344900000,65246.8,65300.0,65246.7,65273.1,48366.0,48.366,3157324.40341,1
1786345200000,65278.0,65283.7,65241.4,65250.4,5988.0,5.9883,390789.1701,1
1786345500000,65253.4,65257.9,65232.7,65240.0,855.0,0.8553,55804.39501,1
1786345800000,65239.9,65257.2,65239.9,65240.1,3960.0,3.96,258384.80177,1
1786346100000,65240.1,65244.8,65211.6,65244.8,4708.0,4.7086,307121.43949,1
1786346400000,65244.8,65290.8,65238.5,65290.8,1555.0,1.5552,101479.24851,1
1786346700000,65290.8,65305.0,65256.2,65296.9,5822.0,5.8225,380103.23345,1
1786347000000,65297.0,65310.0,65280.0,65310.0,9426.0,9.4262,615419.1526,1
1786347300000,65310.0,65346.4,65300.0,65300.0,16244.0,16.244,1061023.77674,1
1786347600000,65300.0,65316.7,65300.0,65303.0,1609.0,1.6097,105127.40916,1
1786347900000,65303.0,65313.0,65220.1,65220.1,13865.0,13.8654,905062.42048,1
1786348200000,65220.1,65234.4,65181.1,65183.8,24241.0,24.2418,1581228.50356,1
1786348500000,65183.9,65183.9,65179.1,65183.0,2752.0,2.7527,179423.49153,1
1786348800000,65183.0,65290.0,65183.0,65274.0,4419.0,4.4199,288363.53253,1
1786349100000,65274.0,65274.6,65227.8,65229.0,7389.0,7.3891,482114.33408,1
1786349400000,65229.0,65244.4,65223.5,65243.3,3620.0,3.6203,236196.97543,1
1786349700000,65243.3,65257.5,65206.8,65257.0,1274.0,1.2745,83153.0831,1
1786350000000,65258.0,65272.5,65229.7,65272.5,8420.0,8.4206,549540.67517,1
1786350300000,65272.6,65300.0,65257.6,65268.7,1538.0,1.538,100406.69523,1
1786350600000,65268.7,65279.6,65256.2,65257.6,1654.0,1.6542,107966.44299,1
1786350900000,65257.6,65261.7,65218.2,65218.2,5570.0,5.57,363387.89927,1
1786351200000,65218.2,65218.2,65160.2,65200.9,4534.0,4.5348,295575.88287,1
1786351500000,65200.8,65200.8,65184.5,65188.5,2831.0,2.8311,184553.99545,1
1786351800000,65188.6,65240.0,65183.8,65202.2,6666.0,6.6663,434646.06266,1
1786352100000,65202.2,65229.0,65202.2,65223.0,4900.0,4.9001,319570.91531,1
1786352400000,65223.0,65223.0,65165.9,65190.0,116861.0,116.8619,7616884.829,1
1786352700000,65190.0,65190.0,65172.0,65190.0,1661.0,1.6613,108294.82941,1
1786353000000,65190.0,65211.7,65169.2,65193.8,23272.0,23.2725,1517161.46059,1
1786353300000,65193.8,65196.2,65176.1,65178.8,776.0,0.7769,50643.16089,1
1786353600000,65169.0,65180.3,65157.8,65172.7,3971.0,3.9712,258764.32393,1
1786353900000,65172.7,65172.7,65140.0,65140.0,5469.0,5.4693,356348.44612,1
1786354200000,65140.1,65140.1,65065.1,65093.6,13380.0,13.3802,871080.64227,1
1786354500000,65103.2,65110.0,65047.7,65051.6,3885.0,3.885,252760.39882,1
1786354800000,65051.6,65051.6,65010.6,65017.9,5605.0,5.6055,364568.63607,1
1786355100000,65017.9,65020.1,64939.9,64941.5,29082.0,29.0827,1889255.03149,1
1786355400000,64941.5,64969.2,64932.3,64935.1,16991.0,16.9917,1103563.31014,1
1786355700000,64935.1,64959.0,64930.2,64941.0,4164.0,4.1644,270468.06954,1
1786356000000,64939.5,65020.1,64939.5,65020.0,14399.0,14.3996,935712.1781,1
1786356300000,65020.1,65042.1,65004.7,65020.6,3298.0,3.2986,214486.70586,1
1786356600000,65015.1,65021.2,65007.8,65017.3,3436.0,3.4367,223437.97909,1
1786356900000,65017.4,65017.4,64989.1,64990.1,2358.0,2.3589,153327.56883,1
1786357200000,64983.2,65041.8,64981.1,65028.0,2676.0,2.6768,174038.17497,1
1786357500000,65028.0,65040.7,64990.1,64990.1,2616.0,2.616,170109.93622,1
1786357800000,64998.6,65023.8,64994.5,65005.3,2126.0,2.126,138197.71933,1
1786358100000,65005.3,65006.4,64990.1,65002.2,1744.0,1.7447,113415.91672,1
1786358400000,65002.2,65002.3,64982.3,64982.4,2537.0,2.5373,164900.5603,1
1786358700000,64982.4,65029.0,64980.0,65024.5,4281.0,4.2816,278373.34344,1
1786359000000,65019.4,65019.8,65000.0,65005.2,4953.0,4.9538,322017.80522,1
1786359300000,65001.8,65002.6,64985.0,64988.8,838.0,0.8382,54482.63714,1
1786359600000,64991.7,65000.3,64965.1,64976.7,2801.0,2.8014,182025.03542,1
1786359900000,64976.5,65007.9,64972.4,64988.7,1917.0,1.9176,124632.2511,1
1786360200000,64982.4,64989.6,64950.0,64984.6,6753.0,6.7533,438715.00611,1
1786360500000,64997.1,65040.4,64997.1,65040.4,4017.0,4.0178,261264.11906,1
1786360800000,65040.4,65065.2,65015.0,65017.7,5104.0,5.1041,331973.37382,1
1786361100000,65022.7,65062.7,65022.7,65051.5,3487.0,3.4875,226840.87374,1
1786361400000,65054.6,65071.0,65041.1,65071.0,1962.0,1.962,127644.12654,1
1786361700000,65071.4,65071.4,65034.1,65046.9,1051.0,1.051,68371.82146,1
1786362000000,65047.0,65057.0,65032.3,65032.3,2257.0,2.2577,146867.30496,1
1786362300000,65032.3,65054.2,65032.2,65048.3,10884.0,10.8847,707875.34362,1
1786362600000,65046.1,65074.7,65040.1,65072.1,851.0,0.8513,55386.44756,1
1786362900000,65072.1,65106.8,65072.1,65097.6,4420.0,4.4201,287733.9215,1
1786363200000,65097.5,65219.4,65071.3,65162.1,9076.0,9.0768,591535.81736,1
1786363500000,65162.2,65165.3,65130.3,65153.7,5275.0,5.2758,343708.50012,1
1786363800000,65164.9,65176.7,65103.2,65108.2,3062.0,3.062,199424.75211,1
1786364100000,65098.3,65098.3,65052.0,65056.4,7540.0,7.5407,490646.51324,1
1786364400000,65055.9,65081.9,65052.0,65052.0,8497.0,8.4975,552849.11167,1
1786364700000,65052.1,65056.5,65014.0,65031.8,3315.0,3.3158,215631.58633,1
1786365000000,65027.8,65035.0,64962.5,64962.6,8985.0,8.9852,583993.98936,1
1786365300000,64963.6,64974.7,64893.2,64894.4,31709.0,31.7091,2058511.51148,1
1786365600000,64894.4,64998.1,64882.8,64995.5,44908.0,44.908,2915158.04877,1
1786365900000,64995.5,64995.6,64950.5,64950.5,5356.0,5.3566,348048.43385,1
1786366200000,64948.7,64950.4,64875.0,64905.0,12280.0,12.2801,796910.36313,1
1786366500000,64904.9,64904.9,64817.8,64838.2,11726.0,11.7262,760639.5416,1
1786366800000,64838.5,64878.7,64816.0,64855.0,21948.0,21.9489,1423262.32084,1
1786367100000,64851.1,64879.6,64830.0,64851.4,6464.0,6.4647,419282.11638,1
1786367400000,64851.4,64855.7,64827.9,64855.4,57241.0,57.2418,3711650.38415,1
1786367700000,64855.4,64920.0,64848.1,64919.3,25061.0,25.061,1626201.52827,1
1786368000000,64920.0,64942.6,64876.0,64909.5,7053.0,7.0536,457898.25871,1
1786368300000,64909.6,64909.6,64862.1,64894.2,13787.0,13.7873,894752.3674,1
1786368600000,64898.5,64898.6,64639.8,64650.6,258167.0,258.1673,16701441.38264,1
1786368900000,64652.5,64802.6,64618.8,64650.0,123419.0,123.4197,7991832.21974,1
1786369200000,64649.7,64658.4,64579.0,64619.5,42153.0,42.1537,2723994.49049,1
1786369500000,64606.8,64657.4,64508.2,64532.1,170047.0,170.0478,10975922.94518,1
1786369800000,64535.5,64589.1,64495.1,64518.0,53436.0,53.4367,3448256.02208,1
1786370100000,64518.0,64574.3,64488.0,64533.7,27422.0,27.4228,1770065.74779,1
1786370400000,64531.8,64683.0,64513.4,64668.9,43271.0,43.2716,2796694.01696,1
1786370700000,64671.3,64683.0,64576.4,64638.0,24898.0,24.8982,1609950.16826,1
1786371000000,64638.3,64729.3,64604.3,64722.3,11508.0,11.5086,744378.74752,1
1786371300000,64722.3,64752.9,64684.7,64740.5,9075.0,9.0757,587448.60993,1
1786371600000,64730.1,64755.0,64687.7,64691.9,13402.0,13.4028,867471.5639,1
1786371900000,64691.9,64803.7,64681.9,64757.1,23757.0,23.7575,1538730.55411,1
1786372200000,64750.6,64775.4,64734.3,64774.0,6238.0,6.2388,403942.51622,1
1786372500000,64773.9,64843.7,64738.7,64753.2,22108.0,22.1084,1432625.22165,1
1786372800000,64756.9,64856.7,64756.9,64795.0,16636.0,16.6365,1078221.73747,1
1786373100000,64796.6,64829.9,64752.1,64752.1,11263.0,11.2633,729484.85242,1
1786373400000,64755.7,64766.6,64604.3,64654.1,25939.0,25.939,1677565.80005,1
1786373700000,64643.3,64651.2,64580.0,64594.6,128058.0,128.058,8277346.84236,1
1786374000000,64594.5,64645.0,64553.3,64641.6,37707.0,37.7076,2435908.01574,1
1786374300000,64633.9,64666.3,64620.1,64649.0,8010.0,8.0107,517815.16832,1
1786374600000,64644.7,64688.1,64513.4,64529.9,29227.0,29.2277,1887971.6264,1
1786374900000,64520.0,64619.3,64466.7,64493.5,166267.0,166.2675,10721768.06483,1
1786375200000,64493.0,64493.0,64356.0,64359.8,89369.0,89.3692,5759664.02337,1
1786375500000,64359.9,64371.3,64300.0,64364.3,242152.0,242.1527,15581881.29885,1
1786375800000,64364.1,64390.8,64325.2,64327.5,87252.0,87.2522,5617125.46812,1
1786376100000,64322.0,64325.8,64220.0,64262.8,56700.0,56.7004,3644552.26157,1
1786376400000,64262.8,64349.6,64260.1,64319.2,20732.0,20.7322,1333368.67647,1
1786376700000,64317.8,64335.8,64207.1,64208.1,45283.0,45.2836,2910036.64474,1
1786377000000,64210.7,64287.8,64180.1,64199.9,39079.0,39.0792,2509802.55505,1
1786377300000,64199.9,64278.0,64183.4,64276.4,22040.0,22.0407,1415301.41951,1
1786377600000,64274.8,64305.4,64155.1,64305.4,70699.0,70.699,4541937.464,1
1786377900000,64308.2,64330.0,64211.9,64225.6,16181.0,16.1816,1040105.98199,1
1786378200000,64225.5,64244.0,64195.5,64195.7,17985.0,17.9858,1154993.91909,1
1786378500000,64194.1,64194.1,64047.0,64062.5,93813.0,93.8138,6014690.96239,1
1786378800000,64062.5,64091.0,63955.8,64091.0,232847.0,232.847,14910635.15693,1
1786379100000,64091.9,64100.0,64091.1,64100.0,29720.0,29.7204,1904992.91102,1
1786379400000,64100.0,64100.0,64033.4,64066.9,24174.0,24.1742,1549336.42007,1
1786379700000,64066.9,64131.6,64066.8,64131.6,9817.0,9.8171,629376.59188,1
1786380000000,64137.7,64156.9,63926.0,63938.7,53808.0,53.8089,3444817.58974,1
1786380300000,63938.5,63953.7,63889.9,63915.1,69398.0,69.3981,4435462.26272,1
1786380600000,63915.1,63927.9,63812.7,63815.0,52838.0,52.8383,3374773.03513,1
1786380900000,63823.7,63886.9,63808.9,63886.8,42667.0,42.6671,2724016.60712,1
1786381200000,63886.9,63921.1,63832.6,63832.7,13009.0,13.0095,831032.05619,1
1786381500000,63832.6,63936.0,63810.0,63924.3,32633.0,32.6333,2084063.09061,1
1786381800000,63924.1,63993.5,63924.1,63973.7,18277.0,18.2771,1169092.03035,1
1786382100000,63973.8,63973.8,63909.5,63909.5,15292.0,15.2928,977554.17332,1
1786382400000,63909.5,63930.3,63904.6,63913.9,10885.0,10.8852,695786.4233,1
1786382700000,63913.9,63988.4,63907.7,63911.8,21257.0,21.2571,1358997.65628,1
1786383000000,63912.0,63976.3,63880.0,63955.9,10790.0,10.7903,689727.12937,1
1786383300000,63957.4,63957.4,63916.5,63939.2,5372.0,5.3729,343576.3241,1
1786383600000,63939.1,63997.4,63929.0,63929.0,18402.0,18.4021,1176939.36688,1
1786383900000,63926.2,63926.2,63872.4,63913.0,29797.0,29.7977,1904000.65885,1
1786384200000,63916.0,63953.1,63888.0,63888.0,14715.0,14.7154,940581.31087,1
1786384500000,63888.0,63932.6,63868.7,63932.6,15897.0,15.8976,1015777.50133,1
1786384800000,63936.2,63984.6,63883.3,63884.4,9237.0,9.2371,590684.57792,1
1786385100000,63896.2,63955.3,63881.6,63949.0,5031.0,5.0314,321679.88677,1
1786385400000,63949.0,64005.4,63933.9,63945.5,11806.0,11.8067,755525.63854,1
1786385700000,63934.0,63934.0,63873.4,63910.2,8096.0,8.0969,517374.19113,1
1786386000000,63914.9,63971.6,63913.0,63971.5,3705.0,3.7053,236924.94847,1
1786386300000,63971.6,63986.9,63880.0,63880.1,14839.0,14.8392,948792.41423,1
1786386600000,63880.0,63911.8,63873.4,63887.1,18598.0,18.5987,1188317.20799,1
1786386900000,63887.2,63887.2,63782.2,63799.9,180466.0,180.4663,11512120.6065,1
1786387200000,63800.0,63863.5,63798.6,63863.1,32229.0,32.2294,2056788.78529,1
1786387500000,63853.0,63897.2,63814.0,63897.2,11725.0,11.7257,748706.31604,1
1786387800000,63897.2,63906.5,63869.3,63869.3,9702.0,9.7024,619882.9703,1
1786388100000,63869.3,63899.9,63865.9,63866.3,12126.0,12.126,774623.80996,1
1786388400000,63865.9,63911.1,63865.8,63890.0,14695.0,14.6956,938981.46034,1
1786388700000,63883.4,63906.3,63875.8,63892.5,6243.0,6.2431,398848.83845,1
1786389000000,63892.5,63905.6,63882.4,63905.6,2628.0,2.6282,167919.61391,1
1786389300000,63908.3,63931.9,63875.4,63919.5,10183.0,10.1838,650829.23265,1
1786389600000,63924.1,63974.6,63924.1,63968.4,79489.0,79.4896,5083996.67306,1
1786389900000,63968.3,63997.1,63966.2,63997.1,7567.0,7.5671,484125.26986,1
1786390200000,63997.6,64067.1,63991.4,64044.9,59254.0,59.2541,3794625.7095,1
1786390500000,64044.9,64044.9,63903.0,63925.3,17878.0,17.8784,1143760.67216,1
1786390800000,63930.7,64017.6,63904.0,64000.0,17766.0,17.7661,1136424.33623,1
1786391100000,64003.1,64016.5,63975.5,64002.8,9657.0,9.6578,618138.7792,1
1786391400000,64002.6,64016.5,63960.9,64003.0,29091.0,29.0915,1862049.36536,1
1786391700000,64001.8,64016.5,63979.8,64016.5,20851.0,20.8515,1334494.0791,1
1786392000000,64016.4,64042.3,63996.4,64026.6,7116.0,7.1165,455662.65956,1
1786392300000,64030.9,64047.6,64022.5,64047.6,7345.0,7.3453,470418.80678,1
1786392600000,64047.6,64060.2,64000.1,64023.0,5401.0,5.4011,345823.67953,1
1786392900000,64023.0,64075.1,64018.5,64075.1,12337.0,12.3377,790139.13802,1
1786393200000,64075.1,64077.6,64052.8,64064.7,13268.0,13.2689,850138.25536,1
1786393500000,64064.7,64090.0,64064.7,64089.9,3157.0,3.157,202295.2716,1
1786393800000,64090.0,64090.0,64072.9,64080.0,29797.0,29.7975,1909311.87979,1
1786394100000,64080.0,64106.0,64077.0,64086.5,24531.0,24.5315,1572449.22974,1
1786394400000,64086.5,64185.6,64086.4,64151.2,8822.0,8.8225,565882.35746,1
1786394700000,64151.0,64151.0,64107.7,64111.5,27509.0,27.5095,1764241.13557,1
1786395000000,64111.5,64149.5,64111.4,64121.1,7656.0,7.6566,490975.15806,1
1786395300000,64120.1,64129.7,64112.4,64129.6,5513.0,5.5138,353549.4308,1
1786395600000,64126.7,64126.7,64050.5,64082.0,23339.0,23.3395,1495484.1718,1
1786395900000,64081.9,64115.6,64081.9,64115.2,15702.0,15.7028,1006686.0291,1
1786396200000,64115.1,64115.1,64064.3,64080.8,11156.0,11.1569,714841.63615,1
1786396500000,64080.8,64084.5,64063.3,64084.5,10932.0,10.932,700478.84424,1
1786396800000,64078.6,64086.6,64063.6,64063.6,12827.0,12.827,821904.19969,1
1786397100000,64056.1,64089.2,64040.8,64089.2,5343.0,5.3435,342297.20451,1
1786397400000,64089.2,64089.2,64072.8,64073.8,6197.0,6.1973,397163.06187,1
1786397700000,64073.8,64082.4,64046.3,64046.3,4379.0,4.3799,280647.63466,1
1786398000000,64046.3,64058.3,64009.2,64011.0,4947.0,4.9472,316723.82617,1
1786398300000,64016.7,64016.8,63951.2,63971.2,18545.0,18.5456,1186521.38572,1
1786398600000,63971.2,63971.3,63959.5,63961.9,11848.0,11.8484,757848.79028,1
1786398900000,63963.1,63972.4,63949.0,63949.0,2080.0,2.0804,133075.30277,1
1786399200000,63949.7,63995.2,63932.4,63941.0,5513.0,5.5132,352626.14805,1
1786399500000,63937.9,63988.0,63929.2,63988.0,9269.0,9.269,592924.56858,1
1786399800000,63988.0,64018.4,63984.9,64009.0,11515.0,11.515,737065.66652,1
1786400100000,64015.2,64027.4,64010.5,64027.4,3672.0,3.6727,235142.70582,1
1786400400000,64027.4,64027.4,63979.3,63979.3,1939.0,1.9399,124139.94721,1
1786400700000,63979.3,63987.5,63975.5,63981.0,3333.0,3.3331,213265.78241,1
1786401000000,63981.0,63981.0,63908.0,63908.1,11885.0,11.8851,759678.07029,1
1786401300000,63908.1,63954.4,63908.1,63925.4,5641.0,5.6412,360658.30367,1
1786401600000,63925.4,63957.0,63925.4,63957.0,2652.0,2.6523,169587.33231,1
1786401900000,63957.0,63969.1,63953.7,63969.1,5375.0,5.3759,343838.71292,1
1786402200000,63969.1,63969.1,63968.9,63968.9,3009.0,3.0099,192540.24771,1
1786402500000,63969.0,63987.5,63968.9,63987.5,2090.0,2.0904,133723.93551,1
1786402800000,63987.5,63988.7,63960.0,63963.3,3353.0,3.3539,214536.43701,1
1786403100000,63963.3,63964.2,63946.6,63946.6,7307.0,7.3072,467370.09673,1
1786403400000,63946.6,63959.8,63946.6,63949.9,1868.0,1.8685,119492.79482,1
1786403700000,63949.9,63969.0,63949.9,63951.3,675.0,0.6755,43201.98501,1
1786404000000,63955.1,63955.2,63916.8,63940.4,5832.0,5.8323,372861.25931,1
1786404300000,63940.4,63949.9,63923.4,63949.9,10573.0,10.5731,676048.72991,1
1786404600000,63950.0,63950.0,63927.3,63927.3,2566.0,2.566,164070.43602,1
1786404900000,63925.9,63925.9,63881.6,63897.6,7281.0,7.2819,465355.03883,1
1786405200000,63897.8,63942.3,63897.8,63940.0,290.0,0.2904,18563.40625,1
1786405500000,63937.3,63937.3,63914.7,63915.5,1656.0,1.6569,105924.32218,1
1786405800000,63926.4,63950.0,63916.2,63922.1,7906.0,7.9068,505479.5718,1
1786406100000,63922.1,63955.3,63922.1,63939.2,1178.0,1.1788,75364.39804,1
1786406400000,63939.2,63939.3,63888.0,63912.9,19813.0,19.8139,1266164.51929,1
1786406700000,63912.9,63923.0,63873.1,63920.9,15104.0,15.1041,964895.06506,1
1786407000000,63918.1,63953.8,63905.1,63953.8,2991.0,2.9914,191233.66181,1
1786407300000,63953.8,63953.8,63894.0,63900.0,3664.0,3.6649,234269.96934,1
1786407600000,63904.1,63953.8,63890.6,63933.1,1729.0,1.7299,110603.14919,1
1786407900000,63936.1,63968.9,63936.1,63959.2,1258.0,1.258,80455.55063,1
1786408200000,63967.6,63983.3,63959.3,63968.0,4528.0,4.5284,289688.56757,1
1786408500000,63973.1,63973.1,63918.7,63958.4,2749.0,2.7494,175797.98467,1
1786408800000,63958.4,63963.3,63938.4,63943.3,1072.0,1.0728,68607.95024,1
1786409100000,63951.5,63979.3,63951.5,63971.7,10952.0,10.9521,700613.83399,1
1786409400000,63971.7,64001.5,63971.7,63998.0,6405.0,6.4055,409803.77682,1
1786409700000,63998.1,64025.1,63990.0,64013.3,13024.0,13.0242,833724.47191,1
1786410000000,64013.4,64013.4,63954.9,63978.6,2736.0,2.736,175082.02094,1
1786410300000,63978.7,63978.7,63955.1,63978.5,1160.0,1.1609,74261.20168,1
1786410600000,63978.5,64047.7,63978.5,64027.8,4579.0,4.5794,293238.94289,1
1786410900000,64027.7,64027.8,63950.0,63950.0,1765.0,1.7657,112994.45214,1
1786411200000,63950.1,64035.6,63950.0,64027.7,14373.0,14.3731,920180.40873,1
1786411500000,64027.7,64042.7,64007.4,64040.4,7982.0,7.9826,511029.47223,1
1786411800000,64039.5,64039.5,64009.7,64012.1,2073.0,2.0737,132773.14044,1
1786412100000,64012.1,64016.0,64000.0,64000.0,2337.0,2.3378,149638.57144,1
1786412400000,63988.0,63995.7,63929.3,63957.1,6692.0,6.6926,428067.47177,1
1786412700000,63957.1,64008.5,63955.0,64008.4,1307.0,1.307,83631.5245,1
1786413000000,64009.9,64041.2,64009.9,64033.2,10203.0,10.2032,653217.75475,1
1786413300000,64033.2,64043.9,64026.6,64032.0,760.0,0.7601,48670.76146,1
1786413600000,64026.7,64046.4,64026.7,64046.4,2797.0,2.7973,179138.48451,1
1786413900000,64047.7,64053.3,64026.8,64045.0,3435.0,3.4357,220048.95136,1
1786414200000,64045.0,64052.8,64009.7,64009.7,2434.0,2.4346,155887.78043,1
1786414500000,64014.8,64035.6,64014.8,64033.7,653.0,0.6531,41816.98274,1
1786414800000,64033.7,64033.7,64023.4,64032.0,2334.0,2.3341,149456.26179,1
1786415100000,64032.0,64032.0,64019.9,64019.9,1817.0,1.8179,116393.92063,1
1786415400000,64020.0,64025.8,64005.9,64008.4,4020.0,4.0208,257388.20474,1
1786415700000,64008.3,64008.3,64000.0,64000.1,662.0,0.6624,42396.37492,1
1786416000000,64000.1,64016.8,64000.0,64013.4,497.0,0.4976,31850.68148,1
1786416300000,64013.4,64029.0,64012.5,64012.5,1174.0,1.174,75158.87914,1
1786416600000,64010.3,64018.6,64002.4,64018.6,1118.0,1.1186,71600.76555,1
1786416900000,64018.6,64020.5,64014.7,64014.7,687.0,0.6879,44038.17598,1
1786417200000,64012.9,64047.5,64012.9,64047.5,8385.0,8.3856,536871.68827,1
1786417500000,64047.5,64049.8,64025.5,64048.8,9651.0,9.6513,618145.29362,1
1786417800000,64048.8,64075.8,64048.8,64074.9,23282.0,23.2825,1491775.66272,1
1786418100000,64070.3,64120.7,64070.3,64100.8,20104.0,20.1042,1288585.94207,1
1786418400000,64109.7,64126.2,64100.1,64119.6,6130.0,6.1308,393062.93879,1
1786418700000,64119.6,64142.6,64106.6,64106.7,7097.0,7.0978,455183.38868,1
1786419000000,64106.7,64106.7,64102.8,64103.1,1924.0,1.9244,123359.71051,1
1786419300000,64103.1,64116.9,64103.0,64116.9,1595.0,1.5954,102270.70395,1
1786419600000,64119.2,64134.2,64103.8,64103.9,2427.0,2.4279,155659.07907,1
1786419900000,64103.8,64103.9,64095.1,64102.6,10755.0,10.7554,689453.5833,1
1786420200000,64102.6,64104.3,64087.0,64098.2,720.0,0.7208,46197.11206,1
1786420500000,64098.2,64110.7,64089.6,64110.7,532.0,0.5327,34146.02018,1
1786420800000,64110.7,64124.2,64100.7,64100.7,1374.0,1.3741,88106.74476,1
1786421100000,64100.7,64100.9,64090.4,64090.5,1003.0,1.0032,64305.39222,1
1786421400000,64090.4,64094.2,64089.7,64089.7,127.0,0.1279,8197.24314,1
1786421700000,64089.7,64093.4,64089.0,64089.0,1121.0,1.1212,71857.69806,1
1786422000000,64089.0,64106.8,64083.4,64083.4,1279.0,1.2793,81987.94652,1
1786422300000,64083.4,64083.4,64073.4,64080.9,601.0,0.6014,38538.35286,1
1786422600000,64080.9,64082.0,64069.5,64069.5,904.0,0.9042,57941.14173,1
1786422900000,64069.5,64071.3,64065.1,64068.4,2352.0,2.3525,150721.98706,1
1786423200000,64068.4,64068.5,64068.4,64068.4,642.0,0.6421,41138.32014,1
1786423500000,64068.4,64073.5,64048.0,64052.0,923.0,0.9235,59149.7101,1
1786423800000,64052.0,64052.0,64003.8,64010.0,4649.0,4.6493,297662.1618,1
1786424100000,64007.5,64007.5,63997.6,63997.6,11159.0,11.1591,714183.77497,1
1786424400000,63997.6,64008.5,63966.0,64008.5,5610.0,5.61,358940.76225,1
1786424700000,64008.4,64021.8,64008.4,64021.8,639.0,0.6396,40940.55343,1
1786425000000,64021.8,64023.4,64011.5,64011.5,225.0,0.2254,14430.05451,1
1786425300000,64011.5,64021.9,63983.3,63989.1,1718.0,1.7188,109995.40585,1
1786425600000,63983.6,63983.6,63931.8,63943.3,6044.0,6.0447,386559.4712,1
1786425900000,63943.3,63944.0,63937.7,63944.0,917.0,0.9174,58658.5845,1
1786426200000,63938.8,63980.8,63938.7,63980.8,2689.0,2.6894,172008.11179,1
1786426500000,63988.4,64012.8,63988.4,64009.7,1183.0,1.1839,75771.27114,1
1786426800000,64009.7,64009.8,64006.3,64006.3,11127.0,11.1275,712233.05466,1
1786427100000,64006.3,64016.6,64003.2,64003.2,866.0,0.8669,55485.69383,1
1786427400000,64003.2,64003.3,63973.0,63982.5,632.0,0.6324,40474.36461,1
1786427700000,63979.2,63984.6,63965.1,63965.1,917.0,0.9179,58728.53713,1
1786428000000,63965.1,63971.5,63942.4,63969.4,2327.0,2.3278,148885.12514,1
1786428300000,63969.4,64008.6,63963.2,64008.5,571.0,0.5714,36559.97623,1
1786428600000,64008.6,64021.8,64001.1,64001.1,1836.0,1.8368,117573.66325,1
1786428900000,64001.1,64001.2,63979.0,63979.0,449.0,0.4496,28771.97139,1
1786429200000,63978.1,63978.1,63963.9,63963.9,1401.0,1.4012,89632.80297,1
1786429500000,63963.8,63963.8,63906.6,63910.8,5284.0,5.2848,337806.54772,1
1786429800000,63905.6,63906.0,63875.8,63880.6,7872.0,7.8722,503006.7208,1
1786430100000,63880.7,63938.9,63875.0,63938.9,2859.0,2.859,182640.81637,1
1786430400000,63938.9,63938.9,63903.2,63903.2,10289.0,10.2898,657848.01631,1
1786430700000,63905.4,63914.2,63901.0,63911.8,7245.0,7.2452,463046.83746,1
1786431000000,63911.8,63911.8,63820.0,63839.2,18213.0,18.2132,1163075.81112,1
1786431300000,63841.0,63942.4,63841.0,63940.0,7269.0,7.2697,464589.48732,1
1786431600000,63940.1,63965.3,63940.1,63964.3,1547.0,1.547,98926.83856,1
1786431900000,63965.1,63987.6,63946.5,63954.9,1290.0,1.2906,82548.54354,1
1786432200000,63954.9,63954.9,63942.4,63942.4,4959.0,4.9599,317166.36743,1
1786432500000,63942.1,63944.6,63897.0,63897.0,1902.0,1.9029,121618.88086,1
1786432800000,63888.1,63895.7,63879.0,63895.7,1792.0,1.792,114487.30264,1
1786433100000,63895.7,63905.0,63881.3,63881.3,3587.0,3.5871,229189.73938,1
1786433400000,63881.3,63962.3,63881.3,63962.3,573.0,0.5737,36684.68246,1
1786433700000,63962.6,64060.0,63962.6,64055.9,7813.0,7.8132,500277.93726,1
1786434000000,64054.4,64054.4,64035.8,64047.2,4301.0,4.3019,275490.76557,1
1786434300000,64043.9,64069.8,64040.2,64041.0,7396.0,7.3963,473765.17453,1
1786434600000,64047.9,64066.9,64020.0,64020.0,2946.0,2.9466,188745.89543,1
1786434900000,64020.0,64031.7,64010.0,64031.7,2848.0,2.8486,182366.4442,1
1786435200000,64033.5,64076.1,64033.5,64054.8,14161.0,14.1619,907263.06174,1
1786435500000,64054.9,64073.0,64042.0,64042.0,6141.0,6.1413,393438.2793,1
1786435800000,64041.9,64050.7,64016.7,64016.7,580.0,0.5802,37144.7381,1
1786436100000,64016.8,64041.1,64014.9,64019.2,919.0,0.9199,58900.61135,1
1786436400000,64019.2,64049.5,64019.2,64049.5,2819.0,2.8197,180592.72543,1
1786436700000,64049.4,64064.0,64026.2,64026.2,1029.0,1.0291,65910.84513,1
1786437000000,64026.2,64032.7,64026.2,64032.3,1487.0,1.4876,95253.66452,1
1786437300000,64032.4,64053.1,64032.0,64053.1,2711.0,2.711,173628.99321,1
1786437600000,64049.0,64089.8,64049.0,64084.8,3108.0,3.1081,199155.35618,1
1786437900000,64084.8,64088.8,64063.1,64063.1,3525.0,3.5252,225880.99285,1
1786438200000,64063.1,64124.8,64063.1,64121.8,2983.0,2.9839,191308.93675,1
1786438500000,64121.8,64121.9,64106.0,64106.3,3933.0,3.9338,252211.20852,1
1786438800000,64109.7,64111.6,64106.1,64111.5,5794.0,5.7941,371455.85546,1
1786439100000,64111.5,64137.8,64106.0,64106.0,14016.0,14.0164,898905.334,1
1786439400000,64106.0,64110.6,64106.0,64106.9,2611.0,2.6111,167387.35216,1
1786439700000,64106.9,64148.5,64106.7,64148.5,15927.0,15.9272,1021312.13527,1
1786440000000,64148.5,64176.4,64137.4,64165.4,20816.0,20.8161,1335425.16398,1
1786440300000,64165.4,64171.1,64160.2,64160.2,5874.0,5.8749,376962.09643,1
1786440600000,64161.7,64213.7,64161.0,64162.6,13243.0,13.2438,850053.32673,1
1786440900000,64162.5,64162.6,64158.0,64158.0,9710.0,9.71,622997.40632,1
1786441200000,64162.0,64227.7,64162.0,64217.9,9602.0,9.6029,616504.08709,1
1786441500000,64217.9,64247.2,64217.9,64242.6,16053.0,16.0534,1031161.27781,1
1786441800000,64240.1,64255.8,64217.3,64217.3,9880.0,9.88,634718.26979,1
1786442100000,64217.4,64270.0,64215.2,64269.8,17340.0,17.3401,1114051.51462,1
1786442400000,64270.0,64289.9,64246.9,64278.5,19068.0,19.0681,1225590.54398,1
1786442700000,64265.8,64289.9,64252.9,64260.8,6559.0,6.5598,421546.94854,1
1786443000000,64260.9,64260.9,64209.1,64210.9,13523.0,13.5237,868506.72855,1
1786443300000,64210.8,64210.8,64194.1,64201.0,13350.0,13.3507,857122.87957,1
1786443600000,64201.1,64210.5,64172.0,64204.7,5774.0,5.7746,370727.43539,1
1786443900000,64204.7,64277.0,64204.6,64277.0,3565.0,3.565,229020.05306,1
1786444200000,64277.0,64284.7,64230.1,64237.0,8489.0,8.4892,545496.57287,1
1786444500000,64233.6,64253.9,64215.2,64253.8,1441.0,1.4414,92611.29067,1
1786444800000,64253.9,64255.3,64253.8,64253.9,5552.0,5.5526,356776.55149,1
1786445100000,64253.9,64253.9,64205.0,64220.1,5121.0,5.1216,328994.33682,1
1786445400000,64220.3,64244.1,64212.3,64212.3,2728.0,2.7284,175239.34758,1
1786445700000,64205.2,64208.9,64190.4,64205.3,5948.0,5.9484,381913.95124,1
1786446000000,64205.4,64365.9,64205.4,64344.9,26315.0,26.3156,1692142.18999,1
1786446300000,64344.8,64348.2,64287.5,64287.5,4418.0,4.4182,284197.9152,1
1786446600000,64299.5,64364.2,64299.5,64333.0,12993.0,12.9938,836069.80657,1
1786446900000,64333.0,64333.1,64308.9,64309.0,9342.0,9.3426,600944.79715,1
1786447200000,64309.5,64330.0,64309.5,64311.0,3246.0,3.2466,208810.00669,1
1786447500000,64311.0,64322.1,64310.8,64311.1,11974.0,11.9742,770126.80842,1
1786447800000,64311.1,64316.7,64308.4,64308.5,33761.0,33.7617,2171382.28259,1
1786448100000,64308.4,64314.2,64306.5,64312.3,18580.0,18.5803,1194848.211,1
1786448400000,64312.3,64320.5,64310.2,64313.3,7807.0,7.8073,502140.52041,1
1786448700000,64313.3,64324.4,64313.3,64322.4,3734.0,3.7347,240222.02312,1
1786449000000,64322.4,64350.0,64320.6,64349.9,2662.0,2.6626,171273.11186,1
1786449300000,64347.3,64380.0,64347.1,64358.3,42570.0,42.57,2740044.77002,1
1786449600000,64362.2,64410.7,64352.0,64383.5,17326.0,17.3265,1115654.58449,1
1786449900000,64377.0,64440.0,64376.7,64439.9,17153.0,17.1538,1105043.27243,1
1786450200000,64440.0,64469.1,64416.2,64445.0,11030.0,11.0308,710847.56428,1
1786450500000,64437.6,64437.6,64360.0,64360.6,8523.0,8.5238,549006.28425,1
1786450800000,64360.7,64360.7,64282.0,64282.3,67109.0,67.109,4315687.14548,1
1786451100000,64282.2,64299.4,64260.3,64290.0,14951.0,14.9519,961157.02147,1
1786451400000,64290.1,64332.4,64288.1,64332.4,8227.0,8.2271,529176.99415,1
1786451700000,64335.5,64358.5,64315.5,64338.0,8844.0,8.8441,568956.51672,1
1786452000000,64337.9,64341.7,64302.1,64302.2,8739.0,8.7398,562141.27528,1
1786452300000,64302.2,64318.8,64302.1,64306.8,2268.0,2.2686,145885.1276,1
1786452600000,64306.8,64312.2,64303.7,64304.0,1421.0,1.4219,91440.04701,1
1786452900000,64304.0,64308.5,64302.2,64306.6,4116.0,4.1166,264725.57868,1
1786453200000,64303.2,64306.1,64253.5,64274.4,2955.0,2.9558,190013.00715,1
1786453500000,64267.6,64342.8,64260.6,64338.9,8025.0,8.0256,516117.37415,1
1786453800000,64339.0,64345.8,64278.5,64292.3,7706.0,7.7063,495560.56917,1
1786454100000,64292.5,64300.0,64225.0,64225.0,9250.0,9.2505,594356.11925,1
1786454400000,64229.9,64246.3,64200.1,64203.5,23694.0,23.6944,1521334.80341,1
1786454700000,64200.1,64200.1,64146.4,64173.0,68707.0,68.7077,4408955.30133,1
1786455000000,64173.0,64217.2,64088.9,64108.8,30879.0,30.8791,1980611.92147,1
1786455300000,64120.9,64130.9,64024.5,64083.6,34671.0,34.6716,2221498.12932,1
1786455600000,64096.0,64212.3,64095.1,64153.4,13200.0,13.2006,846950.69222,1
1786455900000,64148.4,64194.1,64098.8,64156.4,11890.0,11.89,762854.68589,1
1786456200000,64145.4,64162.8,64020.2,64078.0,13950.0,13.9506,893926.14937,1
1786456500000,64079.9,64184.8,64079.9,64174.3,9332.0,9.3325,598671.07707,1
1786456800000,64169.6,64195.0,64121.6,64173.4,11337.0,11.3373,727372.90213,1
1786457100000,64179.3,64206.4,64095.4,64155.5,11326.0,11.3261,726457.12262,1
1786457400000,64152.6,64206.0,64152.6,64195.7,2413.0,2.4135,154910.24505,1
1786457700000,64199.8,64234.3,64123.5,64126.5,18405.0,18.4051,1181285.24538,1
1786458000000,64117.9,64138.2,63921.2,63924.5,55990.0,55.9902,3583504.94914,1
1786458300000,63920.1,64034.5,63898.3,63999.9,50190.0,50.1907,3210824.25225,1
1786458600000,63998.3,64007.2,63920.3,64007.2,72377.0,72.3779,4629106.55895,1
1786458900000,64009.3,64045.4,63880.4,63917.7,21521.0,21.5216,1376259.54326,1
1786459200000,63917.6,63954.8,63874.2,63933.0,32117.0,32.1174,2053135.37823,1
1786459500000,63939.0,63984.6,63912.2,63916.0,29531.0,29.5312,1887932.96071,1
1786459800000,63906.0,63906.0,63691.4,63740.0,100191.0,100.1919,6388661.15397,1
1786460100000,63727.8,63771.1,63686.4,63746.9,127304.0,127.3048,8112158.51768,1
1786460400000,63744.8,63833.4,63730.1,63800.1,43293.0,43.2939,2761540.06628,1
1786460700000,63800.0,63841.5,63771.7,63784.1,53751.0,53.7511,3430040.76626,1
1786461000000,63793.7,63793.7,63708.6,63756.7,17654.0,17.6549,1125564.32305,1
1786461300000,63756.0,63758.6,63677.8,63754.3,17725.0,17.7253,1129462.94119,1
1786461600000,63750.0,63817.1,63700.2,63764.8,14277.0,14.277,910360.77289,1
1786461900000,63764.8,63844.1,63764.6,63844.1,15105.0,15.1058,964161.0016,1
1786462200000,63833.7,63836.1,63697.8,63698.8,25908.0,25.9082,1652920.91678,1
1786462500000,63697.8,63700.0,63477.9,63502.5,154943.0,154.943,9845926.01644,1
1786462800000,63502.4,63539.2,63420.1,63539.2,185775.0,185.7751,11797078.98288,1
1786463100000,63539.2,63608.8,63500.0,63518.4,38820.0,38.82,2466907.21499,1
1786463400000,63518.5,63554.6,63467.2,63473.2,26112.0,26.112,1658343.39525,1
1786463700000,63466.8,63598.5,63449.7,63589.6,18116.0,18.1166,1151123.51665,1
1786464000000,63580.2,63620.7,63511.9,63580.1,114076.0,114.0762,7248442.08424,1
1786464300000,63587.1,63621.4,63540.0,63607.6,24424.0,24.4248,1553022.39503,1
1786464600000,63612.3,63636.0,63555.3,63578.4,21863.0,21.8638,1390209.97244,1
1786464900000,63585.9,63629.4,63550.0,63606.8,5660.0,5.66,359939.40311,1
1786465200000,63604.0,63628.9,63587.1,63612.5,20383.0,20.3833,1296611.19992,1
1786465500000,63612.5,63619.3,63562.2,63570.5,6294.0,6.2945,400237.44696,1
1786465800000,63566.5,63596.0,63515.0,63522.4,9537.0,9.5376,605891.48192,1
1786466100000,63524.2,63560.0,63478.1,63527.4,23876.0,23.8761,1516251.64647,1
1786466400000,63527.1,63527.1,63459.0,63470.2,10836.0,10.836,688041.59977,1
1786466700000,63470.2,63506.9,63437.2,63506.8,25040.0,25.0404,1589280.31092,1
1786467000000,63506.8,63524.9,63483.7,63491.6,13343.0,13.343,847371.24839,1
1786467300000,63491.6,63504.6,63488.4,63488.5,6803.0,6.8036,432001.39016,1
1786467600000,63488.5,63517.1,63472.2,63476.6,6168.0,6.1681,391650.54874,1
1786467900000,63476.6,63484.5,63450.0,63451.5,11981.0,11.9819,760410.12872,1
1786468200000,63448.4,63519.6,63444.7,63495.2,12395.0,12.3951,786902.15668,1
1786468500000,63495.2,63522.1,63470.0,63500.1,4821.0,4.821,306155.27538,1
1786468800000,63494.2,63542.3,63488.1,63542.3,6489.0,6.4899,412145.10393,1
1786469100000,63542.3,63576.3,63512.2,63554.2,55965.0,55.9655,3556118.80502,1
1786469400000,63549.9,63571.8,63516.1,63517.3,10000.0,10.0003,635510.12227,1
1786469700000,63524.8,63544.9,63504.0,63510.1,14346.0,14.3469,911298.5903,1
1786470000000,63510.2,63562.4,63496.1,63531.7,5011.0,5.0111,318342.20888,1
1786470300000,63531.7,63571.3,63515.2,63515.2,3577.0,3.5772,227329.68675,1
1786470600000,63513.8,63574.9,63513.7,63573.2,3808.0,3.8085,241987.27015,1
1786470900000,63577.6,63613.5,63574.6,63580.1,194804.0,194.8047,12387947.99734,1
1786471200000,63580.2,63609.1,63567.2,63569.3,20327.0,20.3276,1292465.0003,1
1786471500000,63569.3,63581.6,63525.2,63539.2,4334.0,4.3349,275461.59928,1
1786471800000,63543.4,63571.9,63535.3,63571.8,1456.0,1.4566,92564.24218,1
1786472100000,63568.1,63583.0,63557.4,63576.9,2219.0,2.2192,141080.17612,1
1786472400000,63576.9,63580.6,63555.1,63565.7,5908.0,5.9082,375595.8901,1
1786472700000,63565.7,63573.6,63465.8,63465.8,10686.0,10.686,678662.55622,1
1786473000000,63463.1,63487.8,63287.8,63416.3,301574.0,301.5744,19103806.18966,1
1786473300000,63416.3,63466.1,63332.3,63333.2,39067.0,39.0677,2477721.45115,1
1786473600000,63341.7,63341.7,63226.0,63283.8,96941.0,96.9417,6133731.3205,1
1786473900000,63277.1,63346.1,63277.1,63340.0,49447.0,49.4474,3130734.5835,1
1786474200000,63340.0,63361.5,63325.0,63345.6,23118.0,23.1184,1464476.17818,1
1786474500000,63345.6,63363.7,63312.7,63352.5,16896.0,16.8969,1070263.02806,1
1786474800000,63346.3,63357.6,63324.0,63324.1,2892.0,2.8921,183194.60272,1
1786475100000,63324.0,63324.1,63241.8,63241.8,31068.0,31.0687,1966420.65781,1
1786475400000,63241.8,63263.4,63211.5,63224.7,65828.0,65.828,4162674.44573,1
1786475700000,63224.6,63327.2,63224.6,63312.5,11406.0,11.4067,721936.51524,1
1786476000000,63312.6,63363.1,63312.5,63319.5,10595.0,10.5952,670945.81807,1
1786476300000,63311.0,63347.5,63301.0,63332.9,4001.0,4.0015,253418.15228,1
1786476600000,63339.2,63390.8,63339.2,63348.0,7179.0,7.1797,454949.04934,1
1786476900000,63348.0,63413.8,63337.3,63409.3,8411.0,8.4114,533036.31737,1
1786477200000,63409.7,63424.3,63361.2,63418.0,9582.0,9.5824,607455.83879,1
1786477500000,63424.3,63449.3,63389.2,63389.2,123665.0,123.6655,7843829.90628,1
1786477800000,63381.7,63452.1,63366.2,63452.1,10711.0,10.7111,679029.25543,1
1786478100000,63452.1,63511.3,63450.0,63509.9,27335.0,27.3359,1735201.34484,1
1786478400000,63511.2,63641.2,63508.5,63606.1,43621.0,43.6214,2774081.27452,1
1786478700000,63606.1,63691.3,63606.1,63667.4,89247.0,89.2471,5682804.39517,1
1786479000000,63667.5,63676.8,63638.8,63649.9,20278.0,20.278,1290633.84629,1
1786479300000,63643.6,63643.6,63592.6,63592.7,10821.0,10.8217,688524.66502,1
1786479600000,63597.2,63621.6,63597.1,63604.9,3013.0,3.0133,191676.79555,1
1786479900000,63601.4,63651.6,63590.1,63651.5,8409.0,8.4091,534905.07893,1
1786480200000,63651.8,63730.1,63643.8,63655.2,27339.0,27.3394,1741147.20537,1
1786480500000,63655.1,63669.5,63641.5,63667.6,3052.0,3.0529,194341.71949,1
1786480800000,63667.6,63690.1,63627.0,63661.9,23840.0,23.8406,1517413.29405,1
1786481100000,63652.3,63708.4,63652.3,63669.9,5890.0,5.8908,375163.62399,1
1786481400000,63671.5,63698.1,63669.8,63698.1,2152.0,2.152,137036.41453,1
1786481700000,63698.2,63725.3,63698.2,63720.8,10916.0,10.9164,695475.21983,1
1786482000000,63715.1,63720.6,63708.0,63717.9,10089.0,10.089,642824.62792,1
1786482300000,63717.9,63723.9,63715.6,63715.6,2411.0,2.4114,153645.82071,1
1786482600000,63715.6,63731.4,63708.4,63712.1,8563.0,8.5638,545714.53057,1
1786482900000,63712.0,63757.9,63657.9,63657.9,12812.0,12.8127,816072.68193,1
1786483200000,63658.0,63663.7,63634.0,63648.5,10079.0,10.0798,641505.21163,1
1786483500000,63648.5,63677.4,63647.2,63650.0,2160.0,2.1606,137541.18024,1
1786483800000,63650.0,63650.0,63603.7,63608.1,58080.0,58.0803,3694938.21263,1
1786484100000,63609.8,63634.9,63590.7,63626.2,8532.0,8.5324,542695.74685,1
1786484400000,63615.8,63669.2,63615.8,63647.0,3047.0,3.0472,193923.61218,1
1786484700000,63647.0,63667.1,63620.1,63624.4,1002.0,1.0029,63826.75022,1
1786485000000,63624.4,63647.4,63620.2,63647.4,3720.0,3.7207,236772.94858,1
1786485300000,63647.4,63654.6,63636.9,63651.8,7638.0,7.6382,486150.82787,1
1786485600000,63654.6,63742.0,63654.6,63712.4,22498.0,22.4985,1433591.62093,1
1786485900000,63712.4,63712.5,63680.0,63680.1,7640.0,7.6403,486647.93419,1
1786486200000,63680.1,63716.4,63679.9,63706.6,2918.0,2.9186,185905.47532,1
1786486500000,63706.6,63737.7,63689.0,63689.0,3367.0,3.3676,214586.69826,1
1786486800000,63689.0,63706.8,63681.3,63692.8,1603.0,1.603,102097.11136,1
1786487100000,63692.8,63696.1,63680.0,63696.1,825.0,0.8258,52589.55103,1
1786487400000,63698.9,63707.2,63673.0,63701.9,3218.0,3.2181,204986.19256,1
1786487700000,63700.5,63700.6,63653.6,63658.1,880.0,0.8805,56064.1679,1
1786488000000,63658.4,63661.9,63627.8,63628.5,15941.0,15.9413,1014647.16207,1
1786488300000,63628.5,63634.9,63606.8,63616.1,1390.0,1.39,88431.76798,1
1786488600000,63616.1,63647.8,63616.1,63634.4,1184.0,1.184,75327.49273,1
1786488900000,63634.4,63654.6,63634.4,63641.7,2843.0,2.8438,180986.65972,1
1786489200000,63641.7,63641.7,63569.7,63569.7,6326.0,6.3265,402269.53842,1
1786489500000,63568.5,63568.5,63536.8,63552.7,6371.0,6.3719,404925.52236,1
1786489800000,63552.7,63569.9,63552.7,63553.3,5391.0,5.3914,342694.35799,1
1786490100000,63551.3,63551.4,63527.3,63534.1,2999.0,2.9995,190589.27211,1
1786490400000,63534.1,63563.9,63534.1,63563.9,2583.0,2.5832,164145.7279,1
1786490700000,63563.9,63588.0,63558.0,63572.8,1888.0,1.8888,120075.33661,1
1786491000000,63572.8,63597.8,63560.0,63597.8,805.0,0.8055,51208.83416,1
1786491300000,63597.7,63600.0,63575.3,63581.4,6898.0,6.8984,438700.27334,1
1786491600000,63586.7,63618.5,63586.7,63615.8,33820.0,33.82,2150962.76916,1
1786491900000,63615.8,63618.7,63609.5,63609.5,5317.0,5.3177,338273.11427,1
1786492200000,63609.6,63618.8,63584.9,63592.2,1953.0,1.9532,124219.97174,1
1786492500000,63590.8,63590.8,63571.9,63571.9,1394.0,1.3949,88686.10063,1
1786492800000,63567.2,63572.5,63536.7,63549.7,2958.0,2.9588,188046.48491,1
1786493100000,63540.3,63556.6,63499.1,63541.1,104068.0,104.0685,6609237.47805,1
1786493400000,63541.6,63587.9,63518.3,63587.9,4822.0,4.8228,306577.67438,1
1786493700000,63583.1,63595.3,63553.9,63589.2,3012.0,3.0127,191494.75741,1
1786494000000,63589.2,63653.6,63589.2,63653.5,12943.0,12.9433,823363.83425,1
1786494300000,63653.6,63674.7,63640.9,63644.1,100172.0,100.1722,6376101.30805,1
1786494600000,63651.5,63691.5,63651.5,63691.4,2857.0,2.8572,181929.8542,1
1786494900000,63691.4,63700.0,63673.2,63685.8,7987.0,7.9875,508733.88093,1
1786495200000,63691.9,63699.9,63683.2,63692.2,3984.0,3.9843,253768.5787,1
1786495500000,63692.1,63710.4,63692.1,63710.0,3433.0,3.4334,218722.35546,1
1786495800000,63709.9,63718.9,63709.9,63714.4,1449.0,1.4495,92353.82276,1
1786496100000,63714.4,63722.3,63708.3,63717.3,2773.0,2.7735,176725.13675,1
1786496400000,63717.3,63744.6,63692.1,63712.0,16574.0,16.5742,1055902.65148,1
1786496700000,63712.0,63736.6,63700.0,63700.0,649.0,0.6497,41401.48596,1
1786497000000,63703.6,63758.3,63703.6,63758.0,13645.0,13.6451,869619.7808,1
1786497300000,63758.0,63758.0,63711.3,63733.2,11039.0,11.0392,703523.07107,1
1786497600000,63736.9,63746.7,63714.8,63729.6,2478.0,2.4783,157924.59298,1
1786497900000,63729.6,63743.6,63722.8,63722.9,2327.0,2.327,148299.8319,1
1786498200000,63722.7,63722.7,63665.1,63705.2,9258.0,9.2583,589637.48074,1
1786498500000,63705.2,63731.0,63701.2,63731.0,2288.0,2.2882,145808.3371,1
1786498800000,63730.8,63797.9,63730.8,63797.9,10169.0,10.1696,648554.51724,1
1786499100000,63797.8,63818.4,63771.2,63818.4,29363.0,29.3634,1873444.66671,1
1786499400000,63818.4,63828.6,63803.9,63803.9,10152.0,10.1529,647966.52617,1
1786499700000,63803.9,63820.1,63778.2,63792.3,19117.0,19.1176,1219423.04673,1
1786500000000,63792.3,63819.6,63789.0,63803.1,2344.0,2.3449,149602.76403,1
1786500300000,63796.6,63851.5,63796.6,63834.9,15207.0,15.2078,970886.31976,1
1786500600000,63839.0,63840.4,63810.1,63824.4,2235.0,2.2358,142699.72844,1
1786500900000,63820.2,63840.4,63820.1,63823.2,3680.0,3.6805,234931.98215,1
1786501200000,63820.2,63820.2,63751.8,63781.6,75947.0,75.9474,4844922.07925,1
1786501500000,63781.6,63868.2,63779.0,63868.0,5968.0,5.9688,381065.15026,1
1786501800000,63867.9,63872.2,63801.3,63801.3,28834.0,28.834,1840880.85935,1
1786502100000,63800.8,63800.8,63755.1,63755.1,19576.0,19.5764,1248284.58991,1
1786502400000,63755.1,63755.1,63730.9,63745.8,61360.0,61.3609,3911002.38021,1
1786502700000,63745.7,63751.0,63725.9,63742.4,2824.0,2.8244,180038.85334,1
1786503000000,63742.4,63749.0,63736.3,63745.9,1237.0,1.2378,78898.94222,1
1786503300000,63745.9,63745.9,63701.2,63716.6,5283.0,5.2835,336638.0085,1
1786503600000,63716.5,63768.0,63716.5,63756.3,2684.0,2.6843,171112.65756,1
1786503900000,63759.5,63759.6,63727.4,63727.4,3842.0,3.8421,244921.9347,1
1786504200000,63729.1,63729.1,63683.4,63692.6,10985.0,10.9853,699877.56083,1
1786504500000,63692.3,63713.3,63683.5,63697.2,2053.0,2.0534,130789.43814,1
1786504800000,63697.2,63727.8,63688.4,63727.8,768.0,0.7681,48937.63613,1
1786505100000,63729.9,63748.0,63714.0,63728.4,2207.0,2.2072,140680.83351,1
1786505400000,63721.5,63764.9,63712.0,63763.2,2757.0,2.7579,175765.40578,1
1786505700000,63764.8,63819.2,63764.8,63805.4,11298.0,11.2986,721030.82926,1
1786506000000,63805.4,63813.4,63791.6,63791.6,1782.0,1.7826,113737.7257,1
1786506300000,63791.6,63791.6,63767.8,63790.0,2591.0,2.5915,165297.5729,1
1786506600000,63786.5,63799.4,63759.1,63759.1,1697.0,1.6975,108263.51001,1
1786506900000,63759.1,63809.5,63746.7,63800.1,2083.0,2.0832,132878.50329,1
1786507200000,63800.1,63809.0,63798.0,63805.2,3757.0,3.7576,239742.02994,1
1786507500000,63804.5,63804.5,63760.7,63771.1,95913.0,95.9132,6118465.79546,1
1786507800000,63771.1,63771.1,63736.3,63757.9,409.0,0.4097,26116.12725,1
1786508100000,63757.9,63777.4,63757.9,63777.4,509.0,0.5093,32473.84136,1
1786508400000,63774.5,63857.8,63769.5,63850.0,6242.0,6.2423,398470.19313,1
1786508700000,63847.3,63847.3,63767.0,63767.0,1563.0,1.5639,99800.69452,1
1786509000000,63766.3,63766.3,63706.4,63713.6,2757.0,2.7577,175717.85604,1
1786509300000,63713.6,63723.8,63713.6,63723.8,2397.0,2.3978,152779.41548,1
1786509600000,63723.8,63753.6,63723.8,63745.9,6999.0,6.9994,446166.73524,1
1786509900000,63745.9,63783.2,63730.1,63783.2,1285.0,1.2855,81949.81207,1
1786510200000,63783.2,63798.4,63783.1,63790.7,8911.0,8.9113,568454.62144,1
1786510500000,63790.7,63799.2,63737.9,63747.2,1918.0,1.918,122299.55612,1
1786510800000,63747.2,63747.2,63712.2,63713.6,7314.0,7.3144,466063.48243,1
1786511100000,63713.6,63745.0,63706.8,63745.0,10337.0,10.3375,658699.1209,1
1786511400000,63745.0,63791.6,63745.0,63791.6,6327.0,6.3275,403519.93258,1
1786511700000,63790.0,63798.4,63790.0,63798.3,5723.0,5.7234,365142.41047,1
1786512000000,63798.3,63810.0,63785.1,63785.1,304.0,0.3041,19399.78874,1
1786512300000,63785.2,63812.6,63785.2,63812.6,2001.0,2.0015,127719.37508,1
1786512600000,63812.5,63838.2,63812.5,63838.2,1225.0,1.2251,78204.39887,1
1786512900000,63833.3,63837.4,63821.5,63825.8,1878.0,1.8782,119886.20785,1
1786513200000,63825.8,63826.0,63794.9,63821.0,2703.0,2.7031,172509.51524,1
1786513500000,63821.1,63834.1,63814.5,63814.6,1177.0,1.1778,75170.29233,1
1786513800000,63811.4,63825.1,63787.8,63787.8,401.0,0.4015,25614.84383,1
1786514100000,63787.8,63825.5,63787.5,63811.2,1200.0,1.2009,76626.03234,1
1786514400000,63811.2,63811.2,63754.4,63754.4,3539.0,3.5392,225688.43274,1
1786514700000,63754.4,63765.7,63713.7,63713.7,952.0,0.9525,60702.4549,1
1786515000000,63713.7,63714.8,63675.4,63676.4,5899.0,5.8993,375739.05092,1
1786515300000,63676.4,63729.9,63657.1,63681.1,12313.0,12.3138,784260.8339,1
1786515600000,63684.6,63684.6,63617.5,63617.6,10626.0,10.6266,676215.22288,1
1786515900000,63617.5,63624.3,63592.7,63618.1,10986.0,10.9863,698872.15749,1
1786516200000,63618.0,63640.3,63579.7,63640.3,13912.0,13.9129,885148.4249,1
1786516500000,63636.8,63653.4,63618.6,63631.9,19155.0,19.1555,1218829.64741,1
1786516800000,63631.9,63631.9,63611.4,63626.2,4320.0,4.3202,274824.76192,1
1786517100000,63629.5,63654.7,63629.5,63644.7,3442.0,3.4426,219120.95154,1
1786517400000,63644.7,63644.7,63603.1,63606.3,2036.0,2.0364,129562.69158,1
1786517700000,63606.3,63674.7,63606.3,63674.5,3054.0,3.0544,194419.79316,1
1786518000000,63674.7,63739.3,63674.7,63739.3,16893.0,16.8932,1076033.35687,1
1786518300000,63739.2,63777.0,63739.1,63762.6,2960.0,2.9601,188728.21054,1
1786518600000,63756.0,63756.0,63728.6,63736.5,2508.0,2.5085,159887.28461,1
1786518900000,63728.0,63735.4,63711.0,63714.2,1486.0,1.486,94692.66289,1
1786519200000,63714.2,63714.2,63698.1,63699.9,15985.0,15.9857,1018325.09541,1
1786519500000,63700.0,63720.0,63699.9,63705.0,3392.0,3.3928,216150.59975,1
1786519800000,63705.0,63752.7,63705.0,63735.4,3015.0,3.0152,192142.54007,1
1786520100000,63735.4,63735.4,63670.2,63678.3,13197.0,13.1973,840408.4849,1
1786520400000,63678.3,63678.3,63657.1,63664.8,2629.0,2.6295,167410.8376,1
1786520700000,63664.7,63666.1,63611.0,63666.1,1438.0,1.4389,91572.15588,1
1786521000000,63666.2,63726.4,63666.1,63726.4,1757.0,1.757,111906.31239,1
1786521300000,63726.2,63804.8,63726.2,63804.8,3461.0,3.4612,220760.18914,1
1786521600000,63804.8,63832.3,63760.0,63810.0,12790.0,12.7904,816085.69359,1
1786521900000,63809.6,63833.0,63797.7,63805.5,6457.0,6.4578,412064.8176,1
1786522200000,63800.0,63800.0,63757.2,63757.7,4978.0,4.9785,317501.40078,1
1786522500000,63757.7,63795.0,63757.7,63794.9,449.0,0.4498,28690.58879,1
1786522800000,63794.9,63809.0,63772.9,63802.8,1102.0,1.1022,70312.33054,1
1786523100000,63802.8,63804.4,63782.2,63796.5,541.0,0.5416,34550.55799,1
1786523400000,63793.3,63793.3,63754.9,63766.8,1171.0,1.1718,74718.59915,1
1786523700000,63766.9,63775.8,63753.0,63775.8,5380.0,5.3809,343124.15195,1
1786524000000,63775.8,63775.8,63746.7,63751.3,991.0,0.9919,63234.90991,1
1786524300000,63751.3,63793.1,63751.3,63787.4,2371.0,2.3718,151227.59249,1
1786524600000,63787.4,63787.9,63752.5,63760.1,2652.0,2.6522,169109.3562,1
1786524900000,63760.0,63770.0,63754.9,63770.0,1965.0,1.9658,125342.4418,1
1786525200000,63769.4,63779.6,63739.2,63779.0,20304.0,20.3049,1294630.02334,1
1786525500000,63779.1,63820.0,63765.4,63820.0,3397.0,3.3975,216737.83527,1
1786525800000,63820.0,63835.2,63815.2,63827.2,6605.0,6.6053,421616.82093,1
1786526100000,63831.8,63938.6,63831.8,63932.4,38596.0,38.5964,2466179.73225,1
1786526400000,63936.3,63950.0,63878.8,63950.0,30174.0,30.174,1928474.99309,1
1786526700000,63949.9,63971.0,63904.6,63955.8,40640.0,40.6407,2598472.53072,1
1786527000000,63959.9,64060.0,63959.9,63967.1,84431.0,84.4317,5404448.27123,1
1786527300000,63967.1,64062.5,63966.8,64025.1,18704.0,18.7049,1197410.74189,1
1786527600000,64023.1,64023.1,63973.5,64011.3,14622.0,14.622,935790.12784,1
1786527900000,64011.3,64035.9,64004.9,64029.9,9685.0,9.6857,620019.52333,1
1786528200000,64025.2,64066.2,63997.9,64030.0,6762.0,6.7625,432987.86444,1
1786528500000,64030.0,64078.3,64025.9,64076.9,26909.0,26.9092,1724130.99217,1
1786528800000,64076.9,64180.0,64074.1,64110.4,73666.0,73.6666,4724032.35241,1
1786529100000,64110.4,64114.4,64089.9,64090.0,40179.0,40.1792,2575212.1523,1
1786529400000,64089.6,64140.2,64081.0,64096.6,12860.0,12.8602,824452.25402,1
1786529700000,64092.8,64097.0,64037.1,64037.2,28274.0,28.2746,1811108.57196,1
1786530000000,64037.1,64100.0,64031.4,64051.5,52563.0,52.5634,3366695.58182,1
1786530300000,64051.5,64064.4,64030.3,64033.5,6871.0,6.8716,440047.34749,1
1786530600000,64033.5,64136.0,64033.5,64089.3,5197.0,5.1973,333035.75954,1
1786530900000,64088.9,64113.7,64067.4,64085.9,6738.0,6.7383,431811.57164,1
1786531200000,64085.9,64129.6,64085.9,64114.9,3696.0,3.6969,236997.81006,1
1786531500000,64115.0,64126.5,64060.9,64073.6,116770.0,116.7706,7483834.18329,1
1786531800000,64073.6,64132.2,64073.6,64132.1,3039.0,3.039,194840.85221,1
1786532100000,64132.2,64132.2,64108.5,64111.5,6893.0,6.8939,441991.91372,1
1786532400000,64111.9,64186.7,64090.1,64100.0,42321.0,42.3218,2715750.0427,1
1786532700000,64095.9,64117.1,64080.0,64092.9,7241.0,7.241,464159.93434,1
1786533000000,64093.0,64124.7,64091.8,64112.3,2709.0,2.7091,173647.96495,1
1786533300000,64112.3,64130.1,64099.0,64125.6,3485.0,3.4854,223452.04327,1
1786533600000,64127.1,64170.1,64121.3,64152.6,26206.0,26.2065,1681548.28901,1
1786533900000,64152.7,64178.3,64139.0,64172.4,13414.0,13.4142,860733.68819,1
1786534200000,64177.1,64193.4,64163.4,64164.0,5059.0,5.0592,324678.84165,1
1786534500000,64163.4,64175.9,64127.9,64175.9,25351.0,25.3519,1625902.62897,1
1786534800000,64176.6,64180.1,64159.4,64159.4,6287.0,6.2873,403474.9394,1
1786535100000,64159.4,64217.6,64159.4,64207.2,39939.0,39.9394,2564001.0313,1
1786535400000,64207.3,64222.2,64202.9,64202.9,10650.0,10.65,683867.43061,1
1786535700000,64202.9,64207.3,64201.8,64207.2,2455.0,2.4553,157636.11743,1
1786536000000,64211.0,64240.6,64198.4,64239.9,91539.0,91.5394,5879586.9653,1
1786536300000,64240.0,64275.4,64223.6,64269.8,33553.0,33.5536,2156245.24716,1
1786536600000,64269.4,64269.4,64221.6,64230.4,26946.0,26.9464,1731218.87799,1
1786536900000,64234.4,64330.0,64234.4,64280.7,43145.0,43.1458,2774310.27445,1
1786537200000,64279.0,64322.3,64239.2,64239.2,33724.0,33.7247,2167449.4574,1
1786537500000,64239.1,64400.0,64229.4,64385.8,40505.0,40.5053,2605235.09794,1
1786537800000,64381.6,64441.3,64054.4,64226.9,266953.0,266.9536,17139491.60614,1
1786538100000,64226.4,64249.4,63993.2,64039.5,40361.0,40.3614,2586498.23235,1
1786538400000,64039.5,64099.6,64015.6,64069.4,36609.0,36.609,2345282.31782,1
1786538700000,64063.6,64063.6,63949.1,63960.0,233412.0,233.4123,14934770.38084,1
1786539000000,63960.0,64154.0,63960.0,64118.4,112613.0,112.6136,7217606.68403,1
1786539300000,64116.1,64124.5,64066.3,64089.9,9212.0,9.2129,590527.13848,1
1786539600000,64095.4,64128.0,64010.4,64033.3,14464.0,14.4642,926644.95891,1
1786539900000,64029.4,64076.7,63996.1,64064.0,14111.0,14.1113,903780.04164,1
1786540200000,64067.8,64095.0,63908.9,63955.1,47326.0,47.3262,3028660.17206,1
1786540500000,63955.1,64012.6,63948.0,63979.1,112695.0,112.6951,7208794.16748,1
1786540800000,63979.1,64007.9,63950.0,63950.0,43973.0,43.9738,2813722.52872,1
1786541100000,63946.0,63946.0,63884.0,63930.7,37680.0,37.6809,2408105.94772,1
1786541400000,63935.0,63986.8,63857.9,63896.5,31497.0,31.4978,2013089.94956,1
1786541700000,63896.5,63979.8,63886.9,63931.1,25561.0,25.5618,1634126.56058,1
1786542000000,63931.1,63982.0,63833.4,63956.7,22338.0,22.3389,1427312.03154,1
1786542300000,63958.4,64046.5,63957.0,63968.3,22960.0,22.9607,1469486.62138,1
1786542600000,63966.0,63978.5,63845.0,63878.5,38651.0,38.6513,2469925.08011,1
1786542900000,63871.5,63898.2,63810.0,63814.1,16354.0,16.3544,1044083.31638,1
1786543200000,63814.1,63814.1,63603.8,63627.0,77391.0,77.3911,4928084.41675,1
1786543500000,63633.7,63721.6,63576.1,63721.6,33418.0,33.4182,2126165.65802,1
1786543800000,63723.0,63898.2,63708.9,63761.0,142933.0,142.9339,9122775.72155,1
1786544100000,63761.0,63802.5,63735.7,63760.2,15750.0,15.7506,1004359.32675,1
1786544400000,63763.7,63774.3,63700.0,63727.9,10442.0,10.4424,665563.64737,1
1786544700000,63724.7,63777.6,63640.9,63640.9,15174.0,15.1745,966508.12095,1
1786545000000,63640.3,63666.6,63515.4,63555.8,74758.0,74.7588,4755167.2992,1
1786545300000,63551.7,63617.7,63502.2,63549.9,29085.0,29.0851,1847932.64924,1
1786545600000,63551.3,63614.1,63502.1,63592.4,19221.0,19.2213,1221915.92373,1
1786545900000,63592.5,63615.7,63555.0,63590.9,13835.0,13.8355,879715.76661,1
1786546200000,63595.5,63595.5,63466.3,63466.3,32597.0,32.5974,2069889.90444,1
1786546500000,63466.5,63480.0,63335.4,63344.3,71901.0,71.9011,4558132.48964,1
1786546800000,63339.1,63469.2,63291.1,63432.6,47789.0,47.7894,3027908.52335,1
1786547100000,63437.3,63489.5,63416.4,63437.5,23835.0,23.8356,1512414.79565,1
1786547400000,63432.3,63508.8,63431.5,63475.5,15746.0,15.7463,999453.86325,1
1786547700000,63475.5,63522.4,63466.0,63508.9,18616.0,18.6164,1182289.01882,1
1786548000000,63509.9,63509.9,63420.0,63461.0,17475.0,17.4755,1109190.2544,1
1786548300000,63461.0,63467.4,63408.2,63466.6,4341.0,4.3414,275445.86375,1
1786548600000,63487.1,63503.3,63375.1,63444.0,13181.0,13.1817,836033.16377,1
1786548900000,63444.0,63515.9,63443.1,63475.0,116484.0,116.4847,7396629.82826,1
1786549200000,63476.6,63549.2,63451.6,63501.1,17783.0,17.7835,1129760.5152,1
1786549500000,63503.8,63528.1,63458.0,63473.2,11886.0,11.8861,754661.88924,1
1786549800000,63473.2,63500.0,63460.8,63486.3,7871.0,7.8716,499703.36593,1
1786550100000,63485.6,63494.8,63401.2,63421.4,16259.0,16.2594,1031467.84917,1
1786550400000,63421.4,63464.6,63403.0,63464.5,6663.0,6.6636,422680.03449,1
1786550700000,63464.6,63469.9,63385.0,63395.8,23754.0,23.7545,1506779.31048,1
1786551000000,63399.6,63456.5,63346.9,63454.9,17057.0,17.0576,1081539.43004,1
1786551300000,63454.9,63534.6,63438.2,63493.3,20117.0,20.1179,1277050.06006,1
1786551600000,63493.3,63508.9,63458.6,63508.2,4054.0,4.0545,257406.77144,1
1786551900000,63505.3,63543.1,63499.0,63541.1,2467.0,2.4675,156706.19382,1
1786552200000,63541.4,63557.5,63519.9,63520.5,61310.0,61.3101,3895811.30862,1
1786552500000,63519.6,63528.9,63497.6,63524.6,6085.0,6.0851,386493.7085,1
1786552800000,63524.5,63537.3,63484.2,63496.4,7439.0,7.439,472447.72395,1
1786553100000,63493.5,63494.0,63452.0,63453.0,3750.0,3.7508,238053.12498,1
1786553400000,63452.4,63498.2,63450.0,63465.1,1750.0,1.7505,111106.09402,1
1786553700000,63465.2,63491.3,63459.5,63462.4,2447.0,2.4478,155353.32784,1
1786554000000,63462.3,63503.2,63462.3,63490.0,2197.0,2.1975,139497.57564,1
1786554300000,63481.6,63501.0,63479.4,63481.9,1843.0,1.8435,117038.86284,1
1786554600000,63464.1,63520.6,63450.0,63510.8,7307.0,7.3077,463935.08456,1
1786554900000,63512.4,63527.1,63486.9,63488.1,10340.0,10.34,656691.73003,1
1786555200000,63488.1,63488.1,63400.0,63418.9,29594.0,29.5945,1877394.25042,1
1786555500000,63413.0,63433.5,63402.4,63425.6,3700.0,3.7008,234698.5979,1
1786555800000,63425.6,63454.3,63400.0,63454.3,6867.0,6.8671,435686.5285,1
1786556100000,63454.3,63489.1,63450.9,63451.9,20695.0,20.6956,1313310.81185,1
1786556400000,63452.0,63477.2,63450.0,63452.4,4588.0,4.5889,291227.38253,1
1786556700000,63452.3,63462.8,63428.0,63462.8,4555.0,4.5556,289006.21114,1
1786557000000,63470.0,63508.0,63455.9,63455.9,2711.0,2.7119,172196.9264,1
1786557300000,63455.9,63465.1,63450.0,63450.0,2324.0,2.324,147482.67413,1
1786557600000,63449.8,63473.0,63400.1,63457.6,3601.0,3.6011,228446.47473,1
1786557900000,63454.5,63458.4,63435.6,63442.0,4513.0,4.5138,286375.61142,1
1786558200000,63442.0,63484.1,63419.8,63453.8,2361.0,2.3615,149874.65788,1
1786558500000,63452.9,63452.9,63400.0,63400.3,3944.0,3.9448,250125.91233,1
1786558800000,63400.3,63407.1,63357.2,63387.3,10811.0,10.8113,685280.79283,1
1786559100000,63387.3,63423.9,63387.3,63420.0,1443.0,1.4436,91532.07272,1
1786559400000,63420.0,63494.7,63401.7,63472.2,5025.0,5.0257,318953.16551,1
1786559700000,63472.3,63472.3,63424.2,63424.2,3580.0,3.5806,227193.8414,1
1786560000000,63423.9,63434.8,63395.2,63424.5,15059.0,15.0595,955002.2408,1
1786560300000,63420.7,63420.7,63401.9,63406.3,7664.0,7.6642,485946.7078,1
1786560600000,63406.4,63406.4,63354.3,63360.8,3492.0,3.4921,221315.74103,1
1786560900000,63360.8,63372.1,63354.5,63360.0,3830.0,3.8308,242724.74226,1
1786561200000,63360.0,63396.7,63355.7,63396.7,5320.0,5.3207,337217.17554,1
1786561500000,63396.7,63401.8,63379.3,63396.8,2529.0,2.5294,160348.73055,1
1786561800000,63394.1,63413.6,63370.9,63370.9,1746.0,1.7461,110687.8344,1
1786562100000,63371.0,63441.0,63353.2,63418.0,3973.0,3.973,251920.04844,1
1786562400000,63420.8,63420.8,63360.5,63360.6,4392.0,4.3926,278363.3041,1
1786562700000,63360.2,63372.3,63287.5,63360.0,76751.0,76.751,4859057.00545,1
1786563000000,63360.0,63372.7,63340.3,63357.9,5792.0,5.7923,367016.9019,1
1786563300000,63357.9,63382.4,63333.1,63333.1,28815.0,28.8155,1825646.92779,1
1786563600000,63332.8,63362.3,63313.7,63313.8,3522.0,3.5227,223094.08499,1
1786563900000,63313.8,63350.5,63298.6,63322.9,12818.0,12.818,811636.15845,1
1786564200000,63320.9,63379.6,63300.0,63378.7,13879.0,13.8795,879067.15807,1
1786564500000,63379.9,63409.1,63373.1,63399.3,6878.0,6.8782,436080.72162,1
1786564800000,63404.7,63487.8,63404.6,63475.1,20041.0,20.0415,1271833.97849,1
1786565100000,63479.6,63484.6,63406.7,63406.7,12075.0,12.075,766121.14603,1
1786565400000,63412.2,63460.2,63412.2,63439.9,3196.0,3.1963,202775.36601,1
1786565700000,63439.9,63460.8,63412.0,63460.8,3030.0,3.0309,192224.45241,1
1786566000000,63461.1,63478.7,63436.3,63470.0,1780.0,1.7804,112989.40205,1
1786566300000,63470.0,63490.0,63470.0,63482.1,4176.0,4.1767,265155.9144,1
1786566600000,63482.1,63520.0,63482.1,63519.4,11701.0,11.7012,742940.21292,1
1786566900000,63510.7,63544.2,63504.0,63541.9,14579.0,14.5792,926201.49769,1
1786567200000,63540.6,63545.9,63516.5,63516.5,26022.0,26.0224,1653518.91121,1
1786567500000,63518.6,63539.3,63500.5,63500.5,2567.0,2.5676,163107.79562,1
1786567800000,63500.5,63518.6,63500.5,63500.5,4932.0,4.9325,313255.59145,1
1786568100000,63500.5,63573.3,63500.5,63573.2,10224.0,10.2244,649743.61623,1
1786568400000,63575.0,63628.2,63558.8,63558.9,38468.0,38.4685,2446914.48469,1
1786568700000,63558.9,63558.9,63528.9,63542.0,6224.0,6.2249,395547.54572,1
1786569000000,63542.0,63602.6,63542.0,63570.0,8426.0,8.4261,535609.49715,1
1786569300000,63555.3,63570.2,63544.0,63544.1,4524.0,4.5242,287534.20742,1
1786569600000,63544.1,63550.5,63508.3,63508.3,3966.0,3.9669,252044.98276,1
1786569900000,63508.3,63508.3,63442.2,63452.6,8900.0,8.9003,564866.24364,1
1786570200000,63450.1,63472.1,63408.4,63458.9,8717.0,8.7173,553080.52249,1
1786570500000,63459.0,63483.8,63400.0,63483.7,7796.0,7.7961,494632.01649,1
1786570800000,63485.7,63515.9,63470.0,63508.3,5277.0,5.2773,335086.29857,1
1786571100000,63511.5,63530.4,63496.0,63500.0,5782.0,5.7827,367294.22636,1
1786571400000,63496.0,63551.2,63496.0,63531.8,2025.0,2.0252,128666.36498,1
1786571700000,63513.7,63513.7,63422.4,63441.4,6752.0,6.7524,428568.97555,1
1786572000000,63435.3,63472.8,63391.9,63443.9,17640.0,17.6404,1118884.37896,1
1786572300000,63443.9,63491.0,63440.4,63445.9,3169.0,3.1691,201088.38664,1
1786572600000,63445.9,63508.0,63445.9,63465.7,2354.0,2.3542,149478.81346,1
1786572900000,63471.7,63503.6,63471.7,63477.9,1520.0,1.5204,96517.08864,1
1786573200000,63477.9,63489.5,63456.8,63484.8,807.0,0.8076,51264.4717,1
1786573500000,63484.8,63495.6,63457.1,63457.1,2269.0,2.2696,144044.20675,1
1786573800000,63457.2,63462.5,63368.6,63392.7,8259.0,8.2598,523639.90061,1
1786574100000,63394.1,63410.2,63350.0,63350.0,20708.0,20.7086,1312440.98133,1
1786574400000,63350.0,63378.0,63350.0,63376.7,6810.0,6.8106,431528.83103,1
1786574700000,63376.8,63390.6,63368.1,63379.5,8156.0,8.1565,516939.70817,1
1786575000000,63379.4,63406.9,63379.4,63406.9,4066.0,4.0661,257760.76063,1
1786575300000,63406.9,63408.9,63385.7,63405.9,3765.0,3.7655,238710.0341,1
1786575600000,63404.5,63406.5,63364.3,63375.9,3553.0,3.5532,225196.20468,1
1786575900000,63374.3,63395.6,63350.0,63395.6,4127.0,4.1275,261559.90582,1
1786576200000,63395.6,63409.0,63370.3,63388.6,888.0,0.8886,56321.20819,1
1786576500000,63388.6,63420.0,63380.5,63397.3,5971.0,5.9715,378617.52599,1
1786576800000,63397.3,63410.6,63355.0,63355.0,4837.0,4.8376,306560.78034,1
1786577100000,63360.1,63393.2,63357.5,63393.1,411.0,0.4111,26050.25613,1
1786577400000,63394.4,63427.7,63394.4,63427.7,5976.0,5.976,378989.16893,1
1786577700000,63427.7,63444.1,63425.2,63442.1,829.0,0.8296,52626.27153,1
1786578000000,63442.1,63442.1,63378.4,63394.0,6107.0,6.1078,387224.25623,1
1786578300000,63394.0,63397.8,63382.5,63386.9,2746.0,2.7469,174120.60782,1
1786578600000,63386.9,63411.9,63382.5,63401.6,1713.0,1.7135,108634.04339,1
1786578900000,63401.6,63457.4,63397.6,63454.7,2120.0,2.1206,134471.33511,1
1786579200000,63450.5,63471.4,63449.6,63450.1,6045.0,6.0458,383619.43822,1
1786579500000,63450.1,63571.4,63450.1,63570.3,4677.0,4.677,297048.90157,1
1786579800000,63570.5,63575.4,63558.0,63575.4,4485.0,4.4856,285112.61791,1
1786580100000,63579.2,63690.3,63579.2,63627.5,84171.0,84.1715,5354412.02484,1
1786580400000,63625.0,63625.1,63588.9,63589.0,4464.0,4.4647,284016.8847,1
1786580700000,63589.0,63602.0,63555.6,63602.0,8667.0,8.6675,551007.94393,1
1786581000000,63595.6,63595.8,63535.5,63561.5,8919.0,8.9198,567004.27614,1
1786581300000,63556.8,63566.0,63548.1,63548.1,4719.0,4.7195,299954.75957,1
1786581600000,63548.2,63548.2,63474.3,63486.0,13586.0,13.5862,862790.40277,1
1786581900000,63491.9,63567.5,63475.7,63549.2,1417.0,1.4177,90055.70672,1
1786582200000,63553.6,63580.5,63546.8,63555.1,4317.0,4.3177,274409.57861,1
1786582500000,63555.0,63561.9,63530.1,63530.1,1530.0,1.53,97226.84618,1
1786582800000,63527.3,63540.9,63494.7,63540.9,3810.0,3.8109,242085.89456,1
1786583100000,63540.9,63549.1,63525.1,63549.1,208.0,0.2086,13254.14884,1
1786583400000,63550.0,63606.6,63550.0,63606.5,8819.0,8.8197,560757.35503,1
1786583700000,63607.9,63607.9,63505.7,63509.3,9620.0,9.6206,611452.80193,1
1786584000000,63509.3,63528.0,63419.3,63419.3,7699.0,7.6999,488644.29801,1
1786584300000,63419.4,63427.2,63384.0,63390.0,6770.0,6.7709,429334.44373,1
1786584600000,63390.1,63448.3,63390.0,63448.3,4544.0,4.544,288184.45156,1
1786584900000,63449.4,63508.2,63449.4,63507.8,964.0,0.9645,61223.56145,1
1786585200000,63507.7,63507.7,63390.0,63390.0,5876.0,5.8767,372900.34395,1
1786585500000,63385.0,63426.1,63360.6,63409.6,8143.0,8.1431,516232.50469,1
1786585800000,63409.6,63472.8,63400.0,63472.8,1744.0,1.7443,110647.63601,1
1786586100000,63469.5,63485.2,63430.0,63430.0,2379.0,2.3793,150992.96539,1
1786586400000,63425.5,63450.0,63415.6,63415.6,997.0,0.9972,63252.25317,1
1786586700000,63415.6,63458.1,63397.4,63458.1,6401.0,6.4016,406007.16895,1
1786587000000,63458.1,63458.1,63415.7,63434.4,2480.0,2.4803,157315.89649,1
1786587300000,63434.4,63439.9,63414.6,63420.5,1923.0,1.9233,121980.20999,1
1786587600000,63420.5,63429.9,63398.0,63421.4,1417.0,1.4179,89905.09311,1
1786587900000,63421.4,63456.6,63421.4,63437.2,654.0,0.6546,41531.28355,1
1786588200000,63435.0,63435.0,63357.5,63390.0,5453.0,5.4534,345592.25188,1
1786588500000,63390.0,63419.7,63379.4,63399.0,1598.0,1.5982,101320.08844,1
1786588800000,63386.2,63463.3,63380.5,63463.3,1077.0,1.0775,68360.15396,1
1786589100000,63466.8,63500.0,63441.8,63499.1,14748.0,14.7482,935833.14645,1
1786589400000,63499.1,63537.0,63499.1,63537.0,6060.0,6.0605,384918.58791,1
1786589700000,63537.0,63553.6,63516.3,63522.5,4107.0,4.1075,260998.76504,1
1786590000000,63522.5,63538.6,63500.7,63515.2,6091.0,6.0918,386976.90755,1
1786590300000,63515.2,63518.6,63486.3,63486.3,3208.0,3.2081,203733.81405,1
1786590600000,63493.1,63553.8,63486.7,63545.7,6067.0,6.0679,385515.19919,1
1786590900000,63545.6,63582.3,63541.6,63555.3,4442.0,4.4423,282390.87021,1
1786591200000,63583.4,63600.6,63545.4,63600.1,5508.0,5.5082,350128.01991,1
1786591500000,63600.1,63615.8,63552.1,63552.2,5570.0,5.5707,354191.3819,1
1786591800000,63552.2,63582.4,63541.9,63582.4,1241.0,1.2417,78918.10675,1
1786592100000,63582.4,63609.7,63569.1,63581.8,1063.0,1.0635,67620.77107,1
1786592400000,63581.8,63589.5,63549.0,63549.0,1786.0,1.7863,113538.61085,1
1786592700000,63550.1,63632.0,63550.1,63607.3,2975.0,2.9751,189226.14334,1
1786593000000,63607.3,63657.1,63600.0,63638.1,16383.0,16.3838,1042692.40684,1
1786593300000,63633.2,63640.1,63623.4,63623.4,5233.0,5.2337,333028.69116,1
1786593600000,63623.4,63627.5,63614.6,63614.7,958.0,0.9585,60981.8643,1
1786593900000,63614.7,63621.0,63613.6,63613.6,279.0,0.2799,17806.85931,1
1786594200000,63616.3,63639.0,63599.7,63638.8,6631.0,6.6316,421784.15349,1
1786594500000,63638.8,63639.0,63599.0,63599.0,4368.0,4.3681,277847.49755,1
1786594800000,63599.0,63599.0,63574.9,63579.4,1833.0,1.8339,116598.38811,1
1786595100000,63579.1,63584.1,63567.3,63567.6,134.0,0.1345,8550.44993,1
1786595400000,63567.6,63599.6,63567.5,63598.2,1678.0,1.6788,106748.04137,1
1786595700000,63598.2,63689.0,63598.2,63657.0,15362.0,15.3629,977868.28658,1
1786596000000,63657.1,63686.5,63657.0,63674.2,2798.0,2.7982,178167.59943,1
1786596300000,63678.2,63748.7,63678.2,63698.8,18244.0,18.2448,1162539.0871,1
1786596600000,63698.8,63726.9,63695.9,63720.0,6702.0,6.7024,426976.59076,1
1786596900000,63720.1,63728.8,63670.5,63672.9,1502.0,1.5022,95694.31095,1
1786597200000,63670.6,63726.5,63653.6,63721.9,2540.0,2.5401,161774.27343,1
1786597500000,63722.0,63854.4,63708.1,63809.9,28117.0,28.1174,1794068.33137,1
1786597800000,63809.9,63857.2,63800.9,63855.0,66940.0,66.94,4271278.89045,1
1786598100000,63858.0,63985.3,63858.0,63904.8,54876.0,54.8767,3507795.41759,1
1786598400000,63904.7,63950.7,63882.9,63929.2,23134.0,23.1341,1478372.8608,1
1786598700000,63929.1,63934.0,63892.3,63912.8,8747.0,8.7477,559112.76688,1
1786599000000,63920.0,63927.3,63875.5,63899.9,5320.0,5.3203,339982.01272,1
1786599300000,63899.8,63910.5,63874.9,63909.4,6573.0,6.573,419983.12909,1
1786599600000,63909.9,63915.0,63890.0,63897.1,1453.0,1.4536,92878.82927,1
1786599900000,63894.9,63900.0,63859.3,63862.5,1434.0,1.4341,91610.98956,1
1786600200000,63862.5,63867.4,63858.1,63867.2,8056.0,8.056,514503.26396,1
1786600500000,63867.3,63867.3,63846.8,63846.8,2385.0,2.3858,152348.5362,1
1786600800000,63844.4,63857.7,63800.8,63801.6,5779.0,5.7794,368903.45528,1
1786601100000,63801.6,63829.9,63791.6,63797.9,2232.0,2.2321,142426.26135,1
1786601400000,63798.0,63814.8,63797.9,63813.4,3721.0,3.7218,237477.22181,1
1786601700000,63813.4,63813.4,63786.6,63813.4,1400.0,1.4008,89373.60356,1
1786602000000,63813.4,63826.0,63800.7,63802.3,1379.0,1.3792,88006.57768,1
1786602300000,63802.3,63805.1,63786.0,63797.3,2803.0,2.8034,178844.69192,1
1786602600000,63797.3,63797.3,63759.3,63764.1,5383.0,5.3837,343337.22129,1
1786602900000,63766.8,63773.6,63748.1,63748.1,1266.0,1.2661,80730.96379,1
1786603200000,63748.1,63748.2,63730.5,63730.5,652.0,0.6528,41609.41037,1
1786603500000,63730.4,63787.0,63726.5,63777.0,25665.0,25.6654,1636550.87038,1
1786603800000,63777.0,63878.9,63770.8,63878.8,5275.0,5.2752,336799.54476,1
1786604100000,63882.5,63903.6,63866.0,63903.6,3814.0,3.8141,243663.94838,1
1786604400000,63903.6,63916.6,63836.0,63836.0,32141.0,32.1412,2052776.28001,1
1786604700000,63839.8,63868.8,63838.6,63847.0,2348.0,2.3483,149931.29508,1
1786605000000,63861.0,63872.5,63843.6,63843.9,20670.0,20.6704,1319687.28951,1
1786605300000,63847.2,63855.9,63840.3,63840.3,898.0,0.898,57339.05758,1
1786605600000,63840.4,63886.2,63827.5,63886.2,2678.0,2.6786,171021.00499,1
1786605900000,63886.2,63887.7,63851.8,63866.1,3942.0,3.9426,251802.59586,1
1786606200000,63866.1,63869.1,63863.1,63863.1,3340.0,3.3402,213334.69928,1
1786606500000,63863.1,63863.2,63852.0,63852.0,531.0,0.5319,33967.73537,1
1786606800000,63850.4,63858.3,63841.3,63841.3,2530.0,2.5309,161609.09786,1
1786607100000,63841.3,63841.3,63824.4,63824.4,6237.0,6.2378,398143.14555,1
1786607400000,63824.4,63824.4,63823.9,63824.0,12693.0,12.6935,810151.37431,1
1786607700000,63824.0,63833.0,63823.1,63833.0,10509.0,10.5098,670780.18931,1
1786608000000,63835.4,63881.3,63835.4,63871.7,4163.0,4.1632,265928.9026,1
1786608300000,63867.7,63879.0,63835.3,63847.5,2576.0,2.5767,164541.44921,1
1786608600000,63847.5,63847.5,63805.8,63805.8,8923.0,8.9232,569470.65638,1
1786608900000,63805.8,63808.4,63781.8,63781.8,1129.0,1.129,72027.24185,1
1786609200000,63781.8,63787.8,63762.5,63773.5,1317.0,1.317,84001.83564,1
1786609500000,63773.5,63773.5,63759.1,63759.2,1676.0,1.6761,106873.77149,1
1786609800000,63756.0,63764.5,63747.4,63747.4,786.0,0.786,50109.56636,1
1786610100000,63747.4,63768.4,63747.4,63768.3,5236.0,5.236,333855.61439,1
1786610400000,63768.3,63768.8,63756.0,63768.8,1294.0,1.2945,82543.47411,1
1786610700000,63768.7,63769.9,63733.4,63753.0,349.0,0.349,22245.35825,1
1786611000000,63739.5,63744.6,63719.0,63719.0,1501.0,1.5012,95666.91366,1
1786611300000,63719.2,63743.7,63719.2,63743.7,1487.0,1.4874,94801.72879,1
1786611600000,63743.7,63743.8,63698.4,63699.6,898.0,0.8989,57266.89577,1
1786611900000,63699.6,63699.7,63647.9,63647.9,6911.0,6.9117,440088.75464,1
1786612200000,63648.0,63648.0,63590.8,63590.9,11802.0,11.8023,750916.01541,1
1786612500000,63590.8,63642.2,63572.4,63642.2,10878.0,10.8784,691925.21679,1
1786612800000,63642.2,63684.2,63641.7,63684.2,7201.0,7.2012,458447.7917,1
1786613100000,63684.1,63689.4,63633.4,63633.4,1760.0,1.7607,112090.04748,1
1786613400000,63633.4,63682.4,63630.1,63682.3,5495.0,5.4951,349872.2558,1
1786613700000,63682.4,63682.4,63648.6,63652.1,5412.0,5.4121,344569.55715,1
1786614000000,63652.1,63680.0,63645.2,63676.2,1370.0,1.3701,87224.21946,1
1786614300000,63679.9,63700.1,63679.9,63698.0,10094.0,10.0941,642882.4138,1
1786614600000,63701.0,63750.0,63701.0,63740.0,11222.0,11.2228,715239.74092,1
1786614900000,63740.1,63764.8,63740.0,63757.1,1771.0,1.7716,112944.04249,1
1786615200000,63765.1,63800.0,63657.2,63671.2,6494.0,6.494,413742.57144,1
1786615500000,63678.5,63712.1,63591.6,63597.4,6217.0,6.2173,395466.94658,1
1786615800000,63599.9,63628.8,63589.5,63597.5,4716.0,4.7163,299986.59102,1
1786616100000,63591.7,63654.7,63591.7,63631.7,59742.0,59.7426,3800699.11212,1
1786616400000,63631.7,63631.7,63597.5,63597.5,1197.0,1.1972,76154.1711,1
1786616700000,63597.5,63613.2,63597.5,63599.0,1862.0,1.8623,118442.33836,1
1786617000000,63592.7,63592.7,63543.8,63559.5,11671.0,11.6718,741854.4174,1
1786617300000,63559.5,63586.8,63559.5,63580.6,4052.0,4.0524,257662.09681,1
1786617600000,63580.6,63609.5,63574.4,63605.5,3800.0,3.8006,241704.79653,1
1786617900000,63610.3,63614.7,63610.3,63614.7,782.0,0.7826,49781.93711,1
1786618200000,63616.2,63624.8,63611.5,63616.2,1659.0,1.6599,105600.12018,1
1786618500000,63616.2,63628.9,63616.2,63628.8,1877.0,1.8777,119467.69853,1
1786618800000,63628.8,63637.4,63624.0,63628.0,3932.0,3.9323,250223.79434,1
1786619100000,63628.0,63628.0,63591.7,63591.7,1902.0,1.9023,120977.24737,1
1786619400000,63591.7,63600.0,63583.3,63599.9,4294.0,4.2946,273081.83367,1
1786619700000,63599.9,63605.3,63590.1,63590.1,1366.0,1.3666,86908.52235,1
1786620000000,63590.1,63591.6,63432.8,63464.7,16567.0,16.567,1051963.61801,1
1786620300000,63464.0,63472.0,63410.0,63410.0,5170.0,5.1708,328000.99632,1
1786620600000,63410.0,63430.0,63363.7,63374.4,18858.0,18.8585,1195503.39745,1
1786620900000,63378.1,63445.5,63323.7,63445.5,18628.0,18.6282,1180500.76286,1
1786621200000,63441.2,63445.5,63395.7,63437.3,14135.0,14.1357,896450.09149,1
1786621500000,63437.2,63477.3,63434.2,63463.4,6356.0,6.356,403359.08549,1
1786621800000,63463.4,63463.4,63440.0,63445.8,6958.0,6.9585,441532.06845,1
1786622100000,63445.8,63457.5,63426.6,63457.4,6121.0,6.1219,388386.82614,1
1786622400000,63449.6,63455.0,63414.4,63435.4,3498.0,3.4983,221919.8286,1
1786622700000,63435.4,63517.1,63435.4,63517.1,14361.0,14.361,911686.49903,1
1786623000000,63517.1,63536.0,63495.9,63536.0,9501.0,9.5017,603536.6653,1
1786623300000,63536.0,63537.0,63520.3,63533.8,3271.0,3.2714,207823.12084,1
1786623600000,63533.8,63542.9,63531.1,63542.9,5196.0,5.1962,330163.53171,1
1786623900000,63542.9,63562.1,63537.2,63553.1,8306.0,8.3063,527882.88051,1
1786624200000,63553.2,63663.6,63443.9,63597.5,29870.0,29.8709,1897691.09737,1
1786624500000,63599.5,63625.8,63545.9,63545.9,73809.0,73.8096,4695011.11734,1
1786624800000,63546.0,63560.0,63510.4,63560.0,125969.0,125.9694,8003736.89121,1
1786625100000,63560.0,63606.1,63534.0,63606.1,2799.0,2.7993,177916.48587,1
1786625400000,63606.6,63631.3,63588.8,63631.3,31807.0,31.807,2023115.50441,1
1786625700000,63630.7,63697.4,63623.2,63669.1,16159.0,16.1596,1028739.83569,1
1786626000000,63674.7,63751.3,63674.7,63705.7,36317.0,36.3171,2314638.01536,1
1786626300000,63705.8,63781.8,63705.7,63736.2,10872.0,10.8721,693198.59939,1
1786626600000,63740.7,63744.7,63709.1,63715.1,47688.0,47.6884,3038525.73662,1
1786626900000,63715.1,63715.1,63678.1,63682.8,9118.0,9.1186,580783.96362,1
1786627200000,63678.8,63678.8,63575.0,63575.1,13986.0,13.9863,889934.76968,1
1786627500000,63571.4,63609.9,63547.6,63584.0,9554.0,9.5545,607448.5518,1
1786627800000,63571.7,63702.7,63540.0,63702.7,24843.0,24.8436,1580798.28298,1
1786628100000,63702.7,63775.6,63694.1,63775.6,15715.0,15.715,1001671.89945,1
1786628400000,63776.9,63828.0,63757.1,63779.6,46213.0,46.2138,2948147.56615,1
1786628700000,63774.0,63818.5,63657.9,63817.4,22139.0,22.1396,1411046.58328,1
1786629000000,63817.4,63817.4,63706.9,63746.3,39058.0,39.0589,2489503.44515,1
1786629300000,63745.9,63745.9,63677.7,63699.9,15415.0,15.4156,982135.79907,1
1786629600000,63699.9,63735.1,63666.8,63667.5,18180.0,18.1807,1158195.46767,1
1786629900000,63666.7,63736.8,63661.9,63690.3,3359.0,3.3595,213931.1989,1
1786630200000,63700.5,63822.8,63683.5,63782.5,14567.0,14.5678,929123.49331,1
1786630500000,63785.3,63855.1,63782.5,63803.5,8365.0,8.3651,533892.67788,1
1786630800000,63800.0,63850.0,63780.0,63806.7,21009.0,21.0095,1340118.26814,1
1786631100000,63803.4,63830.8,63737.1,63784.1,12270.0,12.2703,782605.58807,1
1786631400000,63783.9,63932.3,63741.7,63917.5,58137.0,58.1374,3714035.04103,1
1786631700000,63907.1,63970.0,63907.1,63927.2,53554.0,53.554,3424649.8146,1
1786632000000,63923.7,63953.9,63919.2,63933.1,6524.0,6.5247,417143.94052,1
1786632300000,63940.0,63942.5,63883.6,63892.0,20438.0,20.4389,1306107.58796,1
1786632600000,63894.6,63907.3,63864.2,63876.0,11677.0,11.6772,746045.03616,1
1786632900000,63881.4,63881.4,63835.1,63840.8,7185.0,7.1854,458910.22216,1
1786633200000,63839.8,63918.7,63839.8,63888.2,8221.0,8.221,525212.2424,1
1786633500000,63886.0,63886.0,63789.0,63800.1,10927.0,10.9272,697389.88814,1
1786633800000,63803.1,63851.9,63796.5,63801.1,7510.0,7.5106,479239.50366,1
1786634100000,63790.5,63829.7,63754.9,63829.7,4170.0,4.1704,266000.51306,1
1786634400000,63824.1,63866.8,63780.4,63780.5,32242.0,32.2422,2057692.44048,1
1786634700000,63780.1,63780.1,63572.9,63606.1,27050.0,27.0506,1721832.27891,1
1786635000000,63606.2,63663.0,63580.1,63635.7,11287.0,11.2872,718114.52035,1
1786635300000,63635.7,63679.2,63625.0,63679.1,14582.0,14.5829,928071.619,1
1786635600000,63680.3,63722.9,63663.8,63699.5,14320.0,14.3202,912155.46358,1
1786635900000,63699.5,63699.5,63594.8,63600.1,12276.0,12.2768,781478.46691,1
1786636200000,63600.2,63660.4,63564.0,63594.5,13328.0,13.3283,847907.17373,1
1786636500000,63586.5,63619.4,63400.0,63400.0,55820.0,55.8207,3544299.96345,1
1786636800000,63400.1,63456.0,63368.9,63437.0,49337.0,49.3372,3129050.17891,1
1786637100000,63436.9,63484.1,63372.8,63421.2,10401.0,10.401,659747.58389,1
1786637400000,63415.8,63457.5,63401.7,63433.5,20424.0,20.424,1295553.36532,1
1786637700000,63438.6,63482.9,63429.3,63480.4,18945.0,18.9455,1202393.61364,1
1786638000000,63475.5,63535.7,63417.4,63523.4,26837.0,26.8378,1704610.47687,1
1786638300000,63523.0,63525.7,63289.9,63336.9,39840.0,39.8402,2524664.55971,1
1786638600000,63336.8,63412.3,63336.8,63382.3,18050.0,18.05,1143822.77041,1
1786638900000,63377.2,63408.7,63020.9,63047.3,154177.0,154.1772,9730529.4975,1
1786639200000,63044.0,63051.5,62810.1,62965.1,292974.0,292.9742,18433877.30004,1
1786639500000,62962.0,63156.7,62900.0,63140.7,192414.0,192.4146,12139268.87574,1
1786639800000,63140.9,63210.1,63027.0,63032.2,77748.0,77.7487,4908905.77136,1
1786640100000,63033.0,63131.3,63032.3,63125.6,42143.0,42.1437,2658288.9635,1
1786640400000,63135.1,63135.1,63057.7,63092.2,31547.0,31.547,1990302.47265,1
1786640700000,63092.1,63118.2,63058.0,63102.3,22780.0,22.7806,1437613.3242,1
1786641000000,63100.8,63127.6,63090.0,63107.0,7598.0,7.5986,479564.99437,1
1786641300000,63107.0,63200.0,63074.8,63076.9,87112.0,87.1122,5502306.70588,1
1786641600000,63076.5,63200.0,63076.5,63192.9,12433.0,12.4335,785531.28779,1
1786641900000,63192.5,63236.8,63146.0,63165.1,19496.0,19.4962,1231808.26734,1
1786642200000,63165.0,63240.0,63165.0,63167.8,28318.0,28.3189,1789352.12581,1
1786642500000,63165.2,63165.2,63088.3,63156.4,67717.0,67.7178,4273571.8419,1
1786642800000,63150.2,63210.6,63150.2,63210.6,8727.0,8.7278,551459.36229,1
1786643100000,63210.6,63276.4,63200.1,63223.6,16399.0,16.3992,1037229.05936,1
1786643400000,63216.2,63223.2,63166.5,63174.4,7703.0,7.7039,486738.38518,1
1786643700000,63177.0,63189.0,63125.0,63125.1,2428.0,2.4287,153379.79004,1
1786644000000,63125.0,63266.5,63097.8,63251.4,51809.0,51.8098,3276201.99383,1
1786644300000,63250.3,63250.3,63188.4,63188.4,8749.0,8.7496,553199.02802,1
1786644600000,63188.4,63199.9,63174.3,63188.2,5704.0,5.7042,360402.17006,1
1786644900000,63195.7,63229.0,63183.0,63222.3,6492.0,6.4924,410377.47372,1
1786645200000,63218.1,63226.4,63151.0,63151.6,12799.0,12.7994,808958.21589,1
1786645500000,63153.6,63174.3,63094.1,63097.2,4732.0,4.7325,298811.72961,1
1786645800000,63098.4,63171.2,63088.0,63130.0,11944.0,11.944,753937.62829,1
1786646100000,63120.2,63138.0,63104.1,63114.0,3968.0,3.9681,250471.7011,1
1786646400000,63125.3,63181.3,63122.5,63181.3,731.0,0.7311,46173.98897,1
1786646700000,63181.3,63194.2,63155.6,63194.2,69163.0,69.1638,4368937.86491,1
1786647000000,63194.2,63348.0,63194.1,63324.4,26891.0,26.8914,1701994.35172,1
1786647300000,63324.4,63338.9,63284.7,63284.7,32266.0,32.2663,2042564.93289,1
1786647600000,63284.7,63328.4,63284.7,63293.2,18417.0,18.4175,1166011.59814,1
1786647900000,63293.2,63475.7,63293.2,63458.3,49595.0,49.5955,3145627.18869,1
1786648200000,63453.6,63453.6,63380.0,63384.6,20137.0,20.1372,1277336.24712,1
1786648500000,63384.7,63409.4,63362.4,63392.4,10136.0,10.1366,642490.43775,1
1786648800000,63393.3,63403.5,63361.9,63399.9,22368.0,22.3684,1417963.95865,1
1786649100000,63399.9,63408.0,63386.2,63398.1,3768.0,3.7683,238880.80526,1
1786649400000,63395.6,63409.9,63373.9,63389.0,9775.0,9.7752,619745.29443,1
1786649700000,63388.9,63423.9,63361.9,63396.2,7569.0,7.5694,479707.05471,1
1786650000000,63400.0,63422.9,63365.7,63399.9,24983.0,24.9834,1584027.77628,1
1786650300000,63399.9,63446.5,63388.6,63409.7,10986.0,10.9866,696638.47838,1
1786650600000,63409.7,63411.7,63373.9,63384.1,9192.0,9.1922,582606.16669,1
1786650900000,63384.0,63392.7,63367.5,63379.6,3018.0,3.0184,191302.48846,1
1786651200000,63386.1,63395.0,63343.4,63382.6,13909.0,13.9097,881296.36884,1
1786651500000,63382.6,63436.6,63382.6,63424.0,5949.0,5.949,377274.02746,1
1786651800000,63424.0,63427.9,63362.2,63393.0,6091.0,6.0918,386151.79996,1
1786652100000,63400.0,63423.7,63394.4,63423.7,9419.0,9.419,597260.24163,1
1786652400000,63423.6,63436.4,63412.7,63414.1,4765.0,4.7655,302264.15356,1
1786652700000,63412.9,63433.0,63408.7,63428.4,3876.0,3.8765,245876.02929,1
1786653000000,63428.4,63447.0,63424.9,63428.1,9566.0,9.5669,606916.62471,1
1786653300000,63428.1,63428.9,63413.4,63413.5,3105.0,3.1053,196939.73202,1
1786653600000,63410.8,63410.8,63379.7,63391.9,4411.0,4.4118,279686.77559,1
1786653900000,63391.9,63391.9,63368.5,63372.4,20483.0,20.4836,1298145.83587,1
1786654200000,63372.5,63373.8,63362.3,63362.3,1728.0,1.7281,109504.51787,1
1786654500000,63362.3,63385.6,63362.3,63385.6,10379.0,10.3797,657903.10566,1
1786654800000,63370.6,63433.0,63369.8,63433.0,12573.0,12.5731,796911.45889,1
1786655100000,63433.0,63442.3,63410.4,63415.8,6023.0,6.0238,382118.05351,1
1786655400000,63419.6,63421.5,63397.8,63403.5,1053.0,1.0531,66786.40392,1
1786655700000,63412.1,63412.1,63390.4,63410.3,1506.0,1.5069,95549.36211,1
1786656000000,63410.3,63429.5,63401.7,63428.6,1090.0,1.0903,69142.76697,1
1786656300000,63422.9,63428.0,63396.8,63428.0,1325.0,1.3257,84059.47213,1
1786656600000,63428.0,63450.0,63425.7,63446.4,27796.0,27.7967,1763552.26342,1
1786656900000,63444.3,63472.8,63426.4,63472.8,3548.0,3.5489,225154.34229,1
1786657200000,63472.9,63477.4,63415.2,63425.1,3415.0,3.4151,216651.99251,1
1786657500000,63419.9,63436.8,63409.9,63411.9,4111.0,4.111,260703.07149,1
1786657800000,63411.9,63441.3,63411.9,63418.2,946.0,0.946,60004.65356,1
1786658100000,63422.5,63444.5,63422.4,63444.5,3381.0,3.3811,214493.81513,1
1786658400000,63444.5,63520.0,63443.4,63520.0,43056.0,43.0563,2733980.78188,1
1786658700000,63520.0,63597.7,63493.5,63531.2,71384.0,71.3849,4536341.49753,1
1786659000000,63539.6,63600.0,63539.5,63581.4,6370.0,6.3709,405057.19202,1
1786659300000,63581.4,63603.0,63564.3,63570.6,10734.0,10.7341,682529.69207,1
1786659600000,63559.5,63606.0,63550.0,63574.6,7801.0,7.8016,496021.86061,1
1786659900000,63574.6,63595.6,63560.1,63595.6,6185.0,6.1851,393270.41713,1
1786660200000,63602.8,63602.8,63549.5,63553.7,6505.0,6.5058,413466.09015,1
1786660500000,63555.9,63574.8,63541.8,63541.8,16868.0,16.8684,1072091.94919,1
1786660800000,63541.7,63541.7,63526.8,63526.9,2504.0,2.5044,159111.52284,1
1786661100000,63526.9,63537.4,63515.0,63515.0,2864.0,2.8641,181919.42496,1
1786661400000,63515.0,63515.9,63510.0,63510.0,9371.0,9.3719,595220.09449,1
1786661700000,63508.2,63508.3,63497.6,63497.6,14399.0,14.3996,914433.38435,1
1786662000000,63504.1,63512.8,63435.6,63435.6,7948.0,7.9488,504481.34056,1
1786662300000,63435.7,63449.7,63428.5,63449.6,5355.0,5.3559,339790.296,1
1786662600000,63453.5,63475.4,63447.0,63447.0,1455.0,1.4558,92379.96664,1
1786662900000,63447.0,63451.5,63421.2,63444.4,2676.0,2.6769,169814.64247,1
1786663200000,63444.4,63465.8,63426.9,63427.1,2160.0,2.1602,137055.88353,1
1786663500000,63436.5,63448.1,63436.5,63448.1,589.0,0.5897,37412.64087,1
1786663800000,63448.1,63464.6,63448.1,63450.1,1367.0,1.3679,86804.24915,1
1786664100000,63450.0,63450.0,63424.3,63424.3,4053.0,4.0539,257197.20526,1
1786664400000,63424.2,63436.3,63415.2,63432.4,998.0,0.9984,63323.20839,1
1786664700000,63432.4,63432.4,63390.8,63390.8,10770.0,10.7705,682888.93152,1
1786665000000,63390.8,63392.9,63377.1,63377.1,4345.0,4.3452,275413.21259,1
1786665300000,63377.2,63455.9,63374.0,63455.9,6969.0,6.9691,441980.05826,1
1786665600000,63455.9,63481.8,63402.3,63454.2,9117.0,9.1172,578661.30334,1
1786665900000,63460.4,63485.7,63454.6,63485.6,5368.0,5.368,340701.34897,1
1786666200000,63485.7,63488.0,63466.0,63475.7,4547.0,4.5477,288668.09244,1
1786666500000,63475.8,63500.0,63466.0,63467.8,3629.0,3.6297,230430.39007,1
1786666800000,63467.8,63528.4,63466.1,63526.4,17405.0,17.4052,1105640.31626,1
1786667100000,63527.4,63527.4,63390.8,63419.6,5320.0,5.3209,337501.78731,1
1786667400000,63410.7,63419.0,63380.0,63396.7,12170.0,12.1708,771581.0359,1
1786667700000,63396.8,63418.5,63396.7,63418.3,1894.0,1.8941,120094.11698,1
1786668000000,63418.3,63524.7,63418.3,63497.9,6960.0,6.9604,441906.71672,1
1786668300000,63497.8,63497.9,63452.3,63478.7,3036.0,3.0364,192698.54088,1
1786668600000,63481.7,63526.4,63470.4,63513.7,3282.0,3.2823,208444.90874,1
1786668900000,63513.7,63518.1,63493.5,63517.6,3522.0,3.522,223673.94453,1
1786669200000,63512.1,63552.8,63487.1,63544.0,1917.0,1.9171,121811.6402,1
1786669500000,63544.0,63560.0,63481.1,63495.0,2430.0,2.4308,154388.60403,1
1786669800000,63495.0,63504.5,63465.5,63480.6,944.0,0.9448,59975.037,1
1786670100000,63476.3,63483.4,63437.5,63437.5,2490.0,2.4902,157993.30118,1
1786670400000,63435.6,63542.5,63428.9,63527.6,4280.0,4.2807,271892.593,1
1786670700000,63527.6,63530.3,63460.6,63460.6,2399.0,2.3992,152303.42336,1
1786671000000,63460.6,63472.6,63447.7,63472.5,1539.0,1.5397,97712.63742,1
1786671300000,63472.5,63507.6,63469.6,63496.7,1002.0,1.0028,63666.59854,1
1786671600000,63504.0,63540.0,63504.0,63539.2,1183.0,1.183,75151.82154,1
1786671900000,63539.2,63539.2,63493.2,63530.1,1626.0,1.6265,103308.0057,1
1786672200000,63530.1,63532.8,63504.4,63509.9,2752.0,2.752,174801.06102,1
1786672500000,63506.1,63540.0,63496.7,63539.9,5205.0,5.2054,330614.73863,1
1786672800000,63540.0,63552.8,63526.2,63528.2,5477.0,5.4776,348027.45219,1
1786673100000,63528.2,63595.1,63516.6,63584.2,6717.0,6.7173,427087.531,1
1786673400000,63589.2,63593.5,63500.0,63528.0,966.0,0.9669,61434.80159,1
1786673700000,63538.9,63555.0,63472.0,63480.3,6781.0,6.7816,430650.80356,1
1786674000000,63480.3,63510.4,63472.1,63472.1,17401.0,17.4013,1104841.90165,1
1786674300000,63472.1,63477.0,63452.2,63459.1,6948.0,6.9486,440995.97747,1
1786674600000,63466.2,63531.9,63466.2,63519.7,1957.0,1.9577,124306.4636,1
1786674900000,63519.7,63528.1,63496.6,63509.3,2665.0,2.6654,169264.35923,1
1786675200000,63502.0,63502.0,63470.9,63491.9,5326.0,5.326,338162.97312,1
1786675500000,63491.9,63509.3,63491.9,63508.7,4938.0,4.9381,313587.32084,1
1786675800000,63509.3,63535.9,63508.7,63519.1,2071.0,2.0715,131575.80883,1
1786676100000,63519.1,63519.1,63438.7,63441.6,2699.0,2.6991,171277.14006,1
1786676400000,63437.1,63444.0,63397.5,63412.3,5741.0,5.7413,364055.01457,1
1786676700000,63404.3,63426.9,63404.3,63426.8,614.0,0.614,38937.79769,1
1786677000000,63422.8,63471.7,63411.9,63471.6,2942.0,2.9423,186637.51878,1
1786677300000,63471.6,63550.0,63471.6,63550.0,3985.0,3.9858,253232.92245,1
1786677600000,63550.0,63555.7,63509.2,63509.2,1993.0,1.9936,126650.51388,1
1786677900000,63509.2,63514.3,63447.4,63453.3,932.0,0.9325,59202.34635,1
1786678200000,63447.4,63447.4,63400.1,63405.2,2437.0,2.4371,154568.23905,1
1786678500000,63405.2,63405.3,63327.6,63346.9,89679.0,89.6798,5681166.90081,1
1786678800000,63346.9,63360.7,63330.4,63356.3,19062.0,19.0622,1207294.87623,1
1786679100000,63353.2,63353.2,63311.5,63315.3,10234.0,10.2345,648090.79421,1
1786679400000,63315.3,63320.0,63310.0,63314.6,4531.0,4.531,286863.38298,1
1786679700000,63314.5,63325.2,63273.9,63288.1,14958.0,14.9582,946656.31,1
1786680000000,63288.0,63352.4,63254.3,63345.2,21204.0,21.2043,1342214.21702,1
1786680300000,63345.0,63385.8,63338.4,63375.0,5521.0,5.5211,349839.66181,1
1786680600000,63375.0,63387.3,63374.9,63383.6,3666.0,3.6664,232368.96664,1
1786680900000,63383.6,63449.6,63383.5,63390.8,2158.0,2.1583,136877.40881,1
1786681200000,63390.8,63395.1,63357.7,63357.7,1017.0,1.0179,64512.27275,1
1786681500000,63356.9,63397.8,63340.1,63395.2,2486.0,2.4862,157511.17852,1
1786681800000,63389.9,63405.0,63378.2,63378.2,4520.0,4.5207,286562.46799,1
1786682100000,63378.2,63381.0,63363.7,63377.8,2859.0,2.859,181183.00361,1
1786682400000,63377.8,63388.5,63367.1,63370.9,2856.0,2.8569,181076.64174,1
1786682700000,63370.9,63378.9,63351.0,63356.9,1015.0,1.0155,64353.81147,1
1786683000000,63356.9,63368.7,63356.9,63363.3,1015.0,1.0154,64339.86437,1
1786683300000,63363.4,63363.4,63341.7,63350.0,1949.0,1.9496,123511.78779,1
1786683600000,63349.9,63375.6,63349.9,63351.7,1373.0,1.3734,87034.1663,1
1786683900000,63351.6,63353.7,63315.0,63315.4,5821.0,5.8219,368656.77774,1
1786684200000,63315.1,63325.7,63304.5,63308.3,2580.0,2.5806,163385.04234,1
1786684500000,63305.5,63326.9,63285.8,63297.9,4579.0,4.5794,289891.97594,1
1786684800000,63298.0,63336.9,63258.1,63262.6,11615.0,11.6153,735257.03815,1
1786685100000,63263.4,63307.4,63263.4,63296.9,21920.0,21.9202,1387656.40301,1
1786685400000,63293.3,63323.3,63283.2,63323.3,2385.0,2.3858,151060.32679,1
1786685700000,63323.3,63329.7,63311.6,63329.2,6438.0,6.4384,407683.88632,1
1786686000000,63329.2,63350.1,63325.2,63325.2,1426.0,1.426,90317.52739,1
1786686300000,63325.2,63348.0,63325.1,63326.5,1893.0,1.8934,119918.39225,1
1786686600000,63326.5,63350.0,63320.5,63350.0,1750.0,1.7508,110899.42943,1
1786686900000,63350.0,63375.4,63349.9,63357.8,2772.0,2.7726,175657.63705,1
1786687200000,63357.8,63357.8,63305.3,63315.7,2347.0,2.3478,148684.95612,1
1786687500000,63315.7,63319.5,63305.6,63305.6,7005.0,7.0055,443519.59963,1
1786687800000,63305.6,63305.6,63266.1,63275.0,1223.0,1.223,77393.31842,1
1786688100000,63275.0,63275.4,63178.9,63218.9,11165.0,11.1658,705937.79353,1
1786688400000,63215.0,63222.4,63181.4,63200.2,4757.0,4.7572,300635.59577,1
1786688700000,63200.3,63200.3,63156.0,63156.0,21444.0,21.4446,1354934.04796,1
1786689000000,63156.0,63220.0,63156.0,63195.5,6263.0,6.2638,395738.42381,1
1786689300000,63195.5,63206.6,63156.0,63177.2,4893.0,4.8937,309163.12209,1
1786689600000,63186.4,63191.9,63147.0,63151.0,2890.0,2.8907,182566.58693,1
1786689900000,63151.0,63181.1,63119.2,63126.5,9809.0,9.8096,619395.01625,1
1786690200000,63126.4,63174.7,62982.1,62997.1,120948.0,120.9481,7620104.69236,1
1786690500000,62997.1,63038.3,62913.5,62944.6,125664.0,125.664,7913167.41361,1
1786690800000,62944.6,63011.7,62925.1,63002.0,62738.0,62.7384,3949923.86812,1
1786691100000,63002.1,63053.9,63001.2,63029.4,13073.0,13.0737,824041.03778,1
1786691400000,63029.4,63059.1,63017.4,63043.4,31312.0,31.3121,1973582.45033,1
1786691700000,63043.3,63068.3,63043.3,63062.6,2337.0,2.3371,147369.30711,1
1786692000000,63062.6,63077.5,63052.0,63076.4,3227.0,3.2271,203527.96921,1
1786692300000,63076.4,63077.6,63067.1,63067.2,1157.0,1.1571,72983.27636,1
1786692600000,63067.2,63067.2,62980.3,62987.8,17477.0,17.4774,1100973.56532,1
1786692900000,62987.8,62987.8,62944.5,62944.6,3494.0,3.4944,220023.49206,1
1786693200000,62944.6,63000.0,62926.9,62992.7,13493.0,13.4933,849752.88407,1
1786693500000,62990.1,62990.1,62959.9,62970.1,4643.0,4.6432,292390.46,1
1786693800000,62975.3,62980.8,62913.9,62952.9,12256.0,12.256,771260.26166,1
1786694100000,62952.9,62960.0,62890.3,62891.2,58177.0,58.177,3659938.09255,1
1786694400000,62891.2,62916.0,62859.7,62903.4,71710.0,71.7103,4510732.66449,1
1786694700000,62903.4,62919.9,62886.8,62906.3,16416.0,16.4161,1032786.92985,1
1786695000000,62906.3,62910.7,62864.4,62880.1,73395.0,73.3959,4614459.99609,1
1786695300000,62889.3,62960.0,62878.6,62878.6,67628.0,67.6281,4254119.32709,1
1786695600000,62862.9,62913.6,62728.2,62748.7,191491.0,191.4917,12031947.01691,1
1786695900000,62748.5,62772.9,62722.5,62750.1,61293.0,61.293,3846375.60808,1
1786696200000,62745.0,62765.5,62662.7,62764.1,129374.0,129.3745,8115068.80931,1
1786696500000,62767.2,62842.7,62767.2,62825.1,56371.0,56.3718,3540465.13194,1
1786696800000,62827.0,62833.9,62783.4,62800.3,12843.0,12.8437,806685.96726,1
1786697100000,62800.4,62864.3,62790.3,62864.3,12529.0,12.5291,787309.29324,1
1786697400000,62862.7,62900.0,62860.6,62881.2,126175.0,126.1753,7933632.22432,1
1786697700000,62881.2,62909.7,62876.7,62904.0,10140.0,10.1409,637736.87378,1
1786698000000,62904.8,62904.8,62864.9,62865.0,4314.0,4.3143,271261.75979,1
1786698300000,62865.0,62865.0,62833.0,62833.0,3577.0,3.5772,224843.1785,1
1786698600000,62827.8,62843.8,62824.7,62841.5,10247.0,10.2475,643861.46669,1
1786698900000,62841.5,62858.6,62837.1,62853.6,4483.0,4.4834,281795.22976,1
1786699200000,62853.7,62879.2,62848.8,62879.2,4520.0,4.5207,284201.25734,1
1786699500000,62879.1,62881.0,62763.7,62763.7,30025.0,30.0253,1886070.03312,1
1786699800000,62763.7,62786.3,62726.0,62786.3,12892.0,12.8925,809059.60917,1
1786700100000,62786.3,62791.3,62722.8,62722.8,16937.0,16.9374,1062982.80973,1
1786700400000,62722.8,62744.7,62710.3,62733.0,18741.0,18.7415,1175565.7783,1
1786700700000,62739.9,62797.0,62739.9,62792.1,6327.0,6.3275,397141.88773,1
1786701000000,62791.1,62803.0,62753.6,62787.3,9911.0,9.9116,622183.77707,1
1786701300000,62787.3,62787.3,62753.0,62763.9,7411.0,7.4114,465248.37003,1
1786701600000,62757.6,62805.9,62712.0,62791.3,7346.0,7.3466,461136.39137,1
1786701900000,62791.3,62810.6,62770.0,62786.3,27177.0,27.1779,1706836.93841,1
1786702200000,62791.1,62830.1,62791.1,62830.1,8242.0,8.2423,517683.79584,1
1786702500000,62830.0,62888.0,62820.6,62868.1,7615.0,7.6154,478638.43667,1
1786702800000,62868.1,62868.1,62850.6,62854.0,1721.0,1.7212,108192.93282,1
1786703100000,62854.0,62854.0,62810.4,62850.0,172157.0,172.1577,10816895.43828,1
1786703400000,62850.0,62885.6,62850.0,62885.5,4871.0,4.8711,306282.96064,1
1786703700000,62887.3,62911.7,62845.3,62866.0,35695.0,35.6958,2244416.83898,1
1786704000000,62866.0,62866.0,62825.7,62840.8,4627.0,4.6271,290749.95179,1
1786704300000,62840.7,62860.1,62793.1,62806.5,16725.0,16.7251,1050508.22375,1
1786704600000,62806.5,62824.3,62792.9,62805.8,6077.0,6.0778,381741.35939,1
1786704900000,62805.8,62805.8,62775.1,62787.7,9708.0,9.7082,609562.58647,1
1786705200000,62787.7,62848.1,62785.0,62846.2,13357.0,13.3576,839357.39788,1
1786705500000,62823.9,62828.5,62779.3,62821.5,7450.0,7.4502,467926.19602,1
1786705800000,62821.5,62834.3,62800.0,62827.5,4459.0,4.4596,280125.43185,1
1786706100000,62823.3,62881.0,62807.8,62881.0,7324.0,7.3244,460208.75994,1
1786706400000,62880.9,62889.6,62851.9,62857.3,7690.0,7.6905,483440.98303,1
1786706700000,62857.3,62883.5,62846.5,62861.1,1079.0,1.0799,67890.22408,1
1786707000000,62861.1,62871.5,62842.8,62871.4,7702.0,7.7021,484164.37575,1
1786707300000,62871.4,62906.2,62866.3,62866.3,10442.0,10.4423,656681.85392,1
1786707600000,62854.0,62863.6,62816.0,62863.6,3505.0,3.5054,220233.81695,1
1786707900000,62864.0,62869.4,62823.5,62840.8,7060.0,7.0608,443663.26085,1
1786708200000,62840.8,62891.2,62840.8,62891.2,7093.0,7.0932,445958.61844,1
1786708500000,62891.3,62898.5,62826.4,62835.1,11645.0,11.6455,732125.16656,1
1786708800000,62857.7,62867.9,62820.4,62838.2,2634.0,2.6346,165567.85538,1
1786709100000,62838.2,62838.2,62766.1,62766.1,8366.0,8.3662,525398.37643,1
1786709400000,62767.4,62777.0,62736.7,62777.0,17802.0,17.8025,1117323.89801,1
1786709700000,62799.8,62839.6,62770.4,62770.5,9465.0,9.4658,594576.51586,1
1786710000000,62770.4,62837.6,62770.4,62837.6,11488.0,11.4889,721581.05896,1
1786710300000,62837.9,62857.2,62820.0,62857.1,2762.0,2.7629,173626.48453,1
1786710600000,62857.1,62885.2,62827.4,62829.6,37083.0,37.0831,2331136.43494,1
1786710900000,62829.6,62829.6,62778.3,62795.5,5768.0,5.7689,362337.83847,1
1786711200000,62794.8,62794.9,62733.7,62733.7,15181.0,15.1818,952720.88408,1
1786711500000,62733.7,62754.4,62695.3,62754.4,23857.0,23.8572,1496175.67019,1
1786711800000,62762.5,62783.1,62705.3,62748.5,7267.0,7.2674,455959.26347,1
1786712100000,62750.0,62759.7,62703.0,62706.1,4647.0,4.647,291550.48305,1
1786712400000,62712.8,62712.8,62610.0,62680.5,86603.0,86.6037,5427400.21882,1
1786712700000,62680.5,62724.4,62558.8,62637.0,138321.0,138.3216,8663828.93179,1
1786713000000,62641.6,62672.8,62570.0,62669.4,120651.0,120.6511,7556213.89835,1
1786713300000,62653.4,62671.5,62622.7,62637.5,61774.0,61.7745,3869370.57211,1
1786713600000,62636.2,62708.7,62622.7,62704.7,98645.0,98.6453,6181348.46659,1
1786713900000,62700.1,62765.5,62665.8,62756.9,82985.0,82.9858,5201976.80141,1
1786714200000,62756.9,62792.5,62664.1,62700.0,17272.0,17.2724,1083359.17867,1
1786714500000,62706.2,62736.5,62577.9,62626.9,20636.0,20.6368,1293584.36245,1
1786714800000,62634.9,62714.1,62611.5,62688.6,171632.0,171.6327,10759642.60361,1
1786715100000,62714.2,62724.1,62638.0,62638.0,38530.0,38.5309,2415825.06881,1
1786715400000,62638.1,62662.7,62607.1,62619.1,99667.0,99.6675,6241534.80198,1
1786715700000,62619.9,62659.9,62575.3,62637.4,147472.0,147.4721,9235220.22076,1
1786716000000,62643.1,62710.2,62560.0,62628.9,237622.0,237.6223,14879630.59337,1
1786716300000,62625.9,62693.9,62570.0,62572.7,110570.0,110.5708,6922074.81349,1
1786716600000,62570.0,62686.8,62570.0,62580.1,57270.0,57.2703,3585947.52114,1
1786716900000,62580.1,62635.9,62538.0,62567.0,221291.0,221.2916,13848824.24076,1
1786717200000,62552.8,62630.1,62540.8,62565.6,17281.0,17.2816,1081419.52611,1
1786717500000,62567.0,62678.4,62567.0,62648.1,110257.0,110.2575,6906802.04599,1
1786717800000,62638.3,62738.4,62625.9,62707.3,166438.0,166.4381,10427600.15855,1
1786718100000,62707.0,62773.8,62702.9,62755.6,22243.0,22.2437,1395671.15011,1
1786718400000,62750.4,62754.4,62710.0,62713.4,15756.0,15.7565,988461.00701,1
1786718700000,62720.2,62744.0,62702.2,62720.8,57269.0,57.2695,3591306.56408,1
1786719000000,62712.0,62712.0,62617.5,62630.7,21448.0,21.4486,1343483.91,1
1786719300000,62630.7,62630.7,62498.2,62588.2,50098.0,50.0984,3132991.00452,1
1786719600000,62588.1,62655.7,62579.8,62613.5,118943.0,118.9436,7445538.32042,1
1786719900000,62613.4,62675.1,62613.4,62650.0,14829.0,14.8293,928902.69942,1
1786720200000,62650.0,62688.6,62650.0,62673.8,19735.0,19.7351,1236745.61031,1
1786720500000,62672.3,62687.9,62650.0,62679.9,6893.0,6.8934,432043.71284,1
1786720800000,62680.0,62746.0,62680.0,62741.8,7547.0,7.5471,473348.87271,1
1786721100000,62741.9,62821.3,62688.0,62821.3,14829.0,14.8291,930445.60109,1
1786721400000,62822.9,62876.2,62758.7,62872.8,31131.0,31.1313,1955337.84753,1
1786721700000,62862.4,63000.1,62862.4,62993.1,101351.0,101.351,6377919.21584,1
1786722000000,62993.2,62993.2,62937.3,62959.8,18093.0,18.0933,1139003.43917,1
1786722300000,62960.0,63028.6,62939.9,62949.9,32895.0,32.8958,2071654.41149,1
1786722600000,62950.1,62990.0,62917.5,62983.0,10030.0,10.0309,631301.14513,1
1786722900000,62980.0,63061.0,62970.5,62970.5,28659.0,28.6593,1805806.6766,1
1786723200000,62967.8,63025.8,62953.5,62969.8,11737.0,11.7372,739223.32223,1
1786723500000,62969.8,63000.0,62933.7,62994.9,18729.0,18.729,1179087.04012,1
1786723800000,62991.0,63070.0,62991.0,63012.0,14580.0,14.5808,919188.81451,1
1786724100000,63010.1,63050.8,63000.0,63034.4,24212.0,24.2124,1525847.77277,1
1786724400000,63036.0,63086.2,63021.3,63077.0,27739.0,27.7393,1748735.74222,1
1786724700000,63070.0,63132.0,63052.8,63089.3,38326.0,38.3269,2418135.60046,1
1786725000000,63091.4,63132.0,63066.9,63123.1,14106.0,14.1068,890321.67187,1
1786725300000,63123.1,63187.7,63123.1,63164.1,17670.0,17.6709,1116152.76432,1
1786725600000,63164.1,63187.7,63164.0,63174.0,6225.0,6.2254,393268.47222,1
1786725900000,63174.0,63174.3,63110.0,63138.3,23167.0,23.1676,1462988.17943,1
1786726200000,63138.4,63138.4,63074.8,63087.0,10994.0,10.9941,693770.56047,1
1786726500000,63087.0,63116.8,63074.8,63105.9,1213.0,1.2132,76556.0431,1
1786726800000,63112.1,63137.8,63109.5,63118.0,5799.0,5.7999,366153.04017,1
1786727100000,63117.9,63120.8,63082.0,63089.8,8113.0,8.1136,511936.91603,1
1786727400000,63089.8,63149.9,63089.8,63149.9,5237.0,5.2373,330530.25734,1
1786727700000,63149.9,63173.8,63130.5,63163.8,31694.0,31.6946,2001852.56297,1
1786728000000,63169.8,63215.3,63159.4,63191.5,21943.0,21.9434,1386729.60093,1
1786728300000,63189.9,63194.0,63153.3,63170.3,10336.0,10.3368,652961.19057,1
1786728600000,63170.3,63186.8,63143.3,63184.0,5084.0,5.084,321120.59318,1
1786728900000,63184.0,63184.0,63097.3,63104.4,21884.0,21.8848,1381255.11415,1
1786729200000,63104.4,63113.2,63047.1,63078.0,6586.0,6.5863,415421.33554,1
1786729500000,63078.0,63086.7,63075.2,63086.6,4541.0,4.5415,286493.57786,1
1786729800000,63086.6,63089.9,63039.9,63049.9,4977.0,4.9777,313852.86483,1
1786730100000,63043.4,63043.4,62970.0,62988.3,11509.0,11.5094,725044.20561,1
1786730400000,62988.3,63020.0,62931.7,63010.2,82018.0,82.0181,5162657.09953,1
1786730700000,63010.2,63035.7,62986.5,63002.8,9209.0,9.2094,580314.33926,1
1786731000000,63002.8,63038.0,62964.7,62964.7,7880.0,7.8806,496574.48537,1
1786731300000,62974.1,63021.0,62972.8,63007.5,1725.0,1.7253,108711.74202,1
1786731600000,63007.5,63029.1,63000.0,63017.5,1564.0,1.5643,98588.33271,1
1786731900000,63017.5,63046.4,63003.7,63003.8,14269.0,14.269,899235.74361,1
1786732200000,63000.0,63000.0,62912.8,62924.9,11971.0,11.9715,753625.30374,1
1786732500000,62924.9,62986.7,62924.9,62969.8,3052.0,3.0522,192178.17397,1
1786732800000,62969.9,62990.5,62941.5,62941.6,5036.0,5.0363,317087.15273,1
1786733100000,62947.5,62948.0,62858.0,62869.0,27355.0,27.3551,1720102.12573,1
1786733400000,62869.0,62905.5,62868.0,62894.1,11853.0,11.853,745398.87982,1
1786733700000,62894.1,62900.0,62879.1,62900.0,2481.0,2.4813,156055.37207,1
1786734000000,62900.0,62900.0,62847.6,62848.9,8655.0,8.6554,544094.96636,1
1786734300000,62854.4,62865.0,62825.4,62860.1,17765.0,17.7652,1116278.7471,1
1786734600000,62860.0,62860.1,62827.1,62842.6,9507.0,9.5079,597483.2348,1
1786734900000,62840.2,62847.0,62794.1,62804.9,5302.0,5.3021,333044.00871,1
1786735200000,62810.2,62874.0,62800.6,62855.2,17541.0,17.5416,1102618.7107,1
1786735500000,62855.2,62905.6,62850.0,62898.4,10735.0,10.7359,674996.20548,1
1786735800000,62896.9,62897.0,62855.0,62884.8,1576.0,1.5763,99105.03327,1
1786736100000,62884.8,62915.1,62883.1,62913.5,7600.0,7.6003,478092.20264,1
1786736400000,62913.3,62954.6,62892.1,62954.3,24521.0,24.5218,1543199.97975,1
1786736700000,62950.8,62957.2,62917.7,62926.8,7503.0,7.5039,472230.73791,1
1786737000000,62927.2,62942.8,62917.6,62942.8,3980.0,3.9809,250520.91181,1
1786737300000,62944.4,62945.4,62911.7,62936.8,12217.0,12.2174,768961.08873,1
1786737600000,62936.9,62975.0,62936.7,62975.0,7917.0,7.9176,498385.36247,1
1786737900000,62975.0,62991.1,62955.2,62991.1,6402.0,6.4024,403163.7705,1
1786738200000,62991.2,62995.1,62945.2,62945.2,897.0,0.8973,56498.45466,1
1786738500000,62941.1,62945.0,62906.6,62917.5,2101.0,2.101,132196.87848,1
1786738800000,62917.5,62958.5,62917.4,62948.8,8366.0,8.3666,526649.97606,1
1786739100000,62946.1,62946.1,62917.5,62919.9,1317.0,1.3176,82914.44394,1
1786739400000,62920.0,62927.7,62905.1,62908.4,1879.0,1.8799,118282.07414,1
1786739700000,62908.4,62911.0,62883.3,62886.0,2491.0,2.4918,156704.99932,1
1786740000000,62886.0,62889.0,62880.9,62889.0,9390.0,9.3905,590512.796,1
1786740300000,62897.4,62900.0,62876.8,62886.7,1695.0,1.6952,106614.07054,1
1786740600000,62886.7,62907.4,62881.0,62881.0,789.0,0.7893,49640.23904,1
1786740900000,62881.0,62881.1,62867.4,62878.5,1713.0,1.7132,107718.34409,1
1786741200000,62878.4,62904.7,62863.1,62904.6,6087.0,6.0874,382787.36886,1
1786741500000,62912.2,62912.2,62871.0,62874.0,15482.0,15.4829,973648.03492,1
1786741800000,62874.0,62898.4,62872.9,62873.0,2832.0,2.832,178090.50599,1
1786742100000,62873.0,62888.0,62865.8,62865.8,1191.0,1.1915,74913.20371,1
1786742400000,62862.9,62876.6,62857.7,62876.6,2754.0,2.7548,173162.69752,1
1786742700000,62876.6,62898.8,62868.6,62868.6,2337.0,2.3374,146978.42182,1
1786743000000,62868.6,62871.9,62846.7,62846.7,1984.0,1.9847,124754.92754,1
1786743300000,62846.7,62866.5,62846.7,62866.5,2643.0,2.6436,166150.80807,1
1786743600000,62871.7,62887.4,62853.4,62855.3,2126.0,2.1262,133687.0123,1
1786743900000,62862.9,62888.0,62850.5,62888.0,985.0,0.9858,61985.25653,1
1786744200000,62888.0,62892.9,62854.9,62854.9,1301.0,1.3012,81818.84189,1
1786744500000,62854.9,62897.7,62853.7,62897.6,1806.0,1.8062,113565.80257,1
1786744800000,62897.6,62933.1,62882.6,62914.8,7025.0,7.0253,442098.30329,1
1786745100000,62914.8,62920.9,62869.8,62875.8,10389.0,10.3894,653516.17822,1
1786745400000,62875.8,62875.8,62810.6,62810.7,4303.0,4.3033,270343.76572,1
1786745700000,62810.0,62811.4,62770.4,62808.5,20433.0,20.4335,1282770.13952,1
1786746000000,62808.6,62815.6,62788.5,62810.7,7271.0,7.271,456621.8441,1
1786746300000,62810.7,62810.7,62794.1,62795.7,5706.0,5.7069,358367.64562,1
1786746600000,62794.2,62849.4,62794.2,62834.8,4014.0,4.0142,252230.1509,1
1786746900000,62835.0,62853.6,62835.0,62852.5,10097.0,10.0979,634639.1032,1
1786747200000,62852.5,62858.7,62852.4,62858.5,3893.0,3.8938,244754.16946,1
1786747500000,62858.4,62872.3,62851.1,62851.1,4502.0,4.5025,283023.44923,1
1786747800000,62855.1,62857.9,62850.7,62857.8,7006.0,7.0067,440420.19202,1
1786748100000,62857.8,62865.1,62840.1,62856.9,2091.0,2.0911,131429.43448,1
1786748400000,62855.3,62866.5,62855.3,62858.2,1740.0,1.7403,109397.53599,1
1786748700000,62858.2,62866.0,62858.1,62866.0,983.0,0.9831,61800.17153,1
1786749000000,62866.0,62906.9,62865.9,62901.3,4394.0,4.394,276350.43882,1
1786749300000,62907.7,62910.0,62868.1,62868.1,1230.0,1.2307,77398.37505,1
1786749600000,62867.7,62925.0,62838.4,62921.3,1928.0,1.9283,121283.26603,1
1786749900000,62921.4,62921.4,62900.9,62920.7,1934.0,1.9349,121719.70254,1
1786750200000,62921.5,62931.8,62900.1,62900.1,10778.0,10.7785,678214.87815,1
1786750500000,62900.1,62955.2,62881.3,62955.2,2720.0,2.7206,171166.96827,1
1786750800000,62955.2,63003.4,62945.9,62975.7,8812.0,8.8127,555020.54999,1
1786751100000,62980.1,63027.3,62980.1,63023.5,6611.0,6.6111,416451.50167,1
1786751400000,63023.2,63035.5,62987.1,63012.2,3671.0,3.6718,231390.31197,1
1786751700000,63012.2,63015.1,63000.0,63015.0,2850.0,2.8507,179636.25396,1
1786752000000,63015.0,63038.0,63000.3,63000.3,1680.0,1.6808,105909.46161,1
1786752300000,63000.3,63005.9,62982.0,62996.5,8104.0,8.1042,510482.56352,1
1786752600000,62996.5,63005.4,62984.4,62989.6,1991.0,1.9919,125471.18118,1
1786752900000,62989.6,62989.7,62989.5,62989.7,1733.0,1.7331,109167.13206,1
1786753200000,62989.7,63007.0,62978.0,62985.0,591.0,0.591,37230.28589,1
1786753500000,63000.5,63005.0,62973.0,62973.4,2886.0,2.8863,181796.22653,1
1786753800000,62987.7,63001.5,62986.3,62992.9,2717.0,2.7173,171176.00293,1
1786754100000,62992.9,62993.0,62973.1,62989.9,1353.0,1.3539,85269.7435,1
1786754400000,62991.3,62994.9,62983.3,62994.9,4618.0,4.6185,290925.18238,1
1786754700000,62995.9,63009.3,62987.5,62987.5,16387.0,16.3879,1032273.78968,1
1786755000000,62987.8,62987.8,62975.0,62975.0,1766.0,1.7664,111260.5921,1
1786755300000,62975.0,62998.6,62975.0,62986.2,631.0,0.631,39741.87341,1
1786755600000,62991.7,62991.7,62976.0,62976.0,168.0,0.1681,10587.86985,1
1786755900000,62976.0,62984.6,62966.7,62984.6,1198.0,1.1985,75474.00982,1
1786756200000,62984.6,63002.3,62979.6,62989.5,591.0,0.5918,37272.7066,1
1786756500000,62989.4,62989.5,62974.7,62974.7,2570.0,2.5702,161872.49561,1
1786756800000,62974.7,63008.8,62970.0,63008.8,474.0,0.4742,29869.88173,1
1786757100000,63008.8,63015.0,62992.8,63008.7,3547.0,3.5473,223526.28696,1
1786757400000,63008.8,63008.8,62990.0,62999.6,1225.0,1.2259,77229.18626,1
1786757700000,63014.9,63015.0,63000.1,63000.1,9841.0,9.8414,620147.64356,1
1786758000000,63000.1,63013.9,62999.6,63003.8,2540.0,2.54,160022.10818,1
1786758300000,63003.8,63006.0,62996.6,62996.6,6198.0,6.1981,390485.77751,1
1786758600000,62996.6,62999.9,62992.8,62998.8,1647.0,1.6475,103788.24159,1
1786758900000,62998.8,63008.9,62996.2,63008.9,1215.0,1.2151,76547.51314,1
1786759200000,63010.8,63020.0,63010.8,63020.0,612.0,0.6124,38591.21991,1
1786759500000,63020.0,63033.1,63010.0,63012.6,740.0,0.7403,46660.2142,1
1786759800000,63013.4,63027.7,63007.5,63027.7,988.0,0.9885,62284.48971,1
1786760100000,63027.7,63075.4,63027.7,63054.1,5268.0,5.2681,332165.69697,1
1786760400000,63054.1,63083.5,63054.1,63075.8,4967.0,4.9675,313343.41029,1
1786760700000,63075.9,63094.8,63073.4,63073.4,1072.0,1.0726,67659.7503,1
1786761000000,63073.4,63100.0,63073.3,63100.0,3599.0,3.5998,227135.37852,1
1786761300000,63100.0,63104.5,63075.1,63100.8,1625.0,1.625,102539.82668,1
1786761600000,63100.9,63110.1,63100.0,63100.0,894.0,0.8947,56457.17834,1
1786761900000,63100.0,63110.0,63088.9,63110.0,1211.0,1.2118,76460.82537,1
1786762200000,63110.0,63114.0,63100.0,63103.0,3594.0,3.5947,226856.94646,1
1786762500000,63103.0,63113.6,63103.0,63113.5,778.0,0.7786,49138.93335,1
1786762800000,63113.5,63113.6,63103.1,63107.1,355.0,0.3559,22459.77461,1
1786763100000,63108.8,63128.0,63103.5,63103.5,816.0,0.8161,51514.07478,1
1786763400000,63103.5,63129.0,63103.5,63120.0,1271.0,1.271,80219.31542,1
1786763700000,63120.1,63156.9,63120.1,63126.4,5499.0,5.4996,347242.77654,1
1786764000000,63126.4,63126.4,63080.6,63088.0,1214.0,1.2143,76604.9553,1
1786764300000,63084.1,63084.2,63055.8,63065.5,7984.0,7.9849,503620.0294,1
1786764600000,63065.5,63067.0,63055.5,63055.5,1349.0,1.3494,85096.79113,1
1786764900000,63055.4,63055.4,63025.1,63035.1,1033.0,1.0337,65167.75366,1
1786765200000,63035.1,63039.5,63035.1,63039.5,401.0,0.4018,25329.26055,1
1786765500000,63039.5,63039.5,63036.6,63036.7,449.0,0.4497,28348.77059,1
1786765800000,63036.7,63049.2,63036.6,63049.1,1492.0,1.4922,94075.91986,1
1786766100000,63049.2,63049.6,63024.9,63030.3,10643.0,10.6435,671020.26276,1
1786766400000,63030.3,63050.0,63030.3,63049.9,2959.0,2.9598,186614.27314,1
1786766700000,63049.9,63050.0,63034.5,63044.7,598.0,0.5985,37731.72044,1
1786767000000,63044.7,63075.0,63044.6,63074.9,142.0,0.1426,8992.39646,1
1786767300000,63074.9,63100.0,63074.9,63100.0,2168.0,2.1686,136804.92255,1
1786767600000,63100.0,63100.7,63097.0,63097.1,1183.0,1.1839,74703.77237,1
1786767900000,63097.1,63102.7,63097.1,63102.7,199.0,0.1996,12595.19749,1
1786768200000,63102.7,63102.7,63097.4,63100.9,5049.0,5.0499,318656.84433,1
1786768500000,63100.9,63121.3,63100.9,63117.6,1437.0,1.4371,90700.01031,1
1786768800000,63117.2,63117.3,63117.1,63117.3,1730.0,1.7302,109205.34206,1
1786769100000,63117.4,63117.5,63111.6,63111.6,6796.0,6.796,428910.48255,1
1786769400000,63111.6,63111.7,63092.4,63092.4,4440.0,4.4401,280219.63793,1
1786769700000,63092.4,63092.5,63092.4,63092.4,1782.0,1.7827,112474.9371,1
1786770000000,63092.4,63100.1,63092.4,63100.1,2088.0,2.0885,131781.7193,1
1786770300000,63100.1,63117.7,63099.7,63117.7,1137.0,1.1378,71803.23285,1
1786770600000,63117.8,63122.2,63115.0,63122.2,610.0,0.6109,38558.1197,1
1786770900000,63122.2,63127.5,63122.2,63124.4,4282.0,4.2828,270348.74474,1
1786771200000,63124.4,63124.4,63105.0,63105.0,690.0,0.6904,43572.91408,1
1786771500000,63105.0,63105.0,63097.4,63097.4,542.0,0.542,34199.67875,1
1786771800000,63092.4,63097.1,63089.4,63097.1,1770.0,1.7705,111705.56862,1
1786772100000,63088.9,63088.9,63035.8,63035.8,3891.0,3.8914,245377.08858,1
1786772400000,63035.8,63039.5,63029.1,63039.3,890.0,0.8907,56144.3594,1
1786772700000,63039.3,63055.3,63037.4,63037.4,308.0,0.3089,19475.0472,1
1786773000000,63037.4,63044.3,63028.5,63044.3,654.0,0.6543,41245.99548,1
1786773300000,63044.2,63055.5,63013.4,63055.4,3584.0,3.5845,225904.33129,1
1786773600000,63055.4,63055.6,63055.4,63055.5,401.0,0.4017,25329.39829,1
1786773900000,63055.4,63058.9,63055.4,63058.9,799.0,0.7992,50396.27119,1
1786774200000,63058.9,63065.9,63011.3,63011.3,3143.0,3.143,198134.07166,1
1786774500000,63011.3,63024.3,63011.3,63021.3,105.0,0.1051,6623.11844,1
1786774800000,63021.3,63041.8,63020.4,63037.2,3448.0,3.4487,217346.86316,1
1786775100000,63037.2,63037.2,63007.1,63010.1,2378.0,2.3784,149867.98013,1
1786775400000,63010.2,63034.8,63010.2,63034.7,1536.0,1.536,96819.54818,1
1786775700000,63034.7,63034.8,63024.5,63024.5,695.0,0.695,43808.18451,1
1786776000000,63024.5,63042.0,63022.8,63041.9,951.0,0.9514,59974.68237,1
1786776300000,63041.9,63049.0,63041.9,63049.0,22.0,0.0223,1405.86378,1
1786776600000,63049.0,63092.0,63049.0,63092.0,3307.0,3.3076,208626.25528,1
1786776900000,63100.0,63109.3,63080.6,63087.2,16717.0,16.7178,1054872.18671,1
1786777200000,63087.2,63088.0,63082.9,63082.9,4175.0,4.1751,263380.15905,1
1786777500000,63083.1,63086.3,63055.1,63055.1,2113.0,2.1131,133276.80849,1
1786777800000,63055.0,63102.3,63045.0,63102.3,993.0,0.9933,62649.16905,1
1786778100000,63102.4,63102.5,63071.2,63071.2,1145.0,1.1451,72256.39596,1
1786778400000,63071.2,63071.2,63042.0,63058.7,4478.0,4.4783,282355.1782,1
1786778700000,63060.0,63079.7,63051.0,63051.0,2190.0,2.1906,138143.53743,1
1786779000000,63051.0,63052.8,63041.9,63052.7,683.0,0.6836,43101.29447,1
1786779300000,63052.7,63073.6,63047.6,63058.2,2251.0,2.2511,141944.99827,1
1786779600000,63058.2,63058.3,63049.8,63049.9,1810.0,1.8104,114150.27428,1
1786779900000,63049.9,63049.9,63049.8,63049.8,1396.0,1.3966,88055.48068,1
1786780200000,63049.8,63049.9,63046.8,63046.8,1892.0,1.8921,119296.50407,1
1786780500000,63049.0,63058.9,63013.3,63049.9,1418.0,1.418,89388.23019,1
1786780800000,63056.9,63058.4,63049.9,63050.0,2535.0,2.5356,159886.6363,1
1786781100000,63050.0,63050.1,63039.3,63039.4,1921.0,1.9216,121141.22014,1
1786781400000,63039.4,63039.4,63030.0,63030.0,985.0,0.9856,62129.23771,1
1786781700000,63030.0,63041.2,63025.1,63041.2,1622.0,1.622,102234.1681,1
1786782000000,63041.2,63041.2,63025.5,63028.5,1033.0,1.0337,65151.57772,1
1786782300000,63028.4,63028.5,63025.0,63026.3,1434.0,1.4347,90423.75965,1
1786782600000,63026.2,63027.1,63011.0,63011.0,11040.0,11.0409,695855.87909,1
1786782900000,63011.0,63011.0,63003.2,63003.2,3244.0,3.2445,204415.62537,1
1786783200000,63001.7,63001.8,62991.8,62991.8,22058.0,22.0587,1389599.1983,1
1786783500000,62991.8,63034.0,62991.8,63022.6,4501.0,4.501,283637.46187,1
1786783800000,63019.6,63019.6,62942.8,62942.8,7587.0,7.5878,477799.58449,1
1786784100000,62942.8,62948.4,62907.5,62908.5,6462.0,6.4621,406636.47352,1
1786784400000,62918.2,62918.2,62890.2,62894.3,8272.0,8.2721,520322.66396,1
1786784700000,62894.3,62928.8,62894.2,62916.6,1108.0,1.1087,69754.8861,1
1786785000000,62922.1,62937.1,62922.1,62933.7,3723.0,3.7233,234304.86287,1
1786785300000,62933.6,62949.9,62930.0,62949.9,987.0,0.9878,62166.64889,1
1786785600000,62949.9,62949.9,62937.1,62937.1,1446.0,1.446,91007.15412,1
1786785900000,62937.1,62957.8,62937.1,62952.1,2050.0,2.0502,129067.53063,1
1786786200000,62952.1,62963.3,62952.1,62959.9,757.0,0.7579,47717.13323,1
1786786500000,62959.8,62980.1,62959.8,62980.1,310.0,0.3102,19532.48798,1
1786786800000,62980.1,62999.6,62977.6,62999.6,1823.0,1.8236,114872.78546,1
1786787100000,62991.8,62999.2,62991.8,62999.1,1410.0,1.4103,88847.42839,1
1786787400000,62995.1,63006.6,62992.1,63006.6,730.0,0.7306,46023.80007,1
1786787700000,63016.7,63019.8,62999.2,62999.2,1621.0,1.621,102139.25372,1
1786788000000,62999.6,63004.1,62971.9,62971.9,3349.0,3.3493,211006.36371,1
1786788300000,62971.9,62987.6,62971.9,62987.6,6201.0,6.2012,390511.28366,1
1786788600000,62987.6,62993.6,62987.6,62993.5,1442.0,1.4427,90880.28751,1
1786788900000,62993.6,62993.6,62993.5,62993.6,615.0,0.6159,38797.75201,1
1786789200000,62993.6,62996.2,62993.5,62996.1,923.0,0.9236,58181.60549,1
1786789500000,62996.2,62996.2,62992.1,62992.1,1244.0,1.2442,78378.90135,1
1786789800000,62992.1,63013.2,62985.2,63003.3,943.0,0.9431,59414.50969,1
1786790100000,63003.3,63008.6,62995.0,63008.6,200.0,0.2008,12650.63413,1
1786790400000,63009.3,63010.5,63003.5,63006.4,954.0,0.9542,60119.73064,1
1786790700000,63006.4,63025.0,63006.3,63025.0,2052.0,2.0522,129322.68566,1
1786791000000,63025.0,63025.0,63006.6,63006.6,1767.0,1.7673,111377.91942,1
1786791300000,63006.6,63021.6,62995.6,63015.7,281.0,0.2814,17730.50162,1
1786791600000,63015.2,63015.2,63002.0,63002.1,1637.0,1.6379,103191.04621,1
1786791900000,63002.1,63015.0,63000.0,63011.8,785.0,0.7857,49502.14536,1
1786792200000,63011.8,63011.8,62995.8,62995.8,782.0,0.7825,49294.79099,1
1786792500000,62995.8,63016.6,62995.8,63002.2,3784.0,3.7842,238405.75215,1
1786792800000,63002.2,63004.0,63000.0,63004.0,670.0,0.6707,42254.81379,1
1786793100000,63004.0,63010.0,63003.9,63009.9,58.0,0.058,3654.26807,1
1786793400000,63009.9,63014.0,63004.6,63004.7,1864.0,1.864,117445.30465,1
1786793700000,63004.7,63008.8,63004.6,63008.8,147.0,0.1477,9305.94742,1
1786794000000,63009.6,63021.7,63009.6,63021.7,2989.0,2.9894,188365.3265,1
1786794300000,63021.6,63031.3,62969.8,62981.3,6754.0,6.7543,425685.58054,1
1786794600000,62981.3,62998.3,62967.9,62998.3,1597.0,1.5973,100590.55478,1
1786794900000,62998.3,63000.0,62993.0,62993.1,120.0,0.1207,7603.60458,1
1786795200000,62993.0,62993.0,62970.1,62970.1,1520.0,1.5209,95781.1816,1
1786795500000,62970.1,62979.2,62964.7,62975.6,4609.0,4.6092,290249.34034,1
1786795800000,62975.6,62975.7,62959.6,62959.7,638.0,0.6383,40196.38717,1
1786796100000,62959.7,62959.7,62951.6,62956.7,1807.0,1.8079,113814.96045,1
1786796400000,62956.7,62964.9,62956.7,62964.9,823.0,0.8236,51854.63299,1
1786796700000,62964.9,62966.0,62964.8,62966.0,3779.0,3.7797,237988.10345,1
1786797000000,62966.0,62966.0,62953.6,62955.9,1506.0,1.5063,94839.28121,1
1786797300000,62955.9,62956.0,62955.6,62955.6,1760.0,1.7607,110846.57879,1
1786797600000,62951.0,62951.0,62933.9,62933.9,4418.0,4.4188,278105.59092,1
1786797900000,62934.0,62934.0,62922.1,62927.9,957.0,0.9573,60238.42992,1
1786798200000,62927.9,62931.0,62920.9,62931.0,3154.0,3.1544,198494.3114,1
1786798500000,62933.7,63028.9,62933.7,63028.8,7694.0,7.694,484574.08855,1
1786798800000,63028.9,63043.0,62992.2,63043.0,9413.0,9.4135,593180.09378,1
1786799100000,63046.3,63058.2,63019.0,63019.0,15660.0,15.6608,987366.8405,1
1786799400000,63019.0,63044.2,63019.0,63044.2,1170.0,1.1708,73806.11308,1
1786799700000,63044.2,63052.5,63007.8,63022.9,670.0,0.6705,42269.78901,1
1786800000000,63019.7,63032.0,63004.1,63013.6,13676.0,13.6765,861781.14373,1
1786800300000,63017.4,63017.5,63007.1,63007.2,4065.0,4.0659,256219.96398,1
1786800600000,63007.1,63016.3,63004.2,63016.0,745.0,0.7457,46986.69928,1
1786800900000,63016.0,63022.0,63012.2,63012.2,999.0,0.999,62950.97848,1
1786801200000,63012.2,63012.3,63000.0,63001.1,11498.0,11.4983,724413.26645,1
1786801500000,63001.1,63026.5,63001.1,63013.6,1120.0,1.1207,70618.11773,1
1786801800000,63013.6,63024.7,63013.6,63016.9,1093.0,1.093,68875.00125,1
1786802100000,63016.8,63028.0,63016.8,63027.6,5668.0,5.6689,357298.28241,1
1786802400000,63027.6,63027.6,63011.0,63011.0,1893.0,1.8932,119299.66928,1
1786802700000,63011.0,63014.6,63011.0,63014.6,2325.0,2.3251,146508.70404,1
1786803000000,63014.6,63014.6,63008.6,63014.4,294.0,0.2948,18576.22211,1
1786803300000,63014.4,63018.6,63001.9,63001.9,478.0,0.4785,30152.31437,1
1786803600000,63002.0,63002.0,62966.2,62987.7,2000.0,2.0001,125978.50228,1
1786803900000,62987.7,63009.5,62987.7,63006.1,231.0,0.2318,14603.82499,1
1786804200000,63006.1,63006.2,63006.1,63006.2,2719.0,2.7195,171345.14789,1
1786804500000,63009.9,63015.5,63002.3,63002.3,231.0,0.2319,14610.45832,1
1786804800000,63002.3,63015.3,63002.3,63011.7,1200.0,1.2,75614.86039,1
1786805100000,63011.6,63011.7,63011.6,63011.6,1585.0,1.5853,99892.38638,1
1786805400000,63011.6,63022.4,63011.6,63022.4,1043.0,1.0434,65755.78638,1
1786805700000,63022.4,63026.3,63011.7,63011.7,8020.0,8.0208,505509.85852,1
1786806000000,63011.7,63015.6,63011.6,63015.6,2051.0,2.0517,129285.38594,1
1786806300000,63015.6,63015.6,63010.1,63010.1,2062.0,2.0622,129940.65883,1
1786806600000,63010.1,63015.0,63009.9,63009.9,464.0,0.4647,29282.74582,1
1786806900000,63009.9,63041.5,62998.0,63041.5,5170.0,5.1703,325873.965,1
1786807200000,63041.5,63048.0,63021.3,63030.6,1124.0,1.1243,70876.72003,1
1786807500000,63030.6,63045.3,63030.5,63042.4,5697.0,5.6979,359187.21841,1
1786807800000,63042.4,63068.9,63042.4,63066.0,7312.0,7.3122,461056.63112,1
1786808100000,63066.0,63091.3,63066.0,63091.2,4946.0,4.9468,312057.41604,1
1786808400000,63091.2,63091.3,63081.9,63082.0,6161.0,6.1618,388733.79823,1
1786808700000,63082.0,63082.0,63081.9,63082.0,245.0,0.2453,15474.0043,1
1786809000000,63082.0,63082.0,63068.0,63068.1,1173.0,1.1731,73990.60788,1
1786809300000,63068.1,63068.1,63068.0,63068.1,4274.0,4.2747,269596.92699,1
1786809600000,63068.1,63068.1,63061.4,63061.4,3543.0,3.543,223433.18553,1
1786809900000,63061.4,63061.4,63042.8,63059.1,714.0,0.7149,45076.08762,1
1786810200000,63059.1,63066.0,63049.9,63049.9,1140.0,1.1406,71923.44065,1
1786810500000,63049.9,63052.8,63032.7,63052.7,628.0,0.6281,39598.79239,1
1786810800000,63052.7,63070.0,63052.7,63070.0,472.0,0.4727,29808.4749,1
1786811100000,63070.0,63090.0,63069.8,63090.0,5445.0,5.4456,343546.97817,1
1786811400000,63090.0,63091.3,63059.3,63059.3,4005.0,4.0059,252704.01562,1
1786811700000,63059.3,63068.8,63059.3,63067.7,6426.0,6.4266,405305.40624,1
1786812000000,63071.4,63071.4,63062.0,63062.0,3090.0,3.0905,194918.74958,1
1786812300000,63062.0,63075.1,63062.0,63075.0,606.0,0.6064,38242.96368,1
1786812600000,63075.0,63075.0,63066.3,63066.3,698.0,0.6984,44046.66846,1
1786812900000,63066.3,63066.3,63066.2,63066.3,994.0,0.9947,62731.98492,1
1786813200000,63066.3,63066.3,63066.2,63066.2,3442.0,3.4424,217099.10531,1
1786813500000,63066.2,63066.3,63066.2,63066.2,1281.0,1.2812,80800.52344,1
1786813800000,63066.2,63070.0,63066.2,63069.9,814.0,0.8146,51373.89322,1
1786814100000,63069.9,63077.8,63067.8,63077.0,855.0,0.8555,53959.00539,1
1786814400000,63077.0,63077.0,63032.4,63032.4,25966.0,25.9661,1636844.59836,1
1786814700000,63032.4,63044.0,63032.4,63038.9,3467.0,3.4678,218611.38871,1
1786815000000,63039.0,63039.3,63039.0,63039.2,855.0,0.8556,53936.35857,1
1786815300000,63039.2,63043.6,63038.3,63038.3,1317.0,1.317,83024.94118,1
1786815600000,63038.3,63039.9,63038.3,63039.8,949.0,0.9495,59855.22371,1
1786815900000,63039.9,63039.9,63039.8,63039.8,755.0,0.7552,47607.70198,1
1786816200000,63039.8,63039.9,63032.2,63032.2,3532.0,3.5321,222662.48421,1
1786816500000,63032.2,63043.5,63032.2,63043.5,1103.0,1.1034,69561.09343,1
1786816800000,63043.4,63043.5,63040.3,63040.3,8790.0,8.7909,554208.35052,1
1786817100000,63040.3,63054.9,63039.4,63052.8,2613.0,2.6135,164791.72538,1
1786817400000,63054.8,63083.0,63054.8,63066.1,1840.0,1.8407,116107.71587,1
1786817700000,63066.1,63071.6,63021.6,63021.6,4757.0,4.7571,299852.84842,1
1786818000000,63021.6,63034.8,63021.5,63034.8,6526.0,6.5265,411338.44652,1
1786818300000,63034.8,63034.8,63015.2,63018.8,6639.0,6.6396,418434.47451,1
1786818600000,63018.8,63022.5,63018.8,63022.5,2010.0,2.0102,126681.23385,1
1786818900000,63022.5,63022.5,63022.4,63022.4,634.0,0.6347,40000.36389,1
1786819200000,63022.4,63022.5,63014.9,63014.9,928.0,0.9281,58489.19424,1
1786819500000,63014.9,63020.5,63012.0,63012.0,2681.0,2.6813,168970.66464,1
1786819800000,63014.9,63021.5,63011.6,63021.4,1131.0,1.1311,71277.2242,1
1786820100000,63021.4,63026.3,63021.4,63026.2,626.0,0.6262,39465.83544,1
1786820400000,63026.3,63033.6,63026.2,63033.6,501.0,0.501,31577.23077,1
1786820700000,63033.6,63055.8,63033.5,63053.1,1072.0,1.0722,67590.41557,1
1786821000000,63053.1,63056.4,63053.0,63055.1,2138.0,2.1383,134826.99387,1
1786821300000,63055.1,63073.9,63055.0,63073.9,875.0,0.8753,55197.56681,1
1786821600000,63073.9,63086.1,63073.8,63086.0,1536.0,1.5364,96916.21437,1
1786821900000,63087.5,63091.0,63067.8,63067.8,2456.0,2.4564,154960.54402,1
1786822200000,63067.7,63067.8,63067.7,63067.8,1483.0,1.4838,93579.90383,1
1786822500000,63067.8,63092.0,63067.7,63079.3,6791.0,6.7916,428443.33699,1
1786822800000,63079.3,63079.3,63079.2,63079.2,2470.0,2.4707,155849.81645,1
1786823100000,63079.2,63093.5,63079.2,63093.4,3424.0,3.4247,216048.7821,1
1786823400000,63093.5,63093.5,63093.4,63093.5,663.0,0.6637,41875.13534,1
1786823700000,63093.5,63093.6,63093.4,63093.6,648.0,0.6482,40897.20952,1
1786824000000,63093.6,63093.6,63085.0,63088.9,2211.0,2.2116,139525.42837,1
1786824300000,63088.9,63088.9,63062.0,63062.0,670.0,0.6709,42311.47402,1
1786824600000,63062.0,63062.0,63050.7,63050.8,1888.0,1.8882,119055.66159,1
1786824900000,63050.8,63050.8,63040.1,63045.8,7078.0,7.0783,446256.90881,1
1786825200000,63045.8,63045.8,63045.7,63045.7,6146.0,6.1464,387504.47973,1
1786825500000,63045.7,63047.8,63041.1,63047.8,1132.0,1.1328,71415.57839,1
1786825800000,63047.8,63047.8,63047.6,63047.6,1016.0,1.0165,64088.05586,1
1786826100000,63047.6,63047.6,63042.9,63046.9,507.0,0.5078,32013.25439,1
1786826400000,63046.9,63056.1,63046.8,63056.1,221.0,0.2218,13985.01666,1
1786826700000,63056.1,63068.8,63056.1,63068.7,1077.0,1.0777,67967.15268,1
1786827000000,63068.7,63068.8,63068.7,63068.8,65.0,0.0659,4156.23216,1
1786827300000,63068.8,63077.1,63068.7,63077.1,3328.0,3.3288,209970.6495,1
1786827600000,63076.1,63076.9,63068.9,63069.0,1805.0,1.8059,113897.3058,1
1786827900000,63069.0,63069.0,63068.9,63068.9,333.0,0.3334,21027.18107,1
1786828200000,63068.9,63077.8,63068.9,63077.8,129.0,0.1296,8174.58774,1
1786828500000,63077.8,63077.8,63077.7,63077.8,2355.0,2.3556,148585.93836,1
1786828800000,63077.8,63077.9,63074.2,63077.9,297.0,0.2977,18778.20726,1
1786829100000,63077.9,63117.3,63077.9,63117.3,11240.0,11.2404,709421.72199,1
1786829400000,63117.2,63117.3,63108.1,63108.2,801.0,0.8017,50595.57212,1
1786829700000,63108.1,63120.0,63108.1,63119.9,3037.0,3.0373,191700.28207,1
1786830000000,63119.9,63134.4,63117.5,63134.4,5769.0,5.7691,364183.31649,1
1786830300000,63134.5,63134.5,63122.2,63125.8,1292.0,1.2922,81567.99133,1
1786830600000,63125.8,63130.0,63117.6,63126.3,7128.0,7.1288,449981.5564,1
1786830900000,63126.3,63135.4,63123.7,63123.7,1717.0,1.7177,108431.87435,1
1786831200000,63123.7,63135.3,63119.6,63119.7,4669.0,4.6697,294811.21377,1
1786831500000,63124.7,63124.7,63115.8,63118.6,215.0,0.2159,13627.3702,1
1786831800000,63118.6,63119.3,63117.0,63117.0,6070.0,6.07,383123.24132,1
1786832100000,63117.0,63117.1,63101.1,63107.1,1389.0,1.3891,87659.04003,1
1786832400000,63107.1,63115.0,63103.1,63114.9,988.0,0.9887,62394.25979,1
1786832700000,63114.9,63118.3,63114.9,63118.3,518.0,0.5181,32699.85125,1
1786833000000,63118.3,63122.4,63118.3,63122.4,742.0,0.7423,46854.06785,1
1786833300000,63122.4,63122.4,63121.9,63122.0,1493.0,1.4934,94266.34668,1
1786833600000,63122.0,63122.0,63121.9,63122.0,988.0,0.9883,62383.41495,1
1786833900000,63122.0,63141.6,63121.9,63139.5,1651.0,1.6514,104254.31097,1
1786834200000,63139.5,63139.5,63100.6,63100.6,1181.0,1.1811,74539.63642,1
1786834500000,63100.6,63100.7,63100.6,63100.7,520.0,0.5201,32818.66758,1
1786834800000,63100.7,63110.3,63100.6,63110.3,1520.0,1.52,95918.22485,1
1786835100000,63110.3,63110.3,63104.6,63104.6,238.0,0.2383,15037.82846,1
1786835400000,63104.6,63104.7,63077.0,63102.7,671.0,0.6711,42339.6205,1
1786835700000,63098.7,63099.8,63096.4,63099.8,210.0,0.2104,13275.79794,1
1786836000000,63099.8,63099.8,63093.3,63093.4,736.0,0.7369,46496.30303,1
1786836300000,63093.4,63093.4,63080.0,63080.1,4314.0,4.3145,272166.58803,1
1786836600000,63080.1,63080.1,63075.5,63075.6,167.0,0.1672,10546.46938,1
1786836900000,63075.6,63075.6,63068.7,63073.2,765.0,0.7659,48305.72626,1
1786837200000,63073.3,63076.7,63073.2,63076.6,421.0,0.4213,26573.44732,1
1786837500000,63076.7,63076.7,63071.8,63071.9,181.0,0.1812,11428.66459,1
1786837800000,63071.7,63071.7,63054.4,63054.4,1519.0,1.5191,95795.56053,1
1786838100000,63054.4,63054.5,63052.6,63054.0,923.0,0.9232,58211.26091,1
1786838400000,63054.0,63054.0,63035.0,63044.7,6548.0,6.5486,412824.09597,1
1786838700000,63044.7,63044.7,63035.6,63037.1,2420.0,2.4208,152605.45765,1
1786839000000,63037.1,63045.0,63037.1,63045.0,876.0,0.8763,55246.17327,1
1786839300000,63045.0,63045.0,63040.9,63040.9,349.0,0.3495,22032.80097,1
1786839600000,63040.9,63041.0,63040.9,63040.9,2849.0,2.8497,179647.77257,1
1786839900000,63040.9,63041.0,63040.9,63040.9,214.0,0.2149,13547.49044,1
1786840200000,63040.9,63041.0,63032.9,63032.9,1584.0,1.5847,99889.05626,1
1786840500000,63032.9,63043.5,63032.9,63040.0,608.0,0.6088,38380.00247,1
1786840800000,63038.4,63041.4,63036.6,63041.3,757.0,0.7576,47757.56303,1
1786841100000,63041.3,63057.4,63036.1,63036.1,697.0,0.6973,43969.00796,1
1786841400000,63036.1,63039.9,63036.0,63039.8,2482.0,2.4828,156510.5551,1
1786841700000,63039.8,63052.1,63039.8,63051.1,379.0,0.3794,23921.30891,1
1786842000000,63048.4,63048.4,63039.0,63041.0,59.0,0.0593,3738.39716,1
1786842300000,63040.9,63041.0,63030.7,63030.7,779.0,0.7792,49118.65156,1
1786842600000,63030.7,63030.8,63020.7,63020.7,1399.0,1.3991,88175.12501,1
1786842900000,63020.7,63026.4,63018.0,63026.4,2736.0,2.736,172417.91311,1
1786843200000,63026.4,63044.9,63020.6,63044.9,547.0,0.5474,34507.02315,1
1786843500000,63045.0,63045.0,63025.1,63025.2,209.0,0.209,13174.51527,1
1786843800000,63024.2,63031.2,63024.2,63030.5,267.0,0.2671,16835.24738,1
1786844100000,63030.5,63030.5,62986.1,62986.4,3931.0,3.9318,247673.05827,1
1786844400000,62986.4,63036.2,62986.4,63036.2,1226.0,1.2266,77289.03589,1
1786844700000,63036.2,63037.8,63032.2,63032.2,460.0,0.4607,29041.4318,1
1786845000000,63032.2,63034.2,63019.9,63019.9,1482.0,1.4827,93460.47922,1
1786845300000,63019.9,63051.4,63019.8,63051.4,1182.0,1.1825,74544.96884,1
1786845600000,63051.4,63051.4,63014.3,63014.4,4007.0,4.0076,252588.57121,1
1786845900000,63014.4,63014.4,63014.3,63014.4,928.0,0.9289,58534.04658,1
1786846200000,63014.3,63014.3,62988.9,62992.0,1303.0,1.3037,82125.50391,1
1786846500000,62992.0,63009.9,62992.0,63009.9,448.0,0.4485,28257.42033,1
1786846800000,63009.9,63081.7,63009.9,63078.8,2829.0,2.8298,178453.52333,1
1786847100000,63078.7,63086.7,63078.7,63083.1,1548.0,1.5487,97693.8927,1
1786847400000,63083.1,63088.0,63083.1,63087.9,109.0,0.1099,6933.34363,1
1786847700000,63087.9,63094.0,63081.8,63086.1,636.0,0.6363,40143.76321,1
1786848000000,63086.1,63132.2,63086.1,63130.0,4386.0,4.3863,276863.10491,1
1786848300000,63130.1,63130.1,63100.9,63105.1,8988.0,8.988,567295.93962,1
1786848600000,63105.1,63105.1,63085.6,63095.0,194.0,0.1948,12289.48253,1
1786848900000,63095.0,63098.4,63092.3,63092.4,1501.0,1.5017,94750.1497,1
1786849200000,63092.4,63092.4,63089.6,63091.7,1697.0,1.6973,107083.32805,1
1786849500000,63091.7,63092.3,63091.6,63091.8,2029.0,2.0296,128050.99747,1
1786849800000,63091.8,63091.8,63088.5,63088.5,1067.0,1.0672,67330.19615,1
1786850100000,63088.5,63090.2,63080.1,63090.0,677.0,0.6778,42760.94294,1
1786850400000,63090.0,63090.0,63089.8,63089.9,1155.0,1.1556,72906.71738,1
1786850700000,63089.9,63089.9,63089.8,63089.9,1529.0,1.5294,96489.65889,1
1786851000000,63089.9,63090.0,63089.8,63090.0,1807.0,1.8079,114060.28111,1
1786851300000,63090.0,63091.0,63089.9,63090.9,1307.0,1.3077,82503.98264,1
1786851600000,63090.9,63091.0,63090.8,63090.8,792.0,0.7921,49974.26574,1
1786851900000,63094.1,63095.0,63094.1,63095.0,1178.0,1.1782,74338.47466,1
1786852200000,63095.0,63096.0,63094.9,63096.0,443.0,0.4432,27964.11603,1
1786852500000,63094.5,63095.9,63093.6,63095.9,99.0,0.0997,6290.47451,1
1786852800000,63096.5,63096.6,63096.5,63096.6,589.0,0.5899,37220.63597,1
1786853100000,63096.6,63096.6,63096.5,63096.6,1801.0,1.8016,113674.77395,1
1786853400000,63096.6,63096.7,63096.5,63096.7,2293.0,2.2937,144724.60375,1
1786853700000,63096.7,63115.7,63096.7,63115.7,670.0,0.6704,42309.66571,1
1786854000000,63115.7,63115.7,63115.3,63115.7,2781.0,2.7814,175549.92823,1
1786854300000,63115.7,63122.7,63115.7,63122.7,1367.0,1.3679,86341.17001,1
1786854600000,63122.7,63122.7,63090.9,63090.9,3071.0,3.0717,193817.12643,1
1786854900000,63090.9,63090.9,63090.8,63090.8,197.0,0.1973,12447.82445,1
1786855200000,63090.8,63090.9,63090.8,63090.9,1332.0,1.3326,84074.89776,1
1786855500000,63090.9,63090.9,63090.8,63090.9,2027.0,2.0277,127929.32343,1
1786855800000,63090.9,63094.4,63090.9,63094.1,387.0,0.3875,24448.6768,1
1786856100000,63094.1,63094.1,63056.6,63056.6,993.0,0.993,62625.54003,1
1786856400000,63056.6,63067.7,63042.1,63067.7,471.0,0.4714,29721.95973,1
1786856700000,63067.7,63067.7,63059.5,63059.5,55.0,0.0555,3499.89529,1
1786857000000,63059.5,63068.4,63059.5,63066.4,408.0,0.4089,25788.08428,1
1786857300000,63066.4,63066.5,63036.0,63036.0,916.0,0.9163,57779.33026,1
1786857600000,63036.0,63041.5,63036.0,63041.5,531.0,0.5319,33530.8298,1
1786857900000,63041.5,63041.5,63037.8,63037.8,1145.0,1.1453,72199.96625,1
1786858200000,63037.8,63043.6,63037.7,63043.5,1287.0,1.2871,81140.06115,1
1786858500000,63043.5,63050.8,63043.5,63048.0,544.0,0.5443,34315.65695,1
1786858800000,63048.0,63048.1,63026.6,63026.8,627.0,0.627,39527.804,1
1786859100000,63026.8,63028.7,63025.0,63025.0,665.0,0.6655,41944.30184,1
1786859400000,63025.0,63025.0,63022.0,63024.2,625.0,0.6259,39445.77269,1
1786859700000,63029.3,63044.3,63007.1,63027.7,2273.0,2.2733,143275.14037,1
1786860000000,63027.7,63038.8,63027.7,63038.8,399.0,0.3993,25170.7539,1
1786860300000,63038.8,63042.2,63038.8,63041.1,119.0,0.1199,7558.60399,1
1786860600000,63041.1,63041.1,63015.4,63016.1,767.0,0.767,48349.36944,1
1786860900000,63018.2,63031.0,63018.2,63026.0,198.0,0.1983,12497.01697,1
1786861200000,63026.0,63028.3,63017.3,63017.4,280.0,0.2801,17653.61674,1
1786861500000,63017.4,63040.2,63017.3,63040.2,349.0,0.3496,22036.40208,1
1786861800000,63034.1,63034.1,63029.3,63029.4,1585.0,1.5853,99920.52295,1
1786862100000,63029.4,63032.3,63029.3,63032.2,792.0,0.792,49919.43657,1
1786862400000,63032.3,63033.4,63032.2,63033.4,1162.0,1.1621,73250.0491,1
1786862700000,63033.4,63055.7,63033.4,63052.8,6010.0,6.0101,378953.94585,1
1786863000000,63047.2,63047.2,63041.9,63041.9,5994.0,5.9949,377936.21262,1
1786863300000,63041.9,63041.9,63036.5,63036.6,2420.0,2.4208,152606.21038,1
1786863600000,63036.6,63036.6,63025.4,63025.5,365.0,0.3659,23062.05613,1
1786863900000,63025.5,63025.5,63025.3,63025.3,196.0,0.1968,12403.39772,1
1786864200000,63025.3,63025.4,63025.0,63025.1,3684.0,3.6844,232210.54839,1
1786864500000,63025.1,63025.1,63025.0,63025.0,47.0,0.047,2962.1793,1
1786864800000,63025.0,63035.3,63025.0,63035.2,675.0,0.6751,42554.50188,1
1786865100000,63035.2,63035.2,63035.1,63035.1,45.0,0.0451,2842.88315,1
1786865400000,63035.1,63035.1,63035.0,63035.0,737.0,0.737,46456.79577,1
1786865700000,63035.0,63035.1,63030.0,63033.3,965.0,0.9652,60838.28517,1
1786866000000,63033.3,63033.4,63028.1,63028.1,1165.0,1.165,73433.81455,1
1786866300000,63028.1,63028.1,63028.0,63028.1,1433.0,1.4337,90363.27376,1
1786866600000,63028.1,63028.1,63028.0,63028.1,2464.0,2.4646,155339.0541,1
1786866900000,63028.1,63034.4,63028.1,63034.4,133.0,0.1333,8401.70716,1
1786867200000,63034.4,63042.7,63034.3,63042.7,705.0,0.705,44439.53201,1
1786867500000,63042.7,63042.7,63033.9,63034.0,117.0,0.117,7375.00248,1
1786867800000,63034.0,63034.0,63030.1,63030.1,568.0,0.5688,35852.63465,1
1786868100000,63030.1,63030.2,63030.1,63030.2,403.0,0.403,25401.14626,1
1786868400000,63030.1,63037.0,63030.1,63037.0,233.0,0.2338,14736.5116,1
1786868700000,63037.0,63043.0,63037.0,63043.0,2074.0,2.074,130747.91917,1
1786869000000,63043.0,63043.0,63037.5,63041.5,2432.0,2.432,153314.82467,1
1786869300000,63041.5,63045.1,63041.5,63045.0,204.0,0.2048,12911.51891,1
1786869600000,63045.0,63045.1,63040.1,63040.2,838.0,0.8388,52881.07184,1
1786869900000,63040.2,63040.2,63039.5,63039.5,1490.0,1.49,93928.86674,1
1786870200000,63039.5,63039.6,63039.5,63039.5,526.0,0.5266,33196.60333,1
1786870500000,63039.6,63039.6,63039.5,63039.6,305.0,0.3058,19277.50822,1
1786870800000,63039.6,63039.6,63039.5,63039.5,1363.0,1.3637,85967.03964,1
1786871100000,63039.5,63039.6,63039.5,63039.5,5065.0,5.0657,319339.67873,1
1786871400000,63039.5,63039.6,63039.5,63039.5,357.0,0.3578,22555.56761,1
1786871700000,63039.5,63039.6,63039.5,63039.5,20.0,0.0205,1292.31102,1
1786872000000,63039.5,63039.6,63039.5,63039.5,428.0,0.4283,26999.85771,1
1786872300000,63039.5,63039.6,63039.5,63039.5,2755.0,2.7552,173686.60011,1
1786872600000,63039.5,63039.6,63027.0,63027.0,474.0,0.4747,29922.8501,1
1786872900000,63027.0,63027.2,63025.0,63025.0,260.0,0.26,16387.01334,1
1786873200000,63025.0,63025.0,62965.0,62965.0,8180.0,8.1807,515199.30988,1
1786873500000,62965.0,62971.8,62938.7,62970.1,7573.0,7.5738,476769.79272,1
1786873800000,62971.1,62986.8,62971.1,62982.2,759.0,0.7592,47816.15662,1
1786874100000,62982.2,62982.2,62956.9,62957.0,770.0,0.77,48479.45597,1
1786874400000,62957.0,62957.0,62929.1,62944.8,5326.0,5.3263,335224.78081,1
1786874700000,62944.8,62957.9,62944.7,62957.8,1608.0,1.608,101222.93235,1
1786875000000,62957.9,62965.8,62955.6,62955.6,792.0,0.7922,49877.49892,1
1786875300000,62955.6,62959.6,62955.5,62959.6,11283.0,11.2832,710384.47524,1
1786875600000,62959.6,62959.6,62959.5,62959.5,4590.0,4.5903,289002.99334,1
1786875900000,62959.5,62981.4,62959.5,62981.2,9433.0,9.4335,594050.87261,1
1786876200000,62981.2,62982.1,62973.0,62973.0,1049.0,1.0498,66109.3982,1
1786876500000,62973.0,62977.1,62973.0,62977.1,461.0,0.4613,29050.28318,1
1786876800000,62977.1,62979.3,62977.0,62979.3,264.0,0.2641,16632.41833,1
1786877100000,62979.3,62979.3,62979.2,62979.2,1237.0,1.2378,77955.6928,1
1786877400000,62979.2,62979.3,62979.2,62979.2,2038.0,2.0384,128376.90724,1
1786877700000,62979.3,62979.3,62979.2,62979.2,1033.0,1.0332,65070.21022,1
1786878000000,62979.2,62979.3,62979.2,62979.2,612.0,0.6127,38587.35891,1
1786878300000,62979.2,62979.3,62979.2,62979.3,1994.0,1.9941,125586.94865,1
1786878600000,62979.3,62979.3,62974.2,62974.2,2568.0,2.5682,161730.49762,1
1786878900000,62974.2,62977.1,62974.1,62977.1,60.0,0.06,3778.49726,1
1786879200000,62977.1,62977.1,62960.6,62960.6,1013.0,1.0132,63802.11056,1
1786879500000,62960.6,62960.6,62945.9,62958.0,3343.0,3.3431,210472.56819,1
1786879800000,62958.0,62958.0,62955.9,62955.9,2515.0,2.5151,158340.39256,1
1786880100000,62955.9,62966.9,62955.9,62966.9,6596.0,6.5965,415297.22843,1
1786880400000,62966.9,62969.1,62963.8,62963.8,1019.0,1.0198,64215.80252,1
1786880700000,62963.8,62963.8,62949.7,62949.8,2736.0,2.7367,172291.67044,1
1786881000000,62949.7,62963.1,62949.0,62963.0,806.0,0.8069,50795.47473,1
1786881300000,62962.9,62980.0,62962.9,62979.9,1372.0,1.3725,86429.65905,1
1786881600000,62984.1,62988.1,62984.1,62988.1,1557.0,1.5574,98092.53181,1
1786881900000,62988.1,62993.8,62988.1,62993.8,5146.0,5.1463,324172.16877,1
1786882200000,62993.8,62993.8,62990.6,62990.6,744.0,0.7446,46905.10956,1
1786882500000,62990.6,62990.6,62990.5,62990.6,841.0,0.8417,53019.17682,1
1786882800000,62990.6,62990.6,62990.5,62990.5,209.0,0.2099,13221.72522,1
1786883100000,62990.5,62990.6,62990.5,62990.5,524.0,0.5243,33025.95102,1
1786883400000,62990.5,62990.6,62976.0,62976.0,1957.0,1.957,123254.63287,1
1786883700000,62976.0,62981.5,62976.0,62980.3,522.0,0.5223,32894.81625,1
1786884000000,62980.3,62980.4,62959.1,62962.3,2305.0,2.3054,145168.81353,1
1786884300000,62962.3,62979.8,62962.3,62979.8,584.0,0.5847,36814.66974,1
1786884600000,62979.8,62979.8,62979.7,62979.8,2717.0,2.7178,171166.33671,1
1786884900000,62979.8,62987.8,62979.8,62986.3,847.0,0.8479,53405.29549,1
1786885200000,62986.3,62986.4,62986.3,62986.4,977.0,0.9779,61594.34473,1
1786885500000,62986.4,63035.0,62986.4,63034.9,1622.0,1.6224,102245.51496,1
1786885800000,63034.9,63035.0,63034.7,63034.9,1334.0,1.3346,84126.34353,1
1786886100000,63034.9,63040.8,63034.9,63040.8,1910.0,1.9106,120441.64442,1
1786886400000,63040.8,63040.9,63040.1,63040.2,1532.0,1.5329,96635.29998,1
1786886700000,63040.1,63040.2,63040.0,63040.0,1637.0,1.6377,103240.65603,1
1786887000000,63040.0,63040.4,63040.0,63040.4,15132.0,15.1321,953932.63154,1
1786887300000,63040.4,63040.4,63035.9,63036.0,4852.0,4.8521,305860.85227,1
1786887600000,63036.0,63040.0,63036.0,63040.0,10705.0,10.7051,674848.42077,1
1786887900000,63040.0,63040.0,63039.9,63040.0,10062.0,10.0625,634339.17634,1
1786888200000,63040.0,63040.0,63039.9,63040.0,7656.0,7.6562,482646.38561,1
1786888500000,63040.0,63040.0,63036.0,63036.1,3936.0,3.9362,248136.98039,1
1786888800000,63036.1,63036.1,63035.9,63036.0,1952.0,1.9528,123096.64227,1
1786889100000,63036.0,63036.0,63031.9,63032.0,1908.0,1.908,120264.88148,1
1786889400000,63032.0,63032.0,63031.9,63032.0,5402.0,5.4027,340542.95336,1
1786889700000,63032.0,63032.2,63031.9,63032.2,1682.0,1.6823,106038.70959,1
1786890000000,63032.2,63074.9,63032.2,63074.1,4168.0,4.1688,262919.24703,1
1786890300000,63074.1,63074.1,63045.2,63045.6,3695.0,3.6955,233031.89864,1
1786890600000,63045.6,63063.2,63040.8,63063.1,3935.0,3.9356,248150.27611,1
1786890900000,63063.1,63071.4,63062.5,63062.6,3118.0,3.1187,196679.0093,1
1786891200000,63065.2,63072.9,63065.1,63071.9,5339.0,5.3394,336759.97105,1
1786891500000,63072.0,63072.0,63071.2,63071.2,973.0,0.9737,61412.49132,1
1786891800000,63071.2,63071.2,63070.0,63071.0,10567.0,10.5679,666525.83284,1
1786892100000,63071.0,63078.5,63071.0,63078.5,4177.0,4.1778,263503.92269,1
1786892400000,63079.9,63089.6,63077.7,63086.6,3733.0,3.7335,235517.64951,1
1786892700000,63086.5,63086.5,63085.0,63085.1,1736.0,1.7365,109547.60298,1
1786893000000,63083.6,63091.4,63081.6,63081.7,5121.0,5.121,323048.7402,1
1786893300000,63081.7,63081.7,63081.6,63081.7,17324.0,17.324,1092827.27694,1
1786893600000,63081.6,63081.7,63081.6,63081.6,7133.0,7.1337,450005.54482,1
1786893900000,63081.6,63087.2,63081.6,63087.1,2526.0,2.5262,159363.67048,1
1786894200000,63087.2,63108.1,63087.2,63101.1,16536.0,16.5369,1043559.78241,1
1786894500000,63101.1,63112.0,63097.0,63112.0,4814.0,4.8144,303806.28595,1
1786894800000,63112.0,63112.0,63095.0,63096.0,1138.0,1.1387,71853.55985,1
1786895100000,63095.0,63102.4,63090.0,63102.4,4031.0,4.0317,254394.28723,1
1786895400000,63102.4,63107.8,63099.7,63099.7,331.0,0.3317,20931.47736,1
1786895700000,63099.7,63113.8,63094.6,63113.8,813.0,0.813,51306.56882,1
1786896000000,63114.3,63119.9,63111.3,63111.7,1572.0,1.5724,99240.90063,1
1786896300000,63111.7,63129.0,63108.4,63127.9,4477.0,4.4774,282613.82683,1
1786896600000,63127.9,63185.7,63127.8,63181.9,18611.0,18.6114,1175585.36606,1
1786896900000,63182.0,63324.9,63175.6,63300.1,56581.0,56.5812,3579784.6393,1
1786897200000,63290.7,63290.7,63250.4,63290.2,9908.0,9.908,626839.20192,1
1786897500000,63290.2,63327.5,63287.1,63294.7,13311.0,13.3113,842635.30778,1
1786897800000,63294.8,63370.0,63294.6,63337.0,22306.0,22.306,1412837.4407,1
1786898100000,63337.1,63349.9,63301.7,63301.7,10703.0,10.7034,677703.9186,1
1786898400000,63293.9,63293.9,63260.6,63260.6,12259.0,12.2593,775639.34477,1
1786898700000,63260.7,63260.7,63251.8,63251.8,9106.0,9.1067,576063.36355,1
1786899000000,63251.8,63261.6,63167.4,63219.0,41221.0,41.2219,2605879.83717,1
1786899300000,63219.0,63242.7,63219.0,63232.8,48443.0,48.4434,3063155.22208,1
1786899600000,63232.8,63242.0,63206.7,63242.0,1908.0,1.9087,120672.39168,1
1786899900000,63242.0,63247.2,63236.1,63236.1,4839.0,4.8391,306046.03826,1
1786900200000,63236.1,63236.1,63187.1,63192.0,16861.0,16.8614,1065554.64228,1
1786900500000,63192.0,63209.7,63184.1,63184.1,2676.0,2.6761,169126.09118,1
1786900800000,63182.5,63192.7,63180.2,63185.8,14063.0,14.0633,888544.59153,1
1786901100000,63185.8,63185.8,63154.9,63165.9,18998.0,18.9986,1199991.07141,1
1786901400000,63166.0,63166.0,63113.7,63113.8,2593.0,2.5931,163738.0704,1
1786901700000,63120.4,63166.6,63120.4,63162.0,4745.0,4.7459,299663.60126,1
1786902000000,63162.0,63162.1,63102.9,63102.9,4974.0,4.9749,314065.20236,1
1786902300000,63102.7,63127.6,63095.0,63127.5,11309.0,11.3097,713788.99659,1
1786902600000,63127.5,63139.1,63127.5,63139.1,1852.0,1.8524,116948.49021,1
1786902900000,63139.1,63139.1,63130.6,63130.7,2511.0,2.5112,158546.31902,1
1786903200000,63130.7,63138.4,63118.6,63138.4,5660.0,5.6604,357312.80226,1
1786903500000,63138.5,63142.1,63123.2,63136.7,7067.0,7.0677,446199.6259,1
1786903800000,63136.7,63136.7,63092.0,63113.1,17780.0,17.7808,1122163.2094,1
1786904100000,63113.1,63138.9,63112.8,63138.9,1778.0,1.7783,112248.20027,1
1786904400000,63138.9,63148.0,63138.8,63143.3,3841.0,3.8415,242575.01945,1
1786904700000,63143.3,63143.4,63116.0,63129.1,4409.0,4.4092,278394.43025,1
1786905000000,63129.2,63129.2,63123.7,63127.4,1486.0,1.4864,93830.63821,1
1786905300000,63127.4,63127.5,63116.8,63119.0,778.0,0.7786,49145.44846,1
1786905600000,63119.0,63119.1,63113.3,63113.4,1815.0,1.8159,114612.59986,1
1786905900000,63113.4,63117.5,63113.3,63117.4,3490.0,3.4904,220301.37306,1
1786906200000,63117.4,63117.5,63112.8,63112.8,2975.0,2.9752,187786.736,1
1786906500000,63112.9,63112.9,63111.3,63111.4,5051.0,5.0511,318782.52903,1
1786906800000,63111.4,63125.5,63111.3,63125.5,2301.0,2.3013,145256.51571,1
1786907100000,63125.5,63140.5,63124.8,63138.2,6317.0,6.3177,398876.98326,1
1786907400000,63138.2,63158.9,63138.1,63149.4,4488.0,4.4889,283486.71118,1
1786907700000,63149.5,63161.9,63149.4,63161.9,7012.0,7.0128,442894.82373,1
1786908000000,63162.0,63181.9,63152.0,63162.2,3536.0,3.536,223333.20388,1
1786908300000,63165.0,63193.4,63164.9,63188.5,19533.0,19.5333,1234247.29394,1
1786908600000,63188.5,63188.5,63165.4,63179.3,8539.0,8.5391,539446.12661,1
1786908900000,63180.8,63191.1,63180.8,63191.1,7002.0,7.002,442415.701,1
1786909200000,63191.1,63201.7,63131.8,63131.9,4497.0,4.4979,284110.8192,1
1786909500000,63138.4,63149.0,63100.0,63100.0,18596.0,18.5969,1174099.02931,1
1786909800000,63106.1,63125.6,63071.1,63087.6,14090.0,14.09,888989.51466,1
1786910100000,63094.2,63095.0,63074.8,63082.2,4431.0,4.4315,279546.35661,1
1786910400000,63082.3,63088.3,63082.3,63088.2,3859.0,3.8598,243506.82727,1
1786910700000,63088.2,63115.0,63088.1,63100.0,3114.0,3.1144,196517.54675,1
1786911000000,63100.0,63115.5,63100.0,63105.1,2997.0,2.9977,189171.13728,1
1786911300000,63105.2,63105.2,63099.2,63099.2,3112.0,3.1129,196427.01141,1
1786911600000,63099.2,63105.1,63096.0,63096.0,4034.0,4.0347,254594.36494,1
1786911900000,63088.3,63088.5,63064.3,63067.6,3937.0,3.9373,248315.40516,1
1786912200000,63067.6,63083.5,63061.8,63083.4,4607.0,4.6077,290637.36616,1
1786912500000,63083.4,63087.4,63067.5,63067.5,8532.0,8.5322,538244.85735,1
1786912800000,63067.5,63067.5,63018.7,63042.8,6864.0,6.8642,432683.83774,1
1786913100000,63038.3,63038.3,63009.9,63009.9,11511.0,11.5114,725566.655,1
1786913400000,63009.9,63037.7,63004.6,63034.6,45251.0,45.2514,2851967.84249,1
1786913700000,63042.0,63043.7,63032.4,63040.9,6750.0,6.7507,425549.6971,1
1786914000000,63041.0,63041.0,63024.2,63031.9,13102.0,13.1026,825875.09979,1
1786914300000,63031.8,63038.5,63001.0,63021.8,4228.0,4.2286,266492.29804,1
1786914600000,63021.9,63038.5,63005.6,63035.1,2272.0,2.2723,143220.16824,1
1786914900000,63029.9,63055.6,63023.1,63037.0,4018.0,4.0183,253330.80129,1
1786915200000,63037.0,63037.0,63015.7,63015.7,6306.0,6.3064,397434.00731,1
1786915500000,63015.7,63026.2,63005.0,63007.1,3504.0,3.5041,220812.04325,1
1786915800000,63007.1,63009.0,62992.2,63009.0,4684.0,4.6845,295141.9279,1
1786916100000,63009.0,63015.0,62967.9,62971.5,3918.0,3.9187,246865.95255,1
1786916400000,62969.0,62969.2,62710.5,62906.1,87825.0,87.8257,5518541.43055,1
1786916700000,62906.2,62941.0,62860.0,62941.0,9933.0,9.9332,624838.55858,1
1786917000000,62940.9,62955.0,62907.2,62907.2,10345.0,10.3459,651087.04647,1
1786917300000,62905.8,62939.9,62900.0,62900.0,8817.0,8.8179,554921.62702,1
1786917600000,62894.7,62894.7,62757.0,62844.0,24786.0,24.7862,1557009.42174,1
1786917900000,62843.9,62891.3,62838.5,62883.3,9849.0,9.8499,619180.37185,1
1786918200000,62889.0,62903.5,62868.5,62899.4,6819.0,6.8197,428823.61447,1
1786918500000,62899.5,62930.0,62870.4,62885.1,7164.0,7.1645,450670.30555,1
1786918800000,62885.1,62889.3,62836.4,62836.4,2448.0,2.4489,153927.28874,1
1786919100000,62836.4,62836.4,62814.0,62821.8,2138.0,2.1386,134350.08311,1
1786919400000,62818.3,62818.4,62757.1,62784.1,18964.0,18.9649,1190944.04548,1
1786919700000,62780.4,62780.4,62700.0,62710.0,22318.0,22.3187,1399831.16778,1
1786920000000,62710.0,62767.6,62681.3,62767.6,30278.0,30.2785,1898781.52399,1
1786920300000,62763.3,62785.9,62710.7,62775.2,7885.0,7.8856,494807.48533,1
1786920600000,62772.2,62798.0,62765.7,62797.1,4149.0,4.149,260517.07889,1
1786920900000,62797.1,62878.8,62797.1,62874.4,16652.0,16.6521,1046351.70909,1
1786921200000,62878.8,62964.6,62878.7,62902.3,15358.0,15.3586,966752.18264,1
1786921500000,62902.3,62927.9,62899.9,62927.9,6109.0,6.1099,384472.41374,1
1786921800000,62930.0,62937.8,62815.0,62815.0,5356.0,5.3565,336817.08004,1
1786922100000,62815.0,62863.4,62815.0,62851.0,12353.0,12.3539,776400.68823,1
1786922400000,62849.3,62890.0,62842.5,62850.0,12874.0,12.8742,809195.20562,1
1786922700000,62844.4,62856.1,62806.6,62825.3,2143.0,2.1436,134677.08468,1
1786923000000,62825.3,62828.9,62809.1,62823.6,5348.0,5.3487,335972.3671,1
1786923300000,62823.6,62870.8,62823.6,62844.7,1075.0,1.075,67573.89626,1
1786923600000,62844.7,62874.4,62833.7,62874.4,2704.0,2.7042,169984.62245,1
1786923900000,62874.4,62891.8,62857.1,62891.7,6060.0,6.0607,381163.37552,1
1786924200000,62891.7,62906.8,62860.2,62860.3,3337.0,3.3376,209859.60061,1
1786924500000,62858.1,62878.6,62858.0,62876.0,1393.0,1.3936,87606.49471,1
1786924800000,62876.0,62910.9,62873.5,62900.1,6665.0,6.665,419181.18126,1
1786925100000,62898.2,62898.4,62853.5,62853.5,726.0,0.726,45642.93649,1
1786925400000,62853.5,62877.2,62833.8,62877.1,731.0,0.7312,45955.86249,1
1786925700000,62877.2,62877.2,62803.7,62805.5,2254.0,2.2548,141701.26852,1
1786926000000,62807.8,62847.0,62760.1,62760.1,5352.0,5.3526,336187.0837,1
1786926300000,62760.2,62841.8,62734.1,62841.7,8016.0,8.016,503150.12249,1
1786926600000,62841.8,62841.9,62752.2,62770.6,4347.0,4.3471,273039.8544,1
1786926900000,62770.6,62796.7,62732.0,62792.6,4801.0,4.8015,301324.964,1
1786927200000,62792.5,62936.6,62760.0,62926.1,5804.0,5.804,364867.98027,1
1786927500000,62919.5,62919.5,62844.7,62847.5,1874.0,1.8749,117907.08451,1
1786927800000,62846.0,62867.5,62815.5,62867.5,5359.0,5.3598,336810.1165,1
1786928100000,62867.8,62919.8,62867.8,62890.0,2595.0,2.5956,163223.88394,1
1786928400000,62880.8,63115.3,62875.8,63106.3,27978.0,27.9783,1763435.92862,1
1786928700000,63090.0,63170.0,63056.3,63076.9,27353.0,27.3533,1725849.88314,1
1786929000000,63076.8,63084.7,63026.1,63033.4,8506.0,8.5068,536328.94749,1
1786929300000,63033.4,63071.3,63002.4,63034.1,5022.0,5.0229,316622.17605,1
1786929600000,63036.4,63118.0,63036.4,63100.2,14121.0,14.121,890929.64504,1
1786929900000,63110.0,63139.8,63087.0,63099.3,7469.0,7.4692,471307.33392,1
1786930200000,63099.9,63222.0,63097.6,63173.9,24856.0,24.8567,1570565.53014,1
1786930500000,63185.3,63201.1,63136.2,63167.6,6130.0,6.13,387296.29173,1
1786930800000,63167.6,63202.1,63153.0,63191.1,4974.0,4.9743,314272.3521,1
1786931100000,63191.1,63206.3,63139.9,63206.3,1644.0,1.6441,103848.28695,1
1786931400000,63206.3,63206.3,63103.0,63103.0,9326.0,9.3267,588938.74629,1
1786931700000,63111.5,63111.6,63085.0,63085.1,5709.0,5.7095,360259.7252,1
1786932000000,63091.7,63104.0,63017.5,63017.5,9354.0,9.3544,590025.67117,1
1786932300000,63017.6,63038.2,63008.2,63027.8,4088.0,4.0889,257677.46335,1
1786932600000,63035.3,63055.7,63032.5,63053.4,4124.0,4.1242,260036.01601,1
1786932900000,63053.4,63076.6,63020.8,63050.0,1633.0,1.6337,103004.15137,1
1786933200000,63050.0,63103.4,63050.0,63089.6,3348.0,3.3486,211258.63469,1
1786933500000,63096.9,63174.4,63096.9,63160.1,2332.0,2.3324,147315.95193,1
1786933800000,63160.1,63330.0,63106.0,63271.8,37190.0,37.1907,2351488.17774,1
1786934100000,63263.8,63277.0,63230.0,63245.6,9193.0,9.193,581614.68402,1
1786934400000,63246.2,63271.9,63234.4,63235.7,1369.0,1.3693,86616.65877,1
1786934700000,63235.7,63263.2,63228.4,63252.0,2584.0,2.5842,163443.37756,1
1786935000000,63257.2,63476.3,63257.2,63413.2,78913.0,78.9133,5002609.67525,1
1786935300000,63413.3,63429.9,63372.0,63378.2,12933.0,12.9336,820016.30003,1
1786935600000,63386.0,63426.9,63356.9,63361.9,7165.0,7.1653,454159.39965,1
1786935900000,63361.0,63361.0,63345.6,63353.9,7860.0,7.8604,497989.72358,1
1786936200000,63353.9,63389.9,63336.6,63389.9,7411.0,7.4112,469549.58967,1
1786936500000,63390.0,63395.0,63324.3,63324.3,98605.0,98.6059,6246426.85487,1
1786936800000,63329.0,63356.7,63322.0,63336.0,6936.0,6.9368,439365.29687,1
1786937100000,63335.9,63336.0,63320.0,63328.4,6009.0,6.0092,380571.32174,1
1786937400000,63328.5,63331.3,63314.9,63314.9,4482.0,4.4826,283851.80836,1
1786937700000,63315.2,63359.1,63315.2,63337.8,5494.0,5.4949,348106.59006,1
1786938000000,63325.0,63338.4,63314.7,63327.1,5810.0,5.8109,367979.75282,1
1786938300000,63327.2,63367.4,63323.0,63351.0,2171.0,2.1716,137566.59766,1
1786938600000,63350.2,63466.7,63350.1,63466.7,8076.0,8.0765,512299.5531,1
1786938900000,63460.4,63497.8,63401.2,63405.2,13125.0,13.1259,832905.89935,1
1786939200000,63427.5,63487.0,63413.1,63467.8,8270.0,8.2702,524820.52805,1
1786939500000,63467.8,63498.6,63461.0,63461.0,6700.0,6.7006,425297.53701,1
1786939800000,63465.4,63491.2,63461.1,63461.1,5889.0,5.8897,373895.09684,1
1786940100000,63461.0,63467.5,63441.8,63454.0,7377.0,7.3776,468164.13148,1
1786940400000,63453.9,63499.0,63453.0,63462.9,3517.0,3.5177,223263.97279,1
1786940700000,63462.9,63485.7,63459.1,63480.6,7125.0,7.1256,452229.90295,1
1786941000000,63478.6,63478.6,63443.0,63474.9,4540.0,4.5407,288145.14492,1
1786941300000,63474.9,63480.9,63461.0,63476.8,2022.0,2.0226,128384.53408,1
1786941600000,63475.2,63497.6,63466.5,63466.5,3451.0,3.4517,219106.42562,1
1786941900000,63478.0,63530.0,63478.0,63515.4,19577.0,19.5772,1243368.28859,1
1786942200000,63518.5,63549.0,63495.5,63501.0,8637.0,8.6371,548713.61703,1
1786942500000,63501.0,63537.0,63500.1,63505.0,15029.0,15.0296,954648.42017,1
1786942800000,63505.0,63507.0,63493.6,63493.6,10954.0,10.9549,695629.09808,1
1786943100000,63485.7,63485.8,63419.5,63444.3,5813.0,5.8136,368746.69222,1
1786943400000,63446.4,63508.1,63422.0,63507.6,4223.0,4.2238,268130.29011,1
1786943700000,63504.1,63535.4,63494.1,63535.4,4311.0,4.3113,273817.68698,1
1786944000000,63536.6,63572.8,63529.5,63546.3,12614.0,12.6148,801748.02984,1
1786944300000,63546.3,63546.3,63459.3,63459.9,8142.0,8.1422,516955.91525,1
1786944600000,63465.0,63475.3,63459.9,63460.7,8111.0,8.1111,514749.81798,1
1786944900000,63456.6,63456.6,63420.7,63420.7,20805.0,20.8054,1319732.89857,1
1786945200000,63419.9,63438.6,63414.5,63438.5,4096.0,4.0964,259822.58231,1
1786945500000,63438.5,63477.0,63429.7,63477.0,10938.0,10.9387,694200.04732,1
1786945800000,63477.0,63500.0,63472.0,63494.0,7206.0,7.206,457518.52229,1
1786946100000,63494.0,63498.5,63484.3,63488.0,4481.0,4.4815,284544.31037,1
1786946400000,63488.0,63496.6,63447.8,63490.8,2726.0,2.7262,173041.05845,1
1786946700000,63490.8,63560.0,63490.8,63560.0,3295.0,3.2957,209344.46992,1
1786947000000,63559.4,63590.0,63537.4,63547.5,3186.0,3.1866,202587.35133,1
1786947300000,63550.0,63565.2,63547.9,63558.7,8483.0,8.4838,539185.08416,1
1786947600000,63558.7,63558.8,63531.3,63539.9,1701.0,1.7013,108102.48125,1
1786947900000,63543.5,63555.1,63540.9,63555.0,2848.0,2.8483,180998.9973,1
1786948200000,63555.0,63555.3,63539.9,63553.2,2842.0,2.842,180604.38306,1
1786948500000,63553.2,63576.5,63553.2,63571.5,4689.0,4.6894,298093.13634,1
1786948800000,63571.5,63576.5,63568.6,63574.9,1675.0,1.6757,106533.84045,1
1786949100000,63575.0,63686.0,63574.9,63660.0,42459.0,42.4598,2702359.48338,1
1786949400000,63660.0,63665.8,63607.9,63607.9,11877.0,11.8779,755863.79411,1
1786949700000,63606.6,63639.9,63589.5,63633.1,17793.0,17.7935,1131607.21668,1
1786950000000,63633.3,63636.3,63538.1,63551.4,3963.0,3.9631,251961.01297,1
1786950300000,63551.4,63569.0,63551.4,63557.3,2008.0,2.0085,127670.98029,1
1786950600000,63557.3,63577.7,63538.6,63557.6,27833.0,27.8334,1769031.48274,1
1786950900000,63557.6,63557.6,63498.0,63522.9,19824.0,19.824,1259421.01909,1
1786951200000,63522.8,63533.9,63521.8,63533.8,10085.0,10.0859,640738.61319,1
1786951500000,63533.8,63555.7,63513.1,63555.6,801.0,0.8014,50919.53044,1
1786951800000,63555.6,63555.7,63532.6,63532.6,1617.0,1.6171,102758.40939,1
1786952100000,63526.6,63532.0,63515.2,63532.0,2506.0,2.5061,159203.60213,1
1786952400000,63532.0,63532.0,63511.9,63511.9,5293.0,5.293,336190.91361,1
1786952700000,63511.9,63520.0,63500.3,63500.3,1994.0,1.9943,126664.24625,1
1786953000000,63500.3,63515.7,63497.8,63508.9,10652.0,10.6529,676457.7008,1
1786953300000,63510.1,63530.7,63494.7,63494.7,2308.0,2.3086,146633.12402,1
1786953600000,63504.0,63524.9,63457.1,63461.4,3851.0,3.8517,244529.25166,1
1786953900000,63461.4,63461.4,63420.7,63427.3,6744.0,6.7446,427860.59592,1
1786954200000,63427.3,63427.3,63391.5,63399.8,14922.0,14.9227,946143.37316,1
1786954500000,63399.9,63425.8,63388.1,63414.9,15647.0,15.6473,991933.73125,1
1786954800000,63414.9,63414.9,63381.4,63391.8,2639.0,2.6396,167312.1055,1
1786955100000,63395.1,63410.0,63379.0,63397.8,5373.0,5.3739,340700.28562,1
1786955400000,63397.9,63414.4,63386.7,63386.7,1063.0,1.0632,67405.67775,1
1786955700000,63386.7,63386.7,63371.1,63371.1,1869.0,1.8695,118493.52901,1
1786956000000,63371.1,63371.2,63345.1,63345.2,11200.0,11.2003,709638.98141,1
1786956300000,63345.1,63346.0,63337.8,63337.8,3395.0,3.3953,215069.94903,1
1786956600000,63337.8,63361.6,63321.3,63361.6,5839.0,5.8399,369862.1063,1
1786956900000,63355.9,63381.2,63337.0,63350.1,2493.0,2.4939,158020.03624,1
1786957200000,63350.1,63380.4,63350.1,63365.7,4189.0,4.189,265446.20333,1
1786957500000,63365.7,63387.2,63361.9,63387.1,2088.0,2.0888,132353.8155,1
1786957800000,63389.5,63395.1,63381.9,63395.1,648.0,0.6488,41124.05184,1
1786958100000,63395.1,63399.9,63350.1,63350.1,11903.0,11.9038,754517.82141,1
1786958400000,63350.1,63350.2,63300.0,63322.5,3084.0,3.0845,195315.83045,1
1786958700000,63322.5,63348.8,63322.5,63346.0,1042.0,1.0424,66023.28373,1
1786959000000,63345.8,63345.8,63301.8,63309.7,11603.0,11.6031,734621.25826,1
1786959300000,63309.7,63309.7,63288.0,63295.8,2871.0,2.8712,181734.591,1
1786959600000,63295.8,63295.9,63276.4,63280.0,3008.0,3.0083,190384.28767,1
1786959900000,63279.4,63284.1,63256.7,63260.8,5648.0,5.6485,357344.86347,1
1786960200000,63260.8,63292.5,63260.8,63288.1,2443.0,2.4437,154657.72431,1
1786960500000,63288.1,63291.3,63288.0,63290.0,1062.0,1.0621,67219.83264,1
1786960800000,63290.1,63305.8,63290.0,63305.8,3173.0,3.1737,200867.42897,1
1786961100000,63305.8,63305.8,63271.0,63271.1,2042.0,2.0422,129250.04452,1
1786961400000,63271.1,63303.1,63271.0,63303.0,1974.0,1.9748,124978.31143,1
1786961700000,63303.0,63318.4,63272.0,63272.1,2225.0,2.2258,140863.74139,1
1786962000000,63272.1,63305.6,63272.1,63303.6,3347.0,3.3476,211877.29837,1
1786962300000,63303.6,63416.0,63303.6,63416.0,5799.0,5.7992,367479.13602,1
1786962600000,63420.6,63469.1,63420.5,63445.5,18929.0,18.9292,1200655.7935,1
1786962900000,63445.5,63537.0,63445.5,63501.0,19308.0,19.3089,1226433.71155,1
1786963200000,63501.0,63617.5,63489.9,63605.2,37810.0,37.8105,2402968.77047,1
1786963500000,63609.3,63625.5,63580.0,63586.2,12433.0,12.4339,790791.71735,1
1786963800000,63600.1,63615.4,63571.8,63598.2,6963.0,6.9632,442851.94873,1
1786964100000,63595.6,63664.0,63573.0,63661.8,13412.0,13.4128,853593.05309,1
1786964400000,63657.7,63690.0,63625.4,63628.7,18080.0,18.0803,1150987.63038,1
1786964700000,63628.7,63642.6,63619.5,63629.9,9120.0,9.1206,580337.40567,1
1786965000000,63629.9,63639.1,63615.5,63635.6,6768.0,6.7688,430675.0879,1
1786965300000,63623.2,63665.5,63612.2,63624.4,5626.0,5.6265,357999.82308,1
1786965600000,63626.4,63666.3,63626.4,63651.0,6264.0,6.264,398775.57142,1
1786965900000,63651.0,63651.0,63627.0,63634.4,6885.0,6.8855,438128.57791,1
1786966200000,63634.4,63670.5,63631.6,63662.1,35111.0,35.111,2235283.61872,1
1786966500000,63662.1,63670.0,63660.0,63669.9,19428.0,19.4283,1236862.24911,1
1786966800000,63670.0,63672.0,63665.0,63668.3,2927.0,2.9278,186402.17848,1
1786967100000,63668.3,63751.2,63668.2,63701.1,70588.0,70.5883,4498073.92961,1
1786967400000,63705.5,63705.5,63613.2,63619.2,25317.0,25.317,1611245.21624,1
1786967700000,63613.0,63613.0,63560.0,63599.9,21660.0,21.6603,1377507.49552,1
1786968000000,63599.9,63630.0,63581.9,63592.6,9792.0,9.7929,622841.08255,1
1786968300000,63590.2,63600.1,63558.6,63599.9,8449.0,8.4499,537215.17667,1
1786968600000,63600.0,63650.0,63592.0,63638.8,80381.0,80.3815,5112875.82736,1
1786968900000,63639.0,63639.0,63576.4,63576.4,13770.0,13.7709,875694.75011,1
1786969200000,63576.4,63606.8,63576.4,63605.1,2469.0,2.4693,157038.49056,1
1786969500000,63590.1,63592.4,63502.4,63552.2,9204.0,9.204,584844.34376,1
1786969800000,63558.4,63612.9,63558.4,63574.7,6075.0,6.0754,386273.60575,1
1786970100000,63583.9,63592.7,63522.4,63522.4,6117.0,6.117,388790.18771,1
1786970400000,63522.1,63555.2,63502.4,63540.0,6796.0,6.7961,431765.42452,1
1786970700000,63540.0,63600.0,63539.9,63568.7,4888.0,4.8888,310888.01257,1
1786971000000,63563.1,63563.1,63527.4,63527.4,10695.0,10.6957,679547.64724,1
1786971300000,63527.4,63559.5,63526.6,63526.6,5284.0,5.2848,335777.14291,1
1786971600000,63526.7,63526.7,63479.9,63494.0,99762.0,99.7627,6334198.93235,1
1786971900000,63494.0,63532.5,63492.2,63532.5,4013.0,4.0139,254956.63681,1
1786972200000,63529.8,63554.4,63525.3,63535.5,3730.0,3.7307,237057.97528,1
1786972500000,63535.3,63535.3,63459.9,63465.9,6626.0,6.6269,420627.55722,1
1786972800000,63465.9,63468.0,63436.1,63436.1,3608.0,3.6088,229004.29358,1
1786973100000,63435.7,63485.3,63412.5,63477.6,7515.0,7.5154,476835.81937,1
1786973400000,63477.7,63724.4,63451.8,63672.0,59994.0,59.9944,3817609.27044,1
1786973700000,63672.0,63743.9,63665.7,63685.6,17167.0,17.167,1093638.33676,1
1786974000000,63685.6,63773.3,63626.8,63626.8,56823.0,56.8232,3620931.39349,1
1786974300000,63625.5,63680.0,63570.0,63680.0,21932.0,21.9329,1395362.09569,1
1786974600000,63680.0,63705.0,63619.2,63619.2,23961.0,23.9616,1525304.54987,1
1786974900000,63622.9,63651.3,63583.3,63640.1,6569.0,6.5691,417917.71147,1
1786975200000,63640.3,63665.6,63597.3,63600.0,4369.0,4.3694,278015.80343,1
1786975500000,63600.1,63619.9,63570.0,63619.9,14872.0,14.8723,945784.85929,1
1786975800000,63620.0,63697.8,63619.8,63669.6,5580.0,5.5806,355245.96462,1
1786976100000,63669.6,63716.4,63602.1,63659.0,12368.0,12.3681,787542.99294,1
1786976400000,63659.0,63668.1,63605.8,63641.4,4854.0,4.8549,308953.4561,1
1786976700000,63641.4,63649.5,63561.0,63591.3,9527.0,9.5271,605811.53981,1
1786977000000,63598.9,63675.0,63561.3,63664.0,11349.0,11.3495,721880.7611,1
1786977300000,63663.4,63663.4,63572.0,63572.0,3167.0,3.1677,201458.49993,1
1786977600000,63572.1,63607.8,63572.1,63593.6,7864.0,7.8641,500117.07137,1
1786977900000,63592.6,63720.9,63583.3,63720.9,15433.0,15.4331,982674.0323,1
1786978200000,63723.0,63801.6,63717.1,63729.0,105874.0,105.8742,6750939.01831,1
1786978500000,63729.0,63875.8,63729.0,63871.0,44221.0,44.2217,2822235.19606,1
1786978800000,63871.0,63897.8,63834.1,63894.2,87412.0,87.4121,5583514.20561,1
1786979100000,63895.3,63966.0,63850.8,63892.2,141573.0,141.5734,9047534.72643,1
1786979400000,63896.4,63944.1,63837.5,63842.7,19979.0,19.9795,1276236.94023,1
1786979700000,63842.8,63883.7,63779.3,63781.9,21951.0,21.9511,1401229.79223,1
1786980000000,63783.6,63834.9,63783.6,63834.9,16626.0,16.6268,1060844.93336,1
1786980300000,63839.1,64074.2,63839.1,64022.9,75573.0,75.5739,4837315.1531,1
1786980600000,64027.4,64058.0,63956.2,63961.0,117452.0,117.4523,7518050.58165,1
1786980900000,63961.0,64082.1,63960.6,64041.4,44372.0,44.3722,2841189.73813,1
1786981200000,64036.3,64097.0,64014.4,64051.9,31033.0,31.033,1988332.94572,1
1786981500000,64056.2,64147.1,64051.4,64140.0,58228.0,58.2283,3733413.09794,1
1786981800000,64140.7,64199.9,64128.1,64187.4,39648.0,39.6483,2544114.57923,1
1786982100000,64182.5,64182.5,64120.5,64168.5,35216.0,35.2169,2259011.67969,1
1786982400000,64169.9,64182.0,64107.0,64124.6,29627.0,29.6273,1900755.83305,1
1786982700000,64125.0,64140.0,64084.6,64084.6,13183.0,13.1833,845335.60115,1
1786983000000,64084.6,64087.9,64044.4,64044.4,15478.0,15.4783,991596.52054,1
1786983300000,64044.4,64073.1,64035.5,64047.5,21105.0,21.1051,1351750.24931,1
1786983600000,64047.5,64103.8,64034.6,64067.2,7557.0,7.5576,484178.63625,1
1786983900000,64067.2,64090.0,64046.9,64062.6,6651.0,6.6512,426150.58766,1
1786984200000,64061.9,64101.0,64046.8,64090.5,17933.0,17.9333,1149286.61912,1
1786984500000,64090.6,64144.1,64077.7,64144.1,4486.0,4.4863,287633.71754,1
1786984800000,64146.1,64146.6,64048.3,64051.7,3232.0,3.232,207117.89148,1
1786985100000,64044.2,64101.6,64041.1,64100.1,9651.0,9.6513,618296.541,1
1786985400000,64100.1,64103.7,64045.9,64049.4,15350.0,15.3501,983378.071,1
1786985700000,64049.4,64090.0,64040.3,64080.1,7266.0,7.2668,465640.67572,1
1786986000000,64080.1,64086.0,64051.8,64051.8,12683.0,12.683,812633.88814,1
1786986300000,64048.2,64061.1,64043.7,64043.7,23968.0,23.968,1535217.09333,1
1786986600000,64040.3,64040.3,63950.0,63952.7,17485.0,17.4853,1118804.74102,1
1786986900000,63949.9,64264.0,63944.3,64227.5,114416.0,114.4161,7341980.19,1
1786987200000,64227.5,64388.0,64226.0,64280.9,110473.0,110.4734,7107794.87383,1
1786987500000,64281.0,64281.0,64166.2,64169.8,60162.0,60.1625,3862524.30336,1
1786987800000,64175.7,64183.5,64101.8,64101.8,19891.0,19.8914,1275744.72343,1
1786988100000,64101.8,64223.2,64029.5,64201.8,19201.0,19.2014,1231689.0825,1
1786988400000,64187.0,64250.6,64171.1,64189.9,18234.0,18.234,1171082.95029,1
1786988700000,64190.0,64292.0,64190.0,64264.8,7726.0,7.726,496365.89336,1
1786989000000,64264.9,64300.0,64250.0,64278.9,13295.0,13.2956,854596.57176,1
1786989300000,64279.0,64308.9,64270.8,64293.1,16898.0,16.8985,1086527.05209,1
1786989600000,64291.1,64330.4,64247.6,64308.3,20263.0,20.2633,1302751.68631,1
1786989900000,64308.3,64316.8,64273.9,64281.3,7474.0,7.4747,480513.76494,1
1786990200000,64281.3,64356.4,64266.1,64341.2,15341.0,15.3418,986825.38707,1
1786990500000,64341.3,64435.0,64337.7,64366.1,61614.0,61.6142,3968315.48,1
1786990800000,64366.1,64585.0,64366.1,64513.4,137201.0,137.2019,8851372.85674,1
1786991100000,64513.4,64536.3,64438.0,64442.0,36063.0,36.0632,2325991.73623,1
1786991400000,64442.0,64476.4,64374.0,64379.0,12903.0,12.903,831189.6643,1
1786991700000,64376.0,64463.7,64374.0,64414.7,9194.0,9.1946,592308.8008,1
1786992000000,64415.5,64444.0,64396.6,64425.0,6281.0,6.2813,404650.46879,1
1786992300000,64417.8,64423.2,64384.2,64419.8,20054.0,20.0546,1291418.5042,1
1786992600000,64420.0,64448.1,64404.2,64416.1,6736.0,6.7369,434033.30929,1
1786992900000,64420.3,64439.4,64382.0,64402.7,4724.0,4.7247,304258.14663,1
1786993200000,64399.6,64399.6,64292.6,64310.0,104441.0,104.4418,6717491.62586,1
1786993500000,64309.9,64381.8,64309.0,64365.2,9337.0,9.3374,600784.73117,1
1786993800000,64365.2,64365.2,64299.1,64299.1,5532.0,5.5329,355931.81195,1
1786994100000,64299.1,64339.8,64299.1,64300.1,6962.0,6.9625,447865.68406,1
1786994400000,64305.7,64348.4,64303.0,64338.3,1520.0,1.5209,97831.66867,1
1786994700000,64336.5,64388.0,64315.5,64374.4,5853.0,5.8536,376810.30826,1
1786995000000,64366.3,64366.5,64314.7,64315.7,7112.0,7.1121,457685.23697,1
1786995300000,64315.7,64378.2,64308.9,64370.2,4606.0,4.6066,296454.53215,1
1786995600000,64367.1,64388.0,64325.6,64339.7,5762.0,5.7625,370904.83699,1
1786995900000,64339.6,64340.6,64320.0,64328.7,835.0,0.8359,53772.64872,1
1786996200000,64324.7,64329.2,64276.0,64280.0,20442.0,20.4427,1314894.4866,1
1786996500000,64280.0,64291.6,64258.3,64286.7,2326.0,2.3268,149540.52384,1
1786996800000,64284.6,64285.6,64238.4,64269.3,6842.0,6.842,439592.40686,1
1786997100000,64269.4,64269.4,64234.4,64250.0,5269.0,5.2699,338594.45651,1
1786997400000,64254.0,64280.9,64253.7,64280.7,14156.0,14.1568,909787.25322,1
1786997700000,64281.0,64281.0,64266.0,64272.9,2066.0,2.0662,132804.1884,1
1786998000000,64273.0,64312.2,64273.0,64312.2,7543.0,7.5438,485045.57247,1
1786998300000,64330.6,64414.3,64324.8,64392.0,14234.0,14.234,916348.60455,1
1786998600000,64392.0,64392.0,64323.1,64338.4,17390.0,17.3906,1119046.82603,1
1786998900000,64338.4,64356.1,64328.1,64340.0,5325.0,5.3254,342656.01752,1
1786999200000,64340.0,64376.2,64340.0,64362.1,4998.0,4.9981,321693.76449,1
1786999500000,64362.1,64368.9,64314.5,64315.1,8578.0,8.5786,551933.23817,1
1786999800000,64315.1,64359.6,64299.0,64358.5,7083.0,7.0831,455544.05059,1
1787000100000,64355.1,64378.0,64355.1,64360.7,7864.0,7.8645,506235.58078,1
1787000400000,64360.7,64382.1,64355.8,64377.3,2028.0,2.0285,130580.99516,1
1787000700000,64377.3,64405.5,64377.3,64405.5,4050.0,4.0504,260760.25183,1
1787001000000,64405.5,64405.5,64335.8,64349.2,5784.0,5.784,372488.45035,1
1787001300000,64349.2,64381.4,64339.6,64345.9,14660.0,14.6605,943478.46233,1
1787001600000,64345.9,64345.9,64310.0,64310.1,2771.0,2.7717,178304.77454,1
1787001900000,64309.9,64309.9,64300.5,64303.0,4238.0,4.238,272526.18263,1
1787002200000,64303.0,64318.9,64302.0,64316.1,1271.0,1.271,81740.40915,1
1787002500000,64316.1,64318.0,64269.8,64307.8,4870.0,4.8703,313093.0628,1
1787002800000,64298.1,64347.3,64291.6,64307.7,8261.0,8.2611,531330.91805,1
1787003100000,64307.7,64353.5,64307.7,64337.0,934.0,0.9346,60121.3599,1
1787003400000,64335.8,64362.0,64331.9,64331.9,6694.0,6.6946,430821.56725,1
1787003700000,64331.9,64365.5,64331.9,64350.3,3281.0,3.2817,211199.36486,1
1787004000000,64354.2,64390.0,64332.9,64345.4,4385.0,4.3853,282255.42695,1
1787004300000,64335.6,64339.2,64294.2,64294.7,3991.0,3.9913,256683.65263,1
1787004600000,64296.2,64307.2,64280.0,64283.3,12016.0,12.0165,772468.6316,1
1787004900000,64283.3,64285.6,64266.8,64267.2,3593.0,3.5936,230993.83684,1
1787005200000,64267.2,64318.5,64263.5,64296.0,3238.0,3.2384,208223.09121,1
1787005500000,64289.1,64289.1,64267.2,64269.2,626.0,0.6262,40250.16422,1
1787005800000,64263.6,64263.6,64249.9,64250.0,14556.0,14.5563,935306.8845,1
1787006100000,64250.0,64312.0,64249.9,64291.3,2284.0,2.2842,146849.7393,1
1787006400000,64291.2,64291.2,64284.6,64284.8,1434.0,1.4342,92197.34234,1
1787006700000,64284.6,64284.7,64272.6,64273.3,1569.0,1.5691,100854.66688,1
1787007000000,64273.3,64288.9,64263.8,64263.9,1171.0,1.1718,75312.44232,1
1787007300000,64263.8,64267.7,64259.8,64267.7,551.0,0.5515,35440.41137,1
1787007600000,64267.7,64279.8,64261.1,64279.8,17682.0,17.6828,1136523.10631,1
1787007900000,64279.7,64332.7,64279.7,64332.7,16490.0,16.4902,1060747.03869,1
1787008200000,64332.7,64349.6,64332.6,64334.9,16088.0,16.0884,1035017.6887,1
1787008500000,64334.9,64375.0,64334.9,64372.8,19828.0,19.8282,1275930.23106,1
1787008800000,64372.8,64380.6,64355.9,64380.6,1738.0,1.7387,111911.87824,1
1787009100000,64383.4,64459.4,64383.4,64459.4,27959.0,27.9599,1801769.22741,1
1787009400000,64459.4,64536.9,64430.0,64531.2,44337.0,44.3372,2859370.6011,1
1787009700000,64527.0,64527.0,64464.0,64473.2,12236.0,12.236,788938.38816,1
1787010000000,64473.2,64473.3,64440.0,64447.0,3202.0,3.2024,206415.46616,1
1787010300000,64446.9,64489.9,64443.0,64489.9,6972.0,6.9727,449514.06524,1
1787010600000,64489.9,64499.3,64467.8,64499.3,65275.0,65.2754,4210179.8673,1
1787010900000,64499.4,64555.0,64457.3,64504.1,27258.0,27.2581,1758691.43126,1
1787011200000,64508.5,64541.5,64449.8,64449.8,4761.0,4.7613,307068.39357,1
1787011500000,64454.0,64454.1,64391.7,64397.0,18030.0,18.0304,1161713.73101,1
1787011800000,64397.0,64397.2,64388.7,64397.2,42769.0,42.7696,2754231.46524,1
1787012100000,64397.1,64466.4,64397.1,64442.3,13628.0,13.6285,877784.07738,1
1787012400000,64442.3,64476.8,64417.5,64448.0,9127.0,9.1277,588198.10857,1
1787012700000,64448.0,64452.0,64419.2,64429.5,1846.0,1.8468,118991.53146,1
1787013000000,64429.5,64429.6,64408.7,64408.7,5627.0,5.6275,362542.15162,1
1787013300000,64407.6,64420.0,64396.3,64396.3,5225.0,5.2259,336626.2621,1
1787013600000,64396.4,64396.4,64353.2,64368.3,7123.0,7.1231,458501.26478,1
1787013900000,64368.4,64368.4,64335.5,64351.4,8163.0,8.1636,525379.86393,1
1787014200000,64348.5,64368.2,64335.1,64335.1,2764.0,2.7643,177906.46941,1
1787014500000,64333.4,64357.4,64330.0,64357.3,2851.0,2.8518,183498.58192,1
1787014800000,64360.0,64360.9,64309.8,64310.1,3104.0,3.1048,199701.81078,1
1787015100000,64308.2,64316.8,64270.9,64270.9,3369.0,3.3695,216604.66517,1
1787015400000,64270.9,64323.8,64266.0,64317.1,7426.0,7.4262,477563.06713,1
1787015700000,64317.1,64330.7,64275.2,64280.2,2838.0,2.8386,182533.95385,1
1787016000000,64277.8,64308.0,64277.8,64308.0,1290.0,1.2904,82970.51413,1
1787016300000,64308.0,64308.0,64282.1,64296.9,1665.0,1.6656,107082.56132,1
1787016600000,64300.0,64318.1,64300.0,64310.4,1613.0,1.6139,103785.78461,1
1787016900000,64310.4,64310.5,64283.8,64285.9,2021.0,2.0219,130019.76143,1
1787017200000,64285.9,64286.0,64211.0,64250.4,8605.0,8.6051,552769.40857,1
1787017500000,64250.4,64250.4,64188.1,64194.7,15876.0,15.8769,1019340.60634,1
1787017800000,64194.8,64194.8,64125.2,64126.2,15393.0,15.3933,987613.20663,1
1787018100000,64130.0,64175.0,64129.0,64175.0,7317.0,7.3179,469497.2939,1
1787018400000,64171.8,64200.0,64158.9,64200.0,9866.0,9.8665,633286.17328,1
1787018700000,64200.0,64241.7,64199.9,64210.8,4113.0,4.1139,264226.69205,1
1787019000000,64210.9,64210.9,64150.0,64150.0,5732.0,5.7329,367954.63086,1
1787019300000,64150.0,64160.0,64135.1,64160.0,3434.0,3.4348,220334.07176,1
1787019600000,64158.0,64177.8,64158.0,64163.4,4962.0,4.9625,318437.85542,1
1787019900000,64163.3,64163.3,64121.3,64121.3,1415.0,1.4157,90795.36359,1
1787020200000,64119.3,64127.7,64110.0,64123.3,7008.0,7.0083,449356.42652,1
1787020500000,64120.8,64176.7,64110.1,64167.0,6143.0,6.1433,394094.4981,1
1787020800000,64167.0,64176.0,64094.9,64099.2,160682.0,160.6821,10311594.46349,1
1787021100000,64099.1,64106.2,64000.0,64098.6,37588.0,37.5886,2407430.26509,1
1787021400000,64098.6,64110.0,64077.9,64085.7,5385.0,5.385,345153.96073,1
1787021700000,64085.6,64085.6,64033.0,64072.6,40445.0,40.4453,2590511.3259,1
1787022000000,64067.7,64105.6,64059.0,64089.4,3888.0,3.8884,249206.03738,1
1787022300000,64086.8,64088.9,64075.1,64077.3,1387.0,1.3872,88895.41636,1
1787022600000,64077.3,64077.3,64053.5,64053.6,2010.0,2.0105,128800.90908,1
1787022900000,64053.9,64115.8,64051.6,64115.3,34422.0,34.4225,2205251.59642,1
1787023200000,64112.8,64112.8,64076.1,64083.5,3083.0,3.0834,197615.67341,1
1787023500000,64083.5,64105.3,64069.9,64079.6,4225.0,4.2255,270799.08613,1
1787023800000,64079.6,64079.6,64013.6,64027.5,4530.0,4.5303,290118.81603,1
1787024100000,64033.8,64113.2,64012.4,64104.9,14087.0,14.0875,902850.37096,1
1787024400000,64099.4,64135.0,64099.4,64135.0,2477.0,2.477,158826.3005,1
1787024700000,64135.0,64148.0,64110.3,64116.3,3075.0,3.0754,197205.1184,1
1787025000000,64114.5,64140.4,64114.5,64137.9,8103.0,8.1036,519734.62206,1
1787025300000,64141.0,64150.0,64123.0,64147.4,6860.0,6.8606,440087.38568,1
1787025600000,64147.4,64147.4,64055.0,64078.2,2734.0,2.734,175213.1216,1
1787025900000,64078.1,64110.3,64078.1,64096.1,13429.0,13.4295,860780.45835,1
1787026200000,64088.3,64134.0,64088.3,64112.8,2443.0,2.4434,156656.27288,1
1787026500000,64112.1,64122.7,64108.6,64108.7,1877.0,1.8771,120348.63841,1
1787026800000,64108.7,64112.9,64092.2,64099.6,5571.0,5.5718,357151.21807,1
1787027100000,64099.6,64117.6,64099.6,64117.6,756.0,0.7567,48509.06271,1
1787027400000,64117.4,64199.7,64117.4,64186.9,25814.0,25.8146,1656038.02955,1
1787027700000,64186.9,64212.5,64169.0,64169.0,53154.0,53.1548,3412139.95864,1
1787028000000,64165.2,64200.0,64165.1,64184.3,3886.0,3.8862,249461.26772,1
1787028300000,64187.2,64197.6,64155.6,64160.1,3992.0,3.9926,256172.8545,1
1787028600000,64161.5,64181.4,64161.5,64174.9,2960.0,2.96,189954.86344,1
1787028900000,64174.9,64179.5,64168.2,64179.5,1629.0,1.6299,104604.63105,1
1787029200000,64184.5,64184.5,64150.0,64170.1,2027.0,2.0277,130084.30126,1
1787029500000,64172.1,64242.2,64171.9,64242.1,5951.0,5.9518,382121.12101,1
1787029800000,64242.2,64242.2,64184.4,64204.3,5592.0,5.5921,359119.52388,1
1787030100000,64204.3,64217.0,64184.0,64199.9,5552.0,5.5529,356475.17689,1
1787030400000,64199.9,64217.0,64180.1,64180.8,8284.0,8.2842,531961.16366,1
1787030700000,64180.8,64227.5,64180.0,64227.5,11349.0,11.3497,728794.79362,1
1787031000000,64220.5,64220.5,64175.8,64177.0,1398.0,1.3987,89778.16689,1
1787031300000,64177.0,64177.1,64107.1,64140.0,11729.0,11.7294,752202.31407,1
1787031600000,64139.9,64225.3,64139.9,64221.3,1253.0,1.2537,80444.07055,1
1787031900000,64221.3,64221.3,64180.9,64192.2,421.0,0.4215,27055.81845,1
1787032200000,64192.2,64202.3,64169.6,64202.3,4063.0,4.0637,260811.58041,1
1787032500000,64202.3,64211.7,64179.7,64202.7,1623.0,1.6237,104230.8149,1
1787032800000,64199.5,64199.5,64156.0,64163.8,9393.0,9.3934,602694.22125,1
1787033100000,64165.8,64168.5,64135.1,64168.5,1286.0,1.2865,82534.52212,1
1787033400000,64168.5,64239.7,64164.7,64207.5,8099.0,8.099,519939.06394,1
1787033700000,64207.5,64247.0,64204.0,64239.8,2038.0,2.0383,130930.88222,1
1787034000000,64239.8,64311.0,64239.8,64305.1,14027.0,14.027,901604.01714,1
1787034300000,64301.6,64332.3,64301.5,64314.3,8841.0,8.8418,568745.37574,1
1787034600000,64321.9,64371.6,64321.8,64351.0,8629.0,8.6292,555330.30527,1
1787034900000,64350.9,64404.4,64340.9,64394.9,9661.0,9.6613,621964.19895,1
1787035200000,64389.8,64425.0,64373.6,64408.9,3538.0,3.5383,227897.2103,1
1787035500000,64408.9,64415.7,64303.5,64303.5,35332.0,35.3322,2274872.67608,1
1787035800000,64303.5,64303.5,64272.5,64272.5,8407.0,8.4077,540462.09442,1
1787036100000,64272.5,64293.5,64249.7,64290.3,1926.0,1.9264,123807.5698,1
1787036400000,64290.3,64298.5,64255.7,64273.7,4506.0,4.5069,289722.34509,1
1787036700000,64277.1,64322.3,64277.1,64322.3,3344.0,3.3441,214991.03968,1
1787037000000,64316.4,64316.5,64292.2,64316.5,3062.0,3.0629,196934.12881,1
1787037300000,64310.8,64329.8,64304.4,64316.4,740.0,0.7407,47639.53353,1
1787037600000,64316.4,64316.4,64277.7,64286.1,891.0,0.891,57283.04956,1
1787037900000,64286.1,64286.2,64254.0,64254.0,655.0,0.6558,42156.29849,1
1787038200000,64246.8,64254.3,64210.7,64215.4,1673.0,1.6732,107489.82458,1
1787038500000,64211.4,64244.9,64211.0,64228.1,5461.0,5.4611,350711.58132,1
1787038800000,64228.2,64240.2,64215.2,64219.9,3492.0,3.4926,224322.32518,1
1787039100000,64219.9,64220.0,64174.6,64174.6,1842.0,1.8424,118294.20862,1
1787039400000,64172.1,64172.1,64140.0,64146.4,9052.0,9.0521,580673.68441,1
1787039700000,64146.3,64178.1,64146.3,64170.9,85706.0,85.7068,5497984.81999,1
1787040000000,64170.8,64186.6,64127.8,64136.1,6304.0,6.3041,404540.01927,1
1787040300000,64135.8,64135.8,64063.8,64107.5,11879.0,11.8793,761453.70437,1
1787040600000,64107.5,64130.0,64083.7,64129.9,10753.0,10.7539,689352.71303,1
1787040900000,64130.0,64209.7,64130.0,64209.6,11360.0,11.3602,729078.22762,1
1787041200000,64209.6,64210.1,64182.0,64182.0,2832.0,2.832,181782.73576,1
1787041500000,64182.0,64212.0,64176.6,64185.1,5301.0,5.3015,340285.26572,1
1787041800000,64185.1,64216.2,64175.4,64205.7,4541.0,4.5419,291549.49919,1
1787042100000,64205.9,64300.0,64205.9,64300.0,5858.0,5.8581,376542.50059,1
1787042400000,64301.1,64301.2,64257.4,64261.5,2342.0,2.3426,150568.17467,1
1787042700000,64261.4,64261.4,64216.2,64216.2,1475.0,1.4759,94825.28395,1
1787043000000,64216.2,64262.9,64216.2,64238.7,10069.0,10.0692,646759.93278,1
1787043300000,64238.7,64264.5,64238.6,64264.5,558.0,0.5581,35855.58358,1
1787043600000,64261.6,64261.6,64210.4,64212.1,3120.0,3.1209,200481.67396,1
1787043900000,64212.1,64214.6,64201.9,64206.3,4556.0,4.5562,292553.23046,1
1787044200000,64206.3,64216.7,64206.3,64213.6,2766.0,2.7665,177647.04485,1
1787044500000,64213.6,64213.6,64162.7,64162.7,3691.0,3.6917,236949.76699,1
1787044800000,64162.7,64162.7,64131.8,64131.8,4778.0,4.7782,306564.39048,1
1787045100000,64131.7,64145.6,64122.5,64133.1,5841.0,5.8411,374560.64779,1
1787045400000,64133.1,64155.3,64121.3,64150.1,5126.0,5.1261,328775.64597,1
1787045700000,64152.9,64162.0,64138.1,64144.9,3987.0,3.9878,255844.34722,1
1787046000000,64144.9,64150.0,64112.2,64131.1,966.0,0.9668,61998.9954,1
1787046300000,64131.1,64146.4,64125.0,64136.0,4313.0,4.3137,276672.14838,1
1787046600000,64129.5,64146.5,64108.2,64140.3,2932.0,2.9323,188058.77752,1
1787046900000,64140.2,64154.7,64140.2,64153.6,4820.0,4.8209,309238.38744,1
1787047200000,64153.0,64181.6,64111.2,64174.9,5357.0,5.3574,343723.0716,1
1787047500000,64174.7,64174.7,64124.6,64128.6,1523.0,1.5239,97753.76505,1
1787047800000,64128.7,64128.7,64121.5,64128.6,1433.0,1.4333,91912.32803,1
1787048100000,64128.9,64149.6,64128.8,64145.5,580.0,0.5803,37221.9064,1
1787048400000,64145.5,64145.5,64100.1,64122.3,1789.0,1.7896,114747.60041,1
1787048700000,64122.3,64137.0,64112.1,64136.9,1576.0,1.5762,101071.55853,1
1787049000000,64136.9,64165.3,64136.9,64164.1,1756.0,1.7563,112680.19983,1
1787049300000,64164.0,64194.6,64164.0,64181.9,1639.0,1.6394,105228.05659,1
1787049600000,64181.9,64181.9,64162.5,64162.6,2673.0,2.6733,171541.8109,1
1787049900000,64160.1,64179.0,64159.0,64175.2,6360.0,6.3603,408133.56988,1
1787050200000,64175.2,64182.1,64165.2,64176.7,7432.0,7.4322,476980.34735,1
1787050500000,64176.9,64177.0,64172.9,64172.9,682.0,0.6829,43826.43613,1
1787050800000,64166.9,64303.5,64162.5,64269.5,4518.0,4.518,290417.51683,1
1787051100000,64269.4,64269.4,64241.1,64267.2,2501.0,2.5013,160711.58522,1
1787051400000,64267.3,64301.0,64267.3,64300.0,25811.0,25.8112,1659284.8367,1
1787051700000,64300.0,64342.7,64299.9,64305.6,15184.0,15.1848,976838.60595,1
1787052000000,64304.9,64348.8,64304.8,64347.8,13366.0,13.3662,859914.64671,1
1787052300000,64349.0,64351.8,64338.7,64346.3,4540.0,4.5407,292174.04239,1
1787052600000,64346.3,64348.5,64325.4,64348.5,4784.0,4.7845,307791.08558,1
1787052900000,64350.6,64351.7,64344.6,64348.5,10706.0,10.7061,688911.28852,1
1787053200000,64348.5,64370.3,64348.5,64358.6,1420.0,1.4205,91421.18181,1
1787053500000,64358.7,64380.0,64329.8,64334.4,6246.0,6.246,401893.65085,1
1787053800000,64334.2,64341.9,64313.0,64325.9,16938.0,16.938,1089663.75366,1
1787054100000,64325.9,64326.2,64321.3,64326.0,5019.0,5.0194,322869.58877,1
1787054400000,64326.1,64326.1,64277.7,64299.9,5913.0,5.9139,380222.54814,1
1787054700000,64299.9,64328.1,64273.5,64275.0,6698.0,6.6981,430779.77298,1
1787055000000,64271.6,64271.7,64256.1,64270.0,2082.0,2.0826,133845.99584,1
1787055300000,64270.0,64270.0,64253.4,64267.9,2556.0,2.556,164265.49562,1
1787055600000,64275.5,64309.9,64270.1,64270.1,6551.0,6.5514,421230.88602,1
1787055900000,64270.0,64277.2,64270.0,64275.1,1064.0,1.0648,68440.61576,1
1787056200000,64275.2,64275.2,64235.8,64273.5,3183.0,3.1831,204524.73734,1
1787056500000,64273.4,64273.4,64222.8,64226.6,8044.0,8.0444,516822.0239,1
1787056800000,64229.5,64235.7,64222.0,64222.0,4093.0,4.0936,262925.92587,1
1787057100000,64221.0,64221.8,64212.5,64215.2,2340.0,2.3403,150282.03388,1
1787057400000,64215.3,64226.8,64213.0,64213.1,3215.0,3.2158,206510.92665,1
1787057700000,64213.0,64214.6,64200.0,64200.0,3072.0,3.0729,197313.6326,1
1787058000000,64200.0,64200.6,64135.5,64146.2,14305.0,14.3054,917789.93558,1
1787058300000,64146.2,64154.6,64140.4,64140.4,8299.0,8.2999,532435.36165,1
1787058600000,64140.4,64171.6,64135.2,64168.0,4296.0,4.2969,275675.36719,1
1787058900000,64168.0,64168.1,64100.0,64100.1,22260.0,22.2605,1427386.97583,1
1787059200000,64100.1,64100.1,64048.9,64068.0,17279.0,17.2797,1107240.12064,1
1787059500000,64063.1,64078.9,64029.9,64045.6,9561.0,9.5612,612444.81297,1
1787059800000,64046.6,64129.2,64019.9,64075.7,15491.0,15.4914,992760.21474,1
1787060100000,64078.2,64200.0,64000.0,64199.8,20796.0,20.7966,1333029.33432,1
1787060400000,64200.0,64220.0,64150.0,64163.3,15029.0,15.0295,964629.82531,1
1787060700000,64152.9,64242.7,64135.1,64206.3,6726.0,6.726,431579.72846,1
1787061000000,64206.9,64259.2,64110.0,64110.0,11428.0,11.4288,733766.32605,1
1787061300000,64110.0,64195.2,64088.2,64184.4,24213.0,24.2136,1552936.15215,1
1787061600000,64187.5,64333.1,64187.5,64333.0,27013.0,27.0139,1736706.26184,1
1787061900000,64333.1,64342.8,64265.3,64265.3,15733.0,15.7333,1011747.01047,1
1787062200000,64270.7,64276.7,64224.4,64228.0,10964.0,10.9646,704468.42566,1
1787062500000,64227.9,64450.0,64224.1,64435.3,21775.0,21.7755,1401647.80134,1
1787062800000,64442.0,64720.0,64429.8,64697.7,152805.0,152.8054,9872308.47175,1
1787063100000,64700.0,64998.9,64699.9,64962.0,292986.0,292.9865,19009488.20441,1
1787063400000,64967.3,65028.9,64750.0,64776.8,245362.0,245.3628,15928278.50033,1
1787063700000,64779.0,64818.0,64744.1,64744.1,32058.0,32.0583,2077131.24877,1
1787064000000,64744.8,64800.0,64707.1,64760.0,74326.0,74.3264,4815353.08108,1
1787064300000,64743.8,64773.5,64713.0,64773.5,42398.0,42.3982,2744726.45374,1
1787064600000,64773.4,64808.0,64630.2,64716.9,94181.0,94.1814,6092014.76216,1
1787064900000,64700.2,64729.3,64678.9,64683.6,16289.0,16.2892,1054104.25108,1
1787065200000,64700.0,64759.5,64676.7,64759.5,32310.0,32.3102,2090614.32012,1
1787065500000,64765.3,64778.0,64645.8,64649.9,11045.0,11.0456,714650.97631,1
1787065800000,64647.0,64717.2,64614.9,64707.0,28060.0,28.0609,1814620.72412,1
1787066100000,64706.7,64771.3,64685.9,64731.8,56981.0,56.9811,3688899.26119,1
1787066400000,64731.7,64754.5,64694.6,64731.2,10398.0,10.398,673105.93467,1
1787066700000,64729.2,64807.2,64720.1,64770.0,16240.0,16.2403,1052163.76384,1
1787067000000,64766.8,64838.0,64760.8,64838.0,7740.0,7.7404,501450.87988,1
1787067300000,64838.0,64838.0,64780.6,64813.9,14118.0,14.1182,915040.56354,1
1787067600000,64810.2,64826.8,64781.0,64790.5,28425.0,28.4255,1842337.22733,1
1787067900000,64783.1,64860.4,64765.1,64797.4,17260.0,17.26,1119088.57531,1
1787068200000,64797.5,64839.4,64778.8,64826.6,12183.0,12.1837,789745.3757,1
1787068500000,64826.3,64838.0,64807.8,64816.2,3569.0,3.5692,231381.3956,1
1787068800000,64829.9,64860.1,64811.7,64824.1,13559.0,13.5598,879158.58796,1
1787069100000,64824.1,64849.1,64755.2,64755.2,11959.0,11.9596,775183.13739,1
1787069400000,64755.2,64755.2,64714.2,64720.8,16548.0,16.5482,1071050.2271,1
1787069700000,64720.8,64724.9,64681.8,64711.4,13732.0,13.7321,888484.89974,1
1787070000000,64718.5,64718.6,64693.5,64695.9,6158.0,6.158,398466.45327,1
1787070300000,64699.0,64702.0,64661.8,64674.2,8783.0,8.7837,568246.30981,1
1787070600000,64674.2,64717.6,64644.2,64717.3,13082.0,13.0821,846350.52031,1
1787070900000,64717.2,64770.9,64715.3,64762.4,5545.0,5.5458,359024.05801,1
1787071200000,64762.4,64781.6,64752.7,64758.9,4682.0,4.6826,303297.36415,1
1787071500000,64758.8,64833.3,64750.3,64778.2,13066.0,13.0666,846650.561,1
1787071800000,64778.2,64796.9,64768.1,64788.1,1076.0,1.0766,69746.6394,1
1787072100000,64788.1,64804.7,64772.8,64804.7,3478.0,3.4782,225357.79043,1
1787072400000,64804.7,64804.7,64746.1,64780.3,19003.0,19.0033,1230597.52575,1
1787072700000,64780.2,64781.4,64745.0,64754.6,5500.0,5.5001,356217.42043,1
1787073000000,64754.6,64771.6,64743.0,64771.6,3102.0,3.102,200883.46184,1
1787073300000,64760.9,64761.0,64728.1,64761.0,3672.0,3.6723,237745.68145,1
1787073600000,64760.9,64789.0,64753.0,64772.1,2436.0,2.4367,157814.30537,1
1787073900000,64772.1,64799.4,64763.1,64797.9,1482.0,1.4823,96029.75762,1
1787074200000,64797.9,64800.5,64756.6,64756.6,4141.0,4.1415,268318.83698,1
1787074500000,64752.8,64752.8,64664.8,64737.6,11464.0,11.4646,741850.99871,1
1787074800000,64737.5,64737.5,64682.0,64695.4,1994.0,1.9947,129070.8609,1
1787075100000,64695.4,64701.4,64666.2,64666.2,3158.0,3.1587,204284.58741,1
1787075400000,64666.2,64685.6,64657.7,64673.1,6302.0,6.3027,407563.47499,1
1787075700000,64673.1,64678.9,64634.3,64634.3,2945.0,2.945,190397.4916,1
1787076000000,64633.8,64646.1,64621.9,64646.1,7949.0,7.9493,513789.67277,1
1787076300000,64650.0,64678.4,64641.7,64667.4,10781.0,10.7818,697079.88989,1
1787076600000,64670.0,64704.3,64670.0,64704.3,18610.0,18.6104,1203852.99538,1
1787076900000,64704.3,64740.0,64696.7,64730.1,2320.0,2.3204,150166.78831,1
1787077200000,64730.1,64762.6,64728.6,64755.7,1713.0,1.7132,110935.3702,1
1787077500000,64748.3,64779.7,64746.4,64763.6,2217.0,2.2174,143619.53259,1
1787077800000,64763.6,64775.0,64741.2,64756.3,18361.0,18.3611,1189247.98107,1
1787078100000,64756.2,64789.6,64746.9,64764.7,2123.0,2.1231,137497.22352,1
1787078400000,64764.7,64764.7,64727.2,64731.9,3417.0,3.4176,221296.96534,1
1787078700000,64728.0,64771.0,64720.2,64769.4,11144.0,11.1441,721751.29678,1
1787079000000,64769.4,64771.0,64749.0,64749.1,4860.0,4.8601,314694.06011,1
1787079300000,64749.1,64749.1,64732.8,64744.7,21665.0,21.6652,1402700.63612,1
1787079600000,64744.1,64744.1,64718.1,64722.2,26610.0,26.61,1722720.29051,1
1787079900000,64718.5,64724.0,64685.3,64685.4,1841.0,1.8413,119155.83017,1
1787080200000,64685.3,64699.9,64682.7,64692.6,1424.0,1.4246,92165.07519,1
1787080500000,64692.6,64692.6,64673.9,64684.4,1934.0,1.9349,125154.73011,1
1787080800000,64684.4,64708.2,64684.4,64704.1,5061.0,5.0619,327520.11995,1
1787081100000,64715.1,64771.8,64715.1,64750.0,2694.0,2.6942,174420.35071,1
1787081400000,64743.5,64752.8,64710.9,64716.2,1220.0,1.2203,78980.72107,1
1787081700000,64710.7,64710.9,64690.0,64690.1,2251.0,2.2511,145646.96612,1
1787082000000,64690.1,64690.1,64644.0,64645.3,115367.0,115.3677,7458395.18665,1
1787082300000,64645.3,64657.7,64630.0,64640.0,3650.0,3.6503,235980.29379,1
1787082600000,64640.0,64659.1,64636.6,64640.7,9175.0,9.1756,593155.25351,1
1787082900000,64636.4,64636.4,64615.0,64616.9,44418.0,44.4186,2870150.43958,1
1787083200000,64623.2,64631.0,64565.1,64565.3,87253.0,87.2538,5635477.62124,1
1787083500000,64565.2,64621.0,64556.4,64621.0,50139.0,50.1394,3237911.40671,1
1787083800000,64621.2,64625.0,64603.6,64623.8,45552.0,45.5522,2943756.19612,1
1787084100000,64624.9,64625.0,64610.0,64610.1,2432.0,2.4321,157151.92558,1
1787084400000,64610.1,64610.1,64583.5,64600.0,18580.0,18.58,1200403.03807,1
1787084700000,64600.0,64604.8,64582.5,64582.5,6432.0,6.4322,415469.56961,1
1787085000000,64582.5,64623.3,64572.9,64602.8,2854.0,2.8545,184392.18818,1
1787085300000,64598.1,64610.0,64595.0,64606.0,9267.0,9.2673,598643.56064,1
1787085600000,64606.0,64606.0,64576.6,64576.6,2587.0,2.5872,167117.06076,1
1787085900000,64576.6,64589.4,64550.0,64550.1,6562.0,6.5629,423784.88408,1
1787086200000,64550.1,64571.8,64538.7,64568.3,34438.0,34.4382,2222883.76077,1
1787086500000,64571.7,64580.7,64547.4,64547.5,3134.0,3.1344,202404.10172,1
1787086800000,64547.5,64572.7,64547.5,64572.6,5204.0,5.2046,336064.757,1
1787087100000,64572.6,64599.4,64572.6,64599.4,4943.0,4.9431,319274.23806,1
1787087400000,64599.4,64621.5,64599.3,64602.4,23173.0,23.1737,1497316.89908,1
1787087700000,64596.2,64642.4,64574.2,64578.3,26346.0,26.3462,1702645.73257,1
1787088000000,64578.3,64631.4,64578.2,64585.0,61736.0,61.7363,3988131.19678,1
1787088300000,64585.1,64600.0,64585.1,64594.0,8029.0,8.0292,518637.19585,1
1787088600000,64594.0,64594.0,64578.0,64578.0,5392.0,5.3928,348268.76992,1
1787088900000,64578.1,64579.3,64555.2,64557.2,2388.0,2.3888,154233.98761,1
1787089200000,64557.1,64575.8,64545.2,64572.2,1828.0,1.8288,118056.17585,1
1787089500000,64546.3,64580.6,64546.3,64576.7,975.0,0.9757,62999.6212,1
1787089800000,64569.8,64580.6,64560.1,64564.1,2098.0,2.0987,135519.61906,1
1787090100000,64564.1,64576.5,64551.4,64576.1,2219.0,2.2192,143255.81185,1
1787090400000,64572.7,64575.9,64548.0,64560.1,1590.0,1.5909,102718.90793,1
1787090700000,64557.2,64557.2,64537.6,64549.3,2136.0,2.1363,137887.37959,1
1787091000000,64549.1,64580.6,64540.0,64544.1,111565.0,111.5657,7200606.02255,1
1787091300000,64544.1,64554.4,64536.2,64554.4,6714.0,6.7142,433363.3424,1
1787091600000,64547.9,64578.2,64547.9,64554.5,6612.0,6.612,426898.11818,1
1787091900000,64556.4,64564.9,64531.1,64564.9,4664.0,4.6648,301075.10949,1
1787092200000,64564.9,64578.3,64564.9,64578.1,1134.0,1.134,73220.7536,1
1787092500000,64578.3,64621.8,64578.0,64621.8,6614.0,6.6147,427244.31493,1
1787092800000,64614.9,64615.0,64606.1,64606.2,1397.0,1.3972,90274.33291,1
1787093100000,64606.2,64606.2,64593.9,64597.8,855.0,0.8555,55268.20132,1
1787093400000,64597.9,64599.9,64532.7,64577.5,34066.0,34.0666,2198644.91995,1
1787093700000,64577.5,64607.0,64562.6,64607.0,34780.0,34.7805,2245782.82445,1
1787094000000,64598.7,64658.7,64598.7,64655.0,10534.0,10.534,680965.41799,1
1787094300000,64655.1,64688.5,64636.5,64641.8,3647.0,3.6476,235857.52769,1
1787094600000,64643.5,64676.2,64643.5,64667.1,5149.0,5.1493,332945.74242,1
1787094900000,64671.3,64680.0,64669.2,64679.0,915.0,0.915,59175.50574,1
1787095200000,64679.0,64700.0,64673.5,64700.0,9592.0,9.5922,620460.63153,1
1787095500000,64700.0,64707.1,64690.9,64690.9,5164.0,5.1648,334163.77189,1
1787095800000,64690.8,64723.4,64690.8,64723.4,3653.0,3.6538,236407.00736,1
1787096100000,64723.4,64728.0,64723.4,64725.0,6192.0,6.1927,400834.53242,1
1787096400000,64725.1,64750.0,64725.0,64741.8,6278.0,6.2787,406495.3246,1
1787096700000,64735.2,64750.5,64709.2,64725.1,4090.0,4.0907,264761.57369,1
1787097000000,64729.9,64730.0,64703.2,64718.3,3038.0,3.038,196614.55191,1
1787097300000,64718.3,64718.3,64694.0,64694.0,6828.0,6.8287,441816.23776,1
1787097600000,64699.6,64705.7,64600.0,64602.1,6591.0,6.5914,426271.29248,1
1787097900000,64602.2,64625.5,64564.6,64603.2,12733.0,12.7332,822408.75246,1
1787098200000,64599.0,64599.0,64557.3,64557.3,2415.0,2.4155,155972.44103,1
1787098500000,64557.1,64566.5,64511.2,64561.3,28443.0,28.443,1835287.4744,1
1787098800000,64561.3,64640.2,64561.3,64594.3,2047.0,2.0478,132282.91273,1
1787099100000,64594.1,64594.1,64544.9,64572.3,1745.0,1.7455,112706.45561,1
1787099400000,64567.3,64623.4,64567.3,64612.7,3840.0,3.8404,248076.22639,1
1787099700000,64612.8,64626.1,64600.1,64611.2,458.0,0.4588,29645.70136,1
1787100000000,64611.2,64611.2,64512.2,64527.2,20006.0,20.0064,1290833.41254,1
1787100300000,64527.2,64549.1,64515.8,64537.3,8551.0,8.5514,551772.65998,1
1787100600000,64537.3,64537.3,64477.3,64505.0,16089.0,16.0895,1037679.5099,1
1787100900000,64505.0,64505.0,64451.1,64459.3,6869.0,6.8697,442914.83752,1
1787101200000,64452.0,64457.8,64406.8,64413.9,19303.0,19.3032,1243677.44957,1
1787101500000,64414.0,64507.9,64405.2,64507.9,4450.0,4.4504,286828.10444,1
1787101800000,64507.9,64507.9,64459.4,64496.0,1319.0,1.3199,85124.55562,1
1787102100000,64489.2,64490.1,64425.0,64476.3,2597.0,2.5977,167432.46812,1
1787102400000,64483.2,64501.5,64451.7,64451.7,4475.0,4.4757,288585.96164,1
1787102700000,64451.7,64494.1,64419.4,64455.3,4596.0,4.5967,296262.82338,1
1787103000000,64462.0,64463.5,64425.0,64435.0,1776.0,1.7761,114459.18502,1
1787103300000,64435.0,64437.2,64423.7,64425.1,3065.0,3.0658,197530.79295,1
1787103600000,64425.2,64436.1,64370.0,64387.2,11780.0,11.78,758585.6403,1
1787103900000,64387.2,64389.9,64356.1,64385.3,9650.0,9.6509,621292.03975,1
1787104200000,64385.4,64402.9,64371.8,64393.3,3236.0,3.2368,208402.33782,1
1787104500000,64393.3,64417.9,64360.2,64363.5,1255.0,1.2552,80818.54913,1
1787104800000,64363.6,64363.6,64333.3,64341.4,4141.0,4.1418,266514.73748,1
1787105100000,64341.4,64357.2,64330.0,64330.0,3926.0,3.9262,252601.94528,1
1787105400000,64330.0,64381.5,64329.0,64373.4,8073.0,8.0734,519697.62409,1
1787105700000,64366.7,64368.1,64326.1,64326.1,2919.0,2.9194,187821.53046,1
1787106000000,64326.1,64371.1,64322.2,64363.8,4069.0,4.0697,261892.93544,1
1787106300000,64358.2,64389.1,64352.0,64355.0,3927.0,3.9272,252808.22923,1
1787106600000,64355.0,64373.3,64344.5,64344.5,12739.0,12.7391,819889.29964,1
1787106900000,64344.5,64382.9,64344.5,64379.4,2019.0,2.0194,129965.56976,1
1787107200000,64379.4,64379.4,64353.6,64360.0,871.0,0.8715,56095.49934,1
1787107500000,64360.1,64388.3,64345.4,64345.5,4447.0,4.4478,286283.1729,1
1787107800000,64345.4,64345.5,64316.0,64316.0,2838.0,2.8386,182605.51508,1
1787108100000,64316.0,64341.4,64316.0,64322.2,1404.0,1.4049,90380.37452,1
1787108400000,64322.2,64333.0,64316.0,64318.1,1941.0,1.9415,124889.34028,1
1787108700000,64318.1,64318.1,64264.9,64267.1,15136.0,15.136,972998.65587,1
1787109000000,64267.1,64321.0,64262.6,64321.0,16858.0,16.8581,1083769.66558,1
1787109300000,64321.0,64380.0,64321.0,64376.3,4055.0,4.0557,261027.47215,1
1787109600000,64376.3,64390.4,64339.5,64340.3,2512.0,2.5127,161740.44185,1
1787109900000,64344.1,64344.7,64332.0,64337.1,12025.0,12.0256,773688.4977,1
1787110200000,64337.1,64337.1,64319.6,64319.8,792.0,0.7925,50976.72379,1
1787110500000,64319.8,64330.5,64307.5,64309.8,6939.0,6.9397,446301.64414,1
1787110800000,64309.8,64324.4,64304.0,64312.0,2346.0,2.3465,150916.98153,1
1787111100000,64312.0,64332.3,64304.0,64330.0,3178.0,3.1782,204448.90876,1
1787111400000,64336.3,64345.5,64308.4,64308.4,2895.0,2.8958,186288.76565,1
1787111700000,64303.5,64311.9,64297.3,64297.3,908.0,0.9083,58404.50395,1
1787112000000,64297.3,64298.2,64266.8,64270.2,1544.0,1.5442,99258.58143,1
1787112300000,64278.6,64278.7,64263.5,64266.2,1645.0,1.6456,105762.68799,1
1787112600000,64266.2,64293.4,64266.2,64281.9,1458.0,1.4584,93754.82994,1
1787112900000,64281.9,64337.4,64281.8,64331.1,4126.0,4.1265,265417.31033,1
1787113200000,64337.4,64360.4,64337.4,64346.7,6213.0,6.2135,399832.6411,1
1787113500000,64346.8,64346.8,64327.5,64327.5,773.0,0.7732,49749.38698,1
1787113800000,64327.4,64327.4,64300.0,64324.9,2160.0,2.1608,138951.6028,1
1787114100000,64325.0,64342.2,64316.4,64316.4,821.0,0.8211,52828.61218,1
1787114400000,64316.4,64333.0,64307.8,64315.1,8157.0,8.1578,524668.60461,1
1787114700000,64316.1,64340.8,64315.2,64315.2,3309.0,3.3092,212880.22456,1
1787115000000,64315.2,64315.2,64291.6,64291.6,5589.0,5.5898,359449.39248,1
1787115300000,64291.6,64291.6,64271.7,64285.3,9793.0,9.7939,629598.41909,1
1787115600000,64285.3,64324.8,64282.3,64321.8,1530.0,1.5306,98423.45745,1
1787115900000,64321.8,64353.6,64316.7,64353.6,2914.0,2.9141,187487.6747,1
1787116200000,64356.3,64378.3,64356.3,64370.8,4172.0,4.1729,268608.94162,1
1787116500000,64370.1,64370.1,64308.5,64308.6,3832.0,3.8327,246646.19043,1
1787116800000,64308.6,64320.8,64280.0,64298.5,3156.0,3.156,202934.44336,1
1787117100000,64298.5,64333.5,64298.5,64326.0,3857.0,3.8579,248168.07723,1
1787117400000,64326.0,64326.0,64314.0,64314.0,5516.0,5.5169,354863.75885,1
1787117700000,64314.0,64314.1,64294.6,64294.7,362.0,0.3626,23314.77678,1
1787118000000,64302.4,64310.5,64288.1,64288.2,672.0,0.6727,43253.58927,1
1787118300000,64288.2,64288.3,64270.0,64270.1,11814.0,11.8148,759516.11476,1
1787118600000,64270.1,64281.4,64238.7,64238.8,3649.0,3.6497,234477.37868,1
1787118900000,64238.8,64238.8,64210.0,64210.0,20016.0,20.0161,1285488.28852,1
1787119200000,64209.9,64222.6,64180.0,64181.4,9650.0,9.6507,619532.76591,1
1787119500000,64181.4,64198.3,64150.0,64150.0,8992.0,8.9924,577085.28856,1
1787119800000,64150.1,64155.0,64132.8,64150.1,9762.0,9.7624,626208.0586,1
1787120100000,64150.1,64219.8,64150.1,64217.6,8418.0,8.418,540365.72119,1
1787120400000,64218.0,64275.8,64218.0,64275.0,2079.0,2.0799,133633.77493,1
1787120700000,64273.7,64273.7,64240.0,64243.2,4784.0,4.7843,307397.54724,1
1787121000000,64243.2,64253.2,64226.1,64242.2,2897.0,2.8976,186152.15562,1
1787121300000,64242.3,64271.4,64239.4,64264.8,1331.0,1.3317,85562.88048,1
1787121600000,64261.0,64261.0,64235.5,64241.1,1898.0,1.8984,121961.78347,1
1787121900000,64241.1,64317.4,64240.1,64294.4,3579.0,3.5793,230099.50171,1
1787122200000,64294.5,64301.9,64258.1,64300.1,6090.0,6.0902,391547.79882,1
1787122500000,64300.1,64321.3,64296.0,64315.2,7399.0,7.3993,475836.21817,1
1787122800000,64317.0,64317.0,64260.5,64260.5,1848.0,1.8481,118826.38889,1
1787123100000,64260.5,64279.0,64246.2,64279.0,2932.0,2.932,188413.51296,1
1787123400000,64279.0,64342.0,64272.3,64333.6,3831.0,3.8313,246451.4392,1
1787123700000,64333.6,64345.8,64279.6,64282.5,1768.0,1.7684,113696.15434,1
1787124000000,64285.3,64319.9,64285.3,64319.9,3970.0,3.9709,255370.89455,1
1787124300000,64319.9,64341.4,64319.8,64321.3,1845.0,1.8454,118707.44647,1
1787124600000,64321.3,64353.5,64309.3,64350.1,8353.0,8.3536,537466.24738,1
1787124900000,64350.1,64360.6,64346.9,64348.7,5737.0,5.7371,369187.18663,1
1787125200000,64348.7,64364.6,64330.0,64330.0,4668.0,4.6682,300409.30925,1
1787125500000,64330.0,64347.4,64320.2,64323.2,4503.0,4.5039,289764.2461,1
1787125800000,64323.2,64326.5,64293.9,64293.9,2498.0,2.4983,160659.81144,1
1787126100000,64297.3,64297.3,64266.2,64266.2,3868.0,3.8687,248655.81976,1
1787126400000,64266.1,64285.1,64260.3,64285.1,6094.0,6.0949,391671.3353,1
1787126700000,64285.2,64298.1,64260.0,64260.0,5430.0,5.4305,349079.86408,1
1787127000000,64260.1,64261.1,64227.8,64227.9,1912.0,1.9122,122846.1486,1
1787127300000,64227.9,64261.2,64226.0,64261.2,3658.0,3.6582,235021.78826,1
1787127600000,64261.2,64261.2,64244.2,64244.2,3214.0,3.2144,206542.3153,1
1787127900000,64244.2,64261.2,64242.4,64259.4,2166.0,2.1664,139206.27683,1
1787128200000,64261.1,64354.3,64261.1,64354.2,4977.0,4.9772,320134.17139,1
1787128500000,64354.2,64479.6,64350.0,64416.8,12391.0,12.3915,798272.92189,1
1787128800000,64423.9,64441.3,64403.5,64422.8,7151.0,7.1518,460785.49464,1
1787129100000,64422.8,64449.7,64422.8,64428.1,6627.0,6.6275,427036.33306,1
1787129400000,64428.0,64442.8,64416.3,64416.4,5664.0,5.6648,364960.11109,1
1787129700000,64420.2,64420.2,64385.8,64385.8,3738.0,3.7384,240741.35773,1
1787130000000,64385.9,64442.9,64385.8,64442.9,2330.0,2.3307,150123.19586,1
1787130300000,64446.4,64446.5,64372.0,64372.0,2506.0,2.5068,161463.96529,1
1787130600000,64371.9,64411.8,64369.8,64371.8,13345.0,13.3456,859173.6223,1
1787130900000,64371.8,64392.6,64345.2,64390.1,5937.0,5.9374,382151.29309,1
1787131200000,64390.1,64390.1,64368.0,64368.0,2587.0,2.5872,166561.39286,1
1787131500000,64367.0,64367.0,64349.9,64358.0,2334.0,2.3342,150229.30105,1
1787131800000,64358.0,64368.0,64351.7,64368.0,3579.0,3.5799,230411.93049,1
1787132100000,64368.0,64368.0,64352.3,64357.8,5796.0,5.7963,373036.19286,1
1787132400000,64357.8,64357.8,64329.9,64338.1,11493.0,11.4934,739507.38062,1
1787132700000,64338.0,64350.7,64332.3,64350.7,14473.0,14.4734,931159.21975,1
1787133000000,64350.6,64384.5,64346.4,64384.5,6233.0,6.2339,401181.5711,1
1787133300000,64384.6,64395.4,64378.7,64395.4,2668.0,2.6685,171823.21308,1
1787133600000,64395.4,64395.4,64375.4,64377.9,3365.0,3.3651,216643.7808,1
1787133900000,64370.4,64372.8,64357.8,64357.8,2825.0,2.8255,181857.53773,1
1787134200000,64356.6,64362.7,64341.0,64362.6,4237.0,4.2379,272727.71189,1
1787134500000,64356.0,64359.9,64353.0,64359.9,4503.0,4.503,289805.91235,1
1787134800000,64359.9,64368.6,64346.0,64346.0,401.0,0.4015,25840.39986,1
1787135100000,64346.0,64369.7,64336.6,64369.7,6901.0,6.9019,444068.03959,1
1787135400000,64369.6,64376.9,64344.9,64371.2,801.0,0.8016,51595.99998,1
1787135700000,64371.2,64395.0,64371.2,64387.0,534.0,0.5347,34422.0686,1
1787136000000,64387.0,64387.0,64364.1,64373.3,10628.0,10.6289,684302.5673,1
1787136300000,64371.3,64387.0,64367.5,64367.5,1091.0,1.0915,70267.33338,1
1787136600000,64367.5,64390.4,64364.7,64364.7,3461.0,3.4615,222868.7382,1
1787136900000,64364.7,64427.4,64364.7,64423.7,2986.0,2.9863,192337.79652,1
1787137200000,64423.8,64467.5,64423.7,64467.5,7847.0,7.8477,505734.62774,1
1787137500000,64469.1,64501.6,64460.8,64476.9,14743.0,14.743,950749.87646,1
1787137800000,64476.9,64491.3,64472.4,64473.3,8196.0,8.1967,528572.66182,1
1787138100000,64473.3,64482.4,64446.7,64482.4,288239.0,288.2391,18581023.62487,1
1787138400000,64482.3,64502.8,64469.0,64502.8,24894.0,24.8944,1605298.70708,1
1787138700000,64502.8,64502.8,64474.0,64474.0,4153.0,4.1533,267813.35431,1
1787139000000,64474.5,64498.3,64473.9,64476.9,4097.0,4.0972,264224.10478,1
1787139300000,64476.9,64486.4,64464.1,64464.7,6970.0,6.9702,449404.86572,1
1787139600000,64464.7,64464.8,64430.7,64437.6,1521.0,1.5216,98059.24177,1
1787139900000,64437.6,64460.0,64437.6,64460.0,9488.0,9.488,611571.21842,1
1787140200000,64460.0,64494.9,64443.8,64476.9,2906.0,2.9061,187395.73356,1
1787140500000,64476.9,64482.3,64468.5,64479.0,4046.0,4.0461,260890.91292,1
1787140800000,64479.0,64479.1,64452.6,64452.6,4857.0,4.8576,313122.73356,1
1787141100000,64452.6,64488.0,64440.0,64473.6,8496.0,8.4967,547640.51666,1
1787141400000,64473.6,64477.8,64458.0,64477.8,12092.0,12.0922,779502.93175,1
1787141700000,64477.8,64480.0,64457.9,64470.5,1047.0,1.0476,67529.21074,1
1787142000000,64462.8,64468.4,64457.6,64461.8,1774.0,1.7748,114412.08185,1
1787142300000,64461.8,64469.5,64461.8,64469.2,822.0,0.8227,53036.46771,1
1787142600000,64469.1,64650.2,64449.5,64630.1,46523.0,46.5239,3003568.77809,1
1787142900000,64624.2,64743.2,64554.5,64694.0,34586.0,34.586,2236041.83098,1
1787143200000,64694.0,64924.1,64680.0,64914.0,122298.0,122.2988,7930528.72277,1
1787143500000,64914.1,64961.7,64880.0,64957.5,68356.0,68.3562,4437980.03199,1
1787143800000,64954.2,64955.8,64792.8,64810.3,36389.0,36.3897,2360880.00849,1
1787144100000,64810.3,64865.5,64810.3,64857.4,32899.0,32.8993,2132817.71279,1
1787144400000,64850.6,64850.6,64760.0,64773.2,42397.0,42.3979,2746338.57864,1
1787144700000,64773.2,64849.8,64761.2,64838.6,33647.0,33.6476,2180252.45321,1
1787145000000,64850.0,64973.3,64847.3,64892.1,34611.0,34.6114,2246985.27344,1
1787145300000,64890.8,64944.4,64889.6,64941.1,16727.0,16.7272,1085813.86589,1
1787145600000,64941.1,64995.9,64938.7,64950.0,73061.0,73.061,4746579.90972,1
1787145900000,64956.0,65000.0,64896.0,64976.9,34948.0,34.948,2269405.63537,1
1787146200000,64966.1,65190.0,64939.7,65028.6,308372.0,308.3728,20081830.8816,1
1787146500000,65026.1,65061.9,64806.3,64812.1,248094.0,248.0949,16117518.38343,1
1787146800000,64812.1,65075.9,64787.7,65017.8,75314.0,75.3141,4886182.57735,1
1787147100000,65022.5,65157.3,64981.8,65035.7,148323.0,148.3231,9649070.35423,1
1787147400000,65037.9,65091.3,64952.0,64965.2,53318.0,53.3189,3466329.30853,1
1787147700000,64982.7,65050.0,64959.5,64988.1,16196.0,16.1969,1052637.99865,1
1787148000000,64989.0,65120.0,64984.5,65119.9,27615.0,27.615,1796623.3021,1
1787148300000,65112.5,65350.0,65102.9,65350.0,333821.0,333.8213,21786691.57719,1
1787148600000,65350.0,65400.0,65276.9,65376.1,339891.0,339.8912,22209797.61647,1
1787148900000,65368.3,65445.0,65300.1,65410.3,79559.0,79.559,5202778.17613,1
1787149200000,65405.8,65425.0,65303.0,65398.7,21733.0,21.7331,1420928.98313,1
1787149500000,65398.9,65409.3,65312.4,65384.2,20881.0,20.8819,1364943.40913,1
1787149800000,65384.3,65394.1,65318.0,65330.2,31126.0,31.1264,2034084.1401,1
1787150100000,65337.8,65497.5,65331.2,65465.1,119468.0,119.4681,7817709.2629,1
1787150400000,65465.1,65473.5,65382.9,65424.0,184831.0,184.8312,12095295.65087,1
1787150700000,65425.0,65515.0,65418.7,65487.1,82453.0,82.4533,5399522.85204,1
1787151000000,65492.0,65739.5,65488.5,65739.5,433137.0,433.1371,28408961.8009,1
1787151300000,65739.5,65945.4,65719.4,65900.0,702624.0,702.6241,46270415.96642,1
1787151600000,65900.2,66046.9,65868.7,66046.9,221334.0,221.3347,14601629.19292,1
1787151900000,66046.6,66508.4,66044.8,66475.0,544860.0,544.8606,36156936.05376,1
1787152200000,66475.0,66761.8,66416.5,66626.5,292598.0,292.598,19474069.05211,1
1787152500000,66621.1,66807.7,66544.4,66644.1,351745.0,351.7457,23463231.274,1
1787152800000,66648.9,67235.6,66648.9,67167.3,326301.0,326.3015,21868540.61782,1
1787153100000,67177.2,70365.8,67061.4,68267.6,1644357.0,1644.3573,112069243.3102,1
1787153400000,68279.0,68477.1,67733.9,68466.5,365466.0,365.4663,24868369.80319,1
1787153700000,68467.1,68768.5,68179.0,68628.6,124043.0,124.0432,8491323.35437,1
1787154000000,68624.1,68836.1,68508.2,68649.6,97686.0,97.6867,6705819.27369,1
1787154300000,68646.9,68660.6,68341.9,68457.1,122934.0,122.9344,8415220.63763,1
1787154600000,68467.1,68609.9,68218.2,68228.7,62376.0,62.3761,4266998.75009,1
1787154900000,68214.6,68580.0,68206.2,68529.6,49126.0,49.1266,3359932.20803,1
1787155200000,68529.8,68734.1,68503.5,68704.6,69539.0,69.5394,4771919.65112,1
1787155500000,68712.0,68995.3,68700.0,68733.1,183071.0,183.071,12591611.85431,1
1787155800000,68723.0,68723.0,68500.0,68557.4,41581.0,41.5819,2852570.75184,1
1787156100000,68553.2,68729.6,68537.3,68694.1,30790.0,30.7901,2114860.96862,1
1787156400000,68692.0,68741.8,68571.4,68741.6,44905.0,44.905,3082361.29236,1
1787156700000,68748.1,68898.0,68748.1,68859.7,39458.0,39.4582,2716257.62503,1
1787157000000,68859.7,68870.5,68702.5,68747.0,20027.0,20.0278,1377960.46722,1
1787157300000,68743.7,68789.4,68665.1,68665.2,21563.0,21.5637,1482287.38728,1
1787157600000,68660.9,68660.9,68531.2,68560.0,98578.0,98.5787,6760481.80878,1
1787157900000,68562.9,68675.6,68542.3,68649.0,28204.0,28.2046,1935591.72891,1
1787158200000,68635.3,68645.9,68540.9,68546.7,40221.0,40.2216,2758951.60371,1
1787158500000,68546.8,68569.3,68394.9,68442.0,92272.0,92.2728,6315326.84119,1
1787158800000,68445.5,68500.0,68265.3,68367.0,205204.0,205.2049,14027231.30568,1
1787159100000,68370.6,68408.9,68200.0,68285.6,93843.0,93.8435,6408376.47501,1
1787159400000,68287.7,68349.9,68193.7,68202.6,25797.0,25.7975,1760488.32954,1
1787159700000,68216.8,68291.2,68003.3,68012.4,35441.0,35.4418,2414475.00658,1
1787160000000,68007.1,68078.0,67915.0,67940.1,54920.0,54.9206,3734652.73293,1
1787160300000,67940.0,67988.7,67818.5,67979.0,127548.0,127.5488,8667843.9,1
1787160600000,67984.2,68010.4,67804.8,67938.6,81473.0,81.4734,5531391.26744,1
1787160900000,67924.3,68023.6,67924.3,68010.2,111251.0,111.2516,7565535.91318,1
1787161200000,68010.3,68030.0,67981.5,68030.0,19584.0,19.5845,1331789.80392,1
1787161500000,68029.9,68226.5,68019.3,68155.2,44830.0,44.8302,3054637.23822,1
1787161800000,68157.1,68200.0,68144.0,68162.8,13426.0,13.4269,915375.79223,1
1787162100000,68160.3,68246.5,68160.3,68170.5,10672.0,10.6729,727738.5624,1
1787162400000,68193.9,68223.0,68133.2,68139.7,105312.0,105.3124,7178488.95095,1
1787162700000,68144.8,68169.1,68028.3,68055.8,17535.0,17.535,1193985.58891,1
1787163000000,68055.9,68165.0,68013.7,68164.8,12099.0,12.0996,823693.92313,1
1787163300000,68164.9,68280.2,68150.4,68267.5,52162.0,52.162,3559891.33326,1
1787163600000,68275.3,68298.5,68228.5,68238.4,16019.0,16.019,1093740.62625,1
1787163900000,68238.4,68280.0,68227.3,68251.7,6540.0,6.54,446482.15203,1
1787164200000,68243.8,68260.4,68196.9,68260.4,5363.0,5.3631,365917.85086,1
1787164500000,68250.6,68279.7,68202.7,68261.4,4161.0,4.1616,283998.14491,1
1787164800000,68261.3,68401.8,68261.3,68399.7,20631.0,20.6315,1409707.63708,1
1787165100000,68400.0,68426.8,68357.1,68408.4,15263.0,15.2634,1044016.23829,1
1787165400000,68410.8,68410.9,68316.0,68386.2,4906.0,4.9066,335434.00528,1
1787165700000,68377.8,68377.8,68290.4,68369.8,10585.0,10.585,723053.2812,1
1787166000000,68356.1,68392.7,68322.9,68338.7,5488.0,5.4883,375232.52881,1
1787166300000,68338.7,68415.3,68322.0,68354.2,13954.0,13.9547,954258.82966,1
1787166600000,68350.1,68420.5,68078.1,68091.6,34483.0,34.4831,2351896.355,1
1787166900000,68100.0,68369.9,68100.0,68299.5,56206.0,56.2066,3833602.25208,1
1787167200000,68299.6,68340.0,68207.6,68337.0,49102.0,49.1025,3353586.72019,1
1787167500000,68337.0,68337.0,68114.3,68153.8,12261.0,12.2618,836082.78918,1
1787167800000,68152.0,68271.4,68102.9,68204.8,30818.0,30.8183,2101436.91636,1
1787168100000,68217.2,68262.0,68172.2,68246.4,6808.0,6.8081,464538.87729,1
1787168400000,68235.0,68377.9,68234.3,68369.5,9396.0,9.3964,641955.3069,1
1787168700000,68350.7,68377.5,68332.8,68349.7,21521.0,21.5218,1471019.83355,1
1787169000000,68336.5,68415.0,68336.5,68385.7,12333.0,12.3332,843423.78997,1
1787169300000,68373.4,68460.4,68367.2,68392.5,15147.0,15.1473,1036390.95885,1
1787169600000,68392.5,68482.0,68357.0,68481.9,20168.0,20.1682,1380660.41267,1
1787169900000,68482.0,68632.3,68445.2,68599.9,61822.0,61.8224,4236282.77316,1
1787170200000,68599.9,68682.0,68570.0,68650.0,16795.0,16.7959,1152560.38841,1
1787170500000,68650.0,68650.0,68524.8,68590.1,169760.0,169.7606,11633766.75438,1
1787170800000,68585.5,68767.3,68570.0,68760.2,51849.0,51.8492,3562688.41363,1
1787171100000,68765.9,68780.6,68633.4,68669.6,87583.0,87.5838,6015832.36127,1
1787171400000,68673.4,68768.7,68653.9,68743.9,10207.0,10.2077,701452.62084,1
1787171700000,68733.6,68736.4,68611.8,68689.9,13208.0,13.2088,907205.25094,1
1787172000000,68689.9,68718.4,68626.3,68632.0,7302.0,7.302,501499.96386,1
1787172300000,68634.2,68664.0,68586.4,68663.9,63487.0,63.4878,4355143.40019,1
1787172600000,68664.0,69580.4,68663.9,69070.7,399743.0,399.7436,27633507.27908,1
1787172900000,69077.4,69207.0,68990.0,69042.2,42118.0,42.1187,2909961.84569,1
1787173200000,69030.5,69415.8,68946.4,69339.9,95390.0,95.39,6595831.86399,1
1787173500000,69350.7,69886.4,69243.7,69599.5,371223.0,371.2235,25847136.28266,1
1787173800000,69599.3,69619.4,69130.5,69383.4,39955.0,39.955,2770780.80935,1
1787174100000,69400.0,69491.6,69228.2,69436.6,53999.0,53.9998,3747255.37938,1
1787174400000,69438.9,69730.9,69438.9,69506.0,42552.0,42.5526,2960050.41054,1
1787174700000,69505.6,69669.1,69492.6,69607.7,14812.0,14.8126,1030514.30661,1
1787175000000,69607.8,69800.0,69542.7,69755.8,35351.0,35.3517,2465167.83452,1
1787175300000,69755.7,69799.0,69418.3,69438.5,46101.0,46.1019,3211617.41338,1
1787175600000,69438.5,69647.7,69340.3,69647.7,33275.0,33.275,2311166.79292,1
1787175900000,69650.0,70048.2,69468.3,69802.1,131940.0,131.9409,9214704.6473,1
1787176200000,69802.1,69820.8,69690.8,69722.6,22631.0,22.6313,1579219.31918,1
1787176500000,69722.6,69822.6,69603.7,69685.1,17567.0,17.5676,1224456.14197,1
1787176800000,69685.1,69807.7,69482.0,69482.0,33249.0,33.2492,2313182.55832,1
1787177100000,69482.1,69512.4,69318.2,69390.0,27179.0,27.1795,1886669.70129,1
1787177400000,69393.8,69421.1,69278.3,69278.3,17245.0,17.2457,1196235.43047,1
1787177700000,69270.0,69377.9,69246.0,69246.0,9403.0,9.4038,652007.11289,1
1787178000000,69250.0,69295.1,69178.6,69234.7,125670.0,125.6703,8698411.37693,1
1787178300000,69235.0,69235.0,69119.1,69123.7,13119.0,13.1193,907399.4436,1
1787178600000,69120.4,69175.2,68964.1,69021.5,22464.0,22.464,1551756.32171,1
1787178900000,69025.7,69360.1,69002.1,69353.0,22633.0,22.6335,1565899.37774,1
1787179200000,69345.1,69437.0,69284.9,69321.6,116164.0,116.1642,8061910.20396,1
1787179500000,69294.5,69319.7,69083.7,69157.2,32588.0,32.5888,2253456.2408,1
1787179800000,69162.7,69257.0,69084.2,69123.6,7369.0,7.3696,509666.26823,1
1787180100000,69122.3,69253.8,69112.1,69227.1,14377.0,14.3773,995369.84227,1
1787180400000,69227.1,69329.2,69188.1,69322.3,11893.0,11.8931,823835.91279,1
1787180700000,69322.2,69369.8,69274.6,69311.1,17979.0,17.9796,1245982.91435,1
1787181000000,69311.1,69384.5,69281.6,69320.4,5359.0,5.3594,371672.0756,1
1787181300000,69317.0,69419.4,69317.0,69386.5,2961.0,2.9615,205475.45814,1
1787181600000,69381.7,69390.0,69270.3,69277.1,4087.0,4.0879,283293.85873,1
1787181900000,69275.1,69392.3,69237.8,69350.4,8533.0,8.5339,591339.80911,1
1787182200000,69350.5,69367.6,69243.7,69243.7,2706.0,2.7068,187570.39259,1
1787182500000,69239.0,69296.9,69215.4,69267.8,5527.0,5.5279,382767.84439,1
1787182800000,69263.1,69367.8,69253.7,69293.6,3874.0,3.8744,268560.35625,1
1787183100000,69293.7,69293.7,69150.2,69150.2,10025.0,10.0257,694195.8181,1
1787183400000,69158.8,69222.0,69137.7,69182.0,4548.0,4.5488,314699.59431,1
1787183700000,69180.1,69320.1,69180.1,69314.5,4400.0,4.4007,304795.61138,1
1787184000000,69320.1,69524.2,69301.6,69515.2,11100.0,11.1008,770632.71439,1
1787184300000,69512.7,69640.1,69464.5,69609.8,20384.0,20.3849,1417943.90263,1
1787184600000,69600.8,69629.5,69465.2,69541.3,7139.0,7.1391,496605.80407,1
1787184900000,69538.4,69726.0,69529.4,69726.0,215354.0,215.3545,15003123.89914,1
1787185200000,69717.1,69758.2,69625.1,69652.1,105345.0,105.3458,7337022.96993,1
1787185500000,69646.7,69711.5,69581.3,69585.4,103512.0,103.5125,7206405.69635,1
1787185800000,69585.6,69624.1,69500.0,69585.0,4613.0,4.6137,320844.85941,1
1787186100000,69585.8,69666.6,69456.0,69661.6,5024.0,5.0241,349312.29121,1
1787186400000,69661.8,69662.7,69455.1,69534.6,4663.0,4.663,324255.82634,1
1787186700000,69541.8,69684.6,69536.7,69630.0,5768.0,5.7687,401625.20679,1
1787187000000,69632.8,69639.8,69424.9,69494.4,27298.0,27.2988,1897006.51813,1
1787187300000,69481.7,69481.7,69340.1,69374.6,8565.0,8.5659,594711.08378,1
1787187600000,69377.1,69484.4,69348.8,69387.0,2569.0,2.5699,178452.85196,1
1787187900000,69387.3,69387.3,69277.6,69296.5,11812.0,11.8122,819098.55353,1
1787188200000,69291.3,69366.9,69267.1,69361.6,4211.0,4.2118,291887.8243,1
1787188500000,69358.0,69406.5,69245.9,69406.5,8753.0,8.7532,606473.35934,1
1787188800000,69395.0,69417.2,69311.8,69324.3,5920.0,5.92,410565.96711,1
1787189100000,69310.3,69332.2,69275.4,69299.9,8759.0,8.7596,607008.75751,1
1787189400000,69291.4,69559.6,69268.9,69559.6,15535.0,15.5356,1077963.44302,1
1787189700000,69563.4,69571.8,69486.7,69563.8,22316.0,22.3165,1551852.83626,1
1787190000000,69551.3,69616.0,69551.2,69603.2,3925.0,3.925,273109.63006,1
1787190300000,69612.0,69829.3,69612.0,69800.3,19401.0,19.4019,1353255.82997,1
1787190600000,69802.0,69864.1,69673.4,69680.3,25226.0,25.2263,1760506.60754,1
1787190900000,69688.3,69699.9,69662.0,69691.4,2170.0,2.1705,151250.81182,1
1787191200000,69695.1,69800.0,69683.3,69761.3,6202.0,6.2026,432693.26817,1
1787191500000,69760.4,69762.9,69633.5,69647.0,12463.0,12.4632,868580.1811,1
1787191800000,69633.5,69701.4,69554.1,69660.8,6424.0,6.424,447179.49346,1
1787192100000,69660.8,69687.9,69558.6,69600.1,4351.0,4.3518,302894.47158,1
1787192400000,69600.0,69600.0,69481.5,69485.2,3914.0,3.9146,272127.4374,1
1787192700000,69489.9,69501.8,69470.0,69486.3,4192.0,4.1925,291285.91184,1
1787193000000,69477.9,69527.8,69426.7,69455.1,2788.0,2.7882,193696.26761,1
1787193300000,69460.5,69460.5,69324.9,69364.0,10051.0,10.0514,697233.12279,1
1787193600000,69346.7,69350.3,69295.4,69299.0,9064.0,9.0647,628389.62905,1
1787193900000,69295.3,69331.6,69290.1,69306.6,8377.0,8.3775,580617.12008,1
1787194200000,69306.5,69324.5,69254.0,69290.2,4947.0,4.9472,342720.90753,1
1787194500000,69299.2,69352.5,69260.3,69298.0,2637.0,2.6373,182827.10009,1
1787194800000,69287.4,69287.4,69150.0,69150.0,9088.0,9.0886,628849.70225,1
1787195100000,69150.0,69169.6,69042.8,69042.9,8205.0,8.2051,566877.8137,1
1787195400000,69042.8,69042.9,68898.2,68977.6,20912.0,20.9126,1441984.84,1
1787195700000,68970.6,69102.0,68970.6,69102.0,8618.0,8.6183,595062.31857,1
1787196000000,69102.0,69193.5,69015.6,69020.1,7458.0,7.4582,515420.89899,1
1787196300000,69020.0,69020.1,68941.3,68963.3,3385.0,3.3853,233472.90623,1
1787196600000,68984.1,69112.6,68974.0,69081.8,10218.0,10.2181,705334.65544,1
1787196900000,69081.8,69132.1,69053.2,69064.8,5838.0,5.8385,403260.4609,1
1787197200000,69073.6,69198.4,69056.5,69182.5,2768.0,2.7686,191291.81932,1
1787197500000,69179.7,69342.4,69175.8,69245.9,9116.0,9.116,631439.25458,1
1787197800000,69245.9,69245.9,69181.0,69194.6,4074.0,4.0742,282032.57327,1
1787198100000,69194.6,69199.9,69150.3,69188.1,1576.0,1.5768,109074.55705,1
1787198400000,69179.0,69279.2,69156.0,69279.2,4762.0,4.7628,329537.42912,1
1787198700000,69270.9,69350.0,69244.1,69346.5,1902.0,1.9028,131868.50784,1
1787199000000,69349.8,69376.1,69330.9,69362.7,7787.0,7.7871,540113.35788,1
1787199300000,69362.8,69371.7,69318.0,69342.8,9518.0,9.5183,660251.3731,1
1787199600000,69338.8,69351.0,69282.1,69316.0,8652.0,8.6522,599621.70041,1
1787199900000,69316.0,69380.1,69316.0,69353.4,12943.0,12.9433,897730.23347,1
1787200200000,69352.7,69352.7,69226.4,69235.5,3820.0,3.8205,264628.89389,1
1787200500000,69234.8,69300.0,69234.8,69291.7,1013.0,1.0135,70220.64144,1
1787200800000,69268.6,69366.9,69257.2,69334.9,3590.0,3.5904,248921.63157,1
1787201100000,69350.0,69378.9,69340.0,69378.9,2310.0,2.3107,160266.66388,1
1787201400000,69378.9,69606.7,69378.8,69500.0,16689.0,16.6895,1160403.57963,1
1787201700000,69500.1,69500.1,69484.2,69484.2,3542.0,3.5424,246178.69507,1
1787202000000,69480.1,69500.0,69463.1,69485.0,5142.0,5.1426,357339.07771,1
1787202300000,69485.0,69550.0,69470.8,69508.3,1133.0,1.1336,78791.64382,1
1787202600000,69500.1,69516.4,69453.5,69455.7,4014.0,4.0142,278907.79675,1
1787202900000,69460.0,69592.1,69448.5,69570.3,9646.0,9.6468,670938.8465,1
1787203200000,69559.7,69641.1,69524.6,69641.1,8568.0,8.5681,596189.00758,1
1787203500000,69641.1,69656.8,69572.7,69572.7,6462.0,6.4626,449977.10028,1
1787203800000,69570.2,69608.3,69551.3,69575.7,1419.0,1.4196,98788.2143,1
1787204100000,69575.3,69616.2,69528.7,69528.7,41232.0,41.2324,2867434.70893,1
1787204400000,69517.1,69552.7,69510.1,69545.8,1748.0,1.7482,121537.96227,1
1787204700000,69543.2,69543.2,69395.1,69395.1,3128.0,3.128,217279.98299,1
1787205000000,69390.0,69428.9,69374.9,69382.6,980.0,0.9805,68034.15663,1
1787205300000,69374.9,69406.0,69350.0,69400.8,6385.0,6.3855,442987.25386,1
1787205600000,69410.4,69410.4,69350.0,69369.8,2099.0,2.099,145633.52921,1
1787205900000,69369.8,69413.5,69364.8,69364.8,1463.0,1.4636,101561.80783,1
1787206200000,69364.8,69422.6,69357.5,69380.1,9043.0,9.0433,627599.54937,1
1787206500000,69365.7,69478.9,69345.0,69478.9,9331.0,9.3313,647752.84068,1
1787206800000,69467.5,69682.5,69455.6,69670.9,11331.0,11.3313,788654.6666,1
1787207100000,69672.0,69679.6,69539.9,69575.9,2301.0,2.3012,160232.10455,1
1787207400000,69583.4,69679.6,69582.6,69632.7,4061.0,4.0612,282769.68294,1
1787207700000,69630.5,69725.6,69628.4,69707.0,11828.0,11.8288,824425.98999,1
1787208000000,69703.6,69770.0,69703.6,69761.2,11682.0,11.6822,814958.09083,1
1787208300000,69761.1,69903.8,69756.0,69853.1,20327.0,20.327,1419928.44498,1
1787208600000,69869.1,69887.0,69815.8,69825.7,4758.0,4.758,332352.28556,1
1787208900000,69811.6,69834.4,69799.6,69830.1,13730.0,13.7304,958745.41256,1
1787209200000,69838.8,69838.8,69742.2,69828.5,12785.0,12.7853,892627.79743,1
1787209500000,69828.5,69966.0,69828.5,69966.0,8512.0,8.5121,594876.53566,1
1787209800000,69923.9,69984.8,69766.2,69766.2,10653.0,10.6538,744100.94064,1
1787210100000,69766.2,69771.1,69619.0,69619.0,50483.0,50.4839,3517113.53237,1
1787210400000,69613.3,69700.7,69596.0,69609.1,9460.0,9.46,658898.65796,1
1787210700000,69608.3,69690.0,69608.3,69678.4,3059.0,3.0591,213064.33592,1
1787211000000,69678.4,69678.4,69487.5,69573.6,6944.0,6.9446,483087.24937,1
1787211300000,69584.5,69606.0,69520.0,69542.3,2791.0,2.7916,194132.83177,1
1787211600000,69545.4,69614.7,69536.2,69599.7,12073.0,12.0735,840066.8183,1
1787211900000,69582.7,69666.6,69550.8,69665.1,15481.0,15.4816,1077724.92576,1
1787212200000,69666.6,69800.1,69627.0,69800.1,19313.0,19.313,1345630.99943,1
1787212500000,69792.6,69815.8,69721.5,69815.8,4063.0,4.0634,283460.93262,1
1787212800000,69821.9,69874.2,69771.4,69846.0,6890.0,6.8904,480946.14505,1
1787213100000,69841.5,70877.5,69834.3,70700.0,259310.0,259.3107,18241110.39495,1
1787213400000,70691.4,71365.8,70655.7,71288.0,229353.0,229.3533,16297190.84812,1
1787213700000,71261.9,71572.0,71009.3,71308.7,165157.0,165.1572,11782124.79475,1
1787214000000,71303.9,71317.3,71100.3,71151.2,44168.0,44.168,3144614.54854,1
1787214300000,71153.2,71363.8,71083.5,71326.3,36396.0,36.3968,2593644.21063,1
1787214600000,71310.0,71441.9,71180.7,71258.6,39739.0,39.7395,2833780.86938,1
1787214900000,71258.9,71566.6,71162.1,71418.2,52696.0,52.6966,3759684.13246,1
1787215200000,71410.7,71646.4,71380.0,71481.4,397483.0,397.4837,28415782.03555,1
1787215500000,71473.6,71733.8,71398.7,71614.4,1263121.0,1263.1212,90416417.90499,1
1787215800000,71600.1,71777.0,71542.8,71762.1,231433.0,231.4333,16583988.59568,1
1787216100000,71762.8,71786.2,71548.3,71555.3,39120.0,39.12,2802782.89101,1
1787216400000,71555.3,71656.4,71450.2,71592.2,28637.0,28.6379,2049860.57395,1
1787216700000,71597.7,71935.7,71587.3,71847.6,69980.0,69.9807,5022430.43387,1
1787217000000,71847.6,71943.4,71684.0,71906.0,40522.0,40.5227,2911247.70419,1
1787217300000,71900.3,72011.0,71724.0,71862.5,63619.0,63.6197,4572753.42209,1
1787217600000,71862.5,72055.7,71781.5,71996.4,55594.0,55.5945,3999913.2074,1
1787217900000,71994.8,72000.0,71800.0,71800.0,21103.0,21.1039,1517306.94265,1
1787218200000,71796.8,71973.4,71722.1,71915.6,25071.0,25.0711,1802256.7723,1
1787218500000,71905.0,72029.9,71847.1,71860.3,41607.0,41.607,2993488.50742,1
1787218800000,71860.1,72023.9,71854.7,71982.0,13778.0,13.7789,991328.75857,1
1787219100000,71959.7,71997.9,71871.6,71893.5,13566.0,13.5664,976000.30862,1
1787219400000,71882.9,71887.1,71669.3,71682.9,83064.0,83.0642,5966718.34656,1
1787219700000,71680.0,71789.6,71669.9,71784.8,22411.0,22.4112,1606857.8686,1
1787220000000,71777.1,71885.8,71690.1,71770.3,64895.0,64.8952,4656457.41588,1
1787220300000,71770.1,71900.0,71701.5,71835.5,20037.0,20.0378,1439783.9139,1
1787220600000,71829.9,72176.3,71810.3,72122.4,52702.0,52.702,3794866.54586,1
1787220900000,72124.9,72447.2,72124.9,72377.0,138681.0,138.6812,10024746.42582,1
1787221200000,72373.7,72483.8,72100.0,72230.1,859060.0,859.0606,62073188.00001,1
1787221500000,72216.7,72216.7,71959.9,72016.5,14598.0,14.5981,1052269.94734,1
1787221800000,72019.3,72023.1,71785.4,71860.9,32410.0,32.4108,2329205.70709,1
1787222100000,71860.9,71884.0,71788.0,71842.5,11336.0,11.3366,814509.59317,1
1787222400000,71838.6,71850.5,71746.1,71780.2,152519.0,152.5199,10951092.57062,1
1787222700000,71787.5,71927.6,71787.5,71843.8,12003.0,12.0034,862683.17484,1
1787223000000,71852.7,71939.4,71842.8,71907.1,5512.0,5.5122,396299.42704,1
1787223300000,71907.0,71978.2,71852.0,71978.2,34671.0,34.6713,2492835.59815,1
1787223600000,71978.2,72124.1,71903.2,72043.4,19846.0,19.8464,1430536.68988,1
1787223900000,72040.8,72040.8,71852.1,71935.4,17953.0,17.9537,1291152.98704,1
1787224200000,71935.5,71963.8,71807.0,71963.8,6148.0,6.1489,441998.2204,1
1787224500000,71963.8,71963.8,71851.1,71851.1,5029.0,5.0296,361729.69447,1
1787224800000,71851.2,72000.1,71842.8,71903.4,23225.0,23.2255,1671060.35875,1
1787225100000,71895.3,71916.8,71863.6,71871.6,28164.0,28.1648,2024548.64804,1
1787225400000,71863.7,72224.0,71833.0,72222.4,21190.0,21.1909,1526273.66927,1
1787225700000,72223.8,72298.0,72120.7,72251.7,30036.0,30.0363,2169093.73071,1
1787226000000,72251.7,72297.0,72116.7,72125.0,12585.0,12.5854,908994.39078,1
1787226300000,72119.1,72244.0,72117.2,72139.5,11035.0,11.0358,796680.17708,1
1787226600000,72145.1,72183.3,71968.6,71968.6,11882.0,11.8828,856198.60924,1
1787226900000,71975.9,71976.0,71783.7,71892.8,60838.0,60.8382,4370872.12519,1
1787227200000,71892.8,71954.9,71686.1,71766.2,219235.0,219.2357,15727623.78948,1
1787227500000,71779.9,71814.0,71475.2,71639.5,39115.0,39.1157,2800816.13536,1
1787227800000,71629.0,71871.9,71629.0,71770.0,121955.0,121.9557,8757125.77873,1
1787228100000,71763.0,71826.7,71660.6,71728.0,121835.0,121.8358,8748129.94797,1
1787228400000,71733.7,71862.8,71726.4,71798.2,11333.0,11.3334,813745.12533,1
1787228700000,71798.2,71846.3,71775.8,71814.9,8115.0,8.1152,582865.86057,1
1787229000000,71815.0,71990.8,71700.0,71750.0,21430.0,21.4307,1540314.29791,1
1787229300000,71743.0,71800.0,71663.6,71800.0,13837.0,13.8379,992821.7051,1
1787229600000,71799.8,71850.5,71626.1,71652.5,16745.0,16.7451,1201144.61242,1
1787229900000,71652.5,71661.7,71443.6,71565.8,13440.0,13.44,961721.78013,1
1787230200000,71565.8,71848.1,71565.8,71848.1,25173.0,25.1738,1806746.81558,1
1787230500000,71848.4,71924.0,71838.6,71923.9,6129.0,6.1298,440660.65221,1
1787230800000,71924.0,72023.8,71873.9,71958.6,31101.0,31.1018,2237680.42936,1
1787231100000,71965.7,72078.1,71965.7,71987.1,18464.0,18.4647,1329668.33021,1
1787231400000,71986.6,72035.8,71931.9,72035.8,8318.0,8.3182,598595.00585,1
1787231700000,72035.9,72035.9,71867.0,71926.4,8154.0,8.1545,586878.86747,1
1787232000000,71917.7,71999.0,71891.0,71976.0,16702.0,16.7024,1201807.7439,1
1787232300000,71969.6,71969.6,71809.8,71932.2,8331.0,8.3314,598905.86099,1
1787232600000,71904.4,71904.4,71441.2,71489.2,46799.0,46.7999,3349646.10791,1
1787232900000,71494.7,71609.6,71097.8,71348.1,351131.0,351.1317,25040881.24215,1
1787233200000,71344.7,71643.7,71277.4,71643.3,271725.0,271.7257,19436560.02202,1
1787233500000,71643.6,71674.2,71405.7,71606.8,30310.0,30.31,2168810.56388,1
1787233800000,71600.0,71815.0,71509.2,71705.0,25662.0,25.6622,1840430.02203,1
1787234100000,71700.0,71759.9,71604.5,71650.2,13724.0,13.7247,984281.97103,1
1787234400000,71650.1,71777.7,71590.9,71700.1,12296.0,12.296,881509.64486,1
1787234700000,71700.1,71846.0,71666.0,71823.8,13927.0,13.9273,999882.64825,1
1787235000000,71826.1,71965.8,71790.0,71790.0,15530.0,15.5302,1116294.38331,1
1787235300000,71790.0,71793.4,71515.1,71542.6,222087.0,222.0877,15894081.8671,1
1787235600000,71532.4,71641.3,71460.2,71628.1,22017.0,22.0178,1575373.80212,1
1787235900000,71635.3,71676.0,71321.1,71417.3,20026.0,20.0267,1431511.13005,1
1787236200000,71414.9,71646.2,71382.8,71538.2,17360.0,17.3604,1241084.97737,1
1787236500000,71534.2,71670.1,71457.7,71516.6,12334.0,12.3348,882659.96168,1
1787236800000,71520.0,71591.9,71428.9,71516.9,11543.0,11.5438,825144.71906,1
1787237100000,71507.8,71529.9,71385.1,71528.8,5803.0,5.8039,414766.96577,1
1787237400000,71528.8,71739.0,71515.8,71716.1,214324.0,214.3246,15340311.9039,1
1787237700000,71716.9,71795.9,71632.7,71793.0,10367.0,10.3675,743402.69336,1
1787238000000,71797.7,72547.9,71760.0,72295.7,140116.0,140.1163,10118502.44934,1
1787238300000,72295.7,72392.2,71974.7,72142.8,61932.0,61.932,4468398.59492,1
1787238600000,72130.8,72307.6,72107.6,72206.7,19756.0,19.7567,1426912.97725,1
1787238900000,72211.3,72247.1,72055.0,72208.9,16694.0,16.6944,1204344.85865,1
1787239200000,72203.6,72316.6,71938.6,72047.3,36254.0,36.2542,2613258.12233,1
1787239500000,72046.6,72385.1,72045.9,72379.2,27070.0,27.0706,1956222.3701,1
1787239800000,72383.0,72800.0,72342.5,72478.6,101562.0,101.5624,7370191.70943,1
1787240100000,72478.9,72483.7,72142.9,72214.1,39467.0,39.4671,2851775.19112,1
1787240400000,72214.2,72322.6,72167.9,72206.3,69369.0,69.3691,5011336.63788,1
1787240700000,72213.0,72364.5,72128.7,72315.0,27097.0,27.0979,1957317.73683,1
1787241000000,72314.8,72520.0,72290.0,72450.6,21855.0,21.8551,1582862.89502,1
1787241300000,72453.9,72490.2,72406.0,72430.4,61790.0,61.7907,4477379.10192,1
1787241600000,72427.9,72468.0,72287.8,72298.9,35614.0,35.6148,2577499.29557,1
1787241900000,72304.9,72468.5,72296.3,72452.2,13269.0,13.2695,960844.10021,1
1787242200000,72458.5,72461.1,72229.2,72270.6,10077.0,10.0774,729041.91882,1
1787242500000,72262.6,72338.8,72169.4,72311.0,13195.0,13.1958,953421.99718,1
1787242800000,72306.7,72322.8,72250.0,72258.8,3852.0,3.8527,278450.83913,1
1787243100000,72256.2,72388.7,72252.4,72374.9,11095.0,11.0954,802795.6077,1
1787243400000,72370.4,72420.6,72249.8,72376.0,224418.0,224.418,16217831.57447,1
1787243700000,72371.1,72400.7,72264.1,72400.5,34582.0,34.5827,2502264.61908,1
1787244000000,72419.4,72653.0,72419.4,72598.0,37893.0,37.8935,2748367.23121,1
1787244300000,72582.8,72695.9,72485.2,72529.0,37522.0,37.5226,2723690.76458,1
1787244600000,72520.1,72636.0,72514.1,72613.7,5769.0,5.7692,418717.04572,1
1787244900000,72592.1,72875.0,72522.6,72798.6,86349.0,86.3493,6285361.04862,1
1787245200000,72809.9,72842.9,72673.4,72724.0,855521.0,855.5219,62205205.70794,1
1787245500000,72731.1,72763.9,72594.7,72623.7,44049.0,44.0497,3201072.78338,1
1787245800000,72614.6,72670.0,72501.9,72658.6,14181.0,14.1815,1029279.24435,1
1787246100000,72665.8,72696.0,72585.0,72592.0,13301.0,13.3013,965914.55304,1
1787246400000,72578.8,72727.2,72525.0,72688.2,17134.0,17.1341,1244867.21408,1
1787246700000,72684.5,72788.1,72682.2,72766.2,25255.0,25.2554,1837410.47261,1
1787247000000,72766.2,72820.9,72711.3,72760.0,21535.0,21.5351,1567193.97739,1
1787247300000,72760.0,72800.0,72671.7,72772.5,12832.0,12.8324,933089.39602,1
1787247600000,72762.6,72789.9,72642.4,72727.4,8245.0,8.2457,599507.9643,1
1787247900000,72720.0,72776.7,72677.1,72766.5,4704.0,4.7043,342099.64628,1
1787248200000,72751.8,72940.2,72738.0,72853.6,60007.0,60.0079,4371261.05774,1
1787248500000,72848.8,72860.4,72695.6,72704.6,7303.0,7.3033,531426.97544,1
1787248800000,72708.5,72776.5,72518.5,72575.3,41610.0,41.6105,3022252.28195,1
1787249100000,72575.2,72611.8,72450.0,72526.4,20707.0,20.7075,1502011.85701,1
1787249400000,72519.4,72599.5,72438.6,72577.8,30112.0,30.1128,2183645.06215,1
1787249700000,72579.9,72599.9,72468.5,72593.6,10956.0,10.9565,794873.64458,1
1787250000000,72597.3,72693.2,72597.3,72693.2,5680.0,5.6803,412653.71688,1
1787250300000,72693.3,72700.0,72602.0,72648.3,5656.0,5.6569,410975.56111,1
1787250600000,72648.2,72664.5,72354.7,72410.0,16847.0,16.8471,1220705.32876,1
1787250900000,72420.3,72546.6,72395.6,72425.0,12420.0,12.4205,900062.60595,1
1787251200000,72434.6,72482.8,72352.3,72469.7,9527.0,9.5276,689760.40074,1
1787251500000,72475.5,72500.0,72397.6,72498.6,9502.0,9.5021,688643.33456,1
1787251800000,72498.7,72591.8,72424.7,72453.8,6703.0,6.7032,486160.07969,1
1787252100000,72453.8,72480.8,72380.4,72398.4,6434.0,6.4348,466030.1824,1
1787252400000,72388.5,72415.0,72300.0,72359.8,10914.0,10.914,789594.84828,1
1787252700000,72354.1,72456.8,72302.4,72435.9,6959.0,6.9594,503754.19854,1
1787253000000,72421.2,72468.5,72414.3,72450.0,16954.0,16.954,1228355.11065,1
1787253300000,72450.0,72550.0,72450.0,72499.9,7837.0,7.837,568159.76899,1
1787253600000,72499.9,72591.8,72483.0,72588.6,6230.0,6.2302,452006.87062,1
1787253900000,72588.6,72599.4,72512.2,72565.4,12155.0,12.1555,882171.38598,1
1787254200000,72548.6,72600.0,72533.4,72549.2,4481.0,4.4815,325277.95097,1
1787254500000,72552.2,72688.0,72514.9,72662.3,14628.0,14.628,1062645.01662,1
1787254800000,72662.2,72743.7,72658.5,72686.6,12364.0,12.364,898886.32937,1
1787255100000,72676.8,72696.1,72554.7,72641.7,4333.0,4.3336,314661.26202,1
1787255400000,72632.6,72711.5,72607.9,72644.9,3329.0,3.3291,241866.65164,1
1787255700000,72644.1,72662.6,72583.5,72611.7,2086.0,2.0866,151522.79931,1
1787256000000,72649.9,72695.1,72592.0,72672.8,1506.0,1.5063,109427.39334,1
1787256300000,72672.7,72700.0,72640.0,72700.0,2359.0,2.3591,171446.68088,1
1787256600000,72700.0,72753.2,72639.9,72664.5,3154.0,3.1547,229352.79307,1
1787256900000,72672.0,72689.2,72591.3,72689.2,3093.0,3.0938,224735.69901,1
1787257200000,72683.6,72771.0,72634.0,72771.0,4407.0,4.4071,320435.00194,1
1787257500000,72770.9,72873.0,72755.8,72795.0,11722.0,11.7228,853695.45099,1
1787257800000,72794.8,72900.8,72779.6,72838.3,15946.0,15.9464,1161556.28509,1
1787258100000,72837.9,73056.1,72715.4,72715.4,57406.0,57.4063,4186565.98012,1
1787258400000,72708.6,72779.8,72673.4,72728.8,20989.0,20.9893,1526522.68465,1
1787258700000,72731.4,72748.1,72687.9,72689.9,6860.0,6.8602,498867.73728,1
1787259000000,72698.4,72698.4,72564.4,72576.0,13843.0,13.8433,1005015.68177,1
1787259300000,72576.1,72642.5,72559.8,72639.5,8009.0,8.0099,581582.42844,1
1787259600000,72634.8,72638.6,72573.1,72579.3,3029.0,3.0292,219893.34752,1
1787259900000,72579.3,72600.0,72514.8,72589.9,8120.0,8.1204,589124.21477,1
1787260200000,72595.8,72665.8,72595.8,72662.6,8353.0,8.3533,606656.03504,1
1787260500000,72662.6,72819.2,72662.6,72693.8,10743.0,10.7434,781877.65574,1
1787260800000,72693.8,72728.0,72676.1,72687.2,2751.0,2.7514,199990.96146,1
1787261100000,72678.2,72728.0,72623.5,72623.5,5811.0,5.8113,422334.49686,1
1787261400000,72623.5,72777.0,72623.5,72776.0,5936.0,5.9361,431613.4127,1
1787261700000,72775.9,72852.8,72722.2,72734.5,204815.0,204.8158,14913771.05232,1
1787262000000,72721.2,72780.2,72684.2,72699.9,6755.0,6.7557,491268.42386,1
1787262300000,72715.3,72719.3,72688.4,72688.4,1019.0,1.0191,74098.61099,1
1787262600000,72686.4,72740.3,72684.2,72727.7,2623.0,2.6237,190805.17226,1
1787262900000,72725.8,72739.6,72681.4,72704.0,5353.0,5.3535,389266.46761,1
1787263200000,72716.0,72720.8,72462.2,72466.1,11116.0,11.1167,806263.40031,1
1787263500000,72471.6,72624.8,72471.5,72615.8,12257.0,12.2574,889744.95616,1
1787263800000,72615.8,72634.9,72562.7,72584.2,2408.0,2.4083,174822.11422,1
1787264100000,72571.4,72613.9,72525.9,72579.7,6363.0,6.3632,461705.85297,1
1787264400000,72599.1,72772.6,72594.0,72751.1,8707.0,8.7078,632880.29319,1
1787264700000,72751.1,72800.0,72722.1,72759.0,6031.0,6.0313,438802.06626,1
1787265000000,72759.0,72759.0,72642.4,72707.4,3911.0,3.9117,284463.33826,1
1787265300000,72707.4,72773.6,72682.5,72721.9,2465.0,2.4653,179358.39428,1
1787265600000,72721.9,72721.9,72657.1,72657.1,2371.0,2.3718,172403.67686,1
1787265900000,72664.0,72700.0,72646.6,72685.7,6233.0,6.2339,453019.72761,1
1787266200000,72685.7,72854.3,72685.3,72815.8,15965.0,15.9656,1162136.33945,1
1787266500000,72815.8,72815.8,72639.1,72648.5,11681.0,11.681,849293.87391,1
1787266800000,72648.4,72700.0,72631.0,72683.8,6563.0,6.5632,476959.05055,1
1787267100000,72683.8,72809.6,72683.7,72787.0,7423.0,7.4239,540278.75869,1
1787267400000,72787.0,72907.8,72787.0,72896.2,11074.0,11.074,806766.80466,1
1787267700000,72902.2,73000.0,72868.3,72995.0,51581.0,51.5814,3761263.99584,1
1787268000000,72985.9,72999.9,72876.4,72980.0,7872.0,7.8726,574168.20086,1
1787268300000,72979.9,73390.0,72979.9,73176.8,139575.0,139.5757,10217824.36092,1
1787268600000,73177.1,73369.1,73167.4,73193.8,20675.0,20.675,1514618.46585,1
1787268900000,73187.7,73213.3,73043.0,73086.2,27223.0,27.2231,1990453.94968,1
1787269200000,73092.3,73137.6,73070.0,73079.1,18222.0,18.222,1331941.94553,1
1787269500000,73079.0,73117.8,73022.6,73081.4,12257.0,12.2579,895580.76553,1
1787269800000,73059.8,73089.0,72959.1,73078.3,12948.0,12.9484,945487.08083,1
1787270100000,73069.7,73069.7,72974.8,72996.8,13008.0,13.0083,949810.02037,1
1787270400000,72992.4,73132.3,72992.4,73070.4,25649.0,25.6499,1874727.2027,1
1787270700000,73063.7,73336.2,73061.9,73241.6,27653.0,27.6531,2024877.40652,1
1787271000000,73248.3,73469.0,73236.3,73459.8,57536.0,57.536,4221705.29395,1
1787271300000,73451.8,73874.0,73317.4,73624.9,137695.0,137.6953,10135666.31204,1
1787271600000,73624.8,73844.7,73550.6,73768.4,52618.0,52.6183,3874368.76716,1
1787271900000,73781.5,73850.1,73649.5,73687.5,41136.0,41.1362,3036559.25822,1
1787272200000,73695.4,73969.4,73654.2,73718.7,39058.0,39.0586,2884119.05677,1
1787272500000,73718.5,73740.7,73505.4,73616.1,22126.0,22.1264,1628844.11154,1
1787272800000,73606.3,73698.3,73505.5,73660.0,14742.0,14.742,1085101.68609,1
1787273100000,73659.2,73815.0,73582.7,73743.7,10149.0,10.1492,747909.04881,1
1787273400000,73743.6,73829.4,73640.0,73640.1,6381.0,6.3818,470729.18442,1
1787273700000,73656.0,73696.6,73558.3,73676.3,9121.0,9.1214,671677.21446,1
1787274000000,73682.0,73895.4,73653.2,73812.8,9425.0,9.4252,695431.85477,1
1787274300000,73807.7,73919.9,73767.8,73899.8,11221.0,11.2215,828590.03064,1
1787274600000,73909.8,73966.9,73870.1,73963.9,17692.0,17.6927,1307852.52022,1
1787274900000,73959.0,74872.0,73925.2,74634.7,346976.0,346.9766,25813663.47924,1
1787275200000,74660.9,74685.4,74234.6,74476.0,41518.0,41.5185,3091344.60111,1
1787275500000,74468.7,74770.2,74450.9,74700.0,41121.0,41.1211,3070085.13948,1
1787275800000,74701.1,75028.3,74572.3,74756.8,85441.0,85.4412,6394725.25284,1
1787276100000,74745.4,74763.4,74514.8,74571.2,22863.0,22.8632,1706246.00763,1
1787276400000,74593.2,74766.7,74519.2,74710.8,15726.0,15.726,1174114.64736,1
1787276700000,74714.4,75760.0,74683.2,75561.1,159168.0,159.1684,11982563.70384,1
1787277000000,75560.6,75565.9,75353.2,75373.3,45759.0,45.7597,3453467.40238,1
1787277300000,75345.0,75374.0,75075.0,75113.2,51197.0,51.1975,3852169.93735,1
1787277600000,75108.8,75114.2,74773.2,75045.4,56401.0,56.4012,4225425.16241,1
1787277900000,75048.6,75174.9,74870.1,74908.6,30593.0,30.5937,2294831.40585,1
1787278200000,74876.1,74892.6,74651.6,74850.6,26009.0,26.0096,1944782.98973,1
1787278500000,74851.5,74883.4,74639.4,74700.1,15808.0,15.8082,1181775.02176,1
1787278800000,74690.7,74762.3,74625.9,74653.4,14203.0,14.2037,1060811.16267,1
1787279100000,74653.4,74973.8,74653.4,74949.7,12227.0,12.2276,915118.20328,1
1787279400000,74949.6,75048.2,74567.2,74742.7,86460.0,86.4603,6464645.74464,1
1787279700000,74746.6,74793.9,74640.2,74759.7,13077.0,13.0771,977270.25223,1
1787280000000,74759.7,74790.2,74673.3,74690.6,10469.0,10.4691,782134.01881,1
1787280300000,74696.3,74700.0,74416.9,74436.0,93590.0,93.5908,6972814.44348,1
1787280600000,74445.6,74490.0,74358.8,74377.3,38064.0,38.0641,2832851.4873,1
1787280900000,74383.9,74435.0,74350.0,74410.5,20187.0,20.1871,1501727.9557,1
1787281200000,74410.5,74441.7,74303.4,74356.9,10394.0,10.3944,773109.44137,1
1787281500000,74356.9,74356.9,74219.9,74314.9,35925.0,35.9253,2669086.94685,1
1787281800000,74319.2,74468.9,74294.9,74420.0,15453.0,15.4535,1149849.48596,1
1787282100000,74420.0,74464.7,74288.0,74409.7,8880.0,8.8805,660655.4848,1
1787282400000,74410.1,74567.5,74409.2,74522.8,15646.0,15.646,1165891.53217,1
1787282700000,74522.8,74610.6,74486.8,74567.4,9804.0,9.8049,731074.24255,1
1787283000000,74567.6,74618.0,74545.6,74545.7,7999.0,7.9999,596714.41986,1
1787283300000,74561.1,74571.9,74409.5,74484.8,10916.0,10.9168,813084.68405,1
1787283600000,74458.6,74700.1,74452.6,74639.8,8274.0,8.2741,617228.72009,1
1787283900000,74634.5,74808.4,74634.5,74749.7,13094.0,13.0943,979011.82999,1
1787284200000,74744.4,74833.2,74621.7,74634.9,13307.0,13.3075,994854.83309,1
1787284500000,74630.1,74692.0,74476.8,74482.9,6851.0,6.8513,510962.79724,1
1787284800000,74490.4,74809.5,74490.4,74747.0,7924.0,7.9243,591798.7024,1
1787285100000,74747.1,74808.6,74668.0,74806.5,8622.0,8.622,644335.33757,1
1787285400000,74808.5,74873.3,74722.5,74819.8,6767.0,6.7676,506128.74808,1
1787285700000,74820.0,74890.4,74775.1,74826.1,12938.0,12.9389,968259.42428,1
1787286000000,74826.1,74915.4,74820.0,74820.0,9726.0,9.7261,728047.65342,1
1787286300000,74819.9,74850.8,74750.0,74766.8,14691.0,14.6911,1098500.99444,1
1787286600000,74766.8,74952.0,74744.4,74932.1,4735.0,4.7353,354719.85581,1
1787286900000,74932.2,74957.0,74900.0,74900.0,4811.0,4.8116,360547.52489,1
1787287200000,74900.1,74925.7,74819.8,74918.8,5156.0,5.1569,386205.65711,1
1787287500000,74909.3,74997.2,74886.5,74947.5,6743.0,6.7435,505601.23511,1
1787287800000,74951.8,74999.9,74907.7,74999.8,14111.0,14.1115,1057709.62266,1
1787288100000,74999.7,75000.0,74952.4,74986.4,13428.0,13.4283,1006987.04661,1
1787288400000,74989.2,75077.8,74872.0,74920.7,801132.0,801.1325,60070585.44864,1
1787288700000,74920.7,75173.4,74920.7,75108.5,19272.0,19.2729,1446988.96705,1
1787289000000,75108.5,75330.6,75099.4,75280.2,831855.0,831.8554,62601853.90157,1
1787289300000,75283.3,75458.0,75177.2,75349.3,19759.0,19.7596,1488508.92904,1
1787289600000,75335.2,75454.5,75247.5,75272.6,11950.0,11.95,900594.7582,1
1787289900000,75259.4,75259.4,75028.1,75166.4,15642.0,15.6429,1175545.34011,1
1787290200000,75166.3,75241.0,75070.1,75183.9,11339.0,11.3391,852081.16093,1
1787290500000,75195.9,75300.0,75152.0,75300.0,5706.0,5.7062,429255.51107,1
1787290800000,75307.2,75356.9,75174.0,75246.0,9742.0,9.742,733338.09997,1
1787291100000,75239.1,75249.0,75178.8,75234.9,6446.0,6.4466,484850.25279,1
1787291400000,75233.4,75375.4,75233.4,75338.6,13292.0,13.2929,1001135.43782,1
1787291700000,75338.7,75433.1,75338.6,75433.0,7378.0,7.3781,556133.16206,1
1787292000000,75420.9,75433.0,75319.9,75392.3,4441.0,4.4413,334753.35104,1
1787292300000,75392.3,75484.2,75338.3,75413.0,11584.0,11.5848,873708.15983,1
1787292600000,75427.5,75427.5,75233.8,75255.8,6418.0,6.418,483146.47194,1
1787292900000,75260.2,75407.4,75241.8,75286.8,5387.0,5.3872,405672.32717,1
1787293200000,75280.0,75337.9,75068.1,75199.8,6606.0,6.6063,496596.23512,1
1787293500000,75200.0,75479.8,75168.8,75304.4,10447.0,10.4476,787512.5342,1
1787293800000,75304.4,75634.0,75300.0,75611.7,46041.0,46.0419,3478782.21625,1
1787294100000,75611.7,75698.4,75463.0,75678.6,827281.0,827.2813,62514604.1699,1
1787294400000,75674.4,75700.0,75291.1,75362.5,12679.0,12.6796,957226.55616,1
1787294700000,75360.1,75585.7,75256.3,75483.0,10898.0,10.8982,821404.24081,1
1787295000000,75505.7,75539.2,75400.0,75512.5,2899.0,2.899,218769.44395,1
1787295300000,75531.3,75601.0,75502.0,75601.0,3017.0,3.0172,228003.46065,1
1787295600000,75613.1,75841.4,75583.1,75716.2,57457.0,57.4573,4352441.60898,1
1787295900000,75698.0,75860.0,75613.1,75833.5,37912.0,37.9127,2875136.10518,1
1787296200000,75846.1,75990.0,75831.1,75935.2,756157.0,756.1577,57419628.2473,1
1787296500000,75939.6,76885.8,75900.8,76457.7,775940.0,775.9403,59420007.70895,1
1787296800000,76465.0,76490.0,76214.2,76219.9,18787.0,18.787,1434465.12127,1
1787297100000,76214.1,76432.5,76214.1,76375.1,16856.0,16.8564,1286259.04596,1
1787297400000,76374.8,76526.6,76257.0,76361.5,19066.0,19.0661,1455875.29724,1
1787297700000,76376.7,76524.0,76269.7,76506.4,14266.0,14.2668,1090472.76408,1
1787298000000,76512.0,76742.5,76440.5,76571.8,31971.0,31.9711,2448651.62979,1
1787298300000,76573.1,76619.5,76383.3,76438.4,10810.0,10.8102,827192.43067,1
1787298600000,76438.0,76468.3,76280.1,76317.6,15463.0,15.4632,1180219.30693,1
1787298900000,76306.1,76425.6,76212.4,76310.5,8068.0,8.0682,615658.58398,1
1787299200000,76324.5,76764.7,76262.1,76621.0,37395.0,37.395,2864682.62811,1
1787299500000,76621.0,76842.9,76473.0,76761.4,24211.0,24.2118,1857009.78688,1
1787299800000,76737.8,77200.1,76669.8,76883.6,74313.0,74.3133,5719006.41003,1
1787300100000,76888.6,77250.0,76839.0,77120.4,44408.0,44.4087,3422815.62465,1
1787300400000,77118.7,77188.0,76914.7,77010.9,80996.0,80.9963,6238348.90275,1
1787300700000,77027.5,77447.7,77012.1,77187.5,87969.0,87.9698,6788766.52141,1
1787301000000,77199.9,77548.2,77153.0,77545.4,98729.0,98.7293,7641209.77621,1
1787301300000,77545.3,77650.2,77400.0,77519.7,95114.0,95.1146,7375294.07127,1
1787301600000,77513.9,77797.5,77487.0,77637.3,107170.0,107.1705,8326449.27366,1
1787301900000,77629.3,78102.9,77580.1,77944.1,81372.0,81.3725,6343301.80927,1
1787302200000,77941.5,78697.2,77937.6,78670.7,789348.0,789.3487,61920561.99876,1
1787302500000,78667.7,79531.3,78506.3,79273.3,208155.0,208.1556,16452626.95745,1
1787302800000,79248.9,79356.4,77616.0,77862.6,231811.0,231.8114,18125406.41118,1
1787303100000,77863.2,78149.5,77272.2,77847.2,161321.0,161.3215,12519519.03584,1
1787303400000,77843.5,78160.0,77823.8,77891.4,57184.0,57.1844,4461784.1953,1
1787303700000,77891.4,77942.5,77462.4,77581.0,83946.0,83.9465,6521889.36827,1
1787304000000,77605.6,77817.1,77567.6,77624.7,43071.0,43.0713,3343589.14934,1
1787304300000,77637.1,77854.8,77564.1,77709.8,40261.0,40.2615,3127692.42161,1
1787304600000,77717.1,77966.4,77621.3,77914.8,63994.0,63.9944,4978608.88056,1
1787304900000,77896.5,77986.7,77767.2,77902.8,92124.0,92.1242,7176300.68068,1
1787305200000,77908.0,78346.7,77881.0,78190.8,75215.0,75.2155,5872713.31713,1
1787305500000,78190.0,78345.8,78116.7,78256.8,11027.0,11.0272,862964.20357,1
1787305800000,78269.1,78271.2,77956.7,78070.0,24442.0,24.4425,1908331.57208,1
1787306100000,78065.4,78100.0,77550.0,77900.5,233013.0,233.013,18096904.64985,1
1787306400000,77901.6,77923.0,77609.6,77650.7,19111.0,19.111,1486415.24934,1
1787306700000,77651.3,77800.0,77614.8,77781.9,23293.0,23.2932,1810396.68866,1
1787307000000,77786.8,78097.4,77786.8,78034.7,109916.0,109.9161,8573585.652,1
1787307300000,78031.0,78243.5,78016.2,78237.1,11082.0,11.082,866223.8407,1
1787307600000,78227.8,78236.7,77962.5,78005.8,11135.0,11.1352,868724.82654,1
1787307900000,78007.3,78007.3,77611.7,77919.9,121287.0,121.2876,9421647.18084,1
1787308200000,77916.9,77954.4,77670.1,77672.8,9177.0,9.1773,714229.35144,1
1787308500000,77670.1,77774.2,77625.0,77707.7,13058.0,13.0583,1014886.92486,1
1787308800000,77717.5,77847.0,77700.1,77829.6,8353.0,8.3539,649743.02989,1
1787309100000,77829.7,77986.6,77777.7,77799.6,12634.0,12.6348,983848.72584,1
1787309400000,77773.6,77849.7,77739.5,77812.8,4203.0,4.2039,326932.53862,1
1787309700000,77826.9,77884.9,77765.9,77803.2,4270.0,4.2701,332334.86239,1
1787310000000,77810.0,77817.3,77562.6,77811.4,18560.0,18.5603,1441419.82658,1
1787310300000,77798.4,77848.7,77708.1,77732.9,5813.0,5.8135,452055.81987,1
1787310600000,77732.9,77785.3,77327.2,77546.2,34839.0,34.8398,2699001.89095,1
1787310900000,77550.0,77550.0,77300.0,77304.3,17300.0,17.3,1338850.34629,1
1787311200000,77293.3,77669.9,77222.9,77516.0,23228.0,23.2284,1800062.05129,1
1787311500000,77516.0,77517.0,77280.0,77414.2,14087.0,14.0873,1090262.82403,1
1787311800000,77425.0,77436.2,76421.4,76485.8,110593.0,110.5931,8499698.53679,1
1787312100000,76485.7,77110.4,76485.7,76978.9,33798.0,33.7984,2598054.37365,1
1787312400000,76978.9,77046.7,76783.9,76837.6,18874.0,18.8743,1451519.5693,1
1787312700000,76837.6,76950.0,76613.4,76711.1,23287.0,23.2872,1787507.46343,1
1787313000000,76715.4,77043.3,76699.3,77021.9,23967.0,23.9677,1843284.81988,1
1787313300000,77021.9,77029.7,76697.1,76748.8,19639.0,19.6395,1509225.0715,1
1787313600000,76764.5,76822.9,76559.2,76682.6,23153.0,23.1532,1775753.58543,1
1787313900000,76682.6,76991.2,76679.8,76804.2,25350.0,25.35,1949289.20476,1
1787314200000,76800.9,77010.0,76742.3,76942.8,24338.0,24.3388,1870202.28942,1
1787314500000,76938.9,76938.9,76780.1,76856.1,48137.0,48.1377,3701091.28426,1
1787314800000,76859.9,76884.1,76659.7,76816.0,14120.0,14.1202,1084082.21079,1
1787315100000,76786.3,76809.9,76682.5,76692.3,5292.0,5.292,406102.86045,1
1787315400000,76698.0,76770.0,76653.4,76709.7,13692.0,13.6929,1050331.84654,1
1787315700000,76703.4,77279.0,76703.4,77224.3,60333.0,60.3337,4648766.28085,1
1787316000000,77224.3,77441.4,77201.0,77420.0,133664.0,133.6646,10343041.11021,1
1787316300000,77406.0,77475.2,77260.5,77369.9,19695.0,19.6956,1523295.27955,1
1787316600000,77380.0,77450.0,77104.4,77169.7,18783.0,18.783,1450690.22284,1
1787316900000,77166.8,77266.5,77108.9,77222.7,14275.0,14.2759,1101646.24115,1
1787317200000,77217.2,77309.0,77085.0,77309.0,20244.0,20.2444,1562758.16204,1
1787317500000,77309.0,77397.0,77205.1,77250.0,26077.0,26.0771,2016351.763,1
1787317800000,77250.0,77250.0,77031.2,77195.5,32009.0,32.0092,2469157.25988,1
1787318100000,77195.4,77195.4,76865.0,76966.3,33918.0,33.9184,2610723.52112,1
1787318400000,76960.0,76966.0,76840.1,76966.0,46792.0,46.7925,3597876.54138,1
1787318700000,76959.1,77203.5,76910.4,77096.5,21745.0,21.7457,1676120.64441,1
1787319000000,77090.2,77090.2,76570.2,76602.9,144286.0,144.286,11057255.07408,1
1787319300000,76614.5,76983.1,76238.3,76975.9,69136.0,69.1364,5289461.89526,1
1787319600000,76983.6,77316.1,76973.3,77282.9,45143.0,45.1436,3483669.71428,1
1787319900000,77282.8,77542.1,77141.5,77450.4,74584.0,74.5847,5768273.59966,1
1787320200000,77457.7,77706.6,77252.6,77293.5,81179.0,81.1799,6293548.01804,1
1787320500000,77308.5,77460.6,77120.1,77244.4,53043.0,53.0432,4097479.47692,1
1787320800000,77240.3,77249.9,76733.5,76733.5,58073.0,58.0734,4467065.43604,1
1787321100000,76749.9,77151.6,76739.9,76976.6,134714.0,134.7141,10385360.64367,1
1787321400000,76985.0,77088.8,76680.0,76759.6,21360.0,21.3602,1641422.82748,1
1787321700000,76763.7,76950.0,76550.2,76666.3,21856.0,21.8562,1676766.23599,1
1787322000000,76662.0,77104.0,76544.9,77010.2,30988.0,30.9888,2381421.95036,1
1787322300000,77021.3,77194.0,76995.9,77060.1,36880.0,36.8806,2842043.17054,1
1787322600000,77060.0,77224.1,77053.9,77091.5,17345.0,17.3452,1338223.19291,1
1787322900000,77097.5,77236.8,76864.6,76868.9,17947.0,17.9472,1382434.74648,1
1787323200000,76861.6,77150.0,76861.6,77126.5,15746.0,15.7461,1212643.4903,1
1787323500000,77142.7,77364.5,77124.5,77342.0,15508.0,15.5087,1198676.59251,1
1787323800000,77348.9,77444.8,77295.2,77306.2,20493.0,20.4933,1586124.19527,1
1787324100000,77304.5,77442.2,77268.2,77395.3,11787.0,11.7874,911929.68567,1
1787324400000,77408.3,77591.7,77321.8,77531.6,23901.0,23.9014,1851447.47045,1
1787324700000,77518.9,77717.1,77469.9,77699.8,32668.0,32.6689,2535577.15564,1
1787325000000,77698.6,77794.1,77593.0,77679.9,34769.0,34.7692,2700308.39222,1
1787325300000,77704.7,77871.9,77534.0,77595.4,24854.0,24.8548,1930583.58819,1
1787325600000,77640.3,77743.4,77508.2,77622.1,14993.0,14.9939,1164124.97438,1
1787325900000,77609.9,77800.0,77595.3,77599.9,20661.0,20.6615,1605442.73088,1
1787326200000,77599.9,77739.4,77526.0,77541.6,11842.0,11.8424,919331.54792,1
1787326500000,77541.6,77638.3,77467.2,77606.1,20650.0,20.6503,1601510.11477,1
1787326800000,77605.3,77646.2,77483.5,77498.2,5050.0,5.0505,391693.46087,1
1787327100000,77503.1,77539.1,77354.0,77354.0,13936.0,13.9364,1079158.2369,1
1787327400000,77354.1,77461.9,77284.3,77290.8,10232.0,10.2325,791773.295,1
1787327700000,77295.2,77330.8,77135.6,77222.6,115125.0,115.1253,8886800.21689,1
1787328000000,77208.7,77307.7,77080.4,77080.4,15481.0,15.4811,1194834.95181,1
1787328300000,77084.5,77146.2,76912.3,76952.0,35147.0,35.1473,2706671.08029,1
1787328600000,76950.1,77148.5,76845.0,76846.3,33797.0,33.7976,2601879.01131,1
1787328900000,76844.9,77180.3,76776.3,77119.8,30620.0,30.6201,2358402.20798,1
1787329200000,77119.8,77205.0,77052.6,77134.2,33980.0,33.9802,2621235.08202,1
1787329500000,77134.1,77369.2,77086.9,77365.9,15434.0,15.4345,1192537.45662,1
1787329800000,77375.0,77393.7,77259.2,77333.5,10635.0,10.6351,822190.05444,1
1787330100000,77333.5,77333.5,77226.8,77291.8,5899.0,5.8994,455901.9164,1
1787330400000,77296.4,77350.0,77260.0,77349.9,8408.0,8.4084,650066.06511,1
1787330700000,77350.2,77528.2,77300.9,77504.8,16988.0,16.9885,1314382.1822,1
1787331000000,77510.8,77540.0,77430.0,77442.8,8370.0,8.3706,648608.92604,1
1787331300000,77430.3,77513.5,77430.1,77466.6,6426.0,6.4262,497886.13516,1
1787331600000,77484.4,77605.9,77456.8,77499.9,13886.0,13.8869,1076755.51573,1
1787331900000,77490.0,77701.8,77488.6,77596.9,10059.0,10.0592,781030.49548,1
1787332200000,77596.9,77643.0,77503.8,77547.0,14053.0,14.0533,1090238.82985,1
1787332500000,77546.9,77547.8,77354.4,77385.8,16061.0,16.0615,1243746.81173,1
1787332800000,77385.8,77385.8,77174.0,77218.9,22964.0,22.9644,1774190.65643,1
1787333100000,77229.5,77548.0,77229.5,77546.6,12623.0,12.6239,977397.86605,1
1787333400000,77549.9,77639.1,77515.2,77625.3,18445.0,18.4459,1431302.067,1
1787333700000,77610.2,77622.7,77474.0,77545.7,6198.0,6.1986,480643.6597,1
1787334000000,77537.0,77548.7,77321.6,77363.2,12494.0,12.494,966688.62997,1
1787334300000,77373.9,77502.0,77299.0,77394.9,22718.0,22.7181,1757014.81405,1
1787334600000,77403.9,77433.9,77342.5,77354.7,6245.0,6.2452,483343.75632,1
1787334900000,77345.7,77449.1,77345.7,77374.5,12066.0,12.0669,933625.44085,1
1787335200000,77374.5,77456.6,77367.2,77431.9,2987.0,2.9874,231298.15484,1
1787335500000,77423.1,77529.1,77345.0,77345.0,19396.0,19.3968,1502430.80327,1
1787335800000,77345.0,77378.9,77259.8,77304.2,7660.0,7.6601,592212.59677,1
1787336100000,77308.2,77400.0,77243.9,77400.0,8141.0,8.1414,629164.33284,1
1787336400000,77399.0,77488.1,77398.6,77405.7,10322.0,10.3225,799395.49398,1
1787336700000,77405.7,77449.6,77365.0,77372.8,1712.0,1.7126,132564.88073,1
1787337000000,77365.0,77427.0,77283.4,77283.5,3640.0,3.6401,281509.62811,1
1787337300000,77283.6,77284.0,77098.6,77211.2,22955.0,22.9555,1771171.76526,1
1787337600000,77207.4,77211.5,76839.3,76909.8,45495.0,45.4959,3503419.35586,1
1787337900000,76907.9,76912.6,76585.6,76669.1,73452.0,73.4522,5635385.58627,1
1787338200000,76675.4,76917.3,76670.1,76817.0,32506.0,32.5064,2498058.90662,1
1787338500000,76803.7,77099.9,76801.3,77099.9,24736.0,24.7366,1903749.7052,1
1787338800000,77099.8,77157.2,76861.2,76872.6,54881.0,54.8812,4228316.59483,1
1787339100000,76876.8,77026.8,76817.6,77025.7,14482.0,14.4825,1113699.54847,1
1787339400000,77013.7,77149.9,76991.3,77109.3,16188.0,16.1887,1247504.50396,1
1787339700000,77109.3,77109.3,76934.2,77086.4,13616.0,13.6163,1049080.17016,1
1787340000000,77074.8,77200.1,77019.6,77162.8,13240.0,13.2404,1020943.11551,1
1787340300000,77172.0,77293.8,77172.0,77293.8,12537.0,12.5372,968411.56264,1
1787340600000,77285.7,77320.1,77159.2,77170.0,10134.0,10.1347,783005.06566,1
1787340900000,77175.0,77214.9,77096.5,77180.0,8397.0,8.3973,648066.32734,1
1787341200000,77121.1,77184.1,77061.8,77138.0,3195.0,3.1953,246377.14637,1
1787341500000,77143.2,77205.8,77053.6,77174.5,5642.0,5.6422,435255.87765,1
1787341800000,77169.4,77184.9,77069.4,77134.4,1856.0,1.8567,143199.93355,1
1787342100000,77125.0,77125.0,76974.8,76985.3,5066.0,5.0663,390210.76451,1
1787342400000,76990.2,77120.0,76815.6,77120.0,21777.0,21.7776,1676752.84555,1
1787342700000,77109.4,77128.9,76929.3,77092.7,21066.0,21.0662,1623675.39085,1
1787343000000,77067.7,77270.0,77035.7,77244.2,8610.0,8.6107,664903.95456,1
1787343300000,77243.0,77457.3,77243.0,77390.7,24445.0,24.4451,1891878.01031,1
1787343600000,77396.1,77500.0,77359.1,77489.0,10322.0,10.3222,799317.69244,1
1787343900000,77483.0,77489.0,77353.3,77456.8,7430.0,7.4306,575281.80507,1
1787344200000,77452.6,77496.5,77445.1,77477.0,4603.0,4.6037,356659.31216,1
1787344500000,77480.1,77493.9,77316.4,77360.2,7849.0,7.849,607465.54395,1
1787344800000,77369.7,77487.7,77369.7,77432.4,5335.0,5.3354,413171.02599,1
1787345100000,77439.3,77448.1,77275.6,77393.9,5583.0,5.5831,431836.96262,1
1787345400000,77391.9,77514.5,77367.6,77455.1,10441.0,10.4414,808931.9253,1
1787345700000,77457.0,77480.0,77424.5,77480.0,1676.0,1.6769,129896.92238,1
1787346000000,77480.1,77480.1,77424.8,77445.5,6460.0,6.4609,500377.5545,1
1787346300000,77445.5,77453.3,77347.1,77392.0,2765.0,2.7657,214086.72634,1
1787346600000,77392.0,77770.0,77392.0,77654.3,65396.0,65.3969,5077692.2683,1
1787346900000,77650.2,77693.4,77559.4,77693.4,16538.0,16.5385,1283646.04754,1
1787347200000,77686.8,78058.5,77560.0,78025.2,79162.0,79.1624,6165749.41406,1
1787347500000,77981.2,78185.1,77899.2,78074.1,26678.0,26.6786,2083025.56756,1
1787347800000,78074.2,78485.6,78074.2,78400.0,40352.0,40.3522,3158187.50814,1
1787348100000,78404.9,78437.0,77963.6,78001.1,46510.0,46.5101,3633189.11986,1
1787348400000,78010.0,78247.9,77956.4,78200.0,19465.0,19.465,1521131.98484,1
1787348700000,78225.3,78400.7,78194.4,78323.9,33338.0,33.3384,2611404.97351,1
1787349000000,78323.9,78655.0,78250.4,78638.3,44574.0,44.5741,3498526.50421,1
1787349300000,78649.9,78652.4,78398.7,78491.4,20674.0,20.6747,1622832.5516,1
1787349600000,78478.5,78500.4,78150.0,78373.6,60515.0,60.5152,4737433.92748,1
1787349900000,78361.2,78741.0,78316.0,78713.2,38133.0,38.1335,2997703.50064,1
1787350200000,78701.0,78725.8,78560.9,78725.8,35257.0,35.2576,2771917.82161,1
1787350500000,78712.2,78714.4,78455.4,78583.9,41319.0,41.3197,3246989.23179,1
1787350800000,78580.2,78653.8,78341.1,78509.3,19671.0,19.6716,1544685.47135,1
1787351100000,78503.4,78647.3,78440.0,78482.4,11372.0,11.3722,893400.33354,1
1787351400000,78504.1,78504.1,78077.3,78292.1,28612.0,28.612,2238297.3195,1
1787351700000,78286.6,78491.8,78254.8,78426.5,23786.0,23.7867,1865305.93579,1
1787352000000,78438.1,78557.7,78392.3,78496.6,9017.0,9.0174,707709.93064,1
1787352300000,78488.5,78488.5,78264.9,78269.8,8890.0,8.8906,696588.97237,1
1787352600000,78265.1,78605.2,78231.9,78537.2,16275.0,16.2751,1276416.08592,1
1787352900000,78537.1,78555.0,78403.5,78432.4,21537.0,21.5378,1689454.37902,1
1787353200000,78420.0,78430.8,78317.4,78339.4,3721.0,3.7214,291687.34026,1
1787353500000,78359.2,78528.2,78347.8,78507.0,5179.0,5.1795,406291.71772,1
1787353800000,78492.7,78600.1,78463.5,78520.1,2338.0,2.3387,183602.52816,1
1787354100000,78520.0,78688.8,78512.3,78612.4,9407.0,9.4073,739797.84013,1
1787354400000,78613.0,78694.4,78537.4,78659.6,6740.0,6.7409,530052.32369,1
1787354700000,78659.7,78663.3,78330.6,78383.8,34096.0,34.096,2675938.93673,1
1787355000000,78400.0,78485.5,78344.5,78369.1,3833.0,3.8337,300599.60022,1
1787355300000,78359.8,78404.8,78181.2,78191.0,20133.0,20.1339,1575894.2491,1
1787355600000,78191.0,78365.4,78121.6,78353.4,17227.0,17.2272,1347377.86614,1
1787355900000,78353.4,78367.9,78218.0,78239.8,4263.0,4.2638,333871.67087,1
1787356200000,78229.3,78319.9,78103.8,78294.0,7403.0,7.403,578958.00677,1
1787356500000,78283.7,78347.6,78243.0,78302.8,11637.0,11.6373,910674.81006,1
1787356800000,78302.8,78475.5,78068.0,78153.0,10223.0,10.2235,800381.48087,1
1787357100000,78155.1,78155.1,77718.2,77854.9,65147.0,65.1473,5072552.65997,1
1787357400000,77844.0,77969.6,77788.7,77888.7,9220.0,9.2206,718073.06468,1
1787357700000,77888.6,78051.7,77833.1,78040.9,18070.0,18.07,1409852.02174,1
1787358000000,78047.9,78076.9,78010.8,78063.4,10672.0,10.6723,832973.53174,1
1787358300000,78062.1,78062.1,77889.8,77898.8,6483.0,6.4836,505505.64593,1
1787358600000,77896.2,78032.1,77865.0,77884.8,7843.0,7.8433,611329.68944,1
1787358900000,77898.7,77980.7,77884.9,77908.0,7372.0,7.3723,574434.3266,1
1787359200000,77900.1,77915.8,77728.1,77803.9,24868.0,24.8682,1934438.55423,1
1787359500000,77815.2,77879.3,77653.7,77794.3,15263.0,15.2632,1186516.57592,1
1787359800000,77804.4,77835.6,77731.4,77818.0,6529.0,6.5293,508018.591,1
1787360100000,77826.4,77951.1,77820.7,77917.9,7091.0,7.0919,552443.26679,1
1787360400000,77921.6,78051.6,77879.7,78051.6,11677.0,11.6774,910561.80878,1
1787360700000,78051.7,78111.3,78037.4,78050.3,9416.0,9.4163,735212.51227,1
1787361000000,78062.2,78186.3,78050.4,78076.7,13970.0,13.9708,1091403.17611,1
1787361300000,78076.7,78142.3,77969.3,77977.0,13097.0,13.0972,1021768.10138,1
1787361600000,77977.1,77999.0,77870.2,77977.9,11784.0,11.7843,918098.65249,1
1787361900000,78001.1,78024.6,77946.3,77991.4,2035.0,2.0352,158751.11895,1
1787362200000,77991.4,78219.9,77991.0,78098.6,11395.0,11.395,890631.19402,1
1787362500000,78095.4,78145.4,77980.8,77980.8,5981.0,5.9813,467022.44431,1
1787362800000,77983.2,78032.9,77875.8,77892.7,4920.0,4.9204,383591.48855,1
1787363100000,77892.0,77948.0,77808.0,77812.2,9641.0,9.6411,750741.72488,1
1787363400000,77818.1,77866.5,77788.6,77852.6,5808.0,5.808,452010.52951,1
1787363700000,77856.2,77984.3,77800.1,77810.1,5606.0,5.6069,436666.97088,1
1787364000000,77813.4,77965.4,77770.0,77943.6,7531.0,7.531,586317.10954,1
1787364300000,77946.0,78031.7,77907.2,77995.8,4800.0,4.8004,374295.79746,1
1787364600000,78000.0,78078.0,77998.2,78029.5,4587.0,4.5874,358087.30562,1
1787364900000,78029.5,78181.8,78012.5,78083.0,4314.0,4.3144,337040.82558,1
1787365200000,78089.9,78180.0,78078.7,78166.3,6237.0,6.2371,487366.79466,1
1787365500000,78169.6,78464.7,78162.8,78357.7,19134.0,19.1345,1498800.09923,1
1787365800000,78355.4,78485.5,78259.0,78266.6,22824.0,22.8249,1788533.316,1
1787366100000,78259.0,78392.1,78144.5,78389.7,19951.0,19.9513,1561505.58365,1
1787366400000,78395.0,78490.0,78327.4,78490.0,8798.0,8.798,689888.1042,1
1787366700000,78490.0,78529.2,78288.5,78352.3,8448.0,8.4486,662356.31546,1
1787367000000,78360.6,78481.6,78321.0,78433.4,4285.0,4.2855,336091.86194,1
1787367300000,78433.5,78547.8,78406.9,78463.7,5518.0,5.5187,433152.12573,1
1787367600000,78465.3,78600.0,78400.1,78558.0,7370.0,7.3701,578664.55991,1
1787367900000,78559.6,78690.4,78539.3,78539.3,14802.0,14.8026,1163538.61869,1
1787368200000,78537.6,78537.6,78355.9,78378.8,7145.0,7.1452,560525.80745,1
1787368500000,78378.1,78584.0,78350.0,78581.3,6605.0,6.6053,518456.6715,1
1787368800000,78584.1,78597.8,78479.1,78576.2,2904.0,2.9046,228192.685,1
1787369100000,78579.4,78780.0,78579.4,78749.2,11450.0,11.4501,901455.50852,1
1787369400000,78745.9,78841.6,78635.4,78649.9,10848.0,10.8482,854314.3385,1
1787369700000,78672.7,78734.1,78660.7,78670.4,9940.0,9.9409,782389.79208,1
1787370000000,78674.9,78675.1,78535.0,78627.8,8716.0,8.7163,685036.14165,1
1787370300000,78629.8,78629.8,78544.0,78544.0,5180.0,5.1806,407080.91484,1
1787370600000,78547.9,78676.8,78535.2,78535.2,2517.0,2.5179,197894.69905,1
1787370900000,78533.6,78542.5,78380.1,78394.9,10532.0,10.5327,826286.17905,1
1787371200000,78415.0,78456.5,78229.0,78364.4,13271.0,13.2713,1039650.27046,1
1787371500000,78363.6,78413.3,78245.3,78313.9,4998.0,4.9984,391487.61636,1
1787371800000,78315.0,78397.4,78315.0,78384.3,4811.0,4.8119,377049.16432,1
1787372100000,78353.8,78356.7,78188.0,78241.8,7418.0,7.4183,580436.5497,1
1787372400000,78244.3,78527.8,78244.3,78475.0,14900.0,14.9001,1168561.7485,1
1787372700000,78484.3,78576.4,78474.8,78576.4,2600.0,2.6007,204214.90758,1
1787373000000,78579.9,78717.0,78506.6,78687.8,80867.0,80.8675,6354653.75499,1
1787373300000,78684.3,78749.9,78595.8,78683.7,17376.0,17.3762,1367316.32913,1
1787373600000,78663.7,78798.9,78630.3,78645.0,22611.0,22.6117,1780360.94352,1
1787373900000,78638.3,78681.6,78515.3,78560.0,15483.0,15.4834,1216923.81184,1
1787374200000,78562.0,78562.0,78478.9,78527.0,2392.0,2.3928,187891.29553,1
1787374500000,78525.3,78547.4,78453.2,78453.2,13822.0,13.8227,1085352.17497,1
1787374800000,78450.4,78584.8,78424.1,78495.5,4145.0,4.1456,325501.77897,1
1787375100000,78492.4,78545.9,77782.2,77811.9,58411.0,58.411,4560064.89133,1
1787375400000,77789.3,77832.9,76513.1,77328.0,119833.0,119.8332,9251545.02365,1
1787375700000,77310.9,77528.4,76741.3,76956.4,55158.0,55.1586,4253349.05271,1
1787376000000,76952.7,77260.0,76760.1,77060.6,43991.0,43.9919,3385435.14509,1
1787376300000,77058.3,77300.0,77029.7,77297.1,17883.0,17.8834,1380781.9989,1
1787376600000,77290.1,77350.3,76923.1,77350.2,19865.0,19.8659,1532239.48224,1
1787376900000,77350.3,77565.7,77130.3,77130.3,15976.0,15.976,1235947.22158,1
1787377200000,77130.2,77234.2,76992.4,77172.6,14061.0,14.061,1084139.437,1
1787377500000,77172.7,77423.9,77060.8,77365.3,11096.0,11.0961,857268.53313,1
1787377800000,77370.7,77497.8,77242.2,77347.7,5440.0,5.4406,420938.49765,1
1787378100000,77355.4,77455.6,77319.6,77365.3,3700.0,3.7002,286384.16689,1
1787378400000,77350.1,77436.1,77280.2,77297.8,12079.0,12.0792,934012.62394,1
1787378700000,77285.0,77347.2,77139.0,77313.5,8598.0,8.598,664027.97178,1
1787379000000,77317.4,77319.9,77150.0,77162.4,8184.0,8.184,631821.29516,1
1787379300000,77171.0,77350.0,77171.0,77210.9,3695.0,3.6956,285422.66811,1
1787379600000,77223.3,77359.0,77223.3,77358.9,3095.0,3.0959,239309.76781,1
1787379900000,77359.0,77378.2,77212.5,77234.4,7409.0,7.4094,572709.3449,1
1787380200000,77231.9,77231.9,76963.5,77070.4,5696.0,5.6966,439270.28694,1
1787380500000,77070.4,77553.2,77070.4,77507.7,20823.0,20.8234,1609361.75224,1
1787380800000,77493.5,77564.2,77400.0,77404.8,15032.0,15.0328,1165131.47943,1
1787381100000,77400.0,77468.3,77378.5,77442.3,1469.0,1.4694,113773.63164,1
1787381400000,77442.2,77532.8,77385.9,77445.8,4700.0,4.7009,364144.00425,1
1787381700000,77437.8,77494.4,77389.4,77480.3,4992.0,4.9929,386726.03747,1
1787382000000,77475.1,77638.3,77439.9,77621.4,17509.0,17.5096,1358196.40206,1
1787382300000,77621.7,77671.4,77373.5,77376.9,14135.0,14.135,1096519.20109,1
1787382600000,77382.7,77423.4,77261.8,77350.4,9642.0,9.6425,745617.97439,1
1787382900000,77383.6,77389.6,77211.8,77254.7,8527.0,8.5276,659019.09335,1
1787383200000,77257.5,77436.1,77257.5,77396.6,18436.0,18.4363,1426204.90612,1
1787383500000,77424.2,77479.1,77384.9,77470.9,2841.0,2.8418,219976.89792,1
1787383800000,77474.3,77497.0,77403.8,77437.6,2937.0,2.9376,227545.6553,1
1787384100000,77457.9,77461.7,77376.6,77395.2,2168.0,2.1689,167958.46957,1
1787384400000,77404.1,77424.7,77285.6,77402.3,2862.0,2.8622,221416.40537,1
1787384700000,77402.4,77427.2,77308.0,77338.6,1467.0,1.4674,113526.69835,1
1787385000000,77320.0,77352.9,77297.2,77339.8,3661.0,3.6613,283094.62393,1
1787385300000,77334.9,77352.5,77258.6,77278.8,4322.0,4.3229,334248.16119,1
1787385600000,77300.0,77399.5,77240.0,77240.0,9701.0,9.7013,749869.25731,1
1787385900000,77247.4,77378.3,77176.9,77329.3,4286.0,4.2862,331192.79657,1
1787386200000,77344.5,77420.4,77343.3,77409.1,2964.0,2.9645,229406.98213,1
1787386500000,77419.0,77426.7,77293.0,77323.4,2788.0,2.7885,215680.95724,1
1787386800000,77319.7,77348.2,77276.6,77276.6,3222.0,3.2227,249081.97852,1
1787387100000,77276.6,77285.7,77094.8,77204.9,19754.0,19.7545,1524672.61876,1
1787387400000,77204.9,77204.9,77051.9,77100.9,17797.0,17.7972,1372002.29872,1
1787387700000,77111.4,77160.2,77066.8,77135.4,3503.0,3.5039,270266.82949,1
1787388000000,77137.8,77305.7,77030.3,77283.7,5463.0,5.4634,421689.92729,1
1787388300000,77271.4,77271.4,77098.9,77165.7,11517.0,11.517,889193.79324,1
1787388600000,77165.9,77199.9,77141.8,77177.8,10501.0,10.5011,810487.32994,1
1787388900000,77174.5,77199.9,77132.7,77193.4,903.0,0.9032,69704.08834,1
1787389200000,77199.9,77200.0,77043.4,77100.0,6347.0,6.3471,489357.64395,1
1787389500000,77099.8,77239.9,77067.6,77235.9,2071.0,2.0713,159725.75525,1
1787389800000,77236.9,77350.1,77194.8,77350.1,9432.0,9.4322,729256.74456,1
1787390100000,77350.1,77368.0,77257.1,77261.6,11715.0,11.7157,905355.40915,1
1787390400000,77269.4,77350.0,77220.0,77220.9,1713.0,1.7136,132427.24735,1
1787390700000,77220.2,77230.2,77150.1,77189.4,1819.0,1.8198,140464.74087,1
1787391000000,77189.3,77228.0,77162.8,77178.0,2053.0,2.0534,158512.21791,1
1787391300000,77181.0,77216.6,77133.0,77151.6,2580.0,2.5801,199061.42287,1
1787391600000,77151.7,77187.6,77137.0,77187.6,7412.0,7.4124,572021.26843,1
1787391900000,77183.2,77183.2,76814.8,76952.4,40953.0,40.9531,3152176.45566,1
1787392200000,76960.2,77013.1,76874.2,76917.4,14136.0,14.1369,1088004.91755,1
1787392500000,76917.4,77043.2,76906.6,77043.2,13607.0,13.6074,1047400.17331,1
1787392800000,77043.3,77059.5,76792.5,76917.0,14855.0,14.855,1142649.38909,1
1787393100000,76917.1,76922.0,76740.3,76776.4,3513.0,3.5135,269878.1234,1
1787393400000,76776.5,76874.9,76666.9,76702.9,25876.0,25.8765,1986649.77069,1
1787393700000,76705.3,76840.2,76667.3,76667.4,31771.0,31.7719,2438374.35631,1
1787394000000,76674.0,76758.2,76532.3,76600.1,29379.0,29.379,2252394.19219,1
1787394300000,76610.6,76952.3,76571.9,76931.7,39467.0,39.4675,3027982.7144,1
1787394600000,76939.5,76970.7,76861.8,76928.9,16058.0,16.0583,1235070.34428,1
1787394900000,76929.0,77134.0,76929.0,77074.7,48318.0,48.3183,3722118.48344,1
1787395200000,77074.6,77176.6,77074.6,77169.5,7611.0,7.6111,587197.96435,1
1787395500000,77169.5,77186.5,77036.9,77050.8,9720.0,9.7204,749015.75116,1
1787395800000,77052.4,77077.1,76991.9,76991.9,5335.0,5.3359,411113.9855,1
1787396100000,77004.5,77016.1,76900.0,76984.1,4913.0,4.9133,378061.0314,1
1787396400000,76986.5,76999.0,76827.0,76964.3,23021.0,23.0214,1770635.9689,1
1787396700000,76979.4,77078.9,76891.8,76891.8,3353.0,3.3535,258146.15721,1
1787397000000,76893.1,76965.5,76881.1,76881.1,4020.0,4.0202,309241.64579,1
1787397300000,76877.1,76896.1,76818.7,76824.8,5201.0,5.2015,399703.34666,1
1787397600000,76831.4,76923.1,76831.4,76838.9,17523.0,17.5237,1347400.8158,1
1787397900000,76848.7,76992.9,76848.7,76988.0,3988.0,3.9883,306843.74828,1
1787398200000,76988.6,77100.0,76954.2,77096.5,6186.0,6.1866,476612.02963,1
1787398500000,77096.5,77179.0,77096.5,77129.8,5461.0,5.4612,421266.11616,1
1787398800000,77129.8,77182.8,77116.1,77182.8,17912.0,17.912,1381622.76982,1
1787399100000,77180.1,77222.0,77101.8,77101.8,11114.0,11.1149,857428.14521,1
1787399400000,77101.8,77118.0,77075.2,77105.4,17491.0,17.4914,1348456.66374,1
1787399700000,77105.4,77187.7,77101.3,77133.9,7325.0,7.3252,565102.91975,1
1787400000000,77137.8,77294.0,77081.7,77148.8,20366.0,20.3662,1572296.04682,1
1787400300000,77139.6,77275.0,77139.6,77243.3,4023.0,4.0233,310696.72053,1
1787400600000,77243.3,77278.0,77220.6,77238.1,4321.0,4.3211,333810.14234,1
1787400900000,77251.4,77285.3,77202.8,77244.4,27377.0,27.3775,2114964.53158,1
1787401200000,77270.0,77327.7,77257.3,77282.9,6267.0,6.2677,484402.76646,1
1787401500000,77282.9,77344.8,77255.8,77330.0,7345.0,7.345,567939.4743,1
1787401800000,77329.9,77330.7,77208.7,77219.0,3572.0,3.572,275894.97317,1
1787402100000,77228.9,77280.1,77205.0,77253.6,13617.0,13.6177,1052030.60385,1
1787402400000,77259.8,77349.9,77258.1,77341.6,5249.0,5.2492,405772.39295,1
1787402700000,77337.1,77373.7,77327.1,77343.4,5144.0,5.144,397912.91085,1
1787403000000,77337.9,77345.0,77254.8,77297.4,4081.0,4.0819,315487.82428,1
1787403300000,77314.8,77353.7,77290.6,77295.7,2485.0,2.4855,192178.97234,1
1787403600000,77299.6,77318.2,77187.5,77220.8,5935.0,5.9358,458588.1374,1
1787403900000,77230.8,77263.9,77188.4,77263.9,1458.0,1.4588,112654.91815,1
1787404200000,77258.3,77258.3,77214.2,77222.6,2190.0,2.1901,169155.40493,1
1787404500000,77230.3,77258.3,77134.6,77135.8,4744.0,4.7447,366173.07337,1
1787404800000,77143.2,77185.1,77125.1,77184.0,4007.0,4.0077,309170.01529,1
1787405100000,77190.0,77257.6,77170.2,77175.4,3794.0,3.7944,292993.25973,1
1787405400000,77183.4,77206.7,77134.0,77134.0,1354.0,1.3547,104561.51956,1
1787405700000,77134.1,77187.2,77125.1,77129.6,5580.0,5.58,430559.85883,1
1787406000000,77129.6,77184.0,77129.5,77165.8,2193.0,2.1937,169250.47868,1
1787406300000,77165.9,77283.7,77149.4,77256.6,2228.0,2.2281,172072.79303,1
1787406600000,77258.9,77370.1,77258.9,77299.7,9074.0,9.0745,701879.75597,1
1787406900000,77291.0,77316.0,77261.6,77290.6,1304.0,1.3045,100825.55651,1
1787407200000,77290.5,77319.9,77201.6,77208.1,1928.0,1.9288,149043.4763,1
1787407500000,77214.9,77229.8,76962.5,77086.9,12605.0,12.6055,971421.75777,1
1787407800000,77088.6,77098.5,77022.7,77034.8,7281.0,7.2814,561132.14288,1
1787408100000,77044.4,77084.7,76970.0,77003.7,17113.0,17.1133,1318182.91844,1
1787408400000,77010.0,77064.0,77008.3,77038.8,1722.0,1.7228,132715.62348,1
1787408700000,77030.9,77107.7,77020.1,77107.7,2578.0,2.5788,198686.58193,1
1787409000000,77107.7,77165.0,77050.0,77150.3,6997.0,6.9974,539399.12419,1
1787409300000,77153.1,77164.9,76994.5,76994.7,4554.0,4.5543,351171.58194,1
1787409600000,76996.2,77057.6,76973.2,76973.3,5393.0,5.3937,415365.88382,1
1787409900000,76973.3,77017.6,76972.1,76972.1,3117.0,3.1174,240021.69036,1
1787410200000,76973.8,77017.6,76936.1,76980.6,7387.0,7.3877,568685.88628,1
1787410500000,76967.4,77080.0,76952.0,77018.6,5540.0,5.54,426710.70893,1
1787410800000,77030.0,77100.0,76968.0,77024.8,5332.0,5.3325,410874.31682,1
1787411100000,77024.6,77073.8,76970.3,76973.0,5956.0,5.9567,458791.76182,1
1787411400000,76973.0,77053.4,76951.0,76951.1,4739.0,4.7398,364898.71256,1
1787411700000,76951.1,77013.6,76944.1,76962.5,8457.0,8.4571,651028.00393,1
1787412000000,76968.2,77033.9,76900.2,77014.4,4315.0,4.3158,332179.01366,1
1787412300000,77009.8,77034.6,76974.7,77001.8,1086.0,1.086,83636.02412,1
1787412600000,76994.0,77111.2,76994.0,77105.0,17150.0,17.1502,1320841.07164,1
1787412900000,77105.0,77111.2,77036.4,77055.2,1830.0,1.83,141077.37168,1
1787413200000,77064.8,77089.7,77018.0,77064.2,2674.0,2.6742,206068.95159,1
1787413500000,77082.7,77111.2,77011.0,77011.0,4266.0,4.2667,328836.43607,1
1787413800000,77011.1,77011.1,76923.0,76976.1,7794.0,7.7949,599972.63301,1
1787414100000,76984.9,77035.0,76980.0,76990.2,2015.0,2.0157,155239.71309,1
1787414400000,76990.2,77068.9,76969.6,77068.9,2177.0,2.1773,167701.86277,1
1787414700000,77078.2,77079.9,77030.1,77050.0,10724.0,10.7241,826338.82824,1
1787415000000,77050.0,77084.7,76971.0,77069.1,8740.0,8.7402,673345.18319,1
1787415300000,77069.1,77195.2,77057.0,77190.4,5983.0,5.983,461586.34193,1
1787415600000,77190.4,77255.0,77180.5,77222.2,7825.0,7.8258,604348.03462,1
1787415900000,77222.2,77249.0,77181.2,77209.8,6675.0,6.6755,515491.51575,1
1787416200000,77209.1,77243.3,77195.1,77212.0,3966.0,3.9663,306226.01978,1
1787416500000,77207.5,77348.1,77207.4,77323.8,9910.0,9.9109,766168.72925,1
1787416800000,77329.4,77484.7,77329.4,77409.5,15005.0,15.005,1161486.23849,1
1787417100000,77405.5,77567.6,77405.5,77461.2,35421.0,35.4216,2745411.62829,1
1787417400000,77455.6,77462.9,77337.6,77337.6,3377.0,3.3771,261318.63768,1
1787417700000,77337.7,77364.3,77297.9,77299.0,4214.0,4.2142,325930.58951,1
1787418000000,77299.0,77349.9,77275.2,77279.9,2892.0,2.8925,223621.39743,1
1787418300000,77288.7,77330.4,77256.9,77293.9,10693.0,10.6932,826591.2826,1
1787418600000,77317.4,77325.0,77290.1,77297.0,24969.0,24.969,1930273.80925,1
1787418900000,77297.0,77360.5,77290.5,77357.0,3113.0,3.113,240705.31601,1
1787419200000,77357.0,77357.0,77301.3,77307.7,3028.0,3.028,234148.0381,1
1787419500000,77307.7,77311.7,77081.1,77103.7,8343.0,8.3436,643934.71476,1
1787419800000,77113.9,77210.0,77113.9,77192.5,5261.0,5.2612,406058.47137,1
1787420100000,77189.4,77206.3,77142.6,77142.6,7700.0,7.7006,594391.52062,1
1787420400000,77138.8,77234.0,77138.8,77234.0,784.0,0.7849,60601.56177,1
1787420700000,77234.0,77320.3,77234.0,77298.0,1254.0,1.2543,96932.16235,1
1787421000000,77298.0,77389.6,77281.2,77310.9,3838.0,3.8382,296959.96301,1
1787421300000,77315.2,77319.2,77288.5,77289.2,7335.0,7.3358,567061.79785,1
1787421600000,77289.2,77366.0,77288.1,77356.4,714.0,0.714,55208.35758,1
1787421900000,77370.8,77370.8,77256.4,77256.4,5251.0,5.251,406182.40964,1
1787422200000,77255.7,77273.8,77229.8,77253.7,1698.0,1.6987,131201.06417,1
1787422500000,77253.7,77313.7,77253.7,77296.6,752.0,0.7526,58166.60522,1
1787422800000,77280.9,77354.5,77276.3,77323.5,2439.0,2.4396,188660.88891,1
1787423100000,77323.6,77342.8,77300.0,77300.0,906.0,0.9067,70107.62676,1
1787423400000,77308.7,77340.0,77288.1,77340.0,2242.0,2.2425,173344.44621,1
1787423700000,77329.4,77330.1,77259.1,77271.2,1008.0,1.0085,77940.28472,1
1787424000000,77271.6,77282.7,77234.6,77234.6,759.0,0.7596,58685.64878,1
1787424300000,77234.6,77242.8,77182.5,77223.9,3041.0,3.0413,234823.0555,1
1787424600000,77223.9,77223.9,77145.3,77216.0,13194.0,13.1948,1018347.03381,1
1787424900000,77216.0,77276.5,77204.4,77276.5,1116.0,1.1163,86211.65113,1
1787425200000,77276.5,77300.0,77257.5,77280.0,3100.0,3.1002,239572.54428,1
1787425500000,77280.0,77280.0,77213.0,77266.4,936.0,0.9362,72304.78602,1
1787425800000,77274.4,77346.5,77252.2,77337.4,2684.0,2.6841,207486.05757,1
1787426100000,77334.7,77350.0,77274.9,77300.7,4287.0,4.2871,331494.59365,1
1787426400000,77293.9,77309.8,77273.6,77301.9,1430.0,1.4304,110564.83366,1
1787426700000,77282.7,77312.8,77256.4,77295.1,1060.0,1.0602,81929.8207,1
1787427000000,77295.1,77360.0,77295.1,77340.4,608.0,0.6082,47036.75201,1
1787427300000,77338.0,77389.4,77338.0,77370.2,1895.0,1.8951,146612.2416,1
1787427600000,77370.2,77435.3,77358.4,77435.3,3827.0,3.8276,296189.16574,1
1787427900000,77436.1,77463.6,77419.0,77446.4,3555.0,3.5559,275359.4121,1
1787428200000,77446.4,77480.0,77446.3,77457.7,9699.0,9.6997,751381.52016,1
1787428500000,77460.5,77470.3,77422.3,77422.3,1233.0,1.2333,95523.63652,1
1787428800000,77426.2,77440.1,77369.2,77407.9,2703.0,2.7037,209288.21886,1
1787429100000,77407.9,77457.7,77391.7,77440.3,1166.0,1.1666,90330.91037,1
1787429400000,77440.2,77473.3,77419.3,77419.3,2031.0,2.0315,157304.29163,1
1787429700000,77419.3,77437.1,77356.7,77356.9,1913.0,1.9132,148021.32722,1
1787430000000,77355.1,77360.6,77327.4,77333.1,1913.0,1.9131,147960.58157,1
1787430300000,77333.1,77361.8,77304.7,77304.7,2668.0,2.6684,206327.08707,1
1787430600000,77304.7,77329.5,77283.4,77284.4,5287.0,5.287,408759.13681,1
1787430900000,77284.5,77388.0,77283.2,77387.9,1996.0,1.9961,154313.83913,1
1787431200000,77389.5,77418.2,77353.6,77360.0,3620.0,3.6208,280176.24529,1
1787431500000,77360.0,77393.3,77360.0,77360.1,460.0,0.4604,35621.43091,1
1787431800000,77363.5,77363.5,77337.0,77337.1,3136.0,3.1367,242612.55302,1
1787432100000,77337.1,77339.8,77283.8,77338.5,1063.0,1.063,82191.47979,1
1787432400000,77338.5,77338.5,77041.9,77090.2,24929.0,24.9295,1922788.60848,1
1787432700000,77095.5,77160.8,77095.5,77141.8,8871.0,8.8713,684223.77401,1
1787433000000,77141.9,77150.0,77054.2,77054.2,2629.0,2.6291,202693.05914,1
1787433300000,77059.0,77196.2,77059.0,77183.1,9301.0,9.3015,717758.33576,1
1787433600000,77183.0,77216.6,77140.1,77140.2,7211.0,7.2112,556801.29706,1
1787433900000,77139.9,77212.2,77126.4,77187.1,1789.0,1.789,138085.431,1
1787434200000,77187.1,77203.3,77091.1,77121.1,4658.0,4.6588,359266.01773,1
1787434500000,77127.0,77127.0,76990.9,77003.4,7972.0,7.9722,614054.83051,1
1787434800000,76992.1,77040.7,76922.1,77033.6,8720.0,8.7206,671231.0802,1
1787435100000,77040.4,77040.6,76894.3,76983.0,7443.0,7.4431,572820.87943,1
1787435400000,76983.1,76995.4,76942.8,76942.9,3656.0,3.6567,281443.40355,1
1787435700000,76942.9,76954.4,76823.8,76862.8,16795.0,16.7958,1291275.73767,1
1787436000000,76847.1,76976.4,76771.9,76976.4,54795.0,54.7957,4209751.24487,1
1787436300000,76981.5,77158.0,76981.5,77114.5,11037.0,11.0375,850568.94889,1
1787436600000,77122.1,77150.0,77074.8,77109.0,2694.0,2.6943,207726.32184,1
1787436900000,77118.7,77132.6,77052.9,77058.8,2023.0,2.0235,156025.41546,1
1787437200000,77064.0,77149.9,77060.3,77111.0,1432.0,1.4322,110434.53684,1
1787437500000,77129.8,77150.0,77056.9,77056.9,4342.0,4.3426,334961.86942,1
1787437800000,77056.9,77071.6,76875.3,76952.8,10001.0,10.0016,770156.9033,1
1787438100000,76956.7,77047.2,76956.7,76980.0,3642.0,3.6423,280424.80906,1
1787438400000,76989.9,77076.9,76985.8,77049.1,4122.0,4.1222,317510.98053,1
1787438700000,77061.5,77080.0,77026.4,77047.4,790.0,0.79,60871.11981,1
1787439000000,77045.8,77142.9,77037.5,77110.0,2286.0,2.286,176240.93106,1
1787439300000,77120.6,77121.7,76966.7,77000.8,3899.0,3.899,300359.55629,1
1787439600000,77000.8,77053.8,76950.0,77053.8,5500.0,5.5009,423743.73581,1
1787439900000,77053.8,77090.0,77027.5,77027.5,2020.0,2.0201,155678.30675,1
1787440200000,77019.9,77030.0,76958.7,76981.7,1169.0,1.1694,90035.6349,1
1787440500000,76989.9,77022.9,76982.5,77020.3,873.0,0.8734,67263.88014,1
1787440800000,77020.3,77034.4,76999.4,77003.7,941.0,0.9415,72497.90477,1
1787441100000,77003.7,77027.8,76951.0,76956.3,1854.0,1.854,142687.9283,1
1787441400000,76956.4,76992.0,76931.0,76931.0,2052.0,2.0526,157949.68578,1
1787441700000,76931.0,76987.5,76905.4,76987.5,2089.0,2.0898,160789.11526,1
1787442000000,76987.5,77043.9,76987.5,77026.5,2806.0,2.8065,216148.62793,1
1787442300000,77024.2,77116.6,77015.2,77116.6,5090.0,5.0906,392317.65541,1
1787442600000,77116.6,77138.7,77074.0,77101.3,5059.0,5.0597,390196.80204,1
1787442900000,77101.3,77122.3,77085.8,77085.8,23269.0,23.2691,1794429.26286,1
1787443200000,77095.4,77150.0,77095.4,77150.0,2142.0,2.1428,165269.18975,1
1787443500000,77136.1,77152.8,77105.8,77105.8,3123.0,3.1235,240939.56757,1
1787443800000,77105.8,77105.8,77069.2,77102.3,1127.0,1.1276,86916.49476,1
1787444100000,77088.6,77147.4,77064.0,77121.7,589.0,0.5894,45443.63594,1
1787444400000,77114.6,77219.3,77104.1,77215.1,9432.0,9.4329,727774.44332,1
1787444700000,77215.0,77264.6,77178.7,77234.4,4279.0,4.2792,330517.06232,1
1787445000000,77237.9,77295.0,77234.1,77285.0,1942.0,1.9426,150100.00776,1
1787445300000,77285.1,77362.3,77236.8,77298.1,11187.0,11.1874,865128.55397,1
1787445600000,77299.7,77323.7,77244.1,77288.8,7279.0,7.2797,562401.15969,1
1787445900000,77284.9,77349.9,77261.6,77330.2,3358.0,3.3584,259635.42063,1
1787446200000,77330.2,77362.0,77322.0,77349.2,1134.0,1.1348,87771.61076,1
1787446500000,77341.5,77354.3,77308.0,77308.0,1347.0,1.347,104171.53322,1
1787446800000,77306.0,77306.0,77193.0,77194.2,4364.0,4.3646,337181.80311,1
1787447100000,77203.3,77274.7,77193.1,77262.3,3123.0,3.1234,241243.75309,1
1787447400000,77262.2,77423.6,77256.8,77423.5,3119.0,3.1197,241245.04822,1
1787447700000,77423.8,77423.8,77312.4,77327.8,2342.0,2.3422,181149.05496,1
1787448000000,77327.8,77346.8,77318.9,77320.1,1559.0,1.5598,120609.14596,1
1787448300000,77320.1,77320.1,77270.9,77277.7,1715.0,1.7152,132554.17894,1
1787448600000,77291.5,77322.9,77200.0,77225.1,3599.0,3.5995,278022.80404,1
1787448900000,77223.8,77262.4,77201.5,77262.4,875.0,0.8758,67653.37662,1
1787449200000,77262.4,77285.2,77180.2,77254.3,1431.0,1.4311,110541.08734,1
1787449500000,77254.3,77333.3,77243.7,77255.2,1332.0,1.3322,102990.67264,1
1787449800000,77249.8,77297.9,77225.0,77277.2,951.0,0.9512,73497.54152,1
1787450100000,77277.0,77277.0,77174.8,77204.6,961.0,0.9617,74252.68465,1
1787450400000,77204.6,77219.6,77146.2,77146.2,1790.0,1.7904,138165.91516,1
1787450700000,77146.2,77150.8,77100.0,77110.0,1902.0,1.9023,146729.89796,1
1787451000000,77110.0,77148.0,77063.7,77063.8,4013.0,4.013,309480.63592,1
1787451300000,77063.9,77148.4,77063.9,77122.3,2395.0,2.3951,184710.71586,1
1787451600000,77113.5,77120.6,77026.8,77077.8,6755.0,6.7559,520565.99571,1
1787451900000,77077.8,77124.7,77077.8,77124.7,1774.0,1.774,136796.18498,1
1787452200000,77126.7,77220.0,77123.3,77220.0,5611.0,5.6116,433125.24507,1
1787452500000,77220.0,77220.0,77183.2,77198.1,2313.0,2.3139,178627.30176,1
1787452800000,77201.2,77215.9,77167.3,77189.0,2497.0,2.4971,192785.84512,1
1787453100000,77189.1,77220.6,77170.0,77205.0,2817.0,2.8172,217452.32707,1
1787453400000,77205.0,77211.4,77079.0,77079.0,2984.0,2.9848,230233.07319,1
1787453700000,77079.0,77098.5,77076.1,77079.0,727.0,0.727,56036.80275,1
1787454000000,77074.7,77128.5,77074.7,77085.6,20186.0,20.1863,1556036.66129,1
1787454300000,77085.6,77085.6,77025.0,77026.8,12039.0,12.0395,927928.30032,1
1787454600000,77026.8,77110.4,77020.0,77094.4,3545.0,3.5457,273240.29681,1
1787454900000,77094.4,77156.0,77068.3,77121.4,3494.0,3.4947,269524.78013,1
1787455200000,77112.5,77112.5,77026.9,77036.6,2792.0,2.7921,215129.66218,1
1787455500000,77035.4,77038.5,76995.9,76995.9,2645.0,2.645,203723.03322,1
1787455800000,76992.9,77004.6,76920.1,76950.0,5338.0,5.3388,410865.19344,1
1787456100000,76950.0,77000.0,76937.7,76938.1,3302.0,3.3024,254157.33341,1
1787456400000,76938.1,76939.8,76850.1,76866.6,7809.0,7.809,600430.20867,1
1787456700000,76863.1,76997.9,76863.1,76992.9,5539.0,5.5394,426287.46329,1
1787457000000,76985.5,76985.8,76947.4,76981.2,10351.0,10.3513,796715.7707,1
1787457300000,76971.1,76971.1,76920.8,76941.1,6728.0,6.7287,517681.53246,1
1787457600000,76941.2,76965.8,76855.0,76859.1,2315.0,2.3151,178060.23456,1
1787457900000,76863.8,76944.8,76684.9,76827.0,16375.0,16.3755,1256716.98173,1
1787458200000,76826.9,77026.8,76826.8,77006.7,9444.0,9.4447,726331.7826,1
1787458500000,77009.9,77047.0,76833.8,76833.8,5260.0,5.26,404707.07639,1
1787458800000,76833.6,76916.5,76813.6,76916.5,2756.0,2.756,211789.94352,1
1787459100000,76917.5,77002.6,76917.5,76968.1,1868.0,1.8682,143802.15534,1
1787459400000,76968.1,76978.2,76846.0,76887.0,1101.0,1.1012,84668.08318,1
1787459700000,76883.1,76883.1,76833.6,76866.0,4184.0,4.1846,321605.48289,1
1787460000000,76866.0,76903.8,76828.6,76829.8,2118.0,2.1187,162823.46661,1
1787460300000,76829.8,76829.8,76570.0,76631.7,22026.0,22.026,1688537.93788,1
1787460600000,76627.7,76750.0,76627.7,76695.4,3705.0,3.7056,284190.79281,1
1787460900000,76695.4,76700.0,76495.6,76612.7,23294.0,23.2946,1784394.45423,1
1787461200000,76582.4,76733.1,76495.8,76574.4,17399.0,17.3993,1331885.56616,1
1787461500000,76581.9,76646.9,76234.8,76319.6,86319.0,86.3198,6591957.97134,1
1787461800000,76319.7,76433.2,75798.2,75858.0,126493.0,126.4934,9607803.39621,1
1787462100000,75912.2,76065.0,75601.8,76050.0,114987.0,114.9874,8727336.33533,1
1787462400000,76049.6,76299.9,76024.8,76299.9,24317.0,24.3174,1852002.2752,1
1787462700000,76295.6,76346.2,76194.9,76243.9,10464.0,10.4648,798199.77101,1
1787463000000,76229.1,76344.0,76204.3,76258.4,23164.0,23.1648,1765795.91133,1
1787463300000,76258.4,76303.7,76193.5,76234.6,10636.0,10.6362,811017.01109,1
1787463600000,76224.9,76282.9,76108.3,76176.0,6719.0,6.7193,512113.58261,1
1787463900000,76189.2,76211.7,76117.8,76181.5,14386.0,14.3866,1095931.41672,1
1787464200000,76181.3,76263.0,76047.8,76153.9,15587.0,15.587,1187283.92633,1
1787464500000,76153.8,76187.4,76065.7,76065.7,17116.0,17.1163,1303182.95711,1
1787464800000,76085.7,76125.8,75998.1,76119.8,19236.0,19.2365,1463432.45358,1
1787465100000,76119.9,76148.2,75879.0,75926.3,11280.0,11.2807,857504.12301,1
1787465400000,75920.8,76178.6,75914.8,76095.5,13415.0,13.4154,1019550.43922,1
1787465700000,76086.3,76279.0,76086.3,76279.0,10794.0,10.7947,822257.16495,1
1787466000000,76284.4,76317.1,76200.0,76284.2,6256.0,6.2563,477269.71453,1
1787466300000,76283.9,76283.9,76173.8,76240.0,15200.0,15.2004,1158227.83915,1
1787466600000,76240.0,76365.8,76240.0,76349.8,14604.0,14.6042,1115008.35743,1
1787466900000,76348.9,76364.7,76183.1,76240.4,9632.0,9.6323,734875.33289,1
1787467200000,76245.3,76310.1,76245.3,76261.0,5302.0,5.3024,404497.0819,1
1787467500000,76277.3,76285.0,76205.3,76206.6,15254.0,15.2544,1162794.97795,1
1787467800000,76206.6,76239.4,76150.1,76151.0,8731.0,8.7314,665404.42977,1
1787468100000,76165.3,76178.8,76034.9,76099.3,16693.0,16.6931,1270597.15359,1
1787468400000,76116.6,76126.5,76038.0,76126.5,19882.0,19.8827,1512895.81254,1
1787468700000,76126.6,76275.0,76126.6,76247.0,7830.0,7.8301,596826.59022,1
1787469000000,76247.1,76326.3,76245.4,76309.8,10308.0,10.3087,786413.05335,1
1787469300000,76309.4,76368.7,76309.1,76349.3,7174.0,7.1749,547778.25982,1
1787469600000,76349.2,76349.2,76257.9,76266.7,2287.0,2.2879,174519.62189,1
1787469900000,76258.1,76284.2,76232.4,76232.4,777.0,0.7773,59274.97891,1
1787470200000,76232.4,76241.7,76110.1,76110.1,6320.0,6.3205,481351.67596,1
1787470500000,76110.0,76139.3,76090.0,76133.2,3630.0,3.6302,276329.77344,1
1787470800000,76120.7,76133.0,76062.5,76062.5,942.0,0.9422,71686.37793,1
1787471100000,76062.5,76110.2,76053.0,76110.2,11913.0,11.9132,906182.65325,1
1787471400000,76133.2,76153.8,76053.4,76053.4,3433.0,3.4331,261300.83687,1
1787471700000,76052.5,76060.8,75923.3,76015.9,18063.0,18.0638,1372818.20896,1
1787472000000,76016.2,76053.0,75966.7,76053.0,6163.0,6.1632,468442.64637,1
1787472300000,76053.0,76250.2,76045.7,76240.0,8951.0,8.951,681503.73905,1
1787472600000,76237.2,76296.7,76200.5,76214.0,5826.0,5.8269,444351.90792,1
1787472900000,76214.0,76310.9,76211.9,76274.7,4029.0,4.0299,307419.19391,1
1787473200000,76270.4,76270.4,76231.5,76250.0,5027.0,5.0274,383317.17143,1
1787473500000,76250.0,76261.9,76230.9,76245.9,1542.0,1.542,117557.58716,1
1787473800000,76245.9,76324.4,76244.7,76324.4,27169.0,27.1699,2072885.03154,1
1787474100000,76312.7,76499.7,76303.4,76452.6,15809.0,15.8097,1208518.26312,1
1787474400000,76449.8,76683.0,76435.0,76529.3,22515.0,22.5158,1723707.43358,1
1787474700000,76524.4,76626.5,76497.1,76497.2,3488.0,3.4886,267070.95594,1
1787475000000,76497.1,76552.8,76473.6,76519.7,4154.0,4.1548,317904.71404,1
1787475300000,76516.4,76529.4,76459.1,76500.0,2678.0,2.6783,204830.39985,1
1787475600000,76493.2,76627.4,76475.4,76586.4,5919.0,5.9196,453291.9077,1
1787475900000,76586.8,76648.7,76576.5,76585.3,10225.0,10.2256,783565.92298,1
1787476200000,76589.1,76608.9,76542.3,76593.8,3078.0,3.0787,235754.86144,1
1787476500000,76586.4,76619.4,76518.0,76541.1,1194.0,1.194,91412.51478,1
1787476800000,76540.1,76550.0,76478.4,76500.1,1454.0,1.4549,111307.3049,1
1787477100000,76500.1,76589.2,76500.1,76555.1,1015.0,1.0152,77722.73627,1
1787477400000,76548.4,76548.4,76479.9,76497.7,3877.0,3.8774,296570.05239,1
1787477700000,76498.1,76547.8,76480.0,76532.2,6015.0,6.0152,460347.94251,1
1787478000000,76539.8,76584.0,76539.8,76568.1,541.0,0.5416,41465.36802,1
1787478300000,76570.0,76608.9,76514.7,76603.4,5818.0,5.8189,445711.02359,1
1787478600000,76603.2,76647.3,76593.0,76602.1,1057.0,1.0572,80998.20614,1
1787478900000,76608.7,76608.7,76543.9,76543.9,701.0,0.7013,53706.76662,1
1787479200000,76542.5,76637.8,76539.3,76619.0,6264.0,6.2641,479828.22111,1
1787479500000,76619.0,76725.0,76619.0,76676.1,6240.0,6.2408,478592.19795,1
1787479800000,76688.8,76699.3,76600.0,76650.8,4303.0,4.3036,329772.38866,1
1787480100000,76661.2,76680.5,76640.5,76660.0,106444.0,106.4446,8159065.52961,1
1787480400000,76657.9,76930.5,76657.9,76809.1,113290.0,113.29,8703612.70195,1
1787480700000,76856.7,76888.2,76744.4,76752.4,1607.0,1.6079,123495.1032,1
1787481000000,76752.5,76918.0,76750.0,76901.3,3741.0,3.7418,287459.1302,1
1787481300000,76922.8,76922.8,76802.9,76832.2,5303.0,5.3037,407545.89229,1
1787481600000,76826.1,76877.6,76803.8,76856.7,2960.0,2.9609,227512.78877,1
1787481900000,76856.7,76877.6,76808.0,76808.0,1637.0,1.6372,125818.26198,1
1787482200000,76810.5,76851.0,76800.0,76815.9,742.0,0.7429,57068.40073,1
1787482500000,76815.9,76815.9,76776.9,76784.4,2217.0,2.2178,170299.74942,1
1787482800000,76799.2,76841.5,76742.6,76742.6,2076.0,2.0761,159431.67275,1
1787483100000,76743.9,76835.3,76743.9,76809.4,2403.0,2.4039,184599.23763,1
1787483400000,76809.3,76885.5,76800.6,76885.5,4491.0,4.4916,345219.99585,1
1787483700000,76885.5,76974.3,76819.5,76971.5,3182.0,3.182,244795.81496,1
1787484000000,76972.1,77319.3,76972.1,77283.9,46705.0,46.7054,3603139.37762,1
1787484300000,77283.6,77300.0,77150.0,77161.2,7792.0,7.7927,601689.66855,1
1787484600000,77161.1,77255.2,77139.9,77192.3,78402.0,78.4023,6052679.17489,1
1787484900000,77194.9,77379.2,77194.9,77379.0,7682.0,7.6827,593844.04791,1
1787485200000,77379.1,77379.1,77257.4,77262.8,4573.0,4.5732,353493.07675,1
1787485500000,77269.8,77289.9,77179.2,77187.3,3473.0,3.4731,268253.16662,1
1787485800000,77187.3,77400.0,77178.4,77343.0,5461.0,5.4613,422141.54485,1
1787486100000,77343.1,77371.0,77282.4,77296.0,120430.0,120.4302,9311286.77723,1
1787486400000,77298.5,77298.5,77175.0,77181.7,4043.0,4.0438,312276.68614,1
1787486700000,77181.7,77196.9,77075.5,77137.5,4710.0,4.7109,363321.56856,1
1787487000000,77137.5,77137.5,77014.0,77082.3,14301.0,14.3014,1101879.13606,1
1787487300000,77075.8,77102.0,77050.0,77092.5,8755.0,8.755,674802.25472,1
1787487600000,77092.4,77130.0,77092.0,77106.0,2696.0,2.6964,207935.48301,1
1787487900000,77106.1,77111.1,77015.9,77035.1,5033.0,5.0332,387919.23729,1
1787488200000,77045.9,77084.2,77045.9,77084.2,1839.0,1.8399,141800.0671,1
1787488500000,77074.0,77126.9,77052.0,77126.9,2720.0,2.7209,209763.29962,1
1787488800000,77126.9,77243.8,77126.9,77228.4,6549.0,6.5491,505563.07166,1
1787489100000,77228.4,77258.8,77188.6,77201.9,4783.0,4.783,369362.91277,1
1787489400000,77201.9,77210.4,77160.0,77160.8,2336.0,2.3369,180372.4086,1
1787489700000,77162.2,77216.1,77162.2,77205.1,1677.0,1.6776,129516.65597,1
1787490000000,77203.0,77220.0,77203.0,77210.0,11799.0,11.7993,911016.35125,1
1787490300000,77210.0,77243.6,77189.8,77241.7,1757.0,1.7571,135672.71385,1
1787490600000,77250.7,77333.3,77250.7,77323.3,19095.0,19.0956,1476346.15162,1
1787490900000,77323.3,77771.6,77323.3,77636.3,43302.0,43.3023,3359160.38805,1
1787491200000,77648.1,77672.6,77404.3,77628.1,46348.0,46.3487,3592488.98633,1
1787491500000,77626.2,77626.2,77427.2,77428.8,7737.0,7.7376,599659.07352,1
1787491800000,77427.5,77480.9,77360.1,77380.1,14911.0,14.9111,1153963.02967,1
1787492100000,77376.3,77579.0,77347.0,77566.3,8053.0,8.0531,623904.66973,1
1787492400000,77572.4,77599.6,77473.5,77507.9,9654.0,9.6543,748527.94319,1
1787492700000,77500.1,77548.8,77404.1,77448.5,5103.0,5.103,395374.86538,1
1787493000000,77451.9,77483.9,77360.0,77483.9,5513.0,5.5139,426842.21824,1
1787493300000,77470.0,77482.3,77431.0,77471.8,6255.0,6.2551,484527.99148,1
1787493600000,77471.8,77596.1,77471.7,77539.0,14172.0,14.1722,1099125.79552,1
1787493900000,77539.0,77546.8,77326.2,77404.9,10428.0,10.4287,807203.95884,1
1787494200000,77411.4,77569.8,77411.4,77538.2,6866.0,6.8664,532314.46068,1
1787494500000,77538.2,77636.3,77460.6,77464.2,6671.0,6.6714,517505.11703,1
1787494800000,77466.0,77492.0,77410.0,77414.9,6073.0,6.0739,470477.30379,1
1787495100000,77422.7,77483.9,77410.0,77431.1,5113.0,5.1136,396166.83722,1
1787495400000,77410.0,77447.7,77400.6,77401.8,4626.0,4.6261,358130.60456,1
1787495700000,77405.0,77473.9,77403.7,77423.4,4440.0,4.4403,343821.37037,1
1787496000000,77423.4,77447.5,76781.7,77005.1,242019.0,242.0191,18624341.91291,1
1787496300000,77020.0,77189.9,77011.0,77185.4,13666.0,13.6663,1053699.60458,1
1787496600000,77189.7,77294.1,77154.4,77254.8,14094.0,14.0947,1088132.41465,1
1787496900000,77246.2,77246.2,77120.1,77154.9,15118.0,15.1184,1166377.50974,1
1787497200000,77196.3,77267.9,77062.9,77248.2,8216.0,8.2165,633784.38798,1
1787497500000,77250.4,77319.0,77213.3,77261.5,14019.0,14.0196,1083388.82189,1
1787497800000,77275.2,77284.6,77150.0,77150.0,1576.0,1.5767,121774.10025,1
1787498100000,77150.0,77150.7,76907.8,77000.0,17068.0,17.0684,1315054.15745,1
1787498400000,77010.7,77209.9,76980.3,77199.6,8246.0,8.2461,635755.64807,1
1787498700000,77199.6,77207.3,77158.8,77178.9,118730.0,118.7304,9165541.50424,1
1787499000000,77187.6,77257.0,77115.5,77145.0,101842.0,101.8424,7861968.72315,1
1787499300000,77147.1,77252.0,77147.1,77252.0,3578.0,3.5789,276354.65,1
1787499600000,77240.7,77292.5,77237.1,77248.2,5103.0,5.1034,394274.6627,1
1787499900000,77244.7,77244.7,77168.0,77168.0,2614.0,2.6146,201820.47669,1
1787500200000,77166.8,77185.5,77150.0,77154.5,4894.0,4.8943,377653.48678,1
1787500500000,77154.6,77185.2,77115.5,77136.1,3571.0,3.5714,275525.27216,1
1787500800000,77136.1,77273.9,77136.0,77235.1,3733.0,3.7333,288199.98305,1
1787501100000,77235.2,77235.2,77188.3,77188.3,1613.0,1.6133,124562.61823,1
1787501400000,77177.6,77257.0,77177.6,77250.7,10314.0,10.3141,796667.70166,1
1787501700000,77250.2,77283.2,77205.1,77205.2,3502.0,3.5023,270561.99054,1
1787502000000,77205.1,77258.6,77191.2,77238.6,34243.0,34.2434,2645122.51473,1
1787502300000,77247.7,77295.7,77237.1,77295.7,103651.0,103.6519,8010802.98572,1
1787502600000,77295.7,77400.0,77286.3,77390.5,11218.0,11.2181,867644.87051,1
1787502900000,77386.4,77396.6,77297.7,77363.1,8580.0,8.5808,663474.40995,1
1787503200000,77363.1,77411.0,77340.0,77360.0,2873.0,2.8737,222372.96868,1
1787503500000,77360.2,77389.8,77326.3,77346.6,3933.0,3.9331,304317.52651,1
1787503800000,77346.7,77436.2,77346.7,77370.3,111346.0,111.3469,8618074.53235,1
1787504100000,77370.3,77434.2,77370.3,77400.1,19345.0,19.3454,1497235.53456,1
1787504400000,77400.1,77420.0,77133.1,77179.1,7721.0,7.7219,596326.50681,1
1787504700000,77184.3,77327.3,77184.3,77311.3,9362.0,9.3623,723410.37175,1
1787505000000,77311.3,77311.3,77248.0,77260.2,1358.0,1.3587,104992.76305,1
1787505300000,77264.5,77344.0,77170.0,77344.0,11841.0,11.8414,914715.37967,1
1787505600000,77344.5,77354.6,77274.9,77285.6,4802.0,4.8024,371344.88547,1
1787505900000,77272.2,77278.3,77212.7,77231.9,2525.0,2.5257,195069.78822,1
1787506200000,77231.9,77239.6,77133.5,77232.8,5643.0,5.6432,435598.8637,1
1787506500000,77233.1,77295.8,77218.1,77223.0,9300.0,9.3,718622.15627,1
1787506800000,77222.9,77245.5,77182.1,77211.5,974.0,0.974,75208.10466,1
1787507100000,77236.5,77299.0,77194.5,77225.0,1648.0,1.6484,127314.4891,1
1787507400000,77225.0,77265.0,77210.9,77235.4,2833.0,2.8331,218864.85691,1
1787507700000,77235.4,77235.4,77163.5,77163.5,5241.0,5.2418,404623.16075,1
1787508000000,77163.6,77182.2,77137.8,77151.1,5569.0,5.5698,429738.29558,1
1787508300000,77151.1,77183.6,77074.8,77183.6,7013.0,7.0132,540798.42571,1
1787508600000,77191.2,77372.8,77191.2,77320.2,6451.0,6.4516,498631.50626,1
1787508900000,77310.1,77372.8,77300.2,77300.2,3318.0,3.3188,256672.02016,1
1787509200000,77300.0,77305.8,77236.0,77292.5,1130.0,1.13,87332.80209,1
1787509500000,77284.4,77366.9,77275.5,77321.3,2537.0,2.5374,196216.02534,1
1787509800000,77321.3,77340.5,77274.0,77294.6,2171.0,2.1718,167862.56149,1
1787510100000,77271.2,77324.2,77271.2,77303.0,4274.0,4.2746,330451.16749,1
1787510400000,77302.9,77338.8,77302.5,77304.8,5288.0,5.2888,408864.78426,1
1787510700000,77310.1,77310.1,77239.9,77276.1,2706.0,2.7067,209152.15719,1
1787511000000,77286.1,77290.8,77238.4,77260.2,834.0,0.8344,64469.96734,1
1787511300000,77265.0,77317.6,77259.8,77317.6,2273.0,2.2732,175655.18505,1
1787511600000,77324.9,77381.9,77295.1,77310.8,3053.0,3.053,236121.81832,1
1787511900000,77310.8,77328.3,77292.0,77292.1,2537.0,2.5378,196204.45201,1
1787512200000,77291.0,77291.0,77221.8,77279.9,2612.0,2.6123,201791.05773,1
1787512500000,77279.9,77349.0,77270.8,77348.9,853.0,0.8532,65974.68283,1
1787512800000,77346.0,77368.8,77344.9,77345.0,1965.0,1.9656,152036.25733,1
1787513100000,77344.9,77344.9,77300.1,77328.9,4333.0,4.3336,335034.86673,1
1787513400000,77328.9,77328.9,77234.1,77311.1,1777.0,1.7779,137410.0828,1
1787513700000,77305.0,77343.2,77301.5,77343.2,1518.0,1.5189,117445.11788,1
1787514000000,77337.4,77419.5,77328.9,77414.7,3198.0,3.1981,247406.6985,1
1787514300000,77404.3,77453.5,77350.4,77360.9,7989.0,7.9899,618344.72252,1
1787514600000,77361.7,77365.1,77345.5,77354.9,2150.0,2.1505,166344.09378,1
1787514900000,77353.7,77353.7,77300.0,77305.0,981.0,0.9815,75893.91638,1
1787515200000,77305.0,77305.0,77167.3,77167.4,6931.0,6.9314,535203.16331,1
1787515500000,77167.4,77234.1,77167.4,77234.0,3732.0,3.7325,288188.07993,1
1787515800000,77234.0,77263.7,77234.0,77249.4,2158.0,2.1582,166723.70543,1
1787516100000,77249.4,77280.8,77242.3,77280.0,1633.0,1.6336,126216.14334,1
1787516400000,77280.8,77352.4,77280.8,77345.5,1678.0,1.6782,129773.66966,1
1787516700000,77349.5,77389.6,77341.5,77353.0,5016.0,5.0161,388084.74954,1
1787517000000,77364.3,77395.8,77348.8,77374.6,76599.0,76.5998,5926282.26665,1
1787517300000,77381.2,77395.1,77374.1,77392.0,661.0,0.6617,51207.1234,1
1787517600000,77395.0,77422.3,77390.1,77391.2,1477.0,1.4771,114320.48117,1
1787517900000,77391.2,77409.4,77360.1,77380.0,2039.0,2.0396,157834.32392,1
1787518200000,77387.7,77408.8,77365.2,77372.0,3684.0,3.6844,285134.68359,1
1787518500000,77372.0,77387.0,77368.9,77376.7,1299.0,1.2994,100546.79366,1
1787518800000,77381.9,77671.2,77381.9,77649.9,37978.0,37.9784,2945421.24431,1
1787519100000,77650.5,77660.0,77587.0,77623.7,14976.0,14.9763,1162638.61725,1
1787519400000,77629.9,77677.0,77589.9,77670.0,12990.0,12.9905,1008302.57838,1
1787519700000,77670.2,77956.4,77670.1,77935.0,52704.0,52.7042,4102078.44911,1
1787520000000,77931.1,77990.0,77881.3,77895.0,21908.0,21.9087,1707530.46263,1
1787520300000,77877.5,78009.9,77860.0,78000.7,15706.0,15.7068,1224503.25791,1
1787520600000,78000.8,78013.7,77920.1,77920.1,22844.0,22.844,1781216.52226,1
1787520900000,77920.1,77920.1,77584.7,77629.8,26337.0,26.3373,2048207.39749,1
1787521200000,77624.1,77648.0,77527.7,77614.1,7661.0,7.6618,594508.59537,1
1787521500000,77614.1,77795.4,77614.1,77753.6,8616.0,8.6161,669388.48076,1
1787521800000,77767.5,77841.6,77739.0,77767.1,17222.0,17.2226,1339842.31257,1
1787522100000,77767.1,77815.7,77717.6,77808.7,15451.0,15.451,1201473.47696,1
1787522400000,77815.8,77945.7,77561.5,77676.2,25505.0,25.505,1982906.01648,1
1787522700000,77656.3,77740.0,77615.0,77700.0,10126.0,10.1262,786653.75978,1
1787523000000,77700.0,77764.5,77619.7,77667.2,5344.0,5.3448,415328.75043,1
1787523300000,77668.7,77746.7,77611.3,77722.3,11200.0,11.2004,869975.62154,1
1787523600000,77722.2,77796.0,77681.4,77748.0,2374.0,2.3743,184561.07523,1
1787523900000,77758.7,77782.1,77640.6,77640.6,4840.0,4.8407,376148.83775,1
1787524200000,77640.6,77705.8,77595.1,77634.0,9760.0,9.7603,757794.20307,1
1787524500000,77645.0,77690.0,77580.0,77670.1,3234.0,3.234,251082.87398,1
1787524800000,77670.3,77673.3,77620.0,77621.8,5147.0,5.1472,399583.21027,1
1787525100000,77621.8,77640.6,77537.3,77640.1,15184.0,15.1849,1178529.33178,1
1787525400000,77640.6,77690.7,77611.9,77613.3,3830.0,3.8303,297396.75192,1
1787525700000,77612.0,77629.5,77549.8,77578.4,4046.0,4.0468,314036.5499,1
1787526000000,77577.9,77590.0,77408.5,77408.5,11617.0,11.617,899818.04737,1
1787526300000,77409.7,77477.6,77260.3,77464.2,18027.0,18.0276,1394832.67451,1
1787526600000,77469.9,77496.2,77352.6,77449.9,5590.0,5.5905,432724.61323,1
1787526900000,77459.7,77609.5,77440.9,77526.3,5550.0,5.5504,430318.40761,1
1787527200000,77520.0,77538.2,77459.5,77469.3,1726.0,1.7269,133853.75062,1
1787527500000,77472.4,77645.5,77427.3,77645.5,4223.0,4.223,327508.67051,1
1787527800000,77647.1,77788.3,77640.6,77657.3,10548.0,10.5487,819832.69608,1
1787528100000,77655.2,77680.5,77467.8,77518.0,9654.0,9.654,748809.70491,1
1787528400000,77518.1,77546.8,77386.8,77449.8,23276.0,23.2761,1803790.94711,1
1787528700000,77449.8,77556.9,77449.8,77530.9,7305.0,7.305,566280.42429,1
1787529000000,77530.9,77625.5,77526.5,77606.4,2634.0,2.6343,204325.87844,1
1787529300000,77601.2,77770.1,77601.2,77719.0,6112.0,6.1121,474868.21157,1
1787529600000,77716.4,77727.3,77600.0,77600.0,7454.0,7.4541,578835.9893,1
1787529900000,77600.0,77685.1,77483.9,77671.2,14367.0,14.3678,1115032.43681,1
1787530200000,77670.4,77692.4,77589.3,77606.3,3789.0,3.7897,294142.10578,1
1787530500000,77609.7,77610.1,77490.0,77515.9,2622.0,2.6226,203333.49265,1
1787530800000,77504.3,77507.0,77439.1,77485.1,3761.0,3.7616,291390.22691,1
1787531100000,77485.1,77485.1,77243.2,77399.7,12103.0,12.1036,935811.05274,1
1787531400000,77400.0,77469.2,77335.5,77457.8,8693.0,8.6931,673072.29696,1
1787531700000,77454.9,77563.1,77378.3,77379.3,4968.0,4.968,384778.24241,1
1787532000000,77396.6,77422.9,77203.0,77217.2,9984.0,9.9847,771352.99066,1
1787532300000,77217.1,77399.9,77132.3,77332.7,20337.0,20.3379,1570694.18679,1
1787532600000,77337.5,77511.0,77337.5,77506.1,7373.0,7.3734,571145.01671,1
1787532900000,77497.2,77663.0,77470.0,77658.4,6472.0,6.4728,502106.91131,1
1787533200000,77663.0,77690.9,77550.7,77628.4,5108.0,5.1083,396474.62208,1
1787533500000,77639.4,77656.7,77427.3,77434.9,19193.0,19.1937,1486912.12221,1
1787533800000,77440.0,77539.7,77427.2,77427.3,1459.0,1.4595,113056.89668,1
1787534100000,77427.4,77452.5,77360.0,77391.1,3546.0,3.5468,274516.82024,1
1787534400000,77369.5,77378.3,77207.0,77220.1,3102.0,3.1027,239895.1147,1
1787534700000,77264.8,77305.3,77225.1,77225.6,3301.0,3.3019,255104.49748,1
1787535000000,77225.1,77355.6,77200.0,77349.9,5519.0,5.5196,426502.42909,1
1787535300000,77356.7,77356.7,77151.6,77230.2,14763.0,14.7632,1139757.85873,1
1787535600000,77235.2,77271.0,77175.1,77199.9,1907.0,1.907,147302.92887,1
1787535900000,77196.1,77250.0,77143.0,77203.9,5819.0,5.8196,449255.80883,1
1787536200000,77203.9,77237.2,77077.0,77177.5,7677.0,7.6777,592150.26583,1
1787536500000,77183.7,77183.7,76893.6,76896.4,24504.0,24.5049,1886393.13452,1
1787536800000,76896.3,77072.3,76858.2,77060.8,15217.0,15.2173,1170704.96861,1
1787537100000,77049.4,77162.3,77046.8,77100.8,10385.0,10.3853,800643.97477,1
1787537400000,77094.1,77396.6,77063.6,77353.5,9170.0,9.1701,708107.9674,1
1787537700000,77351.6,77484.2,77351.6,77484.2,16920.0,16.9205,1309757.31182,1
1787538000000,77484.1,77484.7,77374.5,77444.5,4836.0,4.8365,374449.72325,1
1787538300000,77448.0,77496.1,77379.2,77427.3,6189.0,6.189,479222.82391,1
1787538600000,77427.3,77496.0,77413.8,77486.1,10894.0,10.8942,843993.45562,1
1787538900000,77488.9,77520.2,77380.5,77417.7,5881.0,5.8814,455644.62779,1
1787539200000,77417.5,77482.4,77383.2,77426.4,2770.0,2.7708,214535.67289,1
1787539500000,77425.2,77425.2,77214.3,77335.2,12066.0,12.0662,932886.28588,1
1787539800000,77335.2,77371.8,77261.1,77369.9,3150.0,3.1504,243655.5454,1
1787540100000,77368.2,77502.9,77368.2,77457.6,2566.0,2.5667,198808.86655,1
1787540400000,77461.6,77515.2,77322.3,77342.8,2213.0,2.2132,171295.3621,1
1787540700000,77338.6,77338.6,77240.0,77287.6,4352.0,4.3529,336416.69687,1
1787541000000,77293.1,77310.0,77201.8,77201.8,3715.0,3.7156,286947.6272,1
1787541300000,77200.0,77215.2,77142.9,77177.5,2884.0,2.8843,222614.54761,1
1787541600000,77177.5,77253.4,77133.0,77208.6,3124.0,3.1244,241208.9609,1
1787541900000,77215.1,77258.2,77120.0,77120.0,1194.0,1.194,92144.45374,1
1787542200000,77122.0,77137.3,77019.4,77108.6,4903.0,4.9033,377918.70233,1
1787542500000,77104.9,77114.7,76990.0,77042.6,7430.0,7.43,572754.34846,1
1787542800000,77032.9,77032.9,76955.0,76973.9,2253.0,2.2531,173472.66098,1
1787543100000,76974.0,77048.6,76974.0,77017.8,3634.0,3.6345,279944.35977,1
1787543400000,77017.9,77149.9,76942.0,76988.5,4944.0,4.9447,381026.6718,1
1787543700000,76974.5,76987.2,76917.3,76925.3,1525.0,1.5259,117408.66792,1
1787544000000,76926.1,77048.0,76926.1,77045.0,1751.0,1.7512,134866.01565,1
1787544300000,77049.6,77092.9,77000.1,77000.1,8649.0,8.6491,666363.24443,1
1787544600000,77000.0,77036.6,76992.9,77025.0,1234.0,1.2347,95091.45177,1
1787544900000,77028.7,77220.0,77028.7,77165.6,4674.0,4.6746,360622.21354,1
1787545200000,77165.6,77249.0,77160.1,77164.1,2624.0,2.6244,202591.29986,1
1787545500000,77159.7,77222.7,77159.7,77216.2,9832.0,9.8328,759106.424,1
1787545800000,77219.9,77229.1,77171.2,77204.3,1843.0,1.8437,142343.64528,1
1787546100000,77205.2,77208.1,77126.9,77155.5,13366.0,13.366,1031433.70564,1
1787546400000,77146.2,77188.3,77064.5,77106.4,1660.0,1.6608,128038.12379,1
1787546700000,77106.4,77130.5,76946.8,76947.6,3140.0,3.14,241810.74892,1
1787547000000,76946.8,76946.8,76666.6,76818.4,38755.0,38.7551,2975119.15949,1
1787547300000,76826.0,76889.6,76759.9,76889.6,6099.0,6.0997,468652.03494,1
1787547600000,76889.8,76953.4,76829.9,76953.2,9081.0,9.0813,698294.62626,1
1787547900000,76942.4,77043.3,76878.8,77032.9,1251.0,1.2518,96353.56357,1
1787548200000,77030.5,77209.9,76990.0,77209.6,7275.0,7.275,560794.60523,1
1787548500000,77210.0,77211.6,77046.8,77046.8,4160.0,4.1604,320847.91383,1
1787548800000,77049.1,77108.4,76943.4,77087.6,2578.0,2.5785,198608.08903,1
1787549100000,77059.5,77112.3,77034.9,77047.4,2736.0,2.7363,210891.95947,1
1787549400000,77034.9,77034.9,76898.8,76959.9,3598.0,3.5987,276893.50835,1
1787549700000,76956.3,77085.4,76840.7,77029.6,5497.0,5.497,422969.00953,1
1787550000000,77008.6,77172.7,77008.6,77079.9,3633.0,3.6335,280222.53311,1
1787550300000,77079.9,77113.2,77055.0,77055.0,2714.0,2.7142,209278.43375,1
1787550600000,77046.8,77120.0,76989.8,77113.7,3245.0,3.245,250031.81244,1
1787550900000,77113.8,77166.4,77075.8,77139.3,1226.0,1.226,94537.34025,1
1787551200000,77132.1,77170.6,77057.6,77088.0,823.0,0.8235,63502.59199,1
1787551500000,77078.4,77202.4,77059.0,77191.6,4990.0,4.9906,384963.60564,1
1787551800000,77171.0,77424.2,77154.6,77400.1,14977.0,14.9771,1158185.38887,1
1787552100000,77378.5,77445.4,77339.8,77361.0,4505.0,4.5055,348639.64903,1
1787552400000,77357.4,77378.1,77300.0,77378.1,6165.0,6.1657,476778.39815,1
1787552700000,77378.1,77396.5,77350.0,77350.1,4161.0,4.1619,321985.96098,1
1787553000000,77340.1,77365.0,77258.6,77261.9,2028.0,2.0281,156739.15388,1
1787553300000,77257.9,77293.9,77241.4,77241.4,2806.0,2.8063,216774.41717,1
1787553600000,77240.0,77335.2,77227.0,77335.2,850.0,0.85,65678.78579,1
1787553900000,77331.2,77513.5,77326.3,77495.0,6038.0,6.0384,467748.00155,1
1787554200000,77495.0,77505.0,77403.9,77445.0,6136.0,6.1368,475237.95615,1
1787554500000,77439.3,77480.0,77431.6,77442.3,872.0,0.8725,67583.84926,1
1787554800000,77448.7,77508.0,77442.3,77484.7,1860.0,1.8608,144147.39307,1
1787555100000,77490.7,77550.5,77480.8,77536.5,35797.0,35.7975,2774249.70736,1
1787555400000,77543.8,77788.3,77543.8,77738.8,33338.0,33.3385,2591009.84523,1
1787555700000,77738.9,77738.9,77579.9,77647.2,4999.0,4.9999,388314.09471,1
1787556000000,77626.1,77653.3,77569.5,77639.1,3816.0,3.816,296141.55899,1
1787556300000,77647.2,77674.3,77533.4,77574.5,1911.0,1.9116,148332.6848,1
1787556600000,77583.5,77583.5,77470.6,77470.7,7287.0,7.287,564702.95828,1
1787556900000,77470.7,77493.2,77427.2,77455.4,2504.0,2.5042,193971.33038,1
1787557200000,77455.3,77455.4,77335.7,77335.7,1899.0,1.8998,147050.49681,1
1787557500000,77337.0,77420.0,77327.4,77369.9,3020.0,3.0204,233707.90173,1
1787557800000,77369.9,77400.0,77280.2,77344.6,2401.0,2.4013,185662.2937,1
1787558100000,77353.2,77353.2,77288.1,77298.8,1910.0,1.9103,147657.22454,1
1787558400000,77314.9,77336.7,77210.5,77244.2,7590.0,7.5907,586532.15074,1
1787558700000,77253.5,77383.9,77253.5,77332.3,2981.0,2.9819,230635.33781,1
1787559000000,77333.1,77333.1,77227.1,77241.1,4036.0,4.036,311896.25451,1
1787559300000,77233.1,77233.1,77063.0,77128.9,11547.0,11.5478,890565.34969,1
1787559600000,77117.1,77145.9,76931.0,76931.0,7954.0,7.9545,612720.52028,1
1787559900000,76931.0,76952.6,76819.9,76909.5,8431.0,8.4312,648244.59479,1
1787560200000,76909.5,77053.9,76900.1,77013.9,6248.0,6.2488,480992.69458,1
1787560500000,77013.9,77098.1,77001.9,77093.2,4810.0,4.8104,370708.29543,1
1787560800000,77090.0,77108.3,77050.0,77105.8,1950.0,1.9503,150320.77078,1
1787561100000,77110.9,77132.5,77069.1,77131.6,3441.0,3.4414,265350.10648,1
1787561400000,77119.0,77124.7,77043.1,77050.0,9451.0,9.4514,728584.21027,1
1787561700000,77054.0,77060.0,77000.0,77032.9,5842.0,5.8425,449926.47654,1
1787562000000,77012.8,77177.6,77012.8,77157.7,5671.0,5.6713,437116.12159,1
1787562300000,77157.8,77250.0,77157.8,77241.7,18981.0,18.9819,1465200.3028,1
1787562600000,77241.5,77280.9,77191.6,77271.7,6183.0,6.1831,477365.31498,1
1787562900000,77271.6,77370.1,77233.3,77291.5,11137.0,11.1372,861167.97982,1
1787563200000,77296.0,77331.8,77256.8,77260.1,2646.0,2.6467,204520.29327,1
1787563500000,77254.1,77409.9,77204.8,77409.9,3085.0,3.085,238608.31865,1
1787563800000,77409.9,77469.3,77386.4,77422.8,5037.0,5.0374,389984.30853,1
1787564100000,77422.8,77485.0,77407.0,77485.0,2813.0,2.8131,217822.96437,1
1787564400000,77485.0,77491.8,77440.1,77460.0,3610.0,3.6101,279632.64767,1
1787564700000,77460.0,77524.9,77435.7,77502.4,6033.0,6.0336,467563.49732,1
1787565000000,77502.4,77577.1,77490.0,77571.9,9226.0,9.2269,715290.46533,1
1787565300000,77575.9,77581.0,77517.9,77546.2,5851.0,5.8519,453837.0122,1
1787565600000,77546.2,77687.8,77525.5,77634.0,12734.0,12.7344,988359.28507,1
1787565900000,77656.7,77795.4,77533.8,77680.0,9755.0,9.7551,757889.28461,1
1787566200000,77684.1,77869.1,77676.9,77837.1,18474.0,18.474,1437015.33905,1
1787566500000,77830.4,77920.0,77753.0,77920.0,7068.0,7.0683,550377.82612,1
1787566800000,77920.0,77933.0,77773.8,77856.0,3843.0,3.8438,299228.5079,1
1787567100000,77846.6,77925.0,77824.4,77833.9,6630.0,6.63,516403.12602,1
1787567400000,77845.1,78011.0,77845.0,77968.8,21343.0,21.343,1663998.37711,1
1787567700000,77965.0,77985.0,77827.7,77836.6,9106.0,9.1068,709516.00618,1
1787568000000,77839.9,77843.7,77704.0,77720.0,5036.0,5.0367,391626.30889,1
1787568300000,77719.9,77819.6,77719.9,77800.2,3412.0,3.4121,265433.71767,1
1787568600000,77800.2,77813.4,77588.0,77623.0,7154.0,7.1548,555438.34045,1
1787568900000,77623.1,77623.1,77539.5,77610.5,2982.0,2.9826,231402.35887,1
1787569200000,77619.8,77625.0,77450.1,77578.9,5997.0,5.9979,464960.87361,1
1787569500000,77588.8,77692.4,77551.6,77680.1,14241.0,14.2412,1105852.64552,1
1787569800000,77680.1,77846.3,77680.1,77810.1,9576.0,9.5762,744638.62301,1
1787570100000,77803.4,77856.5,77713.7,77850.2,7140.0,7.1407,555489.38599,1
1787570400000,77850.0,77870.2,77761.5,77804.8,8778.0,8.7785,683175.10379,1
1787570700000,77816.7,77873.9,77796.8,77820.9,2423.0,2.4239,188634.52466,1
1787571000000,77817.2,78144.0,77801.5,78141.6,20570.0,20.5709,1604985.26268,1
1787571300000,78124.8,78441.9,78124.8,78322.0,102836.0,102.8367,8059309.36419,1
1787571600000,78339.9,78564.4,78275.0,78557.6,50489.0,50.4896,3963033.88737,1
1787571900000,78557.7,78589.3,78159.0,78188.5,22510.0,22.5109,1764217.49229,1
1787572200000,78177.9,78214.5,78083.1,78122.3,20611.0,20.6118,1611010.70369,1
1787572500000,78140.8,78434.9,78122.3,78434.4,12583.0,12.5834,984794.79621,1
1787572800000,78429.3,78429.3,78205.0,78205.1,8349.0,8.3498,653505.33632,1
1787573100000,78205.0,78205.0,78100.1,78184.8,2858.0,2.8581,223357.67415,1
1787573400000,78184.8,78228.6,78090.7,78127.1,7885.0,7.885,616250.38124,1
1787573700000,78127.1,78240.8,77952.1,78236.7,14850.0,14.8506,1159519.84775,1
1787574000000,78209.5,78417.3,78196.0,78400.1,11463.0,11.4634,897727.79831,1
1787574300000,78396.2,78488.8,78371.0,78436.4,15592.0,15.5925,1223173.46381,1
1787574600000,78427.2,78725.0,78360.7,78521.6,44491.0,44.4917,3495887.14034,1
1787574900000,78517.6,78710.1,78460.7,78670.6,15802.0,15.802,1242086.24602,1
1787575200000,78670.6,78870.7,78580.1,78711.3,31442.0,31.4421,2476297.39893,1
1787575500000,78711.3,78977.0,78699.0,78960.0,24167.0,24.1676,1906593.83887,1
1787575800000,78960.1,79266.0,78900.0,79132.5,79897.0,79.8978,6321239.20037,1
1787576100000,79130.0,79304.0,79059.7,79136.2,43159.0,43.1598,3417397.84295,1
1787576400000,79136.2,79162.0,78938.9,78991.8,50966.0,50.9668,4029044.173,1
1787576700000,78992.0,79222.0,78986.8,79222.0,19148.0,19.1489,1514111.51491,1
1787577000000,79221.9,79400.0,79128.2,79199.9,61001.0,61.0012,4835193.00881,1
1787577300000,79204.3,79220.0,78855.0,79012.5,983799.0,983.7994,77817667.10584,1
1787577600000,78998.1,79053.2,78885.7,78970.0,12747.0,12.7472,1006644.32248,1
1787577900000,78924.7,79057.4,78888.1,78987.0,6985.0,6.9855,551734.70675,1
1787578200000,78987.0,79007.8,78536.3,78758.0,32308.0,32.308,2544887.82192,1
1787578500000,78784.1,78898.9,78546.0,78595.4,34455.0,34.4553,2710720.11435,1
1787578800000,78578.0,78586.2,78177.7,78268.9,47507.0,47.5075,3723834.27399,1
1787579100000,78253.4,78351.2,77840.6,78270.8,259018.0,259.0187,20201714.29251,1
1787579400000,78259.0,78415.0,78050.0,78337.2,629040.0,629.0401,49272378.14338,1
1787579700000,78354.9,78590.0,78288.0,78561.9,43415.0,43.4151,3406271.39263,1
1787580000000,78565.2,78842.0,78556.8,78688.6,43284.0,43.2842,3408225.85584,1
1787580300000,78687.4,78948.0,78674.4,78932.1,30313.0,30.3138,2388922.28719,1
1787580600000,78932.1,79213.2,78912.1,79173.7,37799.0,37.799,2989174.86002,1
1787580900000,79173.6,79320.3,79038.5,79114.5,629211.0,629.2111,49792189.76153,1
1787581200000,79114.2,79635.9,78853.2,78916.9,1078876.0,1078.8765,85467253.58853,1
1787581500000,78921.6,79394.2,78916.5,79354.1,89148.0,89.1487,7049981.23709,1
1787581800000,79356.4,79746.3,79300.0,79601.6,529996.0,529.9963,42181289.29987,1
1787582100000,79604.6,79776.9,79558.2,79632.4,39435.0,39.4356,3141555.82791,1
1787582400000,79632.3,79811.2,79451.5,79630.0,61164.0,61.1649,4873393.54607,1
1787582700000,79630.1,79744.7,79482.6,79550.8,26454.0,26.454,2105885.92942,1
1787583000000,79551.5,79562.1,79255.4,79266.1,44863.0,44.8632,3561132.82358,1
1787583300000,79265.7,79517.1,79243.0,79481.1,16434.0,16.4347,1305482.90985,1
1787583600000,79488.0,79630.8,79329.6,79467.2,26960.0,26.9608,2143480.87426,1
1787583900000,79476.1,79691.0,79394.2,79564.8,24192.0,24.1923,1924928.40396,1
1787584200000,79542.5,79666.6,79493.1,79519.3,13969.0,13.9694,1111823.1175,1
1787584500000,79519.3,79780.1,79500.1,79730.3,15914.0,15.9144,1267578.76901,1
1787584800000,79726.1,79890.8,79660.3,79873.4,50072.0,50.0724,3995912.55092,1
1787585100000,79873.0,79962.0,79695.9,79862.6,38892.0,38.8923,3106487.11985,1
1787585400000,79851.4,79962.6,79719.2,79769.2,20248.0,20.248,1617072.77454,1
1787585700000,79769.1,79877.8,79333.5,79516.8,231842.0,231.8424,18418048.10003,1
1787586000000,79519.0,79615.4,78976.5,79266.3,38633.0,38.6338,3062858.06225,1
1787586300000,79250.9,79519.2,79057.7,79237.0,78315.0,78.3156,6218415.74429,1
1787586600000,79252.7,79312.1,79101.6,79140.5,32229.0,32.2297,2552551.32018,1
1787586900000,79128.2,79128.9,78804.9,79053.0,47271.0,47.2716,3731424.71103,1
1787587200000,79053.2,79307.7,79053.2,79259.8,33342.0,33.3426,2640724.13028,1
1787587500000,79245.3,79490.0,79243.7,79302.1,43608.0,43.6083,3462072.4045,1
1787587800000,79321.7,79448.6,79261.4,79448.6,29196.0,29.1969,2317489.8216,1
1787588100000,79444.5,79830.8,79444.5,79817.0,32076.0,32.0766,2556410.19363,1
1787588400000,79791.2,79820.8,79652.4,79711.2,24470.0,24.4708,1951197.79998,1
1787588700000,79711.9,79722.0,79602.7,79632.1,9331.0,9.3311,743498.45169,1
1787589000000,79629.5,79711.4,79600.1,79644.7,20569.0,20.5697,1638126.49626,1
1787589300000,79644.8,79739.3,79600.1,79600.1,18866.0,18.8661,1502457.21987,1
1787589600000,79600.0,79600.0,79337.8,79339.2,35767.0,35.7677,2840487.35771,1
1787589900000,79337.9,79366.9,79233.6,79267.2,14950.0,14.9502,1185624.8664,1
1787590200000,79299.5,79311.3,78864.1,78906.6,34573.0,34.5735,2733565.81209,1
1787590500000,78900.0,79131.8,78885.1,79022.0,20752.0,20.7523,1640095.70498,1
1787590800000,79030.3,79030.3,78561.2,78814.3,84473.0,84.4736,6650212.70418,1
1787591100000,78814.3,79155.3,78808.8,79139.2,346280.0,346.2809,27346229.26292,1
1787591400000,79143.4,79161.0,79056.8,79071.8,26060.0,26.0604,2061584.00272,1
1787591700000,79055.2,79142.7,78738.0,78955.3,55117.0,55.1171,4352108.91775,1
1787592000000,78952.2,78952.2,78464.1,78562.1,60922.0,60.9225,4790284.93965,1
1787592300000,78551.0,78764.0,78432.6,78504.9,506195.0,506.1952,39778544.91492,1
1787592600000,78505.1,78628.3,78444.7,78522.9,49820.0,49.8208,3912426.38486,1
1787592900000,78522.9,78799.5,78509.5,78760.1,24706.0,24.7063,1943553.50927,1
1787593200000,78763.8,78818.8,78603.0,78603.0,10896.0,10.8968,857686.39959,1
1787593500000,78603.1,78736.5,78528.5,78692.8,11994.0,11.9941,943263.59949,1
1787593800000,78696.0,78788.2,78640.0,78647.8,6363.0,6.363,500846.06459,1
1787594100000,78665.3,78747.6,78557.6,78720.0,10051.0,10.0513,790277.42772,1
1787594400000,78730.8,78880.7,78720.4,78862.7,21225.0,21.2257,1673200.23518,1
1787594700000,78859.9,78974.8,78715.9,78779.5,16973.0,16.973,1338640.44347,1
1787595000000,78800.0,78979.0,78800.0,78973.0,8890.0,8.8907,701837.56302,1
1787595300000,78973.0,79014.5,78913.5,78955.5,9357.0,9.3573,738989.78003,1
1787595600000,78940.5,79035.9,78900.0,78928.7,10296.0,10.2969,813331.51873,1
1787595900000,78928.7,79024.9,78916.0,78964.0,4027.0,4.0273,318152.42121,1
1787596200000,78978.3,79033.0,78900.2,78900.2,6357.0,6.357,502165.02358,1
1787596500000,78900.7,78950.9,78686.3,78819.2,20203.0,20.2035,1592535.59629,1
1787596800000,78819.4,78928.7,78816.8,78928.6,11766.0,11.7661,928325.67674,1
1787597100000,78928.5,79024.0,78922.0,79015.0,8941.0,8.941,706212.27747,1
1787597400000,79012.1,79049.8,78839.6,78932.5,13393.0,13.3934,1057274.20736,1
1787597700000,78932.9,78950.0,78820.0,78899.9,2544.0,2.5448,200725.81253,1
1787598000000,78912.0,79000.0,78860.0,78860.0,3034.0,3.0346,239536.34828,1
1787598300000,78860.0,78982.8,78745.7,78865.3,6511.0,6.511,513237.50808,1
1787598600000,78856.1,79081.0,78851.2,78990.3,11489.0,11.4895,907978.87124,1
1787598900000,78981.0,78996.1,78648.7,78686.8,11147.0,11.1478,878418.48008,1
1787599200000,78686.6,78762.3,78570.8,78703.5,9452.0,9.4524,743646.90352,1
1787599500000,78710.3,78840.0,78710.3,78834.9,4700.0,4.7005,370312.08679,1
1787599800000,78839.9,78878.6,78791.5,78859.3,5822.0,5.8228,459182.33706,1
1787600100000,78862.2,78915.6,78830.7,78851.8,2557.0,2.5579,201745.11363,1
1787600400000,78851.8,78872.4,78714.9,78838.1,5927.0,5.9272,466967.94111,1
1787600700000,78843.9,78848.3,78712.6,78771.3,4109.0,4.1099,323665.35395,1
1787601000000,78777.4,78784.2,78559.5,78709.8,21131.0,21.1313,1661015.91893,1
1787601300000,78708.2,78732.5,78669.5,78723.4,2261.0,2.2614,177977.45768,1
1787601600000,78735.3,78784.5,78520.3,78526.0,9170.0,9.17,720880.57652,1
1787601900000,78537.8,78756.9,78537.0,78756.9,10138.0,10.1389,797060.02495,1
1787602200000,78761.5,78766.6,78581.5,78650.7,4207.0,4.2072,330944.64584,1
1787602500000,78648.1,78695.9,78580.2,78695.9,5068.0,5.068,398715.93487,1
1787602800000,78700.0,78750.0,78654.5,78679.9,9765.0,9.7655,768698.69662,1
1787603100000,78679.0,78683.2,78588.6,78663.5,3845.0,3.8455,302358.51488,1
1787603400000,78665.7,78768.4,78607.1,78763.8,4881.0,4.8813,384233.58829,1
1787603700000,78763.8,78961.2,78751.9,78937.1,15873.0,15.8736,1251742.76889,1
1787604000000,78937.1,78945.4,78862.7,78873.6,8575.0,8.5757,676693.82115,1
1787604300000,78858.1,78888.0,78824.3,78827.7,1971.0,1.9716,155497.99964,1
1787604600000,78827.7,78835.0,78794.1,78834.4,4384.0,4.3846,345610.12095,1
1787604900000,78836.9,78906.6,78836.3,78893.2,10887.0,10.8874,858651.05108,1
1787605200000,78893.2,78982.1,78893.2,78975.0,10955.0,10.9556,865036.69962,1
1787605500000,78975.0,78978.4,78935.5,78940.4,2963.0,2.963,233963.68096,1
1787605800000,78940.4,79010.0,78940.4,78994.5,13611.0,13.6119,1075248.17107,1
1787606100000,78995.0,78999.9,78820.5,78820.5,13690.0,13.69,1079927.25962,1
1787606400000,78815.1,78918.9,78812.4,78915.4,3589.0,3.589,283015.93959,1
1787606700000,78912.4,78917.6,78869.2,78890.8,43356.0,43.3569,3420354.50051,1
1787607000000,78893.9,78971.8,78880.4,78908.0,15414.0,15.4147,1216544.45924,1
1787607300000,78907.9,78944.7,78895.0,78944.7,4489.0,4.4895,354299.6189,1
1787607600000,78950.8,78988.0,78936.9,78950.0,4390.0,4.3901,346675.05665,1
1787607900000,78949.9,79008.7,78925.7,79008.6,6766.0,6.7665,534466.78288,1
1787608200000,79008.6,79008.6,78885.9,78901.7,7332.0,7.3329,578593.04163,1
1787608500000,78901.6,78952.9,78901.5,78944.3,6420.0,6.4203,506756.00615,1
1787608800000,78944.3,78952.2,78807.7,78861.4,10669.0,10.6699,841473.0965,1
1787609100000,78867.0,78942.4,78861.4,78881.7,5168.0,5.1687,407791.17671,1
1787609400000,78863.6,78873.4,78790.0,78835.0,13667.0,13.6678,1077346.51439,1
1787609700000,78826.1,78895.9,78815.9,78826.0,3051.0,3.051,240597.57761,1
1787610000000,78815.1,78854.4,78787.8,78810.8,6492.0,6.4927,511767.29042,1
1787610300000,78806.8,78806.8,78726.0,78743.7,5358.0,5.3582,421985.63179,1
1787610600000,78743.7,78866.3,78712.7,78837.8,3067.0,3.0674,241700.26755,1
1787610900000,78839.0,78883.8,78816.4,78821.1,10338.0,10.3383,815281.0008,1
1787611200000,78818.0,78818.0,78714.2,78720.7,1570.0,1.5701,123650.1082,1
1787611500000,78720.7,78779.1,78715.8,78770.4,5754.0,5.754,453128.25312,1
1787611800000,78776.2,78805.0,78725.2,78769.3,7058.0,7.0586,556147.5269,1
1787612100000,78762.6,78762.6,78667.3,78703.8,5878.0,5.8784,462635.50357,1
1787612400000,78703.9,78724.6,78581.2,78700.0,6288.0,6.2881,494673.00192,1
1787612700000,78699.7,78777.3,78677.9,78749.4,3176.0,3.176,250115.01925,1
1787613000000,78749.3,78780.5,78687.0,78709.2,2671.0,2.6715,210366.93267,1
1787613300000,78709.2,78759.7,78705.3,78738.8,3013.0,3.013,237233.04444,1
1787613600000,78741.6,78916.7,78741.6,78894.8,7397.0,7.3975,583158.4578,1
1787613900000,78894.9,78941.9,78859.8,78859.8,2575.0,2.5759,203264.77575,1
1787614200000,78859.9,78941.4,78829.8,78841.6,1571.0,1.5716,123952.6979,1
1787614500000,78850.1,78911.9,78828.5,78911.9,2337.0,2.3379,184423.96561,1
1787614800000,78907.9,78943.3,78892.6,78928.1,1313.0,1.3136,103662.71477,1
1787615100000,78928.1,78964.2,78846.3,78875.3,4262.0,4.2624,336452.59094,1
1787615400000,78857.9,78876.7,78806.2,78814.5,1339.0,1.3399,105642.1555,1
1787615700000,78814.4,78953.0,78792.3,78952.9,2659.0,2.659,209777.66637,1
1787616000000,78952.8,78960.0,78900.0,78906.0,3246.0,3.2469,256258.2121,1
1787616300000,78905.9,79031.5,78861.0,78889.2,14033.0,14.0332,1108368.91251,1
1787616600000,78904.8,78999.9,78888.9,78925.8,4821.0,4.8216,380582.82486,1
1787616900000,78920.2,78920.2,78675.7,78749.6,7161.0,7.1611,564155.70843,1
1787617200000,78749.5,78820.6,78712.1,78760.4,4607.0,4.6078,363005.36293,1
1787617500000,78766.1,78828.6,78713.0,78758.8,2481.0,2.4817,195478.80805,1
1787617800000,78751.5,78791.8,78708.4,78743.5,7106.0,7.1068,559893.4555,1
1787618100000,78745.3,78974.9,78745.3,78930.4,5506.0,5.5066,434219.9012,1
1787618400000,78922.6,79330.6,78875.7,79330.6,92316.0,92.316,7317205.13007,1
1787618700000,79330.5,79729.0,79303.1,79538.5,71490.0,71.4907,5685098.63587,1
1787619000000,79550.2,79810.0,79450.1,79810.0,22838.0,22.8384,1819857.6518,1
1787619300000,79821.5,79858.0,79682.3,79695.3,29967.0,29.9678,2391160.89909,1
1787619600000,79703.2,79952.1,79664.7,79905.8,30082.0,30.082,2402010.54308,1
1787619900000,79905.9,79917.1,79712.1,79778.4,12315.0,12.3156,983025.23909,1
1787620200000,79750.1,79750.1,79580.3,79621.0,11808.0,11.8087,940526.76111,1
1787620500000,79619.8,79750.1,79457.5,79706.6,14008.0,14.008,1115092.62586,1
1787620800000,79717.3,79795.8,79620.0,79719.6,9855.0,9.8557,785587.7242,1
1787621100000,79719.4,79937.8,79709.9,79790.4,12532.0,12.5323,1000444.84786,1
1787621400000,79790.4,79825.5,79634.5,79686.8,11749.0,11.7497,936608.77555,1
1787621700000,79683.6,79837.8,79653.2,79790.8,9849.0,9.8496,785721.56625,1
1787622000000,79803.0,79892.0,79660.9,79670.4,7207.0,7.2072,574886.41203,1
1787622300000,79678.1,79741.2,79630.1,79684.8,10297.0,10.2978,820299.06597,1
1787622600000,79684.8,79684.8,79490.1,79583.3,10065.0,10.0657,801133.70579,1
1787622900000,79578.5,79822.3,79578.5,79801.3,10084.0,10.0847,803804.87164,1
1787623200000,79812.1,79897.3,79711.6,79766.6,8282.0,8.2821,661062.77285,1
1787623500000,79765.9,79818.4,79719.6,79766.3,6907.0,6.9072,550853.2021,1
1787623800000,79774.8,79890.2,79774.8,79845.0,6796.0,6.7961,542576.73051,1
1787624100000,79833.3,81163.1,79799.6,80832.6,217174.0,217.174,17509939.73277,1
1787624400000,80832.3,81067.6,80581.0,80762.0,76305.0,76.3053,6163618.47231,1
1787624700000,80760.0,81008.4,80714.6,80997.5,40014.0,40.0145,3236081.3448,1
1787625000000,80961.3,80984.8,80784.3,80845.4,34233.0,34.2336,2768938.03873,1
1787625300000,80836.9,80978.9,80752.0,80933.0,16669.0,16.6694,1347641.16696,1
1787625600000,80933.0,81260.0,80800.0,80801.3,79658.0,79.6587,6457622.37995,1
1787625900000,80801.3,80829.0,80617.5,80617.5,64898.0,64.8986,5235275.81689,1
1787626200000,80617.6,80692.8,80408.7,80611.9,35805.0,35.8055,2883405.60569,1
1787626500000,80612.8,80692.8,80577.6,80630.4,7201.0,7.2019,580867.30893,1
1787626800000,80638.7,80828.1,80580.0,80810.8,10297.0,10.2976,831359.57158,1
1787627100000,80817.8,80927.5,80798.3,80834.7,67259.0,67.2592,5436416.25163,1
1787627400000,80836.9,80893.3,80740.1,80770.4,6879.0,6.8799,555927.13408,1
1787627700000,80755.6,80777.9,80641.1,80719.7,15699.0,15.6992,1266986.22417,1
1787628000000,80726.3,80777.0,80585.9,80629.6,9159.0,9.1593,739090.92731,1
1787628300000,80629.5,80635.9,80500.0,80588.2,7719.0,7.7194,622036.53698,1
1787628600000,80611.5,80806.7,80579.5,80725.0,4414.0,4.414,356292.12304,1
1787628900000,80725.0,80857.5,80680.0,80779.7,12831.0,12.8311,1036659.7515,1
1787629200000,80794.0,80794.1,80514.8,80564.4,13224.0,13.2242,1066893.69872,1
1787629500000,80559.9,80653.0,80346.1,80444.5,30936.0,30.9361,2490011.51733,1
1787629800000,80449.9,80633.7,80449.9,80532.5,15161.0,15.1617,1221098.29918,1
1787630100000,80532.6,80532.6,80292.6,80467.0,17439.0,17.4391,1402174.14219,1
1787630400000,80466.9,80584.9,80351.1,80353.5,18361.0,18.3619,1477949.58874,1
1787630700000,80353.6,80436.8,80233.2,80408.7,11833.0,11.8333,950690.52716,1
1787631000000,80408.7,80530.0,80349.4,80471.7,9209.0,9.2095,740871.01226,1
1787631300000,80475.3,80476.0,80268.9,80287.4,12219.0,12.2193,981910.58317,1
1787631600000,80296.3,80391.3,80246.3,80390.3,5393.0,5.3935,433164.65589,1
1787631900000,80399.9,80405.0,80217.7,80237.0,11305.0,11.3056,907826.77326,1
1787632200000,80237.0,80348.7,80129.7,80286.7,14093.0,14.0937,1130940.5283,1
1787632500000,80278.1,80370.0,80270.0,80319.9,12240.0,12.2402,983225.55112,1
1787632800000,80311.7,80322.0,80200.1,80211.6,5571.0,5.5718,447010.09191,1
1787633100000,80217.1,80326.5,80214.4,80275.1,1656.0,1.6562,132926.64468,1
1787633400000,80289.9,80321.7,80221.0,80221.0,3431.0,3.4311,275499.13742,1
1787633700000,80221.0,80349.9,80200.1,80348.8,9261.0,9.2616,743262.20602,1
1787634000000,80348.9,80456.8,80302.0,80445.9,12822.0,12.8228,1031123.43261,1
1787634300000,80446.0,80540.0,80431.6,80536.6,15033.0,15.0335,1210266.46478,1
1787634600000,80539.9,80553.7,80494.0,80536.1,6175.0,6.1753,497229.5498,1
1787634900000,80513.0,80569.2,80459.1,80529.9,4675.0,4.6753,376449.65792,1
1787635200000,80518.9,80559.6,80474.8,80544.0,2111.0,2.1118,170058.3212,1
1787635500000,80544.0,80726.3,80543.9,80621.8,11272.0,11.272,908880.94911,1
1787635800000,80631.1,80789.9,80575.9,80788.6,47264.0,47.2645,3815998.66305,1
1787636100000,80790.0,80795.8,80727.3,80750.6,15911.0,15.9113,1285141.9802,1
1787636400000,80753.4,80774.1,80680.0,80682.6,8763.0,8.7635,707515.87658,1
1787636700000,80682.6,80733.2,80624.2,80720.4,20489.0,20.4897,1653839.51133,1
1787637000000,80729.9,80774.1,80633.6,80641.1,6003.0,6.0038,484551.91217,1
1787637300000,80647.3,80757.9,80644.0,80709.8,7731.0,7.7315,624129.49629,1
1787637600000,80709.8,80759.8,80671.1,80704.2,5870.0,5.8706,473731.00805,1
1787637900000,80700.2,80755.1,80660.0,80747.7,9781.0,9.7813,789515.90539,1
1787638200000,80749.9,80838.0,80700.0,80812.8,7699.0,7.6997,622024.67216,1
1787638500000,80813.7,80848.3,80743.5,80792.8,11033.0,11.0338,891540.65931,1
1787638800000,80799.9,80900.6,80743.3,80758.7,20318.0,20.3185,1642117.23065,1
1787639100000,80740.9,80852.4,80720.7,80731.2,15346.0,15.3468,1239450.48641,1
1787639400000,80730.5,80730.5,80590.1,80694.3,16356.0,16.3568,1319374.88472,1
1787639700000,80686.5,80686.5,80510.6,80535.5,17448.0,17.4488,1405493.84962,1
1787640000000,80535.5,80560.0,80483.5,80509.3,9939.0,9.9391,800175.1044,1
1787640300000,80509.4,80548.5,80488.0,80512.9,7173.0,7.1736,577573.81671,1
1787640600000,80517.7,80526.0,80440.7,80458.7,8054.0,8.0541,648093.81051,1
1787640900000,80458.6,80549.0,80386.4,80548.9,11075.0,11.0751,890895.50839,1
1787641200000,80549.0,80759.4,80521.0,80738.3,16302.0,16.3022,1314478.5245,1
1787641500000,80741.6,80786.5,80682.5,80729.0,4458.0,4.4583,359985.51931,1
1787641800000,80729.0,80735.8,80678.5,80700.0,3190.0,3.1902,257460.71118,1
1787642100000,80700.0,80724.6,80605.9,80605.9,2406.0,2.4067,194137.77749,1
1787642400000,80605.9,80651.4,80588.1,80592.9,3265.0,3.2654,263217.56439,1
1787642700000,80594.0,80672.8,80588.0,80640.4,7730.0,7.7303,623344.15787,1
1787643000000,80637.5,80668.5,80587.8,80587.9,1935.0,1.935,155954.29157,1
1787643300000,80587.9,80623.6,80459.1,80461.8,8019.0,8.0198,645617.251,1
1787643600000,80461.8,80520.8,80461.8,80489.9,4748.0,4.7489,382265.16901,1
1787643900000,80493.5,80507.8,79690.0,79859.2,48610.0,48.6107,3887462.62213,1
1787644200000,79862.6,79898.5,79325.4,79758.0,150416.0,150.4163,11962610.04286,1
1787644500000,79757.4,79757.4,79626.6,79670.9,14324.0,14.3246,1141649.52086,1
1787644800000,79677.2,79839.9,79600.0,79839.9,31095.0,31.0958,2480154.24653,1
1787645100000,79835.0,79841.1,79759.9,79806.5,6168.0,6.1686,492300.77923,1
1787645400000,79806.5,79941.2,79806.5,79890.0,4944.0,4.944,395024.14766,1
1787645700000,79890.0,80039.9,79889.3,79957.0,23589.0,23.5898,1886642.69922,1
1787646000000,79957.0,80140.0,79957.0,80088.7,5455.0,5.4558,436815.32048,1
1787646300000,80091.7,80211.2,80080.5,80156.6,18224.0,18.2244,1461404.45883,1
1787646600000,80170.0,80211.2,80093.6,80144.4,635411.0,635.4113,50939345.97323,1
1787646900000,80146.0,80171.2,79944.9,79944.9,5454.0,5.4543,436780.06585,1
1787647200000,79950.5,80073.5,79875.6,80073.5,5765.0,5.7657,460976.85719,1
1787647500000,80077.1,80090.2,79899.3,79899.3,4028.0,4.028,322147.36815,1
1787647800000,79899.0,79915.1,79816.1,79869.6,31303.0,31.3036,2500159.36103,1
1787648100000,79869.6,79920.9,79800.1,79898.9,7692.0,7.6923,614286.101,1
1787648400000,79903.3,79906.9,79691.2,79698.1,57031.0,57.031,4549005.60543,1
1787648700000,79699.7,79800.0,79685.0,79748.3,9393.0,9.3935,748860.60036,1
1787649000000,79749.9,79920.1,79710.3,79810.9,15242.0,15.2425,1217042.25239,1
1787649300000,79810.9,79879.8,79746.8,79810.1,7704.0,7.7044,614825.96141,1
1787649600000,79805.9,79925.0,79796.2,79901.7,6771.0,6.771,540611.19889,1
1787649900000,79906.9,79906.9,79750.1,79790.0,1537.0,1.5373,122689.64014,1
1787650200000,79800.0,79914.5,79800.0,79888.9,8162.0,8.162,651550.21978,1
1787650500000,79879.5,79884.6,79790.0,79800.1,1425.0,1.4256,113788.63078,1
1787650800000,79815.2,79882.5,79718.0,79718.0,5123.0,5.1232,408761.49103,1
1787651100000,79718.1,79753.1,79565.9,79565.9,14286.0,14.2863,1137787.52522,1
1787651400000,79566.0,79566.0,78818.7,79065.3,526237.0,526.2375,41531454.45997,1
1787651700000,79078.7,79210.2,78980.5,79161.0,44834.0,44.8347,3545316.61071,1
1787652000000,79160.9,79169.5,78958.0,79154.3,13608.0,13.6088,1075682.54351,1
1787652300000,79154.3,79240.3,79090.6,79196.8,5756.0,5.7563,455793.26379,1
1787652600000,79203.1,79312.5,79203.1,79268.0,17491.0,17.4914,1386727.76895,1
1787652900000,79268.0,79378.0,79226.8,79345.0,18367.0,18.3674,1456680.88811,1
1787653200000,79345.0,79366.6,79229.4,79277.2,29192.0,29.192,2314346.77607,1
1787653500000,79281.2,79290.0,79206.8,79243.4,2464.0,2.4641,195321.60551,1
1787653800000,79243.4,79287.1,79217.1,79249.7,4640.0,4.6402,367841.02338,1
1787654100000,79249.7,79260.0,79210.0,79224.8,2225.0,2.2252,176321.57695,1
1787654400000,79239.0,79297.9,79236.7,79289.6,1876.0,1.8767,148772.36551,1
1787654700000,79289.7,79442.8,79289.7,79327.7,7189.0,7.1896,570617.82747,1
1787655000000,79327.8,79394.2,79288.0,79338.3,6286.0,6.2861,498910.13275,1
1787655300000,79355.2,79377.1,79270.0,79275.7,6665.0,6.6651,528797.55621,1
1787655600000,79275.7,79300.0,79222.0,79233.6,5635.0,5.6356,446626.73321,1
1787655900000,79233.7,79365.3,79184.3,79240.0,7358.0,7.3584,583598.32922,1
1787656200000,79228.6,79241.1,79063.8,79071.7,22626.0,22.6261,1789813.12767,1
1787656500000,79069.9,79216.0,79046.4,79154.5,13722.0,13.722,1085531.44279,1
1787656800000,79154.5,79274.0,79154.5,79247.4,3495.0,3.4951,276891.20175,1
1787657100000,79240.0,79260.1,79157.5,79227.9,3702.0,3.7024,293306.60401,1
1787657400000,79236.0,79333.0,79230.6,79330.8,4718.0,4.7189,374194.75483,1
1787657700000,79330.8,79443.6,79302.4,79302.4,8573.0,8.5733,680465.12363,1
1787658000000,79302.4,79302.4,79146.7,79146.7,6750.0,6.7506,534755.94482,1
1787658300000,79142.0,79159.4,79052.7,79052.7,60439.0,60.4397,4781517.04157,1
1787658600000,79053.1,79154.2,79050.0,79054.6,7374.0,7.3749,583211.97886,1
1787658900000,79052.4,79150.0,79014.6,79096.0,8833.0,8.8333,698532.06604,1
1787659200000,79097.0,79147.8,78920.1,78967.0,10926.0,10.9263,863303.31537,1
1787659500000,78969.9,78969.9,78640.4,78820.1,97041.0,97.0414,7642187.83561,1
1787659800000,78823.8,79055.2,78795.0,79046.9,33161.0,33.1619,2618847.73301,1
1787660100000,79047.0,79056.6,78853.4,78905.0,24002.0,24.0022,1896074.51714,1
1787660400000,78914.0,78917.8,78685.3,78857.6,25418.0,25.4181,2003255.36601,1
1787660700000,78857.7,78892.0,78605.0,78861.7,38299.0,38.2995,3013690.95488,1
1787661000000,78849.7,78948.5,78778.4,78935.8,25904.0,25.9048,2043214.26076,1
1787661300000,78935.8,78972.0,78873.4,78880.1,10150.0,10.1504,801330.92063,1
1787661600000,78883.0,78953.7,78737.4,78891.8,11356.0,11.3561,895442.80216,1
1787661900000,78890.9,79038.1,78887.5,79022.2,20288.0,20.2888,1601885.83233,1
1787662200000,79022.0,79060.9,78960.3,79001.6,20368.0,20.3684,1609478.76661,1
1787662500000,79000.1,79014.3,78907.8,78950.0,10734.0,10.7345,847299.08799,1
1787662800000,78959.9,79033.0,78904.0,79033.0,17209.0,17.2091,1359419.39682,1
1787663100000,79032.9,79054.9,78769.7,78838.6,17849.0,17.8499,1408881.34218,1
1787663400000,78854.8,78888.8,78705.0,78781.7,10712.0,10.712,843988.41116,1
1787663700000,78775.6,78780.7,78609.3,78699.8,22841.0,22.8417,1797151.27362,1
1787664000000,78700.1,78789.7,78542.2,78731.9,21144.0,21.1444,1663036.25662,1
1787664300000,78725.5,78781.5,78560.1,78609.0,23580.0,23.5802,1854721.66386,1
1787664600000,78623.1,78997.0,78582.8,78997.0,28080.0,28.0808,2212754.02054,1
1787664900000,78998.9,79193.7,78952.3,79022.5,55009.0,55.0091,4349927.2366,1
1787665200000,79021.9,79043.0,78587.2,78614.4,46901.0,46.9013,3695025.54363,1
1787665500000,78617.3,78635.9,78357.0,78465.7,69243.0,69.2437,5435390.73952,1
1787665800000,78460.0,78470.0,78100.2,78334.7,163012.0,163.0124,12755971.75553,1
1787666100000,78336.0,78636.3,78228.1,78626.5,75912.0,75.9127,5956004.9842,1
1787666400000,78604.2,78785.0,78511.7,78781.9,35454.0,35.454,2789390.27639,1
1787666700000,78782.0,78929.6,78729.2,78922.6,74811.0,74.8111,5895816.22596,1
1787667000000,78915.2,79029.9,78876.0,78965.6,216153.0,216.1534,17071621.97132,1
1787667300000,78964.8,79080.6,78883.5,78931.0,32371.0,32.3713,2555203.21789,1
1787667600000,78914.9,79126.5,78875.6,79088.7,114752.0,114.7525,9073730.45765,1
1787667900000,79088.8,79277.8,79050.1,79182.6,134209.0,134.2093,10635977.0171,1
1787668200000,79175.6,79356.4,79004.7,79199.0,28629.0,28.6295,2268401.02975,1
1787668500000,79193.7,79282.8,79069.2,79078.7,8470.0,8.4707,670737.00858,1
1787668800000,79083.9,79154.2,79030.6,79134.8,11062.0,11.0625,874875.38948,1
1787669100000,79141.6,79266.7,79135.5,79177.2,4852.0,4.8523,384297.26371,1
1787669400000,79176.7,79320.0,79158.0,79225.4,9109.0,9.1091,722113.87512,1
1787669700000,79227.3,79345.1,79137.9,79200.7,8216.0,8.2168,651122.04866,1
1787670000000,79215.7,79255.9,79113.5,79161.1,11811.0,11.8116,935149.5556,1
1787670300000,79168.3,79325.6,79168.3,79260.1,7358.0,7.3584,583205.40757,1
1787670600000,79267.9,79296.1,79027.7,79068.5,10868.0,10.8687,859940.12026,1
1787670900000,79074.1,79212.5,78982.9,79182.6,12393.0,12.3939,980487.22182,1
1787671200000,79182.7,79239.6,79129.0,79137.1,186595.0,186.5956,14776339.38178,1
1787671500000,79137.8,79200.0,79058.9,79199.5,10913.0,10.913,863503.00465,1
1787671800000,79200.0,79310.4,79138.8,79245.1,8856.0,8.8567,701927.89679,1
1787672100000,79268.8,79435.5,79259.5,79340.1,26203.0,26.2034,2079527.90168,1
1787672400000,79326.1,79356.0,79270.1,79355.0,11803.0,11.8036,936150.32976,1
1787672700000,79355.0,79399.4,79242.8,79270.0,47221.0,47.2213,3743770.84281,1
1787673000000,79270.0,79320.9,79230.0,79296.1,9352.0,9.3528,741397.51632,1
1787673300000,79302.1,79493.2,79302.1,79467.5,16666.0,16.6669,1323072.78457,1
1787673600000,79475.2,79528.8,79393.8,79461.1,110543.0,110.5432,8789779.12055,1
1787673900000,79466.3,79471.4,79312.3,79312.3,124210.0,124.2102,9865646.54642,1
1787674200000,79310.0,79311.0,79117.1,79144.7,13645.0,13.6451,1080683.81001,1
1787674500000,79130.6,79220.3,79096.3,79220.3,10964.0,10.9642,867683.70144,1
1787674800000,79222.9,79241.1,79035.4,79084.1,17724.0,17.7248,1403184.27304,1
1787675100000,79076.9,79120.2,79039.6,79112.6,12586.0,12.5864,995512.6508,1
1787675400000,79113.3,79323.6,79109.2,79289.4,87902.0,87.9021,6969221.06834,1
1787675700000,79262.4,79297.4,79181.7,79188.0,5546.0,5.5467,439493.33248,1
1787676000000,79187.8,79300.0,79154.2,79188.1,10538.0,10.5387,835313.78656,1
1787676300000,79186.4,79323.7,79184.8,79243.5,3955.0,3.9555,313509.54838,1
1787676600000,79245.5,79245.5,79096.6,79099.9,5063.0,5.0637,400805.45265,1
1787676900000,79099.9,79149.3,79059.3,79121.5,63075.0,63.0753,4988641.87288,1
1787677200000,79121.4,79121.4,79017.2,79039.3,10133.0,10.1335,801052.82512,1
1787677500000,79037.7,79095.7,78829.4,78936.2,45612.0,45.6124,3600322.47742,1
1787677800000,78936.3,78966.2,78875.7,78945.2,7801.0,7.8017,615708.96108,1
1787678100000,78945.5,78996.6,78922.1,78926.1,4625.0,4.625,365186.48174,1
1787678400000,78926.0,78978.8,78762.4,78848.0,24252.0,24.2526,1912076.27731,1
1787678700000,78847.8,78848.0,78715.0,78777.3,15217.0,15.2179,1198840.95947,1
1787679000000,78782.7,79057.8,78782.7,79021.4,12399.0,12.3992,978843.60743,1
1787679300000,79021.5,79053.2,78968.4,79020.6,5478.0,5.4785,432916.97204,1
1787679600000,79012.8,79269.4,79012.8,79102.6,268525.0,268.5257,21261682.17639,1
1787679900000,79112.7,79192.5,79112.3,79173.5,8799.0,8.7994,696506.16247,1
1787680200000,79173.5,79192.5,79127.0,79161.1,4283.0,4.2836,339102.25133,1
1787680500000,79160.7,79248.0,79153.1,79203.3,203205.0,203.2057,16096972.88294,1
1787680800000,79207.9,79294.8,79181.9,79199.4,16407.0,16.4074,1300429.67204,1
1787681100000,79203.1,79240.0,79185.0,79233.5,3751.0,3.7514,297167.54736,1
1787681400000,79239.9,79354.3,79192.3,79292.1,8141.0,8.1414,645629.72333,1
1787681700000,79296.0,79302.6,79229.1,79232.9,4594.0,4.594,364124.38149,1
1787682000000,79232.9,79290.8,79220.2,79236.1,43089.0,43.0892,3414413.40668,1
1787682300000,79233.1,79245.8,79207.9,79235.9,3146.0,3.1468,249316.72181,1
1787682600000,79229.5,79229.6,79127.0,79127.0,9083.0,9.0835,719086.42911,1
1787682900000,79127.1,79157.4,79066.7,79128.1,5452.0,5.452,431272.51192,1
1787683200000,79127.0,79143.5,79110.4,79133.6,3932.0,3.9327,311148.97665,1
1787683500000,79140.6,79203.6,79140.5,79179.9,4207.0,4.2077,333224.83622,1
1787683800000,79179.9,79190.6,79021.2,79043.1,7440.0,7.4402,588347.71735,1
1787684100000,79036.8,79111.7,79023.6,79090.8,11340.0,11.3404,896414.35852,1
1787684400000,79103.5,79154.6,79001.4,79001.4,5622.0,5.6224,444830.96408,1
1787684700000,79001.5,79063.2,78981.6,79045.2,11425.0,11.4254,902596.51908,1
1787685000000,79045.2,79131.8,79026.1,79131.4,17119.0,17.1196,1354177.2152,1
1787685300000,79131.4,79194.7,79124.0,79194.6,11877.0,11.8776,939974.45094,1
1787685600000,79197.7,79198.7,79112.9,79138.8,2145.0,2.1451,169754.57711,1
1787685900000,79126.4,79126.4,78884.0,78899.3,23321.0,23.3218,1840899.00916,1
1787686200000,78893.8,78893.8,78593.5,78845.7,426840.0,426.8404,33595432.24239,1
1787686500000,78839.8,78905.6,78839.8,78850.1,81904.0,81.9046,6460329.50602,1
1787686800000,78850.2,78850.2,78690.2,78710.0,38141.0,38.1412,3005770.66722,1
1787687100000,78710.4,78786.7,78704.0,78729.0,12690.0,12.6904,999237.66855,1
1787687400000,78722.8,78900.0,78709.0,78890.3,8967.0,8.9678,706776.58782,1
1787687700000,78860.7,78905.6,78820.0,78886.6,6652.0,6.6529,524737.18619,1
1787688000000,78902.2,78937.6,78640.6,78757.2,14371.0,14.3716,1131462.22677,1
1787688300000,78744.1,78827.6,78707.1,78820.0,11801.0,11.8017,929539.319,1
1787688600000,78820.0,78833.4,78770.3,78830.1,7743.0,7.7438,610218.38755,1
1787688900000,78830.6,78928.8,78808.5,78928.8,28591.0,28.5913,2255670.70548,1
1787689200000,78921.2,78921.3,78853.5,78857.1,4690.0,4.6903,370041.36672,1
1787689500000,78857.1,78857.1,78733.4,78740.2,7293.0,7.2936,574600.664,1
1787689800000,78728.6,78751.2,78655.1,78719.6,9714.0,9.7142,764541.99829,1
1787690100000,78719.7,78749.9,78522.4,78548.6,19689.0,19.6892,1547653.95568,1
1787690400000,78560.7,78580.0,78323.7,78430.6,28342.0,28.3426,2223810.83896,1
1787690700000,78424.0,78500.0,78151.6,78194.0,46935.0,46.9359,3675041.32291,1
1787691000000,78193.9,78390.0,78170.7,78257.4,23656.0,23.6564,1851825.0688,1
1787691300000,78257.3,78257.3,78147.1,78169.7,19825.0,19.8254,1550550.00289,1
1787691600000,78169.6,78265.3,78079.1,78176.9,31575.0,31.575,2467296.24473,1
1787691900000,78173.0,78259.9,77826.6,77941.4,86098.0,86.0984,6718314.21038,1
1787692200000,77941.4,78276.0,77889.9,78253.3,35879.0,35.879,2802219.12881,1
1787692500000,78253.0,78410.0,78167.1,78407.9,43184.0,43.1849,3382882.76261,1
1787692800000,78410.0,78413.3,78237.5,78340.2,11533.0,11.5335,903484.80123,1
1787693100000,78322.0,78445.0,78309.8,78427.9,8464.0,8.4647,663383.09722,1
1787693400000,78428.0,78444.7,78338.7,78439.8,3829.0,3.8293,300257.96205,1
1787693700000,78439.8,78585.9,78432.3,78572.0,37832.0,37.8329,2971520.69065,1
1787694000000,78570.9,78600.0,78530.0,78540.9,17695.0,17.6959,1390275.92997,1
1787694300000,78545.3,78594.3,78527.4,78590.5,8551.0,8.5515,671896.26235,1
1787694600000,78590.5,78591.0,78502.0,78582.7,6348.0,6.3486,498701.24917,1
1787694900000,78570.5,78635.0,78503.0,78535.8,8257.0,8.2573,648889.85632,1
1787695200000,78545.3,78694.1,78545.3,78682.0,6703.0,6.7031,527180.50022,1
1787695500000,78673.4,78882.3,78668.4,78778.0,16840.0,16.8405,1326731.51348,1
1787695800000,78778.0,78912.8,78773.7,78893.6,12051.0,12.051,950393.73936,1
1787696100000,78893.6,78966.3,78812.2,78887.9,16082.0,16.0822,1268666.07693,1
1787696400000,78887.8,78894.0,78783.3,78839.0,12340.0,12.3403,973227.51808,1
1787696700000,78840.3,78842.5,78574.9,78617.1,14484.0,14.4848,1139231.05626,1
1787697000000,78617.1,78822.5,78564.9,78807.0,5541.0,5.5411,435971.91483,1
1787697300000,78813.6,78832.1,78740.0,78770.3,4524.0,4.5243,356490.45198,1
1787697600000,78770.3,78802.0,78740.9,78750.4,4222.0,4.2228,332608.2817,1
1787697900000,78747.5,78838.0,78740.8,78829.8,2072.0,2.0725,163340.75826,1
1787698200000,78836.3,78882.3,78814.6,78859.0,7362.0,7.3625,580443.87863,1
1787698500000,78861.1,78917.7,78841.2,78850.0,6766.0,6.7664,533733.71813,1
1787698800000,78865.0,78927.9,78816.9,78918.1,11012.0,11.0124,868813.14324,1
1787699100000,78920.0,78930.9,78788.0,78800.4,5662.0,5.6629,446541.63009,1
1787699400000,78800.4,78932.4,78769.2,78918.2,3866.0,3.8664,304677.87865,1
1787699700000,78911.7,78932.4,78730.3,78757.5,5016.0,5.0161,395369.78697,1
1787700000000,78762.7,78762.7,78637.1,78639.9,6051.0,6.0516,476212.85508,1
1787700300000,78645.6,78714.5,78603.0,78705.1,10975.0,10.9759,863015.20706,1
1787700600000,78705.0,78762.0,78602.9,78730.8,2743.0,2.743,215833.35533,1
1787700900000,78730.7,78732.6,78603.1,78608.3,2547.0,2.5477,200453.48079,1
1787701200000,78608.3,78631.3,78488.9,78550.0,6185.0,6.1859,485825.80057,1
1787701500000,78547.2,78547.2,78384.4,78429.0,25978.0,25.9785,2037925.22007,1
1787701800000,78447.5,78479.8,78361.1,78457.6,5820.0,5.8205,456448.32549,1
1787702100000,78457.7,78559.9,78423.1,78505.4,3773.0,3.7739,296232.48013,1
1787702400000,78506.0,78580.0,78427.1,78580.0,12741.0,12.7415,1000062.29753,1
1787702700000,78574.0,78574.0,78278.0,78331.5,7137.0,7.1378,559393.90452,1
1787703000000,78336.0,78428.9,78285.7,78324.0,12336.0,12.3369,966357.66498,1
1787703300000,78324.1,78550.0,78304.0,78496.2,8308.0,8.3085,651551.42754,1
1787703600000,78500.0,78570.3,78428.3,78556.9,5476.0,5.4764,429990.82857,1
1787703900000,78557.0,78557.0,78474.0,78542.9,2134.0,2.1346,167608.47515,1
1787704200000,78543.1,78635.1,78539.2,78544.8,3733.0,3.733,293371.40716,1
1787704500000,78543.5,78543.5,78365.4,78365.6,7199.0,7.1999,564815.8988,1
1787704800000,78369.2,78440.3,78340.2,78353.1,3059.0,3.0596,239784.16065,1
1787705100000,78362.1,78516.0,78344.1,78500.0,4165.0,4.1656,326719.74384,1
1787705400000,78500.1,78674.9,78491.0,78671.1,7773.0,7.7737,611025.01235,1
1787705700000,78655.1,78655.1,78588.6,78592.7,17276.0,17.2765,1357823.4302,1
1787706000000,78588.6,78777.0,78565.1,78776.5,20202.0,20.2021,1591011.00761,1
1787706300000,78777.0,78870.1,78764.5,78779.6,13210.0,13.2109,1041182.99886,1
1787706600000,78763.0,78777.1,78670.8,78709.5,40581.0,40.5814,3193018.0387,1
1787706900000,78706.0,78835.7,78678.4,78816.6,1739.0,1.7393,137045.71696,1
1787707200000,78819.9,78830.0,78768.1,78786.2,1671.0,1.6714,131712.25985,1
1787707500000,78776.4,78776.4,78662.4,78672.4,1699.0,1.6992,133739.63466,1
1787707800000,78689.0,78882.4,78687.5,78882.3,40502.0,40.5028,3194410.32546,1
1787708100000,78872.1,78912.9,78851.8,78874.9,4587.0,4.5875,361885.20638,1
1787708400000,78867.2,78873.1,78805.0,78837.9,6368.0,6.3683,502031.53301,1
1787708700000,78836.5,78836.5,78765.1,78800.0,100419.0,100.4196,7911391.41358,1
1787709000000,78799.9,78799.9,78744.8,78761.9,2392.0,2.3921,188411.71167,1
1787709300000,78761.9,78780.9,78732.2,78775.2,2362.0,2.3623,186032.87621,1
1787709600000,78789.2,78843.0,78754.3,78810.3,2690.0,2.6908,212047.38503,1
1787709900000,78809.8,78818.5,78708.3,78709.7,1476.0,1.4764,116253.7087,1
1787710200000,78709.7,78786.7,78709.7,78765.4,2819.0,2.8199,222035.46807,1
1787710500000,78740.6,78912.9,78716.2,78856.8,103393.0,103.3936,8158732.26064,1
1787710800000,78856.7,78944.9,78856.7,78944.9,7196.0,7.1968,567631.29627,1
1787711100000,78947.2,79200.0,78946.7,79185.0,43459.0,43.4598,3437349.25359,1
1787711400000,79185.0,79196.8,79087.4,79128.1,8496.0,8.4964,672400.87335,1
1787711700000,79147.1,79176.7,79114.3,79141.1,2910.0,2.9106,230355.08404,1
1787712000000,79141.1,79164.6,79093.8,79118.7,6961.0,6.9617,550806.33038,1
1787712300000,79118.7,79133.2,79060.0,79089.7,2817.0,2.8175,222833.11346,1
1787712600000,79082.6,79085.9,79015.0,79025.0,1560.0,1.5602,123338.10423,1
1787712900000,79039.0,79094.3,79039.0,79070.1,4500.0,4.5004,355899.80088,1
1787713200000,79065.0,79149.2,79024.0,79025.1,3897.0,3.8976,308242.48173,1
1787713500000,79030.4,79072.6,79005.7,79012.9,2939.0,2.939,232248.03247,1
1787713800000,79012.9,79048.9,79012.9,79016.0,2018.0,2.0184,159533.33283,1
1787714100000,79005.7,79029.2,78951.7,78962.7,9217.0,9.2173,727930.3982,1
1787714400000,78973.9,79075.2,78955.2,79060.0,6158.0,6.1585,486778.94566,1
1787714700000,79059.9,79076.7,78984.5,79010.7,1042.0,1.0423,82383.18508,1
1787715000000,79007.4,79007.4,78863.1,78962.5,8168.0,8.1688,644734.7897,1
1787715300000,78960.1,79088.1,78960.1,79020.1,4402.0,4.4021,347792.24163,1
1787715600000,79000.1,79043.3,78966.5,79023.7,803.0,0.8039,63499.8752,1
1787715900000,79023.7,79043.0,78915.0,78945.6,2198.0,2.1981,173536.95374,1
1787716200000,78945.5,78998.4,78918.7,78998.4,2546.0,2.5469,201143.39914,1
1787716500000,78999.0,79078.0,78999.0,79049.1,1127.0,1.1272,89094.72812,1
1787716800000,79038.1,79039.1,78926.7,78975.4,2795.0,2.795,220703.29287,1
1787717100000,78975.4,79108.7,78966.0,79108.7,3292.0,3.2924,260178.57655,1
1787717400000,79112.8,79149.2,78937.6,79010.7,10895.0,10.8954,861893.22625,1
1787717700000,79005.0,79097.7,78938.4,79091.9,1890.0,1.8904,149343.33371,1
1787718000000,79091.8,79098.6,78976.8,79065.9,1960.0,1.9601,154918.05004,1
1787718300000,79072.2,79085.9,78970.1,78976.6,1532.0,1.5328,121102.22198,1
1787718600000,78985.0,79019.0,78871.0,78891.7,1361.0,1.3618,107527.38928,1
1787718900000,78891.8,78970.6,78863.0,78902.1,1978.0,1.9782,156108.46131,1
1787719200000,78902.1,78946.4,78902.0,78936.0,2901.0,2.9012,228989.50452,1
1787719500000,78928.9,78928.9,78766.0,78826.9,17147.0,17.1477,1351392.10052,1
1787719800000,78826.9,78875.0,78804.8,78844.9,13346.0,13.3464,1052598.25425,1
1787720100000,78839.2,78839.2,78759.8,78792.9,2748.0,2.7484,216537.09587,1
1787720400000,78801.0,78805.4,78720.7,78744.0,4082.0,4.0825,321542.60183,1
1787720700000,78729.4,78766.7,78600.0,78766.7,39265.0,39.2655,3087821.15174,1
1787721000000,78766.6,78926.4,78766.6,78865.0,5515.0,5.5151,434993.18375,1
1787721300000,78860.5,78860.5,78714.7,78714.7,1490.0,1.49,117424.41682,1
1787721600000,78714.7,78994.1,78714.7,78989.3,8748.0,8.748,690639.76367,1
1787721900000,78988.4,79024.3,78912.8,78998.9,5583.0,5.5836,441075.32121,1
1787722200000,78964.7,79090.0,78946.6,79026.6,18198.0,18.1987,1438969.05467,1
1787722500000,79022.4,79046.2,78954.7,79037.0,19957.0,19.9572,1577219.26288,1
1787722800000,79038.5,79091.2,79021.7,79080.0,1142.0,1.1424,90309.26454,1
1787723100000,79076.4,79076.4,79000.0,79032.0,3183.0,3.1834,251615.3031,1
1787723400000,79032.4,79036.4,78928.7,78928.9,2646.0,2.6469,209052.95654,1
1787723700000,78928.7,79046.0,78919.0,79046.0,900.0,0.9007,71136.61233,1
1787724000000,79046.0,79116.6,79001.1,79062.2,4449.0,4.4491,351729.27393,1
1787724300000,79078.3,79173.7,79078.2,79134.0,10361.0,10.3618,820022.24367,1
1787724600000,79129.1,79129.1,78932.4,78971.2,8753.0,8.7539,691635.72489,1
1787724900000,78956.6,79019.8,78856.4,78856.7,5649.0,5.6493,445894.86806,1
1787725200000,78853.4,78973.0,78831.2,78833.0,37089.0,37.0895,2925823.5818,1
1787725500000,78831.1,78922.3,78788.0,78868.9,3558.0,3.5585,280566.77948,1
1787725800000,78850.7,78922.2,78830.8,78874.7,1798.0,1.7982,141861.97352,1
1787726100000,78874.7,78907.2,78786.8,78835.5,1680.0,1.6805,132520.92135,1
1787726400000,78835.6,78922.2,78831.9,78904.8,2195.0,2.195,173093.33763,1
1787726700000,78904.7,78935.9,78827.5,78850.0,2206.0,2.2061,174001.0252,1
1787727000000,78850.0,78898.4,78834.1,78893.2,3211.0,3.2115,253264.21778,1
1787727300000,78895.6,78914.5,78864.4,78908.9,2340.0,2.3404,184654.45227,1
1787727600000,78907.8,78995.0,78824.4,78991.8,2793.0,2.7936,220433.111,1
1787727900000,78991.8,79057.6,78900.0,78901.8,5039.0,5.0397,398096.64193,1
1787728200000,78900.0,78996.7,78893.5,78955.1,1936.0,1.9367,152883.6602,1
1787728500000,78963.6,78982.0,78919.9,78928.7,3126.0,3.1267,246867.66998,1
1787728800000,78928.6,78972.0,78862.4,78909.6,1192.0,1.1922,94094.04967,1
1787729100000,78915.4,78999.0,78900.5,78908.0,2826.0,2.826,223115.62565,1
1787729400000,78904.6,78947.2,78857.4,78947.1,7515.0,7.5151,592777.42966,1
1787729700000,78947.1,79013.9,78934.2,78970.3,4210.0,4.2103,332420.68101,1
1787730000000,78966.7,78999.2,78930.4,78960.1,4646.0,4.646,366835.38481,1
1787730300000,78960.1,78970.4,78925.5,78958.4,1267.0,1.2679,100091.26509,1
1787730600000,78959.4,79021.8,78929.0,78929.0,1958.0,1.9589,154735.49873,1
1787730900000,78920.3,78966.6,78881.5,78887.0,2343.0,2.3437,184929.88095,1
1787731200000,78887.6,78899.9,78812.9,78852.8,4323.0,4.3233,340875.0518,1
1787731500000,78851.8,79036.2,78792.8,79015.9,2594.0,2.5941,204609.71285,1
1787731800000,79015.9,79086.6,79002.0,79002.0,3878.0,3.8782,306591.06924,1
1787732100000,79000.0,79077.2,78958.9,78968.9,4929.0,4.9297,389522.23544,1
1787732400000,78968.9,78972.1,78883.5,78934.4,3694.0,3.6945,291661.17937,1
1787732700000,78942.3,78977.9,78940.6,78954.7,1187.0,1.1878,93785.38536,1
1787733000000,78950.5,78980.0,78897.6,78908.9,2711.0,2.711,213995.96667,1
1787733300000,78908.9,78908.9,78866.7,78885.9,3552.0,3.5529,280265.34808,1
1787733600000,78890.4,78986.1,78886.9,78974.3,2999.0,2.9992,236709.00612,1
1787733900000,78969.0,78979.1,78883.7,78887.0,965.0,0.9657,76219.44317,1
1787734200000,78904.7,78911.0,78683.4,78695.4,10621.0,10.6214,836677.30558,1
1787734500000,78683.3,78686.8,78580.0,78673.0,11386.0,11.3866,895441.99117,1
1787734800000,78669.0,78834.0,78635.1,78780.6,7159.0,7.159,563793.44892,1
1787735100000,78780.6,78845.7,78763.1,78777.0,9450.0,9.4502,744557.99375,1
1787735400000,78777.0,78809.0,78716.4,78746.5,1565.0,1.5654,123297.34301,1
1787735700000,78727.8,78742.8,78395.3,78442.3,23708.0,23.7088,1861834.31042,1
1787736000000,78449.1,78496.2,78370.0,78370.1,24134.0,24.1347,1891938.52517,1
1787736300000,78376.0,78505.4,78376.0,78501.3,8967.0,8.9671,703428.14511,1
1787736600000,78501.3,78563.9,78433.3,78525.5,4976.0,4.9761,390778.92365,1
1787736900000,78533.3,78546.7,78450.1,78450.1,4799.0,4.7992,376704.24283,1
1787737200000,78449.8,78449.9,78288.7,78296.9,5649.0,5.6491,442665.95653,1
1787737500000,78304.2,78398.5,78218.0,78398.4,14734.0,14.7349,1153775.96803,1
1787737800000,78398.2,78464.1,78364.2,78372.9,1970.0,1.97,154451.35211,1
1787738100000,78380.1,78425.0,78370.0,78420.6,4241.0,4.2418,332593.32856,1
1787738400000,78411.1,78413.1,78271.9,78283.6,10280.0,10.2807,805291.71562,1
1787738700000,78295.4,78350.0,78291.9,78334.2,5209.0,5.2097,407968.0886,1
1787739000000,78333.3,78442.9,78296.5,78396.8,6276.0,6.2768,492070.64222,1
1787739300000,78396.9,78499.8,78389.3,78499.8,5214.0,5.2145,409172.78957,1
1787739600000,78500.0,78558.3,78470.6,78537.6,3395.0,3.3957,266631.34839,1
1787739900000,78558.2,78607.5,78545.6,78600.2,7747.0,7.7475,608761.9984,1
1787740200000,78600.1,78617.0,78535.9,78617.0,2474.0,2.4749,194512.51203,1
1787740500000,78617.0,78761.2,78583.7,78710.7,12876.0,12.8763,1013448.67636,1
1787740800000,78711.9,78723.7,78628.5,78686.2,4124.0,4.1241,324477.43694,1
1787741100000,78689.0,78812.2,78661.3,78812.2,8575.0,8.5758,675243.95204,1
1787741400000,78819.6,78839.9,78735.8,78736.8,6758.0,6.7584,532363.08141,1
1787741700000,78736.8,78748.1,78677.1,78688.5,8778.0,8.778,690731.98136,1
1787742000000,78688.5,78750.0,78655.7,78707.9,1547.0,1.5478,121810.35011,1
1787742300000,78704.8,78730.3,78615.0,78646.4,3511.0,3.5111,276193.69012,1
1787742600000,78653.8,78672.0,78628.2,78672.0,2611.0,2.611,205368.46347,1
1787742900000,78675.1,78703.7,78627.0,78630.0,2446.0,2.4464,192449.89078,1
1787743200000,78630.0,78672.3,78605.1,78661.3,3649.0,3.649,286935.48456,1
1787743500000,78664.1,78676.2,78568.8,78596.3,23614.0,23.6149,1855704.51236,1
1787743800000,78590.3,78590.3,78536.6,78536.7,3552.0,3.5522,279060.50732,1
1787744100000,78534.4,78586.6,78277.1,78356.6,9771.0,9.7714,765923.30811,1
1787744400000,78362.5,78462.6,78310.1,78439.0,8250.0,8.2501,646782.54211,1
1787744700000,78438.9,78438.9,78342.0,78345.6,4230.0,4.2304,331597.02339,1
1787745000000,78353.5,78505.0,78353.5,78487.3,15444.0,15.444,1211604.08502,1
1787745300000,78470.0,78542.8,78450.0,78453.4,5207.0,5.207,408718.89869,1
1787745600000,78460.2,78529.6,78430.0,78474.2,3856.0,3.8564,302546.71706,1
1787745900000,78474.4,78474.4,78328.1,78387.0,15349.0,15.3496,1202969.52637,1
1787746200000,78394.0,78429.9,78360.3,78360.3,2123.0,2.1233,166472.2903,1
1787746500000,78358.8,78395.9,78249.0,78345.7,5163.0,5.1633,404436.89721,1
1787746800000,78345.7,78542.4,78340.4,78539.6,7576.0,7.5767,594683.51811,1
1787747100000,78540.0,78666.7,78534.7,78666.5,16061.0,16.0616,1262377.7259,1
1787747400000,78666.7,78666.7,77924.8,78362.2,72886.0,72.8865,5707328.0066,1
1787747700000,78362.0,78450.0,78130.3,78200.3,10685.0,10.6857,836320.85759,1
1787748000000,78199.9,78340.4,78179.2,78224.8,10673.0,10.6736,835514.93077,1
1787748300000,78230.3,78345.0,78162.0,78268.8,11457.0,11.4572,896363.82193,1
1787748600000,78272.7,78408.4,78269.3,78274.8,8223.0,8.2236,644240.19084,1
1787748900000,78269.4,78384.0,78252.9,78282.2,11347.0,11.3479,889170.1761,1
1787749200000,78280.5,78400.0,78228.0,78228.0,9181.0,9.1814,718866.76564,1
1787749500000,78211.0,78243.9,78044.1,78084.6,29479.0,29.4797,2304520.80408,1
1787749800000,78084.6,78132.3,77955.2,78076.6,20156.0,20.1566,1573007.2917,1
1787750100000,78088.7,78141.6,78047.9,78111.2,10891.0,10.8917,850777.45634,1
1787750400000,78103.3,78116.9,77973.5,77990.0,6635.0,6.6354,517718.5213,1
1787750700000,77980.7,78037.7,77873.9,78020.0,25623.0,25.6239,1998123.07774,1
1787751000000,78016.5,78328.0,78016.5,78323.8,20518.0,20.5181,1604241.88624,1
1787751300000,78296.4,78462.1,78230.1,78316.6,19750.0,19.7502,1547522.67275,1
1787751600000,78311.1,78458.7,78290.9,78450.3,18923.0,18.9238,1483538.85243,1
1787751900000,78461.6,78511.5,78337.1,78340.9,7735.0,7.7357,606577.71323,1
1787752200000,78334.5,78334.5,78082.9,78189.7,37309.0,37.309,2917955.8427,1
1787752500000,78168.9,78422.4,78168.9,78417.8,57314.0,57.3149,4488817.8556,1
1787752800000,78417.8,78549.0,78263.7,78490.4,14200.0,14.2006,1113996.55732,1
1787753100000,78490.3,78559.8,78438.5,78501.6,11815.0,11.815,927766.11018,1
1787753400000,78502.0,78559.9,78412.6,78418.0,8736.0,8.7361,685575.01507,1
1787753700000,78412.5,78530.0,78404.6,78482.4,4492.0,4.4923,352648.13896,1
1787754000000,78484.6,78500.2,78356.1,78356.1,8266.0,8.2661,648333.94938,1
1787754300000,78359.4,78359.5,78160.4,78205.7,165106.0,165.1067,12922644.81074,1
1787754600000,78201.1,78243.5,78120.1,78143.4,30902.0,30.9021,2415316.30991,1
1787754900000,78146.3,78227.6,78058.9,78112.9,11765.0,11.7658,919587.09622,1
1787755200000,78109.2,78161.1,77900.0,77941.5,11760.0,11.7609,917363.35304,1
1787755500000,77941.4,77981.7,77827.1,77949.9,36223.0,36.2236,2821463.76795,1
1787755800000,77950.0,78011.0,77733.5,77762.3,75046.0,75.0461,5847284.39854,1
1787756100000,77777.0,77833.2,77738.7,77757.6,35571.0,35.5715,2767186.71328,1
1787756400000,77754.1,77843.8,77618.1,77625.7,40375.0,40.3754,3136782.35761,1
1787756700000,77625.8,77927.0,77619.0,77903.7,209032.0,209.0323,16258802.69125,1
1787757000000,77903.7,77906.4,77796.7,77813.1,15722.0,15.7227,1224045.14182,1
1787757300000,77813.2,77832.0,77692.1,77749.9,32040.0,32.0406,2491347.26707,1
1787757600000,77763.1,77933.6,77763.1,77910.1,16523.0,16.5234,1286517.89871,1
1787757900000,77908.3,78137.2,77908.3,78129.0,21311.0,21.311,1662735.29089,1
1787758200000,78120.1,78137.3,77912.6,77925.5,25935.0,25.9351,2023215.46844,1
1787758500000,77912.1,77976.9,77905.8,77974.6,32230.0,32.2309,2512627.94021,1
1787758800000,77974.5,78113.8,77974.5,77996.3,160597.0,160.5971,12537713.5559,1
1787759100000,78007.5,78108.9,78007.5,78108.9,10345.0,10.3456,807887.14787,1
1787759400000,78102.6,78110.7,77969.6,78011.3,229487.0,229.4877,17902145.0179,1
1787759700000,78010.0,78088.7,77936.6,77975.6,17883.0,17.8837,1395090.05576,1
1787760000000,77972.4,78060.0,77945.2,78058.0,9127.0,9.1277,711951.64802,1
1787760300000,78062.4,78131.5,78026.9,78095.3,14991.0,14.9913,1170267.43155,1
1787760600000,78095.4,78111.9,78023.5,78043.8,11106.0,11.1061,867004.36761,1
1787760900000,78049.9,78071.1,77954.1,78008.8,1831.0,1.8318,142887.8836,1
1787761200000,78020.0,78097.3,77991.7,77999.6,1909.0,1.9092,149019.11529,1
1787761500000,78000.3,78039.9,77954.1,78029.9,6213.0,6.2139,484679.76321,1
1787761800000,78029.8,78078.4,77979.4,78075.8,6318.0,6.3189,493205.84865,1
1787762100000,78077.4,78120.0,77936.1,77936.1,4327.0,4.3271,337639.75416,1
1787762400000,77935.9,77995.9,77830.2,77843.9,7170.0,7.1709,558606.87123,1
1787762700000,77843.8,78115.0,77841.4,78053.5,5830.0,5.83,454683.73505,1
1787763000000,78057.1,78098.0,77962.3,77999.3,3790.0,3.7901,295830.14586,1
1787763300000,77999.3,78038.9,77950.3,77967.3,3100.0,3.1001,241721.57735,1
1787763600000,77965.5,78046.1,77965.5,78008.9,3699.0,3.6994,288565.08338,1
1787763900000,78008.9,78100.0,77993.6,78055.1,3652.0,3.652,285044.06963,1
1787764200000,78053.9,78104.9,78021.5,78101.4,1929.0,1.9297,150647.24855,1
1787764500000,78104.7,78250.0,78104.6,78208.9,17237.0,17.237,1347727.30748,1
1787764800000,78209.1,78318.2,78209.1,78318.2,17537.0,17.537,1372448.48835,1
1787765100000,78318.3,78568.4,78301.1,78484.1,219762.0,219.7626,17251547.02176,1
1787765400000,78484.3,78546.0,78455.0,78546.0,13060.0,13.06,1025068.88416,1
1787765700000,78539.7,78550.1,78464.2,78499.9,10337.0,10.337,811291.89269,1
1787766000000,78499.9,78625.1,78473.2,78480.8,112991.0,112.991,8879281.96381,1
1787766300000,78483.0,78483.0,78279.7,78369.1,121056.0,121.0567,9481850.14941,1
1787766600000,78366.4,78433.9,78360.2,78424.1,3192.0,3.1927,250349.86352,1
1787766900000,78424.1,78446.1,78372.2,78403.9,1642.0,1.6423,128782.45749,1
1787767200000,78404.0,78488.3,78360.4,78462.0,37288.0,37.2889,2925551.5873,1
1787767500000,78462.0,78494.7,78409.6,78489.2,178516.0,178.5162,14006631.18078,1
1787767800000,78488.8,78615.3,78467.3,78532.1,9133.0,9.1338,717298.04669,1
1787768100000,78526.2,78541.1,78475.1,78508.6,4004.0,4.0043,314360.97046,1
1787768400000,78508.6,78570.8,78449.9,78476.9,5680.0,5.6806,445969.88915,1
1787768700000,78488.4,78488.4,78400.1,78432.2,9764.0,9.7646,765771.75588,1
1787769000000,78432.2,78456.2,78375.8,78393.7,7556.0,7.5563,592545.6275,1
1787769300000,78383.3,78402.6,78330.0,78359.4,7377.0,7.377,578098.0194,1
1787769600000,78328.2,78340.4,78249.5,78271.2,8634.0,8.6344,675984.35391,1
1787769900000,78260.3,78386.0,78260.3,78375.0,4704.0,4.7042,368476.71736,1
1787770200000,78366.8,78421.2,78360.2,78421.2,9017.0,9.0172,706963.97538,1
1787770500000,78421.2,78461.6,78401.8,78440.2,8213.0,8.2131,644139.37906,1
1787770800000,78433.3,78476.9,78410.1,78414.3,3102.0,3.1027,243392.82197,1
1787771100000,78414.8,78414.9,78360.6,78360.6,1879.0,1.8799,147368.23258,1
1787771400000,78356.2,78414.9,78343.1,78344.7,4209.0,4.2097,329854.34396,1
1787771700000,78355.9,78420.0,78350.1,78381.7,5461.0,5.461,427936.67486,1
1787772000000,78381.7,78381.7,78253.9,78297.3,7968.0,7.9689,623937.88457,1
1787772300000,78291.1,78529.4,78289.5,78488.8,24989.0,24.9891,1961105.70453,1
1787772600000,78503.7,78505.9,78452.2,78452.2,5108.0,5.1087,401001.15081,1
1787772900000,78455.6,78475.1,78375.3,78375.3,1327.0,1.3273,104083.18968,1
1787773200000,78370.9,78400.9,78339.1,78399.1,4437.0,4.4372,347645.13029,1
1787773500000,78399.1,78452.3,78399.1,78439.8,2791.0,2.7918,218930.05486,1
1787773800000,78439.7,78505.2,78412.2,78422.8,2636.0,2.6364,206839.95642,1
1787774100000,78422.8,78456.3,78406.5,78437.0,2836.0,2.8366,222465.92318,1
1787774400000,78443.7,78474.7,78360.0,78460.1,3857.0,3.8571,302390.31211,1
1787774700000,78465.5,78490.0,78446.9,78448.3,7952.0,7.9521,624070.89453,1
1787775000000,78448.3,78448.3,78377.5,78377.5,1742.0,1.7421,136580.73461,1
1787775300000,78375.4,78419.1,78354.3,78368.7,2552.0,2.5523,200045.4266,1
1787775600000,78354.3,78354.5,78156.8,78294.1,33262.0,33.2622,2601702.13302,1
1787775900000,78296.5,78357.9,78294.6,78357.7,10291.0,10.2911,806174.03518,1
1787776200000,78357.7,78357.9,78284.9,78307.7,5815.0,5.8151,455387.26246,1
1787776500000,78307.7,78338.0,78252.1,78334.2,15906.0,15.906,1245318.16582,1
1787776800000,78334.2,78395.4,78334.2,78358.6,13866.0,13.8663,1086909.93631,1
1787777100000,78348.5,78372.9,78346.6,78352.6,2411.0,2.4113,188951.52923,1
1787777400000,78352.6,78396.0,78341.5,78396.0,4686.0,4.6862,367207.25497,1
1787777700000,78398.5,78421.4,78398.3,78418.2,4295.0,4.295,336770.46442,1
1787778000000,78418.2,78423.8,78360.1,78373.5,6485.0,6.4856,508456.5959,1
1787778300000,78388.9,78574.0,78388.9,78569.4,127767.0,127.767,10026197.78687,1
1787778600000,78568.8,78770.0,78526.3,78746.3,28827.0,28.8275,2267896.31739,1
1787778900000,78755.8,78797.4,78693.1,78728.8,93806.0,93.8062,7384010.37079,1
1787779200000,78729.0,78795.8,78693.7,78757.3,183372.0,183.3728,14437882.55013,1
1787779500000,78756.9,78800.0,78667.2,78736.0,338118.0,338.1188,26614092.94092,1
1787779800000,78689.4,78709.0,78613.5,78709.0,195771.0,195.7718,15398179.76329,1
1787780100000,78711.2,78789.6,78711.2,78741.5,7293.0,7.2931,574260.86942,1
1787780400000,78720.1,78720.1,78665.7,78666.0,49269.0,49.2694,3877724.47661,1
1787780700000,78679.8,78691.7,78636.7,78660.0,17393.0,17.393,1368515.81617,1
1787781000000,78659.9,78769.6,78659.9,78736.0,6880.0,6.8807,541724.55364,1
1787781300000,78730.8,78733.2,78691.7,78691.9,1969.0,1.9699,155063.87113,1
1787781600000,78691.7,78820.4,78650.0,78820.4,12313.0,12.313,969705.86942,1
1787781900000,78820.4,78830.1,78755.3,78755.3,4598.0,4.5988,362373.181,1
1787782200000,78745.4,78763.6,78683.5,78746.6,4985.0,4.9858,392509.63748,1
1787782500000,78726.8,78898.2,78726.8,78859.6,44084.0,44.0844,3475501.32655,1
1787782800000,78859.6,78944.3,78782.0,78782.1,14501.0,14.5012,1144054.40818,1
1787783100000,78782.1,78843.3,78751.2,78768.8,8996.0,8.996,708737.52063,1
1787783400000,78768.9,78783.9,78668.7,78710.0,99666.0,99.6669,7844905.27146,1
1787783700000,78729.0,78729.0,78568.0,78568.0,69563.0,69.5634,5471811.78428,1
1787784000000,78577.9,78663.5,78568.1,78658.2,9455.0,9.4551,743209.47796,1
1787784300000,78657.0,78657.0,78568.8,78568.8,3098.0,3.0984,243563.41599,1
1787784600000,78568.8,78574.1,78525.0,78559.5,8394.0,8.3947,659400.26344,1
1787784900000,78559.5,78702.6,78532.3,78670.1,8775.0,8.7752,689990.31063,1
1787785200000,78613.1,78714.4,78613.1,78712.0,4084.0,4.0842,321390.85276,1
1787785500000,78712.0,78712.0,78630.4,78649.2,2897.0,2.8978,227972.30788,1
1787785800000,78649.2,78681.7,78634.0,78671.7,2264.0,2.264,178077.29267,1
1787786100000,78664.3,78703.6,78647.9,78679.7,875.0,0.8751,68846.18697,1
1787786400000,78679.7,78711.0,78659.3,78700.3,6128.0,6.1285,482303.12152,1
1787786700000,78698.4,78849.1,78693.0,78821.9,6425.0,6.4253,506305.6586,1
1787787000000,78821.9,78882.3,78821.8,78849.5,4230.0,4.2309,333615.59725,1
1787787300000,78849.5,78978.0,78849.5,78912.3,13717.0,13.7176,1082787.92487,1
1787787600000,78906.2,79024.8,78877.5,79005.8,24951.0,24.9513,1970582.43213,1
1787787900000,79019.6,79132.0,78968.4,79019.9,29363.0,29.3631,2321083.86129,1
1787788200000,79027.0,79065.1,78966.4,79038.5,13519.0,13.5191,1068086.04828,1
1787788500000,79034.5,79080.0,78963.2,78989.3,4073.0,4.0732,321819.91283,1
1787788800000,78990.6,78990.6,78815.0,78815.0,11413.0,11.4134,900582.88956,1
1787789100000,78815.0,78950.0,78805.1,78935.1,9591.0,9.591,756386.08794,1
1787789400000,78935.0,78935.0,78791.6,78803.7,5837.0,5.8372,460150.97222,1
1787789700000,78803.8,78878.3,78780.0,78878.3,5264.0,5.264,414840.11145,1
1787790000000,78909.7,78910.0,78825.9,78826.0,5500.0,5.5007,433944.22779,1
1787790300000,78813.6,78861.3,78790.0,78861.2,3648.0,3.6483,287559.69675,1
1787790600000,78861.2,78861.3,78800.1,78813.5,3403.0,3.4033,268301.2668,1
1787790900000,78804.1,78825.4,78759.8,78800.0,5446.0,5.4465,429076.43898,1
1787791200000,78800.0,78861.3,78759.8,78842.5,1858.0,1.8583,146449.31037,1
1787791500000,78842.5,78853.1,78728.7,78752.1,8767.0,8.7675,690467.4536,1
1787791800000,78757.4,78813.8,78680.1,78680.1,8828.0,8.8284,694991.17933,1
1787792100000,78684.0,78715.0,78664.4,78667.5,7013.0,7.0133,551844.58482,1
1787792400000,78667.5,78715.0,78633.9,78708.6,18138.0,18.1382,1426835.29195,1
1787792700000,78711.3,78747.1,78654.8,78689.9,2320.0,2.3205,182649.37349,1
1787793000000,78694.9,78726.9,78593.2,78640.2,3928.0,3.9285,308862.42218,1
1787793300000,78614.7,78653.8,78522.1,78632.4,7591.0,7.5919,596607.42464,1
1787793600000,78651.2,78764.0,78651.2,78753.4,8226.0,8.2267,647576.73502,1
1787793900000,78753.4,78936.0,78750.0,78902.9,8739.0,8.7393,689273.17268,1
1787794200000,78902.9,78926.8,78759.8,78844.8,6530.0,6.5307,514979.22886,1
1787794500000,78844.6,78865.0,78760.0,78813.7,70681.0,70.6817,5572423.1248,1
1787794800000,78791.6,78791.6,78676.9,78676.9,73981.0,73.9818,5824014.84339,1
1787795100000,78676.8,78925.0,78668.8,78924.9,11945.0,11.9454,941941.80344,1
1787795400000,78926.0,78989.0,78872.3,78899.0,3005.0,3.0054,237258.25473,1
1787795700000,78899.0,78959.4,78854.6,78864.6,7005.0,7.0055,552752.14044,1
1787796000000,78863.9,78946.8,78856.2,78904.6,7151.0,7.1519,564363.34018,1
1787796300000,78904.6,78910.9,78878.1,78906.8,344.0,0.3441,27147.19003,1
1787796600000,78908.8,78918.1,78820.5,78842.7,2136.0,2.1366,168483.88447,1
1787796900000,78842.7,78842.7,78773.1,78805.5,4940.0,4.9405,389345.27141,1
1787797200000,78805.5,78817.4,78723.6,78727.8,3665.0,3.6651,288775.1858,1
1787797500000,78727.8,78734.5,78688.6,78724.9,1395.0,1.3953,109819.55685,1
1787797800000,78729.6,78754.9,78719.5,78754.9,919.0,0.9197,72415.73592,1
1787798100000,78731.8,78765.2,78704.2,78709.4,866.0,0.8663,68216.71564,1
1787798400000,78709.4,78709.9,78680.0,78692.7,1191.0,1.1917,93774.77201,1
1787798700000,78698.3,78719.7,78680.0,78718.0,427.0,0.427,33608.56521,1
1787799000000,78718.0,78754.6,78697.8,78720.0,6638.0,6.6388,522603.07636,1
1787799300000,78720.0,78722.9,78680.1,78692.7,2283.0,2.2837,179725.75132,1
1787799600000,78698.6,78705.9,78671.4,78690.1,1766.0,1.7662,138977.39483,1
1787799900000,78690.1,78753.3,78682.6,78688.1,2233.0,2.2335,175836.03826,1
1787800200000,78688.1,78714.6,78635.0,78641.4,4900.0,4.9001,385443.03261,1
1787800500000,78646.5,78710.9,78606.7,78710.8,7657.0,7.6579,602168.42342,1
1787800800000,78710.8,78957.5,78688.4,78915.4,20620.0,20.62,1626346.38432,1
1787801100000,78911.4,78917.9,78846.7,78862.2,4590.0,4.5906,362088.01321,1
1787801400000,78862.1,78870.1,78804.6,78830.0,3034.0,3.034,239205.66637,1
1787801700000,78835.2,78862.4,78813.7,78822.6,2542.0,2.5425,200431.50155,1
1787802000000,78817.9,78896.6,78805.1,78849.9,5878.0,5.8786,463555.88077,1
1787802300000,78839.6,78895.2,78812.2,78812.2,855.0,0.8551,67431.2961,1
1787802600000,78812.1,78812.2,78750.3,78775.2,7731.0,7.7319,609133.32742,1
1787802900000,78796.2,78801.8,78775.4,78801.8,1731.0,1.7312,136398.97639,1
1787803200000,78803.1,78863.9,78803.1,78824.5,2746.0,2.746,216434.8098,1
1787803500000,78835.1,78861.3,78768.2,78855.1,3669.0,3.6699,289225.54415,1
1787803800000,78854.9,78854.9,78814.9,78827.8,462.0,0.4624,36454.6745,1
1787804100000,78827.9,78874.0,78827.9,78853.9,3745.0,3.7458,295403.22397,1
1787804400000,78842.9,78842.9,78788.5,78815.4,819.0,0.8193,64581.90365,1
1787804700000,78815.5,78817.7,78745.4,78745.4,3890.0,3.8901,306435.14399,1
1787805000000,78744.0,78744.0,78667.6,78675.6,16823.0,16.8233,1324188.7154,1
1787805300000,78675.6,78734.2,78654.8,78724.2,100745.0,100.7452,7925462.25193,1
1787805600000,78724.2,78784.0,78713.1,78784.0,167396.0,167.3966,13181780.23197,1
1787805900000,78783.9,78791.3,78701.0,78710.1,10762.0,10.762,847154.53186,1
1787806200000,78719.6,78720.0,78672.8,78720.0,1289.0,1.2897,101492.71715,1
1787806500000,78720.0,78747.4,78706.7,78746.1,15813.0,15.8138,1244903.97846,1
1787806800000,78750.0,78750.0,78662.5,78662.5,2973.0,2.9737,234137.92467,1
1787807100000,78662.4,78703.9,78628.9,78686.0,71550.0,71.5505,5627538.26589,1
1787807400000,78686.0,78695.0,78616.7,78616.7,4722.0,4.7228,371402.28811,1
1787807700000,78616.7,78627.1,78606.4,78627.1,5227.0,5.2276,410993.87643,1
1787808000000,78627.1,78699.5,78617.1,78699.5,1859.0,1.8598,146244.53574,1
1787808300000,78719.0,78772.1,78628.5,78639.0,2113.0,2.1132,166308.97597,1
1787808600000,78639.0,78654.9,78585.2,78612.6,6279.0,6.2795,493598.93563,1
1787808900000,78617.2,78685.0,78571.9,78663.3,5740.0,5.7405,451411.54585,1
1787809200000,78663.3,78770.3,78650.0,78681.9,1239.0,1.239,97509.94624,1
1787809500000,78681.9,78799.9,78681.8,78799.3,8458.0,8.458,666135.23657,1
1787809800000,78800.0,78889.9,78795.6,78830.6,5718.0,5.7188,450960.43048,1
1787810100000,78830.6,78868.8,78772.0,78868.8,1177.0,1.1771,92772.61756,1
1787810400000,78888.1,78888.1,78772.7,78772.7,2480.0,2.48,195507.63492,1
1787810700000,78772.7,78811.1,78772.7,78784.3,880.0,0.8802,69350.96503,1
1787811000000,78784.3,78784.3,78630.1,78652.2,2965.0,2.9656,233373.13087,1
1787811300000,78652.1,78706.3,78599.0,78695.8,3026.0,3.0265,238082.61076,1
1787811600000,78695.8,78766.6,78662.5,78664.3,835.0,0.8355,65760.92911,1
1787811900000,78662.4,78670.0,78601.9,78626.3,2035.0,2.0353,160084.87774,1
1787812200000,78626.3,78750.0,78626.3,78725.8,2130.0,2.1305,167678.59472,1
1787812500000,78725.8,78747.6,78713.6,78713.6,2412.0,2.4125,189932.53128,1
1787812800000,78732.2,78743.3,78694.7,78724.9,958.0,0.9584,75431.04407,1
1787813100000,78725.0,78765.8,78725.0,78763.0,7332.0,7.3325,577520.88947,1
1787813400000,78765.7,78818.5,78761.7,78784.3,3811.0,3.8113,300310.67837,1
1787813700000,78780.4,78815.7,78780.4,78804.4,2393.0,2.3937,188636.6462,1
1787814000000,78802.3,78802.3,78738.6,78763.4,3927.0,3.9277,309384.18624,1
1787814300000,78763.4,78763.4,78742.5,78759.3,695.0,0.6952,54750.15376,1
1787814600000,78759.3,78838.0,78750.7,78806.4,1329.0,1.3298,104797.48221,1
1787814900000,78806.4,78814.4,78785.0,78799.9,9535.0,9.535,751370.67626,1
1787815200000,78791.7,78817.7,78762.2,78762.2,9673.0,9.6731,762154.88252,1
1787815500000,78750.1,78779.9,78728.5,78763.3,2561.0,2.5615,201745.50093,1
1787815800000,78763.3,78841.9,78763.3,78841.9,1498.0,1.4986,118121.83173,1
1787816100000,78841.9,78845.0,78804.7,78845.0,414.0,0.4145,32671.60884,1
1787816400000,78834.4,78848.1,78807.4,78832.9,1215.0,1.215,95783.44053,1
1787816700000,78820.0,78842.9,78820.0,78830.0,6691.0,6.691,527441.22491,1
1787817000000,78839.8,79029.5,78839.8,79004.6,13388.0,13.3881,1056949.81818,1
1787817300000,79013.2,79074.0,79012.0,79067.5,19789.0,19.789,1564179.61381,1
1787817600000,79054.4,79488.0,79017.5,79410.8,81644.0,81.6443,6476392.02336,1
1787817900000,79410.9,79719.3,79255.4,79719.3,75500.0,75.5,6007452.0873,1
1787818200000,79701.2,79824.5,79513.4,79588.2,40574.0,40.5748,3234563.4602,1
1787818500000,79605.2,79609.6,79449.5,79485.2,15045.0,15.0454,1195871.13079,1
1787818800000,79485.2,79567.4,79430.5,79546.2,25459.0,25.4599,2023810.98647,1
1787819100000,79549.9,79710.6,79549.9,79702.0,22081.0,22.0819,1758897.9179,1
1787819400000,79711.5,79824.5,79710.6,79815.2,25787.0,25.7874,2057890.42112,1
1787819700000,79815.2,79815.2,79686.8,79740.0,6489.0,6.4891,517512.53305,1
1787820000000,79748.2,79947.0,79716.7,79879.3,27622.0,27.6227,2206071.97448,1
1787820300000,79882.9,79980.0,79766.2,79766.2,24681.0,24.6818,1971050.41557,1
1787820600000,79764.8,79835.7,79739.9,79748.1,32619.0,32.6197,2602501.15283,1
1787820900000,79742.7,79750.0,79669.8,79722.7,3833.0,3.8336,305624.53506,1
1787821200000,79722.8,79788.2,79640.7,79710.7,6828.0,6.8286,544343.1326,1
1787821500000,79709.4,79807.7,79674.7,79756.9,27680.0,27.6809,2207884.51312,1
1787821800000,79770.1,79848.8,79770.1,79847.7,5879.0,5.8799,469324.64716,1
1787822100000,79835.7,79950.0,79761.3,79950.0,23337.0,23.3379,1863847.51825,1
1787822400000,79950.0,80055.5,79948.0,80054.7,32836.0,32.8362,2627000.13841,1
1787822700000,80054.7,80463.5,80049.0,80463.3,79985.0,79.9851,6424516.10948,1
1787823000000,80463.3,80474.0,80185.0,80186.3,54046.0,54.0465,4343205.50468,1
1787823300000,80185.2,80289.7,80171.2,80255.8,22820.0,22.8205,1830493.07405,1
1787823600000,80250.1,80288.0,80169.1,80219.2,8698.0,8.6987,697863.6145,1
1787823900000,80213.0,80244.7,80159.8,80161.9,5865.0,5.8654,470427.23038,1
1787824200000,80161.9,80170.9,80014.5,80035.4,23835.0,23.8357,1908305.45444,1
1787824500000,80032.1,80032.8,79860.7,79957.8,228486.0,228.4861,18261566.90479,1
1787824800000,79957.7,80006.2,79883.8,80006.2,20507.0,20.507,1639462.33906,1
1787825100000,80010.0,80123.2,80010.0,80123.2,46768.0,46.7683,3745365.0866,1
1787825400000,80118.8,80126.4,79766.2,79894.0,35421.0,35.4216,2832064.47864,1
1787825700000,79897.7,79944.5,79800.0,79926.3,14089.0,14.0896,1125348.50394,1
1787826000000,79923.9,79985.9,79737.6,79769.5,7081.0,7.0814,565313.15146,1
1787826300000,79766.1,79769.5,79300.0,79631.4,32931.0,32.9316,2619517.10185,1
1787826600000,79631.4,79643.6,79506.2,79577.3,9745.0,9.7459,775775.93228,1
1787826900000,79578.7,79613.9,79325.0,79430.0,18722.0,18.7227,1487231.26554,1
1787827200000,79420.1,79614.4,79420.1,79572.0,21581.0,21.5815,1716547.34572,1
1787827500000,79576.1,79587.2,79467.2,79501.9,6614.0,6.6142,525958.5258,1
1787827800000,79501.8,79595.9,79475.0,79563.6,10902.0,10.9023,866986.406,1
1787828100000,79539.5,79599.5,79517.0,79599.5,1605.0,1.6051,127681.71453,1
1787828400000,79599.5,79693.0,79527.3,79668.2,15728.0,15.7281,1252686.27928,1
1787828700000,79668.3,79693.3,79600.0,79648.0,8008.0,8.0085,637861.37086,1
1787829000000,79648.0,79712.0,79613.0,79712.0,15071.0,15.0711,1200282.58925,1
1787829300000,79712.0,79726.2,79600.0,79651.9,11014.0,11.0142,877424.95948,1
1787829600000,79648.1,79731.3,79644.0,79711.3,3148.0,3.1486,250919.42381,1
1787829900000,79711.3,79724.0,79466.6,79492.2,10430.0,10.4308,829804.80134,1
1787830200000,79490.0,79533.2,79351.0,79496.8,20662.0,20.6627,1641431.0189,1
1787830500000,79496.8,79499.9,79365.9,79372.4,5656.0,5.6562,449300.35528,1
1787830800000,79370.2,79409.3,79356.5,79395.2,7276.0,7.2763,577592.97603,1
1787831100000,79401.2,79435.0,79356.5,79356.5,6380.0,6.3805,506615.11707,1
1787831400000,79356.4,79451.0,79164.7,79451.0,27762.0,27.7623,2202307.73125,1
1787831700000,79451.0,79462.9,79434.0,79450.2,5416.0,5.4168,430365.38345,1
1787832000000,79450.1,79492.0,79400.7,79400.7,5774.0,5.7741,458659.84735,1
1787832300000,79400.8,79420.7,79341.0,79413.6,10834.0,10.8346,859993.29823,1
1787832600000,79416.3,79516.5,79412.8,79468.1,7427.0,7.4278,590263.2934,1
1787832900000,79467.9,79500.0,79360.0,79362.2,5343.0,5.3438,424372.5506,1
1787833200000,79366.2,79500.0,79366.2,79498.5,9651.0,9.6512,766614.34789,1
1787833500000,79498.5,79547.0,79491.0,79521.3,3494.0,3.4942,277850.97273,1
1787833800000,79521.4,79521.4,79364.9,79375.7,5050.0,5.0503,401139.05285,1
1787834100000,79378.3,79378.3,79237.0,79322.2,11259.0,11.2593,892700.20753,1
1787834400000,79323.0,79341.6,79233.5,79233.9,5268.0,5.2688,417735.1972,1
1787834700000,79236.9,79290.8,79236.9,79278.0,5111.0,5.1113,405121.40186,1
1787835000000,79284.0,79323.0,79234.7,79253.9,4313.0,4.3136,341939.5633,1
1787835300000,79250.6,79286.8,79236.0,79247.4,15455.0,15.4558,1225023.07731,1
1787835600000,79257.1,79291.9,79250.0,79250.0,5566.0,5.5668,441249.24764,1
1787835900000,79250.0,79343.3,79240.0,79257.1,2902.0,2.902,230170.99263,1
1787836200000,79250.0,79344.2,79250.0,79323.5,3179.0,3.1796,252170.82965,1
1787836500000,79340.3,79390.1,79288.6,79300.4,12492.0,12.4928,991311.05659,1
1787836800000,79300.4,79411.8,79285.3,79382.9,6719.0,6.7193,533152.81347,1
1787837100000,79346.1,79462.6,79316.2,79319.6,7362.0,7.3621,584559.7054,1
1787837400000,79315.1,79326.9,79075.1,79123.3,43104.0,43.1049,3413301.09486,1
1787837700000,79134.2,79232.8,79109.9,79230.6,10723.0,10.7239,848967.95457,1
1787838000000,79232.8,79302.7,79123.3,79205.4,19641.0,19.6413,1555497.60626,1
1787838300000,79205.4,79319.2,78880.0,79016.1,38884.0,38.8847,3073214.85379,1
1787838600000,79016.0,79294.3,79016.0,79271.5,32598.0,32.5988,2580720.95482,1
1787838900000,79281.0,79522.1,79281.0,79500.0,22017.0,22.0176,1748568.6273,1
1787839200000,79500.0,79704.8,79401.7,79665.8,59789.0,59.7894,4757278.94598,1
1787839500000,79660.1,79751.5,79435.5,79452.1,53539.0,53.5396,4261901.45407,1
1787839800000,79450.0,79450.0,79319.4,79394.8,53273.0,53.2733,4228539.4439,1
1787840100000,79412.5,79675.0,79357.2,79674.3,13600.0,13.6002,1081658.41621,1
1787840400000,79673.3,79879.0,79633.1,79755.8,42876.0,42.8766,3419008.55941,1
1787840700000,79752.9,79861.3,79736.8,79857.0,7766.0,7.7662,619549.03436,1
1787841000000,79861.6,79925.0,79756.9,79913.8,29227.0,29.2274,2334101.10216,1
1787841300000,79921.5,80237.2,79921.5,80160.7,64832.0,64.832,5193472.81707,1
1787841600000,80175.4,80350.2,80100.6,80333.1,47160.0,47.1607,3785838.77713,1
1787841900000,80320.4,80320.4,79961.3,80059.9,42102.0,42.1029,3373758.05101,1
1787842200000,80066.4,80166.2,80017.4,80036.0,34491.0,34.4911,2762156.50875,1
1787842500000,80013.3,80219.9,79975.0,80165.0,14274.0,14.2744,1143993.11475,1
1787842800000,80185.2,80288.4,80057.6,80162.1,26166.0,26.1661,2097701.18086,1
1787843100000,80160.0,80345.5,80103.1,80265.9,30226.0,30.2262,2424287.54668,1
1787843400000,80265.9,80755.0,80234.2,80638.2,317772.0,317.7723,25612349.75896,1
1787843700000,80645.9,80704.2,80420.0,80603.3,52484.0,52.4848,4229549.16565,1
1787844000000,80598.6,80599.9,80299.2,80524.5,243791.0,243.7914,19597654.62408,1
1787844300000,80528.8,80655.7,80478.0,80550.2,13860.0,13.8606,1116797.40389,1
1787844600000,80564.0,80568.6,80341.9,80370.6,37463.0,37.4633,3014072.47041,1
1787844900000,80386.1,80470.0,80360.6,80398.4,16549.0,16.5494,1330700.53066,1
1787845200000,80386.2,80568.0,80326.2,80459.4,20666.0,20.6662,1662565.84644,1
1787845500000,80466.5,80466.5,80273.0,80295.0,17660.0,17.6603,1418579.76646,1
1787845800000,80295.2,80366.8,80258.1,80356.3,11042.0,11.0421,886862.43658,1
1787846100000,80355.4,80369.5,80266.9,80273.6,5676.0,5.6765,455941.92203,1
1787846400000,80273.7,80400.0,80273.5,80378.3,10327.0,10.327,829519.84489,1
1787846700000,80378.3,80442.5,80163.0,80174.7,15707.0,15.7079,1260642.34179,1
1787847000000,80174.7,80494.4,80174.7,80387.4,211711.0,211.7117,17035221.13488,1
1787847300000,80377.7,80482.4,80366.9,80440.1,6161.0,6.1613,495598.87592,1
1787847600000,80432.3,80494.3,80411.4,80458.5,9118.0,9.1188,733710.48105,1
1787847900000,80458.5,80500.6,80360.2,80371.2,12828.0,12.828,1032110.70459,1
1787848200000,80362.8,80365.5,80294.3,80300.1,5731.0,5.731,460337.1669,1
1787848500000,80298.8,80367.0,80239.0,80361.4,8988.0,8.9884,721729.26784,1
1787848800000,80361.3,80600.2,80352.3,80550.8,24899.0,24.899,2004015.78011,1
1787849100000,80550.3,80661.6,80376.0,80413.9,211739.0,211.7392,17062714.64357,1
1787849400000,80405.5,80485.3,80380.0,80419.8,1871.0,1.8711,150498.12009,1
1787849700000,80419.8,80419.8,80321.4,80336.0,9313.0,9.3139,748516.25004,1
1787850000000,80341.7,80379.9,80210.2,80300.0,15809.0,15.8091,1269063.97703,1
1787850300000,80300.0,80501.5,80288.4,80499.9,9821.0,9.8212,789668.54086,1
1787850600000,80500.6,80631.8,80468.1,80600.0,25293.0,25.2933,2037003.64398,1
1787850900000,80613.4,80832.6,80562.7,80776.8,40595.0,40.5959,3276850.90807,1
1787851200000,80774.5,80777.0,80645.8,80760.6,19073.0,19.0739,1539416.71353,1
1787851500000,80756.1,80769.2,80647.7,80682.0,9737.0,9.737,786104.17461,1
1787851800000,80685.9,80768.5,80682.0,80693.2,8991.0,8.9918,725797.47915,1
1787852100000,80687.7,80687.7,80570.3,80649.0,10227.0,10.2277,824897.85584,1
1787852400000,80649.0,80675.0,80434.0,80459.8,34607.0,34.6079,2786948.15133,1
1787852700000,80464.7,80494.9,80401.4,80484.2,9124.0,9.1243,734040.7849,1
1787853000000,80490.7,80540.3,80439.3,80480.2,19517.0,19.5175,1570646.20998,1
1787853300000,80480.1,80505.4,80418.2,80418.2,4177.0,4.1773,336141.47262,1
1787853600000,80418.2,80418.2,80292.2,80344.2,11544.0,11.5444,927763.03554,1
1787853900000,80336.9,80386.1,80317.0,80350.2,5917.0,5.9174,475502.60711,1
1787854200000,80350.2,80350.2,79943.8,80027.9,32299.0,32.2993,2588091.34868,1
1787854500000,80027.7,80164.8,79835.3,79877.4,38186.0,38.1869,3054351.92529,1
1787854800000,79877.3,79945.2,79714.4,79904.9,27187.0,27.1877,2169757.51553,1
1787855100000,79904.7,79950.2,79832.9,79884.0,11130.0,11.1301,889150.29849,1
1787855400000,79887.9,79927.4,79785.0,79830.4,84754.0,84.7548,6764396.43504,1
1787855700000,79828.0,79970.3,79819.9,79970.1,69537.0,69.5373,5551751.8226,1
1787856000000,79968.3,79984.0,79828.0,79932.1,72967.0,72.9676,5827015.6055,1
1787856300000,79905.6,80006.8,79881.6,79946.1,187836.0,187.8362,15021341.37501,1
1787856600000,79944.2,79996.4,79882.2,79984.7,4304.0,4.3045,344155.09546,1
1787856900000,79977.9,80113.0,79963.2,80113.0,54960.0,54.9609,4401062.30548,1
1787857200000,80113.0,80181.4,80078.0,80172.5,18750.0,18.7503,1502304.45596,1
1787857500000,80172.5,80252.0,80172.5,80188.0,9095.0,9.0957,729586.22539,1
1787857800000,80180.0,80204.5,80105.9,80122.4,8190.0,8.1908,656575.49754,1
1787858100000,80122.4,80181.3,80067.9,80112.2,3316.0,3.3167,265760.86301,1
1787858400000,80112.2,80165.2,80066.8,80080.1,3326.0,3.3268,266473.03293,1
1787858700000,80080.1,80129.9,80005.9,80129.9,5119.0,5.1198,409791.25771,1
1787859000000,80129.9,80181.3,80081.8,80084.0,4106.0,4.1061,329060.44904,1
1787859300000,80084.0,80084.1,79953.6,79973.3,9420.0,9.4207,753464.57668,1
1787859600000,79972.0,79979.9,79947.3,79969.9,5241.0,5.241,419064.4237,1
1787859900000,79975.8,80011.9,79949.8,79952.1,2980.0,2.9808,238437.4939,1
1787860200000,79951.6,80015.8,79921.9,80015.8,5640.0,5.6408,451026.84454,1
1787860500000,80014.4,80014.4,79850.0,79855.8,86756.0,86.7564,6928508.3864,1
1787860800000,79877.9,79898.1,79844.8,79872.1,7020.0,7.02,560709.13263,1
1787861100000,79869.6,80000.0,79858.9,79989.2,5280.0,5.2809,422211.35946,1
1787861400000,79982.0,79982.8,79926.3,79928.4,9517.0,9.5179,760876.8398,1
1787861700000,79917.4,79966.8,79912.9,79965.1,11531.0,11.5317,921672.26025,1
1787862000000,79970.7,80091.2,79970.7,79994.1,7322.0,7.3227,586057.4793,1
1787862300000,80000.0,80004.6,79962.8,79964.2,2769.0,2.7693,221500.11771,1
1787862600000,79964.2,79965.9,79937.2,79957.2,2444.0,2.4445,195447.62895,1
1787862900000,79959.9,79969.8,79945.0,79955.5,2770.0,2.7703,221510.30542,1
1787863200000,79955.5,80006.9,79955.5,79980.1,4597.0,4.597,367665.97477,1
1787863500000,79984.1,80007.0,79945.0,79945.1,1157.0,1.1573,92566.67362,1
1787863800000,79945.0,79979.0,79938.7,79960.0,2002.0,2.0022,160084.95028,1
1787864100000,79952.2,80063.9,79947.4,80063.9,3340.0,3.3408,267312.05845,1
1787864400000,80063.9,80067.6,79991.9,80035.2,3093.0,3.0935,247563.91079,1
1787864700000,80030.6,80081.7,80001.3,80037.3,12648.0,12.6489,1012788.24111,1
1787865000000,80037.3,80129.5,80037.3,80059.8,4098.0,4.0981,328240.19729,1
1787865300000,80059.7,80095.9,79969.1,79976.0,5130.0,5.1301,410494.21081,1
1787865600000,79975.6,80080.3,79952.7,80034.4,18474.0,18.4747,1478768.85292,1
1787865900000,80040.3,80055.6,79999.7,79999.7,1951.0,1.9513,156159.62148,1
1787866200000,79999.7,80092.5,79999.7,80061.3,4455.0,4.4559,356848.97885,1
1787866500000,80056.1,80072.4,80021.8,80023.7,4944.0,4.9446,395694.47445,1
1787866800000,80029.2,80032.0,79952.7,79997.6,5728.0,5.7286,458161.29449,1
1787867100000,79998.6,80069.3,79984.0,80069.3,2644.0,2.6444,211629.63251,1
1787867400000,80069.3,80084.5,80033.7,80079.3,3000.0,3.0,240196.27706,1
1787867700000,80079.4,80150.0,80079.2,80143.4,9182.0,9.1824,735715.49651,1
1787868000000,80143.4,80290.9,80143.4,80228.6,15212.0,15.2124,1220577.27348,1
1787868300000,80228.6,80278.3,80193.4,80193.4,11609.0,11.6095,931524.39954,1
1787868600000,80192.2,80248.9,80169.4,80207.5,5008.0,5.0086,401754.53627,1
1787868900000,80207.3,80388.1,80207.3,80340.4,16308.0,16.3082,1310113.34678,1
1787869200000,80339.9,80392.2,80281.6,80281.6,7267.0,7.2678,583864.95564,1
1787869500000,80281.7,80289.6,80168.3,80200.4,4224.0,4.2246,338944.92857,1
1787869800000,80184.6,80259.9,80158.7,80247.5,3607.0,3.6076,289400.04295,1
1787870100000,80232.0,80232.0,80111.7,80202.6,9427.0,9.4279,755645.06986,1
1787870400000,80209.3,80254.7,80152.4,80247.8,4480.0,4.4809,359491.38043,1
1787870700000,80247.7,80247.7,80193.3,80193.4,12448.0,12.4485,998675.38414,1
1787871000000,80194.0,80243.4,80194.0,80197.9,13828.0,13.8288,1109278.48867,1
1787871300000,80197.9,80265.0,80197.4,80264.9,1819.0,1.8196,145964.48525,1
1787871600000,80259.1,80261.8,80186.1,80195.9,1916.0,1.9168,153793.78414,1
1787871900000,80192.0,80220.5,80176.7,80176.7,1273.0,1.2737,102143.21163,1
1787872200000,80176.7,80218.2,80104.6,80130.7,4906.0,4.9069,393358.59433,1
1787872500000,80121.1,80291.7,80102.8,80242.5,3154.0,3.1546,253150.73831,1
1787872800000,80248.5,80344.0,80247.3,80317.0,3874.0,3.8745,311196.71901,1
1787873100000,80316.9,80316.9,80250.0,80282.4,1727.0,1.7276,138680.34644,1
1787873400000,80279.6,80282.4,80234.7,80247.5,2338.0,2.3389,187695.65362,1
1787873700000,80245.2,80256.3,80228.2,80248.6,601.0,0.601,48225.5501,1
1787874000000,80248.5,80261.1,80223.0,80223.0,1789.0,1.789,143574.4391,1
1787874300000,80222.4,80228.8,80163.4,80209.9,1688.0,1.6885,135404.63791,1
1787874600000,80209.9,80282.3,80209.9,80249.3,2042.0,2.0421,163889.98715,1
1787874900000,80249.3,80249.3,80200.8,80208.9,3076.0,3.0763,246775.3728,1
1787875200000,80217.6,80235.6,80118.1,80118.1,6193.0,6.1933,496450.02367,1
1787875500000,80118.1,80169.8,80113.0,80138.2,9069.0,9.0698,726890.45607,1
1787875800000,80134.2,80213.9,80134.2,80175.9,3250.0,3.2508,260721.73882,1
1787876100000,80180.0,80381.9,80180.0,80343.1,7474.0,7.4744,600403.33598,1
1787876400000,80343.1,80419.8,80306.2,80365.3,20523.0,20.5234,1649022.40133,1
1787876700000,80362.1,80427.5,80300.0,80386.7,4992.0,4.9928,401383.25269,1
1787877000000,80364.2,80459.9,80332.4,80394.2,4861.0,4.8616,390951.78624,1
1787877300000,80392.9,80457.9,80370.3,80457.9,4313.0,4.3138,346979.39007,1
1787877600000,80458.5,80459.2,80350.0,80359.2,5222.0,5.2227,419892.92454,1
1787877900000,80359.3,80392.1,80312.1,80366.4,2037.0,2.0376,163724.80603,1
1787878200000,80366.4,80442.3,80325.6,80415.9,2999.0,2.9999,241124.03223,1
1787878500000,80412.8,80673.6,80412.8,80537.4,19700.0,19.7009,1587447.52241,1
1787878800000,80544.1,80777.0,80544.1,80743.2,17511.0,17.5113,1413060.62344,1
1787879100000,80738.6,80766.6,80659.6,80754.3,12598.0,12.5981,1016836.38209,1
1787879400000,80762.9,80844.2,80698.5,80710.7,13686.0,13.6862,1105663.15683,1
1787879700000,80703.0,81027.5,80660.1,80950.2,91474.0,91.4748,7402055.66301,1
1787880000000,80950.2,81104.9,80947.2,81018.2,37330.0,37.3308,3024628.96198,1
1787880300000,81027.0,81130.0,80969.3,81100.5,19810.0,19.8104,1606250.36603,1
1787880600000,81109.0,81440.0,81030.9,81116.7,88888.0,88.8888,7223196.9219,1
1787880900000,81113.8,81145.3,80769.6,80897.2,42950.0,42.9505,3477497.43449,1
1787881200000,80899.9,80944.1,80826.1,80826.3,11132.0,11.1325,900274.99355,1
1787881500000,80826.1,80859.0,80660.0,80664.5,20943.0,20.9434,1691209.26772,1
1787881800000,80664.5,80735.3,80482.1,80587.2,20476.0,20.476,1650890.51659,1
1787882100000,80598.0,80615.8,80398.9,80468.1,12311.0,12.3111,991011.49395,1
1787882400000,80467.0,80467.0,80282.0,80398.6,15592.0,15.5927,1253006.95335,1
1787882700000,80396.9,80433.3,80329.9,80399.1,213208.0,213.2083,17139982.6718,1
1787883000000,80399.1,80444.5,80191.0,80208.8,220050.0,220.0506,17664158.3734,1
1787883300000,80188.6,80264.2,80016.5,80097.6,19860.0,19.8607,1590936.45526,1
1787883600000,80093.7,80123.3,79917.4,80044.1,20802.0,20.8028,1664309.85214,1
1787883900000,80040.3,80090.0,79882.7,79889.5,16616.0,16.6167,1329256.6245,1
1787884200000,79895.0,80025.4,79790.7,80025.4,102813.0,102.8132,8222710.29293,1
1787884500000,80025.4,80125.0,80006.1,80044.4,88492.0,88.4929,7080978.46993,1
1787884800000,80049.3,80081.0,79947.0,79990.9,7994.0,7.9941,639746.38404,1
1787885100000,79998.4,79998.4,79762.8,79885.9,22507.0,22.507,1796703.2656,1
1787885400000,79886.0,79894.4,79694.6,79888.8,18615.0,18.615,1486254.22294,1
1787885700000,79888.8,79943.8,79842.5,79888.1,7042.0,7.0424,562577.70401,1
1787886000000,79888.1,79903.5,79788.3,79859.9,5485.0,5.485,437973.76529,1
1787886300000,79858.0,79927.8,79762.4,79777.5,14627.0,14.6278,1167210.70209,1
1787886600000,79777.0,79936.5,79731.9,79838.1,8838.0,8.8386,705550.85369,1
1787886900000,79864.6,79962.8,79849.3,79962.8,108250.0,108.2505,8653310.75628,1
1787887200000,79960.6,80017.3,79940.6,80017.3,20346.0,20.3466,1626796.1211,1
1787887500000,80017.4,80017.4,79870.3,79871.4,6787.0,6.7879,542554.38194,1
1787887800000,79871.4,79950.2,79870.8,79896.8,8412.0,8.4127,672232.79823,1
1787888100000,79896.9,79908.3,79800.2,79848.4,9083.0,9.0833,725529.15648,1
1787888400000,79836.3,79857.7,79789.3,79789.3,11822.0,11.8222,943803.45668,1
1787888700000,79789.3,79826.6,79754.0,79800.1,3585.0,3.5855,286085.88431,1
1787889000000,79804.7,79835.9,79759.9,79818.3,4136.0,4.136,330086.69098,1
1787889300000,79818.3,79823.3,79762.0,79783.4,5113.0,5.1134,407953.57186,1
1787889600000,79783.4,79819.9,79739.9,79742.2,4207.0,4.2079,335704.95312,1
1787889900000,79742.2,79783.5,79576.6,79598.8,22697.0,22.6976,1807511.98429,1
1787890200000,79607.6,79828.9,79580.0,79823.0,5244.0,5.2448,418073.07637,1
1787890500000,79822.3,79930.5,79816.9,79877.8,6272.0,6.2729,501227.81878,1
1787890800000,79876.9,79919.8,79802.8,79830.8,5213.0,5.2135,416292.20925,1
1787891100000,79830.9,79834.3,79784.8,79786.7,1331.0,1.3315,106243.3596,1
1787891400000,79784.9,79815.2,79666.5,79694.3,3340.0,3.3408,266276.45175,1
1787891700000,79694.3,79699.0,79611.4,79614.6,5845.0,5.8453,465550.3318,1
1787892000000,79619.9,79716.2,79619.9,79684.8,2389.0,2.3895,190381.682,1
1787892300000,79674.1,79720.0,79607.8,79607.9,2421.0,2.4217,192950.48302,1
1787892600000,79616.4,79675.0,79604.2,79629.1,3233.0,3.2333,257416.71023,1
1787892900000,79629.1,79648.2,79602.9,79616.4,1530.0,1.5309,121919.89617,1
1787893200000,79616.4,79697.3,79565.3,79683.6,7180.0,7.1808,571567.17949,1
1787893500000,79683.5,79686.0,79530.9,79545.6,3115.0,3.1159,247926.56331,1
1787893800000,79542.9,79612.8,79542.1,79612.8,7913.0,7.9131,629615.8382,1
1787894100000,79624.9,79650.0,79608.2,79608.2,2127.0,2.1271,169381.69793,1
1787894400000,79608.2,79608.2,79540.0,79592.3,9258.0,9.2588,736664.76838,1
1787894700000,79592.3,79700.9,79592.3,79699.9,1997.0,1.9978,159102.0725,1
1787895000000,79699.9,79796.4,79675.4,79783.7,8097.0,8.0975,645987.44491,1
1787895300000,79781.0,79835.0,79777.1,79783.6,4936.0,4.9369,394039.382,1
1787895600000,79775.8,79786.9,79755.4,79783.9,1043.0,1.0432,83220.76249,1
1787895900000,79782.1,79842.1,79768.2,79836.1,3971.0,3.9718,317015.57311,1
1787896200000,79825.5,79845.0,79777.0,79777.0,2982.0,2.9822,237967.98603,1
1787896500000,79777.1,79777.1,79620.0,79657.7,4045.0,4.0455,322283.77904,1
1787896800000,79657.7,79819.0,79657.7,79805.8,3420.0,3.4207,272839.00007,1
1787897100000,79805.7,79878.0,79788.4,79858.7,8215.0,8.2152,655859.27185,1
1787897400000,79858.7,79880.0,79827.2,79880.0,1390.0,1.3909,111064.61068,1
1787897700000,79877.0,79877.0,79830.1,79831.7,971.0,0.9715,77584.32588,1
1787898000000,79831.7,79837.6,79770.0,79811.4,2937.0,2.937,234349.56648,1
1787898300000,79811.4,79816.1,79798.6,79799.9,1869.0,1.8697,149215.33596,1
1787898600000,79799.9,79840.3,79771.1,79808.1,11501.0,11.5015,917715.43838,1
1787898900000,79817.0,79849.0,79803.0,79829.1,1720.0,1.7207,137349.22988,1
1787899200000,79818.6,79836.8,79767.9,79834.4,982.0,0.9822,78375.98539,1
1787899500000,79834.7,79930.8,79834.6,79930.8,4244.0,4.2448,339120.39026,1
1787899800000,79930.8,79966.0,79921.8,79921.8,3932.0,3.9324,314397.44534,1
1787900100000,79922.3,79926.7,79863.9,79863.9,7018.0,7.0185,560758.37282,1
1787900400000,79863.9,79863.9,79758.2,79758.2,2764.0,2.7648,220672.89943,1
1787900700000,79756.3,79757.8,79630.8,79660.1,7493.0,7.4938,597022.8343,1
1787901000000,79656.1,79707.9,79656.0,79662.1,11450.0,11.4505,912353.18951,1
1787901300000,79696.4,79729.2,79682.6,79686.6,1726.0,1.7262,137605.10089,1
1787901600000,79686.6,79690.3,79647.1,79679.3,5947.0,5.9472,473799.83631,1
1787901900000,79679.3,79778.5,79679.3,79775.7,6297.0,6.2976,501944.03614,1
1787902200000,79778.4,79783.2,79696.8,79696.8,933.0,0.9337,74466.60276,1
1787902500000,79694.9,79704.7,79653.1,79654.4,1795.0,1.7952,143022.15445,1
1787902800000,79654.5,79662.3,79543.8,79560.7,15439.0,15.4396,1228907.94249,1
1787903100000,79560.7,79645.8,79560.7,79645.8,4826.0,4.8262,384190.06469,1
1787903400000,79645.8,79645.8,79587.7,79597.1,3025.0,3.0258,240947.15967,1
1787903700000,79593.8,79641.5,79575.3,79640.7,3420.0,3.4205,272390.36553,1
1787904000000,79641.4,79799.1,79641.4,79757.8,6665.0,6.6657,531296.10107,1
1787904300000,79743.5,79768.9,79693.7,79768.9,1312.0,1.3122,104618.01932,1
1787904600000,79773.2,79806.6,79709.7,79709.7,1779.0,1.7792,141958.65076,1
1787904900000,79709.7,79807.3,79709.7,79807.3,4389.0,4.3894,350151.92769,1
1787905200000,79807.3,79807.3,79758.1,79758.1,3633.0,3.6334,289896.38188,1
1787905500000,79758.1,79774.0,79747.2,79747.2,6065.0,6.0651,483744.85129,1
1787905800000,79747.2,79769.8,79737.3,79761.7,3418.0,3.4185,272631.01627,1
1787906100000,79775.7,79775.7,79715.3,79719.5,1196.0,1.1966,95416.32892,1
1787906400000,79712.6,79782.9,79701.5,79701.5,1254.0,1.254,99974.46574,1
1787906700000,79694.8,79698.8,79481.2,79481.2,12662.0,12.6625,1006979.27184,1
1787907000000,79481.1,79567.3,79440.0,79566.6,11280.0,11.28,897002.91976,1
1787907300000,79566.6,79566.6,79451.6,79483.9,8262.0,8.2621,656767.86758,1
1787907600000,79483.9,79483.9,79261.2,79274.2,25523.0,25.5239,2025631.343,1
1787907900000,79289.0,79429.2,79191.9,79380.1,8257.0,8.2574,654797.86473,1
1787908200000,79380.1,79436.2,79343.1,79352.4,9493.0,9.4934,753704.69587,1
1787908500000,79352.3,79400.0,79350.0,79398.8,2802.0,2.8021,222437.95888,1
1787908800000,79398.8,79416.7,79368.6,79416.7,9279.0,9.2796,736714.11582,1
1787909100000,79416.0,79431.3,79344.4,79352.8,14890.0,14.8904,1182335.0335,1
1787909400000,79352.9,79382.9,79312.5,79360.8,1401.0,1.4017,111227.4714,1
1787909700000,79362.6,79369.8,79321.8,79369.8,5640.0,5.6403,447568.38155,1
1787910000000,79370.1,79394.8,79249.2,79249.2,2533.0,2.5339,200999.83138,1
1787910300000,79249.2,79314.8,79243.0,79248.9,2456.0,2.456,194666.70156,1
1787910600000,79253.8,79316.7,79250.5,79286.4,3367.0,3.3677,267025.93142,1
1787910900000,79286.4,79288.3,79251.5,79254.4,2832.0,2.8322,224503.18466,1
1787911200000,79264.9,79281.8,79160.0,79166.2,12390.0,12.3901,981423.28833,1
1787911500000,79160.0,79188.0,78974.8,79004.4,20971.0,20.9717,1657660.9248,1
1787911800000,79007.0,79201.2,79007.0,79180.0,9649.0,9.6495,763499.55627,1
1787912100000,79180.8,79196.2,79120.1,79168.0,1928.0,1.9285,152660.39835,1
1787912400000,79161.0,79165.4,79120.2,79136.1,4264.0,4.2643,337532.12921,1
1787912700000,79136.1,79276.9,79122.8,79265.1,7429.0,7.4297,588490.49675,1
1787913000000,79262.5,79349.9,79260.7,79292.5,26379.0,26.3798,2092182.55889,1
1787913300000,79300.1,79312.3,79255.9,79312.3,4455.0,4.4557,353318.02964,1
1787913600000,79312.3,79323.5,79290.1,79290.1,2983.0,2.9835,236607.40283,1
1787913900000,79290.1,79366.9,79275.0,79355.9,8771.0,8.7714,695967.49678,1
1787914200000,79356.0,79412.2,79317.9,79412.2,6205.0,6.2058,492569.45217,1
1787914500000,79412.3,79539.9,79412.3,79532.2,13922.0,13.9228,1106872.78336,1
1787914800000,79528.3,79677.0,79514.2,79656.0,18161.0,18.1615,1445779.52553,1
1787915100000,79656.0,79656.0,79580.1,79631.2,3835.0,3.8355,305392.90835,1
1787915400000,79622.2,79659.0,79602.0,79658.9,3564.0,3.5642,283836.97329,1
1787915700000,79658.9,79699.7,79619.1,79699.3,5891.0,5.8915,469268.68653,1
1787916000000,79699.3,79719.3,79657.8,79719.3,4619.0,4.6196,368125.92447,1
1787916300000,79719.4,79719.4,79613.0,79627.8,5465.0,5.4657,435378.79357,1
1787916600000,79627.8,79706.9,79627.7,79659.9,3285.0,3.2852,261656.67861,1
1787916900000,79659.8,79659.8,79552.9,79552.9,3786.0,3.7868,301365.49157,1
1787917200000,79552.9,79597.0,79546.5,79584.8,5464.0,5.4648,434889.90693,1
1787917500000,79584.8,79610.1,79584.8,79587.1,2259.0,2.2599,179869.42498,1
1787917800000,79587.2,79587.2,79521.9,79555.0,17139.0,17.139,1363377.52207,1
1787918100000,79555.0,79569.8,79523.3,79565.8,5179.0,5.1794,412038.04633,1
1787918400000,79563.2,79582.6,79529.9,79574.0,5372.0,5.372,427449.36805,1
1787918700000,79572.9,79633.1,79527.2,79543.0,15873.0,15.8738,1263586.09888,1
1787919000000,79543.1,79543.1,79478.3,79488.6,6315.0,6.3156,502103.68617,1
1787919300000,79488.6,79677.0,79488.6,79558.7,6164.0,6.1647,490755.36929,1
1787919600000,79575.9,79639.9,79543.7,79549.9,1874.0,1.8746,149206.08327,1
1787919900000,79556.4,79569.2,79481.5,79481.5,1622.0,1.6221,128969.13311,1
1787920200000,79481.4,79488.0,79417.0,79429.6,4084.0,4.0843,324498.54768,1
1787920500000,79429.6,79435.0,79345.0,79345.0,11552.0,11.5523,917011.63183,1
1787920800000,79345.2,79385.3,79264.2,79377.1,16254.0,16.2543,1289475.06797,1
1787921100000,79377.0,79410.0,79335.2,79360.5,2626.0,2.6261,208469.1641,1
1787921400000,79360.5,79361.7,79314.1,79357.3,7060.0,7.0603,560116.36125,1
1787921700000,79357.3,79389.3,79335.0,79388.1,5340.0,5.3408,423929.85816,1
1787922000000,79380.8,79441.0,79350.0,79420.5,4972.0,4.9721,394773.15975,1
1787922300000,79423.2,79435.6,79250.0,79274.4,14821.0,14.821,1176461.89971,1
1787922600000,79283.0,79343.1,79276.7,79343.1,3399.0,3.3995,269642.8945,1
1787922900000,79327.8,79341.3,79256.6,79322.8,5099.0,5.0999,404375.17333,1
1787923200000,79319.5,79319.5,79231.3,79238.5,6260.0,6.2601,496108.56558,1
1787923500000,79238.4,79278.2,78975.4,79160.0,65621.0,65.6216,5192449.48084,1
1787923800000,79158.2,79284.9,79144.6,79282.0,22856.0,22.8561,1810940.17922,1
1787924100000,79285.7,79323.7,79110.0,79140.4,19334.0,19.334,1531829.93939,1
1787924400000,79125.9,79125.9,78999.9,79052.2,27052.0,27.0527,2138540.12572,1
1787924700000,79060.9,79280.0,79037.2,79155.0,29624.0,29.6245,2345429.85737,1
1787925000000,79155.1,79400.0,79155.0,79385.3,22112.0,22.1127,1752528.25979,1
1787925300000,79375.8,79503.8,79303.0,79303.0,32794.0,32.7942,2604422.30167,1
1787925600000,79300.1,79672.7,78721.4,78758.8,162016.0,162.0164,12802254.32643,1
1787925900000,78768.2,78968.0,78562.5,78821.4,211631.0,211.6319,16648043.68044,1
1787926200000,78821.5,78854.6,78400.0,78600.0,90917.0,90.9172,7145023.52243,1
1787926500000,78601.7,78849.4,78481.4,78849.3,59876.0,59.8762,4709146.3478,1
1787926800000,78849.4,78988.6,78674.4,78775.4,60957.0,60.9572,4805382.84931,1
1787927100000,78794.1,78949.3,78585.9,78914.2,28104.0,28.1043,2213065.48104,1
1787927400000,78896.4,79235.8,78813.2,79233.8,61058.0,61.0589,4825629.272,1
1787927700000,79235.7,79665.5,79201.9,79421.9,118313.0,118.3135,9401431.86472,1
1787928000000,79421.9,79555.0,79275.3,79382.7,40475.0,40.4754,3213218.27385,1
1787928300000,79387.1,79431.2,79072.0,79144.8,32412.0,32.4128,2569963.39621,1
1787928600000,79144.8,79478.7,79144.8,79466.7,45733.0,45.733,3628065.11396,1
1787928900000,79466.7,79566.5,79440.4,79490.3,15996.0,15.9962,1271681.55882,1
1787929200000,79514.2,79811.2,79382.0,79456.0,77854.0,77.8542,6201692.26707,1
1787929500000,79455.9,79474.3,79295.0,79308.2,16155.0,16.1559,1282802.35825,1
1787929800000,79308.3,79425.8,79262.2,79270.0,13712.0,13.7126,1088094.43212,1
1787930100000,79269.9,79463.6,79269.9,79422.4,5567.0,5.5678,441743.71305,1
1787930400000,79429.1,79467.0,79291.0,79375.8,9863.0,9.8637,782796.95163,1
1787930700000,79375.8,79483.9,79206.1,79299.8,8639.0,8.6395,685461.50418,1
1787931000000,79300.0,79315.7,79111.0,79141.6,8243.0,8.243,652750.0611,1
1787931300000,79141.7,79196.9,79111.0,79111.0,9266.0,9.2663,733545.4075,1
1787931600000,79111.0,79122.0,78746.8,78759.2,56187.0,56.1876,4433408.27175,1
1787931900000,78779.3,78888.0,78659.6,78681.8,36691.0,36.6916,2889140.41259,1
1787932200000,78665.9,78713.7,78510.0,78510.1,32224.0,32.2244,2532461.77789,1
1787932500000,78510.1,78515.7,78301.5,78308.9,38195.0,38.195,2994991.35694,1
1787932800000,78307.1,78381.6,77901.5,78051.2,108545.0,108.5451,8481729.26202,1
1787933100000,78050.9,78255.6,78030.6,78079.2,37969.0,37.9697,2966637.32513,1
1787933400000,78072.0,78081.7,77811.0,77811.0,64685.0,64.6855,5041924.82135,1
1787933700000,77811.1,77833.5,77540.1,77629.5,76018.0,76.0184,5904569.87089,1
1787934000000,77629.5,77802.6,77044.1,77103.4,118182.0,118.1827,9151406.77914,1
1787934300000,77073.2,77596.8,76853.1,77507.2,152418.0,152.4183,11753238.92885,1
1787934600000,77504.3,77841.7,77493.6,77649.9,163386.0,163.3861,12697710.60854,1
1787934900000,77649.9,77927.0,77625.7,77838.3,38419.0,38.4199,2989084.06198,1
1787935200000,77838.4,77910.4,77772.8,77772.8,15174.0,15.1747,1181036.70579,1
1787935500000,77772.7,77963.7,77768.3,77929.5,28101.0,28.1012,2189724.55187,1
1787935800000,77935.6,77938.0,77736.8,77750.0,15493.0,15.4932,1205702.62956,1
1787936100000,77750.0,77882.1,77743.2,77755.5,20739.0,20.7394,1613228.13049,1
1787936400000,77755.9,77822.5,77657.4,77702.2,104426.0,104.4264,8113282.79239,1
1787936700000,77693.2,77856.1,77638.6,77785.6,11539.0,11.5391,896856.29629,1
1787937000000,77785.7,78019.4,77740.9,77973.5,21502.0,21.5022,1675379.19474,1
1787937300000,77973.5,78078.9,77893.6,78050.6,24278.0,24.2784,1893462.48821,1
1787937600000,78049.6,78067.7,77906.5,77911.6,80935.0,80.9355,6315444.64462,1
1787937900000,77921.2,77984.9,77800.0,77916.0,8667.0,8.6679,675077.96731,1
1787938200000,77915.9,77974.5,77852.0,77890.0,6824.0,6.824,531750.91947,1
1787938500000,77885.0,77890.8,77670.5,77700.7,29438.0,29.4382,2288899.91757,1
1787938800000,77700.7,77770.0,77700.6,77752.4,14469.0,14.4693,1124810.26942,1
1787939100000,77757.7,77950.0,77757.6,77949.2,19524.0,19.5242,1520203.34338,1
1787939400000,77941.7,77950.1,77876.0,77879.3,7103.0,7.1038,553400.63006,1
1787939700000,77871.1,77887.2,77821.9,77870.4,7346.0,7.3468,572087.60805,1
1787940000000,77868.4,77913.0,77825.5,77857.7,5339.0,5.3399,415840.85061,1
1787940300000,77845.0,77888.8,77746.2,77785.5,4110.0,4.11,319733.91256,1
1787940600000,77779.4,77814.7,77712.1,77712.1,13343.0,13.3432,1037367.50073,1
1787940900000,77712.1,77769.4,77650.0,77650.0,17103.0,17.1033,1328925.50361,1
1787941200000,77650.3,77662.6,77491.8,77500.0,42383.0,42.3835,3288467.77919,1
1787941500000,77500.0,77648.8,77479.2,77559.4,13999.0,13.9997,1086025.60088,1
1787941800000,77558.1,77600.0,77480.0,77546.8,22645.0,22.6457,1755878.65035,1
1787942100000,77546.8,77567.9,77315.4,77409.7,19118.0,19.1189,1479964.41617,1
1787942400000,77424.2,77475.5,77374.1,77401.4,84091.0,84.0913,6509101.78674,1
1787942700000,77399.8,77421.4,77242.8,77273.9,35157.0,35.1579,2717706.70785,1
1787943000000,77273.9,77460.4,77265.7,77460.4,33769.0,33.7697,2613017.04523,1
1787943300000,77460.3,77526.7,77407.7,77522.9,10658.0,10.6586,825819.02342,1
1787943600000,77525.8,77631.5,77489.4,77519.8,24814.0,24.8144,1925061.09777,1
1787943900000,77524.4,77666.6,77506.9,77664.2,11962.0,11.9625,928274.49789,1
1787944200000,77658.5,77714.1,77608.2,77640.8,13594.0,13.594,1055623.72848,1
1787944500000,77631.7,77650.2,77597.8,77648.8,5659.0,5.6595,439294.53321,1
1787944800000,77651.9,77772.5,77646.2,77691.3,16061.0,16.0616,1248314.97684,1
1787945100000,77691.3,77734.8,77670.6,77670.6,7499.0,7.4997,582864.59211,1
1787945400000,77678.2,77678.2,77587.1,77610.4,7134.0,7.1341,553743.45055,1
1787945700000,77607.7,77663.0,77590.1,77595.6,9039.0,9.0392,701648.22113,1
1787946000000,77595.7,77627.6,77525.0,77525.0,12700.0,12.7004,985158.85025,1
1787946300000,77524.1,77525.7,77343.7,77381.1,30427.0,30.4278,2357047.54407,1
1787946600000,77405.5,77441.6,77359.7,77406.0,9241.0,9.2412,715321.9336,1
1787946900000,77419.7,77552.3,77419.7,77527.9,11215.0,11.215,868969.23353,1
1787947200000,77546.4,77583.9,77450.0,77506.4,24683.0,24.6832,1912848.08012,1
1787947500000,77509.8,77531.9,77442.8,77520.2,11474.0,11.4747,889087.74428,1
1787947800000,77532.6,77579.3,77483.3,77541.7,7299.0,7.2997,565816.79135,1
1787948100000,77541.7,77541.8,77410.0,77410.0,6216.0,6.216,481622.49262,1
1787948400000,77413.0,77493.3,77384.2,77479.3,9866.0,9.8661,763872.08465,1
1787948700000,77476.8,77499.1,77453.7,77486.0,1211.0,1.2116,93871.0398,1
1787949000000,77486.1,77486.1,77280.0,77309.7,8042.0,8.0422,622037.61873,1
1787949300000,77309.7,77389.5,77295.5,77372.0,9412.0,9.4123,728008.67191,1
1787949600000,77372.1,77403.9,77372.1,77402.0,5484.0,5.4847,424418.07409,1
1787949900000,77374.0,77427.1,77360.8,77403.6,4344.0,4.3446,336205.89574,1
1787950200000,77389.2,77395.7,77309.4,77359.8,6291.0,6.2916,486760.73773,1
1787950500000,77356.6,77377.0,77345.8,77377.0,2674.0,2.6745,206919.93718,1
1787950800000,77380.5,77409.8,77320.4,77320.4,4816.0,4.816,372572.06821,1
1787951100000,77323.1,77373.6,77323.0,77332.5,2681.0,2.6817,207444.17346,1
1787951400000,77332.5,77374.4,77302.1,77374.1,3492.0,3.4923,270084.99402,1
1787951700000,77374.0,77396.0,77354.9,77360.0,5752.0,5.7526,445105.56801,1
1787952000000,77360.0,77375.0,77290.7,77354.8,3826.0,3.8269,295920.43755,1
1787952300000,77359.1,77398.0,77359.1,77368.7,5633.0,5.633,435878.93558,1
1787952600000,77368.8,77480.1,77368.8,77472.2,7129.0,7.1299,552201.97927,1
1787952900000,77472.2,77500.5,77464.2,77499.9,3579.0,3.5795,277369.00997,1
1787953200000,77501.9,77506.5,77401.7,77449.3,8100.0,8.1006,627341.34776,1
1787953500000,77449.3,77449.3,77342.6,77353.2,6763.0,6.7638,523508.98369,1
1787953800000,77353.2,77368.6,77317.0,77333.3,4551.0,4.5515,352002.9904,1
1787954100000,77333.2,77366.4,77217.0,77340.1,6072.0,6.0727,469377.98551,1
1787954400000,77344.4,77374.8,77312.1,77348.4,5816.0,5.8166,449939.27404,1
1787954700000,77348.4,77400.0,77348.4,77391.7,5123.0,5.1232,396434.41787,1
1787955000000,77391.7,77425.6,77391.7,77421.7,5020.0,5.0201,388624.19616,1
1787955300000,77421.7,77421.7,77369.5,77400.0,1895.0,1.8956,146721.30335,1
1787955600000,77413.6,77469.9,77406.7,77426.3,3249.0,3.2495,251612.83769,1
1787955900000,77429.9,77555.0,77429.9,77542.0,17606.0,17.6068,1364949.09806,1
1787956200000,77542.1,77580.8,77528.1,77575.2,8057.0,8.0576,624940.10557,1
1787956500000,77576.7,77668.5,77576.7,77668.4,9747.0,9.7476,756638.70618,1
1787956800000,77668.4,77709.9,77643.8,77709.0,5549.0,5.5494,431139.40335,1
1787957100000,77709.1,77728.8,77708.5,77721.2,9012.0,9.0123,700408.84786,1
1787957400000,77721.3,77733.4,77692.3,77732.5,8615.0,8.6157,669600.70915,1
1787957700000,77732.5,77733.3,77650.1,77728.7,2451.0,2.4512,190468.63793,1
1787958000000,77710.2,77734.2,77648.6,77652.6,5787.0,5.7875,449501.92395,1
1787958300000,77660.7,77688.7,77647.3,77688.7,9632.0,9.6321,748196.19242,1
1787958600000,77692.1,77735.5,77670.0,77735.5,2589.0,2.5897,201250.37043,1
1787958900000,77733.0,77733.0,77666.0,77672.9,2140.0,2.14,166230.68001,1
1787959200000,77671.9,77671.9,77629.8,77668.2,2829.0,2.8293,219681.71045,1
1787959500000,77668.2,77688.5,77645.3,77647.9,2116.0,2.1163,164376.01868,1
1787959800000,77649.9,77678.6,77649.9,77678.4,1370.0,1.3706,106444.13549,1
1787960100000,77678.3,77684.4,77647.4,77650.4,3771.0,3.7715,292914.97875,1
1787960400000,77650.4,77668.0,77641.0,77662.0,3700.0,3.7004,287347.75147,1
1787960700000,77654.7,77658.5,77608.5,77611.0,3160.0,3.1601,245284.2462,1
1787961000000,77611.1,77712.7,77611.1,77712.7,1134.0,1.1342,88111.85592,1
1787961300000,77726.3,77814.5,77726.3,77806.0,13227.0,13.2271,1028842.16555,1
1787961600000,77805.7,77826.0,77760.9,77777.0,3258.0,3.2582,253462.49014,1
1787961900000,77777.0,77861.7,77752.2,77839.3,5762.0,5.762,448487.76137,1
1787962200000,77836.0,77836.1,77779.6,77789.9,4994.0,4.9946,388630.85039,1
1787962500000,77780.0,77863.8,77780.0,77859.1,2213.0,2.2139,172298.04428,1
1787962800000,77859.2,77891.5,77838.6,77863.5,3332.0,3.3323,259499.59094,1
1787963100000,77863.6,77915.8,77854.8,77868.2,2634.0,2.6341,205199.24301,1
1787963400000,77868.2,77868.2,77760.5,77760.5,5610.0,5.61,436357.13672,1
1787963700000,77760.5,77791.0,77751.2,77759.8,1069.0,1.0692,83160.6761,1
1787964000000,77759.8,77763.9,77743.2,77757.0,1444.0,1.4449,112352.28004,1
1787964300000,77757.0,77757.0,77716.2,77720.0,1972.0,1.9721,153284.97592,1
1787964600000,77720.0,77750.1,77696.4,77750.1,3264.0,3.2642,253657.78817,1
1787964900000,77750.1,77776.9,77687.9,77699.3,1858.0,1.8585,144449.10065,1
1787965200000,77696.5,77698.7,77659.9,77668.1,1415.0,1.4152,109927.41376,1
1787965500000,77662.7,77672.1,77638.6,77645.0,4189.0,4.1897,325352.05646,1
1787965800000,77649.9,77653.6,77610.4,77610.4,1560.0,1.5604,121141.23877,1
1787966100000,77610.4,77673.3,77610.4,77673.2,2338.0,2.3382,181522.33434,1
1787966400000,77673.2,77726.0,77673.2,77726.0,2688.0,2.6884,208891.70404,1
1787966700000,77726.0,77761.3,77721.0,77761.3,1457.0,1.4577,113326.94962,1
1787967000000,77761.3,77787.0,77758.7,77787.0,437.0,0.4378,34047.82434,1
1787967300000,77787.1,77799.9,77728.4,77748.9,4857.0,4.8575,377745.89343,1
1787967600000,77748.9,77798.5,77748.9,77798.4,1117.0,1.1177,86937.18128,1
1787967900000,77798.5,77798.5,77721.7,77778.7,3104.0,3.1044,241382.41532,1
1787968200000,77778.7,77806.2,77764.7,77780.2,287.0,0.287,22324.24395,1
1787968500000,77780.3,77780.3,77736.2,77762.2,650.0,0.6505,50584.50644,1
1787968800000,77762.2,77797.4,77735.1,77750.9,407.0,0.4078,31709.95284,1
1787969100000,77750.9,77774.2,77740.0,77767.6,5543.0,5.5431,431066.86213,1
1787969400000,77767.6,77767.6,77714.2,77714.2,187.0,0.1876,14585.30616,1
1787969700000,77712.1,77713.6,77644.4,77644.4,3589.0,3.5892,278827.55119,1
1787970000000,77644.4,77644.5,77558.8,77560.1,18637.0,18.6379,1446350.69046,1
1787970300000,77560.0,77604.5,77550.1,77604.4,2976.0,2.9763,230879.36736,1
1787970600000,77604.5,77640.8,77561.5,77565.9,2655.0,2.6551,206001.33401,1
1787970900000,77566.0,77631.8,77561.1,77631.8,3093.0,3.0932,239947.36211,1
1787971200000,77631.8,77635.8,77587.3,77587.3,421.0,0.4212,32693.1269,1
1787971500000,77594.0,77614.6,77594.0,77614.6,646.0,0.6466,50182.43536,1
1787971800000,77614.6,77670.0,77609.6,77666.0,973.0,0.9739,75611.54073,1
1787972100000,77665.6,77671.1,77638.3,77642.4,1084.0,1.0848,84234.41185,1
1787972400000,77642.4,77698.2,77642.4,77665.1,8697.0,8.6975,675695.45345,1
1787972700000,77665.1,77687.5,77660.0,77669.9,819.0,0.8194,63635.59781,1
1787973000000,77669.9,77687.0,77654.8,77654.8,257.0,0.2574,19993.47116,1
1787973300000,77654.8,77654.8,77606.9,77620.5,321.0,0.3211,24927.18197,1
1787973600000,77620.5,77681.7,77620.5,77642.4,1075.0,1.0759,83538.3166,1
1787973900000,77642.4,77663.2,77634.5,77652.0,1671.0,1.6717,129817.40916,1
1787974200000,77660.9,77674.2,77610.0,77610.0,696.0,0.6968,54106.63292,1
1787974500000,77610.0,77610.0,77552.4,77578.8,3687.0,3.6879,286153.63979,1
1787974800000,77578.8,77643.0,77578.4,77599.2,1048.0,1.0485,81357.33171,1
1787975100000,77597.5,77601.0,77548.8,77558.6,639.0,0.6392,49580.07887,1
1787975400000,77558.6,77559.2,77501.0,77515.3,29822.0,29.8224,2311636.7975,1
1787975700000,77515.3,77515.3,77492.9,77492.9,1877.0,1.8775,145509.67676,1
1787976000000,77492.9,77549.9,77489.8,77549.9,3920.0,3.9203,303856.2089,1
1787976300000,77549.9,77550.2,77522.9,77536.5,1797.0,1.7976,139384.59997,1
1787976600000,77534.9,77563.3,77534.9,77559.9,1942.0,1.942,150604.89039,1
1787976900000,77561.3,77573.2,77560.0,77570.0,1736.0,1.7365,134698.40107,1
1787977200000,77570.0,77588.1,77570.0,77588.0,508.0,0.5085,39450.44553,1
1787977500000,77588.0,77588.1,77576.5,77576.5,564.0,0.5645,43794.35044,1
1787977800000,77581.8,77591.5,77569.9,77570.1,1692.0,1.6924,131298.49821,1
1787978100000,77570.1,77591.5,77559.1,77591.5,5363.0,5.3634,416145.18968,1
1787978400000,77591.5,77615.6,77590.0,77590.0,1234.0,1.2343,95791.48883,1
1787978700000,77588.2,77618.3,77581.2,77611.0,4975.0,4.9756,386056.91237,1
1787979000000,77611.0,77644.5,77610.8,77630.7,444.0,0.4448,34526.26453,1
1787979300000,77630.7,77651.4,77610.0,77622.0,507.0,0.5079,39426.59957,1
1787979600000,77619.6,77648.6,77600.0,77633.1,1774.0,1.7747,137738.1102,1
1787979900000,77638.1,77651.9,77638.1,77651.0,15318.0,15.3189,1189475.23231,1
1787980200000,77651.0,77684.0,77642.3,77675.9,6225.0,6.225,483518.22815,1
1787980500000,77675.9,77675.9,77655.9,77667.9,3952.0,3.9521,306923.33925,1
1787980800000,77667.9,77667.9,77608.1,77642.2,404.0,0.4046,31410.63316,1
1787981100000,77642.2,77650.0,77631.3,77631.3,110.0,0.1102,8556.6629,1
1787981400000,77629.6,77630.8,77617.3,77629.4,10370.0,10.3706,804964.75088,1
1787981700000,77629.5,77677.8,77606.4,77675.3,1362.0,1.3628,105825.0906,1
1787982000000,77677.4,77687.7,77640.0,77653.0,1462.0,1.4628,113637.9953,1
1787982300000,77653.0,77667.5,77653.0,77658.1,206.0,0.2067,16051.98372,1
1787982600000,77658.1,77658.2,77600.8,77601.2,163.0,0.1631,12661.59874,1
1787982900000,77591.5,77607.0,77574.9,77607.0,6745.0,6.7458,523372.14121,1
1787983200000,77607.0,77608.0,77537.0,77552.0,1777.0,1.777,137794.70294,1
1787983500000,77552.0,77560.5,77529.1,77547.2,449.0,0.4494,34845.94648,1
1787983800000,77543.2,77543.2,77454.3,77454.3,3074.0,3.0742,238246.13869,1
1787984100000,77453.0,77488.5,77436.3,77436.3,2070.0,2.0706,160401.56904,1
1787984400000,77436.2,77436.2,77360.5,77387.4,3799.0,3.7997,294052.27692,1
1787984700000,77387.9,77399.6,77355.0,77387.3,4102.0,4.1025,317427.69303,1
1787985000000,77387.3,77439.7,77387.3,77439.1,704.0,0.7045,54545.8915,1
1787985300000,77439.1,77439.1,77400.0,77400.0,1277.0,1.2779,98933.9264,1
1787985600000,77395.2,77460.0,77395.1,77417.4,574.0,0.5742,44450.80535,1
1787985900000,77420.8,77447.8,77420.8,77435.7,568.0,0.5685,44021.02927,1
1787986200000,77432.2,77449.4,77404.2,77406.8,1532.0,1.5321,118633.52934,1
1787986500000,77406.9,77440.5,77406.8,77440.5,2019.0,2.0192,156332.43232,1
1787986800000,77440.5,77493.2,77440.5,77484.3,1965.0,1.9658,152287.51763,1
1787987100000,77488.3,77506.9,77412.7,77412.7,1914.0,1.9142,148248.40025,1
1787987400000,77412.7,77452.6,77412.7,77436.7,1638.0,1.6385,126858.12869,1
1787987700000,77436.6,77491.1,77421.0,77481.1,1185.0,1.1854,91798.83694,1
1787988000000,77481.1,77484.9,77469.5,77469.5,5589.0,5.5899,433108.32679,1
1787988300000,77469.5,77496.7,77469.5,77491.2,547.0,0.5473,42411.77279,1
1787988600000,77491.2,77502.9,77477.9,77499.0,2344.0,2.3442,181671.31059,1
1787988900000,77499.1,77583.4,77499.0,77583.4,2159.0,2.1598,167449.86181,1
1787989200000,77583.4,77623.9,77572.9,77623.9,4866.0,4.8664,377640.14133,1
1787989500000,77623.9,77638.0,77587.3,77595.0,1514.0,1.5147,117558.51673,1
1787989800000,77595.1,77595.1,77586.6,77586.6,1480.0,1.4807,114889.57703,1
1787990100000,77597.4,77622.2,77597.4,77614.4,1264.0,1.264,98095.93345,1
1787990400000,77614.4,77614.4,77442.1,77455.2,7923.0,7.9235,614105.52371,1
1787990700000,77455.2,77489.6,77455.1,77474.4,1319.0,1.3197,102253.72045,1
1787991000000,77474.4,77518.9,77472.3,77493.3,953.0,0.9533,73862.72046,1
1787991300000,77486.6,77511.5,77476.3,77511.5,254.0,0.2541,19688.78233,1
1787991600000,77511.5,77535.9,77488.2,77527.7,471.0,0.4717,36565.67284,1
1787991900000,77527.7,77558.4,77525.9,77558.0,312.0,0.3123,24214.34782,1
1787992200000,77558.0,77558.0,77478.8,77518.2,3452.0,3.4527,267583.50589,1
1787992500000,77518.2,77518.2,77510.4,77514.7,1191.0,1.1912,92337.62529,1
1787992800000,77524.9,77557.3,77524.9,77550.3,397.0,0.3972,30797.07265,1
1787993100000,77547.5,77581.6,77515.1,77541.5,732.0,0.7324,56790.39349,1
1787993400000,77541.5,77584.6,77535.3,77535.3,280.0,0.2803,21741.09024,1
1787993700000,77540.6,77600.0,77539.5,77599.9,5558.0,5.5589,431144.63819,1
1787994000000,77600.0,77623.5,77595.5,77612.4,613.0,0.6134,47604.26059,1
1787994300000,77613.3,77649.1,77547.3,77574.3,4558.0,4.5587,353840.49474,1
1787994600000,77574.3,77613.8,77574.3,77613.8,2813.0,2.8137,218280.12678,1
1787994900000,77613.9,77634.5,77613.9,77627.7,4578.0,4.5788,355405.33151,1
1787995200000,77627.7,77627.7,77583.8,77608.7,3812.0,3.8121,295839.15414,1
1787995500000,77608.6,77608.7,77591.7,77600.0,2603.0,2.6031,202002.42957,1
1787995800000,77600.0,77637.8,77600.0,77637.8,576.0,0.5762,44728.22004,1
1787996100000,77637.8,77700.0,77633.4,77700.0,12349.0,12.3493,959253.34419,1
1787996400000,77700.0,77727.1,77646.0,77649.4,2092.0,2.0927,162587.54252,1
1787996700000,77649.4,77649.4,77622.0,77628.7,764.0,0.7643,59328.37146,1
1787997000000,77628.8,77642.9,77620.8,77642.8,2383.0,2.3835,185048.49123,1
1787997300000,77642.8,77642.9,77618.9,77618.9,1288.0,1.2881,100006.61823,1
1787997600000,77618.0,77618.0,77558.1,77558.1,5052.0,5.0523,391942.3573,1
1787997900000,77558.1,77558.1,77498.5,77515.1,2429.0,2.429,188285.7726,1
1787998200000,77515.1,77548.9,77515.1,77548.9,739.0,0.7391,57296.19153,1
1787998500000,77552.6,77689.9,77552.6,77664.5,1951.0,1.9512,151474.34955,1
1787998800000,77664.6,77684.9,77626.1,77651.2,924.0,0.9249,71826.13726,1
1787999100000,77654.3,77658.3,77639.0,77639.1,453.0,0.4531,35180.58303,1
1787999400000,77639.1,77645.3,77633.6,77645.3,1143.0,1.1433,88764.5553,1
1787999700000,77645.3,77695.4,77637.3,77661.4,1535.0,1.5353,119263.46434,1
1788000000000,77659.1,77659.1,77653.0,77653.0,33.0,0.033,2562.5838,1
1788000300000,77653.0,77696.1,77653.0,77695.0,6446.0,6.4467,500811.60603,1
1788000600000,77695.0,77695.0,77675.3,77692.0,2115.0,2.1155,164349.33876,1
1788000900000,77692.0,77692.0,77605.5,77605.5,938.0,0.9383,72879.61658,1
1788001200000,77605.5,77610.3,77589.1,77610.3,480.0,0.48,37247.07042,1
1788001500000,77610.3,77619.9,77593.2,77608.8,751.0,0.7513,58311.55941,1
1788001800000,77608.9,77686.7,77608.9,77686.7,834.0,0.834,64773.50945,1
1788002100000,77686.7,77686.8,77666.6,77666.6,1146.0,1.1469,89082.27502,1
1788002400000,77666.6,77666.6,77652.9,77653.4,1274.0,1.2748,98999.52184,1
1788002700000,77653.4,77662.1,77649.5,77662.1,991.0,0.9916,77006.72021,1
1788003000000,77662.1,77662.1,77649.3,77650.7,288.0,0.2884,22395.14226,1
1788003300000,77650.7,77659.0,77634.1,77648.7,1772.0,1.7727,137645.6805,1
1788003600000,77648.7,77676.7,77610.0,77612.1,608.0,0.6085,47241.26038,1
1788003900000,77612.1,77641.3,77612.0,77628.4,916.0,0.9168,71172.2581,1
1788004200000,77628.4,77636.4,77605.2,77605.2,1190.0,1.1909,92434.58838,1
1788004500000,77605.2,77605.2,77541.0,77570.0,6587.0,6.5873,510884.85133,1
1788004800000,77570.0,77575.9,77563.0,77575.8,2043.0,2.0431,158478.6794,1
1788005100000,77575.9,77590.7,77551.0,77551.2,3722.0,3.7227,288762.31382,1
1788005400000,77551.2,77568.5,77540.1,77568.4,4146.0,4.1467,321562.8991,1
1788005700000,77576.5,77626.5,77576.5,77619.0,1735.0,1.7354,134684.22055,1
1788006000000,77625.2,77632.1,77529.7,77529.7,2203.0,2.2039,171015.00811,1
1788006300000,77529.7,77563.1,77506.6,77563.1,1687.0,1.6879,130862.82837,1
1788006600000,77563.1,77571.3,77482.8,77511.9,9681.0,9.681,750656.8759,1
1788006900000,77511.9,77549.9,77511.9,77538.2,3541.0,3.5411,274579.02919,1
1788007200000,77538.2,77550.0,77538.2,77549.9,1146.0,1.1461,88876.60602,1
1788007500000,77549.9,77562.8,77544.7,77562.7,491.0,0.4911,38084.92316,1
1788007800000,77562.7,77569.9,77518.5,77523.3,859.0,0.8593,66632.24636,1
1788008100000,77523.3,77559.2,77523.3,77559.1,314.0,0.3141,24359.16377,1
1788008400000,77559.1,77571.3,77538.7,77547.3,1164.0,1.1642,90300.72405,1
1788008700000,77547.3,77585.5,77547.3,77570.1,1328.0,1.3284,103053.12465,1
1788009000000,77570.0,77644.9,77570.0,77629.6,1225.0,1.2256,95113.50493,1
1788009300000,77618.1,77690.0,77615.4,77628.4,7787.0,7.7878,604838.70593,1
1788009600000,77628.4,77662.5,77623.9,77662.5,4374.0,4.3748,339620.68895,1
1788009900000,77662.4,77662.4,77616.6,77622.6,5963.0,5.9637,462971.91077,1
1788010200000,77622.6,77650.0,77609.1,77609.1,488.0,0.4886,37925.02876,1
1788010500000,77615.4,77686.9,77615.4,77632.0,1567.0,1.5678,121760.88479,1
1788010800000,77634.5,77635.0,77629.9,77633.9,5590.0,5.5906,434023.204,1
1788011100000,77633.9,77689.7,77623.5,77689.7,5809.0,5.8096,451167.91286,1
1788011400000,77675.9,77675.9,77667.3,77671.4,3475.0,3.475,269908.35421,1
1788011700000,77671.4,77685.0,77671.2,77671.2,1127.0,1.1271,87552.68369,1
1788012000000,77670.1,77675.0,77665.4,77675.0,1236.0,1.2363,96024.03708,1
1788012300000,77682.9,77696.0,77666.3,77666.3,1616.0,1.6161,125550.65264,1
1788012600000,77660.7,77670.7,77644.0,77656.8,3926.0,3.9263,304896.21053,1
1788012900000,77656.8,77681.3,77646.4,77647.7,2701.0,2.7016,209821.87837,1
1788013200000,77644.1,77704.0,77644.0,77704.0,3371.0,3.3711,261849.49441,1
1788013500000,77704.0,77718.3,77666.5,77667.9,12582.0,12.5827,977794.48194,1
1788013800000,77667.9,77678.7,77667.0,77667.0,9131.0,9.1313,709239.81656,1
