ts,open,high,low,close,vol,volCurrency,volCurrencyQuote,confirm
1785020400000,64377.7,64393.0,64369.3,64390.3,4503.0,4.5037,289959.71114,1
1785021300000,64379.3,64387.5,64358.4,64367.9,3762.0,3.7622,242172.47807,1
1785022200000,64368.0,64393.4,64358.7,64360.1,5572.0,5.5721,358770.08172,1
1785023100000,64358.5,64367.4,64331.9,64338.0,10013.0,10.0133,644382.90866,1
1785024000000,64338.0,64413.7,64317.9,64405.6,10821.0,10.8219,696699.6304,1
1785024900000,64405.6,64465.6,64394.7,64446.6,16328.0,16.3285,1052065.13363,1
1785025800000,64444.2,64457.9,64379.3,64390.2,24017.0,24.017,1547132.89313,1
1785026700000,64388.1,64472.8,64380.6,64472.8,4534.0,4.5341,292115.7364,1
1785027600000,64472.9,64512.2,64434.8,64472.7,32238.0,32.2387,2078250.00448,1
1785028500000,64472.7,64475.3,64434.2,64444.7,2244.0,2.244,144624.50855,1
1785029400000,64447.9,64473.1,64433.0,64447.6,5908.0,5.9087,380771.071,1
1785030300000,64447.6,64460.5,64422.9,64434.3,3713.0,3.713,239261.42603,1
1785031200000,64438.3,64450.5,64394.1,64450.4,4834.0,4.8347,311438.2399,1
1785032100000,64450.4,64453.1,64412.6,64452.2,4205.0,4.2059,271034.81659,1
1785033000000,64452.2,64456.7,64398.1,64410.1,5870.0,5.8702,378122.43907,1
1785033900000,64410.1,64499.9,64410.0,64490.7,13655.0,13.6551,880107.37447,1
1785034800000,64492.0,64553.9,64453.3,64550.0,10107.0,10.107,652085.78738,1
1785035700000,64550.0,64550.0,64504.5,64523.9,7696.0,7.696,496565.58061,1
1785036600000,64523.9,64549.7,64515.7,64518.6,4662.0,4.6625,300907.90395,1
1785037500000,64518.6,64526.1,64500.0,64515.8,8012.0,8.0126,516937.0622,1
1785038400000,64512.8,64519.9,64473.8,64476.4,6794.0,6.794,438167.55233,1
1785039300000,64476.4,64525.0,64462.9,64525.0,3832.0,3.832,247142.67776,1
1785040200000,64525.0,64545.0,64509.0,64545.0,2037.0,2.0374,131465.06776,1
1785041100000,64549.4,64565.9,64485.1,64506.9,13022.0,13.0221,840356.09585,1
1785042000000,64493.1,64493.1,64461.0,64490.2,4873.0,4.8738,314230.7094,1
1785042900000,64490.2,64490.5,64456.8,64456.8,3581.0,3.5813,230910.24465,1
1785043800000,64456.8,64456.8,64360.0,64446.5,14905.0,14.9052,960222.49675,1
1785044700000,64446.5,64446.6,64385.6,64385.6,7059.0,7.0592,454798.58153,1
1785045600000,64390.0,64400.1,64320.0,64323.6,6550.0,6.5508,421637.01829,1
1785046500000,64321.4,64324.0,64259.6,64271.5,11126.0,11.1263,715257.04628,1
1785047400000,64270.1,64350.9,64265.5,64349.1,6432.0,6.4321,413792.41886,1
1785048300000,64343.5,64428.4,64343.5,64408.9,4869.0,4.8692,313585.63261,1
1785049200000,64408.9,64438.9,64369.9,64392.6,16690.0,16.6904,1074759.79699,1
1785050100000,64392.6,64408.1,64328.9,64340.5,3723.0,3.7239,239705.4168,1
1785051000000,64340.6,64350.0,64314.3,64320.4,5734.0,5.7348,368905.57074,1
1785051900000,64320.8,64350.0,64320.8,64341.3,2905.0,2.905,186895.63344,1
1785052800000,64344.0,64365.3,64320.2,64365.3,9162.0,9.1625,589517.04084,1
1785053700000,64365.3,64387.9,64349.9,64371.2,3016.0,3.0168,194194.67144,1
1785054600000,64371.2,64416.6,64367.1,64416.6,8679.0,8.6797,558814.26622,1
1785055500000,64417.4,64466.7,64417.4,64450.1,17152.0,17.1524,1105186.09579,1
1785056400000,64450.1,64485.9,64450.0,64468.1,4899.0,4.8995,315874.73412,1
1785057300000,64468.1,64523.9,64466.1,64507.9,4086.0,4.0866,263631.33549,1
1785058200000,64507.9,64521.0,64477.0,64519.2,3306.0,3.3062,213255.45802,1
1785059100000,64519.2,64525.2,64507.0,64510.0,22614.0,22.6145,1458950.93803,1
1785060000000,64510.8,64512.3,64479.0,64485.4,12757.0,12.7579,822767.27523,1
1785060900000,64483.2,64518.7,64472.6,64493.7,9881.0,9.8812,637339.75042,1
1785061800000,64493.7,64528.9,64493.7,64528.8,10210.0,10.2109,658785.75414,1
1785062700000,64528.8,64556.0,64483.9,64490.9,5981.0,5.9812,385887.17578,1
1785063600000,64486.4,64505.0,64476.8,64481.9,5292.0,5.2925,341351.68855,1
1785064500000,64481.9,64499.7,64477.0,64477.0,2814.0,2.814,181463.97371,1
1785065400000,64477.0,64477.0,64470.0,64470.0,5772.0,5.7728,372183.7112,1
1785066300000,64470.0,64488.8,64470.0,64481.5,3977.0,3.9776,256475.19763,1
1785067200000,64483.5,64638.0,64483.5,64577.4,35219.0,35.2193,2274596.9926,1
1785068100000,64580.0,64594.2,64485.9,64554.1,13231.0,13.2312,854080.71983,1
1785069000000,64554.1,64554.1,64470.0,64470.0,82666.0,82.6663,5333668.90054,1
1785069900000,64470.1,64470.1,64414.1,64434.3,15523.0,15.5234,1000342.83119,1
1785070800000,64434.2,64439.6,64379.7,64391.9,19504.0,19.5048,1256108.50116,1
1785071700000,64392.0,64488.9,64392.0,64439.9,27171.0,27.1714,1750923.39429,1
1785072600000,64439.9,64524.7,64430.3,64524.7,15143.0,15.1433,976267.4949,1
1785073500000,64524.7,64546.3,64486.5,64491.9,7102.0,7.1024,458173.98933,1
1785074400000,64495.7,64741.3,64495.7,64678.6,113044.0,113.0447,7307428.26025,1
1785075300000,64671.0,64671.0,64594.3,64605.1,35922.0,35.9221,2321831.8372,1
1785076200000,64605.1,64699.7,64588.3,64658.4,14143.0,14.1433,914269.8793,1
1785077100000,64660.2,64729.7,64653.4,64687.2,42999.0,42.9991,2781484.12769,1
1785078000000,64691.7,64732.8,64640.0,64640.0,14757.0,14.7576,954456.99291,1
1785078900000,64640.1,64757.0,64640.1,64727.9,51345.0,51.3452,3323005.83447,1
1785079800000,64727.9,64803.4,64700.0,64775.0,58760.0,58.7608,3805839.59548,1
1785080700000,64774.9,64774.9,64702.8,64733.5,199127.0,199.1275,12888353.31811,1
1785081600000,64742.8,64767.4,64670.2,64687.7,18670.0,18.6707,1208079.1441,1
1785082500000,64687.8,64787.1,64687.8,64773.1,22152.0,22.1528,1434301.03324,1
1785083400000,64770.8,64898.9,64769.8,64788.0,105719.0,105.7197,6855725.2418,1
1785084300000,64788.0,64803.0,64706.2,64706.2,20597.0,20.5974,1334081.99924,1
1785085200000,64700.1,64745.7,64640.2,64744.0,75483.0,75.4837,4883339.03713,1
1785086100000,64744.0,64768.7,64682.7,64685.8,35477.0,35.4774,2295631.60175,1
1785087000000,64685.9,64729.0,64641.0,64656.0,25803.0,25.8039,1669359.36368,1
1785087900000,64659.5,64682.9,64643.0,64663.3,14840.0,14.8408,959642.3644,1
1785088800000,64665.6,64669.0,64644.2,64654.2,54641.0,54.6413,3532903.58991,1
1785089700000,64654.3,64669.0,64638.0,64659.9,12477.0,12.4775,806704.50313,1
1785090600000,64660.0,64686.0,64649.3,64676.4,7713.0,7.7135,498847.38562,1
1785091500000,64676.5,64740.9,64676.5,64706.9,30325.0,30.3253,1961980.4234,1
1785092400000,64706.9,64716.2,64638.8,64646.8,9870.0,9.8706,638383.8962,1
1785093300000,64646.9,64697.2,64646.8,64692.6,8830.0,8.8308,571046.27346,1
1785094200000,64692.7,64729.4,64688.2,64696.2,13277.0,13.2772,859057.17379,1
1785095100000,64696.3,64696.3,64663.9,64668.8,4838.0,4.8387,312932.26221,1
1785096000000,64668.8,64676.0,64655.9,64669.2,20438.0,20.4381,1321586.3214,1
1785096900000,64669.1,64669.2,64609.3,64623.8,59841.0,59.8412,3867241.19031,1
1785097800000,64623.8,64646.4,64621.9,64636.0,59428.0,59.4286,3840582.20303,1
1785098700000,64637.3,64637.3,64616.2,64621.2,5829.0,5.8294,376729.90258,1
1785099600000,64625.6,64686.4,64621.2,64665.8,28634.0,28.6348,1850882.06343,1
1785100500000,64665.7,64833.0,64665.7,64788.8,32816.0,32.8166,2125053.16481,1
1785101400000,64788.8,64821.1,64762.2,64762.2,15586.0,15.5868,1009823.70876,1
1785102300000,64769.9,64892.0,64769.9,64817.0,33649.0,33.6492,2181944.38768,1
1785103200000,64839.6,65223.0,64839.6,65181.8,297184.0,297.1844,19342105.34807,1
1785104100000,65187.2,65230.0,65137.8,65188.9,53282.0,53.2826,3472953.25452,1
1785105000000,65180.9,65480.0,65180.9,65433.7,272192.0,272.1923,17794903.58457,1
1785105900000,65433.7,65467.5,65352.0,65384.6,149174.0,149.1745,9753734.99862,1
1785106800000,65391.8,65550.7,65356.7,65387.4,127416.0,127.416,8342937.49731,1
1785107700000,65383.9,65464.5,65285.8,65305.9,167887.0,167.8879,10972598.4561,1
1785108600000,65300.1,65373.0,65260.9,65372.6,48795.0,48.7951,3188594.8458,1
1785109500000,65373.0,65434.8,65318.1,65371.0,96603.0,96.6038,6315153.86571,1
1785110400000,65371.0,65397.6,65161.2,65197.1,133767.0,133.7675,8723400.30774,1
1785111300000,65197.1,65228.2,65070.0,65163.0,57702.0,57.7029,3759147.12306,1
1785112200000,65166.9,65193.1,65084.4,65107.7,61516.0,61.5161,4006201.09942,1
1785113100000,65145.2,65162.6,65039.6,65100.0,30527.0,30.5274,1987481.24089,1
1785114000000,65100.0,65178.9,65015.5,65016.4,63958.0,63.9587,4167351.3637,1
1785114900000,65017.6,65056.8,64961.2,64989.7,48662.0,48.6624,3163829.41476,1
1785115800000,64993.3,65092.4,64872.0,65068.6,20647.0,20.6478,1341440.52401,1
1785116700000,65066.5,65193.3,65065.3,65179.9,160884.0,160.8846,10483547.80595,1
1785117600000,65179.9,65194.9,65135.9,65171.8,65040.0,65.0406,4239228.95582,1
1785118500000,65171.8,65219.7,65131.8,65167.6,27793.0,27.7938,1811137.20348,1
1785119400000,65155.0,65254.3,65088.0,65213.1,34200.0,34.2004,2230057.53989,1
1785120300000,65222.2,65237.3,65099.0,65145.6,8393.0,8.3939,546960.30416,1
1785121200000,65145.6,65256.0,65143.7,65256.0,13646.0,13.6461,889748.99003,1
1785122100000,65255.9,65308.3,65234.4,65290.7,14166.0,14.1665,924789.93238,1
1785123000000,65288.6,65330.9,65236.9,65330.9,15192.0,15.1924,992134.84425,1
1785123900000,65330.8,65343.9,65229.8,65261.5,52112.0,52.1128,3400323.85224,1
1785124800000,65261.5,65347.0,65230.5,65289.9,8650.0,8.6505,564653.19501,1
1785125700000,65289.9,65472.5,65265.0,65294.5,28977.0,28.9777,1893820.97362,1
1785126600000,65290.7,65402.3,65216.0,65354.0,24563.0,24.5635,1603323.8811,1
1785127500000,65354.0,65354.0,65252.7,65252.8,9055.0,9.0554,591293.42916,1
1785128400000,65257.2,65364.8,65250.6,65341.8,56279.0,56.2793,3674137.61555,1
1785129300000,65333.0,65400.0,65313.7,65378.1,13980.0,13.9808,913958.99105,1
1785130200000,65382.0,65400.0,65333.6,65360.4,57737.0,57.7376,3773881.39024,1
1785131100000,65360.4,65461.1,65321.2,65440.9,45477.0,45.4775,2974033.25234,1
1785132000000,65440.0,65710.7,65423.6,65570.8,100539.0,100.5396,6592658.12716,1
1785132900000,65568.2,65608.0,65432.7,65458.7,82400.0,82.4007,5398375.92206,1
1785133800000,65458.7,65540.4,65440.7,65502.2,17237.0,17.2377,1128893.81561,1
1785134700000,65502.1,65508.2,65388.0,65388.0,25626.0,25.6261,1676470.01048,1
1785135600000,65387.2,65418.3,65328.5,65394.6,12730.0,12.7301,832303.33547,1
1785136500000,65399.9,65420.3,65370.2,65380.8,11851.0,11.8515,775072.04456,1
1785137400000,65379.6,65379.6,65196.4,65262.8,39173.0,39.1735,2555710.23475,1
1785138300000,65262.8,65302.9,65200.0,65200.1,13038.0,13.0385,850913.39647,1
1785139200000,65208.7,65227.6,65140.0,65166.7,26704.0,26.7046,1740677.1587,1
1785140100000,65172.4,65234.0,65109.3,65209.1,20396.0,20.3966,1329645.60813,1
1785141000000,65209.1,65211.1,65131.9,65132.2,5447.0,5.4475,354903.52486,1
1785141900000,65132.2,65185.2,65096.1,65140.3,84964.0,84.9641,5537351.51758,1
1785142800000,65140.3,65140.3,65070.2,65092.1,25048.0,25.0487,1630809.12792,1
1785143700000,65092.1,65206.0,65092.1,65198.3,9659.0,9.659,629452.82749,1
1785144600000,65197.1,65303.0,65183.1,65275.9,15466.0,15.4669,1009450.90346,1
1785145500000,65275.9,65300.6,65238.2,65238.2,93525.0,93.5255,6104855.67665,1
1785146400000,65231.0,65253.0,65202.0,65219.0,31189.0,31.1899,2034398.84784,1
1785147300000,65218.9,65364.9,65218.9,65325.7,104010.0,104.0102,6785644.31661,1
1785148200000,65334.2,65390.0,65315.0,65381.3,10457.0,10.4571,683413.8424,1
1785149100000,65381.2,65400.0,65300.0,65314.8,47201.0,47.2019,3083408.16218,1
1785150000000,65311.5,65313.9,65226.9,65229.8,8048.0,8.0489,525397.10046,1
1785150900000,65229.8,65241.6,65114.2,65114.2,20039.0,20.039,1305862.59416,1
1785151800000,65111.0,65184.9,65107.0,65130.0,15069.0,15.069,981775.27947,1
1785152700000,65123.9,65124.3,65065.9,65073.1,21287.0,21.287,1385736.22671,1
1785153600000,65073.1,65234.9,65060.7,65063.2,39845.0,39.845,2596040.68139,1
1785154500000,65061.5,65118.1,64984.6,64985.3,49093.0,49.0934,3192684.4659,1
1785155400000,64984.6,65031.9,64821.3,65020.1,98904.0,98.9047,6419273.76823,1
1785156300000,65023.3,65110.0,64992.5,65054.0,43669.0,43.6698,2841469.12974,1
1785157200000,65054.0,65098.1,64943.4,64944.5,29203.0,29.2038,1899768.53062,1
1785158100000,64952.4,65027.7,64891.8,64923.9,66792.0,66.7929,4338310.19654,1
1785159000000,64931.8,65666.6,64923.9,65644.2,303006.0,303.0065,19797885.49149,1
1785159900000,65627.3,65688.5,65143.7,65189.4,137942.0,137.9425,9027506.60823,1
1785160800000,65189.3,65391.4,65111.0,65330.9,145172.0,145.1725,9474957.28365,1
1785161700000,65333.5,65359.8,64845.4,64845.4,162225.0,162.2254,10547323.70543,1
1785162600000,64846.0,64851.8,64424.5,64445.1,437614.0,437.614,28301003.81887,1
1785163500000,64455.0,64681.0,64445.2,64661.7,118286.0,118.2864,7643073.94896,1
1785164400000,64659.2,64748.7,64556.8,64698.1,46451.0,46.451,3002966.39221,1
1785165300000,64698.8,64735.6,64520.6,64626.7,48460.0,48.4602,3131895.94128,1
1785166200000,64624.3,64659.0,64377.8,64546.6,57232.0,57.2327,3690216.29383,1
1785167100000,64546.4,64609.9,64501.9,64522.0,39706.0,39.7067,2564127.73274,1
1785168000000,64522.2,64649.9,64504.6,64586.5,57107.0,57.1071,3689373.53587,1
1785168900000,64582.0,64750.0,64484.6,64701.8,66580.0,66.5802,4304761.96462,1
1785169800000,64703.0,64941.7,64703.0,64894.3,108736.0,108.7366,7053460.20103,1
1785170700000,64896.7,64912.5,64779.9,64871.0,36078.0,36.0784,2339777.20388,1
1785171600000,64861.3,64920.5,64764.3,64872.7,21228.0,21.2288,1376310.94849,1
1785172500000,64861.2,65033.0,64854.9,64966.4,56321.0,56.3219,3660235.84422,1
1785173400000,64966.9,65060.6,64962.5,64970.5,47817.0,47.8177,3109744.91158,1
1785174300000,64970.5,65004.9,64926.2,64994.2,29759.0,29.7594,1932874.73588,1
1785175200000,64994.2,65029.9,64933.7,64933.7,28304.0,28.3041,1839188.89792,1
1785176100000,64930.3,64930.3,64815.6,64884.6,30555.0,30.5559,1982023.20992,1
1785177000000,64884.6,64900.0,64729.0,64815.4,31019.0,31.0197,2010188.04725,1
1785177900000,64800.1,64855.1,64737.9,64842.7,34310.0,34.31,2223666.17459,1
1785178800000,64852.7,65000.0,64785.8,64948.0,60379.0,60.3791,3920789.62307,1
1785179700000,64949.9,65007.4,64903.4,64955.3,22676.0,22.6764,1473185.53688,1
1785180600000,64963.5,65059.2,64945.4,64953.1,51743.0,51.7435,3363805.74358,1
1785181500000,64949.2,64954.3,64900.0,64954.3,11341.0,11.3419,736405.41546,1
1785182400000,64957.4,65028.5,64913.0,64923.6,18043.0,18.0436,1171941.95568,1
1785183300000,64929.1,64989.4,64880.5,64989.4,13027.0,13.0274,845657.41784,1
1785184200000,64989.4,65003.4,64921.4,64921.7,22396.0,22.396,1455153.05676,1
1785185100000,64909.1,64942.4,64878.1,64940.4,26630.0,26.63,1728558.94189,1
1785186000000,64940.3,64940.3,64871.0,64880.0,11086.0,11.0863,719534.0435,1
1785186900000,64880.0,64880.1,64790.2,64800.6,12462.0,12.462,807964.24862,1
1785187800000,64806.2,64857.9,64773.3,64798.7,32779.0,32.7792,2125090.99037,1
1785188700000,64791.0,64844.0,64770.4,64790.2,21158.0,21.1583,1371280.78904,1
1785189600000,64790.2,64790.2,64638.3,64693.0,47563.0,47.5636,3076632.79327,1
1785190500000,64693.0,64723.1,64539.5,64574.5,62745.0,62.7454,4053462.6282,1
1785191400000,64569.9,64570.4,64114.1,64177.1,303632.0,303.6329,19514007.28298,1
1785192300000,64170.0,64191.9,63755.4,63755.5,498976.0,498.9769,31921736.57489,1
1785193200000,63755.4,63819.7,63567.0,63769.1,507166.0,507.1664,32313787.06646,1
1785194100000,63769.1,63895.6,63700.0,63846.0,105633.0,105.6331,6739021.90286,1
1785195000000,63846.0,63889.9,63598.3,63650.0,80830.0,80.8304,5153339.97261,1
1785195900000,63646.4,63755.9,63639.8,63720.7,56568.0,56.5687,3604714.53409,1
1785196800000,63720.7,63757.8,63468.2,63641.6,199629.0,199.6298,12693736.65341,1
1785197700000,63649.9,63794.3,63560.8,63675.0,52675.0,52.6757,3356329.64244,1
1785198600000,63675.0,63681.7,63532.5,63581.0,26929.0,26.9297,1713484.09253,1
1785199500000,63580.8,63593.7,63439.4,63458.5,81518.0,81.5184,5176167.06113,1
1785200400000,63458.9,63500.0,63028.7,63179.7,250423.0,250.4239,15835309.45766,1
1785201300000,63179.8,63321.0,63113.3,63280.3,45584.0,45.584,2881192.59698,1
1785202200000,63280.4,63366.1,63145.6,63164.9,37419.0,37.4191,2367634.82736,1
1785203100000,63160.6,63267.4,63145.6,63195.9,49673.0,49.6734,3139209.03059,1
1785204000000,63194.0,63250.0,63124.1,63232.7,33957.0,33.9578,2145210.27216,1
1785204900000,63232.6,63263.3,63168.4,63200.3,11219.0,11.2191,709405.84008,1
1785205800000,63200.2,63209.9,63102.5,63105.4,26288.0,26.288,1660291.63404,1
1785206700000,63105.4,63171.1,63069.9,63148.1,31957.0,31.9579,2017570.03975,1
1785207600000,63148.1,63261.5,63131.9,63243.4,41078.0,41.0784,2595586.67879,1
1785208500000,63236.4,63310.1,63212.2,63261.3,57037.0,57.0374,3609184.99901,1
1785209400000,63257.2,63342.6,63202.0,63319.6,26732.0,26.7326,1692076.34239,1
1785210300000,63323.2,63332.9,63250.0,63310.1,41870.0,41.8707,2650209.98125,1
1785211200000,63310.0,63323.1,63259.9,63286.0,14900.0,14.9005,943298.3783,1
1785212100000,63301.6,63333.3,63258.7,63260.1,28757.0,28.7576,1820530.40461,1
1785213000000,63257.9,63260.9,63200.0,63258.7,26163.0,26.1635,1653959.7463,1
1785213900000,63257.5,63326.9,63254.9,63318.0,25103.0,25.1038,1588631.88517,1
1785214800000,63326.3,63464.8,63299.6,63418.1,31820.0,31.8202,2017769.67563,1
1785215700000,63418.2,63587.4,63418.2,63514.3,83400.0,83.4002,5296636.89391,1
1785216600000,63516.2,63522.1,63401.1,63522.1,29513.0,29.5132,1872720.9706,1
1785217500000,63524.2,63530.1,63420.0,63420.0,15878.0,15.8782,1007993.17156,1
1785218400000,63418.1,63433.8,63365.4,63390.3,18934.0,18.9346,1200311.90777,1
1785219300000,63390.3,63500.0,63390.3,63494.7,36030.0,36.0309,2286574.61431,1
1785220200000,63497.4,63553.9,63473.5,63542.8,14867.0,14.8671,944333.43457,1
1785221100000,63541.0,63624.6,63510.5,63612.6,21051.0,21.0518,1338591.53007,1
1785222000000,63609.4,63622.0,63516.6,63556.4,13346.0,13.3463,848742.23951,1
1785222900000,63556.4,63565.8,63491.1,63533.2,26023.0,26.0234,1653693.46964,1
1785223800000,63533.2,63545.8,63453.5,63453.5,21284.0,21.284,1351480.57083,1
1785224700000,63453.5,63497.5,63425.0,63476.7,4762.0,4.7622,302227.17339,1
1785225600000,63474.4,63504.3,63404.9,63404.9,12470.0,12.4701,791478.68767,1
1785226500000,63404.9,63465.2,63401.9,63452.1,9663.0,9.6632,612844.59162,1
1785227400000,63452.1,63484.9,63385.6,63471.5,8341.0,8.3412,529066.89878,1
1785228300000,63471.5,63482.9,63371.1,63401.7,80054.0,80.0549,5074344.11827,1
1785229200000,63400.1,63436.9,63360.5,63400.0,14667.0,14.6673,929873.91473,1
1785230100000,63400.0,63466.8,63387.3,63466.8,8158.0,8.1587,517482.20383,1
1785231000000,63469.8,63547.8,63455.6,63490.1,10402.0,10.4029,660640.20141,1
1785231900000,63490.1,63528.6,63337.7,63367.9,23891.0,23.8917,1515509.49097,1
1785232800000,63362.6,63384.0,63292.7,63320.0,25385.0,25.3859,1607650.77999,1
1785233700000,63320.0,63399.8,63271.5,63352.9,27971.0,27.9719,1770720.88292,1
1785234600000,63352.9,63489.2,63340.0,63489.2,23996.0,23.9966,1522103.12856,1
1785235500000,63489.4,63532.1,63443.6,63443.6,17830.0,17.8301,1132319.26607,1
1785236400000,63448.9,63473.2,63335.3,63335.6,9802.0,9.8025,621315.62175,1
1785237300000,63335.4,63569.0,63333.4,63439.4,12273.0,12.273,779029.97217,1
1785238200000,63439.2,63542.9,63343.9,63383.8,10017.0,10.0175,635648.57045,1
1785239100000,63380.1,63479.0,63380.1,63461.7,11616.0,11.6169,737102.66138,1
1785240000000,63430.7,63500.0,63405.7,63413.8,10848.0,10.8484,688424.51219,1
1785240900000,63420.0,63480.9,63397.1,63401.7,53051.0,53.0519,3367071.174,1
1785241800000,63405.6,63450.6,63370.8,63450.0,9620.0,9.6206,609944.48537,1
1785242700000,63451.6,63542.7,63405.0,63520.1,26301.0,26.3011,1670054.97551,1
1785243600000,63520.1,63556.5,63451.8,63472.6,29875.0,29.8755,1897709.01189,1
1785244500000,63473.1,63479.7,63277.0,63282.6,27930.0,27.9305,1770047.51453,1
1785245400000,63282.6,63360.9,62870.0,62956.4,296446.0,296.4464,18698222.24495,1
1785246300000,62956.6,63098.3,62694.4,63078.8,370891.0,370.8914,23337700.67381,1
1785247200000,63081.4,63281.6,63081.4,63128.4,125596.0,125.5965,7933369.11627,1
1785248100000,63129.6,63209.7,62938.4,63151.6,274949.0,274.949,17338107.90981,1
1785249000000,63170.8,63398.1,63125.5,63327.3,152525.0,152.525,9656684.71726,1
1785249900000,63327.8,63521.0,63296.3,63378.0,136344.0,136.344,8648886.78766,1
1785250800000,63378.0,63460.9,63234.6,63438.6,98031.0,98.0318,6207375.88582,1
1785251700000,63425.8,63949.9,63340.6,63722.4,343197.0,343.1971,21862496.8686,1
1785252600000,63722.4,63916.6,63681.9,63844.6,104475.0,104.4756,6664974.28164,1
1785253500000,63836.9,64000.0,63767.0,63899.4,97869.0,97.8699,6251318.08065,1
1785254400000,63899.5,63912.2,63780.0,63784.2,52216.0,52.2162,3333270.49761,1
1785255300000,63784.2,63921.6,63768.1,63809.7,25344.0,25.3447,1617800.62163,1
1785256200000,63803.6,63920.0,63754.4,63889.8,38912.0,38.9122,2483182.73172,1
1785257100000,63894.9,64077.0,63847.6,64019.9,128025.0,128.0254,8195518.80364,1
1785258000000,64017.0,64017.0,63775.0,63783.0,91174.0,91.1744,5824016.54059,1
1785258900000,63782.9,63813.3,63674.7,63710.0,40402.0,40.4029,2574843.21194,1
1785259800000,63710.0,63710.1,63478.3,63538.2,131071.0,131.0719,8334197.36751,1
1785260700000,63538.2,63657.0,63537.8,63653.6,37677.0,37.6778,2396343.12854,1
1785261600000,63653.6,63824.7,63653.6,63670.7,63811.0,63.8116,4067329.49244,1
1785262500000,63664.6,63710.0,63651.8,63679.5,25837.0,25.837,1645098.54398,1
1785263400000,63685.8,63753.1,63652.0,63730.9,80785.0,80.7857,5147092.4961,1
1785264300000,63730.9,63780.9,63664.0,63707.6,34120.0,34.1201,2174721.17034,1
1785265200000,63712.5,63833.3,63712.5,63739.3,39295.0,39.2958,2506528.86287,1
1785266100000,63739.3,63771.1,63703.0,63728.6,21645.0,21.6452,1379605.80561,1
1785267000000,63734.9,63857.8,63667.6,63676.1,31206.0,31.2062,1990329.8041,1
1785267900000,63671.7,63867.8,63654.2,63867.8,28535.0,28.5355,1819614.3894,1
1785268800000,63870.3,63962.6,63854.0,63960.7,46786.0,46.7866,2989664.0026,1
1785269700000,63960.7,63982.8,63875.3,63875.3,56405.0,56.4053,3606230.87647,1
1785270600000,63875.4,63915.0,63859.0,63900.0,12040.0,12.0406,769236.04482,1
1785271500000,63910.8,63920.1,63868.0,63890.8,10436.0,10.4369,666947.43112,1
1785272400000,63890.8,63965.4,63887.5,63895.2,79464.0,79.4649,5079354.6384,1
1785273300000,63895.2,63908.7,63866.8,63888.5,5607.0,5.6075,358247.09747,1
1785274200000,63888.5,64042.0,63878.6,64010.0,55290.0,55.29,3536915.16,1
1785275100000,64015.1,64037.0,63954.0,63954.0,29355.0,29.355,1878425.17283,1
1785276000000,63950.1,63994.7,63886.3,63969.0,33856.0,33.8564,2165085.15107,1
1785276900000,63975.2,63996.9,63893.4,63895.0,14229.0,14.2296,909897.53593,1
1785277800000,63895.0,63895.0,63835.7,63856.9,37914.0,37.9148,2420999.84668,1
1785278700000,63850.3,63850.3,63750.2,63754.6,39883.0,39.8831,2544389.06697,1
1785279600000,63754.7,63764.1,63588.3,63599.8,81879.0,81.8793,5209918.08462,1
1785280500000,63599.8,63636.1,63526.0,63607.6,24033.0,24.0334,1528274.08418,1
1785281400000,63607.6,63820.0,63607.5,63820.0,50555.0,50.5554,3223471.08325,1
1785282300000,63816.5,63928.0,63792.1,63903.6,20747.0,20.7472,1325486.97729,1
1785283200000,63902.7,64164.2,63901.4,63987.2,119975.0,119.9751,7682540.57907,1
1785284100000,63987.2,64066.0,63923.9,63984.1,25595.0,25.5958,1637812.00676,1
1785285000000,63985.7,64073.4,63851.7,64058.8,79524.0,79.5249,5085578.89762,1
1785285900000,64058.8,64168.0,63912.5,63933.4,54137.0,54.1376,3464870.08857,1
1785286800000,63927.5,63974.3,63780.0,63793.0,51113.0,51.1135,3266092.17989,1
1785287700000,63796.4,63924.0,63749.4,63887.1,27626.0,27.6263,1764188.10356,1
1785288600000,63881.3,63915.7,63768.8,63786.0,33795.0,33.7958,2156474.49393,1
1785289500000,63783.1,63813.9,63670.0,63685.5,60499.0,60.499,3858297.03309,1
1785290400000,63680.1,63840.2,63621.8,63812.2,63137.0,63.1375,4021567.04072,1
1785291300000,63806.7,63989.7,63662.8,63987.7,35057.0,35.0572,2237494.4114,1
1785292200000,63989.6,64100.0,63927.1,64005.3,51986.0,51.9865,3327791.87598,1
1785293100000,64003.5,64022.3,63892.8,63954.9,20006.0,20.0062,1279322.46075,1
1785294000000,63954.9,63984.7,63833.5,63912.8,46893.0,46.8934,2998004.67119,1
1785294900000,63912.8,63943.9,63759.2,63775.9,44644.0,44.6449,2851120.51208,1
1785295800000,63773.2,63847.3,63688.9,63745.5,50194.0,50.1944,3199647.02065,1
1785296700000,63746.1,63775.3,63687.0,63727.0,16798.0,16.7989,1070358.75682,1
1785297600000,63732.9,63746.6,63572.4,63719.6,94623.0,94.623,6022571.36611,1
1785298500000,63711.1,63800.0,63614.2,63765.0,59111.0,59.1114,3769331.08214,1
1785299400000,63784.3,63933.4,63753.3,63847.4,11207.0,11.2078,715718.80419,1
1785300300000,63851.4,63950.0,63830.3,63944.2,25247.0,25.2478,1613087.9357,1
1785301200000,63947.2,63993.8,63906.7,63973.2,18865.0,18.8651,1206666.59803,1
1785302100000,63973.2,63973.2,63867.0,63929.5,11084.0,11.0842,708288.92642,1
1785303000000,63925.1,64016.2,63894.2,63994.3,21949.0,21.9499,1404835.72059,1
1785303900000,64008.0,64071.1,63988.3,64045.3,6095.0,6.0953,390362.26506,1
1785304800000,64045.4,64126.1,64004.7,64098.9,9537.0,9.5376,610985.84601,1
1785305700000,64098.7,64385.0,64076.7,64385.0,121210.0,121.2104,7786985.96951,1
1785306600000,64383.6,64440.4,64360.1,64430.8,76071.0,76.0711,4899122.91078,1
1785307500000,64430.6,64430.6,64367.7,64407.8,19813.0,19.8139,1275922.67706,1
1785308400000,64412.2,64461.3,64376.1,64435.9,29198.0,29.1985,1880818.17347,1
1785309300000,64431.4,64483.9,64405.5,64481.8,12205.0,12.2055,786599.29145,1
1785310200000,64481.9,64485.0,64411.9,64464.9,16047.0,16.047,1034057.04139,1
1785311100000,64465.0,64544.0,64428.6,64531.4,60841.0,60.8414,3923672.1833,1
1785312000000,64539.1,64556.6,64328.6,64342.2,49762.0,49.7625,3206854.82786,1
1785312900000,64340.6,64375.3,64267.4,64273.5,11898.0,11.8984,765353.1628,1
1785313800000,64271.8,64397.0,64256.8,64397.0,21930.0,21.9306,1410609.41939,1
1785314700000,64399.9,64497.0,64366.6,64390.0,21643.0,21.643,1394212.07388,1
1785315600000,64391.1,64439.9,64353.2,64430.2,15258.0,15.258,982619.66328,1
1785316500000,64430.2,64443.9,64399.1,64428.3,6713.0,6.7137,432555.92788,1
1785317400000,64435.7,64660.6,64435.7,64574.7,98076.0,98.0761,6330871.6355,1
1785318300000,64567.0,64712.0,64482.8,64660.9,28357.0,28.3573,1833055.44002,1
1785319200000,64663.5,64679.9,64593.9,64634.7,21381.0,21.3816,1381851.03323,1
1785320100000,64638.6,64672.1,64580.6,64593.7,12728.0,12.7283,822499.93665,1
1785321000000,64595.0,64650.0,64534.7,64646.8,28419.0,28.4191,1834728.6169,1
1785321900000,64635.3,64635.3,64381.1,64444.1,22379.0,22.3792,1442478.6181,1
1785322800000,64444.1,64500.0,64416.0,64491.0,11373.0,11.3735,733154.02484,1
1785323700000,64490.1,64565.2,64449.0,64467.3,12369.0,12.3699,797885.42331,1
1785324600000,64461.2,64469.0,64390.4,64391.0,11886.0,11.8868,765538.40488,1
1785325500000,64391.0,64479.4,64388.0,64479.4,43702.0,43.7028,2814441.30832,1
1785326400000,64479.4,64479.5,64400.0,64430.0,10429.0,10.4299,672047.61276,1
1785327300000,64430.0,64430.2,64243.9,64313.1,66644.0,66.6441,4285980.96527,1
1785328200000,64310.3,64355.5,64258.2,64300.9,40568.0,40.5686,2608936.23601,1
1785329100000,64312.9,64313.6,64190.2,64248.2,45581.0,45.5817,2929005.62041,1
1785330000000,64248.1,64305.7,64190.0,64298.6,31514.0,31.5144,2024936.27533,1
1785330900000,64298.5,64305.1,64120.0,64177.7,42097.0,42.0975,2701633.52887,1
1785331800000,64172.5,64467.8,64114.7,64444.4,94451.0,94.4513,6071932.40103,1
1785332700000,64434.1,64634.0,64296.3,64634.0,103689.0,103.6895,6686202.10752,1
1785333600000,64633.0,64690.0,64203.5,64230.9,90423.0,90.4235,5829897.20928,1
1785334500000,64240.9,64372.4,64090.0,64171.5,115588.0,115.5887,7419909.43558,1
1785335400000,64165.8,64281.3,64028.2,64070.8,59359.0,59.3597,3807250.34889,1
1785336300000,64068.6,64232.4,64028.3,64079.0,75159.0,75.1595,4818330.39979,1
1785337200000,64087.2,64169.0,64049.9,64116.0,35895.0,35.895,2301604.44457,1
1785338100000,64108.4,64133.8,63946.0,64071.1,92166.0,92.1662,5899532.8844,1
1785339000000,64067.8,64155.6,63949.8,63958.1,44722.0,44.7221,2863866.29628,1
1785339900000,63956.0,64020.3,63870.8,63947.9,54649.0,54.6492,3493669.38519,1
1785340800000,63941.8,63984.7,63875.5,63951.4,48998.0,48.9982,3133347.3456,1
1785341700000,63922.4,64116.6,63899.2,64000.1,54326.0,54.3268,3478751.69352,1
1785342600000,64000.2,64054.0,63604.1,63669.2,144224.0,144.2242,9195774.91864,1
1785343500000,63672.9,63810.9,63640.0,63786.5,66642.0,66.6427,4245356.19151,1
1785344400000,63782.2,63854.7,63686.8,63850.0,123007.0,123.0079,7847338.02575,1
1785345300000,63850.0,63850.0,63725.3,63738.2,19369.0,19.3694,1235551.92477,1
1785346200000,63738.2,63955.0,63710.5,63942.3,56150.0,56.1509,3586231.6998,1
1785347100000,63944.6,64271.6,63907.2,64243.9,152139.0,152.1393,9753807.15913,1
1785348000000,64228.2,64661.7,64228.2,64313.8,272704.0,272.7043,17578515.67858,1
1785348900000,64313.8,64369.9,63959.4,64072.0,179873.0,179.873,11536199.02162,1
1785349800000,64078.2,64429.5,63748.6,64380.9,181733.0,181.7331,11653015.81037,1
1785350700000,64384.1,64610.8,64325.5,64474.8,136519.0,136.5198,8803927.73622,1
1785351600000,64475.0,64569.2,64150.8,64258.9,145311.0,145.3117,9343555.15558,1
1785352500000,64251.0,64380.6,63939.0,64010.8,176082.0,176.0822,11296385.48542,1
1785353400000,64016.2,64093.3,63825.0,63840.6,72932.0,72.9326,4665574.12646,1
1785354300000,63854.0,63879.9,63483.7,63558.8,214668.0,214.6687,13662375.95573,1
1785355200000,63580.5,63623.8,63340.8,63588.9,197616.0,197.6168,12545561.27708,1
1785356100000,63588.9,63690.9,63371.3,63500.1,150884.0,150.8846,9594510.70708,1
1785357000000,63504.0,63700.0,63470.4,63562.1,84785.0,84.7858,5390373.27159,1
1785357900000,63577.0,63582.2,63449.3,63493.0,57732.0,57.7323,3666812.65107,1
1785358800000,63492.6,63499.7,63233.7,63459.3,107012.0,107.0129,6778047.61218,1
1785359700000,63436.6,63549.6,63339.6,63539.6,48356.0,48.3567,3066819.20436,1
1785360600000,63539.5,63600.0,63512.6,63536.8,23363.0,23.3639,1484962.40756,1
1785361500000,63527.5,63821.8,63502.4,63821.7,217771.0,217.7717,13853139.24489,1
1785362400000,63821.8,64078.4,63821.7,63996.1,199318.0,199.3181,12748689.2599,1
1785363300000,63973.8,64108.4,63948.2,64016.6,54657.0,54.6573,3499679.99922,1
1785364200000,64016.0,64023.2,63893.0,63990.7,61261.0,61.2612,3917550.81037,1
1785365100000,63990.8,64000.0,63894.8,63916.9,34187.0,34.1879,2185616.61806,1
1785366000000,63920.0,63955.8,63870.7,63889.8,43988.0,43.9887,2811143.50213,1
1785366900000,63898.7,64044.4,63892.3,63980.8,18943.0,18.9434,1212078.87648,1
1785367800000,63980.8,64008.6,63907.0,63982.4,23864.0,23.864,1526319.40017,1
1785368700000,63983.2,64029.4,63929.2,63959.0,20648.0,20.6481,1320937.8882,1
1785369600000,63959.5,64059.8,63955.9,64010.8,52862.0,52.862,3383783.26269,1
1785370500000,64008.7,64084.6,63935.7,63979.8,18270.0,18.2707,1169502.82173,1
1785371400000,63979.9,63986.0,63656.6,63669.7,133305.0,133.3056,8493664.13737,1
1785372300000,63673.1,63730.7,63580.0,63653.6,31450.0,31.4505,2001825.7501,1
1785373200000,63666.5,63857.3,63663.3,63700.0,33065.0,33.0659,2107923.11377,1
1785374100000,63693.6,63819.9,63668.9,63810.8,27831.0,27.8316,1773292.89821,1
1785375000000,63810.8,64045.8,63810.8,64038.0,42805.0,42.8059,2737624.14887,1
1785375900000,64038.1,64354.1,64015.7,64242.9,73191.0,73.1912,4701231.16022,1
1785376800000,64241.0,64359.0,64212.7,64302.6,35684.0,35.6841,2294141.22979,1
1785377700000,64307.0,64393.1,64274.2,64326.3,27356.0,27.3568,1760295.5342,1
1785378600000,64332.2,64332.2,64193.9,64296.1,25462.0,25.4625,1635964.27346,1
1785379500000,64296.2,64296.2,64142.9,64156.4,27067.0,27.0671,1738428.71167,1
1785380400000,64166.1,64246.5,64109.9,64161.3,12232.0,12.2326,785201.96926,1
1785381300000,64161.3,64282.4,64161.3,64243.7,9191.0,9.1917,590366.03569,1
1785382200000,64243.7,64243.7,64116.8,64125.6,11172.0,11.1726,716705.44785,1
1785383100000,64125.6,64196.1,64125.5,64134.0,6338.0,6.3384,406675.92784,1
1785384000000,64140.0,64143.9,64077.0,64102.5,20540.0,20.5406,1316764.31264,1
1785384900000,64102.5,64107.4,64065.2,64079.4,16240.0,16.2408,1040820.04109,1
1785385800000,64079.4,64134.1,64031.8,64067.2,16038.0,16.0384,1027825.70859,1
1785386700000,64067.2,64121.8,63982.1,63998.6,16921.0,16.9214,1084177.56874,1
1785387600000,63995.4,64010.0,63907.2,63956.8,75872.0,75.8727,4851354.43887,1
1785388500000,63971.8,63989.1,63880.9,63989.1,60337.0,60.3375,3856323.38757,1
1785389400000,63983.7,64149.9,63983.7,64098.5,118825.0,118.8254,7614645.54626,1
1785390300000,64098.5,64123.7,63973.0,64013.6,13489.0,13.4894,863799.25335,1
1785391200000,64006.8,64051.7,63954.9,63970.7,29954.0,29.9545,1917044.71129,1
1785392100000,63970.7,64050.0,63939.7,64038.6,5449.0,5.4492,348788.90072,1
1785393000000,64050.4,64050.4,63947.1,63986.6,7666.0,7.666,490526.84959,1
1785393900000,63983.1,63995.4,63930.0,63974.6,20216.0,20.2161,1293122.65973,1
1785394800000,63974.6,64121.9,63968.1,64032.8,13088.0,13.0888,838251.75059,1
1785395700000,64042.6,64120.0,63966.6,64039.9,37807.0,37.8075,2420393.18405,1
1785396600000,64041.5,64041.5,63916.0,64008.8,32067.0,32.0677,2051132.1258,1
1785397500000,64012.7,64014.8,63953.6,63981.8,3053.0,3.0532,195337.78881,1
1785398400000,63987.2,64042.0,63950.0,63993.1,24253.0,24.253,1552088.64416,1
1785399300000,63993.0,64326.4,63957.3,64254.3,68957.0,68.9577,4428479.21447,1
1785400200000,64248.4,64323.1,64205.4,64323.1,35492.0,35.4923,2280726.88911,1
1785401100000,64320.0,64329.5,64261.5,64283.7,8043.0,8.0436,517138.69768,1
1785402000000,64280.5,64390.7,64258.3,64390.0,28223.0,28.223,1814918.36827,1
1785402900000,64389.0,64505.8,64362.4,64469.7,58856.0,58.8563,3793002.55176,1
1785403800000,64469.8,64618.2,64469.8,64571.7,87950.0,87.9509,5678589.05583,1
1785404700000,64571.7,64616.8,64550.0,64550.0,48321.0,48.3212,3120285.69547,1
1785405600000,64550.0,64602.8,64543.8,64549.0,48556.0,48.5564,3135375.71296,1
1785406500000,64548.9,64605.1,64546.9,64601.0,13657.0,13.6574,882106.1295,1
1785407400000,64601.0,64604.5,64539.6,64591.4,36251.0,36.2518,2341066.32963,1
1785408300000,64591.5,64596.0,64545.5,64548.9,12292.0,12.2922,793634.66787,1
1785409200000,64549.7,64605.0,64515.8,64581.3,17051.0,17.0519,1101001.14326,1
1785410100000,64581.3,64646.0,64545.4,64553.7,20407.0,20.4074,1318294.83493,1
1785411000000,64553.8,64684.9,64533.0,64638.3,24075.0,24.0759,1556392.48048,1
1785411900000,64638.2,64870.0,64629.2,64756.9,126337.0,126.3374,8183831.8347,1
1785412800000,64757.0,65015.6,64757.0,64960.7,81993.0,81.993,5320444.76621,1
1785413700000,64960.8,64999.8,64834.6,64854.9,43193.0,43.1933,2803293.5767,1
1785414600000,64856.4,64914.9,64810.7,64810.7,30139.0,30.1397,1954830.85373,1
1785415500000,64815.4,64917.4,64814.9,64892.7,27686.0,27.6863,1795772.37072,1
1785416400000,64892.6,64935.3,64808.0,64817.7,40938.0,40.9382,2655617.45863,1
1785417300000,64817.7,64849.9,64785.2,64807.6,28097.0,28.0978,1821103.73621,1
1785418200000,64816.8,64991.2,64663.0,64991.2,119183.0,119.1831,7726359.7889,1
1785419100000,64978.8,65150.0,64960.2,64995.9,239795.0,239.7954,15599960.36586,1
1785420000000,64986.5,65015.0,64700.0,64703.3,91279.0,91.2799,5916365.65898,1
1785420900000,64701.0,64821.9,64590.0,64750.7,199011.0,199.0118,12875604.67803,1
1785421800000,64751.0,64836.2,64705.9,64773.5,73318.0,73.3181,4750342.14872,1
1785422700000,64773.5,64814.7,64607.1,64649.0,47887.0,47.8873,3097076.51014,1
1785423600000,64653.5,64796.4,64571.4,64692.3,43220.0,43.2205,2796008.12318,1
1785424500000,64691.0,64858.7,64654.0,64657.9,54229.0,54.2292,3510757.18419,1
1785425400000,64657.0,64749.5,64604.6,64733.5,53698.0,53.6984,3472151.00509,1
1785426300000,64733.5,64763.4,64670.0,64694.3,37479.0,37.4793,2424775.46607,1
1785427200000,64697.5,64922.0,64694.5,64899.6,30655.0,30.655,1987510.12157,1
1785428100000,64899.9,64919.5,64811.3,64859.4,31915.0,31.9152,2069737.12893,1
1785429000000,64859.4,64869.9,64735.0,64741.6,42589.0,42.5899,2759881.27908,1
1785429900000,64741.0,64817.6,64741.0,64785.5,11019.0,11.0193,713813.86459,1
1785430800000,64796.9,64840.0,64735.3,64770.6,61341.0,61.341,3974304.68206,1
1785431700000,64770.6,64924.1,64759.6,64911.7,55408.0,55.4084,3595827.03048,1
1785432600000,64911.8,64957.3,64791.6,64919.6,44023.0,44.0239,2857373.40026,1
1785433500000,64908.8,64920.0,64822.2,64842.4,57515.0,57.515,3731774.68853,1
1785434400000,64842.4,64864.2,64788.4,64790.9,21217.0,21.2172,1375460.10687,1
1785435300000,64790.9,64790.9,64719.6,64765.8,19229.0,19.2297,1245137.70413,1
1785436200000,64781.4,64783.9,64679.9,64704.7,28879.0,28.8794,1868594.68268,1
1785437100000,64704.7,64704.7,64659.0,64677.1,27665.0,27.6651,1789307.89886,1
1785438000000,64668.9,64835.4,64668.9,64814.2,23363.0,23.3633,1512980.00261,1
1785438900000,64814.0,64875.0,64779.5,64856.3,21172.0,21.1729,1372407.68811,1
1785439800000,64856.4,64856.4,64796.2,64809.4,18362.0,18.3624,1190379.6,1
1785440700000,64806.5,64834.9,64750.0,64768.8,25345.0,25.345,1641883.29247,1
1785441600000,64781.9,64909.0,64755.1,64766.4,25244.0,25.2449,1636941.9009,1
1785442500000,64762.1,64849.9,64744.3,64764.3,20321.0,20.3216,1317089.69079,1
1785443400000,64793.4,64857.8,64727.0,64848.2,23012.0,23.0128,1490747.60822,1
1785444300000,64839.9,64854.9,64750.0,64750.0,12655.0,12.6552,820091.39956,1
1785445200000,64750.0,64780.8,64711.0,64733.9,21577.0,21.5777,1396901.48906,1
1785446100000,64730.7,64739.3,64721.2,64725.2,10810.0,10.8107,699749.5392,1
1785447000000,64725.2,64773.0,64719.9,64740.3,13604.0,13.6041,880677.6379,1
1785447900000,64740.3,64750.0,64678.3,64706.6,11493.0,11.4938,743746.82733,1
1785448800000,64691.1,64952.6,64647.1,64908.0,53092.0,53.0927,3442220.74522,1
1785449700000,64908.0,64978.6,64876.1,64975.7,19937.0,19.9376,1294684.50537,1
1785450600000,64979.0,64988.9,64857.3,64887.3,10364.0,10.3647,672787.0234,1
1785451500000,64887.3,64900.0,64817.2,64831.7,8843.0,8.8439,573519.90976,1
1785452400000,64822.0,64915.0,64817.0,64915.0,18828.0,18.828,1221504.98133,1
1785453300000,64914.1,64920.6,64872.1,64889.4,12738.0,12.7387,826672.46794,1
1785454200000,64901.4,65083.2,64763.2,64779.8,157879.0,157.8799,10268448.51535,1
1785455100000,64779.9,64860.0,64712.0,64750.1,22488.0,22.4881,1456876.30254,1
1785456000000,64750.0,64876.7,64733.1,64793.2,61661.0,61.6617,3996300.69596,1
1785456900000,64790.7,64799.7,64700.0,64735.3,24538.0,24.5388,1588804.47115,1
1785457800000,64735.3,64786.3,64718.1,64767.4,32101.0,32.1016,2078358.69139,1
1785458700000,64767.4,64781.6,64663.7,64698.9,27095.0,27.0951,1752967.70846,1
1785459600000,64703.9,65390.0,64703.9,65163.2,290384.0,290.3841,18919047.37539,1
1785460500000,65160.7,65193.6,65003.2,65160.0,58306.0,58.306,3796538.04289,1
1785461400000,65146.2,65158.7,64800.1,64803.3,90553.0,90.5535,5884425.56005,1
1785462300000,64803.4,64864.0,64450.0,64535.1,154661.0,154.6611,9990998.06923,1
1785463200000,64527.4,64590.7,64442.8,64464.2,36228.0,36.2283,2337851.58381,1
1785464100000,64460.7,64460.7,64320.6,64331.7,81785.0,81.7859,5265249.09843,1
1785465000000,64326.1,64386.1,64178.6,64216.1,95535.0,95.5358,6140688.85018,1
1785465900000,64210.6,64335.2,64200.0,64262.9,29138.0,29.1381,1872336.35105,1
1785466800000,64272.1,64272.1,64155.1,64225.0,43175.0,43.175,2772750.76222,1
1785467700000,64233.5,64396.6,64195.2,64355.1,38804.0,38.8049,2496062.09713,1
1785468600000,64370.4,64396.5,64276.1,64360.2,6586.0,6.5865,423720.94372,1
1785469500000,64360.2,64410.4,64316.4,64347.2,17930.0,17.93,1154480.93383,1
1785470400000,64346.1,64419.0,64320.7,64347.0,15744.0,15.744,1013201.93855,1
1785471300000,64341.4,64346.9,64210.1,64300.0,26967.0,26.9671,1733401.07952,1
1785472200000,64300.0,64340.0,64268.7,64282.9,4296.0,4.2962,276219.62659,1
1785473100000,64282.9,64308.4,64268.7,64285.1,21236.0,21.2361,1365198.28521,1
1785474000000,64285.1,64395.0,64285.1,64393.4,14925.0,14.925,960608.37072,1
1785474900000,64393.3,64396.7,64308.3,64308.3,8793.0,8.7939,565949.53198,1
1785475800000,64308.3,64337.3,64266.2,64266.2,28751.0,28.7514,1848789.3565,1
1785476700000,64266.2,64348.7,64250.0,64330.3,10360.0,10.3609,666020.9973,1
1785477600000,64331.4,64365.9,64291.9,64352.9,27782.0,27.7827,1787860.49128,1
1785478500000,64352.9,64429.7,64333.2,64429.7,14045.0,14.0456,903956.07396,1
1785479400000,64429.6,64476.8,64242.9,64249.9,31743.0,31.7433,2043529.46138,1
1785480300000,64249.9,64254.0,64179.9,64220.1,48421.0,48.4212,3109178.60949,1
1785481200000,64220.0,64220.0,64000.0,64038.6,81875.0,81.875,5246949.93605,1
1785482100000,64035.0,64066.1,63959.2,63969.6,54384.0,54.3843,3480878.62769,1
1785483000000,63965.7,64002.6,63852.4,63887.9,57064.0,57.0647,3646576.17252,1
1785483900000,63885.0,63988.9,63885.0,63920.0,57766.0,57.766,3694762.38598,1
1785484800000,63900.3,63942.7,63830.1,63920.3,42502.0,42.502,2714929.01184,1
1785485700000,63915.8,63948.2,63833.5,63945.7,36244.0,36.2448,2315839.55812,1
1785486600000,63945.6,63945.6,63790.0,63818.7,28253.0,28.2536,1803227.90402,1
1785487500000,63818.7,63877.5,63789.0,63801.8,19723.0,19.7238,1259044.43449,1
1785488400000,63812.6,63818.7,63727.4,63774.6,22328.0,22.3288,1423992.76496,1
1785489300000,63776.6,63777.6,63661.1,63669.9,32731.0,32.7319,2084811.58206,1
1785490200000,63670.0,63704.1,63604.9,63665.3,41800.0,41.8006,2660489.11165,1
1785491100000,63665.3,63722.0,63653.4,63689.1,13419.0,13.4191,854696.38233,1
1785492000000,63689.1,63711.1,63582.0,63703.3,17701.0,17.7019,1126625.69275,1
1785492900000,63701.6,63792.5,63670.7,63782.6,27686.0,27.6864,1764713.14832,1
1785493800000,63790.0,63875.6,63790.0,63870.3,22241.0,22.2415,1419864.18422,1
1785494700000,63870.3,63923.4,63840.1,63886.8,24407.0,24.4076,1559390.39859,1
1785495600000,63886.9,63977.4,63871.2,63881.7,30639.0,30.6391,1958096.49261,1
1785496500000,63875.2,63944.2,63830.3,63868.8,30351.0,30.3513,1938695.61134,1
1785497400000,63868.8,63872.4,63816.0,63816.0,23480.0,23.4805,1499140.54488,1
1785498300000,63816.0,63831.2,63769.2,63779.3,24938.0,24.9384,1590992.2062,1
1785499200000,63789.0,63799.6,63674.0,63702.7,34002.0,34.0021,2166975.73947,1
1785500100000,63690.4,63747.0,63672.2,63730.2,34781.0,34.781,2215878.05016,1
1785501000000,63730.0,63730.0,63608.5,63638.8,35894.0,35.894,2284794.63892,1
1785501900000,63635.4,63738.3,63628.6,63727.4,106606.0,106.6064,6785923.37539,1
1785502800000,63727.4,63758.8,63692.4,63739.6,26911.0,26.9118,1714940.08824,1
1785503700000,63740.0,63808.2,63731.0,63799.1,18993.0,18.9936,1211451.84077,1
1785504600000,63791.0,63791.0,63430.3,63432.4,207508.0,207.5089,13191147.89412,1
1785505500000,63439.8,63504.8,63222.0,63255.6,170156.0,170.1566,10773579.97491,1
1785506400000,63255.6,63291.6,62431.0,62669.6,605444.0,605.4441,37999663.38897,1
1785507300000,62664.2,62725.0,62508.0,62624.0,543990.0,543.9902,34035103.74558,1
1785508200000,62628.4,62794.8,62585.0,62665.4,93249.0,93.2495,5845503.71512,1
1785509100000,62663.0,62784.3,62571.2,62668.1,68723.0,68.7239,4307777.48987,1
1785510000000,62663.8,62686.3,62525.0,62596.4,44131.0,44.1312,2762793.5007,1
1785510900000,62596.5,62687.6,62458.1,62560.2,37641.0,37.6412,2353689.58336,1
1785511800000,62560.9,62742.9,62535.6,62734.4,47236.0,47.2369,2960937.94023,1
1785512700000,62734.4,62764.7,62619.7,62696.2,128420.0,128.4209,8056052.74577,1
1785513600000,62697.3,62886.0,62686.6,62845.1,84957.0,84.9576,5336574.42644,1
1785514500000,62850.0,62915.6,62769.1,62898.8,49554.0,49.5542,3115551.33899,1
1785515400000,62898.8,62903.5,62787.9,62821.4,25468.0,25.4684,1600678.6322,1
1785516300000,62822.2,62864.8,62790.0,62852.3,22201.0,22.2015,1394833.96981,1
1785517200000,62845.8,62898.4,62787.9,62884.2,27008.0,27.0085,1697033.5162,1
1785518100000,62878.7,62980.9,62855.2,62956.6,55781.0,55.7816,3509625.25745,1
1785519000000,62946.1,63079.0,62932.8,63031.0,40981.0,40.9817,2583123.58685,1
1785519900000,63034.4,63264.6,63034.4,63215.7,92745.0,92.7451,5859010.27854,1
1785520800000,63215.6,63262.1,63106.2,63113.5,76890.0,76.89,4857850.90686,1
1785521700000,63116.5,63151.9,63023.0,63024.7,55297.0,55.297,3490073.6827,1
1785522600000,63029.7,63067.9,62929.2,63009.5,87193.0,87.193,5492418.37116,1
1785523500000,63008.1,63148.0,63005.7,63064.2,66755.0,66.7555,4211338.2683,1
1785524400000,63081.3,63132.9,62989.2,63041.5,49036.0,49.0363,3089815.79597,1
1785525300000,63045.4,63045.4,62990.1,62996.8,24697.0,24.6975,1556316.18747,1
1785526200000,62996.3,63001.5,62911.5,62973.5,21078.0,21.0789,1327010.572,1
1785527100000,62973.5,63029.7,62924.3,62938.3,20630.0,20.6301,1299615.8495,1
1785528000000,62943.2,62976.3,62913.0,62973.5,10207.0,10.2076,642575.88102,1
1785528900000,62973.5,63002.5,62949.3,62974.2,21580.0,21.5801,1358931.01364,1
1785529800000,62974.2,62977.9,62923.1,62966.1,10640.0,10.6404,669855.45738,1
1785530700000,62966.1,62981.5,62903.4,62928.6,18594.0,18.5942,1170612.9458,1
1785531600000,62928.6,62982.4,62814.2,62981.8,50478.0,50.478,3173957.16635,1
1785532500000,62981.8,63013.0,62970.0,62980.9,25130.0,25.1302,1582920.04706,1
1785533400000,62987.5,63006.9,62963.1,63000.0,26364.0,26.364,1660275.69182,1
1785534300000,62996.9,63028.9,62899.8,62924.8,52672.0,52.6729,3314944.01905,1
1785535200000,62924.8,62995.1,62843.1,62972.0,27661.0,27.6619,1740874.46172,1
1785536100000,62972.0,62994.5,62962.8,62971.3,21667.0,21.6676,1364542.20977,1
1785537000000,62968.9,62976.1,62887.3,62919.1,16286.0,16.2863,1024962.93388,1
1785537900000,62919.0,62935.0,62886.2,62906.6,32966.0,32.9669,2073737.11255,1
1785538800000,62906.6,62980.6,62906.6,62947.0,5786.0,5.7867,364222.96462,1
1785539700000,62947.0,62989.8,62941.0,62955.8,6392.0,6.3926,402497.53417,1
1785540600000,62955.8,62969.3,62920.1,62920.1,3092.0,3.0925,194653.64468,1
1785541500000,62920.1,62920.1,62839.6,62859.8,24717.0,24.7174,1553962.98202,1
1785542400000,62862.2,62945.5,62859.9,62927.2,11705.0,11.7053,736531.86644,1
1785543300000,62922.7,62974.4,62905.6,62944.8,3488.0,3.4885,219583.42593,1
1785544200000,62944.2,62971.4,62906.0,62971.4,10779.0,10.7798,678573.84521,1
1785545100000,62971.4,62984.8,62905.9,62906.9,3126.0,3.1264,196805.22121,1
1785546000000,62906.9,62939.1,62906.9,62939.1,8092.0,8.0928,509294.54551,1
1785546900000,62945.5,62964.6,62888.9,62903.1,4706.0,4.706,296112.47938,1
1785547800000,62903.1,62953.5,62899.2,62945.1,13148.0,13.1486,827322.13978,1
1785548700000,62945.1,62952.5,62916.8,62946.7,6892.0,6.8925,433795.16625,1
1785549600000,62946.7,62999.5,62946.7,62986.0,7401.0,7.4015,466046.31681,1
1785550500000,62999.0,63058.0,62999.0,63037.4,59560.0,59.5605,3754178.02098,1
1785551400000,63037.3,63069.4,63037.3,63043.4,21175.0,21.1756,1335274.34913,1
1785552300000,63043.4,63074.5,63023.4,63029.4,6089.0,6.0893,383928.14463,1
1785553200000,63039.0,63045.7,62958.4,62958.5,5767.0,5.7674,363289.38938,1
1785554100000,62958.5,63025.0,62955.0,62984.5,6533.0,6.5339,411511.71387,1
1785555000000,62993.4,63000.0,62951.6,62970.5,10129.0,10.129,637961.15809,1
1785555900000,62970.5,62988.1,62950.0,62973.8,5755.0,5.7551,362385.76316,1
1785556800000,62973.8,62983.8,62964.2,62980.0,1320.0,1.3205,83159.03048,1
1785557700000,62980.0,63020.4,62980.0,63015.4,3964.0,3.964,249762.78075,1
1785558600000,63018.5,63040.1,63013.9,63040.0,1363.0,1.363,85900.87061,1
1785559500000,63040.0,63074.0,63035.8,63074.0,2914.0,2.9141,183774.66619,1
1785560400000,63070.1,63107.0,63031.6,63094.2,10905.0,10.9052,687938.19524,1
1785561300000,63094.2,63094.2,63040.7,63060.0,14926.0,14.9264,941097.12319,1
1785562200000,63060.0,63073.3,62980.1,62983.3,6413.0,6.4138,404170.23349,1
1785563100000,62983.3,63011.0,62969.9,63009.3,30690.0,30.6901,1932911.2254,1
1785564000000,63009.3,63013.6,62968.6,63001.9,8224.0,8.2244,518007.95247,1
1785564900000,63001.9,63046.9,62979.0,63035.3,16917.0,16.9179,1065900.42513,1
1785565800000,63040.6,63046.0,63029.3,63035.0,6415.0,6.4152,404439.40441,1
1785566700000,63035.0,63051.0,63030.8,63049.9,3889.0,3.8892,245199.33509,1
1785567600000,63049.9,63082.0,63049.9,63081.7,6872.0,6.8729,433516.7007,1
1785568500000,63081.7,63081.8,63039.9,63039.9,9043.0,9.0431,570151.67631,1
1785569400000,63039.9,63040.0,63001.4,63014.4,7188.0,7.1885,452943.15759,1
1785570300000,63014.4,63025.3,63012.3,63019.6,2104.0,2.1041,132597.32183,1
1785571200000,63019.5,63072.2,63019.5,63072.2,3192.0,3.1921,201291.28732,1
1785572100000,63072.2,63076.4,63061.9,63061.9,36297.0,36.297,2289388.8598,1
1785573000000,63061.9,63080.1,63061.9,63069.9,4216.0,4.2164,265927.20866,1
1785573900000,63069.9,63126.6,63059.1,63098.9,10860.0,10.8602,685358.44422,1
1785574800000,63098.9,63111.4,63082.0,63084.5,6320.0,6.3201,398763.04412,1
1785575700000,63088.1,63098.0,63070.4,63079.2,8634.0,8.6344,544707.89503,1
1785576600000,63079.3,63086.4,63073.4,63073.4,2934.0,2.9349,185132.63003,1
1785577500000,63073.4,63073.4,63015.7,63025.0,28729.0,28.7292,1811051.12938,1
1785578400000,63024.9,63085.0,62959.0,62980.7,13317.0,13.317,838769.45029,1
1785579300000,62980.8,63038.3,62965.6,63012.5,21718.0,21.7181,1368578.02934,1
1785580200000,63015.5,63046.8,62989.3,63038.2,14034.0,14.0343,884446.81243,1
1785581100000,63038.2,63040.3,63008.3,63029.2,4426.0,4.4265,278964.5687,1
1785582000000,63026.1,63026.1,63013.5,63022.4,9717.0,9.7175,612373.50022,1
1785582900000,63032.9,63049.8,63010.1,63049.8,6017.0,6.0177,379402.30731,1
1785583800000,63049.8,63060.4,63038.4,63041.6,12556.0,12.556,791639.70279,1
1785584700000,63041.6,63049.8,63041.6,63045.2,2595.0,2.5955,163632.00986,1
1785585600000,63057.2,63094.1,63057.2,63070.8,7394.0,7.3946,466490.76198,1
1785586500000,63070.7,63077.1,63067.3,63073.7,7556.0,7.5566,476627.69318,1
1785587400000,63069.2,63072.0,63053.6,63066.5,12577.0,12.5773,793210.62337,1
1785588300000,63066.4,63079.3,63061.7,63068.8,10432.0,10.4326,658019.51977,1
1785589200000,63068.9,63075.9,63064.5,63071.7,7534.0,7.5348,475230.87847,1
1785590100000,63066.7,63066.7,63055.7,63055.7,3377.0,3.3772,212961.66481,1
1785591000000,63055.7,63069.7,63046.3,63048.4,4695.0,4.6958,296099.62266,1
1785591900000,63048.3,63048.4,63018.9,63038.0,15873.0,15.8738,1000608.37836,1
1785592800000,63037.9,63097.5,63037.8,63050.7,10011.0,10.0112,631268.91077,1
1785593700000,63050.7,63096.3,63050.1,63088.6,5955.0,5.9558,375698.05868,1
1785594600000,63088.6,63094.0,63056.2,63084.9,11227.0,11.227,708044.76283,1
1785595500000,63084.9,63085.0,63053.5,63084.9,5435.0,5.4356,342812.72394,1
1785596400000,63085.0,63097.0,63077.7,63077.8,10366.0,10.3662,654024.94773,1
1785597300000,63077.8,63077.8,63032.1,63032.1,33604.0,33.6045,2118542.99427,1
1785598200000,63032.1,63036.5,63023.5,63024.2,39220.0,39.22,2471947.05767,1
1785599100000,63024.2,63024.2,62976.4,62976.4,20431.0,20.4311,1287211.54619,1
1785600000000,62976.4,62983.0,62901.0,62921.6,55047.0,55.0477,3464945.97319,1
1785600900000,62921.6,62943.9,62905.5,62927.8,27636.0,27.6364,1738835.54156,1
1785601800000,62930.1,62994.5,62928.1,62941.2,19570.0,19.5703,1232195.12389,1
1785602700000,62941.2,62941.2,62841.0,62895.5,31610.0,31.6109,1988305.37128,1
1785603600000,62899.9,62963.9,62841.9,62867.6,39100.0,39.1008,2460908.13698,1
1785604500000,62862.0,62864.9,62772.8,62813.0,150650.0,150.6506,9463277.67646,1
1785605400000,62819.2,62819.9,62708.6,62790.0,52539.0,52.5394,3297193.78764,1
1785606300000,62790.0,62790.0,62633.3,62684.1,58816.0,58.8169,3686325.98326,1
1785607200000,62684.2,62710.7,62600.0,62684.0,65151.0,65.1516,4083742.04412,1
1785608100000,62679.1,62679.1,62476.2,62545.1,64772.0,64.7728,4051492.15466,1
1785609000000,62543.3,62543.3,62250.0,62350.1,319187.0,319.1879,19908996.01008,1
1785609900000,62350.1,62565.3,62255.0,62552.6,187470.0,187.47,11704594.36167,1
1785610800000,62552.7,62596.5,62500.0,62530.5,43774.0,43.7742,2738513.2375,1
1785611700000,62530.3,62585.4,62460.2,62514.7,33642.0,33.6422,2102944.07655,1
1785612600000,62514.7,62558.5,62435.3,62444.2,41283.0,41.2831,2580536.4266,1
1785613500000,62444.2,62517.6,62444.2,62502.2,13518.0,13.5186,844734.07807,1
1785614400000,62502.2,62544.9,62465.2,62526.6,21323.0,21.3238,1333084.99879,1
1785615300000,62526.6,62615.3,62523.9,62588.9,31241.0,31.2416,1954896.51407,1
1785616200000,62583.7,62594.0,62538.4,62569.3,15468.0,15.4686,967773.76108,1
1785617100000,62569.4,62642.9,62557.6,62631.8,26730.0,26.7302,1673392.52298,1
1785618000000,62631.8,62777.0,62631.8,62718.1,47029.0,47.0294,2950065.76811,1
1785618900000,62719.6,62761.5,62718.1,62761.5,13252.0,13.252,831310.84372,1
1785619800000,62766.1,62835.3,62733.9,62774.7,53818.0,53.8185,3378072.43888,1
1785620700000,62764.8,62803.0,62753.7,62789.5,14527.0,14.5279,912046.57213,1
1785621600000,62791.0,62837.0,62762.4,62827.5,40196.0,40.1963,2524960.46762,1
1785622500000,62827.4,62838.6,62796.8,62823.2,25388.0,25.3883,1594698.45921,1
1785623400000,62823.2,62828.1,62798.4,62817.8,27617.0,27.617,1735045.52716,1
1785624300000,62817.8,62827.2,62800.0,62800.0,7200.0,7.2006,452264.77532,1
1785625200000,62800.1,62829.9,62775.0,62780.9,14613.0,14.613,917662.02964,1
1785626100000,62780.9,62780.9,62708.7,62745.3,124953.0,124.9531,7838466.56352,1
1785627000000,62745.3,62813.3,62745.3,62799.2,21981.0,21.981,1380194.16032,1
1785627900000,62799.2,62810.8,62780.6,62792.3,7703.0,7.7036,483711.31868,1
1785628800000,62792.3,62938.0,62792.3,62896.1,38791.0,38.7918,2439806.26918,1
1785629700000,62896.1,62907.3,62850.0,62851.7,10299.0,10.299,647555.03205,1
1785630600000,62851.8,62883.6,62820.6,62820.6,10683.0,10.6833,671434.49846,1
1785631500000,62823.4,62837.5,62782.3,62798.4,7452.0,7.4528,468144.89214,1
1785632400000,62798.4,63000.0,62798.4,62984.3,84830.0,84.8303,5337441.35104,1
1785633300000,62989.3,63066.0,62949.7,62960.8,44773.0,44.7732,2820301.24747,1
1785634200000,62960.8,62998.7,62950.4,62993.3,8820.0,8.8203,555557.21743,1
1785635100000,62993.3,62993.3,62955.8,62962.3,7829.0,7.8293,493013.08505,1
1785636000000,62962.3,63530.2,62930.4,63430.4,201711.0,201.711,12777286.31035,1
1785636900000,63439.9,63530.0,63372.5,63381.6,74594.0,74.5949,4732536.81251,1
1785637800000,63381.5,63434.1,63306.6,63357.9,26918.0,26.9181,1706073.6243,1
1785638700000,63358.0,63462.0,63316.0,63425.5,32977.0,32.9773,2090971.38374,1
1785639600000,63427.3,63434.0,63353.3,63393.0,17136.0,17.1366,1086416.7287,1
1785640500000,63393.0,63518.1,63356.4,63417.9,23851.0,23.8514,1513387.89292,1
1785641400000,63419.2,63479.9,63419.2,63476.1,6593.0,6.5934,418364.56618,1
1785642300000,63479.9,63486.8,63405.3,63436.8,10805.0,10.8058,685511.76891,1
1785643200000,63438.5,63528.5,63438.5,63515.6,26500.0,26.5004,1682631.79549,1
1785644100000,63515.6,63534.4,63488.8,63514.2,25299.0,25.2993,1606858.23301,1
1785645000000,63514.2,63534.0,63500.0,63500.1,13244.0,13.2442,841310.81556,1
1785645900000,63500.1,63590.0,63500.0,63566.4,38930.0,38.9304,2473849.62425,1
1785646800000,63567.2,63618.0,63444.0,63461.4,50653.0,50.6538,3217647.3109,1
1785647700000,63461.4,63474.2,63432.4,63468.0,16861.0,16.8618,1069941.05714,1
1785648600000,63469.5,63469.5,63400.0,63400.0,47139.0,47.1396,2990378.49786,1
1785649500000,63400.0,63431.1,63394.9,63428.5,5636.0,5.6368,357442.63034,1
1785650400000,63431.0,63460.0,63416.5,63416.5,8181.0,8.1816,518998.01391,1
1785651300000,63415.5,63472.0,63402.5,63471.9,9285.0,9.2853,588952.68295,1
1785652200000,63471.9,63478.6,63435.5,63470.0,21656.0,21.6564,1374023.78539,1
1785653100000,63470.0,63472.2,63457.0,63460.3,14895.0,14.8956,945304.73887,1
1785654000000,63460.0,63467.1,63451.1,63457.0,19904.0,19.9046,1263086.8363,1
1785654900000,63457.0,63468.9,63457.0,63460.0,3703.0,3.7032,235010.1217,1
1785655800000,63460.0,63514.2,63459.0,63508.7,11565.0,11.5659,734371.98793,1
1785656700000,63508.7,63508.7,63449.0,63468.1,14367.0,14.3679,911842.58903,1
1785657600000,63471.1,63507.8,63457.1,63462.6,7495.0,7.4959,475838.72932,1
1785658500000,63462.5,63462.6,63365.0,63365.1,70602.0,70.6029,4479792.12508,1
1785659400000,63365.0,63366.3,63199.1,63202.9,68727.0,68.7279,4348087.67424,1
1785660300000,63200.6,63214.8,63146.0,63171.2,117180.0,117.1806,7403155.25916,1
1785661200000,63171.2,63264.3,63075.6,63237.2,29533.0,29.5337,1865293.90855,1
1785662100000,63237.2,63274.0,63207.3,63210.1,4481.0,4.4813,283410.93184,1
1785663000000,63208.0,63292.9,63207.9,63239.2,6105.0,6.1052,386257.33814,1
1785663900000,63239.1,63252.2,63230.0,63249.7,7743.0,7.743,489720.58204,1
1785664800000,63249.2,63249.2,63176.4,63180.1,3674.0,3.6746,232250.90504,1
1785665700000,63180.0,63247.1,63098.0,63118.5,8685.0,8.6856,548755.21131,1
1785666600000,63125.4,63188.3,63125.4,63178.5,10024.0,10.0243,633107.76547,1
1785667500000,63179.0,63180.3,63168.0,63176.6,8517.0,8.5178,538105.20114,1
1785668400000,63176.6,63176.7,63110.1,63133.0,19718.0,19.7184,1244793.27877,1
1785669300000,63133.0,63182.1,63102.5,63132.6,41091.0,41.0914,2594063.32607,1
1785670200000,63129.7,63157.4,63075.1,63094.5,11666.0,11.6669,736420.02042,1
1785671100000,63094.4,63146.4,62961.1,63005.0,130371.0,130.3718,8215479.19335,1
1785672000000,63007.2,63152.7,63007.2,63152.7,32637.0,32.6374,2059498.41561,1
1785672900000,63152.6,63215.1,63125.3,63158.0,20955.0,20.9556,1323643.78973,1
1785673800000,63151.2,63190.0,63083.6,63119.9,12153.0,12.1539,767426.57598,1
1785674700000,63119.9,63134.8,63086.8,63090.8,18888.0,18.8889,1191798.37613,1
1785675600000,63091.0,63119.2,63063.5,63091.1,11818.0,11.8188,745674.77619,1
1785676500000,63090.0,63090.0,63030.0,63059.3,15500.0,15.5006,977300.42681,1
1785677400000,63059.3,63082.8,62974.4,63065.7,34009.0,34.0097,2143501.07263,1
1785678300000,63065.7,63109.8,63064.6,63095.0,47785.0,47.785,3014654.91346,1
1785679200000,63095.0,63095.0,63035.8,63065.0,4424.0,4.424,278971.35731,1
1785680100000,63065.0,63133.5,63065.0,63104.8,22305.0,22.3053,1407423.9507,1
1785681000000,63104.7,63162.4,63071.4,63135.8,18549.0,18.5498,1171015.53486,1
1785681900000,63135.8,63135.8,63033.8,63042.6,25458.0,25.4582,1605765.04894,1
1785682800000,63042.6,63100.9,63023.1,63096.1,46963.0,46.963,2961991.61077,1
1785683700000,63096.1,63105.1,63017.6,63100.1,7403.0,7.4033,467111.89378,1
1785684600000,63100.1,63145.9,63100.1,63119.8,58174.0,58.1743,3672212.6185,1
1785685500000,63119.9,63129.1,63078.4,63081.6,21257.0,21.2574,1341300.23477,1
1785686400000,63087.4,63110.9,63038.0,63085.2,16030.0,16.0302,1011044.49886,1
1785687300000,63080.4,63108.2,63050.1,63086.9,23737.0,23.7372,1497415.91371,1
1785688200000,63086.9,63256.3,63076.0,63200.0,64936.0,64.9369,4104101.6213,1
1785689100000,63198.9,63211.5,63160.1,63160.1,16118.0,16.1184,1018385.04187,1
1785690000000,63158.8,63198.9,63129.7,63181.8,48268.0,48.2684,3048484.5941,1
1785690900000,63184.4,63323.6,63166.4,63258.9,54810.0,54.8102,3467700.99082,1
1785691800000,63272.1,63302.2,63267.8,63302.2,10221.0,10.2213,646825.31556,1
1785692700000,63302.1,63310.0,63279.5,63282.0,20674.0,20.674,1308399.80939,1
1785693600000,63282.0,63310.0,63269.8,63292.9,11127.0,11.1274,704201.52148,1
1785694500000,63291.1,63305.0,63266.5,63269.0,4821.0,4.8211,305114.23742,1
1785695400000,63269.0,63588.3,63268.9,63473.4,128617.0,128.6173,8154140.7973,1
1785696300000,63485.5,63491.7,63360.0,63364.3,33234.0,33.2342,2106635.40357,1
1785697200000,63360.1,63373.1,63324.0,63338.8,26985.0,26.9855,1709313.77682,1
1785698100000,63338.8,63352.9,63309.1,63309.1,15961.0,15.9619,1010934.11301,1
1785699000000,63307.6,63381.1,63306.2,63381.0,21858.0,21.8589,1384787.77164,1
1785699900000,63380.7,63454.8,63380.6,63432.9,19537.0,19.5377,1239242.03336,1
1785700800000,63433.0,63449.4,63396.6,63441.2,9272.0,9.2726,588062.35368,1
1785701700000,63441.2,63477.0,63383.9,63389.1,16082.0,16.0821,1020020.18297,1
1785702600000,63389.0,63437.1,63389.0,63413.8,11724.0,11.7244,743460.19859,1
1785703500000,63413.8,63483.3,63394.2,63477.2,39441.0,39.4418,2502745.0627,1
1785704400000,63482.7,63544.1,63460.0,63504.5,20207.0,20.2071,1283125.89768,1
1785705300000,63504.4,63534.3,63487.8,63520.0,10246.0,10.2468,650724.3772,1
1785706200000,63520.0,63756.7,63485.3,63675.9,127974.0,127.9742,8145208.8701,1
1785707100000,63675.5,63762.0,63535.6,63559.9,52292.0,52.2924,3327633.45992,1
1785708000000,63567.6,63779.8,63567.6,63675.1,80411.0,80.4118,5122774.18598,1
1785708900000,63674.8,63760.0,63554.0,63571.1,86875.0,86.8753,5529734.38365,1
1785709800000,63571.2,63580.6,63347.5,63491.7,63237.0,63.2373,4013141.32821,1
1785710700000,63491.7,63547.0,63394.9,63402.3,32202.0,32.2021,2043012.80455,1
1785711600000,63390.8,63431.7,63310.8,63339.1,48987.0,48.9873,3103819.84749,1
1785712500000,63339.1,63530.0,63314.2,63514.8,39485.0,39.4853,2504991.92599,1
1785713400000,63513.1,63577.1,63469.1,63497.4,28864.0,28.8648,1833331.65401,1
1785714300000,63500.2,63550.0,63468.1,63549.9,17146.0,17.1462,1089065.98937,1
1785715200000,63550.6,63575.6,63369.3,63403.9,37822.0,37.8226,2399231.96328,1
1785716100000,63397.1,63424.0,63230.1,63249.8,59086.0,59.0864,3742043.78914,1
1785717000000,63239.4,63399.8,63188.3,63308.8,41019.0,41.0196,2596595.99386,1
1785717900000,63308.9,63333.1,63255.4,63299.0,17913.0,17.9137,1134010.52447,1
1785718800000,63293.7,63322.9,63155.3,63200.1,47998.0,47.9985,3035617.57818,1
1785719700000,63200.1,63228.4,63090.0,63156.8,33460.0,33.4601,2113151.13237,1
1785720600000,63156.6,63228.2,63141.1,63199.9,8224.0,8.2242,519769.9706,1
1785721500000,63199.9,63210.2,63138.1,63194.2,21064.0,21.0649,1330519.74934,1
1785722400000,63182.0,63209.3,63132.7,63171.0,16911.0,16.9112,1068277.3196,1
1785723300000,63171.0,63266.1,63067.8,63102.2,18107.0,18.1078,1143336.28389,1
1785724200000,63096.4,63192.1,63085.9,63161.1,11996.0,11.9963,757465.58453,1
1785725100000,63161.1,63175.5,63100.0,63124.9,7044.0,7.0447,444881.96808,1
1785726000000,63112.0,63151.3,63073.8,63090.1,13418.0,13.4181,846805.89807,1
1785726900000,63084.5,63120.9,63049.0,63051.1,36876.0,36.8769,2325650.06113,1
1785727800000,63051.2,63069.4,63012.1,63042.3,95507.0,95.5073,6019814.47954,1
1785728700000,63039.7,63039.7,62745.1,62850.2,120964.0,120.9646,7607787.53576,1
1785729600000,62850.2,62916.5,62786.3,62844.7,31911.0,31.9116,2006002.18148,1
1785730500000,62844.9,62950.0,62844.9,62947.0,21370.0,21.3702,1344704.47978,1
1785731400000,62947.0,62974.4,62932.0,62941.3,8369.0,8.3693,526948.4303,1
1785732300000,62948.2,62948.2,62755.8,62765.3,21510.0,21.5104,1351595.57999,1
1785733200000,62765.6,62841.8,62716.6,62823.7,59725.0,59.7257,3749996.47403,1
1785734100000,62823.7,62848.0,62766.2,62802.4,14674.0,14.6748,921643.76011,1
1785735000000,62802.4,62823.0,62757.9,62781.0,13926.0,13.9263,874560.34875,1
1785735900000,62781.0,62839.9,62774.4,62800.0,11520.0,11.5207,723422.3873,1
1785736800000,62803.7,62841.8,62792.4,62815.5,17019.0,17.019,1069307.18776,1
1785737700000,62810.0,62823.0,62725.3,62764.9,46498.0,46.498,2918143.20068,1
1785738600000,62764.9,62806.4,62605.4,62605.4,85873.0,85.8733,5381557.65405,1
1785739500000,62605.0,62672.1,62587.7,62589.3,191167.0,191.167,11976603.86664,1
1785740400000,62589.3,62647.6,62569.8,62575.1,31798.0,31.798,1990749.78192,1
1785741300000,62573.5,62634.6,62523.0,62616.5,41797.0,41.7975,2615421.51242,1
1785742200000,62614.0,62668.6,62566.1,62600.3,29753.0,29.7532,1862936.18194,1
1785743100000,62600.3,62645.0,62550.0,62587.5,10510.0,10.5104,657947.12214,1
1785744000000,62591.0,62622.7,62490.8,62543.9,23721.0,23.7219,1483131.03547,1
1785744900000,62543.9,62543.9,62292.9,62306.9,266050.0,266.05,16600127.29628,1
1785745800000,62306.9,62418.2,62275.0,62410.7,356466.0,356.4664,22234868.24947,1
1785746700000,62410.6,62516.4,62405.1,62512.4,35800.0,35.8004,2235728.55386,1
1785747600000,62512.7,62548.1,62487.9,62542.8,21747.0,21.7471,1359629.23297,1
1785748500000,62542.8,62639.1,62542.7,62615.1,24356.0,24.3564,1524804.74092,1
1785749400000,62615.0,62675.3,62596.6,62662.1,21471.0,21.4715,1344862.83241,1
1785750300000,62662.2,62842.0,62662.1,62807.0,48586.0,48.5868,3048496.91819,1
1785751200000,62807.0,62838.5,62737.1,62761.2,30150.0,30.1504,1892404.83007,1
1785752100000,62761.1,62797.0,62707.4,62714.2,9773.0,9.7737,613337.93682,1
1785753000000,62714.2,62714.2,62650.0,62680.9,17904.0,17.9047,1122286.75143,1
1785753900000,62680.9,62753.1,62590.1,62714.3,37186.0,37.1861,2330220.29224,1
1785754800000,62714.1,62714.2,62570.0,62617.0,17665.0,17.6655,1106314.47892,1
1785755700000,62617.0,62737.2,62606.7,62672.2,10850.0,10.8508,680366.45718,1
1785756600000,62672.3,62746.4,62637.0,62670.0,17938.0,17.938,1124396.05504,1
1785757500000,62670.0,62674.3,62506.7,62534.2,28783.0,28.7837,1801160.79358,1
1785758400000,62534.1,62582.3,62402.4,62525.0,133752.0,133.7527,8353502.91014,1
1785759300000,62525.0,62658.9,62525.0,62605.6,17286.0,17.2869,1082189.74564,1
1785760200000,62605.6,62718.8,62582.2,62718.8,13972.0,13.9727,875059.25913,1
1785761100000,62719.2,62761.6,62657.0,62668.8,123796.0,123.796,7764395.48728,1
1785762000000,62668.8,62753.3,62666.7,62746.8,18445.0,18.4457,1156608.0838,1
1785762900000,62746.8,62977.7,62697.1,62746.2,84132.0,84.1323,5286898.98507,1
1785763800000,62740.1,62917.7,62536.1,62906.0,143857.0,143.8577,9026401.97008,1
1785764700000,62907.0,63369.1,62781.8,63322.3,184672.0,184.6727,11663023.10562,1
1785765600000,63307.8,63420.0,63119.2,63294.8,167659.0,167.6595,10606699.26186,1
1785766500000,63299.0,63769.3,63135.6,63741.8,288486.0,288.4869,18318931.74206,1
1785767400000,63745.0,63884.6,63608.0,63756.3,258745.0,258.7459,16493246.71489,1
1785768300000,63756.3,63940.0,63626.8,63936.4,162022.0,162.0228,10337997.32003,1
1785769200000,63917.2,63957.6,63729.1,63789.5,143495.0,143.4954,9162099.89192,1
1785770100000,63794.7,63825.6,63644.8,63678.5,96759.0,96.7596,6166786.52477,1
1785771000000,63678.5,63876.5,63678.4,63750.3,56495.0,56.4959,3602150.72636,1
1785771900000,63758.6,63799.4,63610.2,63659.5,29293.0,29.2931,1866545.49977,1
1785772800000,63663.0,63850.0,63633.7,63769.1,46737.0,46.7378,2980141.48732,1
1785773700000,63769.2,63900.3,63763.2,63868.4,65815.0,65.8151,4202237.12757,1
1785774600000,63860.2,63860.2,63677.1,63736.6,37716.0,37.7162,2404743.48093,1
1785775500000,63739.7,63840.0,63712.2,63738.0,28101.0,28.1019,1792268.82091,1
1785776400000,63742.3,63829.9,63681.4,63820.6,37876.0,37.8763,2414616.67449,1
1785777300000,63820.6,64045.3,63780.5,63792.1,105016.0,105.0163,6712865.35383,1
1785778200000,63792.0,63906.3,63758.7,63862.4,38340.0,38.3403,2447564.25974,1
1785779100000,63862.4,63923.1,63835.2,63865.0,48281.0,48.2813,3084768.34476,1
1785780000000,63865.0,63970.6,63835.2,63939.0,32811.0,32.8116,2096399.54013,1
1785780900000,63939.0,63955.0,63777.3,63817.8,34058.0,34.0584,2175695.56294,1
1785781800000,63819.9,63890.3,63783.9,63821.5,8326.0,8.3261,531442.00003,1
1785782700000,63821.5,63886.8,63735.0,63835.5,40473.0,40.4733,2583424.25992,1
1785783600000,63844.6,63899.9,63819.9,63892.1,11392.0,11.392,727399.2549,1
1785784500000,63895.2,63975.6,63888.7,63926.0,39638.0,39.6384,2533372.09096,1
1785785400000,63939.9,64055.0,63832.6,63919.4,95367.0,95.3678,6100720.46409,1
1785786300000,63920.3,63940.8,63833.4,63837.0,12355.0,12.3555,789542.2316,1
1785787200000,63837.9,63917.7,63781.2,63864.2,38485.0,38.4854,2456280.58262,1
1785788100000,63864.1,63989.9,63860.0,63914.8,46640.0,46.6407,2981837.36859,1
1785789000000,63914.8,63915.3,63875.3,63886.9,5873.0,5.8732,375226.81449,1
1785789900000,63886.9,63887.3,63737.2,63764.3,23522.0,23.5223,1500024.46931,1
1785790800000,63756.0,63757.0,63688.1,63693.2,138196.0,138.1969,8803460.56816,1
1785791700000,63693.2,63757.4,63655.4,63697.9,21650.0,21.6506,1379025.80376,1
1785792600000,63697.9,63704.3,63640.0,63654.8,19755.0,19.7558,1257886.52536,1
1785793500000,63643.9,63647.3,63512.4,63575.6,34030.0,34.0309,2163614.59632,1
1785794400000,63573.6,63588.6,63353.1,63471.1,103502.0,103.5021,6568059.40444,1
1785795300000,63471.1,63643.7,63471.1,63504.0,35738.0,35.7385,2270898.82738,1
1785796200000,63498.7,63527.4,63465.1,63479.3,25782.0,25.7825,1636943.40269,1
1785797100000,63479.9,63606.1,63479.3,63587.6,29168.0,29.1688,1854179.93307,1
1785798000000,63583.6,63583.6,63503.3,63513.5,26895.0,26.8953,1708655.72155,1
1785798900000,63513.5,63594.0,63508.0,63549.0,10009.0,10.0096,636114.84547,1
1785799800000,63549.0,63549.0,63435.3,63477.9,11114.0,11.1146,705576.70713,1
1785800700000,63475.8,63497.3,63454.5,63493.2,37391.0,37.3919,2373520.25956,1
1785801600000,63500.0,63558.8,63440.3,63440.3,27543.0,27.5433,1748851.40916,1
1785802500000,63440.3,63463.1,63361.6,63416.9,34490.0,34.4903,2186838.95376,1
1785803400000,63418.0,63419.7,63320.0,63371.2,29011.0,29.0118,1838236.94655,1
1785804300000,63374.4,63445.6,63311.1,63329.5,14729.0,14.7297,933132.25753,1
1785805200000,63332.2,63463.0,63332.2,63449.9,26161.0,26.1612,1659578.3873,1
1785806100000,63447.2,63554.8,63393.8,63499.8,19617.0,19.6178,1245412.24287,1
1785807000000,63499.7,63904.0,63499.7,63783.8,195279.0,195.2798,12446012.44606,1
1785807900000,63788.1,63852.9,63715.8,63816.1,40120.0,40.1202,2559778.25545,1
1785808800000,63821.7,63840.7,63724.9,63739.6,16031.0,16.0316,1022157.62949,1
1785809700000,63739.7,63779.0,63661.6,63665.2,27670.0,27.6706,1763038.68794,1
1785810600000,63663.0,63959.3,63651.8,63870.8,69668.0,69.6688,4448775.00874,1
1785811500000,63870.8,63899.2,63785.1,63800.0,22426.0,22.4264,1431416.64436,1
1785812400000,63800.0,63804.8,63661.4,63661.7,19256.0,19.2568,1227325.75771,1
1785813300000,63660.1,63768.2,63629.6,63751.7,50367.0,50.3674,3207806.1582,1
1785814200000,63751.8,63839.0,63751.8,63805.0,4392.0,4.3926,280257.92,1
1785815100000,63805.0,63808.7,63772.0,63772.0,16376.0,16.3762,1044629.44176,1
1785816000000,63771.1,63799.6,63732.2,63778.0,58955.0,58.9551,3759140.22862,1
1785816900000,63778.0,63850.7,63770.9,63808.0,94840.0,94.8409,6054643.99984,1
1785817800000,63808.8,64035.8,63808.8,64035.7,85793.0,85.7931,5488711.67383,1
1785818700000,64035.8,64220.0,64005.6,64005.6,137509.0,137.5092,8819806.01038,1
1785819600000,64005.6,64026.9,63820.2,63820.2,200689.0,200.6895,12830638.61613,1
1785820500000,63820.0,63860.1,63777.8,63788.1,38199.0,38.199,2437712.3465,1
1785821400000,63788.1,63836.1,63780.0,63830.7,18281.0,18.281,1166425.7974,1
1785822300000,63830.6,63830.6,63768.4,63776.3,11881.0,11.8816,758014.7704,1
1785823200000,63776.3,63828.2,63748.2,63782.0,48195.0,48.1951,3075430.4319,1
1785824100000,63782.0,63830.0,63729.4,63734.8,77354.0,77.3542,4933050.43761,1
1785825000000,63732.1,63749.2,63668.9,63674.9,60689.0,60.6892,3864770.28214,1
1785825900000,63674.8,63680.0,63633.0,63653.4,15647.0,15.6471,995972.35901,1
1785826800000,63653.4,63653.4,63562.9,63570.5,30444.0,30.4446,1936203.87479,1
1785827700000,63570.5,63613.0,63482.9,63613.0,32550.0,32.5507,2068276.085,1
1785828600000,63613.0,63730.3,63613.0,63645.9,16250.0,16.2502,1034767.99343,1
1785829500000,63645.8,63726.4,63645.8,63666.4,10850.0,10.8508,691219.16151,1
1785830400000,63666.5,63730.0,63603.4,63626.9,20238.0,20.2383,1288520.719,1
1785831300000,63626.5,63645.6,63567.8,63602.9,21802.0,21.8025,1386170.184,1
1785832200000,63602.9,63602.9,63539.5,63598.6,20076.0,20.0769,1276128.45552,1
1785833100000,63600.3,63600.8,63551.8,63556.5,10132.0,10.132,644207.45143,1
1785834000000,63556.1,63567.9,63516.3,63539.5,42148.0,42.1481,2678105.98897,1
1785834900000,63535.8,63577.0,63495.4,63553.0,15291.0,15.2918,971699.37894,1
1785835800000,63553.0,63573.0,63504.0,63547.3,11497.0,11.4975,730534.43439,1
1785836700000,63541.6,63583.6,63518.7,63576.4,13564.0,13.5642,862183.75363,1
1785837600000,63577.7,63584.6,63486.8,63486.9,17901.0,17.9016,1137319.52566,1
1785838500000,63485.8,63550.8,63428.8,63445.1,27579.0,27.5791,1750457.26076,1
1785839400000,63445.2,63645.0,63441.3,63645.0,22331.0,22.3311,1418725.75566,1
1785840300000,63635.1,63816.7,63632.7,63743.3,89375.0,89.3752,5698106.79769,1
1785841200000,63747.6,63775.9,63690.6,63722.1,13460.0,13.46,857679.88474,1
1785842100000,63714.9,63835.5,63689.7,63756.2,21718.0,21.7188,1385049.02192,1
1785843000000,63756.2,63860.0,63694.4,63850.4,37325.0,37.3258,2380577.87018,1
1785843900000,63850.3,63926.4,63813.3,63900.1,165842.0,165.8421,10596718.75204,1
1785844800000,63900.1,63900.1,63787.9,63787.9,46714.0,46.7149,2981951.70651,1
1785845700000,63787.9,63810.0,63764.9,63803.7,37477.0,37.4774,2390363.22295,1
1785846600000,63803.7,64033.2,63789.8,63932.7,111126.0,111.1267,7108851.78356,1
1785847500000,63932.7,63968.0,63875.1,63875.2,24083.0,24.0833,1539098.32717,1
1785848400000,63874.9,63982.3,63829.0,63916.0,51436.0,51.4363,3287784.60436,1
1785849300000,63916.0,63987.7,63833.5,63883.6,18889.0,18.8897,1207031.95482,1
1785850200000,63866.2,64075.0,63793.1,64000.0,116703.0,116.703,7470257.48286,1
1785851100000,63997.8,63997.8,63639.2,63663.7,245177.0,245.1777,15647711.98524,1
1785852000000,63663.6,63891.8,63583.9,63773.4,80407.0,80.407,5125313.89908,1
1785852900000,63772.0,63877.9,63602.0,63864.9,105439.0,105.439,6718083.0506,1
1785853800000,63872.5,64163.9,63829.3,64089.2,299654.0,299.6544,19197459.42273,1
1785854700000,64098.6,64177.5,64028.2,64099.9,166773.0,166.7735,10685228.98094,1
1785855600000,64117.1,64189.1,63967.0,64039.5,76624.0,76.6244,4910812.37098,1
1785856500000,64034.8,64036.9,63903.5,63923.7,138629.0,138.6296,8867658.96835,1
1785857400000,63925.0,64103.1,63782.3,64099.8,132660.0,132.6604,8473009.86414,1
1785858300000,64099.9,64200.0,64056.8,64088.3,188487.0,188.4874,12088255.82542,1
1785859200000,64093.5,64104.0,63948.9,64005.7,93018.0,93.0189,5955147.02437,1
1785860100000,64009.8,64087.8,63983.4,64000.1,21439.0,21.4393,1372915.73137,1
1785861000000,64000.0,64029.8,63874.8,63912.1,92938.0,92.9382,5942558.82878,1
1785861900000,63914.1,63987.6,63880.1,63928.9,23544.0,23.5441,1505285.18242,1
1785862800000,63928.9,64150.0,63928.8,64043.1,67786.0,67.7863,4342345.55856,1
1785863700000,64043.0,64146.4,64000.1,64128.2,52208.0,52.2081,3344404.74543,1
1785864600000,64130.9,64147.0,64073.3,64075.0,37951.0,37.9519,2432731.56159,1
1785865500000,64075.2,64075.2,63856.3,63936.1,62016.0,62.0163,3966794.23958,1
1785866400000,63932.1,64195.1,63932.0,64191.1,39471.0,39.4715,2530064.75638,1
1785867300000,64191.0,64370.0,64167.1,64331.7,256380.0,256.3808,16479254.24147,1
1785868200000,64332.0,64370.0,64190.3,64265.2,144420.0,144.4205,9285724.09508,1
1785869100000,64265.9,64288.9,64240.1,64270.8,19395.0,19.395,1246457.67788,1
1785870000000,64274.3,64340.5,64251.5,64305.0,34003.0,34.003,2185898.99365,1
1785870900000,64305.0,64331.4,64229.0,64243.9,20372.0,20.3725,1309180.34935,1
1785871800000,64250.0,64388.0,64221.1,64351.2,22539.0,22.5396,1449638.17477,1
1785872700000,64351.6,64351.6,64144.6,64182.2,36935.0,36.9352,2373602.0434,1
1785873600000,64189.2,64191.2,64079.3,64144.0,113963.0,113.9639,7306782.80102,1
1785874500000,64121.7,64126.8,63945.4,64088.9,89309.0,89.3096,5719377.99638,1
1785875400000,64088.9,64384.0,64088.9,64358.6,76504.0,76.5047,4918467.16941,1
1785876300000,64354.9,64356.0,64272.7,64316.4,40610.0,40.6104,2611535.48296,1
1785877200000,64316.4,64316.4,64180.0,64197.1,77487.0,77.4875,4980230.85706,1
1785878100000,64197.1,64258.9,64155.8,64227.6,77642.0,77.6429,4984867.9371,1
1785879000000,64224.6,64245.9,64172.2,64220.3,40429.0,40.429,2595911.14796,1
1785879900000,64207.0,64224.3,64147.8,64168.1,79576.0,79.5767,5106920.29539,1
1785880800000,64160.7,64202.1,64107.5,64202.0,15555.0,15.5552,998013.80409,1
1785881700000,64202.0,64232.5,64143.3,64220.8,14856.0,14.8562,953672.03697,1
1785882600000,64226.0,64263.5,64185.6,64185.6,3902.0,3.9026,250657.8411,1
1785883500000,64185.6,64238.0,64143.8,64237.9,9561.0,9.5616,613693.70785,1
1785884400000,64238.7,64450.0,64181.8,64396.0,59634.0,59.6341,3839025.54202,1
1785885300000,64396.1,64515.2,64152.2,64152.2,141630.0,141.6306,9122080.53694,1
1785886200000,64152.2,64220.0,64116.5,64186.2,35971.0,35.9717,2308044.63767,1
1785887100000,64186.0,64195.7,64055.0,64075.5,34639.0,34.6396,2221566.02573,1
1785888000000,64065.5,64075.0,63983.6,64005.1,59671.0,59.6714,3820988.47154,1
1785888900000,64000.0,64037.9,63975.1,64037.9,16237.0,16.2372,1039017.81031,1
1785889800000,64040.4,64158.3,63995.0,64044.2,121958.0,121.9588,7817338.07779,1
1785890700000,64037.2,64037.2,63951.0,63965.9,18590.0,18.5901,1189516.9195,1
1785891600000,63973.0,63999.8,63922.0,63984.5,15628.0,15.6283,999642.44619,1
1785892500000,63984.4,64090.7,63928.2,64087.3,129567.0,129.5678,8294104.15002,1
1785893400000,64087.3,64275.4,64087.3,64160.0,77257.0,77.2575,4959193.57904,1
1785894300000,64160.0,64318.9,64160.0,64306.3,67012.0,67.0122,4304052.35044,1
1785895200000,64306.3,64471.5,64306.0,64433.0,91521.0,91.5214,5895154.53809,1
1785896100000,64432.4,64451.3,64293.9,64384.3,41036.0,41.0365,2640545.49903,1
1785897000000,64392.8,64451.4,64383.2,64400.3,9392.0,9.3927,605010.7784,1
1785897900000,64400.3,64422.0,64339.9,64340.3,14771.0,14.7714,951118.07537,1
1785898800000,64340.3,64416.9,64325.0,64325.3,58037.0,58.0376,3736015.67502,1
1785899700000,64325.3,64329.3,64031.1,64031.2,93766.0,93.7666,6010456.52844,1
1785900600000,64028.7,64138.7,64019.5,64106.6,12187.0,12.1873,780866.28413,1
1785901500000,64105.0,64149.9,64104.9,64143.2,14930.0,14.93,957564.07973,1
1785902400000,64143.2,64165.4,64092.0,64092.0,33379.0,33.3799,2140580.34971,1
1785903300000,64092.0,64170.6,64060.1,64128.5,18490.0,18.4906,1185690.58574,1
1785904200000,64136.7,64185.3,64126.1,64147.8,23602.0,23.602,1514497.61158,1
1785905100000,64147.8,64160.0,64080.1,64141.6,16116.0,16.1164,1033681.95118,1
1785906000000,64141.6,64298.3,64131.5,64285.9,36353.0,36.3534,2335344.76516,1
1785906900000,64280.2,64500.0,64266.6,64408.2,46686.0,46.6869,3006256.38133,1
1785907800000,64408.3,64408.7,64312.3,64332.8,24963.0,24.963,1606454.84652,1
1785908700000,64335.5,64345.0,64282.0,64335.0,43569.0,43.5695,2802722.21938,1
1785909600000,64303.1,64336.7,64277.2,64281.3,9882.0,9.8828,635408.42671,1
1785910500000,64281.3,64316.6,64251.9,64279.8,7212.0,7.2121,463517.41699,1
1785911400000,64279.8,64345.8,64263.7,64263.7,16628.0,16.6281,1069315.46027,1
1785912300000,64263.7,64263.7,64204.8,64226.1,14851.0,14.8515,953791.39187,1
1785913200000,64229.8,64245.5,64131.7,64154.3,29796.0,29.7969,1912323.99724,1
1785914100000,64149.6,64149.6,64020.0,64049.8,27306.0,27.3065,1749252.07369,1
1785915000000,64049.9,64057.2,63965.3,63976.6,14379.0,14.379,920527.03998,1
1785915900000,63976.7,64141.0,63976.6,64141.0,41437.0,41.4379,2654997.49653,1
1785916800000,64146.3,64230.7,64112.2,64173.0,26564.0,26.5645,1704602.30246,1
1785917700000,64167.7,64250.4,64135.1,64248.3,29796.0,29.7964,1912182.6363,1
1785918600000,64250.3,64252.7,64101.3,64105.7,43112.0,43.112,2765476.19684,1
1785919500000,64105.6,64140.0,64071.5,64087.7,42220.0,42.2209,2706827.02489,1
1785920400000,64096.3,64134.1,64072.6,64100.2,8579.0,8.5797,549993.52196,1
1785921300000,64100.2,64162.2,64091.6,64130.5,28311.0,28.311,1815507.97133,1
1785922200000,64130.5,64181.6,64130.4,64141.0,9985.0,9.9851,640690.22027,1
1785923100000,64143.0,64156.0,64120.1,64127.4,13980.0,13.9808,896723.33821,1
1785924000000,64127.5,64159.5,64083.8,64124.5,11502.0,11.502,737545.39117,1
1785924900000,64098.2,64215.8,64044.4,64184.9,20562.0,20.5622,1318453.02745,1
1785925800000,64184.9,64200.0,64150.3,64166.1,36720.0,36.7208,2356173.6144,1
1785926700000,64170.7,64170.7,64000.0,64033.0,70241.0,70.2414,4496933.7785,1
1785927600000,64033.0,64082.0,64032.9,64058.7,26328.0,26.3285,1686791.14894,1
1785928500000,64058.7,64062.0,64013.1,64044.1,17578.0,17.5783,1125505.11128,1
1785929400000,64040.8,64116.4,64025.1,64071.1,40730.0,40.7304,2609184.6404,1
1785930300000,64071.1,64076.3,64025.4,64044.7,20783.0,20.7836,1331297.50502,1
1785931200000,64044.7,64198.0,64012.2,64170.0,16339.0,16.3392,1047732.29872,1
1785932100000,64172.3,64568.1,64154.1,64494.0,450052.0,450.052,28985938.51712,1
1785933000000,64505.5,64522.2,64385.6,64441.9,79505.0,79.5051,5122232.47864,1
1785933900000,64425.2,64425.2,64304.0,64305.0,49799.0,49.7991,3205231.37778,1
1785934800000,64303.9,64317.4,64075.0,64098.9,96626.0,96.626,6201648.63929,1
1785935700000,64098.9,64183.0,64085.7,64115.9,39014.0,39.0146,2502743.40472,1
1785936600000,64120.9,64266.6,63855.0,64150.8,243842.0,243.8423,15605982.60055,1
1785937500000,64150.7,64377.0,64011.2,64376.1,116302.0,116.3024,7469450.66758,1
1785938400000,64354.5,64500.0,64277.9,64443.2,149768.0,149.7683,9648269.1729,1
1785939300000,64449.0,64546.6,64293.1,64325.6,104505.0,104.5055,6730645.65685,1
1785940200000,64322.7,64437.0,64265.4,64381.8,77400.0,77.4006,4978944.20222,1
1785941100000,64382.0,64497.6,64300.0,64443.6,54630.0,54.6303,3518674.35311,1
1785942000000,64447.7,64703.0,64418.5,64603.8,188163.0,188.1636,12160727.15131,1
1785942900000,64603.8,64603.8,64422.0,64469.2,197484.0,197.4846,12733707.43231,1
1785943800000,64471.3,64703.1,64471.3,64521.5,93298.0,93.2986,6026309.36668,1
1785944700000,64521.5,64522.6,64348.7,64353.6,71463.0,71.4636,4606098.02005,1
1785945600000,64361.7,64567.5,64352.5,64567.5,83448.0,83.4486,5377035.91477,1
1785946500000,64570.6,64742.0,64538.5,64720.0,264230.0,264.2305,17097874.51796,1
1785947400000,64719.9,64725.5,64623.9,64657.1,79215.0,79.2159,5123202.94721,1
1785948300000,64654.1,64655.4,64588.4,64631.9,49536.0,49.5369,3200927.55269,1
1785949200000,64644.6,64667.2,64556.6,64560.0,41844.0,41.8447,2702589.11086,1
1785950100000,64550.1,64589.5,64506.3,64574.8,18711.0,18.7111,1207830.06928,1
1785951000000,64571.4,64720.0,64551.4,64676.2,58492.0,58.4924,3782922.26714,1
1785951900000,64676.1,64778.0,64645.8,64739.1,69298.0,69.2988,4485731.0725,1
1785952800000,64739.1,64774.8,64635.4,64767.3,176290.0,176.2909,11410707.94174,1
1785953700000,64770.2,64784.8,64645.5,64692.7,53913.0,53.9134,3489906.53565,1
1785954600000,64692.7,64770.0,64641.0,64770.0,43930.0,43.93,2841147.58445,1
1785955500000,64770.0,64810.0,64724.0,64766.4,52303.0,52.3033,3387032.62958,1
1785956400000,64757.8,64888.0,64745.2,64850.4,137422.0,137.4229,8911151.75256,1
1785957300000,64850.4,64894.9,64830.3,64877.6,46386.0,46.3866,3008430.32705,1
1785958200000,64877.5,64889.2,64835.5,64863.2,27143.0,27.1436,1760897.45361,1
1785959100000,64863.1,64893.9,64796.5,64799.4,44314.0,44.3147,2873301.32454,1
1785960000000,64810.1,64881.7,64772.3,64881.7,46108.0,46.1085,2987984.82776,1
1785960900000,64881.7,65000.0,64848.7,64957.2,163600.0,163.6007,10625501.00063,1
1785961800000,64957.2,64968.5,64906.9,64952.2,28250.0,28.2505,1834585.44447,1
1785962700000,64952.3,64964.4,64804.7,64806.8,125848.0,125.8487,8160891.14074,1
1785963600000,64806.8,64810.1,64688.1,64755.7,130524.0,130.5244,8451544.4098,1
1785964500000,64755.7,64760.0,64635.6,64644.6,20575.0,20.5755,1330745.23488,1
1785965400000,64646.6,64725.9,64643.8,64695.1,57133.0,57.133,3695750.49969,1
1785966300000,64695.1,64733.2,64648.1,64711.7,13852.0,13.8526,896406.46249,1
1785967200000,64711.7,64741.0,64637.0,64658.4,26648.0,26.6481,1723541.34951,1
1785968100000,64655.7,64707.9,64652.9,64707.9,30046.0,30.0462,1943295.35286,1
1785969000000,64708.6,64758.7,64655.6,64666.2,24344.0,24.3444,1575671.96619,1
1785969900000,64666.2,64691.4,64601.0,64607.0,44571.0,44.5716,2880296.84875,1
1785970800000,64600.1,64662.1,64552.0,64654.2,49552.0,49.5529,3200604.2085,1
1785971700000,64641.1,64710.6,64600.1,64668.1,17612.0,17.6128,1139169.83921,1
1785972600000,64668.1,64684.1,64635.7,64642.1,14586.0,14.5865,943240.29964,1
1785973500000,64635.1,64645.2,64557.1,64633.9,8502.0,8.502,549314.1794,1
1785974400000,64635.0,64646.3,64570.7,64575.2,33640.0,33.6409,2173277.03844,1
1785975300000,64572.9,64685.0,64533.9,64654.9,9895.0,9.8957,639512.17907,1
1785976200000,64654.9,64684.5,64619.5,64619.5,11922.0,11.9223,770855.97946,1
1785977100000,64619.6,64664.1,64593.4,64614.8,18376.0,18.3767,1187790.75035,1
1785978000000,64614.8,64620.2,64557.7,64579.7,18837.0,18.8376,1216710.29684,1
1785978900000,64579.7,64580.6,64486.3,64489.0,29715.0,29.7158,1917222.71825,1
1785979800000,64488.9,64585.2,64467.2,64541.3,15994.0,15.9944,1032131.5733,1
1785980700000,64539.8,64634.9,64536.3,64559.9,12449.0,12.4497,804169.69011,1
1785981600000,64557.2,64627.6,64505.5,64547.7,7628.0,7.6283,492400.52213,1
1785982500000,64533.4,64556.4,64393.7,64495.7,45517.0,45.5174,2934575.25188,1
1785983400000,64490.5,64549.3,64446.5,64549.3,40914.0,40.9149,2639210.24143,1
1785984300000,64549.3,64564.6,64508.4,64550.7,16550.0,16.5501,1068185.44914,1
1785985200000,64550.7,64550.7,64485.5,64537.3,8597.0,8.5973,554754.49005,1
1785986100000,64537.3,64537.3,64477.1,64509.8,12499.0,12.4999,806197.56602,1
1785987000000,64509.8,64550.3,64471.4,64471.5,5066.0,5.0667,326836.31372,1
1785987900000,64471.5,64510.9,64463.3,64505.0,6352.0,6.3528,409649.7774,1
1785988800000,64498.9,64562.3,64461.7,64550.0,18040.0,18.0406,1163909.32482,1
1785989700000,64550.0,64666.9,64550.0,64660.4,20763.0,20.7635,1342004.32615,1
1785990600000,64660.4,64702.6,64623.9,64632.0,64020.0,64.0205,4141309.41969,1
1785991500000,64631.9,64695.9,64600.4,64695.9,9986.0,9.9867,645483.75903,1
1785992400000,64700.0,64965.5,64699.0,64885.3,68546.0,68.5461,4442050.08913,1
1785993300000,64894.6,64961.2,64853.5,64861.6,28703.0,28.7035,1863101.76554,1
1785994200000,64856.8,64887.9,64820.6,64878.5,9287.0,9.2878,602386.8355,1
1785995100000,64878.6,64878.7,64831.3,64877.9,4103.0,4.1033,266096.15576,1
1785996000000,64870.7,64870.7,64747.4,64747.9,11890.0,11.8909,770784.66791,1
1785996900000,64761.3,64804.5,64713.1,64797.6,12208.0,12.2083,790580.06105,1
1785997800000,64797.7,64829.0,64784.1,64807.5,35797.0,35.7973,2320142.54123,1
1785998700000,64807.5,64825.1,64782.9,64813.9,14683.0,14.6836,951715.66359,1
1785999600000,64827.1,64918.3,64793.0,64911.8,15788.0,15.7884,1023595.25529,1
1786000500000,64910.4,64930.0,64863.9,64867.6,17941.0,17.9411,1164417.31223,1
1786001400000,64867.7,64875.0,64750.0,64787.6,20646.0,20.6466,1338875.76142,1
1786002300000,64787.5,64818.6,64763.1,64789.3,20852.0,20.8526,1351294.98746,1
1786003200000,64789.4,64828.4,64737.6,64744.1,5863.0,5.8631,379792.59169,1
1786004100000,64744.1,64874.4,64730.9,64874.4,30051.0,30.051,1947582.74148,1
1786005000000,64874.8,64896.9,64840.7,64853.6,89359.0,89.3596,5796499.01352,1
1786005900000,64853.7,64971.0,64853.6,64917.5,21311.0,21.3118,1383226.37487,1
1786006800000,64917.5,64917.5,64725.9,64746.7,16541.0,16.5418,1071892.29129,1
1786007700000,64746.8,64813.2,64693.3,64700.0,18005.0,18.0051,1165656.9202,1
1786008600000,64700.0,64700.0,64598.8,64631.5,39521.0,39.5219,2555182.60566,1
1786009500000,64631.6,64664.7,64603.5,64649.1,13700.0,13.7009,885765.4251,1
1786010400000,64649.1,64653.1,64564.0,64565.1,18451.0,18.4512,1191974.84828,1
1786011300000,64565.1,64645.2,64553.3,64645.1,15479.0,15.479,1000187.25812,1
1786012200000,64645.2,64649.9,64591.5,64591.5,6976.0,6.9766,450882.53674,1
1786013100000,64591.5,64618.4,64571.8,64583.6,6410.0,6.4106,414062.65164,1
1786014000000,64593.5,64597.3,64473.0,64543.3,24440.0,24.4405,1576814.48412,1
1786014900000,64543.3,64616.2,64543.3,64555.0,24724.0,24.724,1596807.72507,1
1786015800000,64555.0,64628.0,64552.1,64618.5,19157.0,19.157,1237679.40135,1
1786016700000,64618.5,64621.5,64552.0,64590.1,7246.0,7.2462,468029.93424,1
1786017600000,64587.9,64605.2,64440.0,64455.1,62865.0,62.8654,4054310.70983,1
1786018500000,64455.1,64522.7,64430.0,64519.8,122744.0,122.7444,7918505.75116,1
1786019400000,64519.6,64564.6,64477.4,64494.6,21882.0,21.882,1411945.87403,1
1786020300000,64505.3,64509.0,64358.1,64392.4,39118.0,39.1189,2520538.32885,1
1786021200000,64392.4,64415.3,64175.0,64230.5,381426.0,381.4262,24512121.0142,1
1786022100000,64229.7,64268.5,64150.9,64220.6,45589.0,45.5894,2927774.11757,1
1786023000000,64217.1,64409.6,64145.5,64370.9,76195.0,76.1958,4895630.34937,1
1786023900000,64379.4,64501.0,64353.0,64404.8,120186.0,120.1867,7744832.60598,1
1786024800000,64406.5,64536.6,64354.2,64441.3,94742.0,94.7429,6106581.08204,1
1786025700000,64440.0,64556.8,64391.6,64402.3,104695.0,104.695,6748002.55056,1
1786026600000,64402.7,64810.3,64332.7,64785.2,288389.0,288.3895,18648795.72547,1
1786027500000,64785.1,64823.0,64663.2,64748.2,86119.0,86.1194,5574830.27995,1
1786028400000,64748.3,64960.4,64739.0,64825.0,129591.0,129.5911,8407597.05268,1
1786029300000,64822.7,64870.0,64687.0,64796.8,131335.0,131.3357,8505085.84317,1
1786030200000,64802.0,64836.5,64678.6,64724.7,32766.0,32.7662,2121873.08816,1
1786031100000,64724.7,64843.1,64594.4,64602.3,92175.0,92.1757,5961336.37329,1
1786032000000,64609.0,64684.4,64565.5,64611.5,58117.0,58.1176,3755317.35972,1
1786032900000,64607.2,64656.5,64556.7,64620.4,20067.0,20.0675,1296182.60196,1
1786033800000,64620.4,64717.1,64581.3,64684.1,70083.0,70.0838,4531653.17393,1
1786034700000,64677.6,64738.0,64630.0,64723.2,41327.0,41.3274,2673822.03805,1
1786035600000,64727.5,64799.8,64687.0,64687.0,19604.0,19.6044,1269235.21066,1
1786036500000,64685.8,64716.0,64640.2,64656.2,6082.0,6.0822,393395.33924,1
1786037400000,64653.9,64686.9,64515.9,64569.8,28334.0,28.3343,1829386.8691,1
1786038300000,64569.9,64618.7,64547.8,64590.0,30213.0,30.2138,1951302.35211,1
1786039200000,64584.9,64589.7,64441.1,64511.6,71663.0,71.6636,4621019.06538,1
1786040100000,64511.6,64567.8,64475.7,64485.3,38293.0,38.2931,2471067.94283,1
1786041000000,64487.7,64489.5,64374.3,64384.5,23332.0,23.3327,1502944.46414,1
1786041900000,64386.9,64420.9,64343.7,64388.9,39459.0,39.4592,2540094.61448,1
1786042800000,64388.8,64431.9,64383.5,64419.4,89079.0,89.0796,5737641.53161,1
1786043700000,64419.4,64428.9,64364.8,64366.1,109624.0,109.6242,7061721.49665,1
1786044600000,64372.3,64419.4,64323.7,64395.4,41965.0,41.9655,2702183.82514,1
1786045500000,64395.4,64441.4,64377.6,64417.1,60755.0,60.7555,3913209.29989,1
1786046400000,64417.1,64505.6,64417.1,64490.3,130444.0,130.4444,8412446.04238,1
1786047300000,64494.0,64494.0,64422.9,64450.2,57434.0,57.4346,3701864.87446,1
1786048200000,64450.2,64460.0,64410.2,64429.4,88562.0,88.562,5706273.18339,1
1786049100000,64429.4,64449.9,64403.7,64408.8,14827.0,14.8272,955235.02394,1
1786050000000,64403.7,64468.8,64403.7,64455.4,19674.0,19.6749,1268023.60605,1
1786050900000,64455.4,64483.6,64417.6,64417.6,9482.0,9.4826,611201.32327,1
1786051800000,64421.5,64450.0,64377.6,64418.4,47293.0,47.2931,3045568.17103,1
1786052700000,64418.4,64450.0,64409.0,64411.8,14904.0,14.9045,960114.53265,1
1786053600000,64419.3,64419.7,64352.1,64403.2,58487.0,58.4879,3766091.06563,1
1786054500000,64403.3,64405.2,64294.3,64335.9,61938.0,61.9388,3983648.52368,1
1786055400000,64335.9,64360.0,64301.7,64310.4,15052.0,15.0529,968477.92933,1
1786056300000,64315.9,64342.7,64310.7,64320.8,36577.0,36.5773,2352927.24421,1
1786057200000,64314.2,64333.1,64300.0,64307.4,33604.0,33.6044,2161335.9269,1
1786058100000,64307.4,64312.7,64192.7,64219.6,48728.0,48.7283,3129676.72866,1
1786059000000,64216.5,64229.7,64178.9,64193.6,13781.0,13.7811,884805.71542,1
1786059900000,64193.6,64302.7,64164.8,64291.0,30344.0,30.3443,1949589.54419,1
1786060800000,64294.5,64376.4,64254.8,64263.8,31715.0,31.7153,2040250.5548,1
1786061700000,64263.7,64284.5,64200.1,64244.5,29951.0,29.9512,1923826.56578,1
1786062600000,64244.5,64312.1,64203.2,64296.8,3848.0,3.8482,247260.6386,1
1786063500000,64300.3,64315.2,64236.8,64285.9,53202.0,53.2029,3421299.93473,1
1786064400000,64292.6,64431.6,64292.6,64338.3,87843.0,87.8433,5654190.14895,1
1786065300000,64334.4,64404.2,64284.5,64397.4,20944.0,20.9444,1347160.86185,1
1786066200000,64397.5,64440.0,64264.0,64351.7,28337.0,28.337,1824389.50204,1
1786067100000,64348.4,64416.7,64348.4,64393.5,5547.0,5.5476,357160.60405,1
1786068000000,64387.9,64401.8,64220.0,64366.3,20058.0,20.0582,1290043.70072,1
1786068900000,64374.3,64518.2,64276.8,64291.9,56925.0,56.9256,3664976.93741,1
1786069800000,64295.8,64382.5,64248.0,64382.5,25292.0,25.2923,1626738.21492,1
1786070700000,64382.4,64446.0,64362.4,64369.4,6152.0,6.152,396171.16287,1
1786071600000,64369.4,64380.4,64286.3,64310.1,17871.0,17.8717,1149731.75135,1
1786072500000,64310.1,64316.0,64231.3,64288.2,17284.0,17.2846,1111066.38931,1
1786073400000,64285.3,64347.3,64284.7,64310.7,9157.0,9.1574,588989.90417,1
1786074300000,64307.9,64339.0,64254.1,64254.5,8895.0,8.8959,571896.70231,1
1786075200000,64260.2,64299.2,64225.0,64275.7,4615.0,4.6158,296650.92708,1
1786076100000,64281.1,64333.2,64260.5,64273.7,4578.0,4.5788,294419.33377,1
1786077000000,64274.2,64328.1,64226.0,64226.1,6382.0,6.3826,410062.9061,1
1786077900000,64226.1,64239.2,64130.6,64223.9,44903.0,44.9033,2881708.07723,1
1786078800000,64223.9,64233.9,64161.2,64219.0,9269.0,9.2691,595218.97367,1
1786079700000,64219.0,64232.4,64142.0,64154.4,19532.0,19.5329,1253606.59434,1
1786080600000,64154.3,64250.1,64154.3,64250.1,12500.0,12.5004,802605.74249,1
1786081500000,64250.6,64365.0,64226.6,64311.4,17235.0,17.2355,1108431.81823,1
1786082400000,64310.1,64393.5,64289.9,64393.5,39391.0,39.3919,2533650.82337,1
1786083300000,64384.6,64430.0,64366.6,64391.8,7122.0,7.1221,458647.74943,1
1786084200000,64403.9,64403.9,64312.6,64335.4,19853.0,19.8539,1277239.34822,1
1786085100000,64335.4,64348.0,64255.0,64280.1,10753.0,10.7535,691371.03997,1
1786086000000,64280.1,64344.0,64232.3,64310.4,4542.0,4.5426,292010.06353,1
1786086900000,64308.8,64404.3,64308.0,64377.1,20801.0,20.8011,1338805.74361,1
1786087800000,64377.1,64389.4,64337.7,64342.8,9355.0,9.3552,602061.98513,1
1786088700000,64342.8,64347.0,64280.2,64288.9,6001.0,6.001,386026.81419,1
1786089600000,64288.9,64352.0,64272.4,64341.2,8569.0,8.5691,551076.49515,1
1786090500000,64341.2,64426.8,64341.1,64421.5,12789.0,12.7895,823580.52473,1
1786091400000,64427.2,64645.3,64423.9,64606.3,177136.0,177.1361,11434780.5143,1
1786092300000,64606.2,64606.2,64547.8,64576.4,15641.0,15.6412,1009926.17679,1
1786093200000,64576.4,64746.0,64576.3,64700.0,41864.0,41.864,2707239.68215,1
1786094100000,64700.1,64850.0,64700.1,64806.0,46569.0,46.5698,3016859.12706,1
1786095000000,64807.9,64938.0,64776.6,64877.9,43618.0,43.6187,2830068.5344,1
1786095900000,64879.9,64881.3,64798.4,64798.5,29708.0,29.7087,1926304.50069,1
1786096800000,64798.7,64841.1,64770.3,64820.3,10330.0,10.3303,669482.638,1
1786097700000,64820.3,64862.1,64772.8,64862.1,15431.0,15.4315,1000071.32286,1
1786098600000,64862.1,64883.4,64823.7,64825.0,11468.0,11.4684,743797.36071,1
1786099500000,64825.0,64884.6,64824.9,64867.3,11418.0,11.4181,740648.1169,1
1786100400000,64870.7,64948.5,64868.0,64934.2,24886.0,24.8867,1616050.60192,1
1786101300000,64934.3,65186.1,64900.8,65058.2,157802.0,157.8029,10267773.17812,1
1786102200000,65058.3,65075.0,64997.3,65015.0,88272.0,88.272,5738774.55014,1
1786103100000,64999.8,65020.0,64971.1,64996.1,45217.0,45.2175,2938981.15266,1
1786104000000,64996.2,65252.2,64995.8,65188.1,108218.0,108.218,7049688.94472,1
1786104900000,65189.8,65209.2,65030.8,65088.2,52677.0,52.6775,3429790.11256,1
1786105800000,65109.5,65300.0,64955.0,65125.6,160629.0,160.6299,10454809.14735,1
1786106700000,65132.5,65358.0,65132.5,65259.1,174541.0,174.5412,11395479.87931,1
1786107600000,65259.0,65296.7,65155.3,65186.1,211736.0,211.7367,13809957.7513,1
1786108500000,65186.2,65244.8,65076.8,65125.2,67282.0,67.2824,4384904.60443,1
1786109400000,65125.8,65283.0,65071.2,65267.2,48873.0,48.8734,3185607.67913,1
1786110300000,65267.1,65305.6,64952.1,64980.3,84718.0,84.7184,5512482.21211,1
1786111200000,64984.8,65020.1,64756.8,64805.9,225365.0,225.3659,14626244.97307,1
1786112100000,64793.6,65206.4,64785.8,65156.6,146321.0,146.3215,9519917.39784,1
1786113000000,65159.9,65250.0,65056.7,65075.1,95512.0,95.5129,6219762.2955,1
1786113900000,65072.2,65124.2,64918.6,64927.2,51147.0,51.1472,3324616.20681,1
1786114800000,64929.9,65015.3,64871.6,64935.4,56888.0,56.8885,3694326.57313,1
1786115700000,64935.4,65042.6,64900.6,64996.8,25031.0,25.031,1626731.025,1
1786116600000,65003.3,65107.7,64955.6,64990.1,46568.0,46.568,3026385.45967,1
1786117500000,64990.1,65002.1,64878.4,64884.0,22679.0,22.679,1472988.02965,1
1786118400000,64891.5,65049.2,64883.6,65019.6,94417.0,94.4178,6128757.34828,1
1786119300000,65013.8,65026.9,64866.7,64900.0,23949.0,23.9491,1555021.63618,1
1786120200000,64900.0,64946.0,64841.9,64926.2,93503.0,93.5039,6071179.2012,1
1786121100000,64923.5,64925.7,64782.7,64782.8,39849.0,39.849,2583723.10705,1
1786122000000,64782.8,64805.0,64664.0,64670.0,164497.0,164.4975,10650510.34877,1
1786122900000,64670.1,64704.0,64552.7,64570.5,122286.0,122.2866,7901572.08751,1
1786123800000,64570.5,64664.8,64500.0,64655.9,59637.0,59.6374,3850835.86783,1
1786124700000,64655.8,64740.3,64631.9,64740.3,49241.0,49.2412,3185099.05669,1
1786125600000,64734.4,64857.9,64734.4,64820.2,45958.0,45.9589,2979243.51381,1
1786126500000,64825.2,64843.8,64766.7,64783.9,45444.0,45.4448,2944415.03682,1
1786127400000,64785.8,64817.3,64700.0,64700.1,18905.0,18.9051,1224107.38031,1
1786128300000,64700.0,64727.9,64655.0,64712.4,29501.0,29.5018,1908134.0194,1
1786129200000,64727.1,64841.3,64719.2,64815.7,34749.0,34.7493,2250415.39928,1
1786130100000,64815.7,64950.0,64815.7,64916.7,26987.0,26.9876,1751510.94312,1
1786131000000,64916.8,64991.0,64905.4,64947.6,24769.0,24.7699,1609014.99808,1
1786131900000,64945.8,64975.3,64916.3,64932.9,64713.0,64.7139,4203511.46821,1
1786132800000,64933.0,65007.6,64918.4,64951.0,65696.0,65.6965,4266610.25547,1
1786133700000,64951.0,64974.2,64925.3,64947.1,9044.0,9.0446,587415.12131,1
1786134600000,64947.0,64947.0,64916.6,64929.9,12914.0,12.9145,838497.44591,1
1786135500000,64929.9,64952.1,64925.9,64939.0,5264.0,5.2647,341906.20044,1
1786136400000,64942.1,64996.0,64942.1,64976.4,8827.0,8.8271,573377.17705,1
1786137300000,64976.5,64991.6,64920.0,64966.9,15124.0,15.1247,982430.71932,1
1786138200000,64966.9,65078.7,64966.9,64985.6,27474.0,27.4744,1786696.74192,1
1786139100000,65009.9,65014.5,64895.0,64895.2,20669.0,20.6697,1342388.1562,1
1786140000000,64895.2,64899.4,64863.3,64897.1,94846.0,94.8463,6154990.64203,1
1786140900000,64898.5,64919.6,64878.7,64896.3,63038.0,63.0381,4091548.96552,1
1786141800000,64895.6,64895.7,64815.3,64830.1,41171.0,41.1713,2670517.73819,1
1786142700000,64830.1,64892.0,64830.1,64857.4,9918.0,9.9184,643350.73258,1
1786143600000,64857.4,64859.9,64854.7,64859.9,8696.0,8.6967,564027.55661,1
1786144500000,64859.9,64864.2,64850.6,64852.1,2901.0,2.9016,188177.57969,1
1786145400000,64852.1,64869.1,64852.0,64869.1,9915.0,9.9159,643106.83329,1
1786146300000,64869.1,64885.8,64869.1,64885.5,1927.0,1.9273,125045.91114,1
1786147200000,64881.6,64925.5,64868.2,64868.2,14667.0,14.6674,951679.4192,1
1786148100000,64863.8,64863.9,64789.9,64850.3,19567.0,19.5674,1268620.03689,1
1786149000000,64850.4,64870.1,64836.1,64870.1,13222.0,13.2222,857492.2944,1
1786149900000,64870.1,64885.0,64870.1,64881.0,6935.0,6.9355,449953.78415,1
1786150800000,64881.0,64922.0,64871.6,64921.9,8240.0,8.2403,534841.0085,1
1786151700000,64921.9,64922.3,64877.2,64877.2,6307.0,6.3076,409351.53218,1
1786152600000,64875.5,64907.2,64875.5,64900.2,2802.0,2.8025,181870.38883,1
1786153500000,64900.2,64900.2,64880.0,64880.6,1612.0,1.6127,104638.52418,1
1786154400000,64880.6,64880.6,64863.5,64866.7,6150.0,6.1509,399055.41794,1
1786155300000,64866.7,64899.9,64864.0,64899.9,1838.0,1.8382,119250.68215,1
1786156200000,64899.9,64931.8,64884.0,64892.0,3492.0,3.4929,226742.28732,1
1786157100000,64892.0,64894.2,64887.7,64889.4,1557.0,1.5577,101077.17451,1
1786158000000,64889.4,64910.0,64884.1,64902.3,3352.0,3.3522,217550.93531,1
1786158900000,64902.2,65006.6,64902.2,64992.3,10866.0,10.8665,706012.34909,1
1786159800000,64992.3,65046.0,64970.2,64984.9,14465.0,14.4652,940343.3843,1
1786160700000,64984.9,65008.8,64965.9,65001.9,6559.0,6.5592,426262.99739,1
1786161600000,65001.9,65030.0,64934.9,64947.1,6845.0,6.8454,444767.65914,1
1786162500000,64947.1,64973.5,64941.0,64973.0,2718.0,2.7184,176598.22015,1
1786163400000,64973.0,65033.6,64968.6,65005.1,11906.0,11.9069,774033.46489,1
1786164300000,65009.2,65012.1,64973.7,64976.5,7046.0,7.0463,458035.91027,1
1786165200000,64976.5,64984.3,64965.1,64965.1,5157.0,5.1572,335100.78447,1
1786166100000,64968.7,64993.0,64968.7,64992.4,2321.0,2.3216,150869.08683,1
1786167000000,64991.0,64993.4,64981.1,64990.0,21503.0,21.5032,1397525.36425,1
1786167900000,64990.0,64990.0,64942.9,64967.1,4424.0,4.4245,287453.30178,1
1786168800000,64972.3,64972.3,64947.3,64950.0,3158.0,3.1581,205142.78294,1
1786169700000,64950.0,64954.0,64942.9,64944.6,3096.0,3.0964,201114.58926,1
1786170600000,64944.6,64959.2,64937.6,64959.2,1917.0,1.9178,124556.1646,1
1786171500000,64961.8,64991.0,64961.8,64978.2,2471.0,2.4713,160589.941,1
1786172400000,64978.2,64983.0,64970.8,64970.8,4274.0,4.2749,277770.72903,1
1786173300000,64970.8,64974.3,64967.6,64974.3,9354.0,9.3544,607762.19167,1
1786174200000,64974.3,64974.3,64921.0,64921.0,2245.0,2.2455,145835.54064,1
1786175100000,64921.0,64936.3,64919.5,64936.2,5148.0,5.148,334271.23135,1
1786176000000,64936.3,64938.8,64920.0,64938.7,6474.0,6.4747,420388.57992,1
1786176900000,64938.7,64956.1,64938.7,64956.1,3617.0,3.6175,234924.10426,1
1786177800000,64956.1,64988.0,64956.0,64984.8,3451.0,3.4519,224296.4556,1
1786178700000,64984.8,64986.0,64962.7,64963.1,4762.0,4.7621,309376.39446,1
1786179600000,64963.1,64978.2,64963.1,64975.7,1093.0,1.0931,71020.92614,1
1786180500000,64975.7,64992.0,64975.7,64990.6,3331.0,3.3319,216525.07235,1
1786181400000,64990.6,65026.8,64976.6,64978.7,4099.0,4.0994,266442.90834,1
1786182300000,64978.9,64984.1,64960.0,64960.1,4159.0,4.1595,270227.04566,1
1786183200000,64960.1,64977.7,64960.0,64968.3,4336.0,4.3366,281732.42147,1
1786184100000,64968.3,64996.2,64968.1,64996.2,6238.0,6.2388,405375.65051,1
1786185000000,64996.2,64996.3,64974.8,64977.1,1185.0,1.1852,77026.18935,1
1786185900000,64977.1,64985.9,64977.1,64985.8,5593.0,5.5936,363499.23199,1
1786186800000,64985.8,64995.6,64974.4,64983.3,5528.0,5.5288,359248.3817,1
1786187700000,64983.3,64983.3,64944.9,64945.0,8194.0,8.1943,532225.31497,1
1786188600000,64945.0,64949.2,64944.9,64945.3,3388.0,3.3884,220061.1756,1
1786189500000,64945.4,64945.8,64930.0,64942.7,4546.0,4.5469,295276.23654,1
1786190400000,64942.7,64985.5,64890.8,64985.5,29616.0,29.6167,1922666.10653,1
1786191300000,64985.5,65016.1,64949.2,64949.3,8081.0,8.0815,525201.19553,1
1786192200000,64958.2,64996.9,64958.2,64979.5,50609.0,50.6099,3288085.75198,1
1786193100000,64979.5,64996.3,64973.7,64973.7,3165.0,3.165,205689.13454,1
1786194000000,64973.7,64993.2,64972.7,64978.7,4995.0,4.9956,324613.56398,1
1786194900000,64978.7,64994.6,64978.7,64990.9,6076.0,6.0769,394918.55141,1
1786195800000,64986.4,64986.4,64973.7,64974.7,2335.0,2.3355,151760.84555,1
1786196700000,64974.8,64985.4,64969.4,64985.4,9844.0,9.8446,639707.56189,1
1786197600000,64985.4,65032.0,64985.3,65031.9,11628.0,11.6288,756022.23987,1
1786198500000,65031.9,65119.0,65014.8,65102.4,97935.0,97.9353,6375432.97572,1
1786199400000,65111.5,65160.7,65080.8,65080.9,48017.0,48.017,3126483.99671,1
1786200300000,65080.8,65151.1,65080.1,65100.0,23676.0,23.6769,1541848.48516,1
1786201200000,65103.1,65123.8,65066.8,65073.6,16663.0,16.6636,1084544.1521,1
1786202100000,65073.7,65079.5,65046.1,65059.8,15567.0,15.5673,1012778.6469,1
1786203000000,65059.8,65062.2,65031.5,65031.6,14748.0,14.7484,959280.15978,1
1786203900000,65031.5,65069.8,65027.9,65049.3,9177.0,9.1777,597041.89023,1
1786204800000,65049.3,65080.0,65049.3,65052.7,7231.0,7.2319,470523.27496,1
1786205700000,65052.7,65059.6,65045.4,65045.5,11209.0,11.2094,729220.90417,1
1786206600000,65045.4,65045.6,65005.0,65032.7,14369.0,14.3695,934433.46432,1
1786207500000,65032.6,65056.1,65031.8,65056.1,2916.0,2.9169,189716.05209,1
1786208400000,65056.0,65100.0,65045.6,65090.7,8698.0,8.6987,566060.80199,1
1786209300000,65090.7,65095.5,65072.3,65081.0,9535.0,9.5354,620598.92379,1
1786210200000,65081.0,65123.1,65080.3,65095.2,15873.0,15.8733,1033400.025,1
1786211100000,65095.2,65100.0,65086.0,65086.2,5851.0,5.8517,380889.27226,1
1786212000000,65086.2,65094.1,65069.1,65069.1,8637.0,8.6371,562071.32281,1
1786212900000,65069.1,65069.1,65000.0,65014.8,10509.0,10.5095,683360.91525,1
1786213800000,65012.1,65034.2,65010.8,65026.8,31602.0,31.6028,2055028.00326,1
1786214700000,65026.8,65026.8,65015.3,65015.3,17971.0,17.9713,1168586.20006,1
1786215600000,65015.3,65015.3,64991.0,64991.1,18162.0,18.1625,1180636.07484,1
1786216500000,64991.1,64998.8,64991.1,64992.9,19891.0,19.8915,1292911.70218,1
1786217400000,64992.9,65011.5,64986.2,65011.5,85838.0,85.8382,5579358.41242,1
1786218300000,65011.5,65060.0,65008.2,65045.6,5042.0,5.0425,327924.39835,1
1786219200000,65045.5,65052.6,65035.2,65047.3,3190.0,3.1908,207545.23318,1
1786220100000,65047.3,65054.8,65026.7,65035.9,3797.0,3.7976,246973.03468,1
1786221000000,65035.9,65055.2,65034.1,65050.0,16809.0,16.8093,1093428.34711,1
1786221900000,65047.9,65055.2,65038.5,65046.9,3170.0,3.1703,206229.46365,1
1786222800000,65046.8,65046.9,65014.0,65014.0,7545.0,7.5456,490767.06789,1
1786223700000,65014.0,65022.9,65005.9,65014.2,36779.0,36.7794,2391131.18014,1
1786224600000,65014.2,65033.5,65008.5,65033.5,8004.0,8.0047,520432.76037,1
1786225500000,65033.5,65033.5,64970.2,64989.0,7821.0,7.8213,508348.17709,1
1786226400000,65002.8,65012.8,64970.4,64970.4,22240.0,22.2407,1445349.90149,1
1786227300000,64970.5,64974.9,64964.8,64965.5,14991.0,14.991,973921.45336,1
1786228200000,64965.5,64968.7,64943.8,64943.8,10461.0,10.461,679480.26554,1
1786229100000,64943.8,64945.3,64920.0,64920.0,28117.0,28.1172,1825673.64171,1
1786230000000,64920.1,64927.7,64915.0,64915.1,11831.0,11.8314,768046.01772,1
1786230900000,64915.1,64945.1,64915.0,64915.1,11242.0,11.242,729916.11368,1
1786231800000,64915.0,64947.7,64911.1,64942.5,12051.0,12.0516,782340.87356,1
1786232700000,64942.5,64943.7,64928.5,64928.6,616.0,0.6163,40020.99301,1
1786233600000,64928.6,64937.0,64928.4,64934.7,3789.0,3.7898,246079.48609,1
1786234500000,64934.7,64945.0,64934.6,64934.8,2177.0,2.1777,141409.96718,1
1786235400000,64934.8,64956.9,64934.7,64942.8,4749.0,4.7494,308459.02749,1
1786236300000,64942.7,64957.7,64935.0,64953.0,8203.0,8.2036,532713.12256,1
1786237200000,64953.0,64975.0,64945.1,64959.5,2261.0,2.2611,146878.99433,1
1786238100000,64959.5,64959.5,64833.0,64833.0,114415.0,114.4153,7425146.43268,1
1786239000000,64836.1,64865.8,64826.9,64860.4,12091.0,12.0913,784158.6244,1
1786239900000,64860.4,64866.0,64818.0,64840.0,6420.0,6.4203,416275.50003,1
1786240800000,64840.0,64840.0,64781.1,64829.1,7378.0,7.3788,478158.74982,1
1786241700000,64829.1,64829.1,64810.8,64820.1,4721.0,4.7218,306059.80733,1
1786242600000,64820.1,64820.1,64752.0,64752.0,29263.0,29.2631,1895837.89818,1
1786243500000,64754.5,64804.1,64752.0,64800.0,124148.0,124.1485,8042309.06,1
1786244400000,64800.0,64800.0,64718.2,64730.3,13862.0,13.8628,897590.36103,1
1786245300000,64717.3,64765.2,64703.4,64754.4,8626.0,8.6262,558488.66049,1
1786246200000,64754.4,64783.0,64749.3,64777.7,9813.0,9.813,635538.64109,1
1786247100000,64777.7,64777.7,64758.0,64758.9,6335.0,6.3357,410360.39329,1
1786248000000,64758.9,64795.1,64758.9,64795.1,8792.0,8.792,569416.21648,1
1786248900000,64795.1,64806.3,64785.0,64806.3,1287.0,1.2876,83423.66594,1
1786249800000,64806.3,64806.3,64781.1,64781.1,1528.0,1.5281,99009.02084,1
1786250700000,64781.1,64781.2,64759.7,64759.7,6491.0,6.491,420435.44081,1
1786251600000,64759.8,64764.3,64754.0,64759.2,3255.0,3.2557,210840.58227,1
1786252500000,64759.2,64759.9,64757.1,64757.1,1780.0,1.7801,115278.32044,1
1786253400000,64757.1,64760.5,64757.0,64759.0,6419.0,6.4196,415723.80265,1
1786254300000,64759.0,64770.0,64747.4,64770.0,6622.0,6.6228,428904.84212,1
1786255200000,64770.0,64786.5,64770.0,64786.5,2730.0,2.7302,176860.91783,1
1786256100000,64786.5,64820.0,64786.5,64815.5,5184.0,5.1842,335988.0685,1
1786257000000,64815.5,64834.4,64815.5,64833.2,11062.0,11.0625,717117.34566,1
1786257900000,64833.2,64835.0,64825.6,64830.8,11868.0,11.868,769407.77489,1
1786258800000,64824.5,64827.8,64820.5,64824.8,5091.0,5.0919,330075.87093,1
1786259700000,64825.9,64826.6,64809.1,64809.9,6536.0,6.5366,423665.96255,1
1786260600000,64809.9,64812.8,64806.3,64806.3,4121.0,4.1215,267102.56706,1
1786261500000,64806.4,64806.4,64791.9,64793.6,4611.0,4.6113,298803.86486,1
1786262400000,64793.6,64905.4,64793.6,64892.3,48561.0,48.5616,3151320.56862,1
1786263300000,64892.3,64911.1,64859.1,64859.7,6462.0,6.4621,419313.08613,1
1786264200000,64859.8,64869.9,64771.5,64771.5,6901.0,6.9012,447271.64485,1
1786265100000,64771.4,64793.1,64759.2,64792.5,6281.0,6.2814,406932.33277,1
1786266000000,64792.5,64799.8,64792.5,64792.9,4106.0,4.1069,266101.53042,1
1786266900000,64792.9,64799.1,64774.5,64779.8,14995.0,14.9955,971650.09547,1
1786267800000,64778.7,64788.9,64775.0,64788.5,16808.0,16.8081,1088873.95717,1
1786268700000,64788.4,64850.9,64783.4,64850.8,10736.0,10.7361,695665.34538,1
1786269600000,64850.8,64924.3,64850.8,64924.3,30080.0,30.0809,1951545.31235,1
1786270500000,64924.3,64941.3,64912.0,64935.7,15161.0,15.1615,984490.57648,1
1786271400000,64935.7,64941.2,64910.5,64911.8,10238.0,10.2382,664587.12691,1
1786272300000,64911.8,64948.4,64911.8,64931.9,4148.0,4.1482,269383.01141,1
1786273200000,64930.0,64955.0,64929.9,64950.0,5880.0,5.8802,381904.65182,1
1786274100000,64950.0,64950.0,64943.7,64949.0,4734.0,4.7341,307474.21865,1
1786275000000,64949.0,64974.5,64948.9,64958.4,3963.0,3.9634,257448.20277,1
1786275900000,64958.4,64977.9,64925.0,64925.0,3782.0,3.7821,245657.72004,1
1786276800000,64924.0,64924.0,64889.9,64915.7,6140.0,6.1402,398551.29651,1
1786277700000,64915.7,64922.1,64915.6,64915.7,1530.0,1.5306,99360.41229,1
1786278600000,64915.7,64915.7,64908.9,64911.4,4784.0,4.7843,310555.25392,1
1786279500000,64911.4,64928.5,64905.7,64928.4,22650.0,22.6502,1470200.91447,1
1786280400000,64928.4,65012.2,64928.4,64993.4,54037.0,54.0377,3510831.59756,1
1786281300000,64994.9,65066.5,64994.9,65061.9,62436.0,62.4367,4061372.13834,1
1786282200000,65066.6,65245.5,65066.6,65196.1,182411.0,182.4113,11888148.22048,1
1786283100000,65194.8,65206.5,65153.9,65194.9,284032.0,284.032,18513450.77497,1
1786284000000,65195.1,65212.6,65164.0,65212.0,70352.0,70.3529,4586175.43072,1
1786284900000,65211.9,65212.0,65133.9,65166.7,66142.0,66.1424,4310955.61715,1
1786285800000,65166.7,65200.0,65118.4,65143.9,57926.0,57.9262,3774865.23439,1
1786286700000,65144.0,65274.7,65143.9,65237.2,46516.0,46.5163,3032393.61282,1
1786287600000,65238.9,65240.9,65182.5,65218.9,70037.0,70.0374,4567387.11932,1
1786288500000,65217.0,65217.0,65199.9,65199.9,6143.0,6.1436,400603.6496,1
1786289400000,65200.0,65210.8,65196.8,65199.7,11054.0,11.0542,720731.99017,1
1786290300000,65199.7,65209.1,65197.0,65207.8,25564.0,25.5644,1666841.21236,1
1786291200000,65207.8,65243.0,65190.5,65210.6,30942.0,30.9425,2017840.1011,1
1786292100000,65210.5,65210.6,65145.2,65145.2,183890.0,183.89,11986507.90973,1
1786293000000,65152.0,65235.0,65152.0,65228.0,44156.0,44.1565,2877618.7991,1
1786293900000,65230.0,65233.3,65204.6,65204.7,10879.0,10.8794,709542.67076,1
1786294800000,65204.7,65204.7,65191.0,65200.0,11904.0,11.904,776118.63976,1
1786295700000,65200.0,65212.0,65193.4,65212.0,34533.0,34.5331,2251614.28143,1
1786296600000,65212.0,65212.1,65197.5,65206.5,10141.0,10.1419,661324.83661,1
1786297500000,65206.5,65206.5,65166.0,65169.9,5478.0,5.4786,357074.38043,1
1786298400000,65169.9,65181.4,65169.9,65180.0,12847.0,12.8472,837385.76189,1
1786299300000,65180.0,65194.0,65161.2,65194.0,17851.0,17.8519,1163496.83566,1
1786300200000,65194.0,65200.0,65193.9,65194.1,3539.0,3.5397,230777.62759,1
1786301100000,65194.2,65194.3,65167.1,65167.2,9493.0,9.4938,618779.19839,1
1786302000000,65167.2,65176.5,65158.7,65166.4,37520.0,37.5205,2445117.64229,1
1786302900000,65166.4,65176.5,65166.3,65176.5,2248.0,2.248,146510.88286,1
1786303800000,65176.5,65176.5,65171.7,65171.7,19550.0,19.55,1274189.95383,1
1786304700000,65171.7,65171.7,65148.6,65153.3,7658.0,7.6589,499078.44838,1
1786305600000,65161.3,65161.3,65053.0,65053.0,39381.0,39.3814,2563608.71777,1
1786306500000,65053.0,65125.0,65049.2,65096.9,24639.0,24.6393,1603709.33959,1
1786307400000,65104.6,65142.6,65104.6,65109.8,8741.0,8.741,569300.85261,1
1786308300000,65111.5,65117.9,65099.6,65114.0,19181.0,19.1816,1248883.99626,1
1786309200000,65114.0,65114.1,65095.9,65103.1,5312.0,5.3121,345840.94282,1
1786310100000,65103.1,65114.1,65091.2,65111.0,6139.0,6.1396,399700.75625,1
1786311000000,65111.0,65228.8,65111.0,65196.7,168210.0,168.2106,10967552.47179,1
1786311900000,65196.7,65200.8,65164.7,65168.4,240464.0,240.4648,15671577.43817,1
1786312800000,65169.1,65454.6,65169.1,65385.9,197037.0,197.0379,12873291.28251,1
1786313700000,65385.9,65419.0,65183.9,65205.1,136005.0,136.0057,8879452.05375,1
1786314600000,65204.8,65219.9,64952.0,65006.1,265886.0,265.8865,17285636.08285,1
1786315500000,65000.0,65074.5,64940.5,65054.8,70512.0,70.5127,4583211.24114,1
1786316400000,65054.9,65077.2,64968.3,64990.1,27774.0,27.7745,1806062.26991,1
1786317300000,64990.0,65027.4,64870.0,64892.1,58606.0,58.6069,3805109.65738,1
1786318200000,64890.0,64903.4,64820.3,64869.8,35276.0,35.2769,2287811.32043,1
1786319100000,64870.6,64923.8,64810.0,64867.8,18909.0,18.9098,1226799.99686,1
1786320000000,64860.9,65290.3,64816.5,65120.2,254308.0,254.3089,16569794.2877,1
1786320900000,65122.0,65144.5,64950.7,64975.0,40807.0,40.8071,2654789.65701,1
1786321800000,64967.7,65025.7,64794.4,64814.7,107250.0,107.2506,6966929.11434,1
1786322700000,64827.1,65015.3,64816.0,64944.5,68804.0,68.8041,4465042.24971,1
1786323600000,64948.1,65000.0,64874.1,64977.5,29824.0,29.8243,1936836.55531,1
1786324500000,64977.5,65049.4,64972.9,64976.6,96270.0,96.2703,6258030.59133,1
1786325400000,64970.1,64982.1,64870.3,64943.7,60584.0,60.5848,3933476.79242,1
1786326300000,64943.7,65370.9,64943.6,65166.0,122841.0,122.8414,8016000.18272,1
1786327200000,65165.9,65166.0,65060.0,65081.2,63945.0,63.9455,4166134.14456,1
1786328100000,65081.4,65081.4,64871.0,64931.2,53801.0,53.8013,3493266.51059,1
1786329000000,64934.3,65193.7,64934.3,65172.0,84066.0,84.0663,5469684.29612,1
1786329900000,65169.9,65169.9,65062.3,65077.8,120342.0,120.3427,7833981.63576,1
1786330800000,65075.7,65085.1,64930.5,64940.4,120878.0,120.8781,7862458.42558,1
1786331700000,64940.4,65146.0,64875.0,65020.0,67119.0,67.1193,4363684.75406,1
1786332600000,65020.0,65060.6,64973.3,64988.8,13322.0,13.3226,866212.38952,1
1786333500000,65009.5,65029.0,64922.3,64946.4,7900.0,7.9007,513183.3311,1
1786334400000,64946.2,65046.4,64926.9,65046.0,23933.0,23.9336,1555439.18501,1
1786335300000,65046.1,65063.1,65000.0,65000.0,6058.0,6.0587,394074.71913,1
1786336200000,65000.0,65014.9,64900.0,64980.8,34805.0,34.8055,2262080.16642,1
1786337100000,64980.8,65020.8,64950.0,64983.5,4307.0,4.3079,279945.17207,1
1786338000000,64977.6,65028.7,64952.3,64964.9,1856.0,1.8566,120668.97072,1
1786338900000,64975.6,65040.0,64970.1,65019.7,12313.0,12.313,800499.65271,1
1786339800000,65011.8,65059.4,65000.0,65059.4,7679.0,7.679,499352.60016,1
1786340700000,65059.4,65138.9,65024.0,65117.2,8270.0,8.2706,538323.99774,1
1786341600000,65128.4,65259.9,65105.7,65180.7,63267.0,63.2675,4123752.90057,1
1786342500000,65179.0,65214.6,65129.1,65139.5,28934.0,28.9341,1885528.75789,1
1786343400000,65141.9,65212.2,65140.0,65212.2,9711.0,9.7116,632913.52705,1
1786344300000,65212.2,65300.0,65206.9,65273.1,60743.0,60.7438,3964663.41263,1
1786345200000,65278.0,65283.7,65232.7,65240.1,10803.0,10.8036,704978.36688,1
1786346100000,65240.1,65305.0,65211.6,65296.9,12086.0,12.0863,788703.92145,1
1786347000000,65297.0,65346.4,65280.0,65303.0,27279.0,27.2799,1781570.3385,1
1786347900000,65303.0,65313.0,65179.1,65183.0,40859.0,40.8599,2665714.41557,1
1786348800000,65183.0,65290.0,65183.0,65243.3,15429.0,15.4293,1006674.84204,1
1786349700000,65243.3,65300.0,65206.8,65268.7,11233.0,11.2331,733100.4535,1
1786350600000,65268.7,65279.6,65160.2,65200.9,11759.0,11.759,766930.22513,1
1786351500000,65200.8,65240.0,65183.8,65223.0,14397.0,14.3975,938770.97342,1
1786352400000,65223.0,65223.0,65165.9,65193.8,141795.0,141.7957,9242341.119,1
1786353300000,65193.8,65196.2,65140.0,65140.0,10217.0,10.2174,665755.93094,1
1786354200000,65140.1,65140.1,65010.6,65017.9,22870.0,22.8707,1488409.67716,1
1786355100000,65017.9,65020.1,64930.2,64941.0,50238.0,50.2388,3263286.41117,1
1786356000000,64939.5,65042.1,64939.5,65017.3,21134.0,21.1349,1373636.86305,1
1786356900000,65017.4,65041.8,64981.1,64990.1,7651.0,7.6517,497475.68002,1
1786357800000,64998.6,65023.8,64982.3,64982.4,6408.0,6.408,416514.19635,1
1786358700000,64982.4,65029.0,64980.0,64988.8,10073.0,10.0736,654873.7858,1
1786359600000,64991.7,65007.9,64950.0,64984.6,11472.0,11.4723,745372.29263,1
1786360500000,64997.1,65065.2,64997.1,65051.5,12609.0,12.6094,820078.36662,1
1786361400000,65054.6,65071.4,65032.3,65032.3,5270.0,5.2707,342883.25296,1
1786362300000,65032.3,65106.8,65032.2,65097.6,16156.0,16.1561,1050995.71268,1
1786363200000,65097.5,65219.4,65071.3,65108.2,17414.0,17.4146,1134669.06959,1
1786364100000,65098.3,65098.3,65014.0,65031.8,19354.0,19.354,1259127.21124,1
1786365000000,65027.8,65035.0,64882.8,64995.5,85602.0,85.6023,5557663.54961,1
1786365900000,64995.5,64995.6,64817.8,64838.2,29362.0,29.3629,1905598.33858,1
1786366800000,64838.5,64879.6,64816.0,64855.4,85655.0,85.6554,5554194.82137,1
1786367700000,64855.4,64942.6,64848.1,64894.2,45901.0,45.9019,2978852.15438,1
1786368600000,64898.5,64898.6,64579.0,64619.5,423740.0,423.7407,27417268.09287,1
1786369500000,64606.8,64657.4,64488.0,64533.7,250907.0,250.9073,16194244.71505,1
1786370400000,64531.8,64729.3,64513.4,64722.3,79678.0,79.6784,5151022.93274,1
1786371300000,64722.3,64803.7,64681.9,64757.1,46236.0,46.236,2993650.72794,1
1786372200000,64750.6,64856.7,64734.3,64795.0,44983.0,44.9837,2914789.47534,1
1786373100000,64796.6,64829.9,64580.0,64594.6,165260.0,165.2603,10684397.49483,1
1786374000000,64594.5,64688.1,64513.4,64529.9,74946.0,74.946,4841694.81046,1
1786374900000,64520.0,64619.3,64300.0,64364.3,497789.0,497.7894,32063313.38705,1
1786375800000,64364.1,64390.8,64220.0,64319.2,164684.0,164.6848,10595046.40616,1
1786376700000,64317.8,64335.8,64180.1,64276.4,106403.0,106.4035,6835140.6193,1
1786377600000,64274.8,64330.0,64155.1,64195.7,104866.0,104.8664,6737037.36508,1
1786378500000,64194.1,64194.1,63955.8,64100.0,356381.0,356.3812,22830319.03034,1
1786379400000,64100.0,64156.9,63926.0,63938.7,87800.0,87.8002,5623530.60169,1
1786380300000,63938.5,63953.7,63808.9,63886.8,164903.0,164.9035,10534251.90497,1
1786381200000,63886.9,63993.5,63810.0,63973.7,63919.0,63.9199,4084187.17715,1
1786382100000,63973.8,63988.4,63904.6,63911.8,47435.0,47.4351,3032338.2529,1
1786383000000,63912.0,63997.4,63880.0,63929.0,34565.0,34.5653,2210242.82035,1
1786383900000,63926.2,63953.1,63868.7,63932.6,60410.0,60.4107,3860359.47105,1
1786384800000,63936.2,64005.4,63881.6,63945.5,26075.0,26.0752,1667890.10323,1
1786385700000,63934.0,63986.9,63873.4,63880.1,26641.0,26.6414,1703091.55383,1
1786386600000,63880.0,63911.8,63782.2,63863.1,231294.0,231.2944,14757226.59978,1
1786387500000,63853.0,63906.5,63814.0,63866.3,33554.0,33.5541,2143213.0963,1
1786388400000,63865.9,63911.1,63865.8,63905.6,23566.0,23.5669,1505749.9127,1
1786389300000,63908.3,63997.1,63875.4,63997.1,97240.0,97.2405,6218951.17557,1
1786390200000,63997.6,64067.1,63903.0,64000.0,94898.0,94.8986,6074810.71789,1
1786391100000,64003.1,64016.5,63960.9,64016.5,59600.0,59.6008,3814682.22366,1
1786392000000,64016.4,64060.2,63996.4,64023.0,19862.0,19.8629,1271905.14587,1
1786392900000,64023.0,64090.0,64018.5,64089.9,28763.0,28.7636,1842572.66498,1
1786393800000,64090.0,64185.6,64072.9,64151.2,63151.0,63.1515,4047643.46699,1
1786394700000,64151.0,64151.0,64107.7,64129.6,40679.0,40.6799,2608765.72443,1
1786395600000,64126.7,64126.7,64050.5,64080.8,50199.0,50.1992,3217011.83705,1
1786396500000,64080.8,64089.2,64040.8,64089.2,29102.0,29.1025,1864680.24844,1
1786397400000,64089.2,64089.2,64009.2,64011.0,15524.0,15.5244,994534.5227,1
1786398300000,64016.7,64016.8,63949.0,63949.0,32474.0,32.4744,2077445.47877,1
1786399200000,63949.7,64018.4,63929.2,64009.0,26297.0,26.2972,1682616.38315,1
1786400100000,64015.2,64027.4,63975.5,63981.0,8945.0,8.9457,572548.43544,1
1786401000000,63981.0,63981.0,63908.0,63957.0,20178.0,20.1786,1289923.70627,1
1786401900000,63957.0,63987.5,63953.7,63987.5,10476.0,10.4762,670102.89614,1
1786402800000,63987.5,63988.7,63946.6,63949.9,12529.0,12.5296,801399.32856,1
1786403700000,63949.9,63969.0,63916.8,63949.9,17080.0,17.0809,1092111.97423,1
1786404600000,63950.0,63950.0,63881.6,63940.0,10138.0,10.1383,647988.8811,1
1786405500000,63937.3,63955.3,63914.7,63939.2,10742.0,10.7425,686768.29202,1
1786406400000,63939.2,63953.8,63873.1,63953.8,37909.0,37.9094,2422293.24616,1
1786407300000,63953.8,63968.9,63890.6,63959.2,6652.0,6.6528,425328.66916,1
1786408200000,63967.6,63983.3,63918.7,63943.3,8350.0,8.3506,534094.50248,1
1786409100000,63951.5,64025.1,63951.5,64013.3,30381.0,30.3818,1944142.08272,1
1786410000000,64013.4,64047.7,63954.9,64027.8,8476.0,8.4763,542582.16551,1
1786410900000,64027.7,64042.7,63950.0,64040.4,24121.0,24.1214,1544204.3331,1
1786411800000,64039.5,64039.5,63929.3,63957.1,11104.0,11.1041,710479.18365,1
1786412700000,63957.1,64043.9,63955.0,64032.0,12270.0,12.2703,785520.04071,1
1786413600000,64026.7,64053.3,64009.7,64009.7,8667.0,8.6676,555075.2163,1
1786414500000,64014.8,64035.6,64014.8,64019.9,4805.0,4.8051,307667.16516,1
1786415400000,64020.0,64025.8,64000.0,64013.4,5180.0,5.1808,331635.26114,1
1786416300000,64013.4,64029.0,64002.4,64014.7,2980.0,2.9805,190797.82067,1
1786417200000,64012.9,64075.8,64012.9,64074.9,41319.0,41.3194,2646792.64461,1
1786418100000,64070.3,64142.6,64070.3,64106.7,33332.0,33.3328,2136832.26954,1
1786419000000,64106.7,64134.2,64102.8,64103.9,5947.0,5.9477,381289.49353,1
1786419900000,64103.8,64110.7,64087.0,64110.7,12008.0,12.0089,769796.71554,1
1786420800000,64110.7,64124.2,64089.7,64089.7,2505.0,2.5052,160609.38012,1
1786421700000,64089.7,64106.8,64073.4,64080.9,3001.0,3.0019,192383.99744,1
1786422600000,64080.9,64082.0,64065.1,64068.4,3898.0,3.8988,249801.44893,1
1786423500000,64068.4,64073.5,63997.6,63997.6,16731.0,16.7319,1070995.64687,1
1786424400000,63997.6,64023.4,63966.0,64011.5,6475.0,6.475,414311.37019,1
1786425300000,64011.5,64021.9,63931.8,63944.0,8680.0,8.6809,555213.46155,1
1786426200000,63938.8,64012.8,63938.7,64006.3,15000.0,15.0008,960012.43759,1
1786427100000,64006.3,64016.6,63965.1,63965.1,2417.0,2.4172,154688.59557,1
1786428000000,63965.1,64021.8,63942.4,64001.1,4736.0,4.736,303018.76462,1
1786428900000,64001.1,64001.2,63906.6,63910.8,7135.0,7.1356,456211.32208,1
1786429800000,63905.6,63938.9,63875.0,63903.2,21021.0,21.021,1343495.55348,1
1786430700000,63905.4,63942.4,63820.0,63940.0,32728.0,32.7281,2090712.1359,1
1786431600000,63940.1,63987.6,63940.1,63942.4,7797.0,7.7975,498641.74953,1
1786432500000,63942.1,63944.6,63879.0,63881.3,7282.0,7.282,465295.92288,1
1786433400000,63881.3,64060.0,63881.3,64047.2,12688.0,12.6888,812453.38529,1
1786434300000,64043.9,64069.8,64010.0,64031.7,13191.0,13.1915,844877.51416,1
1786435200000,64033.5,64076.1,64016.7,64016.7,20883.0,20.8834,1337846.07914,1
1786436100000,64016.8,64064.0,64014.9,64026.2,4768.0,4.7687,305404.18191,1
1786437000000,64026.2,64089.8,64026.2,64084.8,7306.0,7.3067,468038.01391,1
1786437900000,64084.8,64124.8,64063.1,64106.3,10442.0,10.4429,669401.13812,1
1786438800000,64109.7,64137.8,64106.0,64106.9,22421.0,22.4216,1437748.54162,1
1786439700000,64106.9,64176.4,64106.7,64160.2,42618.0,42.6182,2733699.39568,1
1786440600000,64161.7,64227.7,64158.0,64217.9,32556.0,32.5567,2089554.82014,1
1786441500000,64217.9,64270.0,64215.2,64269.8,43273.0,43.2735,2779931.06222,1
1786442400000,64270.0,64289.9,64209.1,64210.9,39151.0,39.1516,2515644.22107,1
1786443300000,64210.8,64277.0,64172.0,64277.0,22690.0,22.6903,1456870.36802,1
1786444200000,64277.0,64284.7,64215.2,64253.9,15483.0,15.4832,994884.41503,1
1786445100000,64253.9,64253.9,64190.4,64205.3,13798.0,13.7984,886147.63564,1
1786446000000,64205.4,64365.9,64205.4,64333.0,43727.0,43.7276,2812409.91176,1
1786446900000,64333.0,64333.1,64308.9,64311.1,24563.0,24.5634,1579881.61226,1
1786447800000,64311.1,64320.5,64306.5,64313.3,60149.0,60.1493,3868371.014,1
1786448700000,64313.3,64380.0,64313.3,64358.3,48967.0,48.9673,3151539.905,1
1786449600000,64362.2,64469.1,64352.0,64445.0,45511.0,45.5111,2931545.4212,1
1786450500000,64437.6,64437.6,64260.3,64290.0,90584.0,90.5847,5825850.4512,1
1786451400000,64290.1,64358.5,64288.1,64302.2,25811.0,25.811,1660274.78615,1
1786452300000,64302.2,64318.8,64302.1,64306.6,7807.0,7.8071,502050.75329,1
1786453200000,64303.2,64345.8,64253.5,64292.3,18687.0,18.6877,1201690.95047,1
1786454100000,64292.5,64300.0,64146.4,64173.0,101652.0,101.6526,6524646.22399,1
1786455000000,64173.0,64217.2,64024.5,64153.4,78751.0,78.7513,5049060.74301,1
1786455900000,64148.4,64194.1,64020.2,64174.3,35173.0,35.1731,2255451.91233,1
1786456800000,64169.6,64206.4,64095.4,64195.7,25076.0,25.0769,1608740.2698,1
1786457700000,64199.8,64234.3,63898.3,63999.9,124586.0,124.586,7975614.44677,1
1786458600000,63998.3,64045.4,63874.2,63933.0,126016.0,126.0169,8058501.48044,1
1786459500000,63939.0,63984.6,63686.4,63746.9,257027.0,257.0279,16388752.63236,1
1786460400000,63744.8,63841.5,63708.6,63756.7,114699.0,114.6999,7317145.15559,1
1786461300000,63756.0,63844.1,63677.8,63844.1,47108.0,47.1081,3003984.71568,1
1786462200000,63833.7,63836.1,63420.1,63539.2,366626.0,366.6263,23295925.9161,1
1786463100000,63539.2,63608.8,63449.7,63589.6,83048.0,83.0486,5276374.12689,1
1786464000000,63580.2,63636.0,63511.9,63578.4,160364.0,160.3648,10191674.45171,1
1786464900000,63585.9,63629.4,63550.0,63570.5,32337.0,32.3378,2056788.04999,1
1786465800000,63566.5,63596.0,63459.0,63470.2,44249.0,44.2497,2810184.72816,1
1786466700000,63470.2,63524.9,63437.2,63488.5,45187.0,45.187,2868652.94947,1
1786467600000,63488.5,63519.6,63444.7,63495.2,30545.0,30.5451,1938962.83414,1
1786468500000,63495.2,63576.3,63470.0,63554.2,67276.0,67.2764,4274419.18433,1
1786469400000,63549.9,63571.8,63496.1,63531.7,29358.0,29.3583,1865150.92145,1
1786470300000,63531.7,63613.5,63513.7,63580.1,202190.0,202.1904,12857264.95424,1
1786471200000,63580.2,63609.1,63525.2,63571.8,26119.0,26.1191,1660490.84176,1
1786472100000,63568.1,63583.0,63465.8,63465.8,18813.0,18.8134,1195338.62244,1
1786473000000,63463.1,63487.8,63226.0,63283.8,437583.0,437.5838,27715258.96131,1
1786473900000,63277.1,63363.7,63277.1,63352.5,89462.0,89.4627,5665473.78974,1
1786474800000,63346.3,63357.6,63211.5,63224.7,99788.0,99.7888,6312289.70626,1
1786475700000,63224.6,63363.1,63224.6,63332.9,26003.0,26.0034,1646300.48559,1
1786476600000,63339.2,63424.3,63337.3,63418.0,25173.0,25.1735,1595441.2055,1
1786477500000,63424.3,63511.3,63366.2,63509.9,161712.0,161.7125,10258060.50655,1
1786478400000,63511.2,63691.3,63508.5,63649.9,153146.0,153.1465,9747519.51598,1
1786479300000,63643.6,63651.6,63590.1,63651.5,22244.0,22.2441,1415106.5395,1
1786480200000,63651.8,63730.1,63627.0,63661.9,54232.0,54.2329,3452902.21891,1
1786481100000,63652.3,63725.3,63652.3,63720.8,18959.0,18.9592,1207675.25835,1
1786482000000,63715.1,63731.4,63708.0,63712.1,21064.0,21.0642,1342184.9792,1
1786482900000,63712.0,63757.9,63634.0,63650.0,25053.0,25.0531,1595119.0738,1
1786483800000,63650.0,63669.2,63590.7,63647.0,69659.0,69.6599,4431557.57166,1
1786484700000,63647.0,63667.1,63620.1,63651.8,12361.0,12.3618,786750.52667,1
1786485600000,63654.6,63742.0,63654.6,63706.6,33057.0,33.0574,2106145.03044,1
1786486500000,63706.6,63737.7,63680.0,63696.1,5796.0,5.7964,369273.36065,1
1786487400000,63698.9,63707.2,63627.8,63628.5,20039.0,20.0399,1275697.52253,1
1786488300000,63628.5,63654.6,63606.8,63641.7,5417.0,5.4178,344745.92043,1
1786489200000,63641.7,63641.7,63536.8,63553.3,18089.0,18.0898,1149889.41877,1
1786490100000,63551.3,63588.0,63527.3,63572.8,7471.0,7.4715,474810.33662,1
1786491000000,63572.8,63618.5,63560.0,63615.8,41523.0,41.5239,2640871.87666,1
1786491900000,63615.8,63618.8,63571.9,63571.9,8665.0,8.6658,551179.18664,1
1786492800000,63567.2,63587.9,63499.1,63587.9,111850.0,111.8501,7103861.63734,1
1786493700000,63583.1,63674.7,63553.9,63644.1,116128.0,116.1282,7390959.89971,1
1786494600000,63651.5,63700.0,63651.5,63692.2,14829.0,14.829,944432.31383,1
1786495500000,63692.1,63722.3,63692.1,63717.3,7656.0,7.6564,487801.31497,1
1786496400000,63717.3,63758.3,63692.1,63758.0,30869.0,30.869,1966923.91824,1
1786497300000,63758.0,63758.0,63711.3,63722.9,15844.0,15.8445,1009747.49595,1
1786498200000,63722.7,63797.9,63665.1,63797.9,21716.0,21.7161,1384000.33508,1
1786499100000,63797.8,63828.6,63771.2,63792.3,58633.0,58.6339,3740834.23961,1
1786500000000,63792.3,63851.5,63789.0,63824.4,19788.0,19.7885,1263188.81223,1
1786500900000,63820.2,63868.2,63751.8,63868.0,85596.0,85.5967,5460919.21166,1
1786501800000,63867.9,63872.2,63730.9,63745.8,109771.0,109.7713,7000167.82947,1
1786502700000,63745.7,63751.0,63701.2,63716.6,9345.0,9.3457,595575.80406,1
1786503600000,63716.5,63768.0,63683.4,63692.6,17511.0,17.5117,1115912.15309,1
1786504500000,63692.3,63748.0,63683.5,63728.4,5028.0,5.0287,320407.90778,1
1786505400000,63721.5,63819.2,63712.0,63791.6,15839.0,15.8391,1010533.96074,1
1786506300000,63791.6,63809.5,63746.7,63800.1,6372.0,6.3722,406439.5862,1
1786507200000,63800.1,63809.0,63736.3,63757.9,100080.0,100.0805,6384323.95265,1
1786508100000,63757.9,63857.8,63757.9,63767.0,8315.0,8.3155,530744.72901,1
1786509000000,63766.3,63766.3,63706.4,63745.9,12154.0,12.1549,774664.00676,1
1786509900000,63745.9,63799.2,63730.1,63747.2,12114.0,12.1148,772703.98963,1
1786510800000,63747.2,63791.6,63706.8,63791.6,23979.0,23.9794,1528282.53591,1
1786511700000,63790.0,63812.6,63785.1,63812.6,8029.0,8.029,512261.57429,1
1786512600000,63812.5,63838.2,63794.9,63821.0,5806.0,5.8064,370600.12196,1
1786513500000,63821.1,63834.1,63787.5,63811.2,2780.0,2.7802,177411.1685,1
1786514400000,63811.2,63811.2,63675.4,63676.4,10391.0,10.391,662129.93856,1
1786515300000,63676.4,63729.9,63592.7,63618.1,33926.0,33.9267,2159348.21427,1
1786516200000,63618.0,63653.4,63579.7,63626.2,37388.0,37.3886,2378802.83423,1
1786517100000,63629.5,63674.7,63603.1,63674.5,8533.0,8.5334,543103.43628,1
1786518000000,63674.7,63777.0,63674.7,63736.5,22361.0,22.3618,1424648.85202,1
1786518900000,63728.0,63735.4,63698.1,63705.0,20864.0,20.8645,1329168.35805,1
1786519800000,63705.0,63752.7,63657.1,63664.8,18842.0,18.842,1199961.86257,1
1786520700000,63664.7,63804.8,63611.0,63804.8,6657.0,6.6571,424238.65741,1
1786521600000,63804.8,63833.0,63757.2,63757.7,24226.0,24.2267,1545651.91197,1
1786522500000,63757.7,63809.0,63757.7,63796.5,2093.0,2.0936,133553.47732,1
1786523400000,63793.3,63793.3,63746.7,63751.3,7544.0,7.5446,481077.66101,1
1786524300000,63751.3,63793.1,63751.3,63770.0,6989.0,6.9898,445679.39049,1
1786525200000,63769.4,63835.2,63739.2,63827.2,30307.0,30.3077,1932984.67954,1
1786526100000,63831.8,63971.0,63831.8,63955.8,109411.0,109.4111,6993127.25606,1
1786527000000,63959.9,64062.5,63959.9,64011.3,117758.0,117.7586,7537649.14096,1
1786527900000,64011.3,64078.3,63997.9,64076.9,43357.0,43.3574,2777138.37994,1
1786528800000,64076.9,64180.0,64074.1,64096.6,126706.0,126.706,8123696.75873,1
1786529700000,64092.8,64100.0,64030.3,64033.5,87709.0,87.7096,5617851.50127,1
1786530600000,64033.5,64136.0,64033.5,64114.9,15632.0,15.6325,1001845.14124,1
1786531500000,64115.0,64132.2,64060.9,64111.5,126703.0,126.7035,8120666.94922,1
1786532400000,64111.9,64186.7,64080.0,64112.3,52271.0,52.2719,3353557.94199,1
1786533300000,64112.3,64178.3,64099.0,64172.4,43106.0,43.1061,2765734.02047,1
1786534200000,64177.1,64193.4,64127.9,64159.4,36698.0,36.6984,2354056.41002,1
1786535100000,64159.4,64222.2,64159.4,64207.2,53044.0,53.0447,3405504.57934,1
1786536000000,64211.0,64275.4,64198.4,64230.4,152039.0,152.0394,9767051.09045,1
1786536900000,64234.4,64400.0,64229.4,64385.8,117375.0,117.3758,7546994.82979,1
1786537800000,64381.6,64441.3,63993.2,64069.4,343924.0,343.924,22071272.15631,1
1786538700000,64063.6,64154.0,63949.1,64089.9,355238.0,355.2388,22742904.20335,1
1786539600000,64095.4,64128.0,63908.9,63955.1,75901.0,75.9017,4859085.17261,1
1786540500000,63955.1,64012.6,63884.0,63930.7,194349.0,194.3498,12430622.64392,1
1786541400000,63935.0,63986.8,63833.4,63956.7,79398.0,79.3985,5074528.54168,1
1786542300000,63958.4,64046.5,63810.0,63814.1,77966.0,77.9664,4983495.01787,1
1786543200000,63814.1,63898.2,63576.1,63761.0,253743.0,253.7432,16177025.79632,1
1786544100000,63761.0,63802.5,63640.9,63640.9,41367.0,41.3675,2636431.09507,1
1786545000000,63640.3,63666.6,63502.1,63592.4,123065.0,123.0652,7825015.87217,1
1786545900000,63592.5,63615.7,63335.4,63344.3,118334.0,118.334,7507738.16069,1
1786546800000,63339.1,63508.8,63291.1,63475.5,87371.0,87.3713,5539777.18225,1
1786547700000,63475.5,63522.4,63408.2,63466.6,40433.0,40.4333,2566925.13697,1
1786548600000,63487.1,63549.2,63375.1,63501.1,147449.0,147.4499,9362423.50723,1
1786549500000,63503.8,63528.1,63401.2,63421.4,36017.0,36.0171,2285833.10434,1
1786550400000,63421.4,63469.9,63346.9,63454.9,47475.0,47.4757,3010998.77501,1
1786551300000,63454.9,63543.1,63438.2,63541.1,26639.0,26.6399,1691163.02532,1
1786552200000,63541.4,63557.5,63484.2,63496.4,74834.0,74.8342,4754752.74107,1
1786553100000,63493.5,63498.2,63450.0,63462.4,7949.0,7.9491,504512.54684,1
1786554000000,63462.3,63520.6,63450.0,63510.8,11348.0,11.3487,720471.52304,1
1786554900000,63512.4,63527.1,63400.0,63425.6,43635.0,43.6353,2768784.57835,1
1786555800000,63425.6,63489.1,63400.0,63452.4,32151.0,32.1516,2040224.72288,1
1786556700000,63452.3,63508.0,63428.0,63450.0,9591.0,9.5915,608685.81167,1
1786557600000,63449.8,63484.1,63400.1,63453.8,10476.0,10.4764,664696.74403,1
1786558500000,63452.9,63452.9,63357.2,63420.0,16199.0,16.1997,1026938.77788,1
1786559400000,63420.0,63494.7,63395.2,63424.5,23665.0,23.6658,1501149.24771,1
1786560300000,63420.7,63420.7,63354.3,63360.0,14987.0,14.9871,949987.19109,1
1786561200000,63360.0,63413.6,63355.7,63370.9,9596.0,9.5962,608253.74049,1
1786562100000,63371.0,63441.0,63287.5,63360.0,85116.0,85.1166,5389340.35799,1
1786563000000,63360.0,63382.4,63313.7,63313.8,38130.0,38.1305,2415757.91468,1
1786563900000,63313.8,63409.1,63298.6,63399.3,33575.0,33.5757,2126784.03814,1
1786564800000,63404.7,63487.8,63404.6,63439.9,35312.0,35.3128,2240730.49053,1
1786565700000,63439.9,63490.0,63412.0,63482.1,8988.0,8.988,570369.76886,1
1786566600000,63482.1,63545.9,63482.1,63516.5,52302.0,52.3028,3322660.62182,1
1786567500000,63518.6,63573.3,63500.5,63573.2,17724.0,17.7245,1126107.0033,1
1786568400000,63575.0,63628.2,63528.9,63570.0,53119.0,53.1195,3378071.52756,1
1786569300000,63555.3,63570.2,63442.2,63452.6,17391.0,17.3914,1104445.43382,1
1786570200000,63450.1,63515.9,63400.0,63508.3,21790.0,21.7907,1382798.83755,1
1786571100000,63511.5,63551.2,63422.4,63441.4,14560.0,14.5603,924529.56689,1
1786572000000,63435.3,63508.0,63391.9,63465.7,23163.0,23.1637,1469451.57906,1
1786572900000,63471.7,63503.6,63456.8,63457.1,4597.0,4.5976,291825.76709,1
1786573800000,63457.2,63462.5,63350.0,63376.7,35779.0,35.779,2267609.71297,1
1786574700000,63376.8,63408.9,63368.1,63405.9,15988.0,15.9881,1013410.5029,1
1786575600000,63404.5,63409.0,63350.0,63388.6,8569.0,8.5693,543077.31869,1
1786576500000,63388.6,63420.0,63355.0,63393.1,11220.0,11.2202,711228.56246,1
1786577400000,63394.4,63444.1,63378.4,63394.0,12913.0,12.9134,818839.69669,1
1786578300000,63394.0,63457.4,63382.5,63454.7,6581.0,6.581,417225.98632,1
1786579200000,63450.5,63575.4,63449.6,63575.4,15208.0,15.2084,965780.9577,1
1786580100000,63579.2,63690.3,63555.6,63602.0,97303.0,97.3037,6189436.85347,1
1786581000000,63595.6,63595.8,63474.3,63486.0,27225.0,27.2255,1729749.43848,1
1786581900000,63491.9,63580.5,63475.7,63530.1,7265.0,7.2654,461692.13151,1
1786582800000,63527.3,63606.6,63494.7,63606.5,12839.0,12.8392,816097.39843,1
1786583700000,63607.9,63607.9,63384.0,63390.0,24091.0,24.0914,1529431.54367,1
1786584600000,63390.1,63508.2,63390.0,63390.0,11385.0,11.3852,722308.35696,1
1786585500000,63385.0,63485.2,63360.6,63430.0,12266.0,12.2667,777873.10609,1
1786586400000,63425.5,63458.1,63397.4,63434.4,9879.0,9.8791,626575.31861,1
1786587300000,63434.4,63456.6,63398.0,63437.2,3995.0,3.9958,253416.58665,1
1786588200000,63435.0,63463.3,63357.5,63463.3,8129.0,8.1291,515272.49428,1
1786589100000,63466.8,63553.6,63441.8,63522.5,24916.0,24.9162,1581750.4994,1
1786590000000,63522.5,63553.8,63486.3,63545.7,15367.0,15.3678,976225.92079,1
1786590900000,63545.6,63615.8,63541.6,63552.2,15521.0,15.5212,986710.27202,1
1786591800000,63552.2,63609.7,63541.9,63549.0,4091.0,4.0915,260077.48867,1
1786592700000,63550.1,63657.1,63550.1,63623.4,24592.0,24.5926,1564947.24134,1
1786593600000,63623.4,63639.0,63599.7,63638.8,7870.0,7.87,500572.8771,1
1786594500000,63638.8,63639.0,63567.3,63567.6,6336.0,6.3365,402996.33559,1
1786595400000,63567.6,63689.0,63567.5,63674.2,19839.0,19.8399,1262783.92738,1
1786596300000,63678.2,63748.7,63670.5,63672.9,26449.0,26.4494,1685209.98881,1
1786597200000,63670.6,63857.2,63653.6,63855.0,97597.0,97.5975,6227121.49525,1
1786598100000,63858.0,63985.3,63858.0,63912.8,86758.0,86.7585,5545281.04527,1
1786599000000,63920.0,63927.3,63874.9,63897.1,13346.0,13.3469,852843.97108,1
1786599900000,63894.9,63900.0,63846.8,63846.8,11875.0,11.8759,758462.78972,1
1786600800000,63844.4,63857.7,63791.6,63813.4,11733.0,11.7333,748806.93844,1
1786601700000,63813.4,63826.0,63786.0,63797.3,5583.0,5.5834,356224.87316,1
1786602600000,63797.3,63797.3,63730.5,63730.5,7302.0,7.3026,465677.59545,1
1786603500000,63730.4,63903.6,63726.5,63903.6,34754.0,34.7547,2217014.36352,1
1786604400000,63903.6,63916.6,63836.0,63843.9,55159.0,55.1599,3522394.8646,1
1786605300000,63847.2,63887.7,63827.5,63866.1,7519.0,7.5192,480162.65843,1
1786606200000,63866.1,63869.1,63841.3,63841.3,6403.0,6.403,408911.53251,1
1786607100000,63841.3,63841.3,63823.1,63833.0,29441.0,29.4411,1879074.70917,1
1786608000000,63835.4,63881.3,63805.8,63805.8,15663.0,15.6631,999941.00819,1
1786608900000,63805.8,63808.4,63759.1,63759.2,4122.0,4.1221,262902.84898,1
1786609800000,63756.0,63768.8,63747.4,63768.8,7316.0,7.3165,466508.65486,1
1786610700000,63768.7,63769.9,63719.0,63743.7,3337.0,3.3376,212714.0007,1
1786611600000,63743.7,63743.8,63590.8,63590.9,19612.0,19.6129,1248271.66582,1
1786612500000,63590.8,63689.4,63572.4,63633.4,19840.0,19.8403,1262463.05597,1
1786613400000,63633.4,63682.4,63630.1,63676.2,12277.0,12.2773,781666.03241,1
1786614300000,63679.9,63764.8,63679.9,63757.1,23088.0,23.0885,1471066.19721,1
1786615200000,63765.1,63800.0,63589.5,63597.5,17427.0,17.4276,1109196.10904,1
1786616100000,63591.7,63654.7,63591.7,63599.0,62802.0,62.8021,3995295.62158,1
1786617000000,63592.7,63609.5,63543.8,63605.5,19524.0,19.5248,1241221.31074,1
1786617900000,63610.3,63628.9,63610.3,63628.8,4320.0,4.3202,274849.75582,1
1786618800000,63628.8,63637.4,63583.3,63599.9,10129.0,10.1292,644282.87538,1
1786619700000,63599.9,63605.3,63410.0,63410.0,23104.0,23.1044,1466873.13668,1
1786620600000,63410.0,63445.5,63323.7,63437.3,51622.0,51.6224,3272454.2518,1
1786621500000,63437.2,63477.3,63426.6,63457.4,19436.0,19.4364,1233277.98008,1
1786622400000,63449.6,63536.0,63414.4,63536.0,27361.0,27.361,1737142.99293,1
1786623300000,63536.0,63562.1,63520.3,63553.1,16773.0,16.7739,1065869.53306,1
1786624200000,63553.2,63663.6,63443.9,63560.0,229649.0,229.6499,14596439.10592,1
1786625100000,63560.0,63697.4,63534.0,63669.1,50765.0,50.7659,3229771.82597,1
1786626000000,63674.7,63781.8,63674.7,63715.1,94877.0,94.8776,6046362.35137,1
1786626900000,63715.1,63715.1,63547.6,63584.0,32659.0,32.6594,2078167.2851,1
1786627800000,63571.7,63828.0,63540.0,63779.6,86772.0,86.7724,5530617.74858,1
1786628700000,63774.0,63818.5,63657.9,63699.9,76614.0,76.6141,4882685.8275,1
1786629600000,63699.9,63822.8,63661.9,63782.5,36108.0,36.108,2301250.15988,1
1786630500000,63785.3,63855.1,63737.1,63784.1,41644.0,41.6449,2656616.53409,1
1786631400000,63783.9,63970.0,63741.7,63933.1,118216.0,118.2161,7555828.79615,1
1786632300000,63940.0,63942.5,63835.1,63840.8,39301.0,39.3015,2511062.84628,1
1786633200000,63839.8,63918.7,63789.0,63801.1,26658.0,26.6588,1701841.6342,1
1786634100000,63790.5,63866.8,63572.9,63606.1,63463.0,63.4632,4045525.23245,1
1786635000000,63606.2,63722.9,63580.1,63699.5,40190.0,40.1903,2558341.60293,1
1786635900000,63699.5,63699.5,63400.0,63400.0,81425.0,81.4258,5173685.60409,1
1786636800000,63400.1,63484.1,63368.9,63433.5,80162.0,80.1622,5084351.12812,1
1786637700000,63438.6,63535.7,63289.9,63336.9,85623.0,85.6235,5431668.65022,1
1786638600000,63336.8,63412.3,62810.1,62965.1,465201.0,465.2014,29308229.56795,1
1786639500000,62962.0,63210.1,62900.0,63125.6,312307.0,312.307,19706463.6106,1
1786640400000,63135.1,63135.1,63057.7,63107.0,61926.0,61.9262,3907480.79122,1
1786641300000,63107.0,63236.8,63074.8,63165.1,119041.0,119.0419,7519646.26101,1
1786642200000,63165.0,63240.0,63088.3,63210.6,104764.0,104.7645,6614383.33,1
1786643100000,63210.6,63276.4,63125.0,63125.1,26531.0,26.5318,1677347.23458,1
1786644000000,63125.0,63266.5,63097.8,63188.2,66263.0,66.2636,4189803.19191,1
1786644900000,63195.7,63229.0,63094.1,63097.2,24024.0,24.0243,1518147.41922,1
1786645800000,63098.4,63181.3,63088.0,63181.3,16643.0,16.6432,1050583.31836,1
1786646700000,63181.3,63348.0,63155.6,63284.7,128321.0,128.3215,8113497.14952,1
1786647600000,63284.7,63475.7,63284.7,63384.6,88150.0,88.1502,5588975.03395,1
1786648500000,63384.7,63409.4,63361.9,63398.1,36273.0,36.2733,2299335.20166,1
1786649400000,63395.6,63423.9,63361.9,63399.9,42328.0,42.328,2683480.12542,1
1786650300000,63399.9,63446.5,63367.5,63379.6,23197.0,23.1972,1470547.13353,1
1786651200000,63386.1,63436.6,63343.4,63393.0,25950.0,25.9505,1644722.19626,1
1786652100000,63400.0,63436.4,63394.4,63428.4,18061.0,18.061,1145400.42448,1
1786653000000,63428.4,63447.0,63379.7,63391.9,17084.0,17.084,1083543.13232,1
1786653900000,63391.9,63391.9,63362.3,63385.6,32591.0,32.5914,2065553.4594,1
1786654800000,63370.6,63442.3,63369.8,63403.5,19650.0,19.65,1245815.91632,1
1786655700000,63412.1,63429.5,63390.4,63428.0,3922.0,3.9229,248751.60121,1
1786656600000,63428.0,63477.4,63415.2,63425.1,34760.0,34.7607,2205358.59822,1
1786657500000,63419.9,63444.5,63409.9,63444.5,8438.0,8.4381,535201.54018,1
1786658400000,63444.5,63600.0,63443.4,63581.4,120812.0,120.8121,7675379.47143,1
1786659300000,63581.4,63606.0,63550.0,63595.6,24720.0,24.7208,1571821.96981,1
1786660200000,63602.8,63602.8,63526.8,63526.9,25878.0,25.8786,1644669.56218,1
1786661100000,63526.9,63537.4,63497.6,63497.6,26635.0,26.6356,1691572.9038,1
1786662000000,63504.1,63512.8,63428.5,63447.0,14760.0,14.7605,936651.6032,1
1786662900000,63447.0,63465.8,63421.2,63448.1,5426.0,5.4268,344283.16687,1
1786663800000,63448.1,63464.6,63415.2,63432.4,6420.0,6.4202,407324.6628,1
1786664700000,63432.4,63455.9,63374.0,63455.9,22084.0,22.0848,1400282.20237,1
1786665600000,63455.9,63488.0,63402.3,63475.7,19032.0,19.0329,1208030.74475,1
1786666500000,63475.8,63528.4,63390.8,63419.6,26355.0,26.3558,1673572.49364,1
1786667400000,63410.7,63524.7,63380.0,63497.9,21025.0,21.0253,1333581.8696,1
1786668300000,63497.8,63526.4,63452.3,63517.6,9840.0,9.8407,624817.39415,1
1786669200000,63512.1,63560.0,63465.5,63480.6,5292.0,5.2927,336175.28123,1
1786670100000,63476.3,63542.5,63428.9,63460.6,9170.0,9.1701,582189.31754,1
1786671000000,63460.6,63540.0,63447.7,63539.2,3725.0,3.7255,236531.0575,1
1786671900000,63539.2,63540.0,63493.2,63539.9,9583.0,9.5839,608723.80535,1
1786672800000,63540.0,63595.1,63500.0,63528.0,13161.0,13.1618,836549.78478,1
1786673700000,63538.9,63555.0,63452.2,63459.1,31131.0,31.1315,1976488.68268,1
1786674600000,63466.2,63531.9,63466.2,63491.9,9949.0,9.9491,631733.79595,1
1786675500000,63491.9,63535.9,63438.7,63441.6,9708.0,9.7087,616440.26973,1
1786676400000,63437.1,63471.7,63397.5,63471.6,9297.0,9.2976,589630.33104,1
1786677300000,63471.6,63555.7,63447.4,63453.3,6911.0,6.9119,439085.78268,1
1786678200000,63447.4,63447.4,63327.6,63356.3,111179.0,111.1791,7043030.01609,1
1786679100000,63353.2,63353.2,63273.9,63288.1,29723.0,29.7237,1881610.48719,1
1786680000000,63288.0,63387.3,63254.3,63383.6,30391.0,30.3918,1924422.84547,1
1786680900000,63383.6,63449.6,63340.1,63395.2,5662.0,5.6624,358900.86008,1
1786681800000,63389.9,63405.0,63363.7,63370.9,10236.0,10.2366,648822.11334,1
1786682700000,63370.9,63378.9,63341.7,63350.0,3980.0,3.9805,252205.46363,1
1786683600000,63349.9,63375.6,63304.5,63308.3,9775.0,9.7759,619075.98638,1
1786684500000,63305.5,63336.9,63258.1,63296.9,38114.0,38.1149,2412805.4171,1
1786685400000,63293.3,63350.1,63283.2,63325.2,10250.0,10.2502,649061.7405,1
1786686300000,63325.2,63375.4,63320.5,63357.8,6416.0,6.4168,406475.45873,1
1786687200000,63357.8,63357.8,63266.1,63275.0,10576.0,10.5763,669597.87417,1
1786688100000,63275.0,63275.4,63156.0,63156.0,37367.0,37.3676,2361507.43726,1
1786689000000,63156.0,63220.0,63147.0,63151.0,14048.0,14.0482,887468.13283,1
1786689900000,63151.0,63181.1,62913.5,62944.6,256421.0,256.4217,16152667.12222,1
1786690800000,62944.6,63059.1,62925.1,63043.4,107124.0,107.1242,6747547.35623,1
1786691700000,63043.3,63077.6,63043.3,63067.2,6721.0,6.7213,423880.55268,1
1786692600000,63067.2,63067.2,62926.9,62992.7,34465.0,34.4651,2170749.94145,1
1786693500000,62990.1,62990.1,62890.3,62891.2,75076.0,75.0762,4723588.81421,1
1786694400000,62891.2,62919.9,62859.7,62880.1,161522.0,161.5223,10157979.59043,1
1786695300000,62889.3,62960.0,62722.5,62750.1,320412.0,320.4128,20132441.95208,1
1786696200000,62745.0,62842.7,62662.7,62800.3,198590.0,198.59,12462219.90851,1
1786697100000,62800.4,62909.7,62790.3,62904.0,148845.0,148.8453,9358678.39134,1
1786698000000,62904.8,62904.8,62824.7,62841.5,18139.0,18.139,1139966.40498,1
1786698900000,62841.5,62881.0,62763.7,62763.7,39029.0,39.0294,2452066.52022,1
1786699800000,62763.7,62791.3,62710.3,62733.0,48571.0,48.5714,3047608.1972,1
1786700700000,62739.9,62803.0,62739.9,62763.9,23650.0,23.6505,1484574.03483,1
1786701600000,62757.6,62830.1,62712.0,62830.1,42766.0,42.7668,2685657.12562,1
1786702500000,62830.0,62888.0,62810.4,62850.0,181494.0,181.4943,11403726.80777,1
1786703400000,62850.0,62911.7,62825.7,62840.8,45194.0,45.194,2841449.75141,1
1786704300000,62840.7,62860.1,62775.1,62787.7,32511.0,32.5111,2041812.16961,1
1786705200000,62787.7,62848.1,62779.3,62827.5,25267.0,25.2674,1587409.02575,1
1786706100000,62823.3,62889.6,62807.8,62861.1,16094.0,16.0948,1011539.96705,1
1786707000000,62861.1,62906.2,62816.0,62863.6,21649.0,21.6498,1361080.04662,1
1786707900000,62864.0,62898.5,62823.5,62835.1,25799.0,25.7995,1621747.04585,1
1786708800000,62857.7,62867.9,62736.7,62777.0,28803.0,28.8033,1808290.12982,1
1786709700000,62799.8,62857.2,62770.4,62857.1,23717.0,23.7176,1489784.05935,1
1786710600000,62857.1,62885.2,62733.7,62733.7,58033.0,58.0338,3646195.15749,1
1786711500000,62733.7,62783.1,62695.3,62706.1,35771.0,35.7716,2243685.41671,1
1786712400000,62712.8,62724.4,62558.8,62669.4,345576.0,345.5764,21647443.04896,1
1786713300000,62653.4,62765.5,62622.7,62756.9,243405.0,243.4056,15252695.84011,1
1786714200000,62756.9,62792.5,62577.9,62688.6,209541.0,209.5419,13136586.14473,1
1786715100000,62714.2,62724.1,62575.3,62637.4,285670.0,285.6705,17892580.09155,1
1786716000000,62643.1,62710.2,62560.0,62580.1,405463.0,405.4634,25387652.928,1
1786716900000,62580.1,62678.4,62538.0,62648.1,348830.0,348.8307,21837045.81286,1
1786717800000,62638.3,62773.8,62625.9,62713.4,204438.0,204.4383,12811732.31567,1
1786718700000,62720.2,62744.0,62498.2,62588.2,128816.0,128.8165,8067781.4786,1
1786719600000,62588.1,62688.6,62579.8,62673.8,153508.0,153.508,9611186.63015,1
1786720500000,62672.3,62821.3,62650.0,62821.3,29269.0,29.2696,1835838.18664,1
1786721400000,62822.9,63000.1,62758.7,62959.8,150575.0,150.5756,9472260.50254,1
1786722300000,62960.0,63061.0,62917.5,62970.5,71586.0,71.586,4508762.23322,1
1786723200000,62967.8,63070.0,62933.7,63012.0,45047.0,45.047,2837499.17686,1
1786724100000,63010.1,63132.0,63000.0,63089.3,90278.0,90.2786,5692719.11545,1
1786725000000,63091.4,63187.7,63066.9,63174.0,38003.0,38.0031,2399742.90841,1
1786725900000,63174.0,63174.3,63074.8,63105.9,35374.0,35.3749,2233314.783,1
1786726800000,63112.1,63149.9,63082.0,63149.9,19150.0,19.1508,1208620.21354,1
1786727700000,63149.9,63215.3,63130.5,63170.3,63974.0,63.9748,4041543.35447,1
1786728600000,63170.3,63186.8,63047.1,63078.0,33555.0,33.5551,2117797.04287,1
1786729500000,63078.0,63089.9,62970.0,62988.3,21028.0,21.0286,1325390.6483,1
1786730400000,62988.3,63038.0,62931.7,62964.7,99108.0,99.1081,6239545.92416,1
1786731300000,62974.1,63046.4,62972.8,63003.8,17558.0,17.5586,1106535.81834,1
1786732200000,63000.0,63000.0,62912.8,62941.6,20060.0,20.06,1262890.63044,1
1786733100000,62947.5,62948.0,62858.0,62900.0,41689.0,41.6894,2621556.37762,1
1786734000000,62900.0,62900.0,62825.4,62842.6,35928.0,35.9285,2257856.94826,1
1786734900000,62840.2,62905.6,62794.1,62898.4,33579.0,33.5796,2110658.92489,1
1786735800000,62896.9,62954.6,62855.0,62954.3,33698.0,33.6984,2120397.21566,1
1786736700000,62950.8,62957.2,62911.7,62936.8,23702.0,23.7022,1491712.73845,1
1786737600000,62936.9,62995.1,62936.7,62945.2,15217.0,15.2173,958047.58763,1
1786738500000,62941.1,62958.5,62906.6,62919.9,11785.0,11.7852,741761.29848,1
1786739400000,62920.0,62927.7,62880.9,62889.0,13762.0,13.7622,865499.86946,1
1786740300000,62897.4,62907.4,62867.4,62878.5,4197.0,4.1977,263972.65367,1
1786741200000,62878.4,62912.2,62863.1,62873.0,24402.0,24.4023,1534525.90977,1
1786742100000,62873.0,62898.8,62857.7,62868.6,6283.0,6.2837,395054.32305,1
1786743000000,62868.6,62887.4,62846.7,62855.3,6754.0,6.7545,424592.74791,1
1786743900000,62862.9,62897.7,62850.5,62897.6,4093.0,4.0932,257369.90099,1
1786744800000,62897.6,62933.1,62810.6,62810.7,21718.0,21.718,1365958.24723,1
1786745700000,62810.0,62815.6,62770.4,62795.7,33411.0,33.4114,2097759.62924,1
1786746600000,62794.2,62858.7,62794.2,62858.5,18005.0,18.0059,1131623.42356,1
1786747500000,62858.4,62872.3,62840.1,62856.9,13600.0,13.6003,854873.07573,1
1786748400000,62855.3,62906.9,62855.3,62901.3,7117.0,7.1174,447548.14634,1
1786749300000,62907.7,62925.0,62838.4,62920.7,5093.0,5.0939,320401.34362,1
1786750200000,62921.5,63003.4,62881.3,62975.7,22311.0,22.3118,1404402.39641,1
1786751100000,62980.1,63035.5,62980.1,63015.0,13133.0,13.1336,827478.0676,1
1786752000000,63015.0,63038.0,62982.0,62989.6,11776.0,11.7769,741863.20631,1
1786752900000,62989.6,63007.0,62973.0,62973.4,5210.0,5.2104,328193.64448,1
1786753800000,62987.7,63001.5,62973.1,62994.9,8689.0,8.6897,547370.92881,1
1786754700000,62995.9,63009.3,62975.0,62986.2,18785.0,18.7853,1183276.25519,1
1786755600000,62991.7,63002.3,62966.7,62989.5,1958.0,1.9584,123334.58627,1
1786756500000,62989.4,63015.0,62970.0,63008.7,6591.0,6.5917,415268.6643,1
1786757400000,63008.8,63015.0,62990.0,63003.8,13607.0,13.6073,857398.938,1
1786758300000,63003.8,63008.9,62992.8,63008.9,9060.0,9.0607,570821.53224,1
1786759200000,63010.8,63033.1,63007.5,63027.7,2341.0,2.3412,147535.92382,1
1786760100000,63027.7,63094.8,63027.7,63073.4,11308.0,11.3082,713168.85756,1
1786761000000,63073.4,63110.1,63073.3,63100.0,6119.0,6.1195,386132.38354,1
1786761900000,63100.0,63114.0,63088.9,63113.5,5585.0,5.5851,352456.70518,1
1786762800000,63113.5,63129.0,63103.1,63120.0,2443.0,2.443,154193.16481,1
1786763700000,63120.1,63156.9,63055.8,63065.5,14698.0,14.6988,927467.76124,1
1786764600000,63065.5,63067.0,63025.1,63039.5,2784.0,2.7849,175593.80534,1
1786765500000,63039.5,63049.6,63024.9,63030.3,12585.0,12.5854,793444.95321,1
1786766400000,63030.3,63075.0,63030.3,63074.9,3700.0,3.7009,233338.39004,1
1786767300000,63074.9,63102.7,63074.9,63102.7,3552.0,3.5521,224103.89241,1
1786768200000,63102.7,63121.3,63097.4,63117.3,8217.0,8.2172,518562.1967,1
1786769100000,63117.4,63117.5,63092.4,63092.4,13018.0,13.0188,821605.05758,1
1786770000000,63092.4,63122.2,63092.4,63122.2,3837.0,3.8372,242143.07185,1
1786770900000,63122.2,63127.5,63097.4,63097.4,5515.0,5.5152,348121.33757,1
1786771800000,63092.4,63097.1,63029.1,63039.3,6552.0,6.5526,413227.0166,1
1786772700000,63039.3,63055.5,63013.4,63055.4,4547.0,4.5477,286625.37397,1
1786773600000,63055.4,63065.9,63011.3,63011.3,4343.0,4.3439,273859.74114,1
1786774500000,63011.3,63041.8,63007.1,63010.1,5932.0,5.9322,373837.96173,1
1786775400000,63010.2,63042.0,63010.2,63041.9,3182.0,3.1824,200602.41506,1
1786776300000,63041.9,63109.3,63041.9,63087.2,20047.0,20.0477,1264904.30577,1
1786777200000,63087.2,63102.3,63045.0,63102.3,7281.0,7.2815,459306.13659,1
1786778100000,63102.4,63102.5,63042.0,63051.0,7814.0,7.814,492755.11159,1
1786779000000,63051.0,63073.6,63041.9,63049.9,4745.0,4.7451,299196.56702,1
1786779900000,63049.9,63058.9,63013.3,63049.9,4706.0,4.7067,296740.21494,1
1786780800000,63056.9,63058.4,63030.0,63030.0,5442.0,5.4428,343157.09415,1
1786781700000,63030.0,63041.2,63025.0,63026.3,4090.0,4.0904,257809.50547,1
1786782600000,63026.2,63027.1,62991.8,62991.8,36344.0,36.3441,2289870.70276,1
1786783500000,62991.8,63034.0,62907.5,62908.5,18550.0,18.5509,1168073.51988,1
1786784400000,62918.2,62937.1,62890.2,62933.7,13104.0,13.1041,824382.41293,1
1786785300000,62933.6,62957.8,62930.0,62952.1,4484.0,4.484,282241.33364,1
1786786200000,62952.1,62999.6,62952.1,62999.6,2891.0,2.8917,182122.40667,1
1786787100000,62991.8,63019.8,62991.8,62999.2,3761.0,3.7619,237010.48218,1
1786788000000,62999.6,63004.1,62971.9,62993.5,10993.0,10.9932,692397.93488,1
1786788900000,62993.6,62996.2,62992.1,62992.1,2783.0,2.7837,175358.25885,1
1786789800000,62992.1,63013.2,62985.2,63006.4,2098.0,2.0981,132184.87446,1
1786790700000,63006.4,63025.0,62995.6,63015.7,4100.0,4.1009,258431.1067,1
1786791600000,63015.2,63015.2,62995.8,62995.8,3206.0,3.2061,201987.98256,1
1786792500000,62995.8,63016.6,62995.8,63009.9,4512.0,4.5129,284314.83401,1
1786793400000,63009.9,63021.7,63004.6,63021.7,5001.0,5.0011,315116.57857,1
1786794300000,63021.6,63031.3,62967.9,62993.1,8472.0,8.4723,533879.7399,1
1786795200000,62993.0,62993.0,62959.6,62959.7,6768.0,6.7684,426226.90911,1
1786796100000,62959.7,62966.0,62951.6,62966.0,6411.0,6.4112,403657.69689,1
1786797000000,62966.0,62966.0,62933.9,62933.9,7685.0,7.6858,483791.45092,1
1786797900000,62934.0,63028.9,62920.9,63028.8,11805.0,11.8057,743306.82987,1
1786798800000,63028.9,63058.2,62992.2,63044.2,26245.0,26.2451,1654353.04736,1
1786799700000,63044.2,63052.5,63004.1,63007.2,18412.0,18.4129,1160270.89672,1
1786800600000,63007.1,63022.0,63000.0,63001.1,13243.0,13.243,834350.94421,1
1786801500000,63001.1,63028.0,63001.1,63027.6,7882.0,7.8826,496791.40139,1
1786802400000,63027.6,63027.6,63008.6,63014.4,4513.0,4.5131,284384.59543,1
1786803300000,63014.4,63018.6,62966.2,63006.1,2710.0,2.7104,170734.64164,1
1786804200000,63006.1,63015.5,63002.3,63011.7,4151.0,4.1514,261570.4666,1
1786805100000,63011.6,63026.3,63011.6,63011.7,10649.0,10.6495,671158.03128,1
1786806000000,63011.7,63015.6,63009.9,63009.9,4578.0,4.5786,288508.79059,1
1786806900000,63009.9,63048.0,62998.0,63042.4,11992.0,11.9925,755937.90344,1
1786807800000,63042.4,63091.3,63042.4,63082.0,18420.0,18.4208,1161847.84539,1
1786808700000,63082.0,63082.0,63068.0,63068.1,5693.0,5.6931,359061.53917,1
1786809600000,63068.1,63068.1,63042.8,63049.9,5398.0,5.3985,340432.7138,1
1786810500000,63049.9,63090.0,63032.7,63090.0,6546.0,6.5464,412954.24546,1
1786811400000,63090.0,63091.3,63059.3,63062.0,13523.0,13.523,852928.17144,1
1786812300000,63062.0,63075.1,63062.0,63066.3,2299.0,2.2995,145021.61706,1
1786813200000,63066.3,63070.0,63066.2,63069.9,5538.0,5.5382,349273.52197,1
1786814100000,63069.9,63077.8,63032.4,63038.9,30289.0,30.2894,1909414.99246,1
1786815000000,63039.0,63043.6,63038.3,63039.8,3122.0,3.1221,196816.52346,1
1786815900000,63039.9,63043.5,63032.2,63043.5,5390.0,5.3907,339831.27962,1
1786816800000,63043.4,63083.0,63039.4,63066.1,13245.0,13.2451,835107.79177,1
1786817700000,63066.1,63071.6,63015.2,63018.8,17923.0,17.9232,1129625.76945,1
1786818600000,63018.8,63022.5,63014.9,63014.9,3573.0,3.573,225170.79198,1
1786819500000,63014.9,63026.3,63011.6,63026.2,4438.0,4.4386,279713.72428,1
1786820400000,63026.3,63056.4,63026.2,63055.1,3711.0,3.7115,233994.64021,1
1786821300000,63055.1,63091.0,63055.0,63067.8,4868.0,4.8681,307074.3252,1
1786822200000,63067.7,63092.0,63067.7,63079.2,10746.0,10.7461,677873.05727,1
1786823100000,63079.2,63093.6,63079.2,63093.6,4736.0,4.7366,298821.12696,1
1786824000000,63093.6,63093.6,63050.7,63050.8,4770.0,4.7707,300892.56398,1
1786824900000,63050.8,63050.8,63040.1,63047.8,14357.0,14.3575,905176.96693,1
1786825800000,63047.8,63056.1,63042.9,63056.1,1746.0,1.7461,110086.32691,1
1786826700000,63056.1,63077.1,63056.1,63077.1,4472.0,4.4724,282094.03434,1
1786827600000,63076.1,63077.8,63068.9,63077.8,2268.0,2.2689,143099.07461,1
1786828500000,63077.8,63117.3,63074.2,63117.3,13893.0,13.8937,876785.86761,1
1786829400000,63117.2,63134.4,63108.1,63134.4,9608.0,9.6081,606479.17068,1
1786830300000,63134.5,63135.4,63117.6,63123.7,10138.0,10.1387,639981.42208,1
1786831200000,63123.7,63135.3,63115.8,63117.0,10955.0,10.9556,691561.82529,1
1786832100000,63117.0,63118.3,63101.1,63118.3,2895.0,2.8959,182753.15107,1
1786833000000,63118.3,63122.4,63118.3,63122.0,3224.0,3.224,203503.82948,1
1786833900000,63122.0,63141.6,63100.6,63100.7,3352.0,3.3526,211612.61497,1
1786834800000,63100.7,63110.3,63077.0,63102.7,2429.0,2.4294,153295.67381,1
1786835700000,63098.7,63099.8,63080.0,63080.1,5261.0,5.2618,331938.689,1
1786836600000,63080.1,63080.1,63068.7,63076.6,1354.0,1.3544,85425.64296,1
1786837500000,63076.7,63076.7,63052.6,63054.0,2623.0,2.6235,165435.48603,1
1786838400000,63054.0,63054.0,63035.0,63045.0,9845.0,9.8457,620675.72689,1
1786839300000,63045.0,63045.0,63040.9,63040.9,3414.0,3.4141,215228.06398,1
1786840200000,63040.9,63043.5,63032.9,63041.3,2951.0,2.9511,186026.62176,1
1786841100000,63041.3,63057.4,63036.0,63051.1,3559.0,3.5595,224400.87197,1
1786842000000,63048.4,63048.4,63020.7,63020.7,2237.0,2.2376,141032.17373,1
1786842900000,63020.7,63045.0,63018.0,63025.2,3492.0,3.4924,220099.45153,1
1786843800000,63024.2,63036.2,62986.1,63036.2,5425.0,5.4255,341797.34154,1
1786844700000,63036.2,63051.4,63019.8,63051.4,3125.0,3.1259,197046.87986,1
1786845600000,63051.4,63051.4,62988.9,62992.0,6240.0,6.2402,393248.1217,1
1786846500000,62992.0,63086.7,62992.0,63083.1,4827.0,4.827,304404.83636,1
1786847400000,63083.1,63132.2,63081.8,63130.0,5132.0,5.1325,323940.21175,1
1786848300000,63130.1,63130.1,63085.6,63092.4,10684.0,10.6845,674335.57185,1
1786849200000,63092.4,63092.4,63088.5,63088.5,4794.0,4.7941,302464.52167,1
1786850100000,63088.5,63090.2,63080.1,63089.9,3362.0,3.3628,212157.31921,1
1786851000000,63089.9,63091.0,63089.8,63090.8,3907.0,3.9077,246538.52949,1
1786851900000,63094.1,63096.0,63093.6,63095.9,1721.0,1.7211,108593.0652,1
1786852800000,63096.5,63096.7,63096.5,63096.7,4685.0,4.6852,295620.01367,1
1786853700000,63096.7,63122.7,63096.7,63122.7,4819.0,4.8197,304200.76395,1
1786854600000,63122.7,63122.7,63090.8,63090.9,4601.0,4.6016,290339.84864,1
1786855500000,63090.9,63094.4,63056.6,63056.6,3408.0,3.4082,215003.54026,1
1786856400000,63056.6,63068.4,63042.1,63066.4,935.0,0.9358,59009.9393,1
1786857300000,63066.4,63066.5,63036.0,63037.8,2593.0,2.5935,163510.12631,1
1786858200000,63037.8,63050.8,63026.6,63026.8,2458.0,2.4584,154983.5221,1
1786859100000,63026.8,63044.3,63007.1,63027.7,3564.0,3.5647,224665.2149,1
1786860000000,63027.7,63042.2,63015.4,63016.1,1286.0,1.2862,81078.72733,1
1786860900000,63018.2,63040.2,63017.3,63040.2,828.0,0.828,52187.03579,1
1786861800000,63034.1,63034.1,63029.3,63033.4,3539.0,3.5394,223090.00862,1
1786862700000,63033.4,63055.7,63033.4,63036.6,14425.0,14.4258,909496.36885,1
1786863600000,63036.6,63036.6,63025.0,63025.1,4247.0,4.2471,267676.00224,1
1786864500000,63025.1,63035.3,63025.0,63035.1,767.0,0.7672,48359.56433,1
1786865400000,63035.1,63035.1,63028.1,63028.1,2867.0,2.8672,180728.89549,1
1786866300000,63028.1,63034.4,63028.0,63034.4,4031.0,4.0316,254104.03502,1
1786867200000,63034.4,63042.7,63030.1,63030.1,1390.0,1.3908,87667.16914,1
1786868100000,63030.1,63043.0,63030.1,63043.0,2710.0,2.7108,170885.57703,1
1786869000000,63043.0,63045.1,63037.5,63040.2,3475.0,3.4756,219107.41542,1
1786869900000,63040.2,63040.2,63039.5,63039.6,2322.0,2.3224,146402.97829,1
1786870800000,63039.6,63039.6,63039.5,63039.5,6787.0,6.7872,427862.28598,1
1786871700000,63039.5,63039.6,63039.5,63039.5,3204.0,3.204,201978.76884,1
1786872600000,63039.5,63039.6,62965.0,62965.0,8915.0,8.9154,561509.17332,1
1786873500000,62965.0,62986.8,62938.7,62957.0,9103.0,9.103,573065.40531,1
1786874400000,62957.0,62965.8,62929.1,62955.6,7726.0,7.7265,486325.21208,1
1786875300000,62955.6,62981.4,62955.5,62981.2,25307.0,25.307,1593438.34119,1
1786876200000,62981.2,62982.1,62973.0,62979.3,1775.0,1.7752,111792.09971,1
1786877100000,62979.3,62979.3,62979.2,62979.2,4309.0,4.3094,271402.81026,1
1786878000000,62979.2,62979.3,62974.2,62974.2,5175.0,5.175,325904.80518,1
1786878900000,62974.2,62977.1,62945.9,62958.0,4416.0,4.4163,278053.17601,1
1786879800000,62958.0,62969.1,62955.9,62963.8,10131.0,10.1314,637853.42351,1
1786880700000,62963.8,62980.0,62949.0,62979.9,4916.0,4.9161,309516.80422,1
1786881600000,62984.1,62993.8,62984.1,62990.6,7448.0,7.4483,469169.81014,1
1786882500000,62990.6,62990.6,62990.5,62990.5,1575.0,1.5759,99266.85306,1
1786883400000,62990.5,62990.6,62959.1,62962.3,4784.0,4.7847,301318.26265,1
1786884300000,62962.3,62987.8,62962.3,62986.3,4150.0,4.1504,261386.30194,1
1786885200000,62986.3,63035.0,62986.3,63034.9,3934.0,3.9349,247966.20322,1
1786886100000,63034.9,63040.9,63034.9,63040.0,5081.0,5.0812,320317.60043,1
1786887000000,63040.0,63040.4,63035.9,63040.0,30689.0,30.6893,1934641.90458,1
1786887900000,63040.0,63040.0,63036.0,63036.1,21654.0,21.6549,1365122.54234,1
1786888800000,63036.1,63036.1,63031.9,63032.0,9263.0,9.2635,583904.47711,1
1786889700000,63032.0,63074.9,63031.9,63045.6,9546.0,9.5466,601989.85526,1
1786890600000,63045.6,63072.9,63040.8,63071.9,12393.0,12.3937,781589.25646,1
1786891500000,63072.0,63078.5,63070.0,63078.5,15719.0,15.7194,991442.24685,1
1786892400000,63079.9,63091.4,63077.7,63081.7,10591.0,10.591,668113.99269,1
1786893300000,63081.7,63087.2,63081.6,63087.1,26983.0,26.9839,1702196.49224,1
1786894200000,63087.2,63112.0,63087.2,63096.0,22490.0,22.49,1419219.62821,1
1786895100000,63095.0,63113.8,63090.0,63113.8,5176.0,5.1764,326632.33341,1
1786896000000,63114.3,63185.7,63108.4,63181.9,24661.0,24.6612,1557440.09352,1
1786896900000,63182.0,63327.5,63175.6,63294.7,79800.0,79.8005,5049259.149,1
1786897800000,63294.8,63370.0,63260.6,63260.6,45268.0,45.2687,2866180.70407,1
1786898700000,63260.7,63261.6,63167.4,63232.8,98772.0,98.772,6245098.4228,1
1786899600000,63232.8,63247.2,63187.1,63192.0,23609.0,23.6092,1492273.07222,1
1786900500000,63192.0,63209.7,63154.9,63165.9,35738.0,35.738,2257661.75412,1
1786901400000,63166.0,63166.6,63102.9,63102.9,12313.0,12.3139,777466.87402,1
1786902300000,63102.7,63139.1,63095.0,63130.7,15673.0,15.6733,989283.80582,1
1786903200000,63130.7,63142.1,63092.0,63113.1,30508.0,30.5089,1925675.63756,1
1786904100000,63113.1,63148.0,63112.8,63129.1,10029.0,10.029,633217.64997,1
1786905000000,63129.2,63129.2,63113.3,63113.4,4080.0,4.0809,257588.68653,1
1786905900000,63113.4,63117.5,63111.3,63111.4,11516.0,11.5167,726870.63809,1
1786906800000,63111.4,63158.9,63111.3,63149.4,13107.0,13.1079,827620.21015,1
1786907700000,63149.5,63193.4,63149.4,63188.5,30082.0,30.0821,1900475.32155,1
1786908600000,63188.5,63201.7,63131.8,63131.9,20039.0,20.039,1265972.64681,1
1786909500000,63138.4,63149.0,63071.1,63082.2,37118.0,37.1184,2342634.90058,1
1786910400000,63082.3,63115.5,63082.3,63105.1,9971.0,9.9719,629195.5113,1
1786911300000,63105.2,63105.2,63064.3,63067.6,11084.0,11.0849,699336.78151,1
1786912200000,63067.6,63087.4,63018.7,63042.8,20004.0,20.0041,1261566.06125,1
1786913100000,63038.3,63043.7,63004.6,63040.9,63513.0,63.5135,4003084.19459,1
1786914000000,63041.0,63041.0,63001.0,63035.1,19603.0,19.6035,1235587.56607,1
1786914900000,63029.9,63055.6,63005.0,63007.1,13828.0,13.8288,871576.85185,1
1786915800000,63007.1,63015.0,62710.5,62906.1,96428.0,96.4289,6060549.311,1
1786916700000,62906.2,62955.0,62860.0,62900.0,29097.0,29.097,1830847.23207,1
1786917600000,62894.7,62903.5,62757.0,62899.4,41455.0,41.4558,2605013.40806,1
1786918500000,62899.5,62930.0,62814.0,62821.8,11752.0,11.752,738947.6774,1
1786919400000,62818.3,62818.4,62681.3,62767.6,71562.0,71.5621,4489556.73725,1
1786920300000,62763.3,62878.8,62710.7,62874.4,28686.0,28.6867,1801676.27331,1
1786921200000,62878.8,62964.6,62815.0,62815.0,26825.0,26.825,1688041.67642,1
1786922100000,62815.0,62890.0,62806.6,62825.3,27371.0,27.3717,1720272.97853,1
1786923000000,62825.3,62874.4,62809.1,62874.4,9127.0,9.1279,573530.88581,1
1786923900000,62874.4,62906.8,62857.1,62876.0,10791.0,10.7919,678629.47084,1
1786924800000,62876.0,62910.9,62833.8,62877.1,8122.0,8.1222,510779.98024,1
1786925700000,62877.2,62877.2,62734.1,62841.7,15623.0,15.6234,981038.47471,1
1786926600000,62841.8,62936.6,62732.0,62926.1,14952.0,14.9526,939232.79867,1
1786927500000,62919.5,62919.8,62815.5,62890.0,9830.0,9.8303,617941.08495,1
1786928400000,62880.8,63170.0,62875.8,63033.4,63838.0,63.8384,4025614.75925,1
1786929300000,63033.4,63139.8,63002.4,63099.3,26613.0,26.6131,1678859.15501,1
1786930200000,63099.9,63222.0,63097.6,63191.1,35961.0,35.961,2272134.17397,1
1786931100000,63191.1,63206.3,63085.0,63085.1,16680.0,16.6803,1053046.75844,1
1786932000000,63091.7,63104.0,63008.2,63053.4,17567.0,17.5675,1107739.15053,1
1786932900000,63053.4,63174.4,63020.8,63160.1,7314.0,7.3147,461578.73799,1
1786933800000,63160.1,63330.0,63106.0,63235.7,47753.0,47.753,3019719.52053,1
1786934700000,63235.7,63476.3,63228.4,63378.2,94431.0,94.4311,5986069.35284,1
1786935600000,63386.0,63426.9,63336.6,63389.9,22436.0,22.4369,1421698.7129,1
1786936500000,63390.0,63395.0,63320.0,63328.4,111551.0,111.5519,7066363.47348,1
1786937400000,63328.5,63359.1,63314.7,63327.1,15788.0,15.7884,999938.15124,1
1786938300000,63327.2,63497.8,63323.0,63405.2,23374.0,23.374,1482772.05011,1
1786939200000,63427.5,63498.6,63413.1,63461.1,20860.0,20.8605,1324013.1619,1
1786940100000,63461.0,63499.0,63441.8,63480.6,18020.0,18.0209,1143658.00722,1
1786941000000,63478.6,63497.6,63443.0,63466.5,10015.0,10.015,635636.10462,1
1786941900000,63478.0,63549.0,63478.0,63505.0,43243.0,43.2439,2746730.32579,1
1786942800000,63505.0,63508.1,63419.5,63507.6,20992.0,20.9923,1332506.08041,1
1786943700000,63504.1,63572.8,63459.3,63459.9,25068.0,25.0683,1592521.63207,1
1786944600000,63465.0,63475.3,63414.5,63438.5,33012.0,33.0129,2094305.29886,1
1786945500000,63438.5,63500.0,63429.7,63488.0,22626.0,22.6262,1436262.87998,1
1786946400000,63488.0,63590.0,63447.8,63547.5,9208.0,9.2085,584972.8797,1
1786947300000,63550.0,63565.2,63531.3,63555.0,13033.0,13.0334,828286.56271,1
1786948200000,63555.0,63576.5,63539.9,63574.9,9207.0,9.2071,585231.35985,1
1786949100000,63575.0,63686.0,63574.9,63633.1,72131.0,72.1312,4589830.49417,1
1786950000000,63633.3,63636.3,63538.1,63557.6,33805.0,33.805,2148663.476,1
1786950900000,63557.6,63557.6,63498.0,63555.6,30711.0,30.7113,1951079.16272,1
1786951800000,63555.6,63555.7,63511.9,63511.9,9416.0,9.4162,598152.92513,1
1786952700000,63511.9,63530.7,63494.7,63494.7,14955.0,14.9558,949755.07107,1
1786953600000,63504.0,63524.9,63391.5,63399.8,25519.0,25.519,1618533.22074,1
1786954500000,63399.9,63425.8,63379.0,63397.8,23660.0,23.6608,1499946.12237,1
1786955400000,63397.9,63414.4,63345.1,63345.2,14133.0,14.133,895538.18817,1
1786956300000,63345.1,63381.2,63321.3,63350.1,11729.0,11.7291,742952.09157,1
1786957200000,63350.1,63395.1,63350.1,63395.1,6926.0,6.9266,438924.07067,1
1786958100000,63395.1,63399.9,63300.0,63346.0,16030.0,16.0307,1015856.93559,1
1786959000000,63345.8,63345.8,63276.4,63280.0,17482.0,17.4826,1106740.13693,1
1786959900000,63279.4,63292.5,63256.7,63290.0,9154.0,9.1543,579222.42042,1
1786960800000,63290.1,63305.8,63271.0,63303.0,7190.0,7.1907,455095.78492,1
1786961700000,63303.0,63416.0,63272.0,63416.0,11372.0,11.3726,720220.17578,1
1786962600000,63420.6,63617.5,63420.5,63605.2,76048.0,76.0486,4830058.27552,1
1786963500000,63609.3,63664.0,63571.8,63661.8,32809.0,32.8099,2087236.71917,1
1786964400000,63657.7,63690.0,63615.5,63635.6,33969.0,33.9697,2162000.12395,1
1786965300000,63623.2,63666.3,63612.2,63634.4,18776.0,18.776,1194903.97241,1
1786966200000,63634.4,63672.0,63631.6,63668.3,57467.0,57.4671,3658548.04631,1
1786967100000,63668.3,63751.2,63560.0,63599.9,117565.0,117.5656,7486826.64137,1
1786968000000,63599.9,63650.0,63558.6,63638.8,98624.0,98.6243,6272932.08658,1
1786968900000,63639.0,63639.0,63502.4,63552.2,25444.0,25.4442,1617577.58443,1
1786969800000,63558.4,63612.9,63502.4,63540.0,18988.0,18.9885,1206829.21798,1
1786970700000,63540.0,63600.0,63526.6,63526.6,20869.0,20.8693,1326212.80272,1
1786971600000,63526.7,63554.4,63479.9,63535.5,107507.0,107.5073,6826213.54444,1
1786972500000,63535.3,63535.3,63412.5,63477.6,17751.0,17.7511,1126467.67017,1
1786973400000,63477.7,63773.3,63451.8,63626.8,133984.0,133.9846,8532179.00069,1
1786974300000,63625.5,63705.0,63570.0,63640.1,52463.0,52.4636,3338584.35703,1
1786975200000,63640.3,63697.8,63570.0,63669.6,24822.0,24.8223,1579046.62734,1
1786976100000,63669.6,63716.4,63561.0,63591.3,26750.0,26.7501,1702307.98885,1
1786977000000,63598.9,63675.0,63561.3,63593.6,22381.0,22.3813,1423456.3324,1
1786977900000,63592.6,63875.8,63583.3,63871.0,165529.0,165.529,10555848.24667,1
1786978800000,63871.0,63966.0,63834.1,63842.7,248965.0,248.965,15907285.87227,1
1786979700000,63842.8,64074.2,63779.3,64022.9,114151.0,114.1518,7299389.87869,1
1786980600000,64027.4,64097.0,63956.2,64051.9,192857.0,192.8575,12347573.2655,1
1786981500000,64056.2,64199.9,64051.4,64168.5,133093.0,133.0935,8536539.35686,1
1786982400000,64169.9,64182.0,64044.4,64044.4,58288.0,58.2889,3737687.95474,1
1786983300000,64044.4,64103.8,64034.6,64062.6,35313.0,35.3139,2262079.47322,1
1786984200000,64061.9,64146.6,64046.8,64051.7,25651.0,25.6516,1644038.22814,1
1786985100000,64044.2,64103.7,64040.3,64080.1,32268.0,32.2682,2067315.28772,1
1786986000000,64080.1,64086.0,63950.0,63952.7,54136.0,54.1363,3466655.72249,1
1786986900000,63949.9,64388.0,63944.3,64169.8,285052.0,285.052,18312299.36719,1
1786987800000,64175.7,64250.6,64029.5,64189.9,57326.0,57.3268,3678516.75622,1
1786988700000,64190.0,64308.9,64190.0,64293.1,37920.0,37.9201,2437489.51721,1
1786989600000,64291.1,64356.4,64247.6,64341.2,43079.0,43.0798,2770090.83832,1
1786990500000,64341.3,64585.0,64337.7,64442.0,234879.0,234.8793,15145680.07297,1
1786991400000,64442.0,64476.4,64374.0,64425.0,28378.0,28.3789,1828148.93389,1
1786992300000,64417.8,64448.1,64382.0,64402.7,31516.0,31.5162,2029709.96012,1
1786993200000,64399.6,64399.6,64292.6,64299.1,119312.0,119.3121,7674208.16898,1
1786994100000,64299.1,64388.0,64299.1,64374.4,14337.0,14.337,922507.66099,1
1786995000000,64366.3,64388.0,64308.9,64339.7,17481.0,17.4812,1125044.60611,1
1786995900000,64339.6,64340.6,64258.3,64286.7,23605.0,23.6054,1518207.65916,1
1786996800000,64284.6,64285.6,64234.4,64280.7,26268.0,26.2687,1687974.11659,1
1786997700000,64281.0,64414.3,64266.0,64392.0,23844.0,23.844,1534198.36542,1
1786998600000,64392.0,64392.0,64323.1,64362.1,27714.0,27.7141,1783396.60804,1
1786999500000,64362.1,64378.0,64299.0,64360.7,23526.0,23.5262,1513712.86954,1
1787000400000,64360.7,64405.5,64335.8,64349.2,11862.0,11.8629,763829.69734,1
1787001300000,64349.2,64381.4,64300.5,64303.0,21670.0,21.6702,1394309.4195,1
1787002200000,64303.0,64347.3,64269.8,64307.7,14402.0,14.4024,926164.39,1
1787003100000,64307.7,64365.5,64307.7,64350.3,10910.0,10.9109,702142.29201,1
1787004000000,64354.2,64390.0,64280.0,64283.3,20393.0,20.3931,1311407.71118,1
1787004900000,64283.3,64318.5,64263.5,64269.2,7458.0,7.4582,479467.09227,1
1787005800000,64263.6,64312.0,64249.9,64284.8,18274.0,18.2747,1174353.96614,1
1787006700000,64284.6,64288.9,64259.8,64267.7,3292.0,3.2924,211607.52057,1
1787007600000,64267.7,64349.6,64261.1,64334.9,50261.0,50.2614,3232287.8337,1
1787008500000,64334.9,64459.4,64334.9,64459.4,49526.0,49.5268,3189611.33671,1
1787009400000,64459.4,64536.9,64430.0,64447.0,59775.0,59.7756,3854724.45542,1
1787010300000,64446.9,64555.0,64443.0,64504.1,99506.0,99.5062,6418385.3638,1
1787011200000,64508.5,64541.5,64388.7,64397.2,65561.0,65.5613,4223013.58982,1
1787012100000,64397.1,64476.8,64397.1,64429.5,24603.0,24.603,1584973.71741,1
1787013000000,64429.5,64429.6,64353.2,64368.3,17976.0,17.9765,1157669.6785,1
1787013900000,64368.4,64368.4,64330.0,64357.3,13779.0,13.7797,886784.91526,1
1787014800000,64360.0,64360.9,64266.0,64317.1,13900.0,13.9005,893869.54308,1
1787015700000,64317.1,64330.7,64275.2,64296.9,5794.0,5.7946,372587.0293,1
1787016600000,64300.0,64318.1,64211.0,64250.4,12240.0,12.2409,786574.95461,1
1787017500000,64250.4,64250.4,64125.2,64175.0,38588.0,38.5881,2476451.10687,1
1787018400000,64171.8,64241.7,64150.0,64150.0,19713.0,19.7133,1265467.49619,1
1787019300000,64150.0,64177.8,64121.3,64121.3,9813.0,9.813,629567.29077,1
1787020200000,64119.3,64176.7,64094.9,64099.2,173833.0,173.8337,11155045.38811,1
1787021100000,64099.1,64110.0,64000.0,64072.6,83418.0,83.4189,5343095.55172,1
1787022000000,64067.7,64105.6,64053.5,64053.6,7286.0,7.2861,466902.36282,1
1787022900000,64053.9,64115.8,64051.6,64079.6,41731.0,41.7314,2673666.35596,1
1787023800000,64079.6,64135.0,64012.4,64135.0,21094.0,21.0948,1351795.48749,1
1787024700000,64135.0,64150.0,64110.3,64147.4,18039.0,18.0396,1157027.12614,1
1787025600000,64147.4,64147.4,64055.0,64112.8,18606.0,18.6069,1192649.85283,1
1787026500000,64112.1,64122.7,64092.2,64117.6,8205.0,8.2056,526008.91919,1
1787027400000,64117.4,64212.5,64117.4,64184.3,82855.0,82.8556,5317639.25591,1
1787028300000,64187.2,64197.6,64155.6,64179.5,8582.0,8.5825,550732.34899,1
1787029200000,64184.5,64242.2,64150.0,64204.3,13571.0,13.5716,871324.94615,1
1787030100000,64204.3,64227.5,64180.0,64227.5,25186.0,25.1868,1617231.13417,1
1787031000000,64220.5,64225.3,64107.1,64221.3,14381.0,14.3818,922424.55151,1
1787031900000,64221.3,64221.3,64169.6,64202.7,6108.0,6.1089,392098.21376,1
1787032800000,64199.5,64239.7,64135.1,64207.5,18778.0,18.7789,1205167.80731,1
1787033700000,64207.5,64332.3,64204.0,64314.3,24907.0,24.9071,1601280.2751,1
1787034600000,64321.9,64425.0,64321.8,64408.9,21828.0,21.8288,1405191.71452,1
1787035500000,64408.9,64415.7,64249.7,64290.3,45666.0,45.6663,2939142.3403,1
1787036400000,64290.3,64322.3,64255.7,64316.5,10913.0,10.9139,701647.51358,1
1787037300000,64310.8,64329.8,64254.0,64254.0,2287.0,2.2875,147078.88158,1
1787038200000,64246.8,64254.3,64210.7,64219.9,10626.0,10.6269,682523.73108,1
1787039100000,64219.9,64220.0,64140.0,64170.9,96601.0,96.6013,6196952.71302,1
1787040000000,64170.8,64186.6,64063.8,64129.9,28937.0,28.9373,1855346.43667,1
1787040900000,64130.0,64212.0,64130.0,64185.1,19493.0,19.4937,1251146.2291,1
1787041800000,64185.1,64301.2,64175.4,64261.5,12742.0,12.7426,818660.17445,1
1787042700000,64261.4,64264.5,64216.2,64264.5,12103.0,12.1032,777440.80031,1
1787043600000,64261.6,64261.6,64201.9,64213.6,10443.0,10.4436,670681.94927,1
1787044500000,64213.6,64213.6,64122.5,64133.1,14311.0,14.311,918074.80526,1
1787045400000,64133.1,64162.0,64112.2,64131.1,10080.0,10.0807,646618.98859,1
1787046300000,64131.1,64154.7,64108.2,64153.6,12066.0,12.0669,773969.31334,1
1787047200000,64153.0,64181.6,64111.2,64128.6,8314.0,8.3146,533389.16468,1
1787048100000,64128.9,64149.6,64100.1,64136.9,3946.0,3.9461,253041.06534,1
1787049000000,64136.9,64194.6,64136.9,64162.6,6069.0,6.069,389450.06732,1
1787049900000,64160.1,64182.1,64159.0,64172.9,14475.0,14.4754,928940.35336,1
1787050800000,64166.9,64303.5,64162.5,64300.0,32830.0,32.8305,2110413.93875,1
1787051700000,64300.0,64351.8,64299.9,64346.3,33091.0,33.0917,2128927.29505,1
1787052600000,64346.3,64370.3,64325.4,64358.6,16911.0,16.9111,1088123.55591,1
1787053500000,64358.7,64380.0,64313.0,64326.0,28203.0,28.2034,1814426.99328,1
1787054400000,64326.1,64328.1,64256.1,64270.0,14694.0,14.6946,944848.31696,1
1787055300000,64270.0,64309.9,64253.4,64275.1,10172.0,10.1722,653936.9974,1
1787056200000,64275.2,64275.2,64222.0,64222.0,15321.0,15.3211,984272.68711,1
1787057100000,64221.0,64226.8,64200.0,64200.0,8629.0,8.629,554106.59313,1
1787058000000,64200.0,64200.6,64135.2,64168.0,26902.0,26.9022,1725900.66442,1
1787058900000,64168.0,64168.1,64029.9,64045.6,49101.0,49.1014,3147071.90944,1
1787059800000,64046.6,64220.0,64000.0,64163.3,51317.0,51.3175,3290419.37437,1
1787060700000,64152.9,64259.2,64088.2,64184.4,42368.0,42.3684,2718282.20666,1
1787061600000,64187.5,64342.8,64187.5,64228.0,53711.0,53.7118,3452921.69797,1
1787062500000,64227.9,64998.9,64224.1,64962.0,467567.0,467.5674,30283444.4775,1
1787063400000,64967.3,65028.9,64707.1,64760.0,351747.0,351.7475,22820762.83018,1
1787064300000,64743.8,64808.0,64630.2,64683.6,152868.0,152.8688,9890845.46698,1
1787065200000,64700.0,64778.0,64614.9,64707.0,71416.0,71.4167,4619886.02055,1
1787066100000,64706.7,64807.2,64685.9,64770.0,83619.0,83.6194,5414168.9597,1
1787067000000,64766.8,64838.0,64760.8,64790.5,50284.0,50.2841,3258828.67075,1
1787067900000,64783.1,64860.4,64765.1,64816.2,33012.0,33.0129,2140215.34661,1
1787068800000,64829.9,64860.1,64714.2,64720.8,42067.0,42.0676,2725391.95245,1
1787069700000,64720.8,64724.9,64661.8,64674.2,28673.0,28.6738,1855197.66282,1
1787070600000,64674.2,64781.6,64644.2,64758.9,23310.0,23.3105,1508671.94247,1
1787071500000,64758.8,64833.3,64750.3,64804.7,17621.0,17.6214,1141754.99083,1
1787072400000,64804.7,64804.7,64743.0,64771.6,27605.0,27.6054,1787698.40802,1
1787073300000,64760.9,64799.4,64728.1,64797.9,7591.0,7.5913,491589.74444,1
1787074200000,64797.9,64800.5,64664.8,64695.4,17600.0,17.6008,1139240.69659,1
1787075100000,64695.4,64701.4,64634.3,64634.3,12406.0,12.4064,802245.554,1
1787076000000,64633.8,64704.3,64621.9,64704.3,37341.0,37.3415,2414722.55804,1
1787076900000,64704.3,64779.7,64696.7,64763.6,6251.0,6.251,404721.6911,1
1787077800000,64763.6,64789.6,64727.2,64731.9,23901.0,23.9018,1548042.16993,1
1787078700000,64728.0,64771.0,64720.2,64744.7,37669.0,37.6694,2439145.99301,1
1787079600000,64744.1,64744.1,64682.7,64692.6,29875.0,29.8759,1934041.19587,1
1787080500000,64692.6,64771.8,64673.9,64750.0,9691.0,9.691,627095.20077,1
1787081400000,64743.5,64752.8,64644.0,64645.3,118839.0,118.8391,7683022.87384,1
1787082300000,64645.3,64659.1,64615.0,64616.9,57244.0,57.2445,3699285.98688,1
1787083200000,64623.2,64631.0,64556.4,64623.8,182945.0,182.9454,11817145.22407,1
1787084100000,64624.9,64625.0,64582.5,64582.5,27444.0,27.4443,1773024.53326,1
1787085000000,64582.5,64623.3,64572.9,64576.6,14709.0,14.709,950152.80958,1
1787085900000,64576.6,64589.4,64538.7,64547.5,44135.0,44.1355,2849072.74657,1
1787086800000,64547.5,64621.5,64547.5,64602.4,33321.0,33.3214,2152655.89414,1
1787087700000,64596.2,64642.4,64574.2,64594.0,96111.0,96.1117,6209414.1252,1
1787088600000,64594.0,64594.0,64545.2,64572.2,9610.0,9.6104,620558.93338,1
1787089500000,64546.3,64580.6,64546.3,64576.1,5293.0,5.2936,341775.05211,1
1787090400000,64572.7,64580.6,64537.6,64544.1,115292.0,115.2929,7441212.31007,1
1787091300000,64544.1,64578.2,64531.1,64564.9,17991.0,17.991,1161336.57007,1
1787092200000,64564.9,64621.8,64564.9,64606.2,9145.0,9.1459,590739.40144,1
1787093100000,64606.2,64607.0,64532.7,64607.0,69702.0,69.7026,4499695.94572,1
1787094000000,64598.7,64688.5,64598.7,64667.1,19330.0,19.3309,1249768.6881,1
1787094900000,64671.3,64707.1,64669.2,64690.9,15672.0,15.672,1013799.90916,1
1787095800000,64690.8,64750.0,64690.8,64741.8,16125.0,16.1252,1043736.86438,1
1787096700000,64735.2,64750.5,64694.0,64694.0,13957.0,13.9574,903192.36336,1
1787097600000,64699.6,64705.7,64557.3,64557.3,21740.0,21.7401,1404652.48597,1
1787098500000,64557.1,64640.2,64511.2,64572.3,32236.0,32.2363,2080276.84274,1
1787099400000,64567.3,64626.1,64512.2,64527.2,24305.0,24.3056,1568555.34029,1
1787100300000,64527.2,64549.1,64451.1,64459.3,31510.0,31.5106,2032367.0074,1
1787101200000,64452.0,64507.9,64405.2,64496.0,25073.0,25.0735,1615630.10963,1
1787102100000,64489.2,64501.5,64419.4,64455.3,11670.0,11.6701,752281.25314,1
1787103000000,64462.0,64463.5,64370.0,64387.2,16621.0,16.6219,1070575.61827,1
1787103900000,64387.2,64417.9,64356.1,64363.5,14142.0,14.1429,910512.9267,1
1787104800000,64363.6,64381.5,64329.0,64373.4,16141.0,16.1414,1038814.30685,1
1787105700000,64366.7,64389.1,64322.2,64355.0,10916.0,10.9163,702522.69513,1
1787106600000,64355.0,64382.9,64344.5,64360.0,15630.0,15.63,1005950.36874,1
1787107500000,64360.1,64388.3,64316.0,64322.2,8691.0,8.6913,559269.0625,1
1787108400000,64322.2,64333.0,64262.6,64321.0,33935.0,33.9356,2181657.66173,1
1787109300000,64321.0,64390.4,64321.0,64337.1,18594.0,18.594,1196456.4117,1
1787110200000,64337.1,64337.1,64304.0,64312.0,10078.0,10.0787,648195.34946,1
1787111100000,64312.0,64345.5,64297.3,64297.3,6982.0,6.9823,449142.17836,1
1787112000000,64297.3,64298.2,64263.5,64281.9,4648.0,4.6482,298776.09936,1
1787112900000,64281.9,64360.4,64281.8,64327.5,11113.0,11.1132,714999.33841,1
1787113800000,64327.4,64342.2,64300.0,64315.1,11139.0,11.1397,716448.81959,1
1787114700000,64316.1,64340.8,64271.7,64285.3,18692.0,18.6929,1201928.03613,1
1787115600000,64285.3,64378.3,64282.3,64370.8,8617.0,8.6176,554520.07377,1
1787116500000,64370.1,64370.1,64280.0,64326.0,10846.0,10.8466,697748.71102,1
1787117400000,64326.0,64326.0,64288.1,64288.2,6552.0,6.5522,421432.1249,1
1787118300000,64288.2,64288.3,64210.0,64210.0,35480.0,35.4806,2279481.78196,1
1787119200000,64209.9,64222.6,64132.8,64150.1,28405.0,28.4055,1822826.11307,1
1787120100000,64150.1,64275.8,64150.1,64243.2,15282.0,15.2822,981397.04336,1
1787121000000,64243.2,64271.4,64226.1,64241.1,6127.0,6.1277,393676.81957,1
1787121900000,64241.1,64321.3,64240.1,64315.2,17068.0,17.0688,1097483.5187,1
1787122800000,64317.0,64342.0,64246.2,64333.6,8611.0,8.6114,553691.34105,1
1787123700000,64333.6,64345.8,64279.6,64321.3,7584.0,7.5847,487774.49536,1
1787124600000,64321.3,64364.6,64309.3,64330.0,18758.0,18.7589,1207062.74326,1
1787125500000,64330.0,64347.4,64266.2,64266.2,10870.0,10.8709,699079.8773,1
1787126400000,64266.1,64298.1,64227.8,64227.9,13437.0,13.4376,863597.34798,1
1787127300000,64227.9,64261.2,64226.0,64259.4,9039.0,9.039,580770.38039,1
1787128200000,64261.1,64479.6,64261.1,64422.8,24520.0,24.5205,1579192.58792,1
1787129100000,64422.8,64449.7,64385.8,64385.8,16030.0,16.0307,1032737.80188,1
1787130000000,64385.9,64446.5,64369.8,64371.8,18183.0,18.1831,1170760.78345,1
1787130900000,64371.8,64392.6,64345.2,64358.0,10858.0,10.8588,698941.987,1
1787131800000,64358.0,64368.0,64329.9,64338.1,20869.0,20.8696,1342955.50397,1
1787132700000,64338.0,64395.4,64332.3,64395.4,23375.0,23.3758,1504164.00393,1
1787133600000,64395.4,64395.4,64341.0,64362.6,10428.0,10.4285,671229.03042,1
1787134500000,64356.0,64369.7,64336.6,64369.7,11806.0,11.8064,759714.3518,1
1787135400000,64369.6,64395.0,64344.9,64373.3,11965.0,11.9652,770320.63588,1
1787136300000,64371.3,64427.4,64364.7,64423.7,7539.0,7.5393,485473.8681,1
1787137200000,64423.8,64501.6,64423.7,64473.3,30787.0,30.7874,1985057.16602,1
1787138100000,64473.3,64502.8,64446.7,64474.0,317286.0,317.2868,20454135.68626,1
1787139000000,64474.5,64498.3,64430.7,64437.6,12589.0,12.589,811688.21227,1
1787139900000,64437.6,64494.9,64437.6,64479.0,16440.0,16.4402,1059857.8649,1
1787140800000,64479.0,64488.0,64440.0,64477.8,25446.0,25.4465,1640266.18197,1
1787141700000,64477.8,64480.0,64457.6,64469.2,3645.0,3.6451,234977.7603,1
1787142600000,64469.1,64924.1,64449.5,64914.0,203408.0,203.4087,13170139.33184,1
1787143500000,64914.1,64961.7,64792.8,64857.4,137645.0,137.6452,8931677.75327,1
1787144400000,64850.6,64973.3,64760.0,64892.1,110656.0,110.6569,7173576.30529,1
1787145300000,64890.8,65000.0,64889.6,64976.9,124736.0,124.7362,8101799.41098,1
1787146200000,64966.1,65190.0,64787.7,65017.8,631781.0,631.7818,41085531.84238,1
1787147100000,65022.5,65157.3,64952.0,64988.1,217838.0,217.8389,14168037.66141,1
1787148000000,64989.0,65400.0,64984.5,65376.1,701327.0,701.3275,45793112.49576,1
1787148900000,65368.3,65445.0,65300.1,65384.2,122174.0,122.174,7988650.56839,1
1787149800000,65384.3,65497.5,65318.0,65424.0,335425.0,335.4257,21947089.05387,1
1787150700000,65425.0,65945.4,65418.7,65900.0,1218214.0,1218.2145,80078900.61936,1
1787151600000,65900.2,66761.8,65868.7,66626.5,1058793.0,1058.7933,70232634.29879,1
1787152500000,66621.1,70365.8,66544.4,68267.6,2322404.0,2322.4045,157401015.20202,1
1787153400000,68279.0,68836.1,67733.9,68649.6,587196.0,587.1962,40065512.43125,1
1787154300000,68646.9,68660.6,68206.2,68529.6,234437.0,234.4371,16042151.59575,1
1787155200000,68529.8,68995.3,68500.0,68557.4,294192.0,294.1923,20216102.25727,1
1787156100000,68553.2,68898.0,68537.3,68859.7,115153.0,115.1533,7913479.88601,1
1787157000000,68859.7,68870.5,68531.2,68560.0,140170.0,140.1702,9620729.66328,1
1787157900000,68562.9,68675.6,68394.9,68442.0,160699.0,160.699,11009870.17381,1
1787158800000,68445.5,68500.0,68193.7,68202.6,324845.0,324.8459,22196096.11023,1
1787159700000,68216.8,68291.2,67818.5,67979.0,217911.0,217.9112,14816971.63951,1
1787160600000,67984.2,68030.0,67804.8,68030.0,212309.0,212.3095,14428716.98454,1
1787161500000,68029.9,68246.5,68019.3,68170.5,68930.0,68.93,4697751.59285,1
1787162400000,68193.9,68223.0,68013.7,68164.8,134947.0,134.947,9196168.46299,1
1787163300000,68164.9,68298.5,68150.4,68251.7,74721.0,74.721,5100114.11154,1
1787164200000,68243.8,68401.8,68196.9,68399.7,30156.0,30.1562,2059623.63285,1
1787165100000,68400.0,68426.8,68290.4,68369.8,30755.0,30.755,2102503.52477,1
1787166000000,68356.1,68420.5,68078.1,68091.6,53926.0,53.9261,3681387.71347,1
1787166900000,68100.0,68369.9,68100.0,68153.8,117570.0,117.5709,8023271.76145,1
1787167800000,68152.0,68377.9,68102.9,68369.5,47022.0,47.0228,3207931.10055,1
1787168700000,68350.7,68460.4,68332.8,68392.5,49002.0,49.0023,3350834.58237,1
1787169600000,68392.5,68682.0,68357.0,68650.0,98786.0,98.7865,6769503.57424,1
1787170500000,68650.0,68780.6,68524.8,68669.6,309193.0,309.1936,21212287.52928,1
1787171400000,68673.4,68768.7,68611.8,68632.0,30718.0,30.7185,2110157.83564,1
1787172300000,68634.2,69580.4,68586.4,69042.2,505350.0,505.3501,34898612.52496,1
1787173200000,69030.5,69886.4,68946.4,69383.4,506568.0,506.5685,35213748.956,1
1787174100000,69400.0,69730.9,69228.2,69607.7,111365.0,111.365,7737820.09653,1
1787175000000,69607.8,69800.0,69340.3,69647.7,114728.0,114.7286,7987952.04082,1
1787175900000,69650.0,70048.2,69468.3,69685.1,172139.0,172.1398,12018380.10845,1
1787176800000,69685.1,69807.7,69278.3,69278.3,77674.0,77.6744,5396087.69008,1
1787177700000,69270.0,69377.9,69119.1,69123.7,148193.0,148.1934,10257817.93342,1
1787178600000,69120.4,69437.0,68964.1,69321.6,161261.0,161.2617,11179565.90341,1
1787179500000,69294.5,69319.7,69083.7,69227.1,54335.0,54.3357,3758492.3513,1
1787180400000,69227.1,69384.5,69188.1,69320.4,35232.0,35.2321,2441490.90274,1
1787181300000,69317.0,69419.4,69237.8,69350.4,15583.0,15.5833,1080109.12598,1
1787182200000,69350.5,69367.8,69215.4,69293.6,12109.0,12.1091,838898.59323,1
1787183100000,69293.7,69320.1,69137.7,69314.5,18975.0,18.9752,1313691.02379,1
1787184000000,69320.1,69640.1,69301.6,69541.3,38624.0,38.6248,2685182.42109,1
1787184900000,69538.4,69758.2,69529.4,69585.4,424212.0,424.2128,29546552.56542,1
1787185800000,69585.6,69666.6,69455.1,69534.6,14300.0,14.3008,994412.97696,1
1787186700000,69541.8,69684.6,69340.1,69374.6,41633.0,41.6334,2893342.8087,1
1787187600000,69377.1,69484.4,69267.1,69361.6,18593.0,18.5939,1289439.22979,1
1787188500000,69358.0,69417.2,69245.9,69299.9,23432.0,23.4328,1624048.08396,1
1787189400000,69291.4,69616.0,69268.9,69603.2,41777.0,41.7771,2902925.90934,1
1787190300000,69612.0,69864.1,69612.0,69691.4,46798.0,46.7987,3265013.24933,1
1787191200000,69695.1,69800.0,69554.1,69660.8,25089.0,25.0898,1748452.94273,1
1787192100000,69660.8,69687.9,69470.0,69486.3,12458.0,12.4589,866307.82082,1
1787193000000,69477.9,69527.8,69295.4,69299.0,21904.0,21.9043,1519319.01945,1
1787193900000,69295.3,69352.5,69254.0,69298.0,15962.0,15.962,1106165.1277,1
1787194800000,69287.4,69287.4,68898.2,68977.6,38206.0,38.2063,2637712.35595,1
1787195700000,68970.6,69193.5,68941.3,68963.3,19461.0,19.4618,1343956.12379,1
1787196600000,68984.1,69198.4,68974.0,69182.5,18825.0,18.8252,1299886.93566,1
1787197500000,69179.7,69342.4,69150.3,69188.1,14767.0,14.767,1022546.3849,1
1787198400000,69179.0,69376.1,69156.0,69362.7,14452.0,14.4527,1001519.29484,1
1787199300000,69362.8,69380.1,69282.1,69353.4,31113.0,31.1138,2157603.30698,1
1787200200000,69352.7,69366.9,69226.4,69334.9,8424.0,8.4244,583771.1669,1
1787201100000,69350.0,69606.7,69340.0,69484.2,22542.0,22.5426,1566848.93858,1
1787202000000,69480.1,69550.0,69453.5,69455.7,10290.0,10.2904,715038.51828,1
1787202900000,69460.0,69656.8,69448.5,69572.7,24677.0,24.6775,1717104.95436,1
1787203800000,69570.2,69616.2,69510.1,69545.8,44400.0,44.4002,3087760.8855,1
1787204700000,69543.2,69543.2,69350.0,69400.8,10494.0,10.494,728301.39348,1
1787205600000,69410.4,69422.6,69350.0,69380.1,12605.0,12.6059,874794.88641,1
1787206500000,69365.7,69682.5,69345.0,69575.9,22963.0,22.9638,1596639.61183,1
1787207400000,69583.4,69770.0,69582.6,69761.2,27572.0,27.5722,1922153.76376,1
1787208300000,69761.1,69903.8,69756.0,69830.1,38815.0,38.8154,2711026.1431,1
1787209200000,69838.8,69984.8,69742.2,69766.2,31951.0,31.9512,2231605.27373,1
1787210100000,69766.2,69771.1,69596.0,69678.4,63003.0,63.003,4389076.52625,1
1787211000000,69678.4,69678.4,69487.5,69599.7,21809.0,21.8097,1517286.89944,1
1787211900000,69582.7,69815.8,69550.8,69815.8,38858.0,38.858,2706816.85781,1
1787212800000,69821.9,71365.8,69771.4,71288.0,495554.0,495.5544,35019247.38812,1
1787213700000,71261.9,71572.0,71009.3,71326.3,245722.0,245.722,17520383.55392,1
1787214600000,71310.0,71646.4,71162.1,71481.4,489919.0,489.9198,35009247.03739,1
1787215500000,71473.6,71786.2,71398.7,71555.3,1533674.0,1533.6745,109803189.39168,1
1787216400000,71555.3,71943.4,71450.2,71906.0,139141.0,139.1413,9983538.71201,1
1787217300000,71900.3,72055.7,71724.0,71800.0,140318.0,140.3181,10089973.57214,1
1787218200000,71796.8,72029.9,71722.1,71982.0,80457.0,80.457,5787074.03829,1
1787219100000,71959.7,71997.9,71669.3,71784.8,119041.0,119.0418,8549576.52378,1
1787220000000,71777.1,72176.3,71690.1,72122.4,137635.0,137.635,9891107.87564,1
1787220900000,72124.9,72483.8,71959.9,72016.5,1012339.0,1012.3399,73150204.37317,1
1787221800000,72019.3,72023.1,71746.1,71780.2,196267.0,196.2673,14094807.87088,1
1787222700000,71787.5,71978.2,71787.5,71978.2,52186.0,52.1869,3751818.20003,1
1787223600000,71978.2,72124.1,71807.0,71963.8,43949.0,43.949,3163687.89732,1
1787224500000,71963.8,72000.1,71842.8,71871.6,56419.0,56.4199,4057338.70126,1
1787225400000,71863.7,72298.0,71833.0,72125.0,63812.0,63.8126,4604361.79076,1
1787226300000,72119.1,72244.0,71783.7,71892.8,83756.0,83.7568,6023750.91151,1
1787227200000,71892.8,71954.9,71475.2,71770.0,380307.0,380.3071,27285565.70357,1
1787228100000,71763.0,71862.8,71660.6,71814.9,141284.0,141.2844,10144740.93387,1
1787229000000,71815.0,71990.8,71626.1,71652.5,52013.0,52.0137,3734280.61543,1
1787229900000,71652.5,71924.0,71443.6,71923.9,44743.0,44.7436,3209129.24792,1
1787230800000,71924.0,72078.1,71873.9,72035.8,57884.0,57.8847,4165943.76542,1
1787231700000,72035.9,72035.9,71809.8,71932.2,33188.0,33.1883,2387592.47236,1
1787232600000,71904.4,71904.4,71097.8,71643.3,669657.0,669.6573,47827087.37208,1
1787233500000,71643.6,71815.0,71405.7,71650.2,69696.0,69.6969,4993522.55694,1
1787234400000,71650.1,71965.8,71590.9,71790.0,41753.0,41.7535,2997686.67642,1
1787235300000,71790.0,71793.4,71321.1,71417.3,264132.0,264.1322,18900966.79927,1
1787236200000,71414.9,71670.1,71382.8,71516.9,41239.0,41.239,2948889.65811,1
1787237100000,71507.8,71795.9,71385.1,71793.0,230496.0,230.496,16498481.56303,1
1787238000000,71797.7,72547.9,71760.0,72206.7,221805.0,221.805,16013814.02151,1
1787238900000,72211.3,72385.1,71938.6,72379.2,80019.0,80.0192,5773825.35108,1
1787239800000,72383.0,72800.0,72142.9,72206.3,210398.0,210.3986,15233303.53843,1
1787240700000,72213.0,72520.0,72128.7,72430.4,110743.0,110.7437,8017559.73377,1
1787241600000,72427.9,72468.5,72229.2,72270.6,58961.0,58.9617,4267385.3146,1
1787242500000,72262.6,72388.7,72169.4,72374.9,28143.0,28.1439,2034668.44401,1
1787243400000,72370.4,72653.0,72249.8,72598.0,296894.0,296.8942,21468463.42476,1
1787244300000,72582.8,72875.0,72485.2,72798.6,129641.0,129.6411,9427768.85892,1
1787245200000,72809.9,72842.9,72501.9,72658.6,913753.0,913.7531,66435557.73567,1
1787246100000,72665.8,72788.1,72525.0,72766.2,55690.0,55.6908,4048192.23973,1
1787247000000,72766.2,72820.9,72642.4,72727.4,42613.0,42.6132,3099791.33771,1
1787247900000,72720.0,72940.2,72677.1,72704.6,72015.0,72.0155,5244787.67946,1
1787248800000,72708.5,72776.5,72438.6,72577.8,92430.0,92.4308,6707909.20111,1
1787249700000,72579.9,72700.0,72468.5,72648.3,22293.0,22.2937,1618502.92257,1
1787250600000,72648.2,72664.5,72352.3,72469.7,38795.0,38.7952,2810528.33545,1
1787251500000,72475.5,72591.8,72380.4,72398.4,22640.0,22.6401,1640833.59665,1
1787252400000,72388.5,72468.5,72300.0,72450.0,34827.0,34.8274,2521704.15747,1
1787253300000,72450.0,72599.4,72450.0,72565.4,26222.0,26.2227,1902338.02559,1
1787254200000,72548.6,72743.7,72514.9,72686.6,31473.0,31.4735,2286809.29696,1
1787255100000,72676.8,72711.5,72554.7,72611.7,9749.0,9.7493,708050.71297,1
1787256000000,72649.9,72753.2,72592.0,72664.5,7020.0,7.0201,510226.86729,1
1787256900000,72672.0,72873.0,72591.3,72795.0,19223.0,19.2237,1398866.15194,1
1787257800000,72794.8,73056.1,72673.4,72728.8,94342.0,94.342,6874644.94986,1
1787258700000,72731.4,72748.1,72559.8,72639.5,28713.0,28.7134,2085465.84749,1
1787259600000,72634.8,72665.8,72514.8,72662.6,19502.0,19.5029,1415673.59733,1
1787260500000,72662.6,72819.2,72623.5,72623.5,19306.0,19.3061,1404203.11406,1
1787261400000,72623.5,72852.8,72623.5,72699.9,217507.0,217.5076,15836652.88888,1
1787262300000,72715.3,72740.3,72681.4,72704.0,8996.0,8.9963,654170.25086,1
1787263200000,72716.0,72720.8,72462.2,72584.2,25782.0,25.7824,1870830.47069,1
1787264100000,72571.4,72800.0,72525.9,72759.0,21102.0,21.1023,1533388.21242,1
1787265000000,72759.0,72773.6,72642.4,72657.1,8748.0,8.7488,636225.4094,1
1787265900000,72664.0,72854.3,72639.1,72648.5,33880.0,33.8805,2464449.94097,1
1787266800000,72648.4,72907.8,72631.0,72896.2,25061.0,25.0611,1824004.6139,1
1787267700000,72902.2,73390.0,72868.3,73176.8,199029.0,199.0297,14553256.55762,1
1787268600000,73177.1,73369.1,73043.0,73079.1,66120.0,66.1201,4837014.36106,1
1787269500000,73079.0,73117.8,72959.1,72996.8,38214.0,38.2146,2790877.86673,1
1787270400000,72992.4,73469.0,72992.4,73459.8,110839.0,110.839,8121309.90317,1
1787271300000,73451.8,73874.0,73317.4,73687.5,231449.0,231.4498,17046594.33742,1
1787272200000,73695.4,73969.4,73505.4,73660.0,75927.0,75.927,5598064.8544,1
1787273100000,73659.2,73829.4,73558.3,73676.3,25652.0,25.6524,1890315.44769,1
1787274000000,73682.0,73966.9,73653.2,73963.9,38339.0,38.3394,2831874.40563,1
1787274900000,73959.0,74872.0,73925.2,74700.0,429616.0,429.6162,31975093.21983,1
1787275800000,74701.1,75028.3,74514.8,74710.8,124030.0,124.0304,9275085.90783,1
1787276700000,74714.4,75760.0,74683.2,75113.2,256125.0,256.1256,19288201.04357,1
1787277600000,75108.8,75174.9,74651.6,74850.6,113004.0,113.0045,8465039.55799,1
1787278500000,74851.5,74973.8,74625.9,74949.7,42239.0,42.2395,3157704.38771,1
1787279400000,74949.6,75048.2,74567.2,74690.6,110006.0,110.0065,8224050.01568,1
1787280300000,74696.3,74700.0,74350.0,74410.5,151842.0,151.842,11307393.88648,1
1787281200000,74410.5,74468.9,74219.9,74420.0,61773.0,61.7732,4592045.87418,1
1787282100000,74420.0,74610.6,74288.0,74567.4,34331.0,34.3314,2557621.25952,1
1787283000000,74567.6,74700.1,74409.5,74639.8,27190.0,27.1908,2027027.824,1
1787283900000,74634.5,74833.2,74476.8,74482.9,33253.0,33.2531,2484829.46032,1
1787284800000,74490.4,74873.3,74490.4,74819.8,23313.0,23.3139,1742262.78805,1
1787285700000,74820.0,74915.4,74750.0,74766.8,37356.0,37.3561,2794808.07214,1
1787286600000,74766.8,74957.0,74744.4,74918.8,14703.0,14.7038,1101473.03781,1
1787287500000,74909.3,75000.0,74886.5,74986.4,34283.0,34.2833,2570297.90438,1
1787288400000,74989.2,75330.6,74872.0,75280.2,1652260.0,1652.2608,124119428.31726,1
1787289300000,75283.3,75458.0,75028.1,75166.4,47352.0,47.3525,3564649.02735,1
1787290200000,75166.3,75356.9,75070.1,75246.0,26787.0,26.7873,2014674.77197,1
1787291100000,75239.1,75433.1,75178.8,75433.0,27117.0,27.1176,2042118.85267,1
1787292000000,75420.9,75484.2,75233.8,75255.8,22444.0,22.4441,1691607.98281,1
1787292900000,75260.2,75479.8,75068.1,75304.4,22441.0,22.4411,1689781.09649,1
1787293800000,75304.4,75700.0,75291.1,75362.5,886002.0,886.0028,66950612.94231,1
1787294700000,75360.1,75601.0,75256.3,75601.0,16814.0,16.8144,1268177.14541,1
1787295600000,75613.1,75990.0,75583.1,75935.2,851527.0,851.5277,64647205.96146,1
1787296500000,75939.6,76885.8,75900.8,76375.1,811583.0,811.5837,62140731.87618,1
1787297400000,76374.8,76742.5,76257.0,76571.8,65304.0,65.304,4994999.69111,1
1787298300000,76573.1,76619.5,76212.4,76310.5,34341.0,34.3416,2623070.32158,1
1787299200000,76324.5,77200.1,76262.1,76883.6,135920.0,135.9201,10440698.82502,1
1787300100000,76888.6,77447.7,76839.0,77187.5,213374.0,213.3748,16449931.04881,1
1787301000000,77199.9,77797.5,77153.0,77637.3,301014.0,301.0144,23342953.12114,1
1787301900000,77629.3,79531.3,77580.1,79273.3,1078876.0,1078.8768,84716490.76548,1
1787302800000,79248.9,79356.4,77272.2,77891.4,450317.0,450.3173,35106709.64232,1
1787303700000,77891.4,77942.5,77462.4,77709.8,167279.0,167.2793,12993170.93922,1
1787304600000,77717.1,78346.7,77621.3,78190.8,231334.0,231.3341,18027622.87837,1
1787305500000,78190.0,78345.8,77550.0,77900.5,268482.0,268.4827,20868200.4255,1
1787306400000,77901.6,78097.4,77609.6,78034.7,152320.0,152.3203,11870397.59,1
1787307300000,78031.0,78243.5,77611.7,77919.9,143504.0,143.5048,11156595.84808,1
1787308200000,77916.9,77954.4,77625.0,77829.6,30589.0,30.5895,2378859.30619,1
1787309100000,77829.7,77986.6,77739.5,77803.2,21108.0,21.1088,1643116.12685,1
1787310000000,77810.0,77848.7,77327.2,77546.2,59213.0,59.2136,4592477.5374,1
1787310900000,77550.0,77669.9,77222.9,77414.2,54615.0,54.6157,4229175.22161,1
1787311800000,77425.0,77436.2,76421.4,76837.6,163265.0,163.2658,12549272.47974,1
1787312700000,76837.6,77043.3,76613.4,76748.8,66894.0,66.8944,5140017.35481,1
1787313600000,76764.5,77010.0,76559.2,76942.8,72842.0,72.842,5595245.07961,1
1787314500000,76938.9,76938.9,76659.7,76692.3,67549.0,67.5499,5191276.3555,1
1787315400000,76698.0,77441.4,76653.4,77420.0,207691.0,207.6912,16042139.2376,1
1787316300000,77406.0,77475.2,77104.4,77222.7,52754.0,52.7545,4075631.74354,1
1787317200000,77217.2,77397.0,77031.2,77195.5,78330.0,78.3307,6048267.18492,1
1787318100000,77195.4,77203.5,76840.1,77096.5,102456.0,102.4566,7884720.70691,1
1787319000000,77090.2,77316.1,76238.3,77282.9,258566.0,258.566,19830386.68362,1
1787319900000,77282.8,77706.6,77120.1,77244.4,208807.0,208.8078,16159301.09462,1
1787320800000,77240.3,77249.9,76680.0,76759.6,214147.0,214.1477,16493848.90719,1
1787321700000,76763.7,77194.0,76544.9,77060.1,89725.0,89.7256,6900231.35689,1
1787322600000,77060.0,77236.8,76861.6,77126.5,51038.0,51.0385,3933301.42969,1
1787323500000,77142.7,77444.8,77124.5,77395.3,47789.0,47.7894,3696730.47345,1
1787324400000,77408.3,77794.1,77321.8,77679.9,91339.0,91.3395,7087333.01831,1
1787325300000,77704.7,77871.9,77508.2,77599.9,60510.0,60.5102,4700151.29345,1
1787326200000,77599.9,77739.4,77467.2,77498.2,37543.0,37.5432,2912535.12356,1
1787327100000,77503.1,77539.1,77135.6,77222.6,139294.0,139.2942,10757731.74879,1
1787328000000,77208.7,77307.7,76845.0,76846.3,84426.0,84.426,6503385.04341,1
1787328900000,76844.9,77369.2,76776.3,77365.9,80034.0,80.0348,6172174.74662,1
1787329800000,77375.0,77393.7,77226.8,77349.9,24942.0,24.9429,1928158.03595,1
1787330700000,77350.2,77540.0,77300.9,77466.6,31785.0,31.7853,2460877.2434,1
1787331600000,77484.4,77701.8,77456.8,77547.0,37999.0,37.9994,2948024.84106,1
1787332500000,77546.9,77548.0,77174.0,77546.6,51649.0,51.6498,3995335.33421,1
1787333400000,77549.9,77639.1,77321.6,77363.2,37138.0,37.1385,2878634.35667,1
1787334300000,77373.9,77502.0,77299.0,77374.5,41030.0,41.0302,3173984.01122,1
1787335200000,77374.5,77529.1,77259.8,77304.2,30044.0,30.0443,2325941.55488,1
1787336100000,77308.2,77488.1,77243.9,77372.8,20176.0,20.1765,1561124.70755,1
1787337000000,77365.0,77427.0,76839.3,76909.8,72091.0,72.0915,5556100.74923,1
1787337900000,76907.9,77099.9,76585.6,77099.9,130695.0,130.6952,10037194.19809,1
1787338800000,77099.8,77157.2,76817.6,77109.3,85552.0,85.5524,6589520.64726,1
1787339700000,77109.3,77293.8,76934.2,77293.8,39393.0,39.3939,3038434.84831,1
1787340600000,77285.7,77320.1,77061.8,77138.0,21727.0,21.7273,1677448.53937,1
1787341500000,77143.2,77205.8,76974.8,76985.3,12565.0,12.5652,968666.57571,1
1787342400000,76990.2,77270.0,76815.6,77244.2,51454.0,51.4545,3965332.19096,1
1787343300000,77243.0,77500.0,77243.0,77456.8,42197.0,42.1979,3266477.50782,1
1787344200000,77452.6,77496.5,77316.4,77432.4,17788.0,17.7881,1377295.8821,1
1787345100000,77439.3,77514.5,77275.6,77480.0,17701.0,17.7014,1370665.8103,1
1787346000000,77480.1,77770.0,77347.1,77654.3,74623.0,74.6235,5792156.54914,1
1787346900000,77650.2,78185.1,77559.4,78074.1,122379.0,122.3795,9532421.02916,1
1787347800000,78074.2,78485.6,77956.4,78200.0,106327.0,106.3273,8312508.61284,1
1787348700000,78225.3,78655.0,78194.4,78491.4,98587.0,98.5872,7732764.02932,1
1787349600000,78478.5,78741.0,78150.0,78725.8,133906.0,133.9063,10507055.24973,1
1787350500000,78712.2,78714.4,78341.1,78482.4,72363.0,72.3635,5685075.03668,1
1787351400000,78504.1,78557.7,78077.3,78496.6,61416.0,61.4161,4811313.18593,1
1787352300000,78488.5,78605.2,78231.9,78432.4,46703.0,46.7035,3662459.43731,1
1787353200000,78420.0,78600.1,78317.4,78520.1,11239.0,11.2396,881581.58614,1
1787354100000,78520.0,78694.4,78330.6,78383.8,50244.0,50.2442,3945789.10055,1
1787355000000,78400.0,78485.5,78121.6,78353.4,41194.0,41.1948,3223871.71546,1
1787355900000,78353.4,78367.9,78103.8,78302.8,23304.0,23.3041,1823504.4877,1
1787356800000,78302.8,78475.5,77718.2,77888.7,84591.0,84.5914,6591007.20552,1
1787357700000,77888.6,78076.9,77833.1,77898.8,35225.0,35.2259,2748331.19941,1
1787358600000,77896.2,78032.1,77728.1,77803.9,40083.0,40.0838,3120202.57027,1
1787359500000,77815.2,77951.1,77653.7,77917.9,28884.0,28.8844,2246978.43371,1
1787360400000,77921.6,78186.3,77879.7,78076.7,35064.0,35.0645,2737177.49716,1
1787361300000,78076.7,78142.3,77870.2,77991.4,26916.0,26.9167,2098617.87282,1
1787362200000,77991.4,78219.9,77875.8,77892.7,22296.0,22.2967,1741245.12688,1
1787363100000,77892.0,77984.3,77788.6,77810.1,21056.0,21.056,1639419.22527,1
1787364000000,77813.4,78078.0,77770.0,78029.5,16918.0,16.9188,1318700.21262,1
1787364900000,78029.5,78464.7,78012.5,78357.7,29686.0,29.686,2323207.71947,1
1787365800000,78355.4,78490.0,78144.5,78490.0,51574.0,51.5742,4039927.00385,1
1787366700000,78490.0,78547.8,78288.5,78463.7,18252.0,18.2528,1431600.30313,1
1787367600000,78465.3,78690.4,78355.9,78378.8,29317.0,29.3179,2302728.98605,1
1787368500000,78378.1,78780.0,78350.0,78749.2,20960.0,20.96,1648104.86502,1
1787369400000,78745.9,78841.6,78535.0,78627.8,29505.0,29.5054,2321740.27223,1
1787370300000,78629.8,78676.8,78380.1,78394.9,18231.0,18.2312,1431261.79294,1
1787371200000,78415.0,78456.5,78229.0,78384.3,23081.0,23.0816,1808187.05114,1
1787372100000,78353.8,78576.4,78188.0,78576.4,24919.0,24.9191,1953213.20578,1
1787373000000,78579.9,78798.9,78506.6,78645.0,120855.0,120.8554,9502331.02764,1
1787373900000,78638.3,78681.6,78453.2,78453.2,31698.0,31.6989,2490167.28234,1
1787374800000,78450.4,78584.8,76513.1,77328.0,182389.0,182.3898,14137111.69395,1
1787375700000,77310.9,77528.4,76741.3,77297.1,117033.0,117.0339,9019566.1967,1
1787376600000,77290.1,77565.7,76923.1,77172.6,49902.0,49.9029,3852326.14082,1
1787377500000,77172.7,77497.8,77060.8,77365.3,20236.0,20.2369,1564591.19767,1
1787378400000,77350.1,77436.1,77139.0,77162.4,28861.0,28.8612,2229861.89088,1
1787379300000,77171.0,77378.2,77171.0,77234.4,14200.0,14.2009,1097441.78082,1
1787380200000,77231.9,77564.2,76963.5,77404.8,41552.0,41.5528,3213763.51861,1
1787381100000,77400.0,77532.8,77378.5,77480.3,11163.0,11.1632,864643.67336,1
1787382000000,77475.1,77671.4,77261.8,77350.4,41287.0,41.2871,3200333.57754,1
1787382900000,77383.6,77479.1,77211.8,77470.9,29805.0,29.8057,2305200.89739,1
1787383800000,77474.3,77497.0,77285.6,77402.3,7968.0,7.9687,616920.53024,1
1787384700000,77402.4,77427.2,77258.6,77278.8,9451.0,9.4516,730869.48347,1
1787385600000,77300.0,77420.4,77176.9,77409.1,16952.0,16.952,1310469.03601,1
1787386500000,77419.0,77426.7,77094.8,77204.9,25765.0,25.7657,1989435.55452,1
1787387400000,77204.9,77305.7,77030.3,77283.7,26764.0,26.7645,2063959.0555,1
1787388300000,77271.4,77271.4,77098.9,77193.4,22921.0,22.9213,1769385.21152,1
1787389200000,77199.9,77350.1,77043.4,77350.1,17850.0,17.8506,1378340.14376,1
1787390100000,77350.1,77368.0,77150.1,77189.4,15249.0,15.2491,1178247.39737,1
1787391000000,77189.3,77228.0,77133.0,77187.6,12045.0,12.0459,929594.90921,1
1787391900000,77183.2,77183.2,76814.8,77043.2,68697.0,68.6974,5287581.54652,1
1787392800000,77043.3,77059.5,76666.9,76702.9,44245.0,44.245,3399177.28318,1
1787393700000,76705.3,76952.3,76532.3,76931.7,100618.0,100.6184,7718751.2629,1
1787394600000,76939.5,77176.6,76861.8,77169.5,71987.0,71.9877,5544386.79207,1
1787395500000,77169.5,77186.5,76900.0,76984.1,19969.0,19.9696,1538190.76806,1
1787396400000,76986.5,77078.9,76827.0,76881.1,30395.0,30.3951,2338023.7719,1
1787397300000,76877.1,76992.9,76818.7,76988.0,26713.0,26.7135,2053947.91074,1
1787398200000,76988.6,77182.8,76954.2,77182.8,29559.0,29.5598,2279500.91561,1
1787399100000,77180.1,77222.0,77075.2,77133.9,35931.0,35.9315,2770987.7287,1
1787400000000,77137.8,77294.0,77081.7,77238.1,28710.0,28.7106,2216802.90969,1
1787400900000,77251.4,77344.8,77202.8,77330.0,40990.0,40.9902,3167306.77234,1
1787401800000,77329.9,77349.9,77205.0,77341.6,22438.0,22.4389,1733697.96997,1
1787402700000,77337.1,77373.7,77254.8,77295.7,11711.0,11.7114,905579.70747,1
1787403600000,77299.6,77318.2,77187.5,77222.6,9584.0,9.5847,740398.46048,1
1787404500000,77230.3,77258.3,77125.1,77175.4,12546.0,12.5468,968336.34839,1
1787405400000,77183.4,77206.7,77125.1,77165.8,9128.0,9.1284,704371.85707,1
1787406300000,77165.9,77370.1,77149.4,77290.6,12607.0,12.6071,974778.10551,1
1787407200000,77290.5,77319.9,76962.5,77034.8,21815.0,21.8157,1681597.37695,1
1787408100000,77044.4,77107.7,76970.0,77107.7,21414.0,21.4149,1649585.12385,1
1787409000000,77107.7,77165.0,76973.2,76973.3,16945.0,16.9454,1305936.58995,1
1787409900000,76973.3,77080.0,76936.1,77018.6,16045.0,16.0451,1235418.28557,1
1787410800000,77030.0,77100.0,76951.0,76951.1,16029.0,16.029,1234564.7912,1
1787411700000,76951.1,77034.6,76900.2,77001.8,13858.0,13.8589,1066843.04171,1
1787412600000,76994.0,77111.2,76994.0,77064.2,21654.0,21.6544,1667987.39491,1
1787413500000,77082.7,77111.2,76923.0,76990.2,14077.0,14.0773,1084048.78217,1
1787414400000,76990.2,77084.7,76969.6,77069.1,21641.0,21.6416,1667385.8742,1
1787415300000,77069.1,77255.0,77057.0,77209.8,20484.0,20.4843,1581425.8923,1
1787416200000,77209.1,77484.7,77195.1,77409.5,28882.0,28.8822,2233880.98752,1
1787417100000,77405.5,77567.6,77297.9,77299.0,43012.0,43.0129,3332660.85548,1
1787418000000,77299.0,77349.9,77256.9,77297.0,38554.0,38.5547,2980486.48928,1
1787418900000,77297.0,77360.5,77081.1,77103.7,14484.0,14.4846,1118788.06887,1
1787419800000,77113.9,77234.0,77113.9,77234.0,13746.0,13.7467,1061051.55376,1
1787420700000,77234.0,77389.6,77234.0,77289.2,12428.0,12.4283,960953.92321,1
1787421600000,77289.2,77370.8,77229.8,77253.7,7663.0,7.6637,592591.83139,1
1787422500000,77253.7,77354.5,77253.7,77300.0,4098.0,4.0989,316935.12089,1
1787423400000,77308.7,77340.0,77234.6,77234.6,4010.0,4.0106,309970.37971,1
1787424300000,77234.6,77276.5,77145.3,77276.5,17352.0,17.3524,1339381.74044,1
1787425200000,77276.5,77346.5,77213.0,77337.4,6720.0,6.7205,519363.38787,1
1787426100000,77334.7,77350.0,77256.4,77295.1,6777.0,6.7777,523989.24801,1
1787427000000,77295.1,77435.3,77295.1,77435.3,6330.0,6.3309,489838.15935,1
1787427900000,77436.1,77480.0,77419.0,77422.3,14488.0,14.4889,1122264.56878,1
1787428800000,77426.2,77473.3,77369.2,77419.3,5901.0,5.9018,456923.42086,1
1787429700000,77419.3,77437.1,77304.7,77304.7,6494.0,6.4947,502308.99586,1
1787430600000,77304.7,77418.2,77283.2,77360.0,10903.0,10.9039,843249.22123,1
1787431500000,77360.0,77393.3,77283.8,77338.5,4660.0,4.6601,360425.46372,1
1787432400000,77338.5,77338.5,77041.9,77054.2,36429.0,36.4299,2809705.44163,1
1787433300000,77059.0,77216.6,77059.0,77187.1,18301.0,18.3017,1412645.06382,1
1787434200000,77187.1,77203.3,76922.1,77033.6,21351.0,21.3516,1644551.92844,1
1787435100000,77040.4,77040.6,76823.8,76862.8,27895.0,27.8956,2145540.02065,1
1787436000000,76847.1,77158.0,76771.9,77109.0,68527.0,68.5275,5268046.5156,1
1787436900000,77118.7,77150.0,77052.9,77056.9,7798.0,7.7983,601421.82172,1
1787437800000,77056.9,77076.9,76875.3,77049.1,17766.0,17.7661,1368092.69289,1
1787438700000,77061.5,77142.9,76966.7,77000.8,6975.0,6.975,537471.60716,1
1787439600000,77000.8,77090.0,76950.0,76981.7,8690.0,8.6904,669457.67746,1
1787440500000,76989.9,77034.4,76951.0,76956.3,3668.0,3.6689,282449.71321,1
1787441400000,76956.4,77043.9,76905.4,77026.5,6948.0,6.9489,534887.42897,1
1787442300000,77024.2,77138.7,77015.2,77085.8,33419.0,33.4194,2576943.72031,1
1787443200000,77095.4,77152.8,77069.2,77102.3,6393.0,6.3939,493125.25208,1
1787444100000,77088.6,77264.6,77064.0,77234.4,14301.0,14.3015,1103735.14158,1
1787445000000,77237.9,77362.3,77234.1,77288.8,20409.0,20.4097,1577629.72142,1
1787445900000,77284.9,77362.0,77261.6,77308.0,5840.0,5.8402,451578.56461,1
1787446800000,77306.0,77423.6,77193.0,77423.5,10607.0,10.6077,819670.60442,1
1787447700000,77423.8,77423.8,77270.9,77277.7,5617.0,5.6172,434312.37986,1
1787448600000,77291.5,77322.9,77180.2,77254.3,5906.0,5.9064,456217.268,1
1787449500000,77254.3,77333.3,77174.8,77204.6,3245.0,3.2451,250740.89881,1
1787450400000,77204.6,77219.6,77063.7,77063.8,7705.0,7.7057,594376.44904,1
1787451300000,77063.9,77148.4,77026.8,77124.7,10925.0,10.925,842072.89655,1
1787452200000,77126.7,77220.0,77123.3,77189.0,10422.0,10.4226,804538.39195,1
1787453100000,77189.1,77220.6,77076.1,77079.0,6529.0,6.529,503722.20301,1
1787454000000,77074.7,77128.5,77020.0,77094.4,35771.0,35.7715,2757205.25842,1
1787454900000,77094.4,77156.0,76995.9,76995.9,8931.0,8.9318,688377.47553,1
1787455800000,76992.9,77004.6,76850.1,76866.6,16450.0,16.4502,1265452.73552,1
1787456700000,76863.1,76997.9,76863.1,76941.1,22619.0,22.6194,1740684.76645,1
1787457600000,76941.2,77026.8,76684.9,77006.7,28135.0,28.1353,2161108.99889,1
1787458500000,77009.9,77047.0,76813.6,76968.1,9884.0,9.8842,760299.17525,1
1787459400000,76968.1,76978.2,76828.6,76829.8,7404.0,7.4045,569097.03268,1
1787460300000,76829.8,76829.8,76495.6,76612.7,49026.0,49.0262,3757123.18492,1
1787461200000,76582.4,76733.1,75798.2,75858.0,230212.0,230.2125,17531646.93371,1
1787462100000,75912.2,76346.2,75601.8,76243.9,149769.0,149.7696,11377538.38154,1
1787463000000,76229.1,76344.0,76108.3,76176.0,40520.0,40.5203,3088926.50503,1
1787463900000,76189.2,76263.0,76047.8,76065.7,47089.0,47.0899,3586398.30016,1
1787464800000,76085.7,76178.6,75879.0,76095.5,43932.0,43.9326,3340487.01581,1
1787465700000,76086.3,76317.1,76086.3,76240.0,32251.0,32.2514,2457754.71863,1
1787466600000,76240.0,76365.8,76183.1,76261.0,29538.0,29.5389,2254380.77222,1
1787467500000,76277.3,76285.0,76034.9,76099.3,40678.0,40.6789,3098796.56131,1
1787468400000,76116.6,76326.3,76038.0,76309.8,38021.0,38.0215,2896135.45611,1
1787469300000,76309.4,76368.7,76232.4,76232.4,10240.0,10.2401,781572.86062,1
1787470200000,76232.4,76241.7,76062.5,76062.5,10892.0,10.8929,829367.82733,1
1787471100000,76062.5,76153.8,75923.3,76015.9,33410.0,33.4101,2540301.69908,1
1787472000000,76016.2,76296.7,75966.7,76214.0,20941.0,20.9411,1594298.29334,1
1787472900000,76214.0,76310.9,76211.9,76245.9,10599.0,10.5993,808293.9525,1
1787473800000,76245.9,76683.0,76244.7,76529.3,65495.0,65.4954,5005110.72824,1
1787474700000,76524.4,76626.5,76459.1,76500.0,10321.0,10.3217,789806.06983,1
1787475600000,76493.2,76648.7,76475.4,76593.8,19223.0,19.2239,1472612.69212,1
1787476500000,76586.4,76619.4,76478.4,76555.1,3664.0,3.6641,280442.55595,1
1787477400000,76548.4,76584.0,76479.9,76568.1,10434.0,10.4342,798383.36292,1
1787478300000,76570.0,76647.3,76514.7,76543.9,7577.0,7.5774,580415.99635,1
1787479200000,76542.5,76725.0,76539.3,76650.8,16808.0,16.8085,1288192.80772,1
1787480100000,76661.2,76930.5,76640.5,76752.4,221342.0,221.3425,16986173.33476,1
1787481000000,76752.5,76922.8,76750.0,76856.7,12006.0,12.0064,922517.81126,1
1787481900000,76856.7,76877.6,76776.9,76784.4,4597.0,4.5979,353186.41213,1
1787482800000,76799.2,76885.5,76742.6,76885.5,8971.0,8.9716,689250.90623,1
1787483700000,76885.5,77319.3,76819.5,77161.2,57680.0,57.6801,4449624.86113,1
1787484600000,77161.1,77379.2,77139.9,77262.8,90658.0,90.6582,7000016.29955,1
1787485500000,77269.8,77400.0,77178.4,77296.0,129364.0,129.3646,10001681.4887,1
1787486400000,77298.5,77298.5,77014.0,77082.3,23056.0,23.0561,1777477.39076,1
1787487300000,77075.8,77130.0,77015.9,77035.1,16484.0,16.4846,1270656.97502,1
1787488200000,77045.9,77243.8,77045.9,77228.4,11109.0,11.1099,857126.43838,1
1787489100000,77228.4,77258.8,77160.0,77205.1,8797.0,8.7975,679251.97734,1
1787490000000,77203.0,77333.3,77189.8,77323.3,32652.0,32.652,2523035.21672,1
1787490900000,77323.3,77771.6,77323.3,77428.8,97388.0,97.3886,7551308.4479,1
1787491800000,77427.5,77599.6,77347.0,77507.9,32618.0,32.6185,2526395.64259,1
1787492700000,77500.1,77548.8,77360.0,77471.8,16872.0,16.872,1306745.0751,1
1787493600000,77471.8,77596.1,77326.2,77538.2,31467.0,31.4673,2438644.21504,1
1787494500000,77538.2,77636.3,77410.0,77431.1,17858.0,17.8589,1384149.25804,1
1787495400000,77410.0,77473.9,76781.7,77005.1,251085.0,251.0855,19326293.88784,1
1787496300000,77020.0,77294.1,77011.0,77154.9,42879.0,42.8794,3308209.52897,1
1787497200000,77196.3,77319.0,77062.9,77150.0,23812.0,23.8128,1838947.31012,1
1787498100000,77150.0,77209.9,76907.8,77178.9,144044.0,144.0449,11116351.30976,1
1787499000000,77187.6,77292.5,77115.5,77248.2,110524.0,110.5247,8532598.03585,1
1787499900000,77244.7,77244.7,77115.5,77136.1,11080.0,11.0803,854999.23563,1
1787500800000,77136.1,77273.9,77136.0,77250.7,15660.0,15.6607,1209430.30294,1
1787501700000,77250.2,77295.7,77191.2,77295.7,141397.0,141.3976,10926487.49099,1
1787502600000,77295.7,77411.0,77286.3,77360.0,22672.0,22.6726,1753492.24914,1
1787503500000,77360.2,77436.2,77326.3,77400.1,134625.0,134.6254,10419627.59342,1
1787504400000,77400.1,77420.0,77133.1,77260.2,18442.0,18.4429,1424729.64161,1
1787505300000,77264.5,77354.6,77170.0,77231.9,19169.0,19.1695,1481130.05336,1
1787506200000,77231.9,77295.8,77133.5,77211.5,15917.0,15.9172,1229429.12463,1
1787507100000,77236.5,77299.0,77163.5,77163.5,9723.0,9.7233,750802.50676,1
1787508000000,77163.6,77372.8,77074.8,77320.2,19034.0,19.0346,1469168.22755,1
1787508900000,77310.1,77372.8,77236.0,77321.3,6986.0,6.9862,540220.84759,1
1787509800000,77321.3,77340.5,77271.2,77304.8,11735.0,11.7352,907178.51324,1
1787510700000,77310.1,77317.6,77238.4,77317.6,5814.0,5.8143,449277.30958,1
1787511600000,77324.9,77381.9,77221.8,77279.9,8203.0,8.2031,634117.32806,1
1787512500000,77279.9,77368.8,77270.8,77328.9,7152.0,7.1524,553045.80689,1
1787513400000,77328.9,77419.5,77234.1,77414.7,6494.0,6.4949,502261.89918,1
1787514300000,77404.3,77453.5,77300.0,77305.0,11121.0,11.1219,860582.73268,1
1787515200000,77305.0,77305.0,77167.3,77249.4,12822.0,12.8221,990114.94867,1
1787516100000,77249.4,77389.6,77242.3,77353.0,8327.0,8.3279,644074.56254,1
1787517000000,77364.3,77422.3,77348.8,77391.2,78738.0,78.7386,6091809.87122,1
1787517900000,77391.2,77409.4,77360.1,77376.7,7023.0,7.0234,543515.80117,1
1787518800000,77381.9,77677.0,77381.9,77670.0,65945.0,65.9452,5116362.43994,1
1787519700000,77670.2,78009.9,77670.1,78000.7,90319.0,90.3197,7034112.16965,1
1787520600000,78000.8,78013.7,77527.7,77614.1,56843.0,56.8431,4423932.51512,1
1787521500000,77614.1,77841.6,77614.1,77808.7,41289.0,41.2897,3210704.27029,1
1787522400000,77815.8,77945.7,77561.5,77667.2,40976.0,40.976,3184888.52669,1
1787523300000,77668.7,77796.0,77611.3,77640.6,18415.0,18.4154,1430685.53452,1
1787524200000,77640.6,77705.8,77580.0,77621.8,18141.0,18.1415,1408460.28732,1
1787525100000,77621.8,77690.7,77537.3,77578.4,23062.0,23.062,1789962.6336,1
1787526000000,77577.9,77590.0,77260.3,77449.9,35235.0,35.2351,2727375.33511,1
1787526900000,77459.7,77645.5,77427.3,77645.5,11500.0,11.5003,891680.82874,1
1787527800000,77647.1,77788.3,77386.8,77449.8,43478.0,43.4788,3372433.3481,1
1787528700000,77449.8,77770.1,77449.8,77719.0,16051.0,16.0514,1245474.5143,1
1787529600000,77716.4,77727.3,77483.9,77606.3,25611.0,25.6116,1988010.53189,1
1787530500000,77609.7,77610.1,77243.2,77399.7,18487.0,18.4878,1430534.7723,1
1787531400000,77400.0,77563.1,77203.0,77217.2,23645.0,23.6458,1829203.53003,1
1787532300000,77217.1,77663.0,77132.3,77658.4,34184.0,34.1841,2643946.11481,1
1787533200000,77663.0,77690.9,77427.2,77427.3,25761.0,25.7615,1996443.64097,1
1787534100000,77427.4,77452.5,77207.0,77225.6,9951.0,9.9514,769516.43242,1
1787535000000,77225.1,77356.7,77151.6,77199.9,22189.0,22.1898,1713563.21669,1
1787535900000,77196.1,77250.0,76893.6,76896.4,38002.0,38.0022,2927799.20918,1
1787536800000,76896.3,77396.6,76858.2,77353.5,34772.0,34.7727,2679456.91078,1
1787537700000,77351.6,77496.1,77351.6,77427.3,27946.0,27.946,2163429.85898,1
1787538600000,77427.3,77520.2,77380.5,77426.4,19546.0,19.5464,1514173.7563,1
1787539500000,77425.2,77502.9,77214.3,77457.6,17783.0,17.7833,1375350.69783,1
1787540400000,77461.6,77515.2,77201.8,77201.8,10281.0,10.2817,794659.68617,1
1787541300000,77200.0,77258.2,77120.0,77120.0,7202.0,7.2027,555967.96225,1
1787542200000,77122.0,77137.3,76955.0,76973.9,14586.0,14.5864,1124145.71177,1
1787543100000,76974.0,77149.9,76917.3,76925.3,10105.0,10.1051,778379.69949,1
1787544000000,76926.1,77092.9,76926.1,77025.0,11635.0,11.635,896320.71185,1
1787544900000,77028.7,77249.0,77028.7,77216.2,17131.0,17.1318,1322319.9374,1
1787545800000,77219.9,77229.1,77064.5,77106.4,16870.0,16.8705,1301815.47471,1
1787546700000,77106.4,77130.5,76666.6,76889.6,47994.0,47.9948,3685581.94335,1
1787547600000,76889.8,77209.9,76829.9,77209.6,17608.0,17.6081,1355442.79506,1
1787548500000,77210.0,77211.6,76943.4,77047.4,9475.0,9.4752,730347.96233,1
1787549400000,77034.9,77172.7,76840.7,77079.9,12729.0,12.7292,980085.05099,1
1787550300000,77079.9,77166.4,76989.8,77139.3,7185.0,7.1852,553847.58644,1
1787551200000,77132.1,77424.2,77057.6,77400.1,20791.0,20.7912,1606651.5865,1
1787552100000,77378.5,77445.4,77300.0,77350.1,14833.0,14.8331,1147404.00816,1
1787553000000,77340.1,77365.0,77227.0,77335.2,5684.0,5.6844,439192.35684,1
1787553900000,77331.2,77513.5,77326.3,77442.3,13047.0,13.0477,1010569.80696,1
1787554800000,77448.7,77788.3,77442.3,77738.8,70996.0,70.9968,5509406.94566,1
1787555700000,77738.9,77738.9,77533.4,77574.5,10727.0,10.7275,832788.3385,1
1787556600000,77583.5,77583.5,77335.7,77335.7,11691.0,11.691,905724.78547,1
1787557500000,77337.0,77420.0,77280.2,77298.8,7332.0,7.332,567027.41997,1
1787558400000,77314.9,77383.9,77210.5,77241.1,14608.0,14.6086,1129063.74306,1
1787559300000,77233.1,77233.1,76819.9,76909.5,27933.0,27.9335,2151530.46476,1
1787560200000,76909.5,77108.3,76900.1,77105.8,13009.0,13.0095,1002021.76079,1
1787561100000,77110.9,77132.5,77000.0,77032.9,18735.0,18.7353,1443860.79329,1
1787562000000,77012.8,77280.9,77012.8,77271.7,30836.0,30.8363,2379681.73937,1
1787562900000,77271.6,77409.9,77204.8,77409.9,16868.0,16.8689,1304296.59174,1
1787563800000,77409.9,77491.8,77386.4,77460.0,11460.0,11.4606,887439.92057,1
1787564700000,77460.0,77581.0,77435.7,77546.2,21112.0,21.1124,1636690.97485,1
1787565600000,77546.2,77869.1,77525.5,77837.1,40963.0,40.9635,3183263.90873,1
1787566500000,77830.4,77933.0,77753.0,77833.9,17542.0,17.5421,1366009.46004,1
1787567400000,77845.1,78011.0,77704.0,77720.0,35486.0,35.4865,2765140.69218,1
1787568300000,77719.9,77819.6,77539.5,77610.5,13549.0,13.5495,1052274.41699,1
1787569200000,77619.8,77846.3,77450.1,77810.1,29815.0,29.8153,2315452.14214,1
1787570100000,77803.4,77873.9,77713.7,77820.9,18343.0,18.3431,1427299.01444,1
1787571000000,77817.2,78564.4,77801.5,78557.6,173897.0,173.8972,13627328.51424,1
1787571900000,78557.7,78589.3,78083.1,78434.4,55706.0,55.7061,4360022.99219,1
1787572800000,78429.3,78429.3,78090.7,78127.1,19092.0,19.0929,1493113.39171,1
1787573700000,78127.1,78488.8,77952.1,78436.4,41906.0,41.9065,3280421.10987,1
1787574600000,78427.2,78870.7,78360.7,78711.3,91735.0,91.7358,7214270.78529,1
1787575500000,78711.3,79304.0,78699.0,79136.2,147225.0,147.2252,11645230.88219,1
1787576400000,79136.2,79400.0,78938.9,79199.9,131116.0,131.1169,10378348.69672,1
1787577300000,79204.3,79220.0,78855.0,78987.0,1003532.0,1003.5321,79376046.13507,1
1787578200000,78987.0,79007.8,78177.7,78268.9,114270.0,114.2708,8979442.21026,1
1787579100000,78253.4,78590.0,77840.6,78561.9,931473.0,931.4739,72880363.82852,1
1787580000000,78565.2,79213.2,78556.8,79173.7,111397.0,111.397,8786323.00305,1
1787580900000,79173.6,79635.9,78853.2,79354.1,1797236.0,1797.2363,142309424.58715,1
1787581800000,79356.4,79811.2,79300.0,79630.0,630596.0,630.5968,50196238.67385,1
1787582700000,79630.1,79744.7,79243.0,79481.1,87751.0,87.7519,6972501.66285,1
1787583600000,79488.0,79691.0,79329.6,79519.3,65122.0,65.1225,5180232.39572,1
1787584500000,79519.3,79962.0,79500.1,79862.6,104879.0,104.8791,8369978.43978,1
1787585400000,79851.4,79962.6,78976.5,79266.3,290724.0,290.7242,23097978.93682,1
1787586300000,79250.9,79519.2,78804.9,79053.0,157816.0,157.8169,12502391.7755,1
1787587200000,79053.2,79490.0,79053.2,79448.6,106147.0,106.1478,8420286.35638,1
1787588100000,79444.5,79830.8,79444.5,79632.1,65878.0,65.8785,5251106.4453,1
1787589000000,79629.5,79739.3,79337.8,79339.2,75203.0,75.2035,5981071.07384,1
1787589900000,79337.9,79366.9,78864.1,79022.0,70276.0,70.276,5559286.38347,1
1787590800000,79030.3,79161.0,78561.2,79071.8,456814.0,456.8149,36058025.96982,1
1787591700000,79055.2,79142.7,78432.6,78504.9,622234.0,622.2348,48920938.77232,1
1787592600000,78505.1,78818.8,78444.7,78603.0,85423.0,85.4239,6713666.29372,1
1787593500000,78603.1,78788.2,78528.5,78720.0,28408.0,28.4084,2234387.0918,1
1787594400000,78730.8,78979.0,78715.9,78973.0,47089.0,47.0894,3713678.24167,1
1787595300000,78973.0,79035.9,78900.0,78964.0,23681.0,23.6815,1870473.71997,1
1787596200000,78978.3,79033.0,78686.3,78928.6,38326.0,38.3266,3023026.29661,1
1787597100000,78928.5,79049.8,78820.0,78899.9,24879.0,24.8792,1964212.29736,1
1787598000000,78912.0,79081.0,78745.7,78990.3,21035.0,21.0351,1660752.7276,1
1787598900000,78981.0,78996.1,78570.8,78834.9,25300.0,25.3007,1992377.47039,1
1787599800000,78839.9,78915.6,78714.9,78838.1,14307.0,14.3079,1127895.3918,1
1787600700000,78843.9,78848.3,78559.5,78723.4,27502.0,27.5026,2162658.73056,1
1787601600000,78735.3,78784.5,78520.3,78650.7,23516.0,23.5161,1848885.24731,1
1787602500000,78648.1,78750.0,78580.2,78663.5,18679.0,18.679,1469773.14637,1
1787603400000,78665.7,78961.2,78607.1,78873.6,29330.0,29.3306,2312670.17833,1
1787604300000,78858.1,78906.6,78794.1,78893.2,17243.0,17.2436,1359759.17167,1
1787605200000,78893.2,79010.0,78893.2,78994.5,27530.0,27.5305,2174248.55165,1
1787606100000,78995.0,78999.9,78812.4,78890.8,60635.0,60.6359,4783297.69972,1
1787607000000,78893.9,78988.0,78880.4,78950.0,24294.0,24.2943,1917519.13479,1
1787607900000,78949.9,79008.7,78885.9,78944.3,20519.0,20.5197,1619815.83066,1
1787608800000,78944.3,78952.2,78790.0,78835.0,29506.0,29.5064,2326610.7876,1
1787609700000,78826.1,78895.9,78726.0,78743.7,14901.0,14.9019,1174350.49982,1
1787610600000,78743.7,78883.8,78712.7,78720.7,14975.0,14.9758,1180631.37655,1
1787611500000,78720.7,78805.0,78667.3,78703.8,18691.0,18.691,1471911.28359,1
1787612400000,78703.9,78780.5,78581.2,78709.2,12135.0,12.1356,955154.95384,1
1787613300000,78709.2,78941.9,78705.3,78859.8,12986.0,12.9864,1023656.27799,1
1787614200000,78859.9,78943.3,78828.5,78928.1,5223.0,5.2231,412039.37828,1
1787615100000,78928.1,78964.2,78792.3,78952.9,8261.0,8.2613,651872.41281,1
1787616000000,78952.8,79031.5,78861.0,78925.8,22101.0,22.1017,1745209.94947,1
1787616900000,78920.2,78920.2,78675.7,78758.8,14250.0,14.2506,1122639.87941,1
1787617800000,78751.5,79330.6,78708.4,79330.6,104929.0,104.9294,8311318.48677,1
1787618700000,79330.5,79858.0,79303.1,79695.3,124296.0,124.2969,9896117.18676,1
1787619600000,79703.2,79952.1,79580.3,79621.0,54206.0,54.2063,4325562.54328,1
1787620500000,79619.8,79937.8,79457.5,79790.4,36396.0,36.396,2901125.19792,1
1787621400000,79790.4,79892.0,79634.5,79670.4,28806.0,28.8065,2297216.75383,1
1787622300000,79678.1,79822.3,79490.1,79801.3,30448.0,30.4482,2425237.6434,1
1787623200000,79812.1,79897.3,79711.6,79845.0,21985.0,21.9854,1754492.70546,1
1787624100000,79833.3,81163.1,79799.6,80997.5,333493.0,333.4938,26909639.54988,1
1787625000000,80961.3,81260.0,80752.0,80801.3,130561.0,130.5617,10574201.58564,1
1787625900000,80801.3,80829.0,80408.7,80630.4,107906.0,107.906,8699548.73151,1
1787626800000,80638.7,80927.5,80580.0,80770.4,84436.0,84.4367,6823702.95729,1
1787627700000,80755.6,80777.9,80500.0,80588.2,32577.0,32.5779,2628113.68846,1
1787628600000,80611.5,80857.5,80514.8,80564.4,30469.0,30.4693,2459845.57326,1
1787629500000,80559.9,80653.0,80292.6,80467.0,63536.0,63.5369,5113283.9587,1
1787630400000,80466.9,80584.9,80233.2,80471.7,39404.0,39.4047,3169511.12816,1
1787631300000,80475.3,80476.0,80217.7,80237.0,28918.0,28.9184,2322902.01232,1
1787632200000,80237.0,80370.0,80129.7,80211.6,31905.0,31.9057,2561176.17133,1
1787633100000,80217.1,80349.9,80200.1,80348.8,14348.0,14.3489,1151687.98812,1
1787634000000,80348.9,80553.7,80302.0,80536.1,34031.0,34.0316,2738619.44719,1
1787634900000,80513.0,80726.3,80459.1,80621.8,18059.0,18.0591,1455388.92823,1
1787635800000,80631.1,80795.8,80575.9,80682.6,71939.0,71.9393,5808656.51983,1
1787636700000,80682.6,80774.1,80624.2,80709.8,34225.0,34.225,2762520.91979,1
1787637600000,80709.8,80838.0,80660.0,80812.8,23351.0,23.3516,1885271.5856,1
1787638500000,80813.7,80900.6,80720.7,80731.2,46699.0,46.6991,3773108.37637,1
1787639400000,80730.5,80730.5,80483.5,80509.3,43744.0,43.7447,3525043.83874,1
1787640300000,80509.4,80549.0,80386.4,80548.9,26302.0,26.3028,2116563.13561,1
1787641200000,80549.0,80786.5,80521.0,80700.0,23950.0,23.9507,1931924.75499,1
1787642100000,80700.0,80724.6,80588.0,80640.4,13402.0,13.4024,1080699.49975,1
1787643000000,80637.5,80668.5,80459.1,80489.9,14703.0,14.7037,1183836.71158,1
1787643900000,80493.5,80507.8,79325.4,79670.9,213351.0,213.3516,16991722.18585,1
1787644800000,79677.2,79941.2,79600.0,79890.0,42208.0,42.2084,3367479.17342,1
1787645700000,79890.0,80211.2,79889.3,80156.6,47270.0,47.27,3784862.47853,1
1787646600000,80170.0,80211.2,79875.6,80073.5,646631.0,646.6313,51837102.89627,1
1787647500000,80077.1,80090.2,79800.1,79898.9,43023.0,43.0239,3436592.83018,1
1787648400000,79903.3,79920.1,79685.0,79810.9,81667.0,81.667,6514908.45818,1
1787649300000,79810.9,79925.0,79746.8,79790.0,16012.0,16.0127,1278126.80044,1
1787650200000,79800.0,79914.5,79718.0,79718.0,14710.0,14.7108,1174100.34159,1
1787651100000,79718.1,79753.1,78818.7,79161.0,585358.0,585.3585,46214558.5959,1
1787652000000,79160.9,79312.5,78958.0,79268.0,36856.0,36.8565,2918203.57625,1
1787652900000,79268.0,79378.0,79206.8,79243.4,50023.0,50.0235,3966349.26969,1
1787653800000,79243.4,79297.9,79210.0,79289.6,8742.0,8.7421,692934.96584,1
1787654700000,79289.7,79442.8,79270.0,79275.7,20140.0,20.1408,1598325.51643,1
1787655600000,79275.7,79365.3,79063.8,79071.7,35620.0,35.6201,2820038.1901,1
1787656500000,79069.9,79274.0,79046.4,79227.9,20919.0,20.9195,1655729.24855,1
1787657400000,79236.0,79443.6,79146.7,79146.7,20042.0,20.0428,1589415.82328,1
1787658300000,79142.0,79159.4,79014.6,79096.0,76647.0,76.6479,6063261.08647,1
1787659200000,79097.0,79147.8,78640.4,79046.9,141129.0,141.1296,11124338.88399,1
1787660100000,79047.0,79056.6,78605.0,78861.7,87719.0,87.7198,6913020.83803,1
1787661000000,78849.7,78972.0,78737.4,78891.8,47411.0,47.4113,3739987.98355,1
1787661900000,78890.9,79060.9,78887.5,78950.0,51391.0,51.3917,4058663.68693,1
1787662800000,78959.9,79054.9,78705.0,78781.7,45771.0,45.771,3612289.15016,1
1787663700000,78775.6,78789.7,78542.2,78609.0,67566.0,67.5663,5314909.1941,1
1787664600000,78623.1,79193.7,78582.8,78614.4,129991.0,129.9912,10257706.80077,1
1787665500000,78617.3,78636.3,78100.2,78626.5,308168.0,308.1688,24147367.47925,1
1787666400000,78604.2,79029.9,78511.7,78965.6,326418.0,326.4185,25756828.47367,1
1787667300000,78964.8,79277.8,78875.6,79182.6,281333.0,281.3331,22264910.69264,1
1787668200000,79175.6,79356.4,79004.7,79134.8,48162.0,48.1627,3814013.42781,1
1787669100000,79141.6,79345.1,79135.5,79200.7,22178.0,22.1782,1757533.18749,1
1787670000000,79215.7,79325.6,79027.7,79068.5,30038.0,30.0387,2378295.08343,1
1787670900000,79074.1,79239.6,78982.9,79199.5,209902.0,209.9025,16620329.60825,1
1787671800000,79200.0,79435.5,79138.8,79355.0,46863.0,46.8637,3717606.12823,1
1787672700000,79355.0,79493.2,79230.0,79467.5,73241.0,73.241,5808241.1437,1
1787673600000,79475.2,79528.8,79117.1,79144.7,248398.0,248.3985,19736109.47698,1
1787674500000,79130.6,79241.1,79035.4,79112.6,41275.0,41.2754,3266380.62528,1
1787675400000,79113.3,79323.6,79109.2,79188.1,103987.0,103.9875,8244028.18738,1
1787676300000,79186.4,79323.7,79059.3,79121.5,72094.0,72.0945,5702956.87391,1
1787677200000,79121.4,79121.4,78829.4,78945.2,63547.0,63.5476,5017084.26362,1
1787678100000,78945.5,78996.6,78715.0,78777.3,44095.0,44.0955,3476103.71852,1
1787679000000,78782.7,79269.4,78782.7,79102.6,286403.0,286.4034,22673442.75586,1
1787679900000,79112.7,79248.0,79112.3,79203.3,216288.0,216.2887,17132581.29674,1
1787680800000,79207.9,79354.3,79181.9,79292.1,28300.0,28.3002,2243226.94273,1
1787681700000,79296.0,79302.6,79207.9,79235.9,50830.0,50.83,4027854.50998,1
1787682600000,79229.5,79229.6,79066.7,79133.6,18468.0,18.4682,1461507.91768,1
1787683500000,79140.6,79203.6,79021.2,79090.8,22988.0,22.9883,1817986.91209,1
1787684400000,79103.5,79154.6,78981.6,79131.4,34167.0,34.1674,2701604.69836,1
1787685300000,79131.4,79198.7,78884.0,78899.3,37344.0,37.3445,2950628.03721,1
1787686200000,78893.8,78905.6,78593.5,78710.0,546886.0,546.8862,43061532.41563,1
1787687100000,78710.4,78905.6,78704.0,78886.6,28311.0,28.3111,2230751.44256,1
1787688000000,78902.2,78937.6,78640.6,78830.1,33917.0,33.9171,2671219.93332,1
1787688900000,78830.6,78928.8,78733.4,78740.2,40575.0,40.5752,3200312.7362,1
1787689800000,78728.6,78751.2,78323.7,78430.6,57746.0,57.746,4536006.79293,1
1787690700000,78424.0,78500.0,78147.1,78169.7,90417.0,90.4177,7077416.3946,1
1787691600000,78169.6,78276.0,77826.6,78253.3,153552.0,153.5524,11987829.58392,1
1787692500000,78253.0,78445.0,78167.1,78427.9,63183.0,63.1831,4949750.66106,1
1787693400000,78428.0,78600.0,78338.7,78540.9,59358.0,59.3581,4662054.58267,1
1787694300000,78545.3,78635.0,78502.0,78535.8,23157.0,23.1574,1819487.36784,1
1787695200000,78545.3,78912.8,78545.3,78893.6,35594.0,35.5946,2804305.75306,1
1787696100000,78893.6,78966.3,78574.9,78617.1,42907.0,42.9073,3381124.65127,1
1787697000000,78617.1,78832.1,78564.9,78750.4,14288.0,14.2882,1125070.64851,1
1787697900000,78747.5,78917.7,78740.8,78850.0,16201.0,16.2014,1277518.35502,1
1787698800000,78865.0,78932.4,78769.2,78918.2,20541.0,20.5417,1620032.65198,1
1787699700000,78911.7,78932.4,78603.0,78705.1,22043.0,22.0436,1734597.84911,1
1787700600000,78705.0,78762.0,78488.9,78550.0,11476.0,11.4766,902112.63669,1
1787701500000,78547.2,78559.9,78361.1,78505.4,35572.0,35.5729,2790606.02569,1
1787702400000,78506.0,78580.0,78278.0,78324.0,32216.0,32.2162,2525813.86703,1
1787703300000,78324.1,78570.3,78304.0,78542.9,15919.0,15.9195,1249150.73126,1
1787704200000,78543.1,78635.1,78340.2,78353.1,13992.0,13.9925,1097971.46661,1
1787705100000,78362.1,78674.9,78344.1,78592.7,29215.0,29.2158,2295568.18639,1
1787706000000,78588.6,78870.1,78565.1,78709.5,73994.0,73.9944,5825212.04517,1
1787706900000,78706.0,78835.7,78662.4,78672.4,5109.0,5.1099,402497.61147,1
1787707800000,78689.0,78912.9,78687.5,78837.9,51458.0,51.4586,4058327.06485,1
1787708700000,78836.5,78836.5,78732.2,78775.2,105174.0,105.174,8285836.00146,1
1787709600000,78789.2,78843.0,78708.3,78765.4,6987.0,6.9871,550336.5618,1
1787710500000,78740.6,79200.0,78716.2,79185.0,154050.0,154.0502,12163712.8105,1
1787711400000,79185.0,79196.8,79087.4,79118.7,18368.0,18.3687,1453562.28777,1
1787712300000,79118.7,79133.2,79015.0,79070.1,8878.0,8.8781,702071.01857,1
1787713200000,79065.0,79149.2,79005.7,79016.0,8855.0,8.855,700023.84703,1
1787714100000,79005.7,79076.7,78951.7,79010.7,16418.0,16.4181,1297092.52894,1
1787715000000,79007.4,79088.1,78863.1,79023.7,13374.0,13.3748,1056026.90653,1
1787715900000,79023.7,79078.0,78915.0,79049.1,5872.0,5.8722,463775.081,1
1787716800000,79038.1,79149.2,78926.7,79010.7,16982.0,16.9828,1342775.09567,1
1787717700000,79005.0,79098.6,78938.4,78976.6,5383.0,5.3833,425363.60573,1
1787718600000,78985.0,79019.0,78863.0,78936.0,6241.0,6.2412,492625.35511,1
1787719500000,78928.9,78928.9,78759.8,78792.9,33242.0,33.2425,2620527.45064,1
1787720400000,78801.0,78926.4,78600.0,78865.0,48863.0,48.8631,3844356.93732,1
1787721300000,78860.5,79024.3,78714.7,78998.9,15821.0,15.8216,1249139.5017,1
1787722200000,78964.7,79091.2,78946.6,79080.0,39298.0,39.2983,3106497.58209,1
1787723100000,79076.4,79076.4,78919.0,79046.0,6731.0,6.731,531804.87197,1
1787724000000,79046.0,79173.7,78932.4,78971.2,23564.0,23.5648,1863387.24249,1
1787724900000,78956.6,79019.8,78788.0,78868.9,46297.0,46.2973,3652285.22934,1
1787725800000,78850.7,78922.2,78786.8,78904.8,5673.0,5.6737,447476.2325,1
1787726700000,78904.7,78935.9,78827.5,78908.9,7758.0,7.758,611919.69525,1
1787727600000,78907.8,79057.6,78824.4,78955.1,9770.0,9.77,771413.41313,1
1787728500000,78963.6,78999.0,78862.4,78908.0,7144.0,7.1449,564077.3453,1
1787729400000,78904.6,79013.9,78857.4,78960.1,16371.0,16.3714,1292033.49548,1
1787730300000,78960.1,79021.8,78881.5,78887.0,5570.0,5.5705,439756.64477,1
1787731200000,78887.6,79086.6,78792.8,79002.0,10795.0,10.7956,852075.83389,1
1787732100000,79000.0,79077.2,78883.5,78954.7,9812.0,9.812,774968.80017,1
1787733000000,78950.5,78986.1,78866.7,78974.3,9263.0,9.2631,730970.32087,1
1787733900000,78969.0,78979.1,78580.0,78673.0,22973.0,22.9737,1808338.73992,1
1787734800000,78669.0,78845.7,78635.1,78746.5,18174.0,18.1746,1431648.78568,1
1787735700000,78727.8,78742.8,78370.0,78501.3,56810.0,56.8106,4457200.9807,1
1787736600000,78501.3,78563.9,78288.7,78296.9,15424.0,15.4244,1210149.12301,1
1787737500000,78304.2,78464.1,78218.0,78420.6,20946.0,20.9467,1640820.6487,1
1787738400000,78411.1,78442.9,78271.9,78396.8,21767.0,21.7672,1705330.44644,1
1787739300000,78396.9,78607.5,78389.3,78600.2,16357.0,16.3577,1284566.13636,1
1787740200000,78600.1,78761.2,78535.9,78686.2,19475.0,19.4753,1532438.62533,1
1787741100000,78689.0,78839.9,78661.3,78688.5,24112.0,24.1122,1898339.01481,1
1787742000000,78688.5,78750.0,78615.0,78672.0,7669.0,7.6699,603372.5037,1
1787742900000,78675.1,78703.7,78568.8,78596.3,29710.0,29.7103,2335089.8877,1
1787743800000,78590.3,78590.3,78277.1,78439.0,21573.0,21.5737,1691766.35754,1
1787744700000,78438.9,78542.8,78342.0,78453.4,24881.0,24.8814,1951920.0071,1
1787745600000,78460.2,78529.6,78328.1,78360.3,21329.0,21.3293,1671988.53373,1
1787746500000,78358.8,78666.7,78249.0,78666.5,28801.0,28.8016,2261498.14122,1
1787747400000,78666.7,78666.7,77924.8,78224.8,94245.0,94.2458,7379163.79496,1
1787748300000,78230.3,78408.4,78162.0,78282.2,31028.0,31.0287,2429774.18887,1
1787749200000,78280.5,78400.0,77955.2,78076.6,58817.0,58.8177,4596394.86142,1
1787750100000,78088.7,78141.6,77873.9,78020.0,43151.0,43.151,3366619.05538,1
1787751000000,78016.5,78462.1,78016.5,78450.3,59192.0,59.1921,4635303.41142,1
1787751900000,78461.6,78511.5,78082.9,78417.8,102359.0,102.3596,8013351.41153,1
1787752800000,78417.8,78559.9,78263.7,78418.0,34751.0,34.7517,2727337.68257,1
1787753700000,78412.5,78530.0,78160.4,78205.7,177865.0,177.8651,13923626.89908,1
1787754600000,78201.1,78243.5,77900.0,77941.5,54428.0,54.4288,4252266.75917,1
1787755500000,77941.4,78011.0,77733.5,77757.6,146841.0,146.8412,11435934.87977,1
1787756400000,77754.1,77927.0,77618.1,77813.1,265130.0,265.1304,20619630.19068,1
1787757300000,77813.2,78137.2,77692.1,78129.0,69875.0,69.875,5440600.45667,1
1787758200000,78120.1,78137.3,77905.8,77996.3,218763.0,218.7631,17073556.96455,1
1787759100000,78007.5,78110.7,77936.6,77975.6,257717.0,257.717,20105122.22153,1
1787760000000,77972.4,78131.5,77945.2,78043.8,35225.0,35.2251,2749223.44718,1
1787760900000,78049.9,78097.3,77954.1,78029.9,9954.0,9.9549,776586.7621,1
1787761800000,78029.8,78120.0,77830.2,77843.9,17816.0,17.8169,1389452.47404,1
1787762700000,77843.8,78115.0,77841.4,77967.3,12720.0,12.7202,992235.45826,1
1787763600000,77965.5,78104.9,77965.5,78101.4,9281.0,9.2811,724256.40156,1
1787764500000,78104.7,78568.4,78104.6,78484.1,254536.0,254.5366,19971722.81759,1
1787765400000,78484.3,78625.1,78455.0,78480.8,136388.0,136.388,10715642.74066,1
1787766300000,78483.0,78483.0,78279.7,78403.9,125891.0,125.8917,9860982.47042,1
1787767200000,78404.0,78615.3,78360.4,78532.1,224938.0,224.9389,17649480.81477,1
1787768100000,78526.2,78570.8,78400.1,78432.2,19449.0,19.4495,1526102.61549,1
1787769000000,78432.2,78456.2,78249.5,78271.2,23567.0,23.5677,1846628.00081,1
1787769900000,78260.3,78461.6,78260.3,78440.2,21934.0,21.9345,1719580.0718,1
1787770800000,78433.3,78476.9,78343.1,78344.7,9192.0,9.1923,720615.39851,1
1787771700000,78355.9,78529.4,78253.9,78488.8,38419.0,38.419,3012980.26396,1
1787772600000,78503.7,78505.9,78339.1,78399.1,10873.0,10.8732,852729.47078,1
1787773500000,78399.1,78505.2,78399.1,78437.0,8264.0,8.2648,648235.93446,1
1787774400000,78443.7,78490.0,78360.0,78377.5,13551.0,13.5513,1063041.94125,1
1787775300000,78375.4,78419.1,78156.8,78357.7,46105.0,46.1056,3607921.5948,1
1787776200000,78357.7,78395.4,78252.1,78358.6,35587.0,35.5874,2787615.36459,1
1787777100000,78348.5,78421.4,78341.5,78418.2,11392.0,11.3925,892929.24862,1
1787778000000,78418.2,78770.0,78360.1,78746.3,163080.0,163.0801,12802550.70016,1
1787778900000,78755.8,78800.0,78667.2,78736.0,615297.0,615.2978,48435985.86184,1
1787779800000,78689.4,78789.6,78613.5,78666.0,252334.0,252.3343,19850165.10932,1
1787780700000,78679.8,78769.6,78636.7,78691.9,26243.0,26.2436,2065304.24094,1
1787781600000,78691.7,78830.1,78650.0,78746.6,21897.0,21.8976,1724588.6879,1
1787782500000,78726.8,78944.3,78726.8,78768.8,67581.0,67.5816,5328293.25536,1
1787783400000,78768.9,78783.9,78568.0,78658.2,178685.0,178.6854,14059926.5337,1
1787784300000,78657.0,78702.6,78525.0,78670.1,20268.0,20.2683,1592953.99006,1
1787785200000,78613.1,78714.4,78613.1,78671.7,9246.0,9.246,727440.45331,1
1787786100000,78664.3,78849.1,78647.9,78821.9,13428.0,13.4289,1057454.96709,1
1787787000000,78821.9,79024.8,78821.8,79005.8,42899.0,42.8998,3386985.95425,1
1787787900000,79019.6,79132.0,78963.2,78989.3,46955.0,46.9554,3710989.8224,1
1787788800000,78990.6,78990.6,78791.6,78803.7,26841.0,26.8416,2117119.94972,1
1787789700000,78803.8,78910.0,78780.0,78861.2,14413.0,14.413,1136344.03599,1
1787790600000,78861.2,78861.3,78759.8,78842.5,10708.0,10.7081,843827.01615,1
1787791500000,78842.5,78853.1,78664.4,78667.5,24609.0,24.6092,1937303.21775,1
1787792400000,78667.5,78747.1,78593.2,78640.2,24387.0,24.3872,1918347.08762,1
1787793300000,78614.7,78936.0,78522.1,78902.9,24557.0,24.5579,1933457.33234,1
1787794200000,78902.9,78926.8,78676.9,78676.9,151194.0,151.1942,11911417.19705,1
1787795100000,78676.8,78989.0,78668.8,78864.6,21956.0,21.9563,1731952.19861,1
1787796000000,78863.9,78946.8,78820.5,78842.7,9632.0,9.6326,759994.41468,1
1787796900000,78842.7,78842.7,78688.6,78724.9,10000.0,10.0009,787940.01406,1
1787797800000,78729.6,78765.2,78680.0,78692.7,2977.0,2.9777,234407.22357,1
1787798700000,78698.3,78754.6,78680.0,78692.7,9349.0,9.3495,735937.39289,1
1787799600000,78698.6,78753.3,78635.0,78641.4,8899.0,8.8998,700256.4657,1
1787800500000,78646.5,78957.5,78606.7,78862.2,32868.0,32.8685,2590602.82095,1
1787801400000,78862.1,78896.6,78804.6,78849.9,11455.0,11.4551,903193.04869,1
1787802300000,78839.6,78895.2,78750.3,78801.8,10318.0,10.3182,812963.59991,1
1787803200000,78803.1,78863.9,78768.2,78827.8,6878.0,6.8783,542115.02845,1
1787804100000,78827.9,78874.0,78745.4,78745.4,8455.0,8.4552,666420.27161,1
1787805000000,78744.0,78784.0,78654.8,78784.0,284965.0,284.9651,22431431.1993,1
1787805900000,78783.9,78791.3,78672.8,78746.1,27865.0,27.8655,2193551.22747,1
1787806800000,78750.0,78750.0,78616.7,78616.7,79247.0,79.247,6233078.47867,1
1787807700000,78616.7,78772.1,78606.4,78639.0,9200.0,9.2006,723547.38814,1
1787808600000,78639.0,78770.3,78571.9,78681.9,13259.0,13.259,1042520.42772,1
1787809500000,78681.9,78889.9,78681.8,78868.8,15353.0,15.3539,1209868.28461,1
1787810400000,78888.1,78888.1,78630.1,78652.2,6325.0,6.3258,498231.73082,1
1787811300000,78652.1,78766.6,78599.0,78626.3,5897.0,5.8973,463928.41761,1
1787812200000,78626.3,78750.0,78626.3,78724.9,5501.0,5.5014,433042.17007,1
1787813100000,78725.0,78818.5,78725.0,78804.4,13537.0,13.5375,1066468.21404,1
1787814000000,78802.3,78838.0,78738.6,78806.4,5952.0,5.9527,468931.82221,1
1787814900000,78806.4,78817.7,78728.5,78763.3,21769.0,21.7696,1715271.05971,1
1787815800000,78763.3,78848.1,78763.3,78832.9,3128.0,3.1281,246576.8811,1
1787816700000,78820.0,79074.0,78820.0,79067.5,39868.0,39.8681,3148570.6569,1
1787817600000,79054.4,79824.5,79017.5,79588.2,197719.0,197.7191,15718407.57086,1
1787818500000,79605.2,79710.6,79430.5,79702.0,62587.0,62.5872,4978580.03516,1
1787819400000,79711.5,79947.0,79686.8,79879.3,59899.0,59.8992,4781474.92865,1
1787820300000,79882.9,79980.0,79669.8,79722.7,61135.0,61.1351,4879176.10346,1
1787821200000,79722.8,79848.8,79640.7,79847.7,40389.0,40.3894,3221552.29288,1
1787822100000,79835.7,80463.5,79761.3,80463.3,136159.0,136.1592,10915363.76614,1
1787823000000,80463.3,80474.0,80169.1,80219.2,85565.0,85.5657,6871562.19323,1
1787823900000,80213.0,80244.7,79860.7,79957.8,258187.0,258.1872,20640299.58961,1
1787824800000,79957.7,80126.4,79766.2,79894.0,102696.0,102.6969,8216891.9043,1
1787825700000,79897.7,79985.9,79300.0,79631.4,54102.0,54.1026,4310178.75725,1
1787826600000,79631.4,79643.6,79325.0,79572.0,50050.0,50.0501,3979554.54354,1
1787827500000,79576.1,79599.5,79467.2,79599.5,19121.0,19.1216,1520626.64633,1
1787828400000,79599.5,79712.0,79527.3,79712.0,38807.0,38.8077,3090830.23939,1
1787829300000,79712.0,79731.3,79466.6,79492.2,24593.0,24.5936,1958149.18463,1
1787830200000,79490.0,79533.2,79351.0,79395.2,33595.0,33.5952,2668324.35021,1
1787831100000,79401.2,79462.9,79164.7,79450.2,39559.0,39.5596,3139288.23177,1
1787832000000,79450.1,79516.5,79341.0,79468.1,24036.0,24.0365,1908916.43898,1
1787832900000,79467.9,79547.0,79360.0,79521.3,18489.0,18.4892,1468837.87122,1
1787833800000,79521.4,79521.4,79233.5,79233.9,21578.0,21.5784,1711574.45758,1
1787834700000,79236.9,79323.0,79234.7,79247.4,24880.0,24.8807,1972084.04247,1
1787835600000,79257.1,79344.2,79240.0,79323.5,11648.0,11.6484,923591.06992,1
1787836500000,79340.3,79462.6,79285.3,79319.6,26574.0,26.5742,2109023.57546,1
1787837400000,79315.1,79326.9,79075.1,79205.4,73470.0,73.4701,5817766.65569,1
1787838300000,79205.4,79522.1,78880.0,79500.0,93501.0,93.5011,7402504.43591,1
1787839200000,79500.0,79751.5,79319.4,79394.8,166602.0,166.6023,13247719.84395,1
1787840100000,79412.5,79879.0,79357.2,79857.0,64243.0,64.243,5120216.00998,1
1787841000000,79861.6,80350.2,79756.9,80333.1,141220.0,141.2201,11313412.69636,1
1787841900000,80320.4,80320.4,79961.3,80165.0,90868.0,90.8684,7279907.67451,1
1787842800000,80185.2,80755.0,80057.6,80638.2,374164.0,374.1646,30134338.4865,1
1787843700000,80645.9,80704.2,80299.2,80550.2,310136.0,310.1368,24944001.19362,1
1787844600000,80564.0,80568.6,80326.2,80459.4,74678.0,74.6789,6007338.84751,1
1787845500000,80466.5,80466.5,80258.1,80273.6,34378.0,34.3789,2761384.12507,1
1787846400000,80273.7,80494.4,80163.0,80387.4,237746.0,237.7466,19125383.32156,1
1787847300000,80377.7,80500.6,80360.2,80371.2,28108.0,28.1081,2261420.06156,1
1787848200000,80362.8,80600.2,80239.0,80550.8,39618.0,39.6184,3186082.21485,1
1787849100000,80550.3,80661.6,80321.4,80336.0,222924.0,222.9242,17961729.0137,1
1787850000000,80341.7,80631.8,80210.2,80600.0,50923.0,50.9236,4095736.16187,1
1787850900000,80613.4,80832.6,80562.7,80682.0,69406.0,69.4068,5602371.79621,1
1787851800000,80685.9,80768.5,80434.0,80459.8,53827.0,53.8274,4337643.48632,1
1787852700000,80464.7,80540.3,80401.4,80418.2,32819.0,32.8191,2640828.4675,1
1787853600000,80418.2,80418.2,79943.8,80027.9,49761.0,49.7611,3991356.99133,1
1787854500000,80027.7,80164.8,79714.4,79884.0,76504.0,76.5047,6113259.73931,1
1787855400000,79887.9,79984.0,79785.0,79932.1,227259.0,227.2597,18143163.86314,1
1787856300000,79905.6,80113.0,79881.6,80113.0,247101.0,247.1016,19766558.77595,1
1787857200000,80113.0,80252.0,80078.0,80122.4,36036.0,36.0368,2888466.17889,1
1787858100000,80122.4,80181.3,80005.9,80129.9,11763.0,11.7633,942025.15365,1
1787859000000,80129.9,80181.3,79947.3,79969.9,18767.0,18.7678,1501589.44942,1
1787859900000,79975.8,80015.8,79850.0,79855.8,95378.0,95.378,7617972.72484,1
1787860800000,79877.9,80000.0,79844.8,79928.4,21818.0,21.8188,1743797.33189,1
1787861700000,79917.4,80091.2,79912.9,79964.2,21623.0,21.6237,1729229.85726,1
1787862600000,79964.2,80006.9,79937.2,79980.1,9811.0,9.8118,784623.90914,1
1787863500000,79984.1,80063.9,79938.7,80063.9,6500.0,6.5003,519963.68235,1
1787864400000,80063.9,80129.5,79991.9,80059.8,19840.0,19.8405,1588592.34919,1
1787865300000,80059.7,80095.9,79952.7,79999.7,25556.0,25.5561,2045422.68521,1
1787866200000,79999.7,80092.5,79952.7,79997.6,15129.0,15.1291,1210704.74779,1
1787867100000,79998.6,80150.0,79984.0,80143.4,14826.0,14.8268,1187541.40608,1
1787868000000,80143.4,80290.9,80143.4,80207.5,31830.0,31.8305,2553856.20929,1
1787868900000,80207.3,80392.2,80168.3,80200.4,27800.0,27.8006,2232923.23099,1
1787869800000,80184.6,80259.9,80111.7,80247.8,17516.0,17.5164,1404536.49324,1
1787870700000,80247.7,80265.0,80193.3,80264.9,28096.0,28.0969,2253918.35806,1
1787871600000,80259.1,80261.8,80104.6,80130.7,8097.0,8.0974,649295.5901,1
1787872500000,80121.1,80344.0,80102.8,80282.4,8756.0,8.7567,703027.80376,1
1787873400000,80279.6,80282.4,80223.0,80223.0,4728.0,4.7289,379495.64282,1
1787874300000,80222.4,80282.3,80163.4,80208.9,6806.0,6.8069,546069.99786,1
1787875200000,80217.6,80235.6,80113.0,80175.9,18513.0,18.5139,1484062.21856,1
1787876100000,80180.0,80427.5,80180.0,80386.7,32990.0,32.9906,2650808.99,1
1787877000000,80364.2,80459.9,80332.4,80359.2,14398.0,14.3981,1157824.10085,1
1787877900000,80359.3,80673.6,80312.1,80537.4,24738.0,24.7384,1992296.36067,1
1787878800000,80544.1,80844.2,80544.1,80710.7,43795.0,43.7956,3535560.16236,1
1787879700000,80703.0,81130.0,80660.1,81100.5,148616.0,148.616,12032934.99102,1
1787880600000,81109.0,81440.0,80769.6,80826.3,142971.0,142.9718,11600969.34994,1
1787881500000,80826.1,80859.0,80398.9,80468.1,53730.0,53.7305,4333111.27826,1
1787882400000,80467.0,80467.0,80191.0,80208.8,448851.0,448.8516,36057147.99855,1
1787883300000,80188.6,80264.2,79882.7,79889.5,57280.0,57.2802,4584502.9319,1
1787884200000,79895.0,80125.0,79790.7,79990.9,199300.0,199.3002,15943435.1469,1
1787885100000,79998.4,79998.4,79694.6,79888.1,48164.0,48.1644,3845535.19255,1
1787886000000,79888.1,79936.5,79731.9,79838.1,28951.0,28.9514,2310735.32107,1
1787886900000,79864.6,80017.4,79849.3,79871.4,135385.0,135.385,10822661.25932,1
1787887800000,79871.4,79950.2,79789.3,79789.3,29318.0,29.3182,2341565.41139,1
1787888700000,79789.3,79835.9,79754.0,79783.4,12834.0,12.8349,1024126.14715,1
1787889600000,79783.4,79828.9,79576.6,79823.0,32150.0,32.1503,2561290.01378,1
1787890500000,79822.3,79930.5,79784.8,79786.7,12817.0,12.8179,1023763.38763,1
1787891400000,79784.9,79815.2,79611.4,79684.8,11575.0,11.5756,922208.46555,1
1787892300000,79674.1,79720.0,79602.9,79616.4,7185.0,7.1859,572287.08942,1
1787893200000,79616.4,79697.3,79530.9,79612.8,18209.0,18.2098,1449109.581,1
1787894100000,79624.9,79700.9,79540.0,79699.9,13383.0,13.3837,1065148.53881,1
1787895000000,79699.9,79835.0,79675.4,79783.9,14077.0,14.0776,1123247.5894,1
1787895900000,79782.1,79845.0,79620.0,79657.7,10999.0,10.9995,877267.33818,1
1787896800000,79657.7,79880.0,79657.7,79880.0,13026.0,13.0268,1039762.8826,1
1787897700000,79877.0,79877.0,79770.0,79799.9,5778.0,5.7782,461149.22832,1
1787898600000,79799.9,79849.0,79767.9,79834.4,14204.0,14.2044,1133440.65365,1
1787899500000,79834.7,79966.0,79834.6,79863.9,15195.0,15.1957,1214276.20842,1
1787900400000,79863.9,79863.9,79630.8,79662.1,21709.0,21.7091,1730048.92324,1
1787901300000,79696.4,79778.5,79647.1,79775.7,13971.0,13.971,1113348.97334,1
1787902200000,79778.4,79783.2,79543.8,79560.7,18168.0,18.1685,1446396.6997,1
1787903100000,79560.7,79645.8,79560.7,79640.7,11272.0,11.2725,897527.58989,1
1787904000000,79641.4,79806.6,79641.4,79709.7,9757.0,9.7571,777872.77115,1
1787904900000,79709.7,79807.3,79709.7,79747.2,14087.0,14.0879,1123793.16086,1
1787905800000,79747.2,79782.9,79701.5,79701.5,5869.0,5.8691,468021.81093,1
1787906700000,79694.8,79698.8,79440.0,79483.9,32204.0,32.2046,2560750.05918,1
1787907600000,79483.9,79483.9,79191.9,79352.4,43274.0,43.2747,3434133.9036,1
1787908500000,79352.3,79431.3,79344.4,79352.8,26972.0,26.9721,2141487.1082,1
1787909400000,79352.9,79394.8,79249.2,79249.2,9575.0,9.5759,759795.68433,1
1787910300000,79249.2,79316.7,79243.0,79254.4,8655.0,8.6559,686195.81764,1
1787911200000,79264.9,79281.8,78974.8,79180.0,43011.0,43.0113,3402583.7694,1
1787912100000,79180.8,79276.9,79120.1,79265.1,13622.0,13.6225,1078683.02431,1
1787913000000,79262.5,79349.9,79255.9,79290.1,33819.0,33.819,2682107.99136,1
1787913900000,79290.1,79539.9,79275.0,79532.2,28900.0,28.9,2295409.73231,1
1787914800000,79528.3,79677.0,79514.2,79658.9,25561.0,25.5612,2035009.40717,1
1787915700000,79658.9,79719.4,79613.0,79627.8,15976.0,15.9768,1272773.40457,1
1787916600000,79627.8,79706.9,79546.5,79584.8,12536.0,12.5368,997912.07711,1
1787917500000,79584.8,79610.1,79521.9,79565.8,24578.0,24.5783,1955284.99338,1
1787918400000,79563.2,79633.1,79478.3,79488.6,27561.0,27.5614,2193139.1531,1
1787919300000,79488.6,79677.0,79481.5,79481.5,9661.0,9.6614,768930.58567,1
1787920200000,79481.4,79488.0,79264.2,79377.1,31890.0,31.8909,2530985.24748,1
1787921100000,79377.0,79410.0,79314.1,79388.1,15027.0,15.0272,1192515.38351,1
1787922000000,79380.8,79441.0,79250.0,79343.1,23192.0,23.1926,1840877.95396,1
1787922900000,79327.8,79341.3,78975.4,79160.0,76981.0,76.9816,6092933.21975,1
1787923800000,79158.2,79323.7,78999.9,79052.2,69242.0,69.2428,5481310.24433,1
1787924700000,79060.9,79503.8,79037.2,79303.0,84531.0,84.5314,6702380.41883,1
1787925600000,79300.1,79672.7,78400.0,78600.0,464565.0,464.5655,36595321.5293,1
1787926500000,78601.7,78988.6,78481.4,78914.2,148937.0,148.9377,11727594.67815,1
1787927400000,78896.4,79665.5,78813.2,79382.7,219847.0,219.8478,17440279.41057,1
1787928300000,79387.1,79566.5,79072.0,79490.3,94142.0,94.142,7469710.06899,1
1787929200000,79514.2,79811.2,79262.2,79270.0,107722.0,107.7227,8572589.05744,1
1787930100000,79269.9,79483.9,79206.1,79299.8,24071.0,24.071,1910002.16886,1
1787931000000,79300.0,79315.7,78746.8,78759.2,73696.0,73.6969,5819703.74035,1
1787931900000,78779.3,78888.0,78301.5,78308.9,107111.0,107.111,8416593.54742,1
1787932800000,78307.1,78381.6,77811.0,77811.0,211200.0,211.2003,16490291.4085,1
1787933700000,77811.1,77833.5,76853.1,77507.2,346619.0,346.6194,26809215.57888,1
1787934600000,77504.3,77927.0,77493.6,77772.8,216980.0,216.9807,16867831.37631,1
1787935500000,77772.7,77963.7,77736.8,77755.5,64333.0,64.3338,5008655.31192,1
1787936400000,77755.9,78019.4,77638.6,77973.5,137467.0,137.4677,10685518.28342,1
1787937300000,77973.5,78078.9,77800.0,77916.0,113881.0,113.8818,8883985.10014,1
1787938200000,77915.9,77974.5,77670.5,77752.4,50731.0,50.7315,3945461.10646,1
1787939100000,77757.7,77950.1,77757.6,77870.4,33974.0,33.9748,2645691.58149,1
1787940000000,77868.4,77913.0,77712.1,77712.1,22793.0,22.7931,1772942.2639,1
1787940900000,77712.1,77769.4,77479.2,77559.4,73486.0,73.4865,5703418.88368,1
1787941800000,77558.1,77600.0,77315.4,77401.4,125855.0,125.8559,9744944.85326,1
1787942700000,77399.8,77526.7,77242.8,77522.9,79586.0,79.5862,6156542.7765,1
1787943600000,77525.8,77714.1,77489.4,77640.8,50370.0,50.3709,3908959.32414,1
1787944500000,77631.7,77772.5,77597.8,77670.6,29220.0,29.2208,2270474.10216,1
1787945400000,77678.2,77678.2,77525.0,77525.0,28873.0,28.8737,2240550.52193,1
1787946300000,77524.1,77552.3,77343.7,77527.9,50884.0,50.884,3941338.7112,1
1787947200000,77546.4,77583.9,77442.8,77541.7,43457.0,43.4576,3367752.61575,1
1787948100000,77541.7,77541.8,77384.2,77486.0,17293.0,17.2937,1339365.61707,1
1787949000000,77486.1,77486.1,77280.0,77402.0,22939.0,22.9392,1774464.36473,1
1787949900000,77374.0,77427.1,77309.4,77377.0,13310.0,13.3107,1029886.57065,1
1787950800000,77380.5,77409.8,77302.1,77374.1,10990.0,10.99,850101.23569,1
1787951700000,77374.0,77398.0,77290.7,77368.7,15212.0,15.2125,1176904.94114,1
1787952600000,77368.8,77506.5,77368.8,77449.3,18810.0,18.81,1456912.337,1
1787953500000,77449.3,77449.3,77217.0,77340.1,17388.0,17.388,1344889.9596,1
1787954400000,77344.4,77425.6,77312.1,77421.7,15959.0,15.9599,1234997.88807,1
1787955300000,77421.7,77555.0,77369.5,77542.0,22751.0,22.7519,1763283.2391,1
1787956200000,77542.1,77709.9,77528.1,77709.0,23354.0,23.3546,1812718.2151,1
1787957100000,77709.1,77733.4,77650.1,77728.7,20079.0,20.0792,1560478.19494,1
1787958000000,77710.2,77735.5,77647.3,77735.5,18009.0,18.0093,1398948.4868,1
1787958900000,77733.0,77733.0,77629.8,77647.9,7085.0,7.0856,550288.40914,1
1787959800000,77649.9,77684.4,77641.0,77662.0,8842.0,8.8425,686706.86571,1
1787960700000,77654.7,77814.5,77608.5,77806.0,17521.0,17.5214,1362238.26767,1
1787961600000,77805.7,77861.7,77752.2,77789.9,14014.0,14.0148,1090581.1019,1
1787962500000,77780.0,77915.8,77780.0,77868.2,8180.0,8.1803,636996.87823,1
1787963400000,77868.2,77868.2,77743.2,77757.0,8124.0,8.1241,631870.09286,1
1787964300000,77757.0,77776.9,77687.9,77699.3,7094.0,7.0948,551391.86474,1
1787965200000,77696.5,77698.7,77610.4,77610.4,7165.0,7.1653,556420.70899,1
1787966100000,77610.4,77761.3,77610.4,77761.3,6484.0,6.4843,503740.988,1
1787967000000,77761.3,77799.9,77728.4,77798.4,6413.0,6.413,498730.89905,1
1787967900000,77798.5,77806.2,77721.7,77762.2,4041.0,4.0419,314291.16571,1
1787968800000,77762.2,77797.4,77714.2,77714.2,6138.0,6.1385,477362.12113,1
1787969700000,77712.1,77713.6,77550.1,77604.4,25203.0,25.2034,1956057.60901,1
1787970600000,77604.5,77640.8,77561.1,77587.3,6169.0,6.1695,478641.82302,1
1787971500000,77594.0,77671.1,77594.0,77642.4,2705.0,2.7053,210028.38794,1
1787972400000,77642.4,77698.2,77642.4,77654.8,9774.0,9.7743,759324.52242,1
1787973300000,77654.8,77681.7,77606.9,77652.0,3068.0,3.0687,238282.90773,1
1787974200000,77660.9,77674.2,77552.4,77599.2,5433.0,5.4332,421617.60442,1
1787975100000,77597.5,77601.0,77492.9,77492.9,32339.0,32.3391,2506726.55313,1
1787976000000,77492.9,77563.3,77489.8,77559.9,7659.0,7.6599,593845.69926,1
1787976900000,77561.3,77588.1,77560.0,77576.5,2809.0,2.8095,217943.19704,1
1787977800000,77581.8,77615.6,77559.1,77590.0,8290.0,8.2901,643235.17672,1
1787978700000,77588.2,77651.4,77581.2,77622.0,5928.0,5.9283,460009.77647,1
1787979600000,77619.6,77684.0,77600.0,77675.9,23318.0,23.3186,1810731.57066,1
1787980500000,77675.9,77675.9,77608.1,77631.3,4466.0,4.4669,346890.63531,1
1787981400000,77629.6,77687.7,77606.4,77653.0,13196.0,13.1962,1024427.83678,1
1787982300000,77653.0,77667.5,77574.9,77607.0,7115.0,7.1156,552085.72367,1
1787983200000,77607.0,77608.0,77454.3,77454.3,5300.0,5.3006,410886.78811,1
1787984100000,77453.0,77488.5,77355.0,77387.3,9972.0,9.9728,771881.53899,1
1787985000000,77387.3,77460.0,77387.3,77417.4,2556.0,2.5566,197930.62325,1
1787985900000,77420.8,77449.4,77404.2,77440.5,4119.0,4.1198,318986.99093,1
1787986800000,77440.5,77506.9,77412.7,77436.7,5518.0,5.5185,427394.04657,1
1787987700000,77436.6,77496.7,77421.0,77491.2,7322.0,7.3226,567318.93652,1
1787988600000,77491.2,77623.9,77477.9,77623.9,9370.0,9.3704,726761.31373,1
1787989500000,77623.9,77638.0,77586.6,77614.4,4259.0,4.2594,330544.02721,1
1787990400000,77614.4,77614.4,77442.1,77493.3,10196.0,10.1965,790221.96462,1
1787991300000,77486.6,77558.4,77476.3,77558.0,1038.0,1.0381,80468.80299,1
1787992200000,77558.0,77558.0,77478.8,77550.3,5041.0,5.0411,390718.20383,1
1787993100000,77547.5,77600.0,77515.1,77599.9,6571.0,6.5716,509676.12192,1
1787994000000,77600.0,77649.1,77547.3,77613.8,7985.0,7.9858,619724.88211,1
1787994900000,77613.9,77634.5,77583.8,77600.0,10994.0,10.994,853246.91522,1
1787995800000,77600.0,77727.1,77600.0,77649.4,15018.0,15.0182,1166569.10675,1
1787996700000,77649.4,77649.4,77618.9,77618.9,4435.0,4.4359,344383.48092,1
1787997600000,77618.0,77618.0,77498.5,77548.9,8220.0,8.2204,637524.32143,1
1787998500000,77552.6,77689.9,77552.6,77639.1,3329.0,3.3292,258481.06984,1
1787999400000,77639.1,77695.4,77633.6,77653.0,2711.0,2.7116,210590.60344,1
1788000300000,77653.0,77696.1,77605.5,77605.5,9500.0,9.5005,738040.56137,1
1788001200000,77605.5,77686.7,77589.1,77686.7,2065.0,2.0653,160332.13928,1
1788002100000,77686.7,77686.8,77649.5,77662.1,3413.0,3.4133,265088.51707,1
1788003000000,77662.1,77676.7,77610.0,77612.1,2669.0,2.6696,207282.08314,1
1788003900000,77612.1,77641.3,77541.0,77570.0,8695.0,8.695,674491.69781,1
1788004800000,77570.0,77590.7,77540.1,77568.4,9912.0,9.9125,768803.89232,1
1788005700000,77576.5,77632.1,77506.6,77563.1,5627.0,5.6272,436562.05703,1
1788006600000,77563.1,77571.3,77482.8,77549.9,14368.0,14.3682,1114112.51111,1
1788007500000,77549.9,77569.9,77518.5,77559.1,1664.0,1.6645,129076.33329,1
1788008400000,77559.1,77644.9,77538.7,77629.6,3718.0,3.7182,288467.35363,1
1788009300000,77618.1,77690.0,77615.4,77622.6,18126.0,18.1263,1407431.30565,1
1788010200000,77622.6,77686.9,77609.1,77633.9,7647.0,7.647,593709.11755,1
1788011100000,77633.9,77689.7,77623.5,77671.2,10411.0,10.4117,808628.95076,1
1788012000000,77670.1,77696.0,77644.0,77656.8,6778.0,6.7787,526470.90025,1
1788012900000,77656.8,77718.3,77644.0,77667.9,18655.0,18.6554,1449465.85472,1
1788013800000,77667.9,77995.0,77655.0,77894.0,50180.0,50.1809,3905102.27682,1
