ts,open,high,low,close,vol,volCurrency,volCurrencyQuote,confirm
1781073000000,55.269,55.589,55.088,55.411,60792.0,6079.2,336605.2918,1
1781073900000,55.41,55.41,55.118,55.208,7096.0,709.6,39189.2883,1
1781074800000,55.217,55.563,55.181,55.272,13763.0,1376.3,76143.6225,1
1781075700000,55.258,55.749,55.129,55.749,68411.0,6841.1,379408.2965,1
1781076600000,55.759,56.242,55.716,56.093,75263.0,7526.3,421178.6344,1
1781077500000,56.091,56.099,55.59,55.703,386019.0,38601.9,2155811.91,1
1781078400000,55.719,55.719,55.229,55.469,15083.0,1508.3,83686.1016,1
1781079300000,55.475,55.734,55.4,55.551,29709.0,2970.9,165153.0422,1
1781080200000,55.557,55.705,55.291,55.426,9671.0,967.1,53743.9977,1
1781081100000,55.406,55.848,55.385,55.774,20709.0,2070.9,115328.2003,1
1781082000000,55.787,55.858,55.5,55.501,25917.0,2591.7,144442.0191,1
1781082900000,55.501,55.855,55.36,55.849,71563.0,7156.3,396985.2673,1
1781083800000,55.847,56.108,55.648,55.794,40216.0,4021.6,224958.8311,1
1781084700000,55.835,56.135,55.616,55.973,9862.0,986.2,55098.3874,1
1781085600000,55.962,55.978,55.556,55.592,10159.0,1015.9,56671.9853,1
1781086500000,55.58,55.821,55.401,55.821,18000.0,1800.0,99893.5988,1
1781087400000,55.859,56.091,55.769,56.053,14255.0,1425.5,79711.5963,1
1781088300000,56.064,56.588,55.983,56.412,287438.0,28743.8,1613053.2079,1
1781089200000,56.434,56.583,55.811,56.035,85756.0,8575.6,480450.3994,1
1781090100000,56.064,56.079,55.614,55.861,44220.0,4422.0,247017.2153,1
1781091000000,55.874,55.917,55.574,55.725,20909.0,2090.9,116495.9918,1
1781091900000,55.712,55.96,55.62,55.628,17525.0,1752.5,97877.1826,1
1781092800000,55.635,55.679,54.896,55.221,1361776.0,136177.6,7543649.1872,1
1781093700000,55.226,55.272,54.88,55.259,29876.0,2987.6,164699.3795,1
1781094600000,55.224,56.726,55.222,56.098,260230.0,26023.0,1462900.7899,1
1781095500000,56.135,56.588,56.045,56.24,53073.0,5307.3,298949.7977,1
1781096400000,56.241,56.357,56.0,56.026,20053.0,2005.3,112544.7928,1
1781097300000,56.004,56.472,56.0,56.321,16183.0,1618.3,91037.8722,1
1781098200000,56.298,57.958,56.251,57.913,216973.0,21697.3,1246394.032,1
1781099100000,57.911,58.0,57.144,57.448,82751.0,8275.1,476746.7767,1
1781100000000,57.447,58.3,57.241,57.737,59969.0,5996.9,347197.2198,1
1781100900000,57.737,58.254,57.358,58.073,21919.0,2191.9,126743.421,1
1781101800000,58.073,58.181,57.553,57.974,26161.0,2616.1,151634.831,1
1781102700000,57.927,58.054,57.372,58.036,37459.0,3745.9,215790.8123,1
1781103600000,58.044,58.181,57.428,57.644,153977.0,15397.7,890448.8815,1
1781104500000,57.615,57.784,56.72,57.712,100480.0,10048.0,573640.0703,1
1781105400000,57.672,57.854,57.279,57.564,27208.0,2720.8,156640.6505,1
1781106300000,57.581,57.899,56.942,57.463,147583.0,14758.3,845839.6353,1
1781107200000,57.492,57.492,56.705,56.742,70871.0,7087.1,405039.5825,1
1781108100000,56.751,56.866,56.251,56.571,241719.0,24171.9,1366526.3016,1
1781109000000,56.568,56.633,55.837,55.908,128398.0,12839.8,719549.6888,1
1781109900000,55.891,55.891,55.608,55.729,142876.0,14287.6,796603.0155,1
1781110800000,55.739,56.276,55.532,55.87,113294.0,11329.4,632174.3773,1
1781111700000,55.86,55.995,55.16,55.171,130079.0,13007.9,722058.6381,1
1781112600000,55.16,55.56,54.955,55.334,133967.0,13396.7,740452.7564,1
1781113500000,55.357,55.689,55.309,55.563,41322.0,4132.2,229375.2259,1
1781114400000,55.573,55.766,55.263,55.351,30308.0,3030.8,168424.1901,1
1781115300000,55.371,55.412,54.912,55.013,80865.0,8086.5,445780.2308,1
1781116200000,55.001,55.171,54.22,54.24,368589.0,36858.9,2011476.0188,1
1781117100000,54.229,54.728,54.228,54.705,138438.0,13843.8,754352.1342,1
1781118000000,54.7,54.8,54.112,54.203,90331.0,9033.1,491218.125,1
1781118900000,54.204,54.546,53.66,54.392,210877.0,21087.7,1139717.9431,1
1781119800000,54.394,54.7,54.082,54.09,104155.0,10415.5,567169.7484,1
1781120700000,54.1,54.273,53.827,53.923,69397.0,6939.7,375184.1324,1
1781121600000,53.922,54.265,53.729,53.975,122804.0,12280.4,662417.917,1
1781122500000,53.979,54.086,53.703,53.703,62451.0,6245.1,336609.3368,1
1781123400000,53.703,53.865,53.564,53.699,33458.0,3345.8,179448.4161,1
1781124300000,53.688,53.96,53.515,53.727,44413.0,4441.3,238567.9606,1
1781125200000,53.716,53.783,53.251,53.39,98115.0,9811.5,524682.1447,1
1781126100000,53.394,54.13,53.384,53.781,65552.0,6555.2,351459.5912,1
1781127000000,53.785,53.923,53.4,53.565,38172.0,3817.2,204649.0297,1
1781127900000,53.565,53.782,53.163,53.313,51818.0,5181.8,276465.3525,1
1781128800000,53.332,53.332,52.691,52.903,90191.0,9019.1,477592.7953,1
1781129700000,52.9,53.012,52.645,52.949,82521.0,8252.1,436191.6542,1
1781130600000,52.942,53.58,52.942,53.284,110468.0,11046.8,589725.6043,1
1781131500000,53.285,53.483,53.168,53.27,24262.0,2426.2,129500.2466,1
1781132400000,53.271,53.272,52.88,52.973,31779.0,3177.9,168535.013,1
1781133300000,52.944,53.44,52.7,53.439,80006.0,8000.6,424687.8481,1
1781134200000,53.439,53.634,53.167,53.293,51188.0,5118.8,273674.2247,1
1781135100000,53.283,53.355,53.128,53.305,18351.0,1835.1,97636.7309,1
1781136000000,53.308,53.48,53.159,53.465,35946.0,3594.6,191694.8077,1
1781136900000,53.469,53.719,53.444,53.551,32824.0,3282.4,175980.0426,1
1781137800000,53.569,53.716,52.88,53.083,154554.0,15455.4,822878.7217,1
1781138700000,53.082,53.391,52.985,53.263,37119.0,3711.9,197164.1483,1
1781139600000,53.273,54.267,53.273,54.111,128688.0,12868.8,692955.8203,1
1781140500000,54.129,54.425,54.075,54.362,88560.0,8856.0,481172.7612,1
1781141400000,54.347,54.475,54.05,54.308,52012.0,5201.2,282316.1178,1
1781142300000,54.308,54.6,54.149,54.542,48939.0,4893.9,266163.2157,1
1781143200000,54.549,54.574,54.134,54.167,35024.0,3502.4,190374.7017,1
1781144100000,54.159,54.159,53.586,53.609,56526.0,5652.6,304031.3712,1
1781145000000,53.621,53.999,53.57,53.907,25329.0,2532.9,136355.8488,1
1781145900000,53.913,54.334,53.892,54.139,54288.0,5428.8,294027.625,1
1781146800000,54.165,54.429,54.165,54.329,10316.0,1031.6,56051.0013,1
1781147700000,54.337,54.365,54.011,54.151,51341.0,5134.1,278130.858,1
1781148600000,54.152,54.586,54.142,54.524,38874.0,3887.4,211729.854,1
1781149500000,54.52,55.294,54.51,55.15,99542.0,9954.2,546448.3369,1
1781150400000,55.18,55.2,54.621,54.796,74680.0,7468.0,410024.4867,1
1781151300000,54.796,54.998,54.652,54.702,35640.0,3564.0,195183.0556,1
1781152200000,54.702,54.772,54.492,54.645,47372.0,4737.2,258901.3812,1
1781153100000,54.646,54.963,54.591,54.745,21433.0,2143.3,117451.7065,1
1781154000000,54.738,54.738,54.364,54.666,33201.0,3320.1,180793.0569,1
1781154900000,54.678,54.917,54.677,54.851,63808.0,6380.8,349786.1343,1
1781155800000,54.862,55.267,54.767,55.264,53967.0,5396.7,297330.3725,1
1781156700000,55.267,55.659,55.224,55.553,79352.0,7935.2,440765.2837,1
1781157600000,55.549,56.014,55.546,55.887,140668.0,14066.8,783718.8416,1
1781158500000,55.909,56.007,55.656,55.928,28180.0,2818.0,157373.6427,1
1781159400000,55.942,56.367,55.819,55.82,37656.0,3765.6,211443.5101,1
1781160300000,55.82,55.868,55.512,55.54,29000.0,2900.0,161392.7528,1
1781161200000,55.548,55.857,55.412,55.824,41104.0,4110.4,228299.2509,1
1781162100000,55.825,56.034,55.684,55.931,32859.0,3285.9,183666.0037,1
1781163000000,55.958,56.042,55.56,55.65,19852.0,1985.2,110586.5949,1
1781163900000,55.65,55.898,55.527,55.56,34700.0,3470.0,193283.4194,1
1781164800000,55.561,55.878,55.513,55.778,14954.0,1495.4,83262.2667,1
1781165700000,55.757,55.904,55.653,55.85,22706.0,2270.6,126668.4488,1
1781166600000,55.847,56.319,55.792,56.021,14332.0,1433.2,80308.5112,1
1781167500000,56.017,56.109,55.819,55.986,19684.0,1968.4,110179.4414,1
1781168400000,55.998,56.211,55.76,55.76,17082.0,1708.2,95689.3095,1
1781169300000,55.749,55.787,55.577,55.686,22412.0,2241.2,124762.139,1
1781170200000,55.689,55.967,55.619,55.881,76444.0,7644.4,427526.8717,1
1781171100000,55.865,56.202,55.846,56.081,103682.0,10368.2,581307.1595,1
1781172000000,56.087,56.2,55.946,56.101,27394.0,2739.4,153644.9955,1
1781172900000,56.108,56.124,55.662,55.716,40014.0,4001.4,223344.5816,1
1781173800000,55.722,55.791,55.684,55.703,2617.0,261.7,14580.996,1
1781174700000,55.706,56.009,55.673,55.932,276631.0,27663.1,1542037.7056,1
1781175600000,55.898,56.966,55.869,56.716,163501.0,16350.1,923505.2138,1
1781176500000,56.708,56.877,56.437,56.749,141534.0,14153.4,801425.0353,1
1781177400000,56.813,56.992,56.687,56.916,139404.0,13940.4,792763.6727,1
1781178300000,56.886,57.121,56.826,56.843,26155.0,2615.5,149008.4483,1
1781179200000,56.84,57.003,56.56,56.842,70610.0,7061.0,400570.5519,1
1781180100000,56.882,56.927,55.984,56.119,72758.0,7275.8,409260.0808,1
1781181000000,56.136,56.374,55.71,56.276,91115.0,9111.5,510881.0824,1
1781181900000,56.266,56.5,56.215,56.301,63572.0,6357.2,358424.5279,1
1781182800000,56.301,56.5,56.11,56.495,111804.0,11180.4,630487.1364,1
1781183700000,56.5,56.5,56.101,56.142,118083.0,11808.3,664096.4585,1
1781184600000,56.115,56.52,56.082,56.424,82436.0,8243.6,465027.6606,1
1781185500000,56.434,57.53,56.433,57.008,115113.0,11511.3,658010.8198,1
1781186400000,57.032,57.149,56.615,56.655,133279.0,13327.9,757121.9512,1
1781187300000,56.639,56.762,56.26,56.703,119261.0,11926.1,674692.0114,1
1781188200000,56.705,56.972,56.435,56.811,51804.0,5180.4,294250.4129,1
1781189100000,56.816,56.888,56.442,56.466,72741.0,7274.1,411164.8506,1
1781190000000,56.473,56.741,56.2,56.58,34904.0,3490.4,196975.121,1
1781190900000,56.583,57.139,56.567,56.932,122763.0,12276.3,698682.4458,1
1781191800000,56.936,57.273,56.771,56.811,32723.0,3272.3,186765.2672,1
1781192700000,56.798,56.895,56.546,56.73,46900.0,4690.0,265906.7051,1
1781193600000,56.694,56.81,56.52,56.802,43393.0,4339.3,245711.1157,1
1781194500000,56.819,56.86,56.331,56.337,40660.0,4066.0,229900.7308,1
1781195400000,56.336,56.703,56.31,56.335,17277.0,1727.7,97636.498,1
1781196300000,56.327,56.364,56.16,56.243,35448.0,3544.8,199317.7726,1
1781197200000,56.236,56.375,56.0,56.001,16264.0,1626.4,91338.8199,1
1781198100000,56.0,56.988,55.828,56.977,52864.0,5286.4,297626.3716,1
1781199000000,57.0,57.883,57.0,57.745,278461.0,27846.1,1603694.4001,1
1781199900000,57.753,58.849,57.722,58.363,295048.0,29504.8,1720511.3656,1
1781200800000,58.364,58.625,57.565,57.808,175018.0,17501.8,1013034.7935,1
1781201700000,57.829,58.284,57.668,57.921,105384.0,10538.4,610560.4634,1
1781202600000,57.921,58.517,57.921,58.517,55291.0,5529.1,322555.3375,1
1781203500000,58.486,58.656,58.3,58.323,57870.0,5787.0,338498.1668,1
1781204400000,58.346,58.515,58.005,58.38,36668.0,3666.8,213686.4357,1
1781205300000,58.369,59.234,58.296,59.2,80398.0,8039.8,473575.4367,1
1781206200000,59.216,59.598,59.143,59.425,68586.0,6858.6,407776.4004,1
1781207100000,59.438,59.48,58.626,58.656,84937.0,8493.7,501206.4611,1
1781208000000,58.662,59.0,58.48,58.766,93535.0,9353.5,549459.0142,1
1781208900000,58.765,59.0,58.24,58.286,83160.0,8316.0,488537.5184,1
1781209800000,58.27,58.485,58.248,58.318,34719.0,3471.9,202585.6919,1
1781210700000,58.311,58.4,58.13,58.342,31132.0,3113.2,181575.0415,1
1781211600000,58.337,59.135,58.332,58.978,48715.0,4871.5,286912.6781,1
1781212500000,58.972,59.05,58.627,58.646,24436.0,2443.6,144044.1649,1
1781213400000,58.662,58.792,58.577,58.727,10665.0,1066.5,62529.4813,1
1781214300000,58.723,59.053,58.684,58.837,22177.0,2217.7,130234.1743,1
1781215200000,58.834,59.091,58.735,58.976,3887.0,388.7,22901.3551,1
1781216100000,58.978,59.2,58.853,59.059,44063.0,4406.3,259846.5294,1
1781217000000,59.051,59.073,58.556,58.585,103751.0,10375.1,609702.0579,1
1781217900000,58.568,58.767,58.53,58.552,17631.0,1763.1,103441.8735,1
1781218800000,58.552,58.805,58.303,58.741,63648.0,6364.8,372636.1494,1
1781219700000,58.719,59.139,58.712,59.096,46157.0,4615.7,272098.5333,1
1781220600000,59.103,59.565,59.103,59.351,41030.0,4103.0,243383.7478,1
1781221500000,59.349,59.355,58.843,58.943,32429.0,3242.9,191419.8982,1
1781222400000,58.956,59.588,58.857,59.234,24754.0,2475.4,146643.9026,1
1781223300000,59.211,59.455,58.991,59.32,9681.0,968.1,57304.3091,1
1781224200000,59.305,59.694,59.232,59.52,24582.0,2458.2,146388.2056,1
1781225100000,59.518,59.518,59.129,59.177,7678.0,767.8,45594.5378,1
1781226000000,59.177,59.177,58.895,58.938,48644.0,4864.4,287026.1714,1
1781226900000,58.954,58.954,58.365,58.469,18637.0,1863.7,109354.2992,1
1781227800000,58.428,58.582,58.334,58.492,26013.0,2601.3,152045.3249,1
1781228700000,58.505,58.63,58.264,58.377,23568.0,2356.8,137586.9693,1
1781229600000,58.418,58.764,58.221,58.698,40518.0,4051.8,236757.0673,1
1781230500000,58.695,59.1,58.48,58.939,27533.0,2753.3,161914.7987,1
1781231400000,58.931,59.449,58.893,59.449,32145.0,3214.5,190601.145,1
1781232300000,59.428,59.433,59.202,59.303,13143.0,1314.3,77980.1612,1
1781233200000,59.316,59.454,59.127,59.244,21519.0,2151.9,127710.8691,1
1781234100000,59.243,59.277,58.926,59.039,78704.0,7870.4,464666.1995,1
1781235000000,59.031,59.218,58.996,59.137,15574.0,1557.4,92086.7125,1
1781235900000,59.135,59.383,59.076,59.223,5395.0,539.5,31932.8393,1
1781236800000,59.233,59.429,58.77,58.854,12799.0,1279.9,75562.6625,1
1781237700000,58.858,59.195,58.858,59.014,15752.0,1575.2,93087.3857,1
1781238600000,59.015,59.076,58.801,59.019,15002.0,1500.2,88380.7778,1
1781239500000,59.045,59.054,58.627,58.675,12099.0,1209.9,71140.0874,1
1781240400000,58.694,58.704,58.32,58.395,7797.0,779.7,45623.5309,1
1781241300000,58.419,58.712,58.384,58.663,13493.0,1349.3,79113.8025,1
1781242200000,58.664,58.729,58.404,58.417,7627.0,762.7,44663.9083,1
1781243100000,58.436,58.489,58.068,58.069,11644.0,1164.4,67938.4457,1
1781244000000,58.068,58.235,57.704,57.744,77459.0,7745.9,449109.1349,1
1781244900000,57.745,57.882,57.572,57.632,48962.0,4896.2,282927.74,1
1781245800000,57.603,57.661,56.931,56.937,53230.0,5323.0,305232.8046,1
1781246700000,56.941,57.324,56.833,57.145,56600.0,5660.0,322669.0683,1
1781247600000,57.153,57.424,57.153,57.28,58832.0,5883.2,337281.6409,1
1781248500000,57.243,57.448,57.132,57.388,15908.0,1590.8,91092.8811,1
1781249400000,57.389,57.489,57.162,57.162,86923.0,8692.3,499080.9735,1
1781250300000,57.144,57.224,56.838,56.969,86925.0,8692.5,495883.0182,1
1781251200000,56.99,57.899,56.955,57.76,191359.0,19135.9,1098008.1114,1
1781252100000,57.764,58.181,57.694,58.181,87735.0,8773.5,509163.4063,1
1781253000000,58.181,58.2,57.92,57.977,7790.0,779.0,45253.8348,1
1781253900000,57.978,58.572,57.954,58.559,357040.0,35704.0,2082813.4445,1
1781254800000,58.559,58.655,58.324,58.466,15954.0,1595.4,93324.0886,1
1781255700000,58.488,58.904,58.46,58.835,40747.0,4074.7,239870.2466,1
1781256600000,58.87,59.25,58.787,59.211,54933.0,5493.3,323446.6342,1
1781257500000,59.193,59.376,59.099,59.199,238881.0,23888.1,1415637.0283,1
1781258400000,59.196,59.455,58.959,59.0,17410.0,1741.0,103183.7015,1
1781259300000,59.0,59.16,58.713,58.737,39072.0,3907.2,230249.1,1
1781260200000,58.743,58.908,58.656,58.873,5164.0,516.4,30347.0837,1
1781261100000,58.86,59.234,58.818,59.138,45065.0,4506.5,266693.9993,1
1781262000000,59.092,59.299,59.057,59.129,9999.0,999.9,59164.6314,1
1781262900000,59.14,59.59,59.089,59.328,14977.0,1497.7,88973.3165,1
1781263800000,59.328,59.411,59.091,59.323,55735.0,5573.5,330600.8952,1
1781264700000,59.326,59.411,59.243,59.25,14119.0,1411.9,83777.8384,1
1781265600000,59.244,60.251,59.085,60.194,153142.0,15314.2,914369.0887,1
1781266500000,60.192,60.468,59.958,60.282,108214.0,10821.4,652309.0206,1
1781267400000,60.268,60.674,60.237,60.504,85713.0,8571.3,517781.0494,1
1781268300000,60.504,60.739,60.336,60.397,29272.0,2927.2,177345.5994,1
1781269200000,60.39,60.634,60.221,60.419,67374.0,6737.4,406569.0834,1
1781270100000,60.418,60.726,60.252,60.349,53218.0,5321.8,322189.7111,1
1781271000000,60.361,60.361,59.454,59.539,111427.0,11142.7,666109.092,1
1781271900000,59.538,59.904,59.404,59.692,61857.0,6185.7,369036.3618,1
1781272800000,59.672,60.334,59.565,59.83,72101.0,7210.1,433174.8067,1
1781273700000,59.819,59.912,59.36,59.849,20852.0,2085.2,124324.0198,1
1781274600000,59.831,60.204,59.608,59.608,129088.0,12908.8,772417.9261,1
1781275500000,59.6,60.464,59.436,60.441,161152.0,16115.2,970173.7507,1
1781276400000,60.459,61.2,59.999,61.175,56954.0,5695.4,345654.1136,1
1781277300000,61.176,61.176,60.764,60.817,76994.0,7699.4,469145.9045,1
1781278200000,60.846,60.879,60.228,60.228,124245.0,12424.5,752578.2763,1
1781279100000,60.238,60.346,59.727,59.737,68127.0,6812.7,408831.7635,1
1781280000000,59.737,60.083,59.457,60.03,28200.0,2820.0,168579.7483,1
1781280900000,60.014,61.245,59.915,60.913,54905.0,5490.5,331596.5422,1
1781281800000,60.887,61.5,60.761,61.164,145579.0,14557.9,889549.7185,1
1781282700000,61.144,61.236,60.852,61.026,19821.0,1982.1,120933.4482,1
1781283600000,61.036,61.848,60.982,61.737,56627.0,5662.7,348236.6051,1
1781284500000,61.716,62.25,61.56,62.25,55603.0,5560.3,343840.4381,1
1781285400000,62.249,62.373,61.968,62.25,66275.0,6627.5,412156.485,1
1781286300000,62.251,62.436,61.849,61.919,55041.0,5504.1,341570.4047,1
1781287200000,61.928,62.154,61.436,61.746,100858.0,10085.8,622326.454,1
1781288100000,61.745,61.899,61.28,61.579,95987.0,9598.7,590557.6378,1
1781289000000,61.557,61.957,61.344,61.864,38874.0,3887.4,240226.0904,1
1781289900000,61.83,61.848,61.092,61.153,26198.0,2619.8,161200.4059,1
1781290800000,61.151,61.216,60.876,60.925,27903.0,2790.3,170237.0317,1
1781291700000,60.924,61.094,60.782,60.816,28129.0,2812.9,171468.0119,1
1781292600000,60.845,60.966,60.474,60.728,13669.0,1366.9,82902.3889,1
1781293500000,60.755,60.84,60.573,60.766,15871.0,1587.1,96369.8826,1
1781294400000,60.805,60.976,60.504,60.96,53278.0,5327.8,323385.8327,1
1781295300000,60.96,61.259,60.792,61.152,44613.0,4461.3,272614.8455,1
1781296200000,61.154,61.303,61.068,61.068,30190.0,3019.0,184752.8143,1
1781297100000,61.065,61.07,60.647,60.816,30860.0,3086.0,187605.2964,1
1781298000000,60.816,60.962,60.634,60.922,10089.0,1008.9,61353.6196,1
1781298900000,60.937,61.132,60.708,61.046,44425.0,4442.5,270472.0149,1
1781299800000,61.028,61.156,60.687,60.689,44434.0,4443.4,271255.2441,1
1781300700000,60.69,60.69,60.161,60.517,43352.0,4335.2,261775.6549,1
1781301600000,60.513,60.616,60.343,60.499,11064.0,1106.4,66882.2174,1
1781302500000,60.499,60.704,60.452,60.552,15854.0,1585.4,95946.6641,1
1781303400000,60.57,60.644,60.297,60.368,16305.0,1630.5,98543.7838,1
1781304300000,60.358,60.84,60.347,60.647,9481.0,948.1,57487.4955,1
1781305200000,60.653,60.698,59.86,59.861,34450.0,3445.0,206832.435,1
1781306100000,59.863,59.896,59.407,59.601,41653.0,4165.3,248293.9473,1
1781307000000,59.607,59.7,59.35,59.407,31426.0,3142.6,186937.2273,1
1781307900000,59.413,59.54,59.236,59.296,48298.0,4829.8,286931.4289,1
1781308800000,59.29,59.352,58.935,58.997,67690.0,6769.0,400153.1305,1
1781309700000,58.974,59.233,58.886,58.967,11031.0,1103.1,65148.2312,1
1781310600000,58.957,59.255,58.914,59.244,26545.0,2654.5,157002.7399,1
1781311500000,59.243,59.352,59.148,59.283,20381.0,2038.1,120785.3557,1
1781312400000,59.296,59.34,59.068,59.166,12482.0,1248.2,73904.2894,1
1781313300000,59.144,59.192,58.941,59.135,66636.0,6663.6,393919.3367,1
1781314200000,59.127,59.449,59.08,59.281,72119.0,7211.9,426730.5475,1
1781315100000,59.276,59.418,59.202,59.366,6916.0,691.6,41013.7939,1
1781316000000,59.398,59.419,59.218,59.247,30928.0,3092.8,183451.2059,1
1781316900000,59.247,59.674,59.201,59.564,37632.0,3763.2,223926.3806,1
1781317800000,59.592,59.687,59.478,59.535,60331.0,6033.1,359574.8546,1
1781318700000,59.54,59.605,59.132,59.221,7835.0,783.5,46489.9647,1
1781319600000,59.224,59.299,59.091,59.156,4318.0,431.8,25561.1479,1
1781320500000,59.17,59.241,58.42,58.46,113099.0,11309.9,663962.6387,1
1781321400000,58.46,58.58,58.357,58.476,22792.0,2279.2,133344.7896,1
1781322300000,58.507,58.651,58.466,58.572,4156.0,415.6,24339.6211,1
1781323200000,58.578,58.629,58.251,58.404,35198.0,3519.8,205342.6676,1
1781324100000,58.404,58.519,58.181,58.201,32439.0,3243.9,189216.6244,1
1781325000000,58.201,58.546,58.201,58.363,50273.0,5027.3,293860.0731,1
1781325900000,58.346,58.495,57.829,57.948,78979.0,7897.9,457843.7388,1
1781326800000,57.979,58.018,57.439,57.601,71454.0,7145.4,411957.4691,1
1781327700000,57.6,57.601,57.292,57.311,25311.0,2531.1,145219.0384,1
1781328600000,57.313,57.8,57.292,57.714,8127.0,812.7,46806.5468,1
1781329500000,57.693,57.851,57.568,57.851,4605.0,460.5,26567.3741,1
1781330400000,57.85,58.3,57.822,58.115,20213.0,2021.3,117472.2942,1
1781331300000,58.134,58.434,58.056,58.41,18931.0,1893.1,110168.8593,1
1781332200000,58.395,58.42,58.237,58.394,20818.0,2081.8,121394.109,1
1781333100000,58.394,58.831,58.392,58.733,88807.0,8880.7,521660.4522,1
1781334000000,58.752,58.811,58.462,58.604,10410.0,1041.0,61009.55,1
1781334900000,58.603,58.881,58.411,58.864,12941.0,1294.1,75841.3969,1
1781335800000,58.865,58.901,58.708,58.89,10424.0,1042.4,61315.6136,1
1781336700000,58.89,58.965,58.722,58.768,5960.0,596.0,35077.4949,1
1781337600000,58.768,58.925,58.568,58.901,7062.0,706.2,41479.3931,1
1781338500000,58.899,59.109,58.863,59.041,53001.0,5300.1,312612.771,1
1781339400000,59.005,59.181,58.807,58.808,5351.0,535.1,31616.973,1
1781340300000,58.821,58.981,58.76,58.885,13558.0,1355.8,79882.2179,1
1781341200000,58.887,58.925,58.626,58.76,49647.0,4964.7,292128.2833,1
1781342100000,58.782,58.816,58.535,58.56,11323.0,1132.3,66428.2832,1
1781343000000,58.575,58.808,58.543,58.603,17512.0,1751.2,102626.4336,1
1781343900000,58.604,58.668,58.272,58.404,11385.0,1138.5,66549.7403,1
1781344800000,58.41,58.498,58.153,58.172,21383.0,2138.3,124517.5727,1
1781345700000,58.167,58.167,57.862,58.014,14878.0,1487.8,86278.8493,1
1781346600000,58.01,58.2,57.878,58.199,21947.0,2194.7,127391.259,1
1781347500000,58.2,58.357,58.033,58.06,13721.0,1372.1,79860.3004,1
1781348400000,58.057,58.209,57.948,58.135,7529.0,752.9,43736.3928,1
1781349300000,58.136,58.457,58.123,58.419,9310.0,931.0,54340.3766,1
1781350200000,58.427,58.459,58.226,58.262,7775.0,777.5,45362.1424,1
1781351100000,58.262,58.728,58.262,58.639,7606.0,760.6,44518.0913,1
1781352000000,58.63,58.881,58.515,58.738,17610.0,1761.0,103535.2737,1
1781352900000,58.746,59.039,58.74,58.975,34880.0,3488.0,205698.2314,1
1781353800000,58.955,59.173,58.917,58.99,91124.0,9112.4,538380.436,1
1781354700000,58.99,59.562,58.99,59.432,47296.0,4729.6,280540.9343,1
1781355600000,59.439,59.455,59.202,59.439,26309.0,2630.9,156074.0042,1
1781356500000,59.438,59.637,59.403,59.43,21654.0,2165.4,128832.0103,1
1781357400000,59.431,59.446,59.238,59.268,25547.0,2554.7,151540.3458,1
1781358300000,59.266,59.266,58.931,59.006,41556.0,4155.6,245482.2396,1
1781359200000,59.01,59.6,58.959,59.599,27821.0,2782.1,164591.8252,1
1781360100000,59.599,60.099,59.599,60.099,33332.0,3333.2,199593.071,1
1781361000000,60.1,60.21,59.849,59.849,18320.0,1832.0,109984.582,1
1781361900000,59.857,60.218,59.856,60.209,15255.0,1525.5,91599.4074,1
1781362800000,60.209,60.407,60.011,60.201,11486.0,1148.6,69144.1419,1
1781363700000,60.207,60.456,60.133,60.167,23946.0,2394.6,144505.4546,1
1781364600000,60.167,60.211,59.762,59.804,356365.0,35636.5,2137796.4215,1
1781365500000,59.782,60.097,59.751,59.914,133078.0,13307.8,797338.4159,1
1781366400000,59.911,59.968,59.591,59.734,35715.0,3571.5,213169.9849,1
1781367300000,59.734,59.859,59.467,59.704,15918.0,1591.8,94820.5715,1
1781368200000,59.708,59.864,59.595,59.811,25350.0,2535.0,151642.4061,1
1781369100000,59.804,60.249,59.656,60.148,29503.0,2950.3,177071.0605,1
1781370000000,60.144,60.186,59.214,59.275,19788.0,1978.8,117615.8882,1
1781370900000,59.292,59.535,59.193,59.535,11208.0,1120.8,66545.1866,1
1781371800000,59.556,59.637,59.406,59.583,7735.0,773.5,46079.4662,1
1781372700000,59.583,59.614,59.003,59.024,20389.0,2038.9,120945.6481,1
1781373600000,59.025,59.374,58.928,59.336,20183.0,2018.3,119258.2516,1
1781374500000,59.34,59.7,59.286,59.686,14604.0,1460.4,86925.5746,1
1781375400000,59.671,59.841,59.605,59.732,19437.0,1943.7,116188.7567,1
1781376300000,59.746,59.878,59.526,59.865,11340.0,1134.0,67696.1438,1
1781377200000,59.857,59.9,59.687,59.737,31444.0,3144.4,187884.0979,1
1781378100000,59.787,59.88,59.69,59.705,1404.0,140.4,8393.772,1
1781379000000,59.711,59.884,59.636,59.863,4098.0,409.8,24505.6454,1
1781379900000,59.877,59.962,59.79,59.87,20415.0,2041.5,122367.1946,1
1781380800000,59.862,59.967,59.788,59.91,4028.0,402.8,24116.3188,1
1781381700000,59.927,59.987,59.787,59.838,1245.0,124.5,7453.9953,1
1781382600000,59.839,59.869,59.628,59.689,8209.0,820.9,49103.0374,1
1781383500000,59.71,59.953,59.687,59.917,30039.0,3003.9,179908.6298,1
1781384400000,59.921,59.983,59.795,59.845,3798.0,379.8,22749.7252,1
1781385300000,59.852,60.176,59.82,60.083,6664.0,666.4,40044.2632,1
1781386200000,60.08,60.709,60.065,60.614,86014.0,8601.4,519091.1892,1
1781387100000,60.612,60.679,60.476,60.518,31786.0,3178.6,192518.5702,1
1781388000000,60.51,60.537,60.254,60.385,8627.0,862.7,52142.6063,1
1781388900000,60.385,60.518,60.291,60.333,9514.0,951.4,57514.4474,1
1781389800000,60.35,60.426,60.277,60.367,6762.0,676.2,40804.3612,1
1781390700000,60.379,60.434,60.223,60.229,22160.0,2216.0,133522.5398,1
1781391600000,60.229,60.546,60.182,60.411,14466.0,1446.6,87304.65,1
1781392500000,60.399,60.597,60.371,60.487,22397.0,2239.7,135511.2472,1
1781393400000,60.488,60.882,60.431,60.854,13542.0,1354.2,82215.6401,1
1781394300000,60.855,60.855,60.634,60.667,117126.0,11712.6,711592.2494,1
1781395200000,60.672,60.679,60.476,60.585,52994.0,5299.4,320851.6134,1
1781396100000,60.588,60.734,60.441,60.726,12437.0,1243.7,75316.8243,1
1781397000000,60.722,60.926,60.689,60.926,14674.0,1467.4,89355.6695,1
1781397900000,60.923,60.934,60.635,60.872,3842.0,384.2,23374.4368,1
1781398800000,60.888,60.934,60.707,60.788,98943.0,9894.3,601612.1212,1
1781399700000,60.802,61.078,60.762,60.811,33486.0,3348.6,204090.6304,1
1781400600000,60.789,60.789,60.519,60.55,20009.0,2000.9,121368.5333,1
1781401500000,60.551,60.661,60.5,60.614,8450.0,845.0,51205.1498,1
1781402400000,60.576,60.978,60.506,60.924,6458.0,645.8,39262.1285,1
1781403300000,60.912,61.133,60.783,60.898,10159.0,1015.9,61861.288,1
1781404200000,60.904,61.196,60.896,61.066,8796.0,879.6,53777.6402,1
1781405100000,61.056,61.056,60.702,60.804,10517.0,1051.7,64024.7658,1
1781406000000,60.809,60.884,60.607,60.607,6077.0,607.7,36906.1609,1
1781406900000,60.609,60.821,60.575,60.607,3344.0,334.4,20301.5949,1
1781407800000,60.607,60.703,60.311,60.364,19839.0,1983.9,119892.1832,1
1781408700000,60.386,60.589,60.345,60.582,11234.0,1123.4,67977.2242,1
1781409600000,60.581,60.633,60.34,60.4,120162.0,12016.2,726365.6316,1
1781410500000,60.417,60.545,60.192,60.193,36183.0,3618.3,218342.1817,1
1781411400000,60.191,60.254,59.981,60.13,22768.0,2276.8,136814.9888,1
1781412300000,60.133,60.311,60.03,60.107,3649.0,364.9,21972.7498,1
1781413200000,60.107,60.227,59.955,60.032,3957.0,395.7,23757.0826,1
1781414100000,60.023,60.084,59.866,59.95,12793.0,1279.3,76714.3548,1
1781415000000,59.956,60.124,59.883,60.032,3814.0,381.4,22888.8091,1
1781415900000,60.032,60.148,59.881,59.929,109192.0,10919.2,655513.6747,1
1781416800000,59.945,60.28,59.945,60.229,4669.0,466.9,28080.4586,1
1781417700000,60.218,60.22,60.069,60.182,23423.0,2342.3,140891.3228,1
1781418600000,60.175,60.175,59.669,59.698,36120.0,3612.0,215937.8283,1
1781419500000,59.719,59.875,59.68,59.867,25985.0,2598.5,155327.1051,1
1781420400000,59.879,60.008,59.835,59.924,30818.0,3081.8,184577.4852,1
1781421300000,59.934,60.534,59.934,60.438,24135.0,2413.5,145681.1567,1
1781422200000,60.431,60.437,59.88,59.88,7323.0,732.3,44051.5029,1
1781423100000,59.864,60.154,59.862,60.071,9876.0,987.6,59288.5229,1
1781424000000,60.084,60.086,59.71,59.889,11658.0,1165.8,69716.9429,1
1781424900000,59.874,60.0,59.812,59.904,17465.0,1746.5,104524.1391,1
1781425800000,59.919,60.112,59.755,60.023,15875.0,1587.5,95249.1185,1
1781426700000,60.02,60.331,60.013,60.249,40601.0,4060.1,244536.146,1
1781427600000,60.247,60.28,60.107,60.219,2991.0,299.1,18009.2983,1
1781428500000,60.249,60.249,59.921,59.95,6145.0,614.5,36866.4058,1
1781429400000,59.944,60.439,59.932,60.439,69700.0,6970.0,418463.6404,1
1781430300000,60.44,60.848,60.333,60.827,57228.0,5722.8,345623.5444,1
1781431200000,60.829,60.829,60.49,60.673,3479.0,347.9,21105.3805,1
1781432100000,60.674,61.587,60.658,61.163,50375.0,5037.5,308248.6248,1
1781433000000,61.17,61.556,61.081,61.25,14824.0,1482.4,90985.0507,1
1781433900000,61.26,61.282,60.953,61.002,9529.0,952.9,58206.0353,1
1781434800000,61.012,61.014,60.646,60.836,25238.0,2523.8,153459.7089,1
1781435700000,60.873,61.05,60.566,61.019,83322.0,8332.2,506866.6919,1
1781436600000,61.023,61.175,60.983,61.071,7677.0,767.7,46890.971,1
1781437500000,61.078,61.25,60.96,61.012,9265.0,926.5,56620.8175,1
1781438400000,61.004,61.297,60.773,60.861,29634.0,2963.4,180524.8225,1
1781439300000,60.835,61.186,60.828,61.067,4000.0,400.0,24435.637,1
1781440200000,61.048,61.162,60.65,60.796,22776.0,2277.6,138764.0008,1
1781441100000,60.777,60.843,60.657,60.843,9977.0,997.7,60585.2012,1
1781442000000,60.893,61.099,60.587,60.855,40789.0,4078.9,247917.1992,1
1781442900000,60.853,60.989,60.648,60.723,30310.0,3031.0,184114.9883,1
1781443800000,60.722,61.278,60.655,61.188,21837.0,2183.7,133335.3577,1
1781444700000,61.188,61.28,60.898,61.042,51643.0,5164.3,315071.6158,1
1781445600000,61.018,61.059,60.223,60.347,34608.0,3460.8,209768.522,1
1781446500000,60.319,60.319,60.056,60.059,28359.0,2835.9,170662.9574,1
1781447400000,60.063,60.119,59.713,59.896,34775.0,3477.5,208278.376,1
1781448300000,59.89,60.332,59.768,60.293,22979.0,2297.9,137874.9998,1
1781449200000,60.293,60.547,60.293,60.504,90535.0,9053.5,547617.6954,1
1781450100000,60.51,60.621,60.325,60.572,37478.0,3747.8,226849.9929,1
1781451000000,60.573,60.708,60.366,60.477,45214.0,4521.4,273660.1614,1
1781451900000,60.472,60.472,60.223,60.228,83050.0,8305.0,500938.5487,1
1781452800000,60.223,60.471,60.2,60.324,12447.0,1244.7,75074.703,1
1781453700000,60.303,60.458,60.213,60.213,17671.0,1767.1,106640.848,1
1781454600000,60.213,60.233,59.962,60.131,22772.0,2277.2,136873.9523,1
1781455500000,60.154,60.221,59.905,59.933,6800.0,680.0,40794.8745,1
1781456400000,59.94,60.214,59.903,60.044,13597.0,1359.7,81608.2903,1
1781457300000,60.054,60.249,60.008,60.229,10925.0,1092.5,65741.4611,1
1781458200000,60.222,60.342,59.938,60.182,23505.0,2350.5,141228.5019,1
1781459100000,60.182,60.199,59.75,59.775,26062.0,2606.2,156157.2088,1
1781460000000,59.785,59.965,59.751,59.933,14822.0,1482.2,88652.4233,1
1781460900000,59.946,59.987,59.609,59.813,16627.0,1662.7,99341.9595,1
1781461800000,59.808,60.243,59.808,60.149,17398.0,1739.8,104498.8932,1
1781462700000,60.136,60.408,60.136,60.348,4890.0,489.0,29508.5893,1
1781463600000,60.335,60.624,60.162,60.577,21310.0,2131.0,128686.5776,1
1781464500000,60.578,60.767,60.412,60.66,47550.0,4755.0,288706.0068,1
1781465400000,60.66,60.72,60.396,60.426,8791.0,879.1,53207.6371,1
1781466300000,60.426,60.532,60.3,60.477,17819.0,1781.9,107632.8719,1
1781467200000,60.514,60.593,60.346,60.398,12932.0,1293.2,78177.8424,1
1781468100000,60.39,60.525,60.324,60.342,17691.0,1769.1,106926.0645,1
1781469000000,60.331,60.738,60.232,60.619,36619.0,3661.9,221212.6736,1
1781469900000,60.602,60.658,60.422,60.477,4560.0,456.0,27604.7842,1
1781470800000,60.519,60.602,60.357,60.602,14755.0,1475.5,89187.5789,1
1781471700000,60.608,61.84,60.596,61.797,81034.0,8103.4,497607.981,1
1781472600000,61.799,63.096,61.627,62.924,128574.0,12857.4,801067.9375,1
1781473500000,62.925,63.65,62.816,63.015,105081.0,10508.1,665676.4333,1
1781474400000,63.017,63.613,62.281,62.845,129799.0,12979.9,815262.3676,1
1781475300000,62.854,63.386,62.512,62.995,63751.0,6375.1,401147.0526,1
1781476200000,63.011,63.444,62.967,63.137,59454.0,5945.4,375309.2547,1
1781477100000,63.154,63.338,62.91,62.994,58360.0,5836.0,368821.6166,1
1781478000000,63.009,63.681,62.973,63.526,70640.0,7064.0,447837.79,1
1781478900000,63.526,63.899,63.524,63.766,132100.0,13210.0,842209.8252,1
1781479800000,63.752,63.944,63.596,63.88,41711.0,4171.1,265982.9807,1
1781480700000,63.879,64.043,63.829,63.867,52664.0,5266.4,336854.8063,1
1781481600000,63.872,64.2,63.543,64.152,84923.0,8492.3,542150.8797,1
1781482500000,64.084,64.226,63.786,63.872,57970.0,5797.0,371048.3868,1
1781483400000,63.848,64.043,63.677,63.725,26098.0,2609.8,166736.82,1
1781484300000,63.744,63.995,63.667,63.919,9977.0,997.7,63638.2497,1
1781485200000,63.925,63.925,63.132,63.569,69516.0,6951.6,441446.3331,1
1781486100000,63.565,63.62,63.238,63.433,14080.0,1408.0,89335.9576,1
1781487000000,63.444,63.882,63.413,63.79,21623.0,2162.3,137655.1993,1
1781487900000,63.798,63.966,63.468,63.556,23744.0,2374.4,151184.0226,1
1781488800000,63.562,63.877,63.418,63.832,26634.0,2663.4,169457.7244,1
1781489700000,63.85,64.227,63.85,64.04,93250.0,9325.0,597593.3843,1
1781490600000,64.051,64.967,64.033,64.944,37343.0,3734.3,240847.104,1
1781491500000,64.948,64.999,64.584,64.786,141451.0,14145.1,914845.7282,1
1781492400000,64.785,64.885,64.62,64.745,49408.0,4940.8,320159.0716,1
1781493300000,64.746,64.834,64.551,64.834,29163.0,2916.3,188617.4275,1
1781494200000,64.833,64.991,64.769,64.965,27736.0,2773.6,179953.5848,1
1781495100000,64.946,65.25,64.775,65.25,89234.0,8923.4,581015.1853,1
1781496000000,65.249,65.725,65.249,65.621,73375.0,7337.5,481064.1531,1
1781496900000,65.596,65.596,65.118,65.199,33839.0,3383.9,220915.0569,1
1781497800000,65.199,65.2,64.77,64.801,93593.0,9359.3,608211.4523,1
1781498700000,64.786,65.199,64.763,64.801,27198.0,2719.8,176758.2914,1
1781499600000,64.817,65.017,64.785,64.865,44232.0,4423.2,287149.0567,1
1781500500000,64.865,65.129,64.718,64.746,61181.0,6118.1,396849.7584,1
1781501400000,64.779,64.803,64.55,64.716,39184.0,3918.4,253191.2423,1
1781502300000,64.722,64.92,64.708,64.743,139511.0,13951.1,904156.8191,1
1781503200000,64.758,64.899,64.402,64.489,54633.0,5463.3,352710.804,1
1781504100000,64.486,64.835,64.411,64.596,131292.0,13129.2,847104.5511,1
1781505000000,64.602,64.782,64.397,64.77,27897.0,2789.7,180373.399,1
1781505900000,64.775,65.2,64.775,65.164,21328.0,2132.8,138864.472,1
1781506800000,65.17,65.48,64.777,65.399,178581.0,17858.1,1164776.6764,1
1781507700000,65.365,65.725,65.318,65.331,29899.0,2989.9,195986.6651,1
1781508600000,65.33,65.334,64.93,65.051,58091.0,5809.1,378365.3901,1
1781509500000,65.045,65.256,65.031,65.2,46312.0,4631.2,301566.6828,1
1781510400000,65.199,65.637,65.114,65.636,29528.0,2952.8,193188.6335,1
1781511300000,65.636,65.725,65.505,65.724,35659.0,3565.9,234176.3475,1
1781512200000,65.724,65.951,65.614,65.838,97862.0,9786.2,644277.7663,1
1781513100000,65.838,65.99,65.769,65.978,22908.0,2290.8,150961.1449,1
1781514000000,65.981,66.233,65.837,66.151,33220.0,3322.0,219379.8222,1
1781514900000,66.126,66.233,65.855,65.925,4312.0,431.2,28474.8229,1
1781515800000,65.925,66.042,65.7,65.989,19884.0,1988.4,130977.2701,1
1781516700000,65.964,66.598,65.908,66.514,30251.0,3025.1,200969.029,1
1781517600000,66.51,66.924,66.393,66.91,16244.0,1624.4,108310.7809,1
1781518500000,66.91,67.245,66.816,66.88,37458.0,3745.8,251399.7134,1
1781519400000,66.904,67.409,66.893,67.201,40953.0,4095.3,275058.2678,1
1781520300000,67.184,68.085,67.167,67.816,37586.0,3758.6,254471.0262,1
1781521200000,67.806,68.162,67.634,68.013,39979.0,3997.9,271767.4981,1
1781522100000,68.021,68.104,67.772,68.056,24946.0,2494.6,169551.4254,1
1781523000000,68.066,68.486,67.888,67.917,42333.0,4233.3,288963.7274,1
1781523900000,67.942,68.222,67.76,67.933,37666.0,3766.6,256006.2674,1
1781524800000,67.943,68.127,67.377,67.948,25392.0,2539.2,171962.6904,1
1781525700000,67.943,68.221,67.707,67.92,32868.0,3286.8,223307.8552,1
1781526600000,67.914,68.121,67.704,67.953,60178.0,6017.8,408858.4966,1
1781527500000,67.946,68.298,67.901,68.033,38005.0,3800.5,258990.3343,1
1781528400000,68.008,68.239,67.729,68.085,19418.0,1941.8,132049.5591,1
1781529300000,68.083,68.209,67.831,68.029,31089.0,3108.9,211456.424,1
1781530200000,68.039,68.039,67.205,67.29,86576.0,8657.6,584151.7942,1
1781531100000,67.288,67.399,66.9,66.981,230820.0,23082.0,1549583.0015,1
1781532000000,66.974,67.222,66.667,67.216,42848.0,4284.8,286648.0631,1
1781532900000,67.204,67.578,67.178,67.419,48410.0,4841.0,326307.1655,1
1781533800000,67.383,67.407,67.084,67.382,66954.0,6695.4,450595.4192,1
1781534700000,67.383,68.1,67.381,67.989,75606.0,7560.6,512610.8225,1
1781535600000,67.964,68.154,67.635,67.674,43321.0,4332.1,294245.8773,1
1781536500000,67.664,67.748,67.457,67.592,17737.0,1773.7,119850.3994,1
1781537400000,67.57,67.975,67.459,67.971,25722.0,2572.2,174079.7452,1
1781538300000,67.955,68.358,67.882,68.007,128157.0,12815.7,872095.8685,1
1781539200000,68.018,68.253,67.508,68.138,36048.0,3604.8,244458.6614,1
1781540100000,68.125,68.269,67.969,68.04,26658.0,2665.8,181619.9838,1
1781541000000,68.04,68.093,67.77,67.947,37965.0,3796.5,257856.0069,1
1781541900000,67.938,68.445,67.753,68.395,36654.0,3665.4,250370.9574,1
1781542800000,68.394,68.749,67.872,68.101,68615.0,6861.5,468572.8889,1
1781543700000,68.08,68.299,67.951,68.299,21524.0,2152.4,146832.7741,1
1781544600000,68.31,68.324,67.936,68.066,26314.0,2631.4,179132.2521,1
1781545500000,68.037,68.225,68.037,68.095,27170.0,2717.0,185212.6692,1
1781546400000,68.108,68.128,67.819,68.056,27496.0,2749.6,186703.8118,1
1781547300000,68.083,68.168,67.703,67.83,14726.0,1472.6,99948.1272,1
1781548200000,67.849,68.334,67.849,68.302,121956.0,12195.6,831988.7294,1
1781549100000,68.314,68.394,67.923,67.976,11246.0,1124.6,76673.8928,1
1781550000000,67.964,68.242,67.924,67.937,12260.0,1226.0,83471.3715,1
1781550900000,67.939,67.979,67.2,67.398,54704.0,5470.4,368549.5676,1
1781551800000,67.428,67.546,67.298,67.39,106001.0,10600.1,714344.5612,1
1781552700000,67.396,67.418,67.034,67.052,115533.0,11553.3,776448.1438,1
1781553600000,67.052,67.385,67.009,67.347,6880.0,688.0,46185.9933,1
1781554500000,67.333,67.4,67.116,67.33,10785.0,1078.5,72517.1567,1
1781555400000,67.338,67.638,67.338,67.523,13250.0,1325.0,89468.5233,1
1781556300000,67.478,67.587,67.29,67.414,6682.0,668.2,45051.1084,1
1781557200000,67.399,67.681,67.325,67.681,14527.0,1452.7,98159.4121,1
1781558100000,67.681,67.895,67.51,67.51,10487.0,1048.7,70992.3405,1
1781559000000,67.512,67.722,67.339,67.661,7686.0,768.6,51935.6256,1
1781559900000,67.661,68.183,67.661,68.078,14972.0,1497.2,101840.5686,1
1781560800000,68.086,68.358,68.085,68.131,7560.0,756.0,51582.8094,1
1781561700000,68.154,68.312,67.391,67.396,19742.0,1974.2,134090.607,1
1781562600000,67.37,67.456,66.582,66.999,45412.0,4541.2,303730.146,1
1781563500000,66.999,67.091,66.44,66.461,24123.0,2412.3,160810.9608,1
1781564400000,66.45,66.811,66.446,66.713,9714.0,971.4,64750.968,1
1781565300000,66.71,66.765,66.216,66.245,37833.0,3783.3,251179.6915,1
1781566200000,66.243,66.597,66.095,66.581,32805.0,3280.5,217898.121,1
1781567100000,66.581,66.934,66.437,66.871,41263.0,4126.3,275204.1821,1
1781568000000,66.871,67.084,66.711,67.023,8803.0,880.3,58953.5705,1
1781568900000,67.048,67.071,66.483,66.498,20699.0,2069.9,138444.424,1
1781569800000,66.48,67.227,66.35,67.063,40766.0,4076.6,271400.6875,1
1781570700000,67.064,67.53,67.0,67.282,21484.0,2148.4,144593.4198,1
1781571600000,67.284,67.626,67.167,67.167,7362.0,736.2,49607.9808,1
1781572500000,67.167,67.537,67.09,67.532,28441.0,2844.1,191772.4579,1
1781573400000,67.524,67.57,67.348,67.435,4734.0,473.4,31953.9474,1
1781574300000,67.447,67.666,67.249,67.312,4926.0,492.6,33237.3962,1
1781575200000,67.32,67.461,67.09,67.09,8499.0,849.9,57169.2384,1
1781576100000,67.09,67.622,67.09,67.136,13761.0,1376.1,92575.299,1
1781577000000,67.174,67.332,66.87,67.267,36736.0,3673.6,246549.2634,1
1781577900000,67.267,67.528,67.207,67.476,26295.0,2629.5,177219.6081,1
1781578800000,67.487,68.574,67.353,68.443,68727.0,6872.7,467910.0026,1
1781579700000,68.469,69.261,68.153,69.191,131136.0,13113.6,900478.694,1
1781580600000,69.169,69.578,68.8,69.568,54730.0,5473.0,378698.4504,1
1781581500000,69.578,69.682,69.214,69.682,33988.0,3398.8,236088.4105,1
1781582400000,69.681,69.966,69.513,69.795,71601.0,7160.1,499870.5759,1
1781583300000,69.77,69.89,69.119,69.277,40798.0,4079.8,283401.1497,1
1781584200000,69.27,69.599,69.053,69.325,22930.0,2293.0,159167.6504,1
1781585100000,69.307,70.49,69.267,70.386,74584.0,7458.4,520225.5974,1
1781586000000,70.371,71.9,70.365,71.805,101537.0,10153.7,723485.331,1
1781586900000,71.791,71.916,71.367,71.786,55556.0,5555.6,397938.0033,1
1781587800000,71.818,72.187,71.569,72.078,67800.0,6780.0,487694.8272,1
1781588700000,72.098,72.285,71.777,71.815,42016.0,4201.6,302809.0064,1
1781589600000,72.067,72.363,71.559,72.096,60543.0,6054.3,436447.836,1
1781590500000,72.095,72.102,71.739,71.909,19905.0,1990.5,143146.1005,1
1781591400000,71.895,72.547,71.612,72.515,37995.0,3799.5,274459.8743,1
1781592300000,72.496,72.764,72.192,72.701,32918.0,3291.8,238711.6789,1
1781593200000,72.707,72.779,71.895,72.083,34512.0,3451.2,249664.9923,1
1781594100000,72.078,72.534,71.92,71.956,28529.0,2852.9,206051.4307,1
1781595000000,71.939,72.645,71.936,72.513,10658.0,1065.8,77064.914,1
1781595900000,72.482,73.053,72.482,72.933,38427.0,3842.7,280282.2261,1
1781596800000,72.963,73.106,72.591,72.784,25750.0,2575.0,187612.0631,1
1781597700000,72.801,72.999,72.552,72.712,5504.0,550.4,40027.0748,1
1781598600000,72.716,73.535,72.713,73.44,35566.0,3556.6,260752.7636,1
1781599500000,73.429,74.061,73.334,73.707,50750.0,5075.0,374697.1827,1
1781600400000,73.739,73.863,73.001,73.399,44854.0,4485.4,329070.4314,1
1781601300000,73.4,73.834,73.4,73.62,18556.0,1855.6,136435.4952,1
1781602200000,73.616,73.9,73.495,73.759,12420.0,1242.0,91598.7594,1
1781603100000,73.777,73.791,73.235,73.442,11773.0,1177.3,86452.0189,1
1781604000000,73.441,73.662,73.249,73.635,38987.0,3898.7,286044.1601,1
1781604900000,73.636,74.8,73.636,74.8,115238.0,11523.8,858117.3551,1
1781605800000,74.8,75.394,74.712,75.29,183699.0,18369.9,1379595.7036,1
1781606700000,75.289,76.52,75.289,75.36,147638.0,14763.8,1119067.3573,1
1781607600000,75.386,76.09,75.357,75.971,54514.0,5451.4,412746.7303,1
1781608500000,75.971,76.07,74.761,74.919,150078.0,15007.8,1128676.9962,1
1781609400000,74.907,75.253,74.566,75.05,51794.0,5179.4,387999.6422,1
1781610300000,75.047,75.674,74.825,75.592,34531.0,3453.1,259719.6182,1
1781611200000,75.609,75.613,74.864,75.429,80063.0,8006.3,602660.2758,1
1781612100000,75.452,75.995,75.078,75.15,54558.0,5455.8,412022.8249,1
1781613000000,75.149,76.389,75.073,76.376,59666.0,5966.6,452190.6905,1
1781613900000,76.364,76.966,76.19,76.959,150189.0,15018.9,1149066.7832,1
1781614800000,76.946,76.946,75.543,75.696,101869.0,10186.9,777564.1584,1
1781615700000,75.662,75.935,75.36,75.511,85632.0,8563.2,647235.2526,1
1781616600000,75.512,76.334,75.511,75.768,83370.0,8337.0,633002.3027,1
1781617500000,75.784,76.274,75.51,75.777,50598.0,5059.8,384385.2429,1
1781618400000,75.787,76.486,74.801,75.133,95044.0,9504.4,718250.2764,1
1781619300000,75.124,75.214,73.922,73.922,438577.0,43857.7,3280217.7939,1
1781620200000,73.921,74.5,73.334,74.279,75542.0,7554.2,558520.7775,1
1781621100000,74.302,74.46,73.418,73.469,56581.0,5658.1,417923.0526,1
1781622000000,73.501,74.13,73.392,73.996,61283.0,6128.3,452190.9939,1
1781622900000,73.988,74.102,73.401,73.852,67394.0,6739.4,496122.4728,1
1781623800000,73.852,74.634,73.737,74.232,78276.0,7827.6,581575.096,1
1781624700000,74.222,75.064,74.0,74.919,72243.0,7224.3,538558.5332,1
1781625600000,74.93,75.268,74.272,74.407,30634.0,3063.4,229041.3086,1
1781626500000,74.374,74.586,73.814,74.466,23179.0,2317.9,171767.0877,1
1781627400000,74.456,74.858,73.857,74.766,14566.0,1456.6,108309.7555,1
1781628300000,74.775,74.848,73.449,73.706,34341.0,3434.1,253591.6362,1
1781629200000,73.726,73.806,72.845,73.45,125773.0,12577.3,920757.3023,1
1781630100000,73.451,73.847,73.103,73.796,24162.0,2416.2,177575.8505,1
1781631000000,73.778,74.076,73.545,73.593,101767.0,10176.7,750850.3797,1
1781631900000,73.593,74.312,73.543,73.991,56104.0,5610.4,415594.918,1
1781632800000,74.036,74.969,74.026,74.499,41413.0,4141.3,309137.1018,1
1781633700000,74.49,74.514,73.308,73.528,60538.0,6053.8,445320.2339,1
1781634600000,73.525,73.532,72.503,73.089,74343.0,7434.3,543298.5911,1
1781635500000,73.085,73.301,72.819,72.867,88479.0,8847.9,646450.3605,1
1781636400000,72.862,73.231,72.433,73.028,146179.0,14617.9,1063015.4321,1
1781637300000,73.027,73.332,72.598,73.163,44045.0,4404.5,321192.6227,1
1781638200000,73.188,73.454,72.851,73.167,22198.0,2219.8,162538.2998,1
1781639100000,73.158,73.179,72.237,72.494,27740.0,2774.0,201433.7101,1
1781640000000,72.486,73.054,72.2,72.925,35313.0,3531.3,255998.7836,1
1781640900000,72.95,73.068,72.334,72.648,28386.0,2838.6,206594.7024,1
1781641800000,72.67,73.374,72.632,73.27,21615.0,2161.5,157776.9205,1
1781642700000,73.273,73.473,73.189,73.44,14577.0,1457.7,106908.0403,1
1781643600000,73.42,73.509,73.198,73.375,19407.0,1940.7,142541.1349,1
1781644500000,73.39,73.432,72.899,72.994,18550.0,1855.0,135563.3336,1
1781645400000,73.013,73.432,73.004,73.399,9895.0,989.5,72537.0573,1
1781646300000,73.411,73.731,73.085,73.501,9386.0,938.6,68880.7629,1
1781647200000,73.504,74.011,73.402,73.957,23776.0,2377.6,175314.8283,1
1781648100000,73.97,74.013,73.443,73.72,13759.0,1375.9,101386.2821,1
1781649000000,73.711,73.729,73.144,73.177,21395.0,2139.5,156951.1054,1
1781649900000,73.154,73.518,73.021,73.481,15378.0,1537.8,112799.7746,1
1781650800000,73.49,73.8,73.49,73.792,63469.0,6346.9,467965.5361,1
1781651700000,73.8,73.847,72.973,73.337,13797.0,1379.7,101006.1793,1
1781652600000,73.331,73.792,73.072,73.66,30422.0,3042.2,223255.0799,1
1781653500000,73.655,73.69,73.253,73.648,20607.0,2060.7,151748.0426,1
1781654400000,73.7,73.929,73.584,73.771,10852.0,1085.2,80031.2381,1
1781655300000,73.77,73.77,73.201,73.535,11506.0,1150.6,84550.5664,1
1781656200000,73.536,73.559,73.251,73.443,12293.0,1229.3,90149.1568,1
1781657100000,73.487,73.498,72.632,72.813,49982.0,4998.2,364222.3123,1
1781658000000,72.824,73.8,72.822,73.799,9982.0,998.2,73119.0689,1
1781658900000,73.799,73.846,73.186,73.466,17211.0,1721.1,126462.6773,1
1781659800000,73.467,74.425,73.434,74.093,60297.0,6029.7,447518.1366,1
1781660700000,74.05,74.8,74.05,74.428,30223.0,3022.3,225282.9132,1
1781661600000,74.418,74.858,74.258,74.312,34318.0,3431.8,255384.891,1
1781662500000,74.323,74.769,74.104,74.73,17880.0,1788.0,132996.3068,1
1781663400000,74.753,74.786,74.264,74.589,8210.0,821.0,61211.5965,1
1781664300000,74.593,74.938,74.569,74.856,9742.0,974.2,72881.3811,1
1781665200000,74.841,74.876,74.416,74.865,6389.0,638.9,47670.8639,1
1781666100000,74.854,74.905,74.625,74.875,33912.0,3391.2,253790.8616,1
1781667000000,74.874,75.108,74.514,74.629,45641.0,4564.1,341191.1438,1
1781667900000,74.642,74.852,74.304,74.508,7144.0,714.4,53275.6193,1
1781668800000,74.507,75.263,74.334,75.201,15437.0,1543.7,115884.0487,1
1781669700000,75.221,75.347,74.745,74.829,11858.0,1185.8,89005.4057,1
1781670600000,74.832,74.925,74.517,74.7,17325.0,1732.5,129422.9678,1
1781671500000,74.681,74.841,74.464,74.511,4890.0,489.0,36518.1246,1
1781672400000,74.518,74.559,73.651,73.712,29303.0,2930.3,216877.0148,1
1781673300000,73.712,74.225,73.508,74.224,14428.0,1442.8,106490.3587,1
1781674200000,74.224,74.726,74.224,74.483,17458.0,1745.8,130032.5392,1
1781675100000,74.48,74.724,74.146,74.354,10821.0,1082.1,80597.244,1
1781676000000,74.355,74.376,73.934,74.011,9037.0,903.7,66980.2079,1
1781676900000,74.007,74.057,73.227,73.235,24304.0,2430.4,178914.4467,1
1781677800000,73.226,73.283,72.875,73.054,25299.0,2529.9,184649.3391,1
1781678700000,73.057,73.467,72.95,73.416,6238.0,623.8,45667.1901,1
1781679600000,73.421,73.7,73.355,73.699,11811.0,1181.1,86832.5783,1
1781680500000,73.699,73.755,73.001,73.379,16930.0,1693.0,124244.8569,1
1781681400000,73.382,73.699,73.294,73.294,9003.0,900.3,66209.8681,1
1781682300000,73.249,73.551,73.15,73.397,9502.0,950.2,69668.0034,1
1781683200000,73.451,73.51,73.015,73.015,7297.0,729.7,53411.6471,1
1781684100000,73.05,73.322,72.736,73.215,15532.0,1553.2,113379.563,1
1781685000000,73.212,73.277,72.833,73.065,26706.0,2670.6,195070.9977,1
1781685900000,73.055,73.06,72.25,72.41,90906.0,9090.6,659149.2983,1
1781686800000,72.407,72.694,72.366,72.618,5284.0,528.4,38345.7846,1
1781687700000,72.629,72.7,72.341,72.548,13247.0,1324.7,96132.2727,1
1781688600000,72.549,72.907,72.476,72.833,9509.0,950.9,69037.8296,1
1781689500000,72.824,73.193,72.76,73.081,7402.0,740.2,54044.6055,1
1781690400000,73.076,73.091,72.598,72.772,5427.0,542.7,39521.8026,1
1781691300000,72.798,72.999,72.429,72.48,29002.0,2900.2,210475.1893,1
1781692200000,72.49,72.587,72.2,72.242,9343.0,934.3,67539.7789,1
1781693100000,72.233,72.5,72.109,72.255,29558.0,2955.8,213808.3603,1
1781694000000,72.274,72.42,71.25,71.342,175394.0,17539.4,1258434.4596,1
1781694900000,71.365,71.402,70.88,70.923,62996.0,6299.6,447739.7144,1
1781695800000,70.951,71.279,70.685,71.122,50006.0,5000.6,355063.4336,1
1781696700000,71.161,71.365,71.0,71.021,41931.0,4193.1,298245.7978,1
1781697600000,71.05,71.295,70.91,70.965,6679.0,667.9,47504.2373,1
1781698500000,70.943,70.947,70.149,70.168,69688.0,6968.8,490754.8099,1
1781699400000,70.196,70.796,69.983,70.737,80571.0,8057.1,565594.464,1
1781700300000,70.726,71.63,70.726,71.416,112306.0,11230.6,800298.2378,1
1781701200000,71.367,71.424,71.001,71.249,41622.0,4162.2,296368.2066,1
1781702100000,71.191,71.395,71.19,71.395,23226.0,2322.6,165495.6719,1
1781703000000,71.394,72.202,71.231,71.694,73735.0,7373.5,529312.4961,1
1781703900000,71.734,72.334,71.675,71.724,63733.0,6373.3,458591.4198,1
1781704800000,71.717,71.935,71.27,71.868,54416.0,5441.6,389008.171,1
1781705700000,71.891,72.239,71.846,72.229,58148.0,5814.8,419227.5716,1
1781706600000,72.228,72.373,71.678,71.819,37414.0,3741.4,269624.9713,1
1781707500000,71.8,72.573,71.551,72.156,58439.0,5843.9,421552.3846,1
1781708400000,72.154,72.392,71.894,72.259,13533.0,1353.3,97607.1428,1
1781709300000,72.222,72.718,72.103,72.696,19731.0,1973.1,142785.0853,1
1781710200000,72.708,73.833,72.493,73.716,81801.0,8180.1,597753.5739,1
1781711100000,73.711,74.555,73.47,74.344,37267.0,3726.7,275869.397,1
1781712000000,74.343,75.88,74.342,75.822,137225.0,13722.5,1033967.2967,1
1781712900000,75.809,76.483,75.501,76.355,140407.0,14040.7,1067439.5638,1
1781713800000,76.354,76.627,75.655,75.898,157912.0,15791.2,1201314.1094,1
1781714700000,75.864,76.065,75.148,75.291,109000.0,10900.0,824263.0428,1
1781715600000,75.294,75.459,74.723,75.078,92284.0,9228.4,693409.4711,1
1781716500000,75.079,75.333,74.787,75.244,97149.0,9714.9,729668.6085,1
1781717400000,75.244,75.396,74.012,74.183,58042.0,5804.2,433943.2233,1
1781718300000,74.2,74.634,73.9,74.305,33052.0,3305.2,245448.2309,1
1781719200000,74.342,74.808,72.761,73.931,181360.0,18136.0,1335043.9576,1
1781720100000,73.936,74.484,73.93,74.113,42722.0,4272.2,316942.8575,1
1781721000000,74.118,75.284,74.073,75.03,53130.0,5313.0,396379.523,1
1781721900000,75.077,75.15,73.329,73.658,49094.0,4909.4,365451.4716,1
1781722800000,73.696,74.019,72.95,73.683,58086.0,5808.6,426357.7057,1
1781723700000,73.674,73.675,71.43,71.863,93348.0,9334.8,673781.5796,1
1781724600000,71.868,72.699,71.062,71.145,65850.0,6585.0,472902.862,1
1781725500000,71.221,72.37,71.184,72.244,53728.0,5372.8,385418.8846,1
1781726400000,72.242,72.82,72.151,72.365,37267.0,3726.7,270430.319,1
1781727300000,72.366,72.467,71.828,72.31,25086.0,2508.6,180843.6318,1
1781728200000,72.326,72.515,71.75,71.77,11894.0,1189.4,85921.3006,1
1781729100000,71.751,72.487,71.6,72.38,24803.0,2480.3,177954.9022,1
1781730000000,72.419,72.629,71.888,71.906,16666.0,1666.6,120283.1525,1
1781730900000,71.905,72.104,71.574,71.579,24153.0,2415.3,173537.8959,1
1781731800000,71.573,71.97,71.188,71.188,38637.0,3863.7,276344.5206,1
1781732700000,71.194,71.194,70.496,71.078,122995.0,12299.5,870679.7112,1
1781733600000,71.07,71.081,70.221,70.275,55838.0,5583.8,393289.601,1
1781734500000,70.277,71.449,70.227,71.411,61728.0,6172.8,436310.0491,1
1781735400000,71.391,71.487,70.833,71.094,40444.0,4044.4,287487.4692,1
1781736300000,71.077,71.568,70.962,70.97,12219.0,1221.9,87080.7629,1
1781737200000,70.957,71.531,70.949,71.22,22597.0,2259.7,161084.1748,1
1781738100000,71.22,71.675,71.195,71.434,17700.0,1770.0,126488.1063,1
1781739000000,71.407,71.442,71.143,71.226,3634.0,363.4,25894.9572,1
1781739900000,71.189,71.355,71.097,71.157,4387.0,438.7,31250.9523,1
1781740800000,71.167,71.868,71.065,71.831,26145.0,2614.5,187390.1493,1
1781741700000,71.871,72.14,71.843,72.108,15471.0,1547.1,111373.6478,1
1781742600000,72.102,72.43,72.069,72.22,18301.0,1830.1,132323.8751,1
1781743500000,72.228,72.462,72.068,72.3,13732.0,1373.2,99174.7785,1
1781744400000,72.348,73.696,72.309,73.663,18815.0,1881.5,137255.7116,1
1781745300000,73.662,73.672,73.243,73.347,37364.0,3736.4,274616.3567,1
1781746200000,73.353,73.463,72.658,72.756,31916.0,3191.6,233011.3336,1
1781747100000,72.723,72.766,72.169,72.415,225151.0,22515.1,1629172.2883,1
1781748000000,72.408,72.494,72.169,72.316,14450.0,1445.0,104517.2454,1
1781748900000,72.316,72.646,72.058,72.396,12724.0,1272.4,92112.8589,1
1781749800000,72.397,72.553,72.07,72.508,17099.0,1709.9,123586.457,1
1781750700000,72.513,72.754,72.339,72.478,12765.0,1276.5,92719.4387,1
1781751600000,72.48,72.54,71.709,71.709,54187.0,5418.7,389885.8589,1
1781752500000,71.757,72.056,71.575,71.669,11167.0,1116.7,80109.0216,1
1781753400000,71.679,71.856,70.686,70.686,25191.0,2519.1,179310.9663,1
1781754300000,70.689,71.394,70.689,70.988,46895.0,4689.5,333425.8937,1
1781755200000,70.985,71.136,69.255,69.849,82712.0,8271.2,579305.2493,1
1781756100000,69.852,70.005,69.101,69.445,43116.0,4311.6,300134.3879,1
1781757000000,69.44,69.5,69.16,69.16,17202.0,1720.2,119350.8474,1
1781757900000,69.177,69.462,68.757,69.265,26936.0,2693.6,185963.1319,1
1781758800000,69.274,69.389,68.626,68.949,31864.0,3186.4,219786.9938,1
1781759700000,68.95,69.458,68.8,69.294,34204.0,3420.4,235896.7299,1
1781760600000,69.28,69.428,69.001,69.041,31442.0,3144.2,217625.8362,1
1781761500000,69.062,69.769,69.062,69.715,15013.0,1501.3,104271.6828,1
1781762400000,69.716,70.199,69.574,69.904,29408.0,2940.8,205960.4434,1
1781763300000,69.942,70.5,69.789,70.462,10513.0,1051.3,73800.9778,1
1781764200000,70.449,70.667,70.205,70.666,11485.0,1148.5,80810.001,1
1781765100000,70.667,71.25,70.344,71.222,17849.0,1784.9,126540.0409,1
1781766000000,71.233,71.233,70.667,70.817,15346.0,1534.6,108889.5086,1
1781766900000,70.795,71.672,70.791,71.371,64131.0,6413.1,458427.2722,1
1781767800000,71.355,71.453,70.936,71.167,19750.0,1975.0,140649.2859,1
1781768700000,71.134,71.521,70.962,71.521,24343.0,2434.3,173325.6303,1
1781769600000,71.515,72.068,71.135,71.864,20221.0,2022.1,145209.6415,1
1781770500000,71.835,72.286,71.5,72.285,15544.0,1554.4,111639.7903,1
1781771400000,72.286,72.55,72.196,72.462,21509.0,2150.9,155711.4458,1
1781772300000,72.434,72.702,71.755,71.873,22306.0,2230.6,161481.6049,1
1781773200000,71.851,72.512,71.696,72.42,13271.0,1327.1,95731.0265,1
1781774100000,72.376,72.76,71.886,71.923,20065.0,2006.5,145256.1131,1
1781775000000,71.915,72.038,71.773,71.886,33400.0,3340.0,240120.2315,1
1781775900000,71.914,72.029,71.815,71.865,17734.0,1773.4,127529.7813,1
1781776800000,71.866,71.866,71.282,71.413,35124.0,3512.4,250919.0432,1
1781777700000,71.437,71.98,71.334,71.676,9497.0,949.7,68001.2053,1
1781778600000,71.695,71.815,71.41,71.687,20165.0,2016.5,144480.2142,1
1781779500000,71.688,72.5,71.512,72.174,41089.0,4108.9,297093.5647,1
1781780400000,72.193,72.59,71.732,71.948,36708.0,3670.8,265257.691,1
1781781300000,71.968,71.985,71.33,71.459,11379.0,1137.9,81361.5893,1
1781782200000,71.552,71.6,70.687,70.808,39094.0,3909.4,277592.9584,1
1781783100000,70.826,71.0,70.624,70.939,33221.0,3322.1,235187.5678,1
1781784000000,70.981,71.03,70.715,70.876,13490.0,1349.0,95628.8057,1
1781784900000,70.882,71.995,70.766,71.984,33290.0,3329.0,238058.499,1
1781785800000,71.983,72.038,71.425,71.62,27960.0,2796.0,200365.1999,1
1781786700000,71.619,71.924,71.425,71.715,34138.0,3413.8,244960.0546,1
1781787600000,71.69,71.983,71.419,71.975,16618.0,1661.8,119179.3134,1
1781788500000,71.968,72.312,71.749,71.749,61508.0,6150.8,444076.2871,1
1781789400000,71.748,71.768,70.323,70.335,122545.0,12254.5,865357.1915,1
1781790300000,70.324,71.476,70.299,70.626,24369.0,2436.9,173007.0884,1
1781791200000,70.641,70.825,70.105,70.189,43074.0,4307.4,303830.9326,1
1781792100000,70.233,70.887,69.246,69.655,111517.0,11151.7,781170.7562,1
1781793000000,69.661,69.933,69.277,69.293,40509.0,4050.9,282253.9385,1
1781793900000,69.293,69.812,69.011,69.318,52530.0,5253.0,363414.0295,1
1781794800000,69.337,69.337,68.449,68.901,61124.0,6112.4,420329.1407,1
1781795700000,68.853,69.1,67.775,67.836,65564.0,6556.4,447568.2341,1
1781796600000,67.883,68.334,67.819,68.3,46459.0,4645.9,316193.2583,1
1781797500000,68.289,68.3,67.5,67.527,30912.0,3091.2,209586.3371,1
1781798400000,67.534,68.244,67.056,67.238,78260.0,7826.0,529695.9565,1
1781799300000,67.232,67.758,66.875,67.417,42961.0,4296.1,288687.8496,1
1781800200000,67.412,67.818,67.2,67.567,54087.0,5408.7,366138.3507,1
1781801100000,67.596,67.676,67.288,67.491,17774.0,1777.4,119882.7687,1
1781802000000,67.506,67.52,66.557,66.708,76105.0,7610.5,508303.9439,1
1781802900000,66.712,67.358,66.652,67.316,37440.0,3744.0,250449.2157,1
1781803800000,67.305,67.596,66.973,67.033,25332.0,2533.2,170471.2741,1
1781804700000,67.009,67.455,66.641,66.661,43854.0,4385.4,293840.9209,1
1781805600000,66.661,67.338,66.6,67.158,21353.0,2135.3,143044.3434,1
1781806500000,67.147,68.212,67.066,68.079,94553.0,9455.3,642596.126,1
1781807400000,68.086,68.226,67.601,68.218,50588.0,5058.8,343116.3285,1
1781808300000,68.202,68.222,67.813,67.847,14606.0,1460.6,99229.3566,1
1781809200000,67.87,68.164,67.78,68.018,11517.0,1151.7,78338.727,1
1781810100000,68.016,68.202,67.689,68.12,33224.0,3322.4,225954.9744,1
1781811000000,68.113,68.734,68.085,68.734,34008.0,3400.8,232674.3658,1
1781811900000,68.678,68.71,68.162,68.17,9748.0,974.8,66681.2418,1
1781812800000,68.201,69.082,68.201,68.977,44772.0,4477.2,308614.2697,1
1781813700000,68.965,69.296,68.644,68.922,50412.0,5041.2,348087.7584,1
1781814600000,68.913,69.125,68.748,68.844,40768.0,4076.8,281354.5737,1
1781815500000,68.85,68.907,68.456,68.906,19412.0,1941.2,133374.1589,1
1781816400000,68.906,68.987,67.868,67.925,33320.0,3332.0,227131.3,1
1781817300000,67.917,68.226,67.425,68.162,24799.0,2479.9,168342.6496,1
1781818200000,68.162,68.188,67.503,67.855,10685.0,1068.5,72443.6934,1
1781819100000,67.866,68.07,67.795,67.993,16697.0,1669.7,113381.9594,1
1781820000000,67.982,68.065,67.657,67.874,4506.0,450.6,30573.4272,1
1781820900000,67.883,68.03,67.742,67.919,4299.0,429.9,29177.205,1
1781821800000,67.909,68.09,67.817,67.935,4701.0,470.1,31941.2313,1
1781822700000,67.926,68.08,67.761,67.794,3177.0,317.7,21581.704,1
1781823600000,67.761,67.944,67.352,67.359,20886.0,2088.6,141211.9371,1
1781824500000,67.368,67.589,67.361,67.57,3664.0,366.4,24740.3436,1
1781825400000,67.577,68.131,67.573,68.104,11492.0,1149.2,78146.6332,1
1781826300000,68.096,68.539,68.007,68.348,21818.0,2181.8,148957.0665,1
1781827200000,68.348,68.356,67.867,67.923,43300.0,4330.0,294506.6051,1
1781828100000,67.942,68.18,67.9,67.936,21886.0,2188.6,148946.5236,1
1781829000000,67.955,68.12,67.679,67.818,26088.0,2608.8,176844.9129,1
1781829900000,67.823,67.957,67.681,67.686,8129.0,812.9,55115.5438,1
1781830800000,67.681,67.795,66.901,67.233,46622.0,4662.2,313843.4662,1
1781831700000,67.225,67.696,66.934,66.934,28760.0,2876.0,193985.3268,1
1781832600000,66.935,67.045,66.77,67.04,35531.0,3553.1,237833.0468,1
1781833500000,67.04,67.696,67.039,67.683,27453.0,2745.3,184804.0501,1
1781834400000,67.683,67.85,67.406,67.414,9791.0,979.1,66257.7872,1
1781835300000,67.421,67.49,67.06,67.082,14000.0,1400.0,94193.7207,1
1781836200000,67.1,67.346,67.06,67.28,6412.0,641.2,43066.5894,1
1781837100000,67.269,68.179,67.184,68.179,9071.0,907.1,61395.2585,1
1781838000000,68.179,68.273,67.488,67.63,39084.0,3908.4,266164.2478,1
1781838900000,67.646,67.649,66.78,67.541,48701.0,4870.1,327039.5889,1
1781839800000,67.486,67.486,66.81,66.91,47443.0,4744.3,317630.426,1
1781840700000,66.91,67.167,66.728,66.802,33325.0,3332.5,223006.0741,1
1781841600000,66.801,67.06,66.115,67.059,66536.0,6653.6,442957.756,1
1781842500000,67.06,67.609,66.8,66.904,16767.0,1676.7,112550.7151,1
1781843400000,66.911,66.968,66.361,66.491,25034.0,2503.4,166717.096,1
1781844300000,66.489,66.508,65.701,65.772,57646.0,5764.6,380013.0155,1
1781845200000,65.783,66.36,65.783,66.326,15672.0,1567.2,103514.4274,1
1781846100000,66.332,66.5,66.087,66.44,17312.0,1731.2,114818.3714,1
1781847000000,66.438,66.7,66.234,66.7,22377.0,2237.7,148595.7303,1
1781847900000,66.687,66.859,66.595,66.812,20291.0,2029.1,135483.979,1
1781848800000,66.806,67.192,66.576,67.167,16009.0,1600.9,106934.1402,1
1781849700000,67.164,67.455,66.935,67.42,8937.0,893.7,60091.5895,1
1781850600000,67.408,67.664,67.237,67.506,27509.0,2750.9,185747.595,1
1781851500000,67.51,67.754,67.063,67.667,9686.0,968.6,65256.5385,1
1781852400000,67.666,67.746,67.409,67.415,43599.0,4359.9,294543.7597,1
1781853300000,67.431,67.546,67.2,67.256,4372.0,437.2,29473.578,1
1781854200000,67.224,67.39,66.491,66.507,21692.0,2169.2,144651.6971,1
1781855100000,66.556,66.85,66.251,66.536,22217.0,2221.7,147620.3328,1
1781856000000,66.577,67.299,66.562,67.224,12372.0,1237.2,82867.7782,1
1781856900000,67.201,67.551,67.151,67.396,30980.0,3098.0,208765.4981,1
1781857800000,67.42,67.551,67.2,67.55,5986.0,598.6,40338.6756,1
1781858700000,67.55,67.62,67.34,67.428,3644.0,364.4,24594.7267,1
1781859600000,67.444,67.718,66.78,67.059,70380.0,7038.0,474349.0422,1
1781860500000,67.059,67.4,66.934,67.266,7548.0,754.8,50734.0526,1
1781861400000,67.25,67.455,66.923,66.924,10741.0,1074.1,72059.9655,1
1781862300000,66.921,67.048,66.658,66.712,12008.0,1200.8,80144.6107,1
1781863200000,66.712,67.2,66.586,67.115,35516.0,3551.6,237651.8773,1
1781864100000,67.095,67.095,66.64,66.982,73845.0,7384.5,493039.1093,1
1781865000000,66.968,66.968,66.462,66.471,45079.0,4507.9,300100.9384,1
1781865900000,66.47,67.176,66.47,67.049,50191.0,5019.1,335742.8896,1
1781866800000,67.076,67.1,66.729,66.863,44768.0,4476.8,299193.5532,1
1781867700000,66.863,67.455,66.863,67.432,39900.0,3990.0,268625.758,1
1781868600000,67.417,67.5,67.244,67.41,10713.0,1071.3,72216.9657,1
1781869500000,67.358,67.496,67.2,67.365,17598.0,1759.8,118451.4967,1
1781870400000,67.396,67.48,67.06,67.06,8723.0,872.3,58723.8618,1
1781871300000,67.062,67.062,66.7,66.92,28888.0,2888.8,192957.3606,1
1781872200000,66.886,67.34,66.886,67.111,23012.0,2301.2,154600.9507,1
1781873100000,67.068,68.334,66.507,68.334,168819.0,16881.9,1137029.156,1
1781874000000,68.314,68.393,67.835,68.014,58450.0,5845.0,397851.4894,1
1781874900000,67.995,68.018,67.411,67.979,36208.0,3620.8,245597.6866,1
1781875800000,67.961,68.9,67.901,68.898,62651.0,6265.1,428055.5258,1
1781876700000,68.898,69.378,68.433,68.828,82250.0,8225.0,567424.7621,1
1781877600000,68.804,68.856,67.925,68.04,60472.0,6047.2,414135.3054,1
1781878500000,68.075,68.424,67.85,68.346,62752.0,6275.2,427299.2667,1
1781879400000,68.388,69.125,68.242,69.04,86550.0,8655.0,595554.1383,1
1781880300000,69.065,69.164,68.761,68.801,38847.0,3884.7,267979.8919,1
1781881200000,68.806,69.229,68.783,69.187,64561.0,6456.1,446239.1644,1
1781882100000,69.199,69.458,68.827,69.03,113038.0,11303.8,782990.6743,1
1781883000000,69.041,69.564,69.041,69.525,31968.0,3196.8,221883.5266,1
1781883900000,69.548,69.566,69.245,69.344,23624.0,2362.4,163886.8354,1
1781884800000,69.359,70.6,69.321,70.556,54584.0,5458.4,382490.2475,1
1781885700000,70.589,70.799,70.2,70.768,93110.0,9311.0,655821.913,1
1781886600000,70.734,70.734,69.943,70.142,61730.0,6173.0,434906.386,1
1781887500000,70.108,70.115,69.368,69.732,54861.0,5486.1,382422.0414,1
1781888400000,69.768,70.053,69.201,69.913,32927.0,3292.7,229361.653,1
1781889300000,69.94,70.443,69.601,69.602,36185.0,3618.5,253616.9222,1
1781890200000,69.625,70.484,69.621,70.4,25858.0,2585.8,181380.0171,1
1781891100000,70.379,70.741,70.192,70.548,27467.0,2746.7,193820.6754,1
1781892000000,70.574,71.316,70.434,71.315,59487.0,5948.7,421685.9848,1
1781892900000,71.315,71.315,70.55,70.586,74217.0,7421.7,526084.5323,1
1781893800000,70.58,70.98,70.281,70.521,19574.0,1957.4,138103.9797,1
1781894700000,70.519,70.756,70.44,70.645,5530.0,553.0,39045.994,1
1781895600000,70.655,71.185,70.655,71.175,30580.0,3058.0,216769.9245,1
1781896500000,71.159,71.263,70.774,70.841,22391.0,2239.1,159138.7025,1
1781897400000,70.84,70.979,70.502,70.847,47301.0,4730.1,334498.6655,1
1781898300000,70.822,70.993,70.401,70.54,8592.0,859.2,60722.8966,1
1781899200000,70.564,70.98,70.434,70.434,20801.0,2080.1,146999.9547,1
1781900100000,70.435,70.472,69.783,70.037,55304.0,5530.4,387740.1879,1
1781901000000,70.037,70.186,69.914,69.982,47051.0,4705.1,329800.406,1
1781901900000,69.977,70.42,69.924,70.304,17503.0,1750.3,123085.4306,1
1781902800000,70.301,70.56,70.14,70.56,25647.0,2564.7,180160.1059,1
1781903700000,70.542,70.543,70.046,70.164,52359.0,5235.9,367845.5939,1
1781904600000,70.145,70.155,69.4,69.5,90686.0,9068.6,631145.7291,1
1781905500000,69.489,69.58,69.202,69.356,41085.0,4108.5,285289.4171,1
1781906400000,69.348,69.539,68.932,69.347,48791.0,4879.1,337701.2365,1
1781907300000,69.331,69.95,69.331,69.872,24702.0,2470.2,172485.2613,1
1781908200000,69.903,70.183,69.895,70.083,49988.0,4998.8,350118.1168,1
1781909100000,70.055,70.173,69.891,69.944,30946.0,3094.6,216609.9274,1
1781910000000,69.955,70.14,69.87,70.032,25987.0,2598.7,181821.3418,1
1781910900000,70.027,70.027,69.507,69.906,36691.0,3669.1,256160.8004,1
1781911800000,69.894,69.945,69.654,69.894,27581.0,2758.1,192571.6345,1
1781912700000,69.864,70.498,69.642,70.296,25805.0,2580.5,180802.2922,1
1781913600000,70.28,70.388,69.521,69.576,36361.0,3636.1,254156.1346,1
1781914500000,69.578,69.698,69.347,69.555,12354.0,1235.4,85839.6918,1
1781915400000,69.513,69.895,69.233,69.432,26499.0,2649.9,184190.8928,1
1781916300000,69.393,69.393,69.125,69.232,45255.0,4525.5,313320.0457,1
1781917200000,69.229,69.26,69.067,69.069,28788.0,2878.8,198971.8882,1
1781918100000,69.07,69.212,68.749,68.997,25028.0,2502.8,172490.3821,1
1781919000000,68.997,69.3,68.987,69.062,5954.0,595.4,41156.4902,1
1781919900000,69.041,69.58,69.0,69.351,13092.0,1309.2,90663.983,1
1781920800000,69.353,69.393,68.8,68.929,32036.0,3203.6,221440.6328,1
1781921700000,68.916,68.916,68.548,68.577,24157.0,2415.7,165941.9409,1
1781922600000,68.577,68.811,68.547,68.731,9065.0,906.5,62293.0733,1
1781923500000,68.727,68.836,68.436,68.51,21036.0,2103.6,144309.949,1
1781924400000,68.514,68.733,68.502,68.699,7835.0,783.5,53753.8541,1
1781925300000,68.695,69.02,68.651,69.019,16007.0,1600.7,110225.2443,1
1781926200000,69.02,69.221,68.896,69.104,23512.0,2351.2,162415.0587,1
1781927100000,69.105,69.124,68.8,68.932,4789.0,478.9,33057.6096,1
1781928000000,68.944,68.995,68.7,68.753,8005.0,800.5,55119.029,1
1781928900000,68.764,69.52,68.717,69.452,13745.0,1374.5,95131.5387,1
1781929800000,69.454,69.68,69.379,69.595,21461.0,2146.1,149213.49,1
1781930700000,69.606,70.047,69.44,70.039,26635.0,2663.5,185724.5555,1
1781931600000,70.055,70.382,69.889,70.243,54785.0,5478.5,384270.4677,1
1781932500000,70.232,70.4,70.118,70.375,4807.0,480.7,33780.254,1
1781933400000,70.376,70.558,70.237,70.306,20065.0,2006.5,141205.0549,1
1781934300000,70.33,70.457,70.201,70.311,7909.0,790.9,55616.844,1
1781935200000,70.319,70.915,70.312,70.7,23576.0,2357.6,166601.4704,1
1781936100000,70.724,70.933,70.481,70.515,4585.0,458.5,32403.7126,1
1781937000000,70.532,70.931,70.444,70.72,5249.0,524.9,37107.203,1
1781937900000,70.721,70.721,70.501,70.502,7679.0,767.9,54249.7469,1
1781938800000,70.502,70.502,69.928,70.062,13700.0,1370.0,96075.867,1
1781939700000,70.081,70.552,69.889,70.344,8628.0,862.8,60719.3737,1
1781940600000,70.367,70.471,70.164,70.338,12782.0,1278.2,89880.6584,1
1781941500000,70.317,70.546,69.975,69.992,7139.0,713.9,50166.2455,1
1781942400000,69.989,70.325,69.975,70.198,13487.0,1348.7,94507.8518,1
1781943300000,70.239,70.559,70.112,70.112,26810.0,2681.0,188910.2386,1
1781944200000,70.113,70.751,70.007,70.724,16279.0,1627.9,114511.094,1
1781945100000,70.725,70.906,70.434,70.692,33745.0,3374.5,238184.1219,1
1781946000000,70.699,70.737,70.358,70.382,6027.0,602.7,42522.1495,1
1781946900000,70.398,70.525,70.211,70.246,6609.0,660.9,46467.2554,1
1781947800000,70.227,70.76,70.2,70.688,18240.0,1824.0,128581.1431,1
1781948700000,70.671,70.877,70.578,70.733,6367.0,636.7,45034.5448,1
1781949600000,70.778,71.18,70.734,70.997,23620.0,2362.0,167792.0693,1
1781950500000,70.98,71.161,70.758,70.837,5830.0,583.0,41376.5066,1
1781951400000,70.856,71.178,70.56,70.623,11185.0,1118.5,79265.4473,1
1781952300000,70.721,71.0,70.721,70.759,4544.0,454.4,32224.6077,1
1781953200000,70.757,70.993,70.56,70.663,1937.0,193.7,13706.0817,1
1781954100000,70.617,70.749,70.45,70.583,7953.0,795.3,56167.3729,1
1781955000000,70.614,70.98,70.614,70.868,8325.0,832.5,58957.8059,1
1781955900000,70.865,71.294,70.865,71.069,10110.0,1011.0,71911.2732,1
1781956800000,71.084,71.418,70.981,71.359,20263.0,2026.3,144460.2666,1
1781957700000,71.348,71.39,71.085,71.161,8538.0,853.8,60839.7788,1
1781958600000,71.147,71.192,70.81,70.979,12337.0,1233.7,87471.4167,1
1781959500000,70.976,71.037,70.629,70.805,13718.0,1371.8,97147.9421,1
1781960400000,70.779,70.83,70.61,70.638,11636.0,1163.6,82257.1417,1
1781961300000,70.635,70.689,69.352,69.49,36792.0,3679.2,256854.8754,1
1781962200000,69.498,69.635,69.305,69.632,20325.0,2032.5,141291.343,1
1781963100000,69.624,69.83,69.44,69.601,15469.0,1546.9,107792.2106,1
1781964000000,69.601,69.638,68.743,68.901,71443.0,7144.3,492811.8322,1
1781964900000,68.9,69.274,68.9,69.225,10112.0,1011.2,69908.6759,1
1781965800000,69.233,69.6,69.104,69.6,9587.0,958.7,66486.0188,1
1781966700000,69.6,71.079,69.598,70.763,36593.0,3659.3,258445.7136,1
1781967600000,70.794,71.19,70.663,70.944,20249.0,2024.9,143537.31,1
1781968500000,70.925,71.233,70.7,70.743,58501.0,5850.1,415499.0988,1
1781969400000,70.731,70.9,70.515,70.535,57908.0,5790.8,408781.7712,1
1781970300000,70.533,71.093,70.533,71.092,51630.0,5163.0,366069.0337,1
1781971200000,71.106,71.111,70.65,70.826,8229.0,822.9,58258.2624,1
1781972100000,70.81,70.996,70.615,70.631,36567.0,3656.7,259096.4985,1
1781973000000,70.64,70.656,69.888,69.91,67842.0,6784.2,476376.5637,1
1781973900000,69.882,70.014,69.669,69.817,33673.0,3367.3,235566.2992,1
1781974800000,69.793,69.886,69.666,69.829,6510.0,651.0,45413.7934,1
1781975700000,69.793,69.828,69.197,69.5,11614.0,1161.4,80622.8808,1
1781976600000,69.499,69.709,69.021,69.422,12160.0,1216.0,84212.5322,1
1781977500000,69.432,69.574,69.264,69.549,9279.0,927.9,64402.6332,1
1781978400000,69.55,69.8,69.459,69.546,12698.0,1269.8,88467.1931,1
1781979300000,69.557,69.78,69.5,69.78,7091.0,709.1,49369.8862,1
1781980200000,69.784,69.792,69.446,69.707,9549.0,954.9,66496.225,1
1781981100000,69.679,69.793,69.615,69.743,2921.0,292.1,20354.8618,1
1781982000000,69.737,69.953,69.64,69.92,8213.0,821.3,57305.8893,1
1781982900000,69.942,69.962,69.672,69.726,6065.0,606.5,42299.37,1
1781983800000,69.707,69.86,69.622,69.813,5838.0,583.8,40702.4436,1
1781984700000,69.82,69.967,69.694,69.86,9218.0,921.8,64363.7833,1
1781985600000,69.859,69.964,69.688,69.839,5418.0,541.8,37830.4479,1
1781986500000,69.822,69.962,69.813,69.853,2068.0,206.8,14454.0498,1
1781987400000,69.853,69.889,69.4,69.679,5962.0,596.2,41510.1498,1
1781988300000,69.696,69.821,69.626,69.785,2728.0,272.8,19031.6934,1
1781989200000,69.785,70.21,69.759,70.167,16140.0,1614.0,113167.0552,1
1781990100000,70.174,70.189,69.972,69.991,23408.0,2340.8,163994.9059,1
1781991000000,69.968,70.125,69.8,70.087,2390.0,239.0,16713.4874,1
1781991900000,70.095,70.127,69.932,70.012,3415.0,341.5,23923.6338,1
1781992800000,69.999,70.372,69.956,70.347,8988.0,898.8,63014.5279,1
1781993700000,70.349,70.699,70.186,70.591,13173.0,1317.3,92817.6497,1
1781994600000,70.59,70.798,70.537,70.726,74545.0,7454.5,526914.1401,1
1781995500000,70.756,70.823,70.627,70.628,8853.0,885.3,62615.6038,1
1781996400000,70.628,70.825,70.6,70.81,7677.0,767.7,54265.3505,1
1781997300000,70.818,70.946,70.733,70.849,7171.0,717.1,50794.8014,1
1781998200000,70.838,70.997,70.838,70.997,5304.0,530.4,37622.2395,1
1781999100000,70.967,70.974,70.603,70.743,10163.0,1016.3,71873.9218,1
1782000000000,70.758,70.785,70.42,70.51,4994.0,499.4,35232.3721,1
1782000900000,70.505,70.595,70.392,70.42,16950.0,1695.0,119553.4229,1
1782001800000,70.421,70.421,70.286,70.36,11780.0,1178.0,82939.8078,1
1782002700000,70.36,70.468,70.28,70.468,1952.0,195.2,13732.7914,1
1782003600000,70.458,70.667,70.332,70.355,2507.0,250.7,17675.4814,1
1782004500000,70.376,70.825,70.376,70.528,5516.0,551.6,38945.923,1
1782005400000,70.516,70.824,70.401,70.732,9678.0,967.8,68336.6109,1
1782006300000,70.732,70.84,70.434,70.454,4170.0,417.0,29447.1457,1
1782007200000,70.472,70.641,70.42,70.53,2961.0,296.1,20876.6481,1
1782008100000,70.529,70.56,70.4,70.46,3566.0,356.6,25137.3382,1
1782009000000,70.435,70.504,70.0,70.0,19606.0,1960.6,137506.0849,1
1782009900000,70.0,70.115,69.831,69.831,23431.0,2343.1,164076.0622,1
1782010800000,69.836,69.977,69.679,69.976,109074.0,10907.4,761180.7116,1
1782011700000,69.982,70.382,69.932,70.031,20930.0,2093.0,146793.1451,1
1782012600000,70.044,70.193,69.917,70.052,5088.0,508.8,35655.1826,1
1782013500000,70.051,70.089,69.679,69.708,6348.0,634.8,44328.3625,1
1782014400000,69.729,69.86,69.602,69.714,31583.0,3158.3,219997.3102,1
1782015300000,69.731,70.123,69.731,69.868,46712.0,4671.2,326592.0146,1
1782016200000,69.861,70.12,69.701,69.707,40676.0,4067.6,284205.6315,1
1782017100000,69.7,69.718,69.253,69.476,72005.0,7200.5,499536.7227,1
1782018000000,69.476,69.552,69.039,69.079,87955.0,8795.5,608611.7646,1
1782018900000,69.1,69.335,69.039,69.243,29992.0,2999.2,207781.5135,1
1782019800000,69.237,69.493,69.16,69.359,5106.0,510.6,35424.9196,1
1782020700000,69.351,69.472,69.283,69.44,3400.0,340.0,23577.2079,1
1782021600000,69.447,69.516,69.15,69.15,43174.0,4317.4,299693.7759,1
1782022500000,69.154,69.3,69.034,69.126,19231.0,1923.1,132952.8418,1
1782023400000,69.115,69.388,69.04,69.208,2263.0,226.3,15652.5042,1
1782024300000,69.21,69.314,69.16,69.169,1798.0,179.8,12443.0561,1
1782025200000,69.214,69.487,69.169,69.486,3796.0,379.6,26341.4194,1
1782026100000,69.5,69.532,68.816,69.065,9109.0,910.9,62940.3221,1
1782027000000,69.065,69.218,68.897,69.003,13326.0,1332.6,91898.5568,1
1782027900000,69.022,69.023,68.277,68.533,82362.0,8236.2,565206.1602,1
1782028800000,68.505,68.567,67.777,67.949,91388.0,9138.8,622930.697,1
1782029700000,67.95,68.047,67.8,67.896,38067.0,3806.7,258457.0345,1
1782030600000,67.896,68.026,67.36,67.856,79613.0,7961.3,539048.9729,1
1782031500000,67.82,67.823,67.573,67.709,54888.0,5488.8,371637.3361,1
1782032400000,67.692,68.096,67.623,67.944,27733.0,2773.3,188487.6149,1
1782033300000,67.94,68.092,67.834,67.897,31641.0,3164.1,215211.407,1
1782034200000,67.895,68.175,67.868,68.089,32239.0,3223.9,219591.9571,1
1782035100000,68.083,68.345,68.064,68.272,21598.0,2159.8,147154.8143,1
1782036000000,68.269,68.363,68.183,68.215,11443.0,1144.3,78114.3961,1
1782036900000,68.215,68.453,68.15,68.286,5218.0,521.8,35681.3553,1
1782037800000,68.284,68.52,68.269,68.497,16165.0,1616.5,110723.311,1
1782038700000,68.511,68.623,68.4,68.415,18821.0,1882.1,129010.5568,1
1782039600000,68.426,68.451,68.041,68.193,41130.0,4113.0,280679.4613,1
1782040500000,68.185,68.185,67.634,67.869,22312.0,2231.2,151347.184,1
1782041400000,67.826,67.867,67.627,67.847,24474.0,2447.4,165662.5171,1
1782042300000,67.826,67.866,67.614,67.803,23141.0,2314.1,156628.2527,1
1782043200000,67.778,67.799,67.392,67.514,15908.0,1590.8,107614.4184,1
1782044100000,67.508,67.85,67.327,67.741,98747.0,9874.7,666383.6501,1
1782045000000,67.741,68.04,67.643,67.9,3850.0,385.0,26129.4571,1
1782045900000,67.9,68.079,67.797,67.999,17437.0,1743.7,118480.9948,1
1782046800000,67.967,68.0,67.657,67.835,10802.0,1080.2,73246.9908,1
1782047700000,67.866,67.976,67.707,67.874,5216.0,521.6,35389.0012,1
1782048600000,67.897,67.92,67.638,67.715,3951.0,395.1,26770.9595,1
1782049500000,67.707,67.98,67.7,67.927,17194.0,1719.4,116766.7424,1
1782050400000,67.922,68.09,67.648,67.672,9933.0,993.3,67391.5447,1
1782051300000,67.66,67.859,67.48,67.8,24046.0,2404.6,162731.15,1
1782052200000,67.821,68.072,67.686,68.071,11044.0,1104.4,75009.341,1
1782053100000,68.071,68.185,68.019,68.112,6693.0,669.3,45570.3752,1
1782054000000,68.126,68.786,68.054,68.449,42421.0,4242.1,291147.1335,1
1782054900000,68.493,68.739,68.492,68.625,41118.0,4111.8,282190.6186,1
1782055800000,68.638,68.699,68.52,68.57,14920.0,1492.0,102379.7683,1
1782056700000,68.572,68.717,68.462,68.696,8562.0,856.2,58683.6534,1
1782057600000,68.671,68.76,68.38,68.38,17957.0,1795.7,123101.5025,1
1782058500000,68.403,68.689,68.292,68.599,45006.0,4500.6,308269.7546,1
1782059400000,68.609,68.675,67.776,68.035,27979.0,2797.9,190067.6483,1
1782060300000,68.04,68.255,67.996,68.006,4611.0,461.1,31398.9464,1
1782061200000,68.006,68.334,67.981,68.294,10923.0,1092.3,74450.7866,1
1782062100000,68.294,68.317,67.853,67.853,10885.0,1088.5,74182.6434,1
1782063000000,67.858,67.924,67.799,67.899,43054.0,4305.4,292324.6646,1
1782063900000,67.899,68.061,67.899,67.901,2430.0,243.0,16520.4909,1
1782064800000,67.901,67.929,67.6,67.715,16179.0,1617.9,109516.9348,1
1782065700000,67.735,67.905,67.7,67.899,2494.0,249.4,16915.9796,1
1782066600000,67.911,68.504,67.847,68.477,39970.0,3997.0,272357.1212,1
1782067500000,68.468,68.5,68.23,68.29,8352.0,835.2,57082.3519,1
1782068400000,68.29,68.435,68.081,68.152,5756.0,575.6,39263.4214,1
1782069300000,68.147,68.32,68.079,68.32,2614.0,261.4,17833.8506,1
1782070200000,68.319,68.631,68.319,68.586,12935.0,1293.5,88649.0887,1
1782071100000,68.6,68.671,68.504,68.561,5157.0,515.7,35372.3837,1
1782072000000,68.554,68.873,68.442,68.533,11591.0,1159.1,79574.4261,1
1782072900000,68.533,68.602,68.258,68.302,9356.0,935.6,63981.6797,1
1782073800000,68.303,68.541,68.289,68.446,51770.0,5177.0,354309.1363,1
1782074700000,68.442,68.442,67.8,67.916,20441.0,2044.1,138943.5225,1
1782075600000,67.924,68.0,67.36,67.793,35278.0,3527.8,238625.8844,1
1782076500000,67.8,67.999,67.514,67.674,9574.0,957.4,64879.7565,1
1782077400000,67.667,67.775,67.406,67.643,11647.0,1164.7,78681.5713,1
1782078300000,67.657,67.8,67.401,67.462,27074.0,2707.4,182868.3487,1
1782079200000,67.451,67.838,67.05,67.094,34697.0,3469.7,233056.2592,1
1782080100000,67.097,67.579,67.097,67.341,23109.0,2310.9,155685.6942,1
1782081000000,67.34,67.4,66.859,67.4,74289.0,7428.9,497857.2547,1
1782081900000,67.364,67.532,67.277,67.365,12717.0,1271.7,85728.7559,1
1782082800000,67.338,67.338,66.84,66.901,36043.0,3604.3,241651.0,1
1782083700000,66.903,67.174,66.58,66.992,29531.0,2953.1,197768.555,1
1782084600000,67.014,67.059,66.713,67.005,50857.0,5085.7,339883.1902,1
1782085500000,67.024,67.253,66.915,66.925,34836.0,3483.6,233854.6992,1
1782086400000,66.928,67.239,66.887,66.987,10790.0,1079.0,72347.7348,1
1782087300000,66.994,67.324,66.934,67.156,15639.0,1563.9,105158.7837,1
1782088200000,67.179,67.698,67.064,67.601,74379.0,7437.9,502378.6881,1
1782089100000,67.536,67.707,67.327,67.62,77762.0,7776.2,524469.9843,1
1782090000000,67.638,67.998,67.638,67.836,17415.0,1741.5,118204.9984,1
1782090900000,67.868,68.934,67.868,68.719,77767.0,7776.7,534320.0154,1
1782091800000,68.697,68.8,68.2,68.332,9685.0,968.5,66216.8294,1
1782092700000,68.331,68.567,68.314,68.421,8866.0,886.6,60646.126,1
1782093600000,68.432,68.579,68.25,68.306,11321.0,1132.1,77378.4019,1
1782094500000,68.286,68.587,68.207,68.458,7032.0,703.2,48153.8486,1
1782095400000,68.478,68.628,68.414,68.553,5353.0,535.3,36671.0864,1
1782096300000,68.58,68.611,67.401,67.401,26615.0,2661.5,180253.4041,1
1782097200000,67.4,67.451,66.601,66.655,56386.0,5638.6,376739.4255,1
1782098100000,66.675,67.172,66.641,66.934,21525.0,2152.5,144197.6766,1
1782099000000,66.937,67.197,66.068,66.068,45016.0,4501.6,299229.4273,1
1782099900000,66.113,66.14,65.233,65.47,149639.0,14963.9,980462.3907,1
1782100800000,65.482,65.848,65.4,65.751,49247.0,4924.7,323669.068,1
1782101700000,65.75,65.887,65.594,65.852,62378.0,6237.8,409916.5365,1
1782102600000,65.871,65.971,65.66,65.662,6755.0,675.5,44515.2589,1
1782103500000,65.666,66.08,65.637,65.986,4471.0,447.1,29498.3244,1
1782104400000,65.96,66.194,65.743,66.186,12655.0,1265.5,83421.6429,1
1782105300000,66.171,66.36,66.001,66.36,9082.0,908.2,60177.2264,1
1782106200000,66.355,66.404,66.177,66.222,9923.0,992.3,65796.5272,1
1782107100000,66.22,66.321,66.08,66.321,6191.0,619.1,40979.3742,1
1782108000000,66.328,66.482,66.134,66.348,6382.0,638.2,42287.4486,1
1782108900000,66.365,66.42,66.202,66.251,3283.0,328.3,21750.6619,1
1782109800000,66.212,66.345,66.034,66.044,12588.0,1258.8,83321.3152,1
1782110700000,66.035,66.281,66.022,66.255,15094.0,1509.4,99790.5666,1
1782111600000,66.22,66.9,66.212,66.873,44825.0,4482.5,298963.441,1
1782112500000,66.816,67.28,66.816,67.225,44603.0,4460.3,298801.0106,1
1782113400000,67.229,67.424,67.169,67.337,9848.0,984.8,66288.1105,1
1782114300000,67.353,67.545,67.283,67.288,87118.0,8711.8,588182.2607,1
1782115200000,67.281,67.76,67.075,67.757,16069.0,1606.9,108285.5799,1
1782116100000,67.76,67.9,67.4,67.4,30052.0,3005.2,203640.9577,1
1782117000000,67.4,67.546,67.167,67.509,6382.0,638.2,42986.3369,1
1782117900000,67.514,67.587,67.34,67.445,24124.0,2412.4,162708.9617,1
1782118800000,67.453,67.556,67.323,67.42,8532.0,853.2,57536.4721,1
1782119700000,67.437,67.46,67.167,67.22,7307.0,730.7,49141.5075,1
1782120600000,67.233,67.665,67.217,67.665,5479.0,547.9,36952.8299,1
1782121500000,67.664,67.664,67.413,67.455,6792.0,679.2,45859.024,1
1782122400000,67.47,67.85,67.4,67.85,9272.0,927.2,62637.9111,1
1782123300000,67.85,67.892,67.548,67.551,8678.0,867.8,58766.2462,1
1782124200000,67.56,67.644,67.451,67.457,4126.0,412.6,27873.1446,1
1782125100000,67.48,67.698,67.462,67.569,2838.0,283.8,19183.1956,1
1782126000000,67.577,68.081,67.426,67.709,22964.0,2296.4,156069.586,1
1782126900000,67.754,67.871,67.62,67.738,3511.0,351.1,23780.3593,1
1782127800000,67.712,68.081,67.668,68.081,18738.0,1873.8,127082.3726,1
1782128700000,68.08,68.512,68.01,68.066,15880.0,1588.0,108407.6473,1
1782129600000,68.069,68.176,67.86,68.024,23662.0,2366.2,160873.2242,1
1782130500000,67.987,68.24,67.843,68.24,18648.0,1864.8,126828.4368,1
1782131400000,68.24,68.649,68.04,68.648,12787.0,1278.7,87544.4477,1
1782132300000,68.649,68.7,68.312,68.474,32746.0,3274.6,224376.9074,1
1782133200000,68.501,68.7,68.1,68.582,53323.0,5332.3,364949.8126,1
1782134100000,68.576,69.146,68.575,69.094,62502.0,6250.2,430782.6888,1
1782135000000,69.094,69.526,68.97,69.271,163327.0,16332.7,1131940.6322,1
1782135900000,69.221,69.412,69.08,69.288,35920.0,3592.0,248578.6721,1
1782136800000,69.302,69.34,68.766,68.946,48141.0,4814.1,331609.986,1
1782137700000,68.946,69.0,68.363,68.428,35233.0,3523.3,242206.8176,1
1782138600000,68.432,68.537,68.2,68.316,34370.0,3437.0,234907.0872,1
1782139500000,68.319,68.718,67.89,67.979,87615.0,8761.5,599003.5317,1
1782140400000,67.993,68.448,67.869,68.366,35075.0,3507.5,238772.2773,1
1782141300000,68.346,68.48,68.1,68.199,12759.0,1275.9,87099.3622,1
1782142200000,68.2,68.477,67.935,68.093,8148.0,814.8,55535.6792,1
1782143100000,68.082,68.094,66.907,66.964,63767.0,6376.7,428841.484,1
1782144000000,66.963,67.05,66.632,66.999,82021.0,8202.1,548075.7768,1
1782144900000,67.0,67.462,66.94,67.343,63811.0,6381.1,429835.9815,1
1782145800000,67.333,67.604,67.092,67.572,14850.0,1485.0,100043.7289,1
1782146700000,67.565,67.76,67.341,67.624,52139.0,5213.9,352496.2386,1
1782147600000,67.613,67.67,67.34,67.536,71299.0,7129.9,481495.1342,1
1782148500000,67.56,67.6,67.341,67.413,4713.0,471.3,31806.0486,1
1782149400000,67.408,67.542,67.215,67.477,5409.0,540.9,36426.5803,1
1782150300000,67.534,68.06,67.534,68.014,63503.0,6350.3,430547.5781,1
1782151200000,68.034,68.965,68.003,68.921,34832.0,3483.2,238476.9895,1
1782152100000,68.947,69.39,68.917,68.991,93909.0,9390.9,649580.8382,1
1782153000000,69.016,69.199,68.724,68.724,62637.0,6263.7,432172.1891,1
1782153900000,68.725,68.825,67.92,67.921,27248.0,2724.8,186371.3914,1
1782154800000,67.938,68.37,67.867,68.277,25960.0,2596.0,176752.6295,1
1782155700000,68.274,68.274,67.243,67.479,31102.0,3110.2,209907.0508,1
1782156600000,67.5,67.8,67.324,67.477,12811.0,1281.1,86590.6586,1
1782157500000,67.478,67.496,66.929,67.459,78951.0,7895.1,530982.4445,1
1782158400000,67.421,67.7,67.34,67.598,12534.0,1253.4,84715.4993,1
1782159300000,67.574,67.645,66.905,67.167,18849.0,1884.9,126404.2765,1
1782160200000,67.164,67.444,67.16,67.27,15215.0,1521.5,102448.2931,1
1782161100000,67.22,67.377,67.043,67.258,10704.0,1070.4,71834.422,1
1782162000000,67.265,67.406,67.029,67.245,14951.0,1495.1,100467.4846,1
1782162900000,67.231,67.327,66.897,67.024,21481.0,2148.1,144042.0119,1
1782163800000,67.024,67.024,66.315,66.471,44057.0,4405.7,293922.0655,1
1782164700000,66.466,66.745,66.457,66.742,61533.0,6153.3,409614.6161,1
1782165600000,66.754,66.997,66.615,66.692,42995.0,4299.5,287099.9155,1
1782166500000,66.694,66.699,66.0,66.296,84372.0,8437.2,560698.0252,1
1782167400000,66.284,66.457,66.062,66.062,15160.0,1516.0,100417.9388,1
1782168300000,66.085,66.314,65.868,66.241,22370.0,2237.0,147873.71,1
1782169200000,66.231,66.327,66.001,66.001,17771.0,1777.1,117665.1188,1
1782170100000,66.021,66.291,65.844,66.239,76245.0,7624.5,504201.5981,1
1782171000000,66.24,66.293,66.08,66.192,4153.0,415.3,27495.1972,1
1782171900000,66.182,66.36,66.035,66.294,9867.0,986.7,65299.4591,1
1782172800000,66.285,66.343,66.113,66.163,11434.0,1143.4,75717.6137,1
1782173700000,66.205,66.391,65.94,66.093,14128.0,1412.8,93408.1949,1
1782174600000,66.114,66.62,66.075,66.584,121567.0,12156.7,808785.4018,1
1782175500000,66.593,66.593,66.2,66.321,98934.0,9893.4,655682.1166,1
1782176400000,66.325,66.498,66.207,66.208,16034.0,1603.4,106401.3619,1
1782177300000,66.208,66.446,66.033,66.417,11303.0,1130.3,74940.8382,1
1782178200000,66.391,66.531,65.901,65.94,18840.0,1884.0,124661.5499,1
1782179100000,65.945,66.399,65.768,66.352,10111.0,1011.1,66856.9428,1
1782180000000,66.365,66.449,66.123,66.237,10932.0,1093.2,72537.8619,1
1782180900000,66.237,67.143,66.154,67.056,117502.0,11750.2,783572.5116,1
1782181800000,67.025,67.269,66.827,67.174,46537.0,4653.7,312363.0577,1
1782182700000,67.165,67.34,67.04,67.098,80783.0,8078.3,543079.9893,1
1782183600000,67.09,67.119,66.64,66.755,10502.0,1050.2,70192.8123,1
1782184500000,66.769,66.958,66.64,66.748,3174.0,317.4,21198.4565,1
1782185400000,66.747,66.881,66.53,66.843,29168.0,2916.8,194522.773,1
1782186300000,66.848,67.127,66.838,67.059,37869.0,3786.9,253839.2511,1
1782187200000,67.059,67.198,66.722,66.999,7785.0,778.5,52082.2135,1
1782188100000,66.993,66.997,66.344,66.57,35053.0,3505.3,233062.1868,1
1782189000000,66.571,66.591,66.258,66.301,46227.0,4622.7,307282.0815,1
1782189900000,66.299,66.39,65.928,66.23,7740.0,774.0,51228.2629,1
1782190800000,66.256,66.663,66.111,66.551,56204.0,5620.4,373729.958,1
1782191700000,66.545,66.64,66.045,66.068,30616.0,3061.6,203054.4419,1
1782192600000,66.031,66.031,65.417,65.429,31748.0,3174.8,208326.8769,1
1782193500000,65.417,65.444,65.076,65.323,84596.0,8459.6,552639.3549,1
1782194400000,65.323,65.323,63.933,64.19,105798.0,10579.8,682839.1156,1
1782195300000,64.198,64.478,63.55,64.036,71177.0,7117.7,455976.6008,1
1782196200000,64.008,64.363,63.871,64.193,22915.0,2291.5,147060.2143,1
1782197100000,64.185,64.742,64.156,64.351,57724.0,5772.4,371926.6373,1
1782198000000,64.35,64.6,64.279,64.303,25480.0,2548.0,164312.6398,1
1782198900000,64.297,64.65,64.294,64.405,5625.0,562.5,36215.5188,1
1782199800000,64.394,64.449,64.029,64.1,8591.0,859.1,55142.9605,1
1782200700000,64.134,64.16,63.532,63.613,10221.0,1022.1,65230.9512,1
1782201600000,63.61,63.818,63.346,63.346,26767.0,2676.7,170056.6379,1
1782202500000,63.347,63.469,62.848,62.957,52445.0,5244.5,331109.0082,1
1782203400000,62.931,63.569,62.931,63.419,13434.0,1343.4,85179.5943,1
1782204300000,63.412,63.412,62.858,62.925,24389.0,2438.9,153651.4722,1
1782205200000,62.92,63.083,62.698,62.989,24400.0,2440.0,153359.9276,1
1782206100000,63.012,63.175,62.688,62.777,38373.0,3837.3,241242.4524,1
1782207000000,62.779,62.915,62.641,62.791,10362.0,1036.2,64993.7215,1
1782207900000,62.8,63.115,62.772,63.115,33783.0,3378.3,212365.1567,1
1782208800000,63.107,63.304,62.735,62.75,25151.0,2515.1,158578.0637,1
1782209700000,62.744,62.807,62.41,62.783,56248.0,5624.8,352356.8837,1
1782210600000,62.769,62.8,62.339,62.34,59524.0,5952.4,371779.1884,1
1782211500000,62.34,62.625,62.339,62.591,7652.0,765.2,47769.0668,1
1782212400000,62.612,62.888,62.612,62.693,11091.0,1109.1,69605.1689,1
1782213300000,62.693,63.06,62.692,62.803,22043.0,2204.3,138576.6086,1
1782214200000,62.802,63.103,62.792,63.087,12416.0,1241.6,78166.3291,1
1782215100000,63.082,63.29,63.017,63.269,28319.0,2831.9,178964.6212,1
1782216000000,63.25,63.519,63.201,63.326,62277.0,6227.7,394705.809,1
1782216900000,63.332,63.37,62.76,62.884,32072.0,3207.2,202017.4758,1
1782217800000,62.898,63.058,62.782,62.782,12292.0,1229.2,77356.5333,1
1782218700000,62.78,62.966,62.7,62.947,6771.0,677.1,42544.9529,1
1782219600000,62.948,63.061,62.773,63.061,14553.0,1455.3,91594.1123,1
1782220500000,63.054,63.288,62.941,62.976,17264.0,1726.4,108906.3433,1
1782221400000,62.967,63.319,62.738,63.046,32140.0,3214.0,202788.5302,1
1782222300000,63.0,63.342,62.882,63.342,38771.0,3877.1,244703.5963,1
1782223200000,63.333,63.63,63.183,63.412,18910.0,1891.0,119984.07,1
1782224100000,63.406,63.685,63.33,63.569,41704.0,4170.4,265082.3374,1
1782225000000,63.553,63.597,63.2,63.208,42178.0,4217.8,267409.7289,1
1782225900000,63.206,63.249,62.888,62.938,16108.0,1610.8,101588.8634,1
1782226800000,62.943,63.079,62.353,62.63,134001.0,13400.1,840980.4462,1
1782227700000,62.647,62.647,61.851,62.249,124472.0,12447.2,774288.7944,1
1782228600000,62.256,62.616,62.002,62.002,69071.0,6907.1,430930.2672,1
1782229500000,62.001,62.4,61.679,62.399,33397.0,3339.7,206954.165,1
1782230400000,62.397,62.949,62.139,62.813,158197.0,15819.7,992722.5833,1
1782231300000,62.821,63.0,62.704,62.907,71776.0,7177.6,451274.1413,1
1782232200000,62.913,62.967,62.622,62.695,15158.0,1515.8,95175.0096,1
1782233100000,62.711,62.717,62.2,62.486,11006.0,1100.6,68777.6813,1
1782234000000,62.461,62.461,61.91,62.134,47106.0,4710.6,292089.9871,1
1782234900000,62.151,62.595,62.14,62.534,9266.0,926.6,57889.6501,1
1782235800000,62.531,62.94,62.268,62.501,33612.0,3361.2,210417.8938,1
1782236700000,62.501,62.557,62.097,62.216,9639.0,963.9,60125.821,1
1782237600000,62.243,62.364,61.885,62.183,4282.0,428.2,26582.321,1
1782238500000,62.169,62.325,62.043,62.237,5583.0,558.3,34755.7827,1
1782239400000,62.235,62.373,61.822,61.911,9365.0,936.5,58101.0817,1
1782240300000,61.901,62.325,61.78,61.805,34191.0,3419.1,211711.7626,1
1782241200000,61.795,62.202,61.752,62.134,8221.0,822.1,50988.7019,1
1782242100000,62.131,62.322,61.885,62.312,5589.0,558.9,34689.7097,1
1782243000000,62.311,62.406,62.079,62.101,8647.0,864.7,53786.781,1
1782243900000,62.101,62.327,62.0,62.255,4145.0,414.5,25763.866,1
1782244800000,62.292,62.657,62.292,62.597,4935.0,493.5,30836.9842,1
1782245700000,62.587,62.75,62.516,62.705,12313.0,1231.3,77162.1036,1
1782246600000,62.698,62.76,62.41,62.41,5919.0,591.9,37038.6922,1
1782247500000,62.427,62.434,61.876,62.066,47409.0,4740.9,295329.0508,1
1782248400000,62.071,62.276,62.028,62.15,45319.0,4531.9,282068.1455,1
1782249300000,62.151,62.38,62.082,62.365,4773.0,477.3,29723.0666,1
1782250200000,62.363,62.461,62.2,62.2,7501.0,750.1,46753.6856,1
1782251100000,62.201,62.339,62.075,62.097,1607.0,160.7,9994.0796,1
1782252000000,62.072,62.867,62.055,62.848,38806.0,3880.6,243467.0646,1
1782252900000,62.845,62.927,62.367,62.42,25938.0,2593.8,162974.7441,1
1782253800000,62.42,62.557,62.2,62.224,16635.0,1663.5,103757.422,1
1782254700000,62.222,62.39,62.101,62.334,74038.0,7403.8,461110.8929,1
1782255600000,62.287,62.323,61.801,61.896,15974.0,1597.4,99061.8783,1
1782256500000,61.877,62.242,61.877,62.129,14290.0,1429.0,88678.6305,1
1782257400000,62.129,62.129,61.777,61.833,12208.0,1220.8,75676.609,1
1782258300000,61.837,62.277,61.824,62.187,54575.0,5457.5,338721.4068,1
1782259200000,62.193,62.822,62.158,62.736,85544.0,8554.4,536185.8193,1
1782260100000,62.717,62.85,62.463,62.615,19739.0,1973.9,123688.9756,1
1782261000000,62.617,62.967,62.601,62.913,25013.0,2501.3,157266.7194,1
1782261900000,62.907,62.927,62.658,62.9,152382.0,15238.2,957104.1211,1
1782262800000,62.9,62.943,62.43,62.677,46008.0,4600.8,288694.2309,1
1782263700000,62.663,62.772,62.481,62.772,16444.0,1644.4,102949.9435,1
1782264600000,62.783,63.237,62.78,62.888,272442.0,27244.2,1720236.7653,1
1782265500000,62.889,63.062,62.8,62.801,21989.0,2198.9,138326.229,1
1782266400000,62.801,62.832,62.356,62.394,122875.0,12287.5,768102.536,1
1782267300000,62.398,62.419,62.076,62.263,85844.0,8584.4,533470.4751,1
1782268200000,62.252,62.357,62.074,62.214,51583.0,5158.3,320976.9291,1
1782269100000,62.227,62.326,61.595,61.596,32098.0,3209.8,198404.2808,1
1782270000000,61.596,61.596,60.8,60.801,162808.0,16280.8,997662.4677,1
1782270900000,60.801,61.2,60.739,61.2,81987.0,8198.7,499653.6081,1
1782271800000,61.198,61.346,60.922,61.312,16223.0,1622.3,99289.0779,1
1782272700000,61.313,61.46,61.251,61.329,44216.0,4421.6,271271.3287,1
1782273600000,61.328,61.416,61.039,61.117,24983.0,2498.3,152742.8682,1
1782274500000,61.121,61.21,60.442,60.97,113628.0,11362.8,689862.6263,1
1782275400000,60.92,61.21,60.901,61.103,4736.0,473.6,28942.7286,1
1782276300000,61.126,61.768,61.126,61.478,146807.0,14680.7,904391.8939,1
1782277200000,61.454,61.834,61.454,61.718,182907.0,18290.7,1128091.8368,1
1782278100000,61.712,62.2,61.685,62.2,116928.0,11692.8,725707.3441,1
1782279000000,62.199,62.457,62.088,62.365,197177.0,19717.7,1229588.6381,1
1782279900000,62.373,62.377,62.073,62.264,76921.0,7692.1,478161.5613,1
1782280800000,62.265,62.322,61.93,62.184,80249.0,8024.9,498147.2424,1
1782281700000,62.163,62.659,62.107,62.394,46637.0,4663.7,291862.9139,1
1782282600000,62.416,62.573,62.218,62.23,42213.0,4221.3,263539.8333,1
1782283500000,62.216,62.444,62.127,62.223,77560.0,7756.0,483315.2048,1
1782284400000,62.224,62.4,62.071,62.304,31752.0,3175.2,197398.424,1
1782285300000,62.302,62.326,62.072,62.072,28745.0,2874.5,178619.7617,1
1782286200000,62.072,62.235,62.052,62.157,6036.0,603.6,37491.6579,1
1782287100000,62.155,62.316,61.779,62.0,87154.0,8715.4,540630.6904,1
1782288000000,62.0,62.208,61.929,62.208,36928.0,3692.8,229283.5328,1
1782288900000,62.192,62.357,62.0,62.072,4094.0,409.4,25473.6692,1
1782289800000,62.072,62.4,62.025,62.4,12531.0,1253.1,78081.0917,1
1782290700000,62.405,62.75,62.275,62.689,54925.0,5492.5,344136.2076,1
1782291600000,62.656,62.682,62.323,62.417,18087.0,1808.7,112913.8512,1
1782292500000,62.41,62.468,62.197,62.34,9081.0,908.1,56649.7144,1
1782293400000,62.343,62.402,62.109,62.261,4237.0,423.7,26403.0664,1
1782294300000,62.228,62.531,62.145,62.463,16114.0,1611.4,100621.4387,1
1782295200000,62.443,62.511,62.15,62.307,5328.0,532.8,33216.9665,1
1782296100000,62.302,62.46,62.23,62.356,20776.0,2077.6,129578.9138,1
1782297000000,62.369,62.567,62.267,62.482,5892.0,589.2,36779.0096,1
1782297900000,62.482,62.495,62.042,62.061,29033.0,2903.3,180866.1666,1
1782298800000,62.057,62.266,61.862,61.988,10340.0,1034.0,64153.3466,1
1782299700000,62.01,62.015,61.594,61.857,21387.0,2138.7,132050.7654,1
1782300600000,61.859,62.6,61.859,62.597,40695.0,4069.5,253506.8,1
1782301500000,62.577,63.304,62.483,62.549,84529.0,8452.9,531061.8832,1
1782302400000,62.542,62.6,62.308,62.468,34821.0,3482.1,217307.0377,1
1782303300000,62.462,62.535,62.2,62.274,5772.0,577.2,36004.4975,1
1782304200000,62.266,62.357,62.054,62.098,6670.0,667.0,41476.7854,1
1782305100000,62.11,62.149,61.831,61.95,12692.0,1269.2,78640.7216,1
1782306000000,62.001,62.034,61.054,61.06,51061.0,5106.1,313399.3776,1
1782306900000,61.067,61.29,60.77,61.048,91137.0,9113.7,556219.8982,1
1782307800000,61.039,61.399,60.303,60.559,101001.0,10100.1,614671.8683,1
1782308700000,60.543,60.95,60.339,60.895,68873.0,6887.3,418391.2997,1
1782309600000,60.872,60.95,60.518,60.783,30199.0,3019.9,183581.0436,1
1782310500000,60.78,60.87,60.3,60.758,90539.0,9053.9,547883.1393,1
1782311400000,60.756,60.95,60.704,60.95,27406.0,2740.6,166662.3567,1
1782312300000,60.917,61.149,60.64,60.864,19992.0,1999.2,121810.2344,1
1782313200000,60.875,60.899,60.553,60.684,70673.0,7067.3,429052.3151,1
1782314100000,60.693,60.826,60.553,60.654,61032.0,6103.2,369973.581,1
1782315000000,60.65,60.65,59.9,60.025,69544.0,6954.4,419270.0467,1
1782315900000,60.051,60.297,59.812,59.975,56173.0,5617.3,337319.0857,1
1782316800000,59.972,60.481,59.92,60.322,45204.0,4520.4,272582.5876,1
1782317700000,60.322,60.607,60.07,60.15,10868.0,1086.8,65530.4656,1
1782318600000,60.137,60.147,59.354,59.423,35446.0,3544.6,211440.2492,1
1782319500000,59.434,59.696,59.126,59.642,58052.0,5805.2,344721.2183,1
1782320400000,59.646,59.922,59.532,59.693,18963.0,1896.3,113312.8018,1
1782321300000,59.671,59.747,59.212,59.528,29029.0,2902.9,172233.4379,1
1782322200000,59.514,59.674,59.234,59.309,23050.0,2305.0,137148.5748,1
1782323100000,59.299,59.521,59.121,59.239,29280.0,2928.0,173497.6611,1
1782324000000,59.238,60.182,59.195,60.173,27596.0,2759.6,165168.9769,1
1782324900000,60.183,60.915,60.16,60.634,57329.0,5732.9,347398.1028,1
1782325800000,60.634,60.724,60.033,60.217,19788.0,1978.8,119431.3965,1
1782326700000,60.193,60.4,59.913,60.393,17778.0,1777.8,106806.6369,1
1782327600000,60.399,60.625,60.099,60.282,19812.0,1981.2,119685.1488,1
1782328500000,60.25,60.304,60.035,60.251,19910.0,1991.0,119803.2162,1
1782329400000,60.24,60.625,60.161,60.316,32931.0,3293.1,199054.8872,1
1782330300000,60.323,60.88,60.268,60.869,5702.0,570.2,34512.5076,1
1782331200000,60.87,61.658,60.645,61.358,51099.0,5109.9,313561.3797,1
1782332100000,61.331,62.461,61.2,62.266,36068.0,3606.8,223687.1283,1
1782333000000,62.245,62.881,62.135,62.736,44833.0,4483.3,280799.9043,1
1782333900000,62.749,62.966,62.408,62.541,20751.0,2075.1,130201.4297,1
1782334800000,62.547,62.626,62.308,62.438,26823.0,2682.3,167528.2867,1
1782335700000,62.431,62.925,62.392,62.909,33021.0,3302.1,206955.2041,1
1782336600000,62.909,63.23,62.82,63.215,27883.0,2788.3,175684.164,1
1782337500000,63.209,63.371,62.852,63.341,18962.0,1896.2,119703.1771,1
1782338400000,63.368,63.625,63.106,63.305,24789.0,2478.9,156918.9183,1
1782339300000,63.3,63.549,63.133,63.213,19206.0,1920.6,121653.8472,1
1782340200000,63.215,63.494,63.115,63.409,33564.0,3356.4,212446.217,1
1782341100000,63.397,63.444,63.126,63.286,5995.0,599.5,37905.8575,1
1782342000000,63.292,63.714,63.211,63.52,15793.0,1579.3,100263.3924,1
1782342900000,63.567,64.293,63.443,63.86,42114.0,4211.4,269498.6391,1
1782343800000,63.85,64.07,63.633,63.743,15877.0,1587.7,101198.9331,1
1782344700000,63.743,64.024,63.569,63.927,23867.0,2386.7,152105.1207,1
1782345600000,63.952,64.134,63.739,63.985,28396.0,2839.6,181332.1813,1
1782346500000,63.976,63.982,63.438,63.439,10150.0,1015.0,64599.1855,1
1782347400000,63.438,63.581,63.177,63.177,13893.0,1389.3,88091.625,1
1782348300000,63.176,63.347,62.866,63.033,26814.0,2681.4,169171.4976,1
1782349200000,63.02,63.162,62.835,63.027,10339.0,1033.9,65036.4258,1
1782350100000,63.012,63.243,62.961,63.175,4633.0,463.3,29248.4688,1
1782351000000,63.14,63.42,63.136,63.18,10424.0,1042.4,65988.3928,1
1782351900000,63.137,63.467,63.0,63.34,7062.0,706.2,44734.7697,1
1782352800000,63.35,63.466,63.138,63.157,5678.0,567.8,35950.1219,1
1782353700000,63.137,63.715,63.097,63.715,6035.0,603.5,38252.2397,1
1782354600000,63.715,63.715,63.127,63.173,14404.0,1440.4,91465.9906,1
1782355500000,63.181,63.353,63.168,63.353,4856.0,485.6,30713.0204,1
1782356400000,63.342,63.485,63.067,63.176,6445.0,644.5,40833.3514,1
1782357300000,63.178,63.259,63.01,63.01,14381.0,1438.1,90796.371,1
1782358200000,63.022,63.159,62.859,62.983,4269.0,426.9,26884.7372,1
1782359100000,62.971,63.177,62.925,63.066,11642.0,1164.2,73374.6947,1
1782360000000,63.068,63.146,62.928,62.958,3314.0,331.4,20896.9596,1
1782360900000,62.943,63.036,62.721,62.83,10916.0,1091.6,68553.7576,1
1782361800000,62.837,62.967,62.67,62.967,6673.0,667.3,41889.7248,1
1782362700000,62.999,63.893,62.999,63.709,64953.0,6495.3,413207.1201,1
1782363600000,63.696,63.978,63.6,63.769,26816.0,2681.6,171013.3854,1
1782364500000,63.769,63.88,63.529,63.61,44521.0,4452.1,283422.8628,1
1782365400000,63.633,63.633,63.285,63.29,19094.0,1909.4,121081.5666,1
1782366300000,63.299,63.633,63.286,63.575,5108.0,510.8,32423.9452,1
1782367200000,63.585,64.094,63.497,64.04,11192.0,1119.2,71343.3401,1
1782368100000,64.054,64.276,63.802,64.176,20322.0,2032.2,130272.8555,1
1782369000000,64.167,64.241,63.867,64.022,5675.0,567.5,36323.4668,1
1782369900000,64.032,64.526,64.007,64.462,22844.0,2284.4,147048.226,1
1782370800000,64.47,64.6,64.051,64.138,24983.0,2498.3,160541.3817,1
1782371700000,64.117,64.412,64.115,64.266,27000.0,2700.0,173470.2569,1
1782372600000,64.292,64.468,64.135,64.136,15964.0,1596.4,102742.0018,1
1782373500000,64.134,64.138,63.728,63.767,34389.0,3438.9,219826.4644,1
1782374400000,63.769,63.967,63.751,63.967,32919.0,3291.9,210091.3562,1
1782375300000,63.953,63.955,63.728,63.755,3596.0,359.6,22949.6211,1
1782376200000,63.744,63.744,63.475,63.653,8384.0,838.4,53347.1748,1
1782377100000,63.639,63.658,63.364,63.441,21321.0,2132.1,135421.4932,1
1782378000000,63.459,63.633,63.375,63.581,4874.0,487.4,30967.4883,1
1782378900000,63.572,63.635,63.252,63.358,22797.0,2279.7,144686.815,1
1782379800000,63.346,63.535,63.322,63.461,7613.0,761.3,48309.1674,1
1782380700000,63.44,63.76,63.399,63.692,28937.0,2893.7,183615.0378,1
1782381600000,63.685,63.829,63.611,63.794,26985.0,2698.5,171903.6397,1
1782382500000,63.801,63.866,63.344,63.361,5833.0,583.3,37066.3801,1
1782383400000,63.361,63.45,63.237,63.433,40495.0,4049.5,256365.9225,1
1782384300000,63.421,63.442,62.853,62.853,42282.0,4228.2,266814.2952,1
1782385200000,62.853,62.976,62.534,62.75,44498.0,4449.8,279132.449,1
1782386100000,62.742,62.838,62.578,62.693,15944.0,1594.4,100013.4284,1
1782387000000,62.686,62.852,62.633,62.792,16398.0,1639.8,102881.3645,1
1782387900000,62.767,62.89,62.632,62.889,26829.0,2682.9,168422.8689,1
1782388800000,62.905,62.952,62.69,62.755,7006.0,700.6,44008.1742,1
1782389700000,62.736,62.748,62.461,62.619,34670.0,3467.0,216951.8905,1
1782390600000,62.627,63.667,62.627,63.039,27029.0,2702.9,170659.8212,1
1782391500000,63.011,63.369,62.95,63.21,14537.0,1453.7,91892.0891,1
1782392400000,63.222,63.375,63.048,63.171,4042.0,404.2,25549.3694,1
1782393300000,63.155,63.192,62.928,63.001,22060.0,2206.0,138970.4938,1
1782394200000,62.986,63.169,61.366,61.395,69758.0,6975.8,433500.6739,1
1782395100000,61.434,61.681,58.609,58.845,211503.0,21150.3,1277638.4445,1
1782396000000,58.901,61.094,58.901,60.201,102826.0,10282.6,620567.5974,1
1782396900000,60.2,60.942,59.886,60.263,55950.0,5595.0,338400.8527,1
1782397800000,60.262,61.485,60.2,60.661,33906.0,3390.6,206540.1713,1
1782398700000,60.657,61.228,60.44,60.777,63256.0,6325.6,384930.9933,1
1782399600000,60.818,61.467,60.313,60.404,39297.0,3929.7,238757.6769,1
1782400500000,60.408,60.934,60.08,60.748,45137.0,4513.7,273222.005,1
1782401400000,60.735,61.526,60.704,61.184,37478.0,3747.8,229056.7063,1
1782402300000,61.181,62.0,60.994,61.844,51490.0,5149.0,316390.8163,1
1782403200000,61.865,62.2,61.626,61.938,45586.0,4558.6,282311.1015,1
1782404100000,61.936,62.625,61.928,62.427,51150.0,5115.0,319376.5045,1
1782405000000,62.437,62.437,61.381,61.381,36550.0,3655.0,226164.5077,1
1782405900000,61.416,61.61,61.133,61.331,33573.0,3357.3,205536.6291,1
1782406800000,61.318,61.947,61.23,61.733,17394.0,1739.4,107147.9783,1
1782407700000,61.737,62.8,61.737,62.794,18096.0,1809.6,112952.4463,1
1782408600000,62.791,63.049,62.407,62.457,23770.0,2377.0,149146.1732,1
1782409500000,62.457,63.502,62.218,63.442,28529.0,2852.9,179115.9532,1
1782410400000,63.425,63.566,62.853,62.932,40129.0,4012.9,253546.0777,1
1782411300000,62.889,63.595,62.865,63.199,60688.0,6068.8,383801.6921,1
1782412200000,63.202,63.25,62.789,63.249,22778.0,2277.8,143539.1698,1
1782413100000,63.25,63.612,63.013,63.612,18708.0,1870.8,118583.1745,1
1782414000000,63.633,63.633,62.813,62.823,21475.0,2147.5,135855.8541,1
1782414900000,62.819,62.879,62.369,62.708,25363.0,2536.3,158806.8013,1
1782415800000,62.735,62.916,62.52,62.878,9069.0,906.9,56825.4624,1
1782416700000,62.836,63.438,62.658,63.436,22199.0,2219.9,139780.6178,1
1782417600000,63.438,64.133,63.438,63.745,35552.0,3555.2,227096.3469,1
1782418500000,63.771,64.133,63.771,64.081,22888.0,2288.8,146653.4537,1
1782419400000,64.086,64.086,63.376,63.482,20565.0,2056.5,130857.5719,1
1782420300000,63.448,63.494,63.003,63.167,35348.0,3534.8,223285.1714,1
1782421200000,63.122,63.281,62.906,63.098,29671.0,2967.1,187052.2813,1
1782422100000,63.105,63.96,62.872,63.932,73111.0,7311.1,462967.4567,1
1782423000000,63.914,64.846,63.8,64.326,65470.0,6547.0,421007.8835,1
1782423900000,64.31,64.516,64.137,64.487,42764.0,4276.4,275025.0143,1
1782424800000,64.444,64.634,63.676,63.695,44244.0,4424.4,283675.6713,1
1782425700000,63.715,63.915,63.536,63.6,28275.0,2827.5,180106.898,1
1782426600000,63.593,63.77,63.469,63.742,17225.0,1722.5,109581.4351,1
1782427500000,63.737,63.895,63.469,63.801,12283.0,1228.3,78226.5214,1
1782428400000,63.801,64.0,63.5,63.699,5655.0,565.5,36044.9642,1
1782429300000,63.699,65.133,63.698,65.112,71434.0,7143.4,462009.382,1
1782430200000,65.134,65.377,64.634,64.665,65127.0,6512.7,424110.7946,1
1782431100000,64.666,64.732,64.066,64.092,43935.0,4393.5,282693.746,1
1782432000000,64.115,64.471,64.094,64.27,36575.0,3657.5,235011.2664,1
1782432900000,64.266,64.266,63.667,63.73,24271.0,2427.1,155116.5496,1
1782433800000,63.744,63.935,63.51,63.798,29754.0,2975.4,189448.2387,1
1782434700000,63.816,64.016,63.515,63.533,18287.0,1828.7,116724.8567,1
1782435600000,63.55,63.662,63.053,63.203,48482.0,4848.2,306441.7702,1
1782436500000,63.206,63.438,62.742,62.761,51936.0,5193.6,327344.5553,1
1782437400000,62.763,63.049,62.735,63.0,41315.0,4131.5,259717.3169,1
1782438300000,63.001,63.243,62.853,63.243,25758.0,2575.8,162488.2203,1
1782439200000,63.242,63.268,62.482,62.482,82624.0,8262.4,520446.8086,1
1782440100000,62.497,62.582,61.578,61.991,70248.0,7024.8,435324.9581,1
1782441000000,61.976,62.2,61.6,61.909,40817.0,4081.7,252799.2416,1
1782441900000,61.882,61.883,61.409,61.612,28685.0,2868.5,176684.1878,1
1782442800000,61.635,62.359,61.485,62.093,39625.0,3962.5,245913.0202,1
1782443700000,62.06,62.657,61.861,62.226,39647.0,3964.7,246133.6398,1
1782444600000,62.226,63.0,61.901,62.998,57477.0,5747.7,358660.9555,1
1782445500000,63.0,63.783,62.935,63.783,32981.0,3298.1,209113.8372,1
1782446400000,63.799,63.959,63.58,63.668,21826.0,2182.6,139094.0654,1
1782447300000,63.663,63.961,63.44,63.525,35187.0,3518.7,223822.4981,1
1782448200000,63.49,63.579,63.0,63.171,39422.0,3942.2,249213.6141,1
1782449100000,63.199,63.2,62.657,62.769,16930.0,1693.0,106291.0983,1
1782450000000,62.789,62.852,62.57,62.852,25345.0,2534.5,159026.9514,1
1782450900000,62.851,63.029,62.071,62.739,36893.0,3689.3,230471.231,1
1782451800000,62.739,63.0,62.5,62.501,18732.0,1873.2,117653.6082,1
1782452700000,62.511,62.637,62.2,62.553,10093.0,1009.3,63033.6242,1
1782453600000,62.546,62.546,62.2,62.325,8696.0,869.6,54212.9267,1
1782454500000,62.343,63.067,62.343,63.028,7912.0,791.2,49661.663,1
1782455400000,63.062,63.8,62.89,63.794,39271.0,3927.1,249246.8769,1
1782456300000,63.784,63.846,63.539,63.726,13504.0,1350.4,86088.3948,1
1782457200000,63.74,63.781,63.438,63.7,17299.0,1729.9,109965.1675,1
1782458100000,63.7,64.12,63.536,63.985,23336.0,2333.6,149074.2158,1
1782459000000,63.986,64.439,63.901,64.299,33617.0,3361.7,216119.5236,1
1782459900000,64.267,65.057,64.2,65.005,22968.0,2296.8,148264.9441,1
1782460800000,65.004,65.415,64.278,64.467,113307.0,11330.7,733962.9155,1
1782461700000,64.478,64.667,64.062,64.501,14409.0,1440.9,92747.789,1
1782462600000,64.5,64.518,64.03,64.422,14544.0,1454.4,93494.3199,1
1782463500000,64.42,64.524,64.002,64.051,19763.0,1976.3,126790.9842,1
1782464400000,64.075,64.075,63.098,63.551,31193.0,3119.3,198285.8836,1
1782465300000,63.531,63.595,63.323,63.471,16281.0,1628.1,103364.7164,1
1782466200000,63.472,63.472,63.118,63.297,51783.0,5178.3,327520.0932,1
1782467100000,63.308,63.434,62.636,62.654,64855.0,6485.5,408338.792,1
1782468000000,62.647,62.647,62.3,62.371,35738.0,3573.8,223320.7135,1
1782468900000,62.37,62.554,62.235,62.323,18970.0,1897.0,118206.4551,1
1782469800000,62.36,62.428,62.079,62.169,37922.0,3792.2,235851.7036,1
1782470700000,62.158,62.252,61.9,61.983,52392.0,5239.2,325082.3467,1
1782471600000,61.991,62.399,61.923,62.001,33996.0,3399.6,211244.9413,1
1782472500000,62.001,62.148,61.733,61.897,61463.0,6146.3,380445.5338,1
1782473400000,61.905,62.244,61.805,62.101,39118.0,3911.8,242642.8565,1
1782474300000,62.082,62.188,61.811,62.092,10382.0,1038.2,64336.3986,1
1782475200000,62.096,62.325,62.021,62.215,18038.0,1803.8,112232.7112,1
1782476100000,62.243,62.616,62.169,62.563,18790.0,1879.0,117434.7965,1
1782477000000,62.554,62.6,61.22,61.31,87746.0,8774.6,542359.8563,1
1782477900000,61.321,61.813,61.296,61.542,51471.0,5147.1,317042.8651,1
1782478800000,61.554,61.765,61.337,61.517,25788.0,2578.8,158564.2629,1
1782479700000,61.503,61.767,61.024,61.751,70731.0,7073.1,434122.6185,1
1782480600000,61.787,62.61,61.486,62.61,63159.0,6315.9,392090.0176,1
1782481500000,62.609,63.881,62.405,63.77,96773.0,9677.3,611133.8173,1
1782482400000,63.777,64.125,63.625,63.772,67784.0,6778.4,433006.2391,1
1782483300000,63.784,64.667,63.639,64.388,126590.0,12659.0,814944.1983,1
1782484200000,64.379,64.477,63.65,63.716,24888.0,2488.8,159344.2716,1
1782485100000,63.704,64.2,63.667,63.959,33847.0,3384.7,216074.4834,1
1782486000000,63.956,64.443,63.9,64.156,35014.0,3501.4,224424.9431,1
1782486900000,64.16,64.771,63.959,64.48,38267.0,3826.7,246671.5761,1
1782487800000,64.48,65.0,64.415,64.822,25479.0,2547.9,165024.9323,1
1782488700000,64.833,65.0,64.524,64.868,35910.0,3591.0,232416.708,1
1782489600000,64.88,65.195,64.44,64.452,39669.0,3966.9,257179.9964,1
1782490500000,64.487,64.982,64.235,64.748,349108.0,34910.8,2258850.3705,1
1782491400000,64.813,65.283,64.766,65.06,313627.0,31362.7,2040772.4907,1
1782492300000,65.06,65.114,64.771,64.979,30130.0,3013.0,195734.3037,1
1782493200000,64.979,65.408,64.791,65.253,22390.0,2239.0,145908.865,1
1782494100000,65.218,65.265,64.882,65.188,15442.0,1544.2,100386.8855,1
1782495000000,65.198,65.265,64.558,64.8,25265.0,2526.5,163734.9167,1
1782495900000,64.8,64.906,64.415,64.554,50752.0,5075.2,328030.7941,1
1782496800000,64.554,65.199,64.452,64.882,14942.0,1494.2,96842.3517,1
1782497700000,64.907,65.0,64.485,64.584,75702.0,7570.2,490041.2164,1
1782498600000,64.607,64.8,64.493,64.642,18074.0,1807.4,116800.2274,1
1782499500000,64.612,64.612,64.003,64.035,58998.0,5899.8,379050.6861,1
1782500400000,64.059,64.9,63.9,64.899,41837.0,4183.7,269858.3636,1
1782501300000,64.899,64.956,64.525,64.702,38720.0,3872.0,250783.9283,1
1782502200000,64.721,65.332,64.637,65.228,34585.0,3458.5,224879.2366,1
1782503100000,65.244,65.251,64.844,64.844,11518.0,1151.8,74882.6288,1
1782504000000,64.834,65.089,64.67,64.671,31667.0,3166.7,205467.2198,1
1782504900000,64.67,64.797,64.351,64.771,23803.0,2380.3,153595.5588,1
1782505800000,64.77,64.77,63.834,63.894,46768.0,4676.8,299877.8086,1
1782506700000,63.888,64.194,63.713,63.754,13903.0,1390.3,88968.1359,1
1782507600000,63.743,63.756,63.282,63.446,76633.0,7663.3,485851.5121,1
1782508500000,63.431,63.977,63.309,63.9,18527.0,1852.7,117960.7261,1
1782509400000,63.913,64.443,63.9,64.394,25708.0,2570.8,164756.0639,1
1782510300000,64.415,64.521,63.807,64.013,98623.0,9862.3,632963.5665,1
1782511200000,64.013,64.026,63.612,63.887,67897.0,6789.7,433136.1338,1
1782512100000,63.874,64.029,63.874,63.927,14873.0,1487.3,95106.3282,1
1782513000000,63.92,64.134,63.77,64.051,12894.0,1289.4,82394.9632,1
1782513900000,64.037,64.208,63.933,64.208,10799.0,1079.9,69207.8398,1
1782514800000,64.208,64.666,64.183,64.658,14806.0,1480.6,95455.1311,1
1782515700000,64.666,64.674,64.278,64.281,20619.0,2061.9,133054.6358,1
1782516600000,64.278,64.524,64.22,64.464,43718.0,4371.8,281112.5362,1
1782517500000,64.478,64.524,64.27,64.385,30438.0,3043.8,196162.9032,1
1782518400000,64.375,64.394,64.2,64.201,16646.0,1664.6,106986.2632,1
1782519300000,64.201,64.201,63.5,63.617,19722.0,1972.2,125985.8454,1
1782520200000,63.611,63.611,63.289,63.446,84657.0,8465.7,536918.7508,1
1782521100000,63.455,63.747,63.329,63.686,42884.0,4288.4,272225.0881,1
1782522000000,63.686,63.687,63.434,63.554,21304.0,2130.4,135452.1439,1
1782522900000,63.542,63.783,63.504,63.588,15033.0,1503.3,95684.6477,1
1782523800000,63.614,63.666,63.402,63.521,8148.0,814.8,51775.6561,1
1782524700000,63.52,63.536,63.336,63.438,8127.0,812.7,51567.133,1
1782525600000,63.431,64.057,63.244,64.049,40489.0,4048.9,257453.8462,1
1782526500000,64.046,64.431,63.836,64.356,26963.0,2696.3,172525.6873,1
1782527400000,64.349,64.371,64.07,64.205,13028.0,1302.8,83719.1425,1
1782528300000,64.221,64.45,64.178,64.253,4834.0,483.4,31091.0873,1
1782529200000,64.254,64.389,63.901,63.912,12487.0,1248.7,80014.3244,1
1782530100000,63.9,64.277,63.892,64.084,8517.0,851.7,54611.0745,1
1782531000000,64.079,64.269,64.001,64.071,69884.0,6988.4,447692.1306,1
1782531900000,64.056,64.172,63.912,64.025,2483.0,248.3,15900.8259,1
1782532800000,64.022,64.612,63.951,64.483,35888.0,3588.8,231066.9327,1
1782533700000,64.466,64.77,64.416,64.416,10293.0,1029.3,66550.2964,1
1782534600000,64.416,64.432,64.134,64.162,29180.0,2918.0,187353.3775,1
1782535500000,64.153,64.177,63.933,64.018,43724.0,4372.4,279910.3913,1
1782536400000,64.032,64.053,63.724,63.825,21630.0,2163.0,138010.6289,1
1782537300000,63.798,64.076,63.715,63.815,15816.0,1581.6,101168.3518,1
1782538200000,63.837,63.957,63.788,63.902,18856.0,1885.6,120407.5935,1
1782539100000,63.901,64.052,63.8,63.801,8099.0,809.9,51793.779,1
1782540000000,63.801,63.814,63.22,63.305,17317.0,1731.7,109967.7825,1
1782540900000,63.342,63.563,63.295,63.514,9506.0,950.6,60310.9229,1
1782541800000,63.525,63.938,63.465,63.921,7247.0,724.7,46189.519,1
1782542700000,63.908,63.973,63.526,63.526,35702.0,3570.2,227042.4395,1
1782543600000,63.556,63.593,63.34,63.424,7653.0,765.3,48566.0425,1
1782544500000,63.438,63.783,63.413,63.626,3757.0,375.7,23905.6719,1
1782545400000,63.637,63.638,63.435,63.599,6836.0,683.6,43417.2926,1
1782546300000,63.578,63.742,63.452,63.628,6481.0,648.1,41209.7304,1
1782547200000,63.623,63.984,63.573,63.678,6894.0,689.4,43994.2625,1
1782548100000,63.704,63.731,63.556,63.615,14217.0,1421.7,90487.986,1
1782549000000,63.626,63.781,63.4,63.42,10841.0,1084.1,68845.7852,1
1782549900000,63.428,63.554,63.37,63.485,2237.0,223.7,14193.946,1
1782550800000,63.474,63.547,62.814,62.855,25953.0,2595.3,163725.2297,1
1782551700000,62.848,62.975,62.709,62.72,15846.0,1584.6,99572.9119,1
1782552600000,62.697,63.073,62.697,62.771,8932.0,893.2,56141.2178,1
1782553500000,62.776,62.992,62.76,62.931,11189.0,1118.9,70361.6334,1
1782554400000,62.923,63.072,62.907,63.016,15498.0,1549.8,97634.1614,1
1782555300000,63.016,63.217,62.948,63.217,11181.0,1118.1,70609.2198,1
1782556200000,63.22,63.31,63.112,63.279,14391.0,1439.1,90991.3132,1
1782557100000,63.287,63.295,63.133,63.295,5568.0,556.8,35218.3867,1
1782558000000,63.295,63.328,63.047,63.097,9668.0,966.8,61011.3606,1
1782558900000,63.091,63.091,62.839,62.93,13852.0,1385.2,87282.9991,1
1782559800000,62.93,63.108,62.89,63.108,28153.0,2815.3,177220.9273,1
1782560700000,63.093,63.615,63.084,63.447,19294.0,1929.4,122422.8081,1
1782561600000,63.447,63.453,62.967,63.087,5142.0,514.2,32431.9493,1
1782562500000,63.074,63.2,63.052,63.14,2848.0,284.8,17988.1051,1
1782563400000,63.14,63.199,62.967,63.089,4622.0,462.2,29159.7745,1
1782564300000,63.084,63.336,63.042,63.314,23483.0,2348.3,148413.6998,1
1782565200000,63.314,63.481,63.212,63.479,7321.0,732.1,46402.7497,1
1782566100000,63.456,63.635,63.354,63.56,7404.0,740.4,47034.5423,1
1782567000000,63.551,63.6,63.345,63.567,7051.0,705.1,44730.2829,1
1782567900000,63.554,63.783,63.544,63.713,15924.0,1592.4,101425.5353,1
1782568800000,63.709,64.192,63.526,64.123,31638.0,3163.8,202706.085,1
1782569700000,64.081,64.2,63.978,64.094,7093.0,709.3,45442.387,1
1782570600000,64.091,64.189,63.92,64.023,14477.0,1447.7,92862.6529,1
1782571500000,64.007,64.105,63.696,63.831,19913.0,1991.3,127075.7341,1
1782572400000,63.835,64.678,63.827,64.63,37425.0,3742.5,241344.3662,1
1782573300000,64.633,64.728,64.399,64.548,49063.0,4906.3,316612.4604,1
1782574200000,64.558,64.718,64.423,64.532,7699.0,769.9,49715.173,1
1782575100000,64.538,64.627,64.322,64.432,39813.0,3981.3,256507.2206,1
1782576000000,64.431,64.435,64.2,64.316,30310.0,3031.0,194751.4785,1
1782576900000,64.305,64.344,64.0,64.088,30529.0,3052.9,195620.0588,1
1782577800000,64.083,64.344,63.937,64.247,89298.0,8929.8,573363.7516,1
1782578700000,64.257,64.33,64.106,64.248,25196.0,2519.6,161893.0794,1
1782579600000,64.223,64.258,63.424,63.497,52759.0,5275.9,336142.1982,1
1782580500000,63.531,63.531,63.276,63.318,16313.0,1631.3,103351.9255,1
1782581400000,63.314,63.518,63.194,63.452,16377.0,1637.7,103836.0263,1
1782582300000,63.438,63.528,63.067,63.077,20869.0,2086.9,132278.6103,1
1782583200000,63.076,63.281,62.943,63.149,23828.0,2382.8,150248.0549,1
1782584100000,63.162,63.246,63.0,63.149,17895.0,1789.5,112912.4531,1
1782585000000,63.146,63.161,62.967,63.011,13484.0,1348.4,85062.664,1
1782585900000,63.01,63.137,62.875,63.064,5756.0,575.6,36242.5244,1
1782586800000,63.057,63.192,63.008,63.087,9351.0,935.1,59034.9443,1
1782587700000,63.106,63.106,62.481,62.605,41826.0,4182.6,262154.0882,1
1782588600000,62.632,62.632,62.39,62.512,49222.0,4922.2,307473.8241,1
1782589500000,62.503,62.596,62.208,62.212,54128.0,5412.8,337828.6284,1
1782590400000,62.214,62.27,62.101,62.135,34959.0,3495.9,217472.31,1
1782591300000,62.122,62.325,62.007,62.136,98130.0,9813.0,610329.1798,1
1782592200000,62.135,62.488,62.11,62.348,32807.0,3280.7,204307.4817,1
1782593100000,62.353,62.478,62.328,62.415,6412.0,641.2,40027.4296,1
1782594000000,62.434,62.66,62.421,62.614,33095.0,3309.5,206955.1502,1
1782594900000,62.635,62.774,62.623,62.772,4027.0,402.7,25250.6489,1
1782595800000,62.77,62.794,62.3,62.301,18739.0,1873.9,117054.8656,1
1782596700000,62.307,62.533,62.274,62.502,14511.0,1451.1,90493.3622,1
1782597600000,62.466,62.466,62.121,62.131,26557.0,2655.7,165516.3333,1
1782598500000,62.131,62.259,61.757,62.176,71941.0,7194.1,446083.4902,1
1782599400000,62.187,62.613,62.178,62.527,43267.0,4326.7,270332.04,1
1782600300000,62.527,62.639,62.366,62.608,46599.0,4659.9,291546.2213,1
1782601200000,62.613,62.64,62.197,62.202,14669.0,1466.9,91453.7613,1
1782602100000,62.174,62.337,61.836,61.921,30327.0,3032.7,188134.5832,1
1782603000000,61.955,62.096,61.718,61.86,35270.0,3527.0,218282.8692,1
1782603900000,61.864,61.876,61.555,61.682,63621.0,6362.1,392503.0449,1
1782604800000,61.676,61.945,61.586,61.914,12704.0,1270.4,78513.2109,1
1782605700000,61.906,62.139,61.884,62.113,16163.0,1616.3,100116.1233,1
1782606600000,62.13,62.164,61.862,61.991,9526.0,952.6,59031.5278,1
1782607500000,61.977,62.004,61.729,61.814,14729.0,1472.9,91026.6463,1
1782608400000,61.815,61.83,61.477,61.626,51236.0,5123.6,315402.5514,1
1782609300000,61.634,61.86,61.601,61.795,35759.0,3575.9,220704.1855,1
1782610200000,61.78,61.944,61.72,61.944,14122.0,1412.2,87304.8515,1
1782611100000,61.93,62.089,61.878,61.976,1496.0,149.6,9274.1265,1
1782612000000,61.996,62.149,61.996,62.081,17779.0,1777.9,110405.1798,1
1782612900000,62.078,62.107,61.671,61.76,41184.0,4118.4,254445.9065,1
1782613800000,61.761,61.917,61.761,61.883,17530.0,1753.0,108382.8269,1
1782614700000,61.873,61.975,61.769,61.937,4729.0,472.9,29253.7903,1
1782615600000,61.954,62.201,61.871,62.179,12890.0,1289.0,80044.6151,1
1782616500000,62.179,62.222,62.008,62.181,11767.0,1176.7,73072.8731,1
1782617400000,62.181,62.246,61.971,62.024,11891.0,1189.1,73877.5305,1
1782618300000,62.015,62.265,61.978,62.239,1900.0,190.0,11799.0553,1
1782619200000,62.231,62.298,62.052,62.066,32170.0,3217.0,200126.0945,1
1782620100000,62.104,62.247,62.052,62.054,922.0,92.2,5729.2195,1
1782621000000,62.052,62.116,61.836,62.098,66211.0,6621.1,410110.1179,1
1782621900000,62.112,62.258,61.927,61.941,49812.0,4981.2,309653.1113,1
1782622800000,61.949,61.979,61.75,61.918,82012.0,8201.2,507262.3455,1
1782623700000,61.951,62.106,61.686,61.782,55319.0,5531.9,342682.6466,1
1782624600000,61.788,61.895,61.766,61.837,2680.0,268.0,16572.0664,1
1782625500000,61.846,62.0,61.791,61.971,14826.0,1482.6,91782.3204,1
1782626400000,61.974,62.027,61.56,61.631,52240.0,5224.0,323562.2035,1
1782627300000,61.657,62.041,61.628,62.027,12645.0,1264.5,78329.7137,1
1782628200000,62.041,62.135,61.988,62.057,102444.0,10244.4,635633.2149,1
1782629100000,62.05,62.2,61.976,61.982,6495.0,649.5,40301.7079,1
1782630000000,61.998,62.448,61.979,62.353,5798.0,579.8,36166.1262,1
1782630900000,62.353,62.503,62.334,62.364,7972.0,797.2,49753.2015,1
1782631800000,62.349,62.547,62.288,62.418,9471.0,947.1,59077.5178,1
1782632700000,62.453,62.63,62.41,62.629,9304.0,930.4,58174.0814,1
1782633600000,62.629,62.63,62.371,62.547,6500.0,650.0,40634.6695,1
1782634500000,62.532,62.6,62.31,62.422,2259.0,225.9,14099.9857,1
1782635400000,62.42,63.237,62.411,63.222,69385.0,6938.5,437232.3354,1
1782636300000,63.225,63.466,63.042,63.083,56969.0,5696.9,360316.8072,1
1782637200000,63.099,63.128,62.82,62.935,8930.0,893.0,56218.6198,1
1782638100000,62.92,63.03,62.863,62.959,8251.0,825.1,51952.2942,1
1782639000000,62.959,63.125,62.822,63.076,7995.0,799.5,50285.8247,1
1782639900000,63.065,63.089,62.789,62.831,25589.0,2558.9,160721.5094,1
1782640800000,62.841,63.086,62.678,63.05,23856.0,2385.6,150088.9829,1
1782641700000,63.029,63.107,62.552,62.552,10587.0,1058.7,66474.5103,1
1782642600000,62.547,62.695,62.474,62.695,9614.0,961.4,60164.4067,1
1782643500000,62.695,62.895,62.629,62.854,2751.0,275.1,17260.1692,1
1782644400000,62.846,63.104,62.819,62.955,12834.0,1283.4,80886.8403,1
1782645300000,62.959,63.5,62.926,63.425,10367.0,1036.7,65576.2363,1
1782646200000,63.42,63.524,63.276,63.347,8361.0,836.1,53016.5273,1
1782647100000,63.355,63.405,63.056,63.179,14732.0,1473.2,93094.5574,1
1782648000000,63.213,63.29,63.041,63.11,4288.0,428.8,27077.0488,1
1782648900000,63.136,63.363,62.87,63.363,14418.0,1441.8,90784.4549,1
1782649800000,63.363,63.434,62.889,62.954,15187.0,1518.7,95739.9819,1
1782650700000,62.958,63.125,62.872,63.096,7577.0,757.7,47708.877,1
1782651600000,63.097,63.125,62.545,62.878,23856.0,2385.6,149651.3554,1
1782652500000,62.878,63.278,62.858,63.082,5741.0,574.1,36182.0974,1
1782653400000,63.082,63.192,63.004,63.058,6255.0,625.5,39472.9754,1
1782654300000,63.072,63.081,62.801,62.812,3492.0,349.2,21957.143,1
1782655200000,62.826,63.077,62.75,63.055,4575.0,457.5,28815.2825,1
1782656100000,63.047,63.262,62.924,62.942,18188.0,1818.8,114858.0741,1
1782657000000,62.918,63.197,62.911,63.035,8202.0,820.2,51677.6557,1
1782657900000,63.047,63.073,62.75,62.751,5845.0,584.5,36761.8117,1
1782658800000,62.751,63.033,62.696,62.94,4325.0,432.5,27171.8625,1
1782659700000,62.916,63.111,62.807,63.047,4978.0,497.8,31375.8622,1
1782660600000,63.028,63.15,62.918,63.074,4754.0,475.4,29968.235,1
1782661500000,63.04,63.125,62.801,63.113,6859.0,685.9,43168.0852,1
1782662400000,63.124,63.276,62.968,62.968,27231.0,2723.1,171973.6219,1
1782663300000,62.978,63.181,62.5,62.57,25858.0,2585.8,162297.902,1
1782664200000,62.594,62.64,62.328,62.358,36325.0,3632.5,226784.9383,1
1782665100000,62.372,62.696,62.335,62.661,136470.0,13647.0,852884.4286,1
1782666000000,62.655,62.962,62.6,62.774,144829.0,14482.9,910498.0477,1
1782666900000,62.764,62.883,62.548,62.573,10370.0,1037.0,64979.6505,1
1782667800000,62.558,62.686,62.44,62.631,17885.0,1788.5,111866.8999,1
1782668700000,62.604,62.91,62.589,62.819,5272.0,527.2,33100.4398,1
1782669600000,62.824,62.862,62.448,62.476,15756.0,1575.6,98601.3931,1
1782670500000,62.458,62.458,62.06,62.067,25550.0,2555.0,158877.0448,1
1782671400000,62.069,62.258,61.994,62.144,13780.0,1378.0,85556.3095,1
1782672300000,62.13,62.218,61.9,62.171,63651.0,6365.1,395154.3752,1
1782673200000,62.165,62.183,61.828,61.999,25129.0,2512.9,155890.6743,1
1782674100000,61.998,62.133,61.95,62.128,9801.0,980.1,60784.5244,1
1782675000000,62.102,62.29,61.859,61.874,14175.0,1417.5,87855.8809,1
1782675900000,61.868,62.075,61.659,62.005,44505.0,4450.5,275452.4645,1
1782676800000,62.015,62.14,61.871,62.125,30574.0,3057.4,189427.8701,1
1782677700000,62.122,62.426,61.923,62.357,36091.0,3609.1,224988.069,1
1782678600000,62.319,62.345,62.088,62.141,14995.0,1499.5,93286.8265,1
1782679500000,62.143,62.201,61.901,61.908,25757.0,2575.7,159941.2841,1
1782680400000,61.912,61.912,61.7,61.75,16448.0,1644.8,101595.5228,1
1782681300000,61.739,61.766,61.616,61.634,24216.0,2421.6,149328.0063,1
1782682200000,61.624,61.67,61.551,61.551,31228.0,3122.8,192443.4461,1
1782683100000,61.551,61.58,60.616,60.761,114888.0,11488.8,700281.4601,1
1782684000000,60.789,61.467,60.789,61.097,84499.0,8449.9,517014.9192,1
1782684900000,61.071,61.142,60.655,60.916,73352.0,7335.2,446848.3346,1
1782685800000,60.929,61.143,60.712,60.808,9285.0,928.5,56541.4819,1
1782686700000,60.82,60.977,60.653,60.876,24047.0,2404.7,146188.7985,1
1782687600000,60.863,61.242,60.808,61.03,52059.0,5205.9,317956.7278,1
1782688500000,61.038,61.377,61.0,61.265,21556.0,2155.6,131929.7229,1
1782689400000,61.259,61.641,61.258,61.576,37552.0,3755.2,230481.764,1
1782690300000,61.555,61.684,61.461,61.461,35986.0,3598.6,221636.9187,1
1782691200000,61.463,61.463,61.035,61.38,26652.0,2665.2,163076.5911,1
1782692100000,61.349,61.393,60.834,60.835,24260.0,2426.0,147887.2561,1
1782693000000,60.834,61.192,60.705,61.191,8074.0,807.4,49181.0046,1
1782693900000,61.191,61.737,60.939,61.735,30307.0,3030.7,186424.6769,1
1782694800000,61.702,61.851,61.453,61.672,32032.0,3203.2,197318.6371,1
1782695700000,61.678,61.739,61.304,61.359,11244.0,1124.4,69072.2631,1
1782696600000,61.364,61.948,61.2,61.916,11118.0,1111.8,68584.1421,1
1782697500000,61.918,62.084,61.858,61.96,30633.0,3063.3,189872.5946,1
1782698400000,61.965,62.11,61.396,61.472,16786.0,1678.6,103787.1277,1
1782699300000,61.489,62.327,61.376,62.326,28345.0,2834.5,175231.3436,1
1782700200000,62.327,62.6,62.242,62.6,24714.0,2471.4,154239.6024,1
1782701100000,62.599,62.65,62.4,62.497,27591.0,2759.1,172451.5965,1
1782702000000,62.497,62.924,62.492,62.708,56327.0,5632.7,353383.1885,1
1782702900000,62.697,62.776,62.45,62.755,54044.0,5404.4,337953.7122,1
1782703800000,62.758,62.8,62.27,62.296,38933.0,3893.3,243300.6971,1
1782704700000,62.281,62.651,62.267,62.651,31351.0,3135.1,195514.6589,1
1782705600000,62.616,62.772,62.4,62.434,9455.0,945.5,59239.669,1
1782706500000,62.434,62.6,62.334,62.562,26680.0,2668.0,166696.7789,1
1782707400000,62.566,62.566,62.064,62.143,20854.0,2085.4,129800.6839,1
1782708300000,62.149,62.27,62.035,62.087,27272.0,2727.2,169572.4711,1
1782709200000,62.085,62.117,61.549,61.759,40605.0,4060.5,250997.9855,1
1782710100000,61.752,62.047,61.746,61.985,23169.0,2316.9,143453.2205,1
1782711000000,61.984,62.39,61.9,62.341,5372.0,537.2,33357.2495,1
1782711900000,62.329,62.962,62.314,62.958,71734.0,7173.4,450333.2952,1
1782712800000,62.961,63.065,62.844,63.037,137646.0,13764.6,866452.2666,1
1782713700000,63.032,63.225,62.971,63.049,139522.0,13952.2,880828.6225,1
1782714600000,63.045,63.143,62.801,62.801,31644.0,3164.4,199325.3058,1
1782715500000,62.802,62.877,62.658,62.662,18040.0,1804.0,113123.7121,1
1782716400000,62.668,62.676,62.481,62.676,7203.0,720.3,45110.3266,1
1782717300000,62.698,62.813,62.6,62.741,8258.0,825.8,51791.2449,1
1782718200000,62.706,62.911,62.643,62.647,9417.0,941.7,59075.7747,1
1782719100000,62.643,62.737,62.579,62.594,14717.0,1471.7,92182.2867,1
1782720000000,62.601,62.79,62.484,62.57,11749.0,1174.9,73542.3713,1
1782720900000,62.587,62.699,62.419,62.512,18551.0,1855.1,115956.958,1
1782721800000,62.499,62.649,62.378,62.447,11848.0,1184.8,74038.1029,1
1782722700000,62.462,62.6,62.336,62.376,4254.0,425.4,26550.9799,1
1782723600000,62.379,62.56,62.331,62.558,6082.0,608.2,37975.3591,1
1782724500000,62.55,62.734,62.344,62.521,36883.0,3688.3,230608.9721,1
1782725400000,62.521,62.572,62.344,62.44,18321.0,1832.1,114418.4719,1
1782726300000,62.438,62.667,62.4,62.588,4902.0,490.2,30675.1894,1
1782727200000,62.603,63.134,62.603,63.099,6623.0,662.3,41632.2455,1
1782728100000,63.089,63.516,63.015,63.516,140667.0,14066.7,891414.3564,1
1782729000000,63.515,63.8,63.471,63.498,15428.0,1542.8,98148.9332,1
1782729900000,63.511,63.673,63.474,63.643,7815.0,781.5,49670.5755,1
1782730800000,63.641,63.694,63.081,63.095,20241.0,2024.1,128355.6556,1
1782731700000,63.096,63.281,62.924,63.186,16406.0,1640.6,103526.902,1
1782732600000,63.21,63.516,62.911,63.186,42064.0,4206.4,265891.7413,1
1782733500000,63.192,63.4,63.048,63.376,13272.0,1327.2,83850.7012,1
1782734400000,63.392,64.367,63.118,64.304,33782.0,3378.2,215743.6762,1
1782735300000,64.291,64.572,64.207,64.552,28074.0,2807.4,180796.2467,1
1782736200000,64.533,64.585,63.555,63.562,28624.0,2862.4,183005.67,1
1782737100000,63.564,63.873,63.364,63.801,26124.0,2612.4,166346.8938,1
1782738000000,63.8,64.856,63.8,64.759,65101.0,6510.1,419622.8371,1
1782738900000,64.759,64.802,64.01,64.018,40032.0,4003.2,257847.6057,1
1782739800000,64.01,64.947,63.616,63.654,98348.0,9834.8,632943.3251,1
1782740700000,63.661,63.908,63.182,63.904,69641.0,6964.1,442546.9117,1
1782741600000,63.931,64.182,63.4,63.401,79447.0,7944.7,506607.0121,1
1782742500000,63.4,63.985,63.262,63.799,87216.0,8721.6,554091.6829,1
1782743400000,63.781,64.182,63.708,63.78,30475.0,3047.5,194762.7478,1
1782744300000,63.772,64.415,63.6,64.405,36711.0,3671.1,235387.0639,1
1782745200000,64.414,64.414,63.739,63.815,58115.0,5811.5,371551.7845,1
1782746100000,63.833,64.319,63.806,64.319,60018.0,6001.8,384728.9922,1
1782747000000,64.317,64.914,64.317,64.75,22002.0,2200.2,142193.6268,1
1782747900000,64.726,64.947,64.639,64.875,113794.0,11379.4,737721.2815,1
1782748800000,64.916,65.31,64.801,64.801,377193.0,37719.3,2457700.3604,1
1782749700000,64.801,64.881,64.275,64.344,98175.0,9817.5,633903.6129,1
1782750600000,64.339,64.844,64.241,64.843,52666.0,5266.6,339720.7469,1
1782751500000,64.844,65.199,64.686,64.72,39765.0,3976.5,258576.9035,1
1782752400000,64.737,65.803,64.734,65.719,125103.0,12510.3,818433.4619,1
1782753300000,65.727,66.497,65.684,66.375,126282.0,12628.2,834745.3549,1
1782754200000,66.375,66.497,65.907,66.468,56389.0,5638.9,373081.0163,1
1782755100000,66.454,66.866,66.23,66.39,43169.0,4316.9,287022.7481,1
1782756000000,66.408,66.408,66.089,66.11,43164.0,4316.4,285993.8694,1
1782756900000,66.11,66.32,65.75,65.84,55816.0,5581.6,368296.3008,1
1782757800000,65.849,66.222,65.739,66.124,16597.0,1659.7,109530.4067,1
1782758700000,66.12,66.12,65.767,65.806,21661.0,2166.1,142623.7496,1
1782759600000,65.82,65.82,65.429,65.52,27464.0,2746.4,179926.9003,1
1782760500000,65.512,66.79,65.485,66.705,54747.0,5474.7,362712.5621,1
1782761400000,66.722,66.86,66.565,66.815,29174.0,2917.4,194620.026,1
1782762300000,66.825,67.142,66.793,66.942,92609.0,9260.9,619990.1372,1
1782763200000,66.967,67.008,66.662,66.865,53770.0,5377.0,358899.4813,1
1782764100000,66.858,66.934,66.54,66.584,74174.0,7417.4,494088.2685,1
1782765000000,66.587,66.8,66.442,66.678,8697.0,869.7,57896.3663,1
1782765900000,66.664,66.71,66.325,66.366,11308.0,1130.8,75147.3031,1
1782766800000,66.366,66.947,66.273,66.889,14307.0,1430.7,95285.0421,1
1782767700000,66.879,66.895,66.473,66.895,10975.0,1097.5,73149.7591,1
1782768600000,66.878,67.469,66.878,67.339,110878.0,11087.8,744899.5343,1
1782769500000,67.346,67.704,67.338,67.54,56145.0,5614.5,379218.0757,1
1782770400000,67.55,67.8,67.203,67.231,112188.0,11218.8,757370.2201,1
1782771300000,67.248,67.262,66.871,66.901,51906.0,5190.6,348229.2232,1
1782772200000,66.9,66.934,66.719,66.84,64312.0,6431.2,429417.0578,1
1782773100000,66.841,67.308,66.815,66.993,165208.0,16520.8,1107891.9486,1
1782774000000,66.999,67.208,66.8,67.2,21999.0,2199.9,147508.0626,1
1782774900000,67.201,67.284,66.952,67.082,28506.0,2850.6,191514.2999,1
1782775800000,67.055,67.166,66.651,66.667,9871.0,987.1,65971.3712,1
1782776700000,66.682,66.993,66.682,66.94,55308.0,5530.8,369887.0303,1
1782777600000,66.903,66.974,66.496,66.738,43006.0,4300.6,286599.6068,1
1782778500000,66.739,66.916,66.092,66.115,36610.0,3661.0,243565.5758,1
1782779400000,66.123,66.164,65.799,66.085,158566.0,15856.6,1046134.7235,1
1782780300000,66.062,66.266,66.03,66.041,39765.0,3976.5,262962.7143,1
1782781200000,66.072,66.088,65.658,65.683,63853.0,6385.3,420514.4303,1
1782782100000,65.683,66.378,65.632,66.214,37975.0,3797.5,251184.3399,1
1782783000000,66.215,66.575,65.969,66.14,90377.0,9037.7,598896.8473,1
1782783900000,66.145,66.395,66.001,66.395,41275.0,4127.5,273267.2896,1
1782784800000,66.399,66.459,65.62,65.745,122428.0,12242.8,808105.1267,1
1782785700000,65.786,66.102,65.717,65.936,14376.0,1437.6,94725.0975,1
1782786600000,65.918,65.95,65.72,65.791,12258.0,1225.8,80716.1481,1
1782787500000,65.814,66.05,65.65,65.762,38443.0,3844.3,252958.7427,1
1782788400000,65.761,65.924,65.752,65.819,52723.0,5272.3,347328.8856,1
1782789300000,65.814,66.164,65.804,66.033,10122.0,1012.2,66837.3007,1
1782790200000,66.033,66.15,65.745,66.006,33063.0,3306.3,217847.5354,1
1782791100000,65.999,66.057,65.72,65.787,20057.0,2005.7,131967.9844,1
1782792000000,65.782,66.108,65.556,66.06,12979.0,1297.9,85357.04,1
1782792900000,66.058,66.246,65.932,66.234,13844.0,1384.4,91597.4116,1
1782793800000,66.219,66.494,66.219,66.455,19759.0,1975.9,131108.6591,1
1782794700000,66.445,66.445,65.978,66.236,29016.0,2901.6,191870.4472,1
1782795600000,66.24,66.333,66.0,66.13,10312.0,1031.2,68182.2382,1
1782796500000,66.139,66.139,65.759,65.857,52594.0,5259.4,346512.5949,1
1782797400000,65.866,66.0,65.725,65.945,48478.0,4847.8,319103.6806,1
1782798300000,65.958,66.072,65.801,66.072,2702.0,270.2,17818.0936,1
1782799200000,66.087,66.087,65.725,65.781,7040.0,704.0,46358.6618,1
1782800100000,65.774,65.84,65.403,65.84,38131.0,3813.1,249903.2697,1
1782801000000,65.818,65.884,65.488,65.497,47335.0,4733.5,310434.2317,1
1782801900000,65.483,65.613,65.414,65.514,42410.0,4241.0,277698.6611,1
1782802800000,65.516,65.667,65.26,65.547,32985.0,3298.5,215784.7888,1
1782803700000,65.565,65.703,65.478,65.492,23856.0,2385.6,156522.5569,1
1782804600000,65.508,65.704,65.49,65.639,16253.0,1625.3,106668.6733,1
1782805500000,65.634,65.725,65.519,65.666,11380.0,1138.0,74659.2697,1
1782806400000,65.663,65.755,65.25,65.25,10872.0,1087.2,71138.574,1
1782807300000,65.251,65.486,65.207,65.434,13760.0,1376.0,89922.8367,1
1782808200000,65.437,65.584,65.241,65.44,5916.0,591.6,38693.6082,1
1782809100000,65.441,65.456,65.079,65.172,9929.0,992.9,64714.0535,1
1782810000000,65.173,65.314,65.154,65.244,5831.0,583.1,38048.4046,1
1782810900000,65.219,65.286,65.079,65.08,8629.0,862.9,56184.227,1
1782811800000,65.08,65.246,64.997,65.174,20041.0,2004.1,130425.3584,1
1782812700000,65.181,65.44,65.18,65.319,5798.0,579.8,37870.8025,1
1782813600000,65.328,65.378,65.162,65.313,6892.0,689.2,44959.3712,1
1782814500000,65.333,65.548,65.235,65.365,9225.0,922.5,60248.5708,1
1782815400000,65.372,65.492,65.32,65.492,12062.0,1206.2,78900.418,1
1782816300000,65.492,66.232,65.439,66.096,56998.0,5699.8,374964.878,1
1782817200000,66.084,66.339,65.906,66.313,57096.0,5709.6,378026.2185,1
1782818100000,66.323,66.323,65.8,65.818,52425.0,5242.5,346167.2538,1
1782819000000,65.825,66.033,65.489,66.025,43181.0,4318.1,283782.7186,1
1782819900000,66.004,66.102,65.618,65.707,13394.0,1339.4,88189.9213,1
1782820800000,65.687,65.687,65.164,65.176,53141.0,5314.1,347047.0014,1
1782821700000,65.187,65.38,64.688,64.795,57598.0,5759.8,374435.5133,1
1782822600000,64.805,64.969,64.726,64.818,42946.0,4294.6,278465.8492,1
1782823500000,64.814,64.9,64.435,64.551,117891.0,11789.1,761245.4943,1
1782824400000,64.565,65.032,64.564,64.848,87857.0,8785.7,569370.9156,1
1782825300000,64.837,65.112,64.834,65.08,64232.0,6423.2,416932.9027,1
1782826200000,65.089,65.217,64.431,64.997,53904.0,5390.4,349107.6781,1
1782827100000,64.981,65.519,64.845,65.211,36375.0,3637.5,237368.2149,1
1782828000000,65.211,65.895,65.202,65.808,66633.0,6663.3,437809.1641,1
1782828900000,65.82,66.02,65.576,65.917,54132.0,5413.2,356378.9422,1
1782829800000,65.917,66.023,65.194,65.394,42354.0,4235.4,276859.6297,1
1782830700000,65.399,65.4,64.702,64.861,118205.0,11820.5,767334.5976,1
1782831600000,64.861,64.987,64.6,64.866,77724.0,7772.4,503313.9431,1
1782832500000,64.87,65.189,64.608,64.884,54422.0,5442.2,353224.3899,1
1782833400000,64.881,65.059,64.747,64.937,46546.0,4654.6,302036.1343,1
1782834300000,64.923,65.449,64.923,65.011,28766.0,2876.6,187615.2337,1
1782835200000,65.042,65.3,64.623,64.661,26105.0,2610.5,169288.075,1
1782836100000,64.646,64.646,64.16,64.285,74778.0,7477.8,481967.3225,1
1782837000000,64.299,64.565,64.161,64.37,39189.0,3918.9,252212.3222,1
1782837900000,64.369,64.744,64.355,64.69,30105.0,3010.5,194291.7277,1
1782838800000,64.69,65.195,64.534,64.583,9243.0,924.3,59941.7516,1
1782839700000,64.576,64.834,64.526,64.748,23009.0,2300.9,148821.5775,1
1782840600000,64.76,64.844,64.601,64.666,7811.0,781.1,50548.9821,1
1782841500000,64.652,64.763,64.564,64.589,14605.0,1460.5,94453.8491,1
1782842400000,64.592,64.759,64.496,64.715,14907.0,1490.7,96288.2489,1
1782843300000,64.716,65.263,64.622,64.74,48764.0,4876.4,316738.1778,1
1782844200000,64.747,64.788,64.577,64.761,33751.0,3375.1,218297.2112,1
1782845100000,64.784,65.108,64.739,64.994,22234.0,2223.4,144392.9553,1
1782846000000,64.975,65.158,64.859,65.136,24228.0,2422.8,157587.6602,1
1782846900000,65.123,65.124,64.8,64.956,17345.0,1734.5,112622.9272,1
1782847800000,64.957,65.248,64.912,65.238,17116.0,1711.6,111426.9089,1
1782848700000,65.229,65.534,65.229,65.485,29980.0,2998.0,196266.0732,1
1782849600000,65.5,65.725,65.347,65.57,33915.0,3391.5,222186.4337,1
1782850500000,65.564,65.602,65.125,65.17,23918.0,2391.8,156064.1206,1
1782851400000,65.168,65.168,64.759,64.76,36982.0,3698.2,240382.7388,1
1782852300000,64.751,65.263,64.683,64.687,15337.0,1533.7,99401.3821,1
1782853200000,64.685,64.903,64.4,64.412,27196.0,2719.6,175536.9634,1
1782854100000,64.401,64.478,64.215,64.258,11507.0,1150.7,74007.6377,1
1782855000000,64.24,64.599,64.24,64.416,15759.0,1575.9,101545.4489,1
1782855900000,64.388,64.74,64.31,64.689,22357.0,2235.7,144097.3065,1
1782856800000,64.72,64.85,64.601,64.66,2900.0,290.0,18767.7669,1
1782857700000,64.663,64.874,64.559,64.656,3923.0,392.3,25372.2687,1
1782858600000,64.639,64.639,64.4,64.619,20665.0,2066.5,133373.9853,1
1782859500000,64.592,64.674,64.543,64.647,2810.0,281.0,18160.1767,1
1782860400000,64.67,64.75,64.537,64.611,31210.0,3121.0,201602.3901,1
1782861300000,64.612,64.8,64.608,64.733,13654.0,1365.4,88354.2939,1
1782862200000,64.717,64.834,64.6,64.714,3574.0,357.4,23122.2085,1
1782863100000,64.724,65.102,64.668,65.041,12478.0,1247.8,81080.182,1
1782864000000,65.062,65.184,64.866,65.005,9787.0,978.7,63656.7107,1
1782864900000,65.005,65.066,64.203,64.28,44973.0,4497.3,290309.6652,1
1782865800000,64.319,64.829,64.3,64.437,31180.0,3118.0,201392.8407,1
1782866700000,64.468,64.468,64.207,64.239,18176.0,1817.6,116923.2933,1
1782867600000,64.245,64.314,63.001,63.599,174887.0,17488.7,1112063.4702,1
1782868500000,63.636,64.013,63.276,63.808,69699.0,6969.9,443709.2025,1
1782869400000,63.8,64.369,63.72,64.368,86232.0,8623.2,553306.8193,1
1782870300000,64.369,64.734,64.022,64.561,41769.0,4176.9,268844.834,1
1782871200000,64.568,64.994,64.497,64.86,38938.0,3893.8,252054.9098,1
1782872100000,64.876,65.273,64.796,65.195,25099.0,2509.9,163343.4085,1
1782873000000,65.21,65.5,65.06,65.459,36773.0,3677.3,240139.6789,1
1782873900000,65.464,65.533,65.274,65.44,21980.0,2198.0,143725.1477,1
1782874800000,65.464,65.48,65.171,65.229,3379.0,337.9,22060.1082,1
1782875700000,65.21,65.447,65.079,65.447,22113.0,2211.3,144243.6479,1
1782876600000,65.45,65.721,65.25,65.382,105459.0,10545.9,690094.1799,1
1782877500000,65.376,65.81,65.375,65.617,24001.0,2400.1,157662.3329,1
1782878400000,65.6,65.614,65.386,65.488,6240.0,624.0,40867.6284,1
1782879300000,65.453,65.683,65.423,65.665,10105.0,1010.5,66287.2874,1
1782880200000,65.633,65.827,65.401,65.807,14706.0,1470.6,96458.3594,1
1782881100000,65.805,66.011,65.793,65.883,29653.0,2965.3,195291.9601,1
1782882000000,65.884,66.0,65.65,65.752,10465.0,1046.5,68905.2812,1
1782882900000,65.752,65.854,65.424,65.462,24452.0,2445.2,160620.0326,1
1782883800000,65.438,65.494,65.292,65.422,16687.0,1668.7,109066.4385,1
1782884700000,65.453,65.46,65.129,65.21,19363.0,1936.3,126277.8908,1
1782885600000,65.208,65.232,65.026,65.181,22665.0,2266.5,147517.8359,1
1782886500000,65.17,65.238,64.835,65.127,35978.0,3597.8,233877.7957,1
1782887400000,65.129,65.2,64.533,64.922,68690.0,6869.0,445382.5765,1
1782888300000,64.907,64.959,64.6,64.907,33955.0,3395.5,220129.5294,1
1782889200000,64.911,64.939,64.389,64.613,46394.0,4639.4,299640.6998,1
1782890100000,64.603,64.693,64.324,64.369,88771.0,8877.1,572518.9451,1
1782891000000,64.362,64.384,64.202,64.202,13619.0,1361.9,87622.852,1
1782891900000,64.2,64.508,64.069,64.472,26834.0,2683.4,172344.3415,1
1782892800000,64.465,64.468,63.77,63.772,27080.0,2708.0,173469.1766,1
1782893700000,63.782,63.878,63.363,63.377,12622.0,1262.2,80186.7249,1
1782894600000,63.38,63.705,63.233,63.645,43044.0,4304.4,272894.0678,1
1782895500000,63.646,64.024,63.481,64.0,15638.0,1563.8,99594.0191,1
1782896400000,64.003,64.078,63.8,63.947,6268.0,626.8,40118.7596,1
1782897300000,63.947,64.229,63.939,64.163,4036.0,403.6,25888.1876,1
1782898200000,64.177,64.276,64.076,64.182,5250.0,525.0,33696.0868,1
1782899100000,64.195,64.225,63.97,64.034,10274.0,1027.4,65839.9137,1
1782900000000,64.055,64.055,63.454,63.558,35961.0,3596.1,229156.9391,1
1782900900000,63.567,63.677,63.384,63.514,3864.0,386.4,24539.7819,1
1782901800000,63.508,63.514,62.786,62.842,29044.0,2904.4,183102.8439,1
1782902700000,62.833,62.87,62.446,62.751,89417.0,8941.7,560441.5664,1
1782903600000,62.76,63.0,62.611,62.996,10953.0,1095.3,68785.7044,1
1782904500000,62.983,63.037,62.868,63.015,5955.0,595.5,37496.1249,1
1782905400000,63.0,63.013,62.686,62.72,25554.0,2555.4,160649.347,1
1782906300000,62.735,62.742,62.395,62.67,33330.0,3333.0,208435.6184,1
1782907200000,62.682,62.869,62.492,62.732,15771.0,1577.1,98714.4278,1
1782908100000,62.738,62.851,62.602,62.616,8183.0,818.3,51302.9392,1
1782909000000,62.601,62.813,62.482,62.604,15780.0,1578.0,98843.9705,1
1782909900000,62.624,62.708,62.437,62.519,20127.0,2012.7,125894.7927,1
1782910800000,62.524,63.125,62.521,63.095,60110.0,6011.0,377761.646,1
1782911700000,63.108,63.282,62.978,63.17,11537.0,1153.7,72875.3408,1
1782912600000,63.151,63.438,62.661,63.427,53615.0,5361.5,338282.3722,1
1782913500000,63.386,64.114,63.287,64.069,77399.0,7739.9,493961.9413,1
1782914400000,64.063,64.629,63.622,64.629,97219.0,9721.9,624490.618,1
1782915300000,64.629,64.787,63.985,64.021,88603.0,8860.3,571136.4394,1
1782916200000,64.028,64.094,63.354,63.533,45237.0,4523.7,287762.7633,1
1782917100000,63.542,63.834,63.211,63.675,31514.0,3151.4,200122.6264,1
1782918000000,63.654,64.375,63.589,64.117,39760.0,3976.0,254642.3279,1
1782918900000,64.123,64.793,63.912,64.436,60665.0,6066.5,391168.5097,1
1782919800000,64.445,64.548,64.303,64.392,76778.0,7677.8,494466.5267,1
1782920700000,64.391,64.843,64.311,64.617,36128.0,3612.8,233582.5541,1
1782921600000,64.647,64.966,64.563,64.703,18897.0,1889.7,122514.3425,1
1782922500000,64.7,65.05,64.675,64.862,51691.0,5169.1,335616.1507,1
1782923400000,64.861,64.927,64.591,64.661,18779.0,1877.9,121633.908,1
1782924300000,64.637,64.733,64.381,64.426,73998.0,7399.8,477301.5496,1
1782925200000,64.454,64.473,64.045,64.105,35321.0,3532.1,226684.3248,1
1782926100000,64.116,64.399,64.065,64.287,29116.0,2911.6,187125.779,1
1782927000000,64.259,64.335,64.031,64.208,37837.0,3783.7,242596.3006,1
1782927900000,64.198,64.617,64.15,64.401,16922.0,1692.2,108960.4784,1
1782928800000,64.401,64.649,64.27,64.604,30403.0,3040.3,195964.0576,1
1782929700000,64.604,64.75,64.272,64.291,14063.0,1406.3,90755.7916,1
1782930600000,64.349,64.476,64.106,64.389,19967.0,1996.7,128408.0097,1
1782931500000,64.391,64.431,63.652,63.853,28804.0,2880.4,184079.4878,1
1782932400000,63.84,64.135,63.812,64.112,21489.0,2148.9,137678.8274,1
1782933300000,64.115,64.119,63.533,63.633,16677.0,1667.7,106292.543,1
1782934200000,63.655,63.735,63.35,63.35,61719.0,6171.9,392286.5127,1
1782935100000,63.35,63.351,63.0,63.001,77704.0,7770.4,490781.9405,1
1782936000000,63.001,63.299,62.911,63.01,52668.0,5266.8,331768.0718,1
1782936900000,63.004,63.048,62.476,62.593,70075.0,7007.5,438481.0579,1
1782937800000,62.6,62.605,62.001,62.014,109861.0,10986.1,684171.8285,1
1782938700000,62.02,62.45,62.02,62.265,31193.0,3119.3,193868.6477,1
1782939600000,62.265,62.909,62.003,62.887,37921.0,3792.1,236587.0262,1
1782940500000,62.882,63.072,62.745,62.884,37947.0,3794.7,238629.3005,1
1782941400000,62.894,63.466,62.861,63.451,24879.0,2487.9,157166.2844,1
1782942300000,63.448,63.802,63.381,63.437,30607.0,3060.7,194602.875,1
1782943200000,63.412,63.8,63.375,63.799,23955.0,2395.5,152323.5876,1
1782944100000,63.8,64.189,63.364,63.406,45445.0,4544.5,290620.2771,1
1782945000000,63.399,63.485,62.708,62.989,67578.0,6757.8,426522.955,1
1782945900000,62.986,63.375,62.553,63.324,42495.0,4249.5,267417.3197,1
1782946800000,63.304,63.304,62.751,62.783,11497.0,1149.7,72453.79,1
1782947700000,62.84,62.891,62.639,62.833,33480.0,3348.0,210105.9721,1
1782948600000,62.833,62.833,62.579,62.638,14505.0,1450.5,91004.2348,1
1782949500000,62.657,62.751,62.344,62.373,28063.0,2806.3,175198.0562,1
1782950400000,62.363,62.579,62.2,62.399,19306.0,1930.6,120411.1196,1
1782951300000,62.411,62.54,62.217,62.221,14056.0,1405.6,87647.8312,1
1782952200000,62.222,62.266,61.7,61.888,90998.0,9099.8,563134.411,1
1782953100000,61.893,62.266,61.893,62.265,37880.0,3788.0,235254.6637,1
1782954000000,62.266,62.396,62.172,62.369,30409.0,3040.9,189482.926,1
1782954900000,62.391,62.5,62.275,62.388,14824.0,1482.4,92450.8326,1
1782955800000,62.427,63.17,62.427,63.036,55179.0,5517.9,346973.5213,1
1782956700000,63.027,63.096,62.71,62.819,60849.0,6084.9,382640.0405,1
1782957600000,62.818,62.818,62.5,62.59,27235.0,2723.5,170696.166,1
1782958500000,62.667,62.904,62.666,62.9,6381.0,638.1,40052.2395,1
1782959400000,62.888,62.957,62.776,62.952,11774.0,1177.4,74051.4897,1
1782960300000,62.942,63.125,62.872,63.065,8311.0,831.1,52359.3632,1
1782961200000,63.074,63.175,62.913,63.07,20616.0,2061.6,129885.5945,1
1782962100000,63.068,63.466,62.801,63.261,62301.0,6230.1,394214.8346,1
1782963000000,63.26,63.481,63.125,63.449,38386.0,3838.6,243105.6182,1
1782963900000,63.45,63.622,63.291,63.617,40305.0,4030.5,255849.7572,1
1782964800000,63.616,63.667,63.376,63.489,23313.0,2331.3,147961.0858,1
1782965700000,63.477,63.599,63.377,63.467,6755.0,675.5,42845.3173,1
1782966600000,63.446,63.666,63.282,63.666,21351.0,2135.1,135789.9417,1
1782967500000,63.667,63.834,63.648,63.736,16489.0,1648.9,105161.5266,1
1782968400000,63.739,63.829,63.457,63.789,9047.0,904.7,57640.6519,1
1782969300000,63.783,63.796,63.439,63.486,21584.0,2158.4,137081.0985,1
1782970200000,63.487,63.667,63.438,63.47,19195.0,1919.5,121896.847,1
1782971100000,63.46,63.518,63.34,63.387,6204.0,620.4,39332.3618,1
1782972000000,63.4,63.427,62.967,62.967,10376.0,1037.6,65591.7646,1
1782972900000,62.967,63.511,62.931,63.423,6589.0,658.9,41727.6188,1
1782973800000,63.423,63.8,63.423,63.564,79087.0,7908.7,503637.4087,1
1782974700000,63.556,63.575,63.212,63.234,8908.0,890.8,56427.344,1
1782975600000,63.24,63.359,63.125,63.152,7103.0,710.3,44927.9868,1
1782976500000,63.151,63.24,62.912,63.0,13139.0,1313.9,82830.1769,1
1782977400000,62.996,63.326,62.914,63.282,8665.0,866.5,54699.7886,1
1782978300000,63.297,63.4,63.125,63.155,7385.0,738.5,46731.6488,1
1782979200000,63.151,63.516,63.125,63.244,5756.0,575.6,36479.8507,1
1782980100000,63.242,63.439,63.048,63.048,24334.0,2433.4,153811.4054,1
1782981000000,63.048,63.253,63.033,63.189,10670.0,1067.0,67445.7583,1
1782981900000,63.199,63.555,63.116,63.555,26878.0,2687.8,170238.5774,1
1782982800000,63.551,63.77,63.412,63.496,8041.0,804.1,51113.1356,1
1782983700000,63.513,63.802,63.421,63.802,13063.0,1306.3,83109.3558,1
1782984600000,63.769,64.134,63.735,64.047,55889.0,5588.9,357137.2807,1
1782985500000,64.037,64.06,63.803,63.928,12599.0,1259.9,80541.8403,1
1782986400000,63.945,64.291,63.801,64.265,11581.0,1158.1,74163.6681,1
1782987300000,64.253,64.396,64.112,64.396,12188.0,1218.8,78398.0109,1
1782988200000,64.396,64.415,64.141,64.142,19140.0,1914.0,122998.2103,1
1782989100000,64.142,64.399,64.064,64.166,23228.0,2322.8,149300.7698,1
1782990000000,64.194,64.73,64.146,64.64,13944.0,1394.4,90078.6753,1
1782990900000,64.658,64.775,64.488,64.678,14714.0,1471.4,95102.7025,1
1782991800000,64.724,64.989,64.56,64.976,14374.0,1437.4,93174.1132,1
1782992700000,64.977,65.256,64.882,65.078,133771.0,13377.1,869936.6115,1
1782993600000,65.079,65.082,64.896,65.0,27172.0,2717.2,176456.3835,1
1782994500000,65.045,65.087,64.7,64.991,19468.0,1946.8,126206.8012,1
1782995400000,65.003,65.489,64.934,65.305,125212.0,12521.2,817180.5,1
1782996300000,65.345,65.525,65.068,65.135,56805.0,5680.5,371025.9939,1
1782997200000,65.145,65.438,65.067,65.387,23487.0,2348.7,153322.3741,1
1782998100000,65.418,65.82,65.332,65.561,33547.0,3354.7,220016.0156,1
1782999000000,65.594,66.144,65.34,66.116,83943.0,8394.3,551796.0166,1
1782999900000,66.134,66.256,65.837,65.969,65217.0,6521.7,430787.3811,1
1783000800000,65.949,66.505,65.82,66.333,56704.0,5670.4,374980.5577,1
1783001700000,66.329,66.386,65.3,65.468,72662.0,7266.2,476596.5675,1
1783002600000,65.439,65.6,65.077,65.107,148954.0,14895.4,974057.497,1
1783003500000,65.122,65.623,65.099,65.6,34211.0,3421.1,223843.2952,1
1783004400000,65.609,65.665,65.131,65.191,27734.0,2773.4,181113.5612,1
1783005300000,65.204,65.549,64.976,65.399,69511.0,6951.1,453158.2731,1
1783006200000,65.4,65.678,65.399,65.678,18145.0,1814.5,118963.4862,1
1783007100000,65.66,65.694,65.274,65.398,24322.0,2432.2,159203.4172,1
1783008000000,65.409,65.832,65.2,65.688,20592.0,2059.2,134851.1165,1
1783008900000,65.691,65.691,65.201,65.396,24013.0,2401.3,157194.6197,1
1783009800000,65.409,65.467,65.075,65.445,21764.0,2176.4,141963.6412,1
1783010700000,65.448,65.699,65.41,65.64,17732.0,1773.2,116297.3996,1
1783011600000,65.666,65.8,65.501,65.755,11638.0,1163.8,76416.6344,1
1783012500000,65.754,66.237,65.67,66.195,52534.0,5253.4,347324.9447,1
1783013400000,66.202,66.202,65.725,65.977,36342.0,3634.2,239657.1805,1
1783014300000,65.959,66.14,65.72,65.941,16407.0,1640.7,108305.2548,1
1783015200000,65.942,66.441,65.942,66.424,29747.0,2974.7,197066.6667,1
1783016100000,66.42,67.115,66.333,67.039,86444.0,8644.4,577146.9651,1
1783017000000,67.035,67.173,66.563,66.649,62383.0,6238.3,416873.2206,1
1783017900000,66.644,67.024,66.62,66.821,47878.0,4787.8,319979.4538,1
1783018800000,66.847,66.94,66.485,66.544,75059.0,7505.9,500504.4009,1
1783019700000,66.557,66.753,66.314,66.723,63992.0,6399.2,425386.2737,1
1783020600000,66.726,66.727,66.348,66.348,22429.0,2242.9,149291.9118,1
1783021500000,66.349,66.695,66.222,66.251,35591.0,3559.1,236078.138,1
1783022400000,66.334,66.467,66.203,66.445,9776.0,977.6,64921.2074,1
1783023300000,66.45,66.481,66.178,66.19,5411.0,541.1,35860.0691,1
1783024200000,66.186,66.39,66.182,66.265,4330.0,433.0,28715.95,1
1783025100000,66.271,66.435,66.189,66.322,9124.0,912.4,60529.7471,1
1783026000000,66.318,66.363,66.124,66.266,31003.0,3100.3,205419.6967,1
1783026900000,66.249,66.337,65.804,65.832,35325.0,3532.5,233125.858,1
1783027800000,65.853,66.039,65.728,65.736,30347.0,3034.7,200178.0031,1
1783028700000,65.736,65.972,65.701,65.96,29771.0,2977.1,196000.7954,1
1783029600000,65.906,65.959,65.501,65.611,24989.0,2498.9,164076.9243,1
1783030500000,65.609,65.768,65.52,65.597,5805.0,580.5,38135.0609,1
1783031400000,65.621,65.898,65.59,65.877,3424.0,342.4,22526.7806,1
1783032300000,65.888,66.099,65.743,65.872,14875.0,1487.5,98070.3266,1
1783033200000,65.856,65.9,65.714,65.844,3932.0,393.2,25889.8773,1
1783034100000,65.844,66.75,65.828,66.683,30000.0,3000.0,199297.9512,1
1783035000000,66.67,66.772,66.467,66.605,141588.0,14158.8,943374.9955,1
1783035900000,66.605,66.977,66.548,66.927,48523.0,4852.3,323869.8501,1
1783036800000,66.892,67.015,66.656,66.89,60406.0,6040.6,403994.1337,1
1783037700000,66.893,67.003,66.32,66.332,55653.0,5565.3,370258.6188,1
1783038600000,66.329,66.446,66.142,66.259,17441.0,1744.1,115571.7426,1
1783039500000,66.26,66.26,65.948,66.06,16306.0,1630.6,107701.8102,1
1783040400000,66.059,66.778,66.059,66.696,50205.0,5020.5,333486.8156,1
1783041300000,66.678,66.89,66.567,66.726,23333.0,2333.3,155568.7282,1
1783042200000,66.74,67.052,66.672,66.703,21325.0,2132.5,142574.5075,1
1783043100000,66.707,66.993,66.648,66.873,8386.0,838.6,56060.3609,1
1783044000000,66.878,66.993,66.78,66.823,14784.0,1478.4,98872.993,1
1783044900000,66.832,67.088,66.794,66.802,20258.0,2025.8,135579.9939,1
1783045800000,66.8,66.8,66.429,66.554,32226.0,3222.6,214429.3845,1
1783046700000,66.562,66.815,66.461,66.739,28034.0,2803.4,186911.6873,1
1783047600000,66.711,66.828,66.467,66.468,25616.0,2561.6,170714.4471,1
1783048500000,66.467,66.775,66.348,66.614,40515.0,4051.5,270051.5178,1
1783049400000,66.598,66.711,66.473,66.49,17522.0,1752.2,116673.1159,1
1783050300000,66.486,66.789,66.483,66.699,11232.0,1123.2,74772.0764,1
1783051200000,66.699,66.738,66.336,66.504,13032.0,1303.2,86787.6834,1
1783052100000,66.476,66.476,66.28,66.459,5799.0,579.9,38474.4245,1
1783053000000,66.454,66.704,66.302,66.682,14276.0,1427.6,95026.8003,1
1783053900000,66.693,66.705,66.468,66.585,10406.0,1040.6,69286.8961,1
1783054800000,66.575,66.992,66.546,66.982,13268.0,1326.8,88707.5447,1
1783055700000,66.979,67.519,66.916,67.433,74948.0,7494.8,504042.2066,1
1783056600000,67.426,67.72,67.418,67.559,20555.0,2055.5,138931.1008,1
1783057500000,67.553,67.553,67.28,67.315,13700.0,1370.0,92268.625,1
1783058400000,67.311,67.545,67.246,67.471,10686.0,1068.6,71998.4169,1
1783059300000,67.468,67.52,67.261,67.395,6636.0,663.6,44706.1408,1
1783060200000,67.374,67.44,66.958,66.995,17884.0,1788.4,120116.6788,1
1783061100000,67.002,67.247,66.986,67.215,10068.0,1006.8,67618.1171,1
1783062000000,67.242,67.379,67.101,67.128,8212.0,821.2,55193.4317,1
1783062900000,67.126,67.272,66.979,67.032,24252.0,2425.2,162902.9838,1
1783063800000,67.032,67.42,66.994,67.42,12603.0,1260.3,84783.7842,1
1783064700000,67.4,67.445,67.212,67.291,18820.0,1882.0,126694.9756,1
1783065600000,67.295,67.547,67.285,67.508,10700.0,1070.0,72182.4373,1
1783066500000,67.453,67.634,67.421,67.632,31321.0,3132.1,211320.286,1
1783067400000,67.625,67.801,67.504,67.767,18027.0,1802.7,122009.4002,1
1783068300000,67.741,67.82,67.337,67.633,11076.0,1107.6,74870.2744,1
1783069200000,67.634,68.49,67.602,68.253,64508.0,6450.8,440337.5396,1
1783070100000,68.241,68.281,67.644,67.758,19410.0,1941.0,131788.9993,1
1783071000000,67.764,67.789,67.475,67.694,19711.0,1971.1,133338.0255,1
1783071900000,67.7,67.828,67.601,67.664,17366.0,1736.6,117614.0824,1
1783072800000,67.648,68.06,67.592,67.986,32038.0,3203.8,217596.1102,1
1783073700000,67.999,68.4,67.885,68.4,17548.0,1754.8,119641.7903,1
1783074600000,68.399,68.926,68.374,68.896,29484.0,2948.4,202506.8576,1
1783075500000,68.892,69.162,68.75,68.961,55021.0,5502.1,379352.7737,1
1783076400000,68.979,69.442,68.847,69.089,64460.0,6446.0,446350.6965,1
1783077300000,69.103,69.253,69.045,69.052,20670.0,2067.0,143002.1506,1
1783078200000,69.052,69.253,69.036,69.107,87806.0,8780.6,607296.4411,1
1783079100000,69.118,69.469,69.118,69.281,24683.0,2468.3,171109.6847,1
1783080000000,69.265,69.438,69.104,69.2,45152.0,4515.2,312198.9467,1
1783080900000,69.243,69.25,68.8,68.884,72895.0,7289.5,502907.4853,1
1783081800000,68.905,69.094,68.834,68.86,14012.0,1401.2,96602.3567,1
1783082700000,68.861,69.116,68.86,69.079,10868.0,1086.8,74963.4341,1
1783083600000,69.083,69.406,69.028,69.346,6519.0,651.9,45171.6036,1
1783084500000,69.361,69.488,69.205,69.402,41472.0,4147.2,287528.511,1
1783085400000,69.411,69.47,69.17,69.448,52807.0,5280.7,365838.7114,1
1783086300000,69.446,69.888,69.446,69.697,74254.0,7425.4,518108.2852,1
1783087200000,69.696,69.747,69.358,69.491,82725.0,8272.5,574576.4052,1
1783088100000,69.485,69.679,69.034,69.624,59639.0,5963.9,413029.8417,1
1783089000000,69.621,69.882,69.489,69.882,35862.0,3586.2,249692.542,1
1783089900000,69.884,70.456,69.832,70.36,181043.0,18104.3,1271796.135,1
1783090800000,70.371,70.736,70.314,70.468,241122.0,24112.2,1701738.3201,1
1783091700000,70.514,70.555,70.206,70.393,128465.0,12846.5,903106.6665,1
1783092600000,70.394,70.588,69.9,70.035,67123.0,6712.3,471988.5932,1
1783093500000,70.045,70.342,69.822,69.967,120750.0,12075.0,846001.5082,1
1783094400000,69.967,70.228,69.829,70.029,80558.0,8055.8,564316.4154,1
1783095300000,70.037,70.56,69.986,70.456,102945.0,10294.5,724902.3196,1
1783096200000,70.447,70.536,69.914,69.914,85163.0,8516.3,597174.8872,1
1783097100000,69.916,69.917,69.532,69.852,73336.0,7333.6,510833.2734,1
1783098000000,69.856,70.344,69.668,70.248,81007.0,8100.7,566931.3674,1
1783098900000,70.257,70.351,70.116,70.32,112094.0,11209.4,787647.5737,1
1783099800000,70.321,70.364,70.011,70.05,306514.0,30651.4,2150310.6089,1
1783100700000,70.051,70.655,70.05,70.654,297787.0,29778.7,2095565.6652,1
1783101600000,70.655,70.798,70.434,70.561,41656.0,4165.6,294344.6153,1
1783102500000,70.583,70.622,70.355,70.373,25785.0,2578.5,181757.8125,1
1783103400000,70.37,70.628,70.34,70.584,20772.0,2077.2,146503.5162,1
1783104300000,70.584,70.59,70.357,70.507,14737.0,1473.7,103867.1028,1
1783105200000,70.493,70.496,70.237,70.281,133938.0,13393.8,941336.7534,1
1783106100000,70.286,70.585,70.286,70.333,34383.0,3438.3,242073.2267,1
1783107000000,70.333,70.375,70.236,70.302,25684.0,2568.4,180626.5078,1
1783107900000,70.265,70.366,70.24,70.28,3248.0,324.8,22828.285,1
1783108800000,70.287,70.605,70.26,70.362,18119.0,1811.9,127498.9898,1
1783109700000,70.376,70.895,70.237,70.762,131939.0,13193.9,932455.5536,1
1783110600000,70.769,71.083,70.557,70.676,91712.0,9171.2,649698.517,1
1783111500000,70.67,70.9,70.542,70.648,30434.0,3043.4,215145.7616,1
1783112400000,70.662,70.887,70.456,70.476,34911.0,3491.1,246643.2419,1
1783113300000,70.482,70.677,70.4,70.633,20784.0,2078.4,146582.5344,1
1783114200000,70.611,70.769,70.402,70.769,24184.0,2418.4,170591.7799,1
1783115100000,70.772,71.21,70.772,70.893,60871.0,6087.1,431830.0832,1
1783116000000,70.887,70.948,70.609,70.647,10790.0,1079.0,76388.4579,1
1783116900000,70.684,70.976,70.679,70.853,24349.0,2434.9,172620.5673,1
1783117800000,70.846,70.965,70.703,70.952,1932.0,193.2,13686.0696,1
1783118700000,70.967,70.983,70.705,70.776,6117.0,611.7,43343.4978,1
1783119600000,70.77,70.778,70.4,70.455,11514.0,1151.4,81213.6035,1
1783120500000,70.443,70.825,70.443,70.825,43613.0,4361.3,308283.8998,1
1783121400000,70.838,70.989,70.822,70.896,14618.0,1461.8,103603.5666,1
1783122300000,70.898,71.041,70.662,70.702,40272.0,4027.2,285784.9398,1
1783123200000,70.672,71.118,70.582,71.034,6909.0,690.9,48986.2091,1
1783124100000,71.034,71.136,70.826,71.112,20422.0,2042.2,144849.4244,1
1783125000000,71.118,71.35,71.009,71.263,20277.0,2027.7,144404.3753,1
1783125900000,71.256,71.317,71.107,71.224,5195.0,519.5,36997.4821,1
1783126800000,71.189,71.189,70.415,70.532,23308.0,2330.8,164822.5152,1
1783127700000,70.542,70.729,70.294,70.296,56438.0,5643.8,398013.2876,1
1783128600000,70.299,70.439,70.19,70.295,39295.0,3929.5,276340.6788,1
1783129500000,70.295,70.475,70.249,70.256,11376.0,1137.6,80056.7187,1
1783130400000,70.322,70.385,70.19,70.317,9780.0,978.0,68687.8456,1
1783131300000,70.315,70.395,70.2,70.22,9843.0,984.3,69157.9813,1
1783132200000,70.211,70.483,69.993,70.465,23508.0,2350.8,164873.494,1
1783133100000,70.468,71.09,70.378,70.763,24276.0,2427.6,171659.5924,1
1783134000000,70.76,70.862,70.583,70.834,40624.0,4062.4,287059.5009,1
1783134900000,70.834,71.249,70.786,71.241,11052.0,1105.2,78580.2195,1
1783135800000,71.235,71.661,71.202,71.413,92300.0,9230.0,659736.2058,1
1783136700000,71.393,71.542,71.303,71.363,16858.0,1685.8,120431.8585,1
1783137600000,71.361,71.611,71.243,71.243,9024.0,902.4,64458.6085,1
1783138500000,71.23,71.962,71.22,71.933,33474.0,3347.4,240325.9788,1
1783139400000,71.924,71.993,71.789,71.821,26734.0,2673.4,192260.4327,1
1783140300000,71.821,71.903,71.498,71.55,15544.0,1554.4,111400.9679,1
1783141200000,71.549,71.55,71.264,71.264,15461.0,1546.1,110318.9561,1
1783142100000,71.264,71.277,71.042,71.18,7003.0,700.3,49827.0904,1
1783143000000,71.159,71.524,71.063,71.48,13488.0,1348.8,96270.7996,1
1783143900000,71.492,71.697,71.259,71.42,11051.0,1105.1,78981.4747,1
1783144800000,71.426,71.712,71.367,71.368,23512.0,2351.2,167953.5427,1
1783145700000,71.368,71.479,70.825,70.976,18235.0,1823.5,129673.9649,1
1783146600000,70.981,71.221,70.981,71.14,16367.0,1636.7,116413.7959,1
1783147500000,71.151,71.344,71.144,71.293,3265.0,326.5,23268.9067,1
1783148400000,71.293,71.467,71.144,71.341,12556.0,1255.6,89647.433,1
1783149300000,71.325,71.675,71.244,71.537,6431.0,643.1,45952.938,1
1783150200000,71.537,71.771,71.433,71.437,6427.0,642.7,46003.2642,1
1783151100000,71.422,71.686,71.401,71.481,9068.0,906.8,64876.4318,1
1783152000000,71.51,71.591,71.285,71.3,5553.0,555.3,39636.3053,1
1783152900000,71.299,71.429,71.182,71.205,3988.0,398.8,28415.2384,1
1783153800000,71.202,71.384,71.1,71.203,4140.0,414.0,29486.8195,1
1783154700000,71.203,71.265,71.068,71.082,7361.0,736.1,52346.8859,1
1783155600000,71.125,71.215,70.743,71.202,14703.0,1470.3,104258.8341,1
1783156500000,71.186,71.261,71.001,71.001,1974.0,197.4,14038.561,1
1783157400000,71.012,71.012,70.687,70.808,14648.0,1464.8,103679.6693,1
1783158300000,70.802,71.057,70.792,70.956,7520.0,752.0,53364.4945,1
1783159200000,70.949,71.24,70.888,71.019,5264.0,526.4,37371.5874,1
1783160100000,71.019,71.063,70.877,70.934,8947.0,894.7,63515.5573,1
1783161000000,70.92,70.92,70.58,70.754,5340.0,534.0,37743.3585,1
1783161900000,70.738,70.827,70.662,70.697,7253.0,725.3,51315.6841,1
1783162800000,70.677,70.677,70.444,70.537,16875.0,1687.5,118979.2487,1
1783163700000,70.551,70.616,70.435,70.515,7659.0,765.9,53991.7851,1
1783164600000,70.515,70.771,70.499,70.748,13843.0,1384.3,97787.6475,1
1783165500000,70.748,70.784,70.643,70.644,2540.0,254.0,17954.2018,1
1783166400000,70.644,70.985,70.644,70.968,7465.0,746.5,52944.4187,1
1783167300000,70.952,71.133,70.85,71.133,4085.0,408.5,29004.084,1
1783168200000,71.134,71.187,70.863,70.94,3201.0,320.1,22737.4159,1
1783169100000,70.918,71.038,70.833,70.855,5529.0,552.9,39202.0282,1
1783170000000,70.868,70.894,70.753,70.894,10966.0,1096.6,77671.1554,1
1783170900000,70.902,71.344,70.897,71.156,27051.0,2705.1,192359.4283,1
1783171800000,71.168,71.2,70.827,70.911,9950.0,995.0,70607.3688,1
1783172700000,70.851,70.855,70.362,70.555,34598.0,3459.8,243834.6799,1
1783173600000,70.507,70.721,70.415,70.639,9671.0,967.1,68226.4408,1
1783174500000,70.722,70.868,70.6,70.764,11199.0,1119.9,79273.3285,1
1783175400000,70.779,70.866,70.692,70.706,8972.0,897.2,63506.0538,1
1783176300000,70.7,70.823,70.452,70.562,13914.0,1391.4,98230.2886,1
1783177200000,70.575,71.199,70.529,70.94,24604.0,2460.4,174618.4551,1
1783178100000,70.983,71.058,70.8,71.009,7845.0,784.5,55650.6513,1
1783179000000,71.016,71.033,70.667,70.703,5287.0,528.7,37495.9367,1
1783179900000,70.703,70.917,70.508,70.646,30216.0,3021.6,213795.5864,1
1783180800000,70.649,70.887,70.507,70.593,6602.0,660.2,46684.8408,1
1783181700000,70.595,70.795,70.554,70.598,12847.0,1284.7,90710.1496,1
1783182600000,70.59,70.656,70.38,70.38,8002.0,800.2,56425.2183,1
1783183500000,70.404,70.6,70.214,70.266,119199.0,11919.9,840048.8608,1
1783184400000,70.266,70.343,70.073,70.167,138965.0,13896.5,976090.1833,1
1783185300000,70.167,70.515,70.119,70.414,23648.0,2364.8,166381.9784,1
1783186200000,70.447,70.817,70.447,70.614,22479.0,2247.9,158942.5805,1
1783187100000,70.628,70.8,70.525,70.637,22773.0,2277.3,160803.157,1
1783188000000,70.654,70.685,70.201,70.408,23133.0,2313.3,162847.7796,1
1783188900000,70.4,70.4,69.652,69.966,39594.0,3959.4,276639.6753,1
1783189800000,69.939,69.948,69.629,69.637,111712.0,11171.2,778640.1409,1
1783190700000,69.628,69.967,69.625,69.778,6014.0,601.4,41980.7616,1
1783191600000,69.75,69.824,69.427,69.447,10924.0,1092.4,75928.5042,1
1783192500000,69.456,69.875,69.423,69.816,10788.0,1078.8,75105.9735,1
1783193400000,69.81,70.054,69.726,69.947,18036.0,1803.6,126054.3355,1
1783194300000,69.959,69.975,69.753,69.842,35304.0,3530.4,246568.3579,1
1783195200000,69.842,70.085,69.754,69.802,175142.0,17514.2,1223254.2437,1
1783196100000,69.775,69.838,69.523,69.564,19154.0,1915.4,133332.6669,1
1783197000000,69.564,70.02,69.564,69.97,24445.0,2444.5,170650.1877,1
1783197900000,69.951,69.957,69.722,69.751,4846.0,484.6,33848.498,1
1783198800000,69.803,70.195,69.71,70.046,7729.0,772.9,54106.0578,1
1783199700000,70.046,70.23,70.034,70.089,2631.0,263.1,18461.2035,1
1783200600000,70.124,70.22,69.898,69.92,13683.0,1368.3,95714.7132,1
1783201500000,69.92,70.169,69.895,70.131,6714.0,671.4,46986.3312,1
1783202400000,70.149,70.212,69.856,69.916,4707.0,470.7,32955.0682,1
1783203300000,69.921,70.09,69.862,69.966,1802.0,180.2,12602.611,1
1783204200000,69.969,70.017,69.865,69.916,1631.0,163.1,11405.5524,1
1783205100000,69.906,70.087,69.868,70.072,1337.0,133.7,9356.3118,1
1783206000000,70.077,70.077,69.875,69.896,25265.0,2526.5,176709.1661,1
1783206900000,69.923,69.923,69.614,69.852,106177.0,10617.7,739863.2894,1
1783207800000,69.851,70.091,69.793,70.031,3625.0,362.5,25354.84,1
1783208700000,70.016,70.071,69.845,69.889,2680.0,268.0,18751.3125,1
1783209600000,69.88,69.901,69.497,69.543,8306.0,830.6,57821.1167,1
1783210500000,69.514,69.595,69.434,69.504,5507.0,550.7,38291.5025,1
1783211400000,69.48,69.579,69.218,69.538,28067.0,2806.7,194783.6852,1
1783212300000,69.541,69.654,69.15,69.359,12417.0,1241.7,86084.9081,1
1783213200000,69.359,69.366,69.072,69.1,23790.0,2379.0,164672.407,1
1783214100000,69.101,69.111,68.671,68.886,88345.0,8834.5,607999.698,1
1783215000000,68.865,69.085,68.78,68.985,17391.0,1739.1,119822.5456,1
1783215900000,68.985,69.032,68.781,69.01,9382.0,938.2,64670.1664,1
1783216800000,69.003,69.01,68.513,68.544,14040.0,1404.0,96394.1589,1
1783217700000,68.525,68.9,68.334,68.53,18961.0,1896.1,129973.6192,1
1783218600000,68.534,68.595,68.355,68.375,8347.0,834.7,57159.7717,1
1783219500000,68.376,68.676,68.361,68.639,6468.0,646.8,44284.4152,1
1783220400000,68.618,68.75,68.618,68.71,2465.0,246.5,16933.2871,1
1783221300000,68.707,68.749,68.384,68.41,4810.0,481.0,33013.7735,1
1783222200000,68.411,68.553,68.411,68.494,2372.0,237.2,16243.3398,1
1783223100000,68.485,68.704,68.475,68.69,123019.0,12301.9,843391.4613,1
1783224000000,68.691,68.975,68.672,68.853,184093.0,18409.3,1267132.0579,1
1783224900000,68.862,69.347,68.838,69.139,45928.0,4592.8,317683.5578,1
1783225800000,69.127,69.173,68.9,69.035,2627.0,262.7,18132.5331,1
1783226700000,69.035,69.04,68.8,68.801,36730.0,3673.0,252773.239,1
1783227600000,68.77,68.794,68.459,68.461,10295.0,1029.5,70656.4871,1
1783228500000,68.472,68.532,68.363,68.394,4405.0,440.5,30141.8583,1
1783229400000,68.407,68.412,68.236,68.336,6944.0,694.4,47457.9246,1
1783230300000,68.323,68.566,68.308,68.517,2794.0,279.4,19120.8494,1
1783231200000,68.525,68.631,68.363,68.609,4675.0,467.5,32045.4685,1
1783232100000,68.598,68.659,68.501,68.656,6979.0,697.9,47888.3469,1
1783233000000,68.652,68.698,68.424,68.469,2965.0,296.5,20319.5863,1
1783233900000,68.462,68.7,68.446,68.612,2211.0,221.1,15170.223,1
1783234800000,68.629,68.67,68.511,68.511,2456.0,245.6,16839.8144,1
1783235700000,68.506,68.522,68.36,68.465,2773.0,277.3,18975.8234,1
1783236600000,68.475,68.599,68.451,68.455,2008.0,200.8,13759.1944,1
1783237500000,68.434,68.689,68.393,68.679,2118.0,211.8,14522.8807,1
1783238400000,68.683,68.866,68.523,68.526,51649.0,5164.9,354460.4104,1
1783239300000,68.55,68.62,68.47,68.613,2404.0,240.4,16480.4137,1
1783240200000,68.607,68.827,68.597,68.802,7218.0,721.8,49589.5627,1
1783241100000,68.797,68.937,68.717,68.87,35887.0,3588.7,247239.1345,1
1783242000000,68.869,68.922,68.734,68.768,122610.0,12261.0,844148.668,1
1783242900000,68.784,68.784,68.579,68.672,2413.0,241.3,16561.048,1
1783243800000,68.689,68.767,68.345,68.413,6068.0,606.8,41584.0343,1
1783244700000,68.418,68.568,68.365,68.462,11929.0,1192.9,81697.3163,1
1783245600000,68.451,68.858,68.384,68.828,34808.0,3480.8,239540.9445,1
1783246500000,68.836,68.923,68.727,68.782,9437.0,943.7,64985.9944,1
1783247400000,68.786,68.931,68.764,68.925,6025.0,602.5,41470.8199,1
1783248300000,68.928,69.108,68.907,68.974,4842.0,484.2,33425.0589,1
1783249200000,68.976,69.037,68.503,68.655,42598.0,4259.8,292075.4113,1
1783250100000,68.641,68.834,68.561,68.806,4344.0,434.4,29851.4807,1
1783251000000,68.821,69.03,68.794,68.855,14601.0,1460.1,100585.468,1
1783251900000,68.836,69.034,68.8,68.887,32985.0,3298.5,227303.7591,1
1783252800000,68.888,68.898,68.697,68.729,7268.0,726.8,49957.675,1
1783253700000,68.732,69.348,68.711,69.342,80012.0,8001.2,554226.8768,1
1783254600000,69.341,69.469,69.201,69.307,20657.0,2065.7,143286.7351,1
1783255500000,69.314,69.314,69.179,69.191,1953.0,195.3,13520.7556,1
1783256400000,69.173,69.55,69.134,69.316,7661.0,766.1,53146.5722,1
1783257300000,69.316,69.396,69.178,69.238,4055.0,405.5,28085.2934,1
1783258200000,69.235,69.333,69.081,69.332,2578.0,257.8,17836.8231,1
1783259100000,69.355,69.4,69.189,69.279,7194.0,719.4,49828.0815,1
1783260000000,69.276,69.348,69.057,69.129,3423.0,342.3,23678.7628,1
1783260900000,69.122,69.241,69.034,69.18,112682.0,11268.2,779142.8057,1
1783261800000,69.179,69.359,69.052,69.248,46780.0,4678.0,323586.5157,1
1783262700000,69.247,69.477,69.15,69.449,2876.0,287.6,19960.8327,1
1783263600000,69.438,69.86,69.396,69.604,23371.0,2337.1,162975.5879,1
1783264500000,69.6,69.637,69.395,69.439,5104.0,510.4,35449.8261,1
1783265400000,69.419,69.663,69.346,69.392,11885.0,1188.5,82580.4799,1
1783266300000,69.38,69.598,69.365,69.535,11867.0,1186.7,82531.1384,1
1783267200000,69.545,69.547,69.349,69.409,8605.0,860.5,59765.8924,1
1783268100000,69.411,69.419,69.237,69.258,17378.0,1737.8,120534.6593,1
1783269000000,69.283,69.498,69.269,69.353,10929.0,1092.9,75787.1113,1
1783269900000,69.365,69.443,69.213,69.393,10677.0,1067.7,74033.2076,1
1783270800000,69.397,69.451,69.185,69.192,32167.0,3216.7,223111.5428,1
1783271700000,69.2,69.49,69.192,69.337,7170.0,717.0,49701.1993,1
1783272600000,69.345,69.448,69.161,69.161,107695.0,10769.5,746515.105,1
1783273500000,69.164,69.329,69.161,69.261,43577.0,4357.7,301773.0731,1
1783274400000,69.262,69.338,69.238,69.271,1032.0,103.2,7149.8608,1
1783275300000,69.29,69.396,69.202,69.253,8021.0,802.1,55562.5822,1
1783276200000,69.257,69.369,69.133,69.329,6628.0,662.8,45901.1792,1
1783277100000,69.329,69.429,69.237,69.351,23067.0,2306.7,159964.3749,1
1783278000000,69.352,69.521,69.311,69.502,33862.0,3386.2,234867.9736,1
1783278900000,69.507,69.734,69.468,69.732,13147.0,1314.7,91541.6836,1
1783279800000,69.733,69.914,69.705,69.889,51609.0,5160.9,360346.3588,1
1783280700000,69.893,69.938,69.704,69.8,9243.0,924.3,64543.1431,1
1783281600000,69.818,70.484,69.771,70.353,114575.0,11457.5,803032.959,1
1783282500000,70.35,70.507,70.078,70.49,14400.0,1440.0,101220.314,1
1783283400000,70.475,70.527,70.241,70.455,13755.0,1375.5,96840.9978,1
1783284300000,70.455,70.9,70.424,70.9,28210.0,2821.0,199399.538,1
1783285200000,70.9,71.064,70.501,70.894,47614.0,4761.4,337244.0875,1
1783286100000,70.875,71.25,70.692,71.156,27160.0,2716.0,193239.6463,1
1783287000000,71.169,71.21,70.745,70.827,57157.0,5715.7,405239.7278,1
1783287900000,70.824,71.326,70.824,71.024,8146.0,814.6,57918.988,1
1783288800000,71.027,71.386,70.9,71.273,12870.0,1287.0,91599.1026,1
1783289700000,71.272,71.675,71.172,71.618,59181.0,5918.1,423134.5331,1
1783290600000,71.616,71.675,71.308,71.451,34573.0,3457.3,246991.6592,1
1783291500000,71.456,71.6,71.337,71.554,9686.0,968.6,69222.5024,1
1783292400000,71.547,71.6,71.219,71.398,14412.0,1441.2,102886.2548,1
1783293300000,71.411,71.443,71.038,71.082,40024.0,4002.4,285085.7458,1
1783294200000,71.099,71.178,71.038,71.112,10842.0,1084.2,77069.8615,1
1783295100000,71.125,71.362,71.066,71.361,4554.0,455.4,32419.4196,1
1783296000000,71.367,72.12,71.145,71.879,108265.0,10826.5,779157.0985,1
1783296900000,71.879,72.015,71.418,71.526,60642.0,6064.2,435316.222,1
1783297800000,71.518,72.363,71.509,72.332,43695.0,4369.5,314727.3551,1
1783298700000,72.333,72.599,72.296,72.503,45354.0,4535.4,328471.2247,1
1783299600000,72.501,72.68,72.324,72.398,24821.0,2482.1,179980.3565,1
1783300500000,72.418,72.418,72.101,72.241,28920.0,2892.0,209063.2125,1
1783301400000,72.226,72.328,71.979,72.069,39984.0,3998.4,288375.8619,1
1783302300000,72.057,72.169,71.734,71.847,46440.0,4644.0,333439.3573,1
1783303200000,71.853,71.971,71.556,71.556,56065.0,5606.5,401894.6299,1
1783304100000,71.569,72.312,71.556,72.23,90641.0,9064.1,653992.4313,1
1783305000000,72.212,72.381,71.98,71.98,57068.0,5706.8,412046.1273,1
1783305900000,71.988,72.256,71.826,72.248,27113.0,2711.3,195262.2,1
1783306800000,72.255,72.4,72.011,72.04,17511.0,1751.1,126440.7226,1
1783307700000,72.04,72.04,71.638,71.878,13665.0,1366.5,98161.9749,1
1783308600000,71.879,71.899,71.465,71.579,143603.0,14360.3,1028243.1197,1
1783309500000,71.586,71.64,71.391,71.64,3984.0,398.4,28493.5088,1
1783310400000,71.607,71.63,71.283,71.44,6830.0,683.0,48829.3578,1
1783311300000,71.409,71.582,71.283,71.386,10704.0,1070.4,76499.3455,1
1783312200000,71.392,71.692,71.357,71.583,3051.0,305.1,21818.4788,1
1783313100000,71.583,71.773,71.55,71.612,2446.0,244.6,17535.2268,1
1783314000000,71.596,71.753,71.525,71.647,9420.0,942.0,67459.0481,1
1783314900000,71.647,71.647,70.735,70.804,60419.0,6041.9,428983.7514,1
1783315800000,70.785,71.0,70.752,70.859,8937.0,893.7,63339.0153,1
1783316700000,70.878,70.941,70.689,70.765,10834.0,1083.4,76699.5466,1
1783317600000,70.774,70.926,70.742,70.923,12093.0,1209.3,85721.7629,1
1783318500000,70.923,70.995,70.81,70.887,11392.0,1139.2,80780.4365,1
1783319400000,70.862,71.082,70.676,71.061,10439.0,1043.9,74016.7687,1
1783320300000,71.067,71.25,70.97,71.206,8620.0,862.0,61360.4288,1
1783321200000,71.173,71.249,71.069,71.132,6032.0,603.2,42929.2076,1
1783322100000,71.141,71.141,70.812,70.949,48079.0,4807.9,341058.4018,1
1783323000000,70.936,71.134,70.813,71.133,8631.0,863.1,61205.479,1
1783323900000,71.133,71.181,70.849,70.849,23852.0,2385.2,169594.186,1
1783324800000,70.849,71.107,70.706,70.796,41705.0,4170.5,295186.0587,1
1783325700000,70.825,70.825,70.147,70.321,34407.0,3440.7,241917.2541,1
1783326600000,70.311,70.315,70.121,70.181,17583.0,1758.3,123414.7458,1
1783327500000,70.201,70.335,70.126,70.33,6045.0,604.5,42453.4865,1
1783328400000,70.317,70.376,70.086,70.087,4425.0,442.5,31078.1379,1
1783329300000,70.099,70.177,70.027,70.125,4393.0,439.3,30793.993,1
1783330200000,70.095,70.148,69.781,69.919,50500.0,5050.0,353590.7757,1
1783331100000,69.919,70.04,69.862,69.97,3941.0,394.1,27583.9548,1
1783332000000,69.992,70.56,69.989,70.356,44805.0,4480.5,315427.3036,1
1783332900000,70.378,70.497,70.324,70.404,7740.0,774.0,54462.8089,1
1783333800000,70.386,70.62,70.331,70.448,12011.0,1201.1,84691.4063,1
1783334700000,70.443,70.603,70.4,70.439,4446.0,444.6,31322.8566,1
1783335600000,70.476,70.683,70.444,70.609,8114.0,811.4,57292.7358,1
1783336500000,70.609,71.0,70.55,70.74,10350.0,1035.0,73304.8232,1
1783337400000,70.725,70.916,70.706,70.76,11353.0,1135.3,80419.7849,1
1783338300000,70.734,70.857,70.001,70.008,27346.0,2734.6,192162.4892,1
1783339200000,70.033,70.038,69.038,69.6,234914.0,23491.4,1634878.9961,1
1783340100000,69.584,69.805,69.446,69.794,113035.0,11303.5,787218.4649,1
1783341000000,69.804,70.09,69.205,69.318,89823.0,8982.3,624990.187,1
1783341900000,69.326,69.533,69.112,69.119,45171.0,4517.1,313178.2192,1
1783342800000,69.107,69.26,68.677,68.827,68528.0,6852.8,472115.3766,1
1783343700000,68.842,69.016,68.669,68.853,50870.0,5087.0,350189.335,1
1783344600000,68.803,69.389,68.791,69.36,37113.0,3711.3,256537.4166,1
1783345500000,69.361,69.889,69.268,69.719,66722.0,6672.2,464425.2634,1
1783346400000,69.719,69.906,69.629,69.772,25297.0,2529.7,176504.7847,1
1783347300000,69.773,70.208,69.485,69.899,25150.0,2515.0,175791.5815,1
1783348200000,69.892,69.971,69.619,69.692,15682.0,1568.2,109439.1823,1
1783349100000,69.685,69.8,69.6,69.8,6556.0,655.6,45713.3125,1
1783350000000,69.8,70.32,69.792,70.147,24097.0,2409.7,169010.9633,1
1783350900000,70.134,70.309,69.95,70.279,18188.0,1818.8,127387.1697,1
1783351800000,70.277,70.584,69.973,70.582,33286.0,3328.6,233496.5699,1
1783352700000,70.582,70.843,70.374,70.719,56127.0,5612.7,396748.942,1
1783353600000,70.724,71.199,70.69,71.057,61072.0,6107.2,433672.9597,1
1783354500000,71.001,71.21,70.8,70.83,46591.0,4659.1,330952.5107,1
1783355400000,70.804,71.123,70.804,71.123,23038.0,2303.8,163392.9292,1
1783356300000,71.133,71.293,71.1,71.287,13002.0,1300.2,92552.6376,1
1783357200000,71.303,71.52,71.126,71.333,29890.0,2989.0,213249.1819,1
1783358100000,71.343,71.558,71.308,71.491,9093.0,909.3,64925.9959,1
1783359000000,71.515,71.534,71.047,71.101,27589.0,2758.9,196904.9753,1
1783359900000,71.1,71.268,70.983,71.084,14444.0,1444.4,102664.2462,1
1783360800000,71.113,71.391,71.063,71.271,6498.0,649.8,46295.3461,1
1783361700000,71.279,71.433,71.135,71.428,12917.0,1291.7,92209.7547,1
1783362600000,71.421,71.55,71.288,71.526,9170.0,917.0,65471.207,1
1783363500000,71.513,71.625,71.159,71.223,17502.0,1750.2,125144.7514,1
1783364400000,71.233,71.34,71.15,71.299,2703.0,270.3,19248.5006,1
1783365300000,71.299,71.67,71.295,71.665,7463.0,746.3,53368.422,1
1783366200000,71.651,71.723,71.501,71.67,26312.0,2631.2,188581.5532,1
1783367100000,71.657,71.687,71.426,71.592,3421.0,342.1,24485.596,1
1783368000000,71.596,71.608,71.034,71.067,30892.0,3089.2,219868.703,1
1783368900000,71.077,71.084,70.825,70.833,23681.0,2368.1,167946.1998,1
1783369800000,70.849,71.188,70.825,71.112,15709.0,1570.9,111686.1079,1
1783370700000,71.107,71.107,70.873,70.914,34582.0,3458.2,245356.571,1
1783371600000,70.921,71.712,70.83,71.436,23456.0,2345.6,167484.0856,1
1783372500000,71.436,71.587,71.28,71.377,13152.0,1315.2,93924.5844,1
1783373400000,71.346,71.434,71.205,71.205,28215.0,2821.5,201171.7873,1
1783374300000,71.205,71.599,71.148,71.591,17137.0,1713.7,122423.2855,1
1783375200000,71.6,71.613,71.226,71.415,40374.0,4037.4,288513.6872,1
1783376100000,71.415,71.543,71.293,71.306,16249.0,1624.9,116020.2635,1
1783377000000,71.302,71.369,71.15,71.296,14861.0,1486.1,105851.1477,1
1783377900000,71.254,71.274,71.007,71.123,12542.0,1254.2,89151.942,1
1783378800000,71.092,71.133,70.882,70.996,10544.0,1054.4,74837.2043,1
1783379700000,70.973,70.991,70.67,70.67,85199.0,8519.9,602659.0467,1
1783380600000,70.668,70.853,70.647,70.771,10707.0,1070.7,75738.7029,1
1783381500000,70.746,70.813,70.523,70.607,6563.0,656.3,46360.5053,1
1783382400000,70.616,70.668,70.5,70.651,14267.0,1426.7,100671.283,1
1783383300000,70.659,71.134,70.612,71.1,38674.0,3867.4,274661.6221,1
1783384200000,71.059,71.7,71.059,71.377,15134.0,1513.4,108043.8418,1
1783385100000,71.366,72.01,71.317,71.972,28882.0,2888.2,207144.6968,1
1783386000000,71.968,71.968,71.5,71.689,22931.0,2293.1,164380.2318,1
1783386900000,71.701,71.785,71.262,71.317,12946.0,1294.6,92715.1252,1
1783387800000,71.291,71.585,71.25,71.536,14075.0,1407.5,100540.1959,1
1783388700000,71.548,71.582,71.149,71.172,17108.0,1710.8,121976.8296,1
1783389600000,71.169,71.282,70.854,70.854,14763.0,1476.3,104843.6444,1
1783390500000,70.861,71.062,70.775,70.858,13647.0,1364.7,96730.7681,1
1783391400000,70.867,71.0,70.67,70.944,15262.0,1526.2,108030.3033,1
1783392300000,70.938,70.985,70.502,70.667,17661.0,1766.1,124854.3326,1
1783393200000,70.659,70.745,70.342,70.36,60425.0,6042.5,426155.3874,1
1783394100000,70.368,70.419,70.226,70.284,10339.0,1033.9,72689.784,1
1783395000000,70.271,70.515,70.228,70.228,16070.0,1607.0,113095.7968,1
1783395900000,70.22,70.354,70.108,70.2,14896.0,1489.6,104506.4486,1
1783396800000,70.204,70.247,70.0,70.007,4395.0,439.5,30816.2809,1
1783397700000,70.014,70.073,69.719,70.038,18495.0,1849.5,129285.1725,1
1783398600000,70.036,70.164,69.946,69.974,4129.0,412.9,28948.3758,1
1783399500000,69.974,70.207,69.831,70.207,3856.0,385.6,27003.065,1
1783400400000,70.202,70.257,69.6,69.601,9630.0,963.0,67257.1174,1
1783401300000,69.601,69.762,69.519,69.694,13571.0,1357.1,94447.7109,1
1783402200000,69.714,70.137,69.714,70.086,11411.0,1141.1,79871.3223,1
1783403100000,70.095,70.416,70.057,70.201,40341.0,4034.1,283304.4831,1
1783404000000,70.201,70.414,70.036,70.154,22501.0,2250.1,158172.3638,1
1783404900000,70.157,70.397,70.157,70.31,8166.0,816.6,57386.5835,1
1783405800000,70.313,70.739,70.266,70.739,15701.0,1570.1,110639.1167,1
1783406700000,70.733,70.971,70.682,70.904,18843.0,1884.3,133588.9176,1
1783407600000,70.902,71.217,70.833,71.198,9204.0,920.4,65423.0355,1
1783408500000,71.162,71.29,71.001,71.063,14995.0,1499.5,106699.5555,1
1783409400000,71.063,71.124,70.8,70.931,15707.0,1570.7,111509.0588,1
1783410300000,70.922,70.922,70.541,70.568,5926.0,592.6,41899.8427,1
1783411200000,70.594,70.799,70.54,70.791,9279.0,927.9,65569.2574,1
1783412100000,70.785,71.075,70.692,70.869,6604.0,660.4,46851.598,1
1783413000000,70.892,70.998,70.61,70.998,7319.0,731.9,51783.9721,1
1783413900000,70.999,71.075,70.681,71.038,4959.0,495.9,35152.3602,1
1783414800000,71.045,71.6,70.892,71.423,37299.0,3729.9,266096.3971,1
1783415700000,71.403,71.59,71.193,71.222,15736.0,1573.6,112461.9523,1
1783416600000,71.218,71.46,71.183,71.416,6762.0,676.2,48231.041,1
1783417500000,71.422,71.452,71.241,71.304,34036.0,3403.6,242732.1481,1
1783418400000,71.316,71.82,71.279,71.775,44106.0,4410.6,316477.946,1
1783419300000,71.758,71.82,71.575,71.585,57258.0,5725.8,410650.0786,1
1783420200000,71.559,71.609,71.441,71.486,7752.0,775.2,55414.1645,1
1783421100000,71.481,71.481,71.267,71.415,53620.0,5362.0,382638.459,1
1783422000000,71.408,71.408,71.2,71.221,10301.0,1030.1,73390.7698,1
1783422900000,71.215,71.438,71.2,71.344,5523.0,552.3,39414.7637,1
1783423800000,71.339,71.441,71.281,71.437,3255.0,325.5,23237.5967,1
1783424700000,71.449,71.952,71.414,71.952,24334.0,2433.4,174727.7631,1
1783425600000,71.96,72.539,71.893,72.495,60866.0,6086.6,439975.5521,1
1783426500000,72.49,72.49,72.0,72.181,27158.0,2715.8,196240.0144,1
1783427400000,72.186,72.312,71.843,72.244,41588.0,4158.8,299231.6033,1
1783428300000,72.258,72.335,72.056,72.056,16403.0,1640.3,118429.4897,1
1783429200000,72.055,72.083,71.738,71.893,32409.0,3240.9,233251.2195,1
1783430100000,71.878,71.998,71.474,71.516,64781.0,6478.1,464149.16,1
1783431000000,71.539,71.735,71.2,71.6,20347.0,2034.7,145474.1229,1
1783431900000,71.6,72.145,71.25,71.254,37449.0,3744.9,268790.0924,1
1783432800000,71.251,71.599,71.074,71.201,31555.0,3155.5,224901.3321,1
1783433700000,71.201,71.5,71.027,71.489,10018.0,1001.8,71380.7421,1
1783434600000,71.499,71.6,70.828,71.027,45642.0,4564.2,323956.0125,1
1783435500000,71.071,72.388,71.071,72.351,57258.0,5725.8,411504.38,1
1783436400000,72.358,72.478,72.068,72.368,50078.0,5007.8,361846.867,1
1783437300000,72.352,72.951,72.086,72.914,92811.0,9281.1,672637.0991,1
1783438200000,72.858,72.916,72.331,72.403,48665.0,4866.5,353277.7116,1
1783439100000,72.478,72.648,71.944,72.0,30304.0,3030.4,218854.8566,1
1783440000000,71.983,72.142,71.802,72.019,35614.0,3561.4,256102.5298,1
1783440900000,72.031,72.318,72.008,72.178,23021.0,2302.1,165999.9804,1
1783441800000,72.161,72.197,71.6,71.756,21455.0,2145.5,154041.3987,1
1783442700000,71.768,72.098,71.578,71.649,16573.0,1657.3,119111.3086,1
1783443600000,71.654,72.054,71.555,71.905,34299.0,3429.9,246350.6122,1
1783444500000,71.942,71.947,71.399,71.774,23970.0,2397.0,171817.4862,1
1783445400000,71.786,71.938,71.535,71.938,4129.0,412.9,29614.8143,1
1783446300000,71.908,71.908,71.433,71.611,5330.0,533.0,38124.5463,1
1783447200000,71.644,71.644,71.294,71.584,11092.0,1109.2,79284.781,1
1783448100000,71.584,71.8,71.4,71.47,6164.0,616.4,44126.4044,1
1783449000000,71.466,71.588,71.182,71.324,8101.0,810.1,57775.1288,1
1783449900000,71.332,71.374,70.201,70.209,129046.0,12904.6,909551.771,1
1783450800000,70.2,70.35,69.868,69.929,127828.0,12782.8,894279.3555,1
1783451700000,69.929,70.079,69.432,69.845,27787.0,2778.7,193852.2055,1
1783452600000,69.853,70.309,69.801,70.29,18325.0,1832.5,128387.0188,1
1783453500000,70.313,70.4,70.072,70.135,13072.0,1307.2,91829.5866,1
1783454400000,70.159,70.362,69.975,70.12,25582.0,2558.2,179337.9311,1
1783455300000,70.1,70.314,69.894,70.263,14058.0,1405.8,98452.8858,1
1783456200000,70.263,70.335,69.988,70.062,2699.0,269.9,18914.5593,1
1783457100000,70.082,70.195,69.918,70.172,7460.0,746.0,52197.7376,1
1783458000000,70.173,70.479,70.173,70.369,5637.0,563.7,39640.0665,1
1783458900000,70.35,70.35,69.229,69.408,31586.0,3158.6,219478.3048,1
1783459800000,69.408,69.408,69.0,69.127,74906.0,7490.6,518241.6019,1
1783460700000,69.132,69.389,69.111,69.318,14926.0,1492.6,103431.8482,1
1783461600000,69.302,69.315,68.987,69.215,17787.0,1778.7,122935.5171,1
1783462500000,69.228,69.333,69.093,69.132,14720.0,1472.0,101863.5261,1
1783463400000,69.123,69.704,69.093,69.616,11469.0,1146.9,79709.9952,1
1783464300000,69.61,69.755,69.506,69.717,2214.0,221.4,15414.0861,1
1783465200000,69.717,69.8,69.589,69.645,2853.0,285.3,19884.7678,1
1783466100000,69.63,69.847,69.617,69.828,14787.0,1478.7,103137.3691,1
1783467000000,69.85,69.918,69.277,69.277,14629.0,1462.9,101608.0671,1
1783467900000,69.267,69.379,69.126,69.185,19926.0,1992.6,138005.6311,1
1783468800000,69.197,69.588,69.125,69.581,15104.0,1510.4,104910.9914,1
1783469700000,69.583,69.747,69.41,69.64,7383.0,738.3,51352.3648,1
1783470600000,69.638,69.707,69.472,69.643,3263.0,326.3,22711.5551,1
1783471500000,69.637,69.655,69.417,69.451,7586.0,758.6,52797.9777,1
1783472400000,69.46,69.533,69.2,69.295,3305.0,330.5,22915.833,1
1783473300000,69.278,69.278,69.0,69.0,9826.0,982.6,67916.988,1
1783474200000,69.002,69.105,67.533,68.018,132304.0,13230.4,901734.2484,1
1783475100000,68.011,68.334,68.001,68.106,42062.0,4206.2,286648.1503,1
1783476000000,68.085,68.085,67.608,67.91,34252.0,3425.2,232391.9462,1
1783476900000,67.93,68.04,67.635,67.635,9747.0,974.7,66057.9556,1
1783477800000,67.635,67.957,67.326,67.955,46223.0,4622.3,312295.3503,1
1783478700000,67.958,68.364,67.952,68.25,15854.0,1585.4,108185.2064,1
1783479600000,68.272,68.469,68.266,68.428,19463.0,1946.3,133020.843,1
1783480500000,68.424,68.5,68.272,68.491,4571.0,457.1,31259.8392,1
1783481400000,68.455,68.455,68.133,68.149,7257.0,725.7,49481.2445,1
1783482300000,68.151,68.196,67.868,68.027,4313.0,431.3,29335.9352,1
1783483200000,68.045,68.312,67.92,68.146,36130.0,3613.0,245722.8653,1
1783484100000,68.168,68.312,68.106,68.235,12001.0,1200.1,81881.1712,1
1783485000000,68.253,68.307,67.867,67.867,5827.0,582.7,39610.6019,1
1783485900000,67.87,68.2,67.811,68.2,4483.0,448.3,30518.3321,1
1783486800000,68.199,68.4,68.166,68.333,4795.0,479.5,32763.4322,1
1783487700000,68.333,68.395,68.125,68.204,24670.0,2467.0,168121.508,1
1783488600000,68.226,68.25,68.016,68.241,2258.0,225.8,15390.0246,1
1783489500000,68.229,68.427,68.128,68.353,4486.0,448.6,30651.9104,1
1783490400000,68.371,68.4,67.963,68.055,34205.0,3420.5,233339.9849,1
1783491300000,68.065,68.109,67.868,67.948,7589.0,758.9,51611.485,1
1783492200000,67.918,68.075,67.85,67.97,5906.0,590.6,40112.9258,1
1783493100000,67.981,68.219,67.957,68.165,5807.0,580.7,39547.4263,1
1783494000000,68.17,68.175,67.725,68.051,10882.0,1088.2,73847.7299,1
1783494900000,68.03,68.17,67.888,68.077,11111.0,1111.1,75623.5266,1
1783495800000,68.068,68.324,68.063,68.243,11270.0,1127.0,76769.8977,1
1783496700000,68.28,68.379,68.197,68.241,5757.0,575.7,39324.0838,1
1783497600000,68.255,68.4,68.196,68.377,4163.0,416.3,28427.4167,1
1783498500000,68.4,68.4,67.6,67.821,20539.0,2053.9,139184.7793,1
1783499400000,67.816,67.99,67.39,67.682,97488.0,9748.8,659664.2296,1
1783500300000,67.669,68.224,67.66,67.99,59811.0,5981.1,406847.3149,1
1783501200000,67.98,68.053,67.855,67.977,9595.0,959.5,65208.2984,1
1783502100000,67.964,68.1,67.728,68.099,29882.0,2988.2,203002.0254,1
1783503000000,68.092,68.493,68.084,68.243,11772.0,1177.2,80449.8124,1
1783503900000,68.244,68.244,67.937,67.985,34574.0,3457.4,235176.8927,1
1783504800000,67.996,68.172,67.901,68.089,11064.0,1106.4,75274.2736,1
1783505700000,68.055,68.168,67.863,68.144,9961.0,996.1,67686.1901,1
1783506600000,68.145,68.282,68.05,68.171,5856.0,585.6,39941.5075,1
1783507500000,68.15,68.267,68.066,68.228,3541.0,354.1,24140.7659,1
1783508400000,68.231,68.24,67.87,67.895,24613.0,2461.3,167505.6011,1
1783509300000,67.896,68.28,67.857,68.066,7516.0,751.6,51088.2624,1
1783510200000,68.092,68.741,68.01,68.582,12598.0,1259.8,86383.4688,1
1783511100000,68.586,68.928,68.471,68.85,19010.0,1901.0,130581.0574,1
1783512000000,68.875,68.892,68.61,68.634,10921.0,1092.1,75069.5414,1
1783512900000,68.65,68.712,68.473,68.488,3984.0,398.4,27325.0591,1
1783513800000,68.475,68.535,68.4,68.51,11474.0,1147.4,78552.5879,1
1783514700000,68.505,68.505,67.941,67.941,32459.0,3245.9,221343.4263,1
1783515600000,67.979,67.991,67.67,67.848,21328.0,2132.8,144633.402,1
1783516500000,67.832,67.892,67.425,67.606,50010.0,5001.0,338074.0742,1
1783517400000,67.611,68.355,67.606,68.306,14623.0,1462.3,99575.0357,1
1783518300000,68.278,68.296,67.573,67.917,56846.0,5684.6,384910.5843,1
1783519200000,67.917,68.031,67.741,67.915,24811.0,2481.1,168466.8976,1
1783520100000,67.909,68.058,67.603,67.768,22500.0,2250.0,152525.6435,1
1783521000000,67.747,67.885,67.556,67.564,15473.0,1547.3,104776.3982,1
1783521900000,67.554,67.665,67.204,67.346,58941.0,5894.1,397000.7526,1
1783522800000,67.392,67.392,67.025,67.129,32371.0,3237.1,217330.9871,1
1783523700000,67.17,67.235,66.597,66.865,75720.0,7572.0,506730.9326,1
1783524600000,66.811,67.09,66.781,66.896,29230.0,2923.0,195675.948,1
1783525500000,66.9,67.051,66.728,66.907,14693.0,1469.3,98260.2756,1
1783526400000,66.914,67.422,66.887,67.364,34854.0,3485.4,234341.077,1
1783527300000,67.353,67.5,67.332,67.338,22539.0,2253.9,151938.6359,1
1783528200000,67.334,67.677,67.334,67.647,24531.0,2453.1,165802.0498,1
1783529100000,67.617,67.692,67.481,67.646,7643.0,764.3,51686.8067,1
1783530000000,67.652,67.699,67.474,67.477,11371.0,1137.1,76884.0174,1
1783530900000,67.487,67.77,67.479,67.673,6928.0,692.8,46895.7358,1
1783531800000,67.678,67.914,67.647,67.754,64385.0,6438.5,436711.4699,1
1783532700000,67.749,67.77,67.452,67.536,7753.0,775.3,52361.1306,1
1783533600000,67.533,67.775,67.451,67.522,8266.0,826.6,55866.2981,1
1783534500000,67.522,67.6,67.078,67.078,10048.0,1004.8,67664.1699,1
1783535400000,67.078,67.103,66.66,66.687,39206.0,3920.6,262165.7419,1
1783536300000,66.685,66.968,66.66,66.793,18308.0,1830.8,122380.53,1
1783537200000,66.827,67.0,66.664,66.76,10059.0,1005.9,67222.0961,1
1783538100000,66.751,67.167,66.705,67.166,8211.0,821.1,54889.6803,1
1783539000000,67.166,67.326,67.161,67.284,34714.0,3471.4,233461.6176,1
1783539900000,67.282,67.308,67.01,67.308,5647.0,564.7,37963.7293,1
1783540800000,67.308,67.422,67.184,67.38,28932.0,2893.2,194820.0083,1
1783541700000,67.373,67.373,67.191,67.259,3470.0,347.0,23338.5338,1
1783542600000,67.261,67.318,67.042,67.127,25170.0,2517.0,169104.9226,1
1783543500000,67.114,67.167,66.833,66.942,13073.0,1307.3,87494.0587,1
1783544400000,66.942,66.994,66.8,66.851,100949.0,10094.9,675191.1407,1
1783545300000,66.874,66.874,66.192,66.515,116937.0,11693.7,776104.8875,1
1783546200000,66.515,66.718,66.474,66.694,72284.0,7228.4,481607.1364,1
1783547100000,66.694,67.077,66.694,67.077,15763.0,1576.3,105520.6,1
1783548000000,67.076,67.281,67.017,67.218,15816.0,1581.6,106208.5244,1
1783548900000,67.222,67.289,67.022,67.108,8462.0,846.2,56827.9242,1
1783549800000,67.115,67.216,66.948,66.959,3350.0,335.0,22466.0173,1
1783550700000,66.964,67.2,66.901,67.177,4490.0,449.0,30080.4524,1
1783551600000,67.179,67.673,67.029,67.557,9176.0,917.6,61828.4896,1
1783552500000,67.551,67.552,67.309,67.429,4880.0,488.0,32875.2919,1
1783553400000,67.429,67.546,67.308,67.546,19792.0,1979.2,133317.9165,1
1783554300000,67.554,67.691,67.449,67.602,7900.0,790.0,53406.9887,1
1783555200000,67.62,67.679,67.38,67.459,5544.0,554.4,37427.4116,1
1783556100000,67.463,67.481,67.206,67.45,3518.0,351.8,23693.8391,1
1783557000000,67.463,67.846,67.449,67.728,26392.0,2639.2,178520.1054,1
1783557900000,67.729,67.833,67.664,67.792,4720.0,472.0,31971.0392,1
1783558800000,67.786,68.301,67.72,68.298,50782.0,5078.2,345777.5587,1
1783559700000,68.305,68.352,68.0,68.083,20784.0,2078.4,141597.3078,1
1783560600000,68.077,68.088,67.452,67.502,12770.0,1277.0,86382.2607,1
1783561500000,67.504,67.58,67.202,67.242,12765.0,1276.5,86075.5294,1
1783562400000,67.259,67.539,67.027,67.494,15010.0,1501.0,100943.9283,1
1783563300000,67.494,67.503,67.302,67.376,5329.0,532.9,35935.0431,1
1783564200000,67.367,67.407,67.136,67.137,2972.0,297.2,19987.3411,1
1783565100000,67.152,67.259,67.0,67.086,8662.0,866.2,58143.6695,1
1783566000000,67.073,67.174,67.0,67.148,12283.0,1228.3,82400.4092,1
1783566900000,67.152,67.323,67.003,67.2,5476.0,547.6,36803.8134,1
1783567800000,67.237,67.421,67.078,67.317,3232.0,323.2,21748.635,1
1783568700000,67.289,67.289,67.09,67.165,5672.0,567.2,38105.2333,1
1783569600000,67.157,67.304,67.077,67.077,6374.0,637.4,42871.3218,1
1783570500000,67.078,67.304,67.039,67.243,1533.0,153.3,10293.1912,1
1783571400000,67.252,67.724,67.25,67.699,15030.0,1503.0,101548.0517,1
1783572300000,67.699,67.85,67.64,67.85,5219.0,521.9,35349.8507,1
1783573200000,67.813,67.868,67.607,67.686,5294.0,529.4,35849.5174,1
1783574100000,67.702,67.749,67.338,67.465,12517.0,1251.7,84501.6978,1
1783575000000,67.482,67.709,67.336,67.709,4031.0,403.1,27242.1081,1
1783575900000,67.708,68.1,67.693,68.0,12920.0,1292.0,87814.3425,1
1783576800000,68.0,68.1,67.747,67.801,15143.0,1514.3,102987.6813,1
1783577700000,67.801,68.228,67.762,68.067,5073.0,507.3,34468.1295,1
1783578600000,68.059,68.245,68.023,68.205,8817.0,881.7,60088.7586,1
1783579500000,68.201,68.24,68.066,68.176,6669.0,666.9,45443.9317,1
1783580400000,68.158,68.3,67.973,68.03,7597.0,759.7,51699.7213,1
1783581300000,68.031,68.163,67.809,67.817,43195.0,4319.5,293205.8018,1
1783582200000,67.809,67.907,67.695,67.888,27176.0,2717.6,184124.7457,1
1783583100000,67.876,68.099,67.858,68.079,8381.0,838.1,56968.0697,1
1783584000000,68.08,68.185,67.937,67.98,6692.0,669.2,45552.6211,1
1783584900000,67.981,68.334,67.913,68.326,10297.0,1029.7,70200.9029,1
1783585800000,68.326,68.39,68.151,68.261,21682.0,2168.2,148074.6278,1
1783586700000,68.231,68.242,68.003,68.035,5129.0,512.9,34909.25,1
1783587600000,68.018,68.118,67.882,67.97,6703.0,670.3,45534.7872,1
1783588500000,67.969,67.993,67.709,67.726,2469.0,246.9,16747.2201,1
1783589400000,67.722,67.9,67.604,67.628,6447.0,644.7,43670.4273,1
1783590300000,67.611,67.955,67.549,67.859,3587.0,358.7,24312.4966,1
1783591200000,67.855,68.0,67.723,67.896,2852.0,285.2,19360.3309,1
1783592100000,67.898,67.949,67.676,67.737,2033.0,203.3,13785.5112,1
1783593000000,67.729,67.729,67.402,67.465,8576.0,857.6,57928.5487,1
1783593900000,67.46,67.502,67.265,67.484,9166.0,916.6,61746.8411,1
1783594800000,67.493,67.528,67.108,67.245,24960.0,2496.0,167991.2699,1
1783595700000,67.252,67.321,67.091,67.218,37291.0,3729.1,250736.113,1
1783596600000,67.227,67.345,67.191,67.295,3123.0,312.3,21007.759,1
1783597500000,67.289,67.482,67.223,67.47,4135.0,413.5,27868.8848,1
1783598400000,67.48,67.48,67.128,67.147,6221.0,622.1,41871.1565,1
1783599300000,67.14,67.367,67.101,67.29,8028.0,802.8,53983.9065,1
1783600200000,67.288,67.639,67.201,67.295,29327.0,2932.7,198178.3574,1
1783601100000,67.29,67.368,67.095,67.229,3432.0,343.2,23075.8639,1
1783602000000,67.244,67.688,67.24,67.614,3521.0,352.1,23772.3063,1
1783602900000,67.62,67.63,67.403,67.433,12176.0,1217.6,82199.217,1
1783603800000,67.443,67.905,67.195,67.904,9224.0,922.4,62322.5393,1
1783604700000,67.917,68.051,67.67,67.963,44784.0,4478.4,303980.4422,1
1783605600000,67.964,68.097,67.709,67.709,20344.0,2034.4,138163.0408,1
1783606500000,67.709,67.709,67.282,67.5,16915.0,1691.5,114161.21,1
1783607400000,67.509,68.026,67.401,67.812,13027.0,1302.7,88392.4876,1
1783608300000,67.8,68.097,67.8,68.057,14724.0,1472.4,100111.9282,1
1783609200000,68.082,68.631,67.94,68.63,26572.0,2657.2,181614.4488,1
1783610100000,68.624,68.7,67.966,67.987,31130.0,3113.0,213191.9854,1
1783611000000,67.983,67.983,67.55,67.581,24937.0,2493.7,168989.0839,1
1783611900000,67.596,67.681,67.437,67.452,17959.0,1795.9,121398.7124,1
1783612800000,67.46,68.014,67.46,67.609,9817.0,981.7,66520.2596,1
1783613700000,67.588,67.658,67.327,67.47,8012.0,801.2,54048.5791,1
1783614600000,67.48,67.585,67.334,67.334,4455.0,445.5,30039.8206,1
1783615500000,67.327,67.373,67.107,67.203,13076.0,1307.6,87878.4562,1
1783616400000,67.213,67.385,67.192,67.224,19436.0,1943.6,130754.7418,1
1783617300000,67.23,67.422,67.219,67.219,2719.0,271.9,18294.9816,1
1783618200000,67.229,67.371,67.01,67.346,19908.0,1990.8,133726.6503,1
1783619100000,67.332,67.382,67.17,67.231,10999.0,1099.9,74003.2193,1
1783620000000,67.254,67.989,67.21,67.713,25858.0,2585.8,175177.909,1
1783620900000,67.718,67.826,67.475,67.61,4898.0,489.8,33088.8406,1
1783621800000,67.636,67.64,67.475,67.512,7448.0,744.8,50291.8584,1
1783622700000,67.504,67.582,67.213,67.261,17583.0,1758.3,118436.3983,1
1783623600000,67.22,67.274,66.644,66.655,38647.0,3864.7,258734.3554,1
1783624500000,66.672,67.077,66.662,67.076,45031.0,4503.1,300962.1692,1
1783625400000,67.076,67.167,66.996,67.057,12085.0,1208.5,81086.5282,1
1783626300000,67.076,67.185,66.862,66.942,9083.0,908.3,60819.0065,1
1783627200000,66.948,67.215,66.923,67.154,11548.0,1154.8,77521.2367,1
1783628100000,67.154,67.375,67.096,67.318,12037.0,1203.7,80929.5171,1
1783629000000,67.317,67.397,67.275,67.38,2149.0,214.9,14469.4517,1
1783629900000,67.386,67.397,67.176,67.339,5270.0,527.0,35443.4811,1
1783630800000,67.35,67.422,67.236,67.236,15870.0,1587.0,106910.339,1
1783631700000,67.256,67.419,67.255,67.376,5309.0,530.9,35772.1169,1
1783632600000,67.376,67.398,67.215,67.253,4618.0,461.8,31076.0883,1
1783633500000,67.255,67.401,67.2,67.349,4006.0,400.6,26976.4247,1
1783634400000,67.358,67.415,67.083,67.135,7933.0,793.3,53371.2408,1
1783635300000,67.134,67.261,67.073,67.179,5866.0,586.6,39391.3129,1
1783636200000,67.168,67.283,67.11,67.25,17569.0,1756.9,118063.2429,1
1783637100000,67.25,67.322,67.077,67.204,6243.0,624.3,41924.0522,1
1783638000000,67.204,67.312,67.161,67.164,3195.0,319.5,21485.0704,1
1783638900000,67.163,67.256,66.934,67.209,9284.0,928.4,62268.99,1
1783639800000,67.207,67.207,67.02,67.119,6014.0,601.4,40349.0681,1
1783640700000,67.122,67.19,67.073,67.116,3406.0,340.6,22870.1519,1
1783641600000,67.112,67.112,66.862,67.074,6161.0,616.1,41264.7081,1
1783642500000,67.062,67.303,66.943,67.112,11311.0,1131.1,75945.0081,1
1783643400000,67.112,67.163,66.934,67.06,4717.0,471.7,31623.6287,1
1783644300000,67.056,67.264,67.026,67.238,4744.0,474.4,31852.8406,1
1783645200000,67.251,67.284,67.046,67.244,7173.0,717.3,48141.4551,1
1783646100000,67.239,67.616,67.239,67.616,15925.0,1592.5,107328.3918,1
1783647000000,67.603,67.794,67.484,67.664,20946.0,2094.6,141768.044,1
1783647900000,67.665,68.121,67.641,67.875,22790.0,2279.0,154979.4623,1
1783648800000,67.868,68.158,67.867,68.158,18915.0,1891.5,128694.7687,1
1783649700000,68.161,68.175,67.963,68.018,19757.0,1975.7,134488.1324,1
1783650600000,68.013,68.228,67.963,68.197,14089.0,1408.9,95952.4868,1
1783651500000,68.181,68.363,68.077,68.341,9684.0,968.4,66095.2517,1
1783652400000,68.346,68.357,68.058,68.101,11719.0,1171.9,79869.6635,1
1783653300000,68.101,68.133,68.037,68.108,6206.0,620.6,42253.4514,1
1783654200000,68.07,68.375,68.039,68.37,16024.0,1602.4,109208.803,1
1783655100000,68.359,68.453,68.326,68.45,11396.0,1139.6,77963.5424,1
1783656000000,68.454,68.496,68.266,68.456,15697.0,1569.7,107341.2315,1
1783656900000,68.461,68.461,68.201,68.203,106103.0,10610.3,724100.342,1
1783657800000,68.204,68.399,68.165,68.32,63396.0,6339.6,432943.368,1
1783658700000,68.32,68.422,68.2,68.242,32248.0,3224.8,220312.0815,1
1783659600000,68.262,68.262,68.113,68.208,10649.0,1064.9,72586.1294,1
1783660500000,68.194,68.273,68.084,68.084,11605.0,1160.5,79092.7681,1
1783661400000,68.091,68.252,68.034,68.214,22905.0,2290.5,156008.5231,1
1783662300000,68.207,68.226,68.079,68.124,13231.0,1323.1,90151.2238,1
1783663200000,68.125,68.125,67.867,67.977,28757.0,2875.7,195469.4974,1
1783664100000,67.968,67.977,67.744,67.806,16306.0,1630.6,110624.8873,1
1783665000000,67.809,67.89,67.736,67.736,7483.0,748.3,50719.6084,1
1783665900000,67.787,68.049,67.787,68.041,4560.0,456.0,30989.661,1
1783666800000,68.048,68.049,67.874,68.042,4047.0,404.7,27496.2496,1
1783667700000,68.032,68.151,67.956,68.147,5657.0,565.7,38488.2204,1
1783668600000,68.134,68.134,68.053,68.119,5483.0,548.3,37342.0652,1
1783669500000,68.12,68.282,68.08,68.278,6508.0,650.8,44381.1228,1
1783670400000,68.278,68.471,68.227,68.471,10716.0,1071.6,73271.2377,1
1783671300000,68.466,69.014,68.463,68.964,55617.0,5561.7,382273.8519,1
1783672200000,68.965,68.969,68.574,68.589,14358.0,1435.8,98784.5843,1
1783673100000,68.573,68.73,68.527,68.642,4559.0,455.9,31288.9724,1
1783674000000,68.638,68.871,68.5,68.723,13314.0,1331.4,91411.8013,1
1783674900000,68.734,68.938,68.673,68.896,31591.0,3159.1,217494.4437,1
1783675800000,68.905,69.25,68.867,69.246,31954.0,3195.4,220970.3837,1
1783676700000,69.234,69.236,69.03,69.055,5060.0,506.0,34981.6053,1
1783677600000,69.054,69.196,68.98,68.981,5888.0,588.8,40650.3322,1
1783678500000,68.981,69.262,68.937,69.221,13156.0,1315.6,90892.8273,1
1783679400000,69.222,69.352,68.935,69.072,50565.0,5056.5,349896.1739,1
1783680300000,69.065,69.066,68.805,68.822,6962.0,696.2,47979.8319,1
1783681200000,68.816,69.029,68.772,69.028,14647.0,1464.7,100813.6633,1
1783682100000,69.032,69.247,69.032,69.172,16354.0,1635.4,113089.9079,1
1783683000000,69.142,69.203,68.709,68.818,4220.0,422.0,29079.9643,1
1783683900000,68.834,69.089,68.789,68.838,3283.0,328.3,22620.1287,1
1783684800000,68.852,68.951,68.315,68.625,22206.0,2220.6,152200.1862,1
1783685700000,68.613,68.772,68.503,68.691,7673.0,767.3,52667.1775,1
1783686600000,68.699,68.717,68.407,68.407,17165.0,1716.5,117616.6624,1
1783687500000,68.419,68.527,68.386,68.386,4899.0,489.9,33538.4232,1
1783688400000,68.386,68.488,68.33,68.385,10349.0,1034.9,70759.8624,1
1783689300000,68.388,68.565,68.336,68.554,3334.0,333.4,22834.0882,1
1783690200000,68.561,68.988,68.483,68.716,14165.0,1416.5,97416.9083,1
1783691100000,68.719,68.996,68.35,68.373,39942.0,3994.2,274913.0191,1
1783692000000,68.376,68.469,68.101,68.11,31433.0,3143.3,214541.4751,1
1783692900000,68.101,68.193,67.565,67.755,57145.0,5714.5,387798.2919,1
1783693800000,67.762,67.96,67.222,67.488,39694.0,3969.4,267762.0925,1
1783694700000,67.489,67.6,67.25,67.325,18782.0,1878.2,126716.7785,1
1783695600000,67.315,67.695,67.274,67.487,28601.0,2860.1,193140.438,1
1783696500000,67.471,67.746,67.471,67.629,14482.0,1448.2,97959.6933,1
1783697400000,67.596,67.733,67.356,67.357,9262.0,926.2,62580.8353,1
1783698300000,67.356,67.532,67.2,67.472,10586.0,1058.6,71296.7122,1
1783699200000,67.483,67.709,67.36,67.706,10193.0,1019.3,68813.8489,1
1783700100000,67.703,67.827,67.624,67.65,8390.0,839.0,56800.0366,1
1783701000000,67.663,67.847,67.616,67.707,5354.0,535.4,36270.315,1
1783701900000,67.681,67.945,67.671,67.87,9393.0,939.3,63722.247,1
1783702800000,67.853,67.876,67.634,67.686,4599.0,459.9,31164.2739,1
1783703700000,67.686,67.772,67.489,67.668,3105.0,310.5,21005.0066,1
1783704600000,67.644,67.644,67.425,67.546,9420.0,942.0,63571.4937,1
1783705500000,67.54,67.716,67.465,67.568,4276.0,427.6,28908.55,1
1783706400000,67.568,67.955,67.568,67.738,7220.0,722.0,48949.2118,1
1783707300000,67.732,67.892,67.715,67.764,1875.0,187.5,12717.2502,1
1783708200000,67.735,67.815,67.667,67.701,2920.0,292.0,19779.9907,1
1783709100000,67.734,67.765,67.276,67.339,13755.0,1375.5,92885.981,1
1783710000000,67.329,67.399,67.276,67.276,14893.0,1489.3,100320.8979,1
1783710900000,67.277,67.336,67.046,67.196,31781.0,3178.1,213388.4614,1
1783711800000,67.198,67.58,67.167,67.491,14407.0,1440.7,97078.4965,1
1783712700000,67.481,67.553,67.27,67.276,43663.0,4366.3,294346.6632,1
1783713600000,67.271,67.289,67.007,67.052,44315.0,4431.5,297226.0535,1
1783714500000,67.06,67.098,66.706,66.914,40536.0,4053.6,271121.1583,1
1783715400000,66.91,67.073,66.907,67.073,8194.0,819.4,54920.0829,1
1783716300000,67.08,67.082,66.937,66.959,5742.0,574.2,38493.4384,1
1783717200000,66.949,67.167,66.927,67.079,6022.0,602.2,40388.9385,1
1783718100000,67.079,67.252,67.048,67.252,6142.0,614.2,41251.7427,1
1783719000000,67.232,67.326,67.186,67.242,3038.0,303.8,20430.703,1
1783719900000,67.242,67.412,67.067,67.412,13165.0,1316.5,88615.0466,1
1783720800000,67.407,67.53,67.391,67.507,13791.0,1379.1,93053.0278,1
1783721700000,67.508,67.639,67.478,67.549,6100.0,610.0,41222.0861,1
1783722600000,67.543,67.557,67.475,67.475,2839.0,283.9,19171.3228,1
1783723500000,67.475,67.559,67.467,67.467,1490.0,149.0,10060.8284,1
1783724400000,67.468,67.484,67.325,67.466,4000.0,400.0,26955.426,1
1783725300000,67.467,67.536,67.356,67.471,6226.0,622.6,41995.0442,1
1783726200000,67.46,67.531,67.35,67.531,3296.0,329.6,22236.9053,1
1783727100000,67.531,67.556,67.449,67.514,1168.0,116.8,7884.7143,1
1783728000000,67.516,67.582,67.351,67.351,2616.0,261.6,17653.3329,1
1783728900000,67.358,67.501,67.222,67.439,5880.0,588.0,39617.9396,1
1783729800000,67.436,67.584,67.391,67.584,3157.0,315.7,21303.3176,1
1783730700000,67.6,67.61,67.399,67.428,1578.0,157.8,10648.7853,1
1783731600000,67.433,67.579,67.418,67.495,6088.0,608.8,41101.5679,1
1783732500000,67.5,67.687,67.494,67.574,1993.0,199.3,13472.8377,1
1783733400000,67.574,67.651,67.226,67.226,5042.0,504.2,33950.857,1
1783734300000,67.226,67.332,66.934,66.934,16554.0,1655.4,111051.5526,1
1783735200000,66.935,67.101,66.804,66.956,10558.0,1055.8,70650.5004,1
1783736100000,66.947,67.052,66.839,67.011,8709.0,870.9,58308.5153,1
1783737000000,67.005,67.322,67.005,67.296,4542.0,454.2,30511.1239,1
1783737900000,67.296,67.319,67.192,67.274,2526.0,252.6,16996.7876,1
1783738800000,67.274,67.318,67.17,67.184,4295.0,429.5,28872.0654,1
1783739700000,67.18,67.246,67.067,67.095,4068.0,406.8,27304.0206,1
1783740600000,67.095,67.227,67.041,67.076,5685.0,568.5,38146.1333,1
1783741500000,67.076,67.087,66.966,67.068,1276.0,127.6,8551.786,1
1783742400000,67.044,67.08,66.934,66.971,8036.0,803.6,53841.5828,1
1783743300000,66.962,67.076,66.9,67.015,6562.0,656.2,43966.1621,1
1783744200000,67.006,67.035,66.649,66.706,16588.0,1658.8,110899.2677,1
1783745100000,66.695,66.761,66.562,66.562,28134.0,2813.4,187364.3628,1
1783746000000,66.539,66.668,66.535,66.597,26897.0,2689.7,179160.3603,1
1783746900000,66.599,66.64,66.357,66.517,48195.0,4819.5,320063.9004,1
1783747800000,66.511,66.676,66.451,66.585,34527.0,3452.7,230138.4329,1
1783748700000,66.582,66.628,66.462,66.529,1478.0,147.8,9840.1822,1
1783749600000,66.53,66.53,66.39,66.416,8224.0,822.4,54639.8657,1
1783750500000,66.416,66.6,66.373,66.502,17906.0,1790.6,119147.896,1
1783751400000,66.512,66.67,66.496,66.504,8024.0,802.4,53448.7218,1
1783752300000,66.504,66.504,66.302,66.302,18282.0,1828.2,121392.4108,1
1783753200000,66.304,66.441,66.264,66.387,8722.0,872.2,57846.4596,1
1783754100000,66.387,66.463,66.339,66.401,14021.0,1402.1,93090.3901,1
1783755000000,66.41,66.41,66.221,66.232,4742.0,474.2,31422.1219,1
1783755900000,66.232,66.466,66.232,66.46,3334.0,333.4,22114.7405,1
1783756800000,66.445,66.686,66.438,66.64,10362.0,1036.2,68996.8126,1
1783757700000,66.636,66.7,66.605,66.646,6274.0,627.4,41826.3158,1
1783758600000,66.646,66.706,66.507,66.543,8633.0,863.3,57498.6884,1
1783759500000,66.543,66.543,66.43,66.524,7404.0,740.4,49237.1019,1
1783760400000,66.524,66.838,66.513,66.834,13270.0,1327.0,88551.3554,1
1783761300000,66.829,66.863,66.628,66.683,4645.0,464.5,31026.3397,1
1783762200000,66.689,66.803,66.621,66.7,1269.0,126.9,8465.0947,1
1783763100000,66.702,66.77,66.64,66.654,13174.0,1317.4,87867.64,1
1783764000000,66.661,66.735,66.593,66.735,16041.0,1604.1,106863.4865,1
1783764900000,66.726,66.979,66.648,66.833,6565.0,656.5,43912.5818,1
1783765800000,66.815,66.881,66.725,66.812,6981.0,698.1,46643.9765,1
1783766700000,66.819,66.894,66.745,66.795,2440.0,244.0,16305.3439,1
1783767600000,66.798,66.894,66.734,66.866,3424.0,342.4,22866.6664,1
1783768500000,66.863,66.891,66.744,66.883,3891.0,389.1,26010.7448,1
1783769400000,66.872,66.986,66.856,66.904,16297.0,1629.7,109097.2201,1
1783770300000,66.904,67.024,66.904,67.006,1926.0,192.6,12897.0299,1
1783771200000,67.003,67.055,66.943,67.042,2325.0,232.5,15581.4505,1
1783772100000,67.065,67.136,66.97,67.014,3491.0,349.1,23411.9353,1
1783773000000,67.014,67.05,66.788,66.845,5133.0,513.3,34332.9065,1
1783773900000,66.845,66.934,66.777,66.885,12284.0,1228.4,82164.2877,1
1783774800000,66.892,66.923,66.705,66.764,6349.0,634.9,42411.0427,1
1783775700000,66.764,66.819,66.671,66.724,4968.0,496.8,33148.2856,1
1783776600000,66.724,66.805,66.376,66.576,36311.0,3631.1,241816.6017,1
1783777500000,66.576,66.711,66.55,66.621,15226.0,1522.6,101440.8658,1
1783778400000,66.61,66.892,66.61,66.834,15807.0,1580.7,105502.4496,1
1783779300000,66.834,67.312,66.761,67.133,20012.0,2001.2,134190.7338,1
1783780200000,67.163,67.797,67.163,67.673,65559.0,6555.9,443367.6688,1
1783781100000,67.679,67.72,67.414,67.415,18024.0,1802.4,121752.1826,1
1783782000000,67.429,67.65,67.414,67.501,4451.0,445.1,30037.0549,1
1783782900000,67.502,67.527,67.251,67.333,8403.0,840.3,56586.036,1
1783783800000,67.338,67.394,66.866,66.993,23900.0,2390.0,160211.8148,1
1783784700000,67.001,67.25,66.885,67.225,3512.0,351.2,23547.6497,1
1783785600000,67.24,67.28,66.971,67.169,4190.0,419.0,28135.6157,1
1783786500000,67.164,67.164,66.876,67.067,13859.0,1385.9,92853.2124,1
1783787400000,67.067,67.193,66.922,67.034,5713.0,571.3,38295.183,1
1783788300000,67.034,67.156,66.89,67.108,3610.0,361.0,24191.9985,1
1783789200000,67.122,67.187,67.011,67.172,79826.0,7982.6,536065.8767,1
1783790100000,67.171,67.469,67.171,67.393,255182.0,25518.2,1716118.0541,1
1783791000000,67.39,67.53,67.352,67.49,5244.0,524.4,35362.8301,1
1783791900000,67.503,67.526,67.308,67.333,8231.0,823.1,55472.8914,1
1783792800000,67.33,67.381,67.167,67.308,304541.0,30454.1,2048370.9559,1
1783793700000,67.311,67.494,67.305,67.489,7275.0,727.5,49080.7221,1
1783794600000,67.53,67.717,67.526,67.704,7156.0,715.6,48399.0027,1
1783795500000,67.708,67.734,67.547,67.645,8292.0,829.2,56034.5234,1
1783796400000,67.649,67.755,67.6,67.736,11590.0,1159.0,78415.255,1
1783797300000,67.736,67.84,67.587,67.612,42216.0,4221.6,285848.1401,1
1783798200000,67.625,67.733,67.541,67.602,4316.0,431.6,29188.7902,1
1783799100000,67.618,67.618,67.411,67.536,65401.0,6540.1,441802.814,1
1783800000000,67.566,67.86,67.566,67.758,12238.0,1223.8,82964.6234,1
1783800900000,67.767,67.826,67.701,67.76,5775.0,577.5,39135.8209,1
1783801800000,67.76,67.86,67.732,67.859,11084.0,1108.4,75152.3693,1
1783802700000,67.86,67.915,67.794,67.853,5024.0,502.4,34098.5299,1
1783803600000,67.849,68.054,67.849,67.965,13562.0,1356.2,92232.2881,1
1783804500000,67.958,67.963,67.817,67.913,8204.0,820.4,55698.522,1
1783805400000,67.912,68.085,67.891,68.076,3446.0,344.6,23424.201,1
1783806300000,68.084,68.256,67.972,68.01,45465.0,4546.5,309593.4401,1
1783807200000,68.004,68.114,67.899,68.013,41648.0,4164.8,283421.8367,1
1783808100000,67.995,68.081,67.725,67.725,10642.0,1064.2,72183.2705,1
1783809000000,67.737,67.879,67.626,67.721,9542.0,954.2,64654.2266,1
1783809900000,67.704,67.726,67.558,67.597,14367.0,1436.7,97121.415,1
1783810800000,67.584,67.697,67.407,67.465,21333.0,2133.3,144047.3869,1
1783811700000,67.478,67.519,67.052,67.165,18260.0,1826.0,122790.8515,1
1783812600000,67.143,67.167,66.891,67.061,30293.0,3029.3,203025.786,1
1783813500000,67.058,67.167,66.858,66.858,6416.0,641.6,43012.4079,1
1783814400000,66.858,66.954,66.6,66.798,27984.0,2798.4,186856.5637,1
1783815300000,66.793,67.062,66.763,66.867,5952.0,595.2,39851.7924,1
1783816200000,66.871,67.136,66.604,66.888,6301.0,630.1,42167.344,1
1783817100000,66.884,66.968,66.78,66.897,9840.0,984.0,65759.4085,1
1783818000000,66.898,67.0,66.834,66.855,1997.0,199.7,13361.5955,1
1783818900000,66.837,67.279,66.811,67.266,26069.0,2606.9,175266.7866,1
1783819800000,67.251,67.388,67.212,67.319,10894.0,1089.4,73337.3062,1
1783820700000,67.33,67.358,67.225,67.332,2449.0,244.9,16480.9062,1
1783821600000,67.33,67.33,67.127,67.231,8081.0,808.1,54316.625,1
1783822500000,67.231,67.422,67.222,67.371,4686.0,468.6,31555.3985,1
1783823400000,67.358,67.422,67.26,67.294,837.0,83.7,5636.0831,1
1783824300000,67.306,67.306,67.14,67.221,2985.0,298.5,20058.9588,1
1783825200000,67.208,67.271,66.959,67.051,3300.0,330.0,22134.6188,1
1783826100000,67.048,67.12,67.003,67.085,9484.0,948.4,63581.277,1
1783827000000,67.085,67.2,67.0,67.13,1726.0,172.6,11580.262,1
1783827900000,67.12,67.252,67.101,67.242,1794.0,179.4,12053.9792,1
1783828800000,67.232,67.249,67.171,67.196,1293.0,129.3,8689.83,1
1783829700000,67.182,67.348,67.091,67.234,773.0,77.3,5195.344,1
1783830600000,67.213,67.322,67.024,67.149,4291.0,429.1,28828.4907,1
1783831500000,67.165,67.174,66.991,67.102,2131.0,213.1,14300.339,1
1783832400000,67.112,67.234,67.085,67.085,978.0,97.8,6566.6176,1
1783833300000,67.085,67.093,66.959,67.017,6070.0,607.0,40673.1073,1
1783834200000,67.027,67.196,67.001,67.133,3949.0,394.9,26501.7469,1
1783835100000,67.146,67.193,67.131,67.147,1131.0,113.1,7596.2085,1
1783836000000,67.121,67.135,66.78,66.787,7362.0,736.2,49227.8734,1
1783836900000,66.786,66.834,66.485,66.578,11008.0,1100.8,73324.2326,1
1783837800000,66.577,66.949,66.553,66.905,2307.0,230.7,15411.9837,1
1783838700000,66.905,66.959,66.832,66.921,2551.0,255.1,17070.9274,1
1783839600000,66.93,67.002,66.919,66.924,2110.0,211.0,14132.8795,1
1783840500000,66.924,67.075,66.875,67.047,2515.0,251.5,16845.9252,1
1783841400000,67.047,67.062,66.883,66.883,1052.0,105.2,7046.4566,1
1783842300000,66.876,66.945,66.853,66.945,1273.0,127.3,8515.4022,1
1783843200000,66.945,67.371,66.932,67.352,8718.0,871.8,58559.031,1
1783844100000,67.357,67.482,67.334,67.336,5778.0,577.8,38952.6285,1
1783845000000,67.352,67.352,67.1,67.178,2061.0,206.1,13856.492,1
1783845900000,67.191,67.191,67.022,67.134,3645.0,364.5,24452.9009,1
1783846800000,67.134,67.198,66.934,66.938,6315.0,631.5,42338.9717,1
1783847700000,66.935,66.935,66.705,66.777,3710.0,371.0,24794.4637,1
1783848600000,66.777,67.25,66.777,67.23,3240.0,324.0,21710.3752,1
1783849500000,67.231,67.298,67.025,67.026,2415.0,241.5,16231.7472,1
1783850400000,67.036,67.044,66.584,66.769,8620.0,862.0,57463.386,1
1783851300000,66.758,66.78,66.652,66.751,2466.0,246.6,16456.1427,1
1783852200000,66.756,66.774,66.645,66.744,4903.0,490.3,32716.9266,1
1783853100000,66.744,66.79,66.667,66.739,3003.0,300.3,20026.165,1
1783854000000,66.739,66.88,66.651,66.734,6008.0,600.8,40135.5838,1
1783854900000,66.772,66.887,66.755,66.873,3951.0,395.1,26403.4266,1
1783855800000,66.877,67.139,66.877,67.074,11320.0,1132.0,75882.4411,1
1783856700000,67.072,67.137,66.809,66.881,7612.0,761.2,51031.8675,1
1783857600000,66.869,66.976,66.731,66.975,4283.0,428.3,28618.2913,1
1783858500000,66.985,67.033,66.8,66.955,3480.0,348.0,23295.0955,1
1783859400000,66.955,66.959,66.7,66.748,6952.0,695.2,46436.9568,1
1783860300000,66.767,66.832,66.669,66.721,3680.0,368.0,24574.6575,1
1783861200000,66.721,66.928,66.614,66.928,3561.0,356.1,23764.9157,1
1783862100000,66.928,67.1,66.91,67.1,11501.0,1150.1,77102.5847,1
1783863000000,67.1,67.135,67.064,67.076,1518.0,151.8,10186.8071,1
1783863900000,67.076,67.099,66.956,66.981,3547.0,354.7,23772.572,1
1783864800000,66.981,67.169,66.981,67.143,3636.0,363.6,24404.0199,1
1783865700000,67.146,67.25,67.034,67.068,9074.0,907.4,60983.0297,1
1783866600000,67.091,67.175,67.031,67.175,4582.0,458.2,30739.9609,1
1783867500000,67.161,67.399,67.064,67.364,5204.0,520.4,35001.8728,1
1783868400000,67.363,67.798,67.363,67.778,12457.0,1245.7,84330.0183,1
1783869300000,67.779,67.85,67.652,67.809,12662.0,1266.2,85791.9088,1
1783870200000,67.803,67.862,67.556,67.633,27057.0,2705.7,183083.5123,1
1783871100000,67.632,67.684,67.515,67.52,10083.0,1008.3,68178.9859,1
1783872000000,67.54,67.967,67.528,67.84,27504.0,2750.4,186558.7279,1
1783872900000,67.84,67.933,67.802,67.924,16982.0,1698.2,115221.346,1
1783873800000,67.931,67.947,67.824,67.944,6669.0,666.9,45258.0416,1
1783874700000,67.944,68.03,67.9,67.959,5119.0,511.9,34798.6114,1
1783875600000,67.965,68.116,67.837,68.067,13424.0,1342.4,91294.1368,1
1783876500000,68.067,68.094,67.939,67.959,8374.0,837.4,56975.6964,1
1783877400000,67.959,68.067,67.911,68.014,4602.0,460.2,31284.8533,1
1783878300000,68.014,68.028,67.766,67.878,2652.0,265.2,18014.398,1
1783879200000,67.885,67.95,67.803,67.803,5982.0,598.2,40589.8862,1
1783880100000,67.803,67.889,67.797,67.856,8401.0,840.1,56967.2158,1
1783881000000,67.856,68.098,67.856,68.078,10052.0,1005.2,68359.4987,1
1783881900000,68.065,68.199,68.025,68.165,12377.0,1237.7,84363.3779,1
1783882800000,68.17,68.292,68.124,68.168,4268.0,426.8,29114.5454,1
1783883700000,68.214,68.271,68.061,68.094,4156.0,415.6,28325.2599,1
1783884600000,68.09,68.09,67.941,67.983,11065.0,1106.5,75272.0009,1
1783885500000,67.991,68.27,67.991,68.252,5206.0,520.6,35476.3271,1
1783886400000,68.269,68.348,68.047,68.059,11507.0,1150.7,78521.9061,1
1783887300000,68.058,68.079,67.887,67.898,8976.0,897.6,60982.655,1
1783888200000,67.92,67.991,67.85,67.936,9357.0,935.7,63543.4405,1
1783889100000,67.936,67.936,67.819,67.874,4609.0,460.9,31283.4503,1
1783890000000,67.874,68.033,67.805,67.836,3045.0,304.5,20679.7728,1
1783890900000,67.828,67.848,67.673,67.746,23871.0,2387.1,161777.0965,1
1783891800000,67.736,67.807,67.704,67.795,4612.0,461.2,31236.9287,1
1783892700000,67.795,67.801,67.663,67.687,2983.0,298.3,20201.0313,1
1783893600000,67.701,67.701,67.374,67.375,33358.0,3335.8,225230.3054,1
1783894500000,67.375,67.498,67.163,67.377,27916.0,2791.6,187897.2624,1
1783895400000,67.378,67.437,67.146,67.154,7747.0,774.7,52153.0792,1
1783896300000,67.146,67.25,66.934,67.167,19621.0,1962.1,131581.3025,1
1783897200000,67.167,67.279,67.052,67.19,4015.0,401.5,26963.5137,1
1783898100000,67.148,67.261,67.114,67.244,8613.0,861.3,57893.5479,1
1783899000000,67.233,67.325,67.181,67.313,5312.0,531.2,35721.2654,1
1783899900000,67.3,67.4,67.133,67.312,3519.0,351.9,23664.4128,1
1783900800000,67.312,68.128,67.207,68.123,36294.0,3629.4,246162.6443,1
1783901700000,68.124,68.2,67.8,67.803,17897.0,1789.7,121471.7122,1
1783902600000,67.802,67.893,67.299,67.373,17187.0,1718.7,116234.8475,1
1783903500000,67.375,67.772,67.374,67.666,8981.0,898.1,60707.8464,1
1783904400000,67.696,67.696,67.15,67.245,18083.0,1808.3,121831.4625,1
1783905300000,67.23,67.397,67.08,67.135,7722.0,772.2,51882.4765,1
1783906200000,67.125,67.289,66.975,67.257,13126.0,1312.6,88032.1196,1
1783907100000,67.269,67.278,66.935,66.94,23741.0,2374.1,159061.4473,1
1783908000000,66.943,67.052,66.871,66.986,22413.0,2241.3,149979.8542,1
1783908900000,66.986,67.176,66.926,67.09,5703.0,570.3,38250.1373,1
1783909800000,67.091,67.176,67.013,67.152,2977.0,297.7,19971.9236,1
1783910700000,67.146,67.161,66.964,66.984,2300.0,230.0,15412.9396,1
1783911600000,66.983,67.018,66.66,66.66,35546.0,3554.6,237356.8716,1
1783912500000,66.667,66.911,66.576,66.81,12210.0,1221.0,81414.6576,1
1783913400000,66.811,66.811,66.513,66.595,70925.0,7092.5,472310.952,1
1783914300000,66.594,66.699,66.553,66.583,4923.0,492.3,32805.3808,1
1783915200000,66.58,66.58,66.339,66.399,20193.0,2019.3,134134.1647,1
1783916100000,66.398,66.679,66.398,66.679,8081.0,808.1,53763.8634,1
1783917000000,66.673,66.705,65.526,65.687,103521.0,10352.1,682593.022,1
1783917900000,65.692,65.706,64.898,65.059,72636.0,7263.6,473188.38,1
1783918800000,65.051,65.562,64.812,65.46,153844.0,15384.4,1000276.5107,1
1783919700000,65.46,65.477,65.055,65.124,4664.0,466.4,30449.847,1
1783920600000,65.117,65.524,65.05,65.523,10717.0,1071.7,70058.4703,1
1783921500000,65.523,65.523,65.312,65.415,12378.0,1237.8,80978.6518,1
1783922400000,65.418,65.599,65.418,65.483,7173.0,717.3,46988.7468,1
1783923300000,65.477,65.497,65.204,65.23,4176.0,417.6,27277.6415,1
1783924200000,65.221,65.267,65.075,65.13,10932.0,1093.2,71219.0857,1
1783925100000,65.104,65.169,65.029,65.079,7869.0,786.9,51233.4294,1
1783926000000,65.09,65.3,64.908,65.246,8233.0,823.3,53542.1169,1
1783926900000,65.246,65.522,65.198,65.51,13565.0,1356.5,88726.8247,1
1783927800000,65.51,65.536,65.301,65.323,28825.0,2882.5,188767.9391,1
1783928700000,65.314,65.573,65.254,65.509,7894.0,789.4,51660.4681,1
1783929600000,65.507,65.561,65.31,65.474,7946.0,794.6,52031.9451,1
1783930500000,65.474,65.628,65.463,65.592,7123.0,712.3,46713.952,1
1783931400000,65.604,65.66,65.451,65.66,3392.0,339.2,22219.3478,1
1783932300000,65.676,65.75,65.53,65.6,3330.0,333.0,21855.3527,1
1783933200000,65.621,65.622,65.177,65.241,11720.0,1172.0,76596.6861,1
1783934100000,65.241,65.241,65.029,65.198,8514.0,851.4,55454.9506,1
1783935000000,65.19,65.28,65.1,65.149,19413.0,1941.3,126565.6848,1
1783935900000,65.141,65.149,64.963,64.996,4076.0,407.6,26505.3126,1
1783936800000,64.996,65.105,64.916,65.012,9711.0,971.1,63148.6569,1
1783937700000,64.981,65.081,64.872,64.889,23066.0,2306.6,149831.1762,1
1783938600000,64.879,65.191,64.845,64.962,9756.0,975.6,63490.8881,1
1783939500000,64.973,65.222,64.925,65.22,6034.0,603.4,39224.8292,1
1783940400000,65.219,65.366,65.176,65.259,8532.0,853.2,55691.0877,1
1783941300000,65.236,65.297,65.068,65.22,5259.0,525.9,34297.5195,1
1783942200000,65.211,65.247,65.075,65.085,10789.0,1078.9,70281.7107,1
1783943100000,65.085,65.144,64.905,65.032,30451.0,3045.1,197965.8416,1
1783944000000,65.031,65.072,64.797,64.885,15148.0,1514.8,98318.2965,1
1783944900000,64.888,64.898,64.416,64.453,23044.0,2304.4,148944.9047,1
1783945800000,64.459,64.486,64.262,64.329,61693.0,6169.3,397112.2461,1
1783946700000,64.342,64.411,64.248,64.346,20795.0,2079.5,133733.4396,1
1783947600000,64.352,64.475,64.143,64.147,42647.0,4264.7,273921.5429,1
1783948500000,64.146,64.176,63.955,64.03,46006.0,4600.6,294700.8704,1
1783949400000,64.036,64.126,63.391,63.811,108503.0,10850.3,692352.0569,1
1783950300000,63.791,63.954,63.522,63.954,37824.0,3782.4,241038.9354,1
1783951200000,63.958,64.169,63.901,64.084,23759.0,2375.9,152068.1378,1
1783952100000,64.079,64.367,63.601,64.318,53765.0,5376.5,344553.2105,1
1783953000000,64.319,64.393,64.078,64.156,18252.0,1825.2,117220.4594,1
1783953900000,64.147,64.342,64.0,64.316,19425.0,1942.5,124710.6385,1
1783954800000,64.305,64.452,64.2,64.205,20418.0,2041.8,131273.1905,1
1783955700000,64.205,64.401,64.117,64.197,11114.0,1111.4,71428.0142,1
1783956600000,64.197,64.237,63.925,64.026,7946.0,794.6,50918.6677,1
1783957500000,64.013,64.196,63.866,63.897,10094.0,1009.4,64623.1068,1
1783958400000,63.914,63.937,63.801,63.806,23548.0,2354.8,150369.4885,1
1783959300000,63.81,63.812,63.33,63.331,46280.0,4628.0,293693.131,1
1783960200000,63.33,63.698,63.167,63.65,57900.0,5790.0,367001.851,1
1783961100000,63.671,63.896,63.371,63.537,51921.0,5192.1,330310.3329,1
1783962000000,63.55,63.785,63.277,63.723,26078.0,2607.8,165432.4781,1
1783962900000,63.676,63.915,63.618,63.822,11524.0,1152.4,73494.3369,1
1783963800000,63.823,63.849,63.535,63.767,11832.0,1183.2,75297.8678,1
1783964700000,63.777,63.831,63.364,63.378,29924.0,2992.4,189886.098,1
1783965600000,63.397,63.617,63.328,63.449,16848.0,1684.8,106910.4162,1
1783966500000,63.449,63.71,63.333,63.663,12250.0,1225.0,77737.7325,1
1783967400000,63.676,63.745,63.584,63.669,83185.0,8318.5,529717.5187,1
1783968300000,63.682,63.805,63.657,63.694,7500.0,750.0,47798.8523,1
1783969200000,63.712,63.823,63.637,63.691,5217.0,521.7,33271.5131,1
1783970100000,63.688,63.82,63.641,63.666,5558.0,555.8,35401.8829,1
1783971000000,63.693,63.844,63.571,63.682,3584.0,358.4,22831.2554,1
1783971900000,63.686,63.752,63.565,63.681,4546.0,454.6,28944.2559,1
1783972800000,63.682,63.682,63.333,63.35,11888.0,1188.8,75463.5645,1
1783973700000,63.357,63.505,62.883,63.479,67550.0,6755.0,426540.3568,1
1783974600000,63.482,63.513,63.17,63.17,6381.0,638.1,40410.174,1
1783975500000,63.176,63.523,63.094,63.49,11346.0,1134.6,71751.1444,1
1783976400000,63.494,63.511,63.052,63.059,9332.0,933.2,58928.8145,1
1783977300000,63.052,63.124,62.943,62.943,11207.0,1120.7,70623.7624,1
1783978200000,62.956,62.973,62.562,62.704,40390.0,4039.0,253763.6715,1
1783979100000,62.704,62.95,62.601,62.907,20195.0,2019.5,126661.7521,1
1783980000000,62.902,63.197,62.902,63.135,6043.0,604.3,38134.1737,1
1783980900000,63.125,63.248,63.032,63.201,5349.0,534.9,33798.91,1
1783981800000,63.201,63.276,63.078,63.161,3364.0,336.4,21247.0228,1
1783982700000,63.173,63.278,63.138,63.227,5928.0,592.8,37476.0516,1
1783983600000,63.222,63.322,63.085,63.313,2439.0,243.9,15414.6316,1
1783984500000,63.313,63.507,63.302,63.36,4428.0,442.8,28073.699,1
1783985400000,63.351,63.473,63.331,63.411,9372.0,937.2,59411.0769,1
1783986300000,63.411,63.648,63.385,63.432,7458.0,745.8,47388.8654,1
1783987200000,63.449,63.696,63.162,63.623,16335.0,1633.5,103428.7244,1
1783988100000,63.603,63.632,63.309,63.423,6189.0,618.9,39268.5,1
1783989000000,63.438,63.56,63.221,63.254,13888.0,1388.8,87962.2018,1
1783989900000,63.27,63.605,63.266,63.54,10756.0,1075.6,68262.71,1
1783990800000,63.555,63.559,63.42,63.433,6792.0,679.2,43100.6528,1
1783991700000,63.437,63.745,63.433,63.511,16017.0,1601.7,101977.5063,1
1783992600000,63.507,63.51,63.2,63.216,10174.0,1017.4,64447.6428,1
1783993500000,63.234,63.294,63.178,63.179,4847.0,484.7,30646.2988,1
1783994400000,63.179,63.42,63.094,63.4,10940.0,1094.0,69182.2161,1
1783995300000,63.393,63.433,63.193,63.316,13618.0,1361.8,86229.5509,1
1783996200000,63.315,63.47,63.185,63.453,5609.0,560.9,35518.845,1
1783997100000,63.435,63.446,63.18,63.181,23647.0,2364.7,149693.4784,1
1783998000000,63.207,63.216,62.8,62.845,23640.0,2364.0,148819.1569,1
1783998900000,62.824,62.905,62.595,62.905,16558.0,1655.8,103875.6558,1
1783999800000,62.9,63.19,62.896,63.127,5304.0,530.4,33420.0514,1
1784000700000,63.125,63.278,63.121,63.258,6954.0,695.4,43922.0705,1
1784001600000,63.255,63.37,63.06,63.065,3262.0,326.2,20637.9638,1
1784002500000,63.065,63.304,63.036,63.302,4065.0,406.5,25682.4236,1
1784003400000,63.302,63.434,63.27,63.364,2347.0,234.7,14866.9919,1
1784004300000,63.35,63.447,63.35,63.423,4618.0,461.8,29270.0137,1
1784005200000,63.408,63.889,63.391,63.756,12679.0,1267.9,80839.3081,1
1784006100000,63.756,64.16,63.656,64.056,12282.0,1228.2,78579.9159,1
1784007000000,64.073,64.14,63.757,63.863,8016.0,801.6,51297.1721,1
1784007900000,63.864,63.892,63.725,63.732,4345.0,434.5,27720.4792,1
1784008800000,63.74,63.866,63.651,63.651,3131.0,313.1,19962.6364,1
1784009700000,63.658,63.855,63.658,63.785,1443.0,144.3,9204.201,1
1784010600000,63.785,63.9,63.651,63.82,4314.0,431.4,27528.2426,1
1784011500000,63.82,63.845,63.708,63.748,1234.0,123.4,7869.5367,1
1784012400000,63.731,63.76,63.626,63.726,2258.0,225.8,14382.7739,1
1784013300000,63.726,63.84,63.65,63.812,8752.0,875.2,55828.423,1
1784014200000,63.791,63.816,63.605,63.61,7236.0,723.6,46076.8322,1
1784015100000,63.626,63.629,63.485,63.514,3952.0,395.2,25130.9955,1
1784016000000,63.522,63.579,63.435,63.547,2418.0,241.8,15353.9466,1
1784016900000,63.549,63.855,63.445,63.823,4503.0,450.3,28634.9142,1
1784017800000,63.815,63.878,63.746,63.755,3668.0,366.8,23407.9067,1
1784018700000,63.744,63.839,63.629,63.839,2792.0,279.2,17784.7578,1
1784019600000,63.839,63.985,63.78,63.947,16481.0,1648.1,105359.2261,1
1784020500000,63.935,63.961,63.7,63.713,3043.0,304.3,19411.9615,1
1784021400000,63.744,63.75,63.521,63.549,4762.0,476.2,30288.4441,1
1784022300000,63.519,63.671,63.469,63.482,3011.0,301.1,19135.4826,1
1784023200000,63.491,63.869,63.469,63.831,2482.0,248.2,15824.0303,1
1784024100000,63.831,63.85,63.736,63.817,1019.0,101.9,6500.2563,1
1784025000000,63.808,63.889,63.633,63.889,6961.0,696.1,44445.0897,1
1784025900000,63.879,64.0,63.859,63.928,11469.0,1146.9,73345.4379,1
1784026800000,63.941,63.963,63.768,63.936,11853.0,1185.3,75757.034,1
1784027700000,63.937,64.06,63.858,64.051,5303.0,530.3,33923.201,1
1784028600000,64.051,64.069,63.905,63.945,8100.0,810.0,51792.5822,1
1784029500000,63.945,63.997,63.813,63.818,5680.0,568.0,36301.5706,1
1784030400000,63.832,63.847,63.606,63.729,5483.0,548.3,34929.875,1
1784031300000,63.729,64.094,63.696,63.85,14394.0,1439.4,92139.9191,1
1784032200000,63.851,64.797,63.851,64.712,113732.0,11373.2,734472.0929,1
1784033100000,64.712,65.155,64.664,65.125,72860.0,7286.0,473538.2548,1
1784034000000,65.128,65.148,64.837,64.854,59691.0,5969.1,387924.4712,1
1784034900000,64.874,65.384,64.838,65.086,48509.0,4850.9,316356.0995,1
1784035800000,65.057,65.101,64.7,64.751,41699.0,4169.9,270474.4238,1
1784036700000,64.751,65.033,64.689,65.029,15875.0,1587.5,102920.3891,1
1784037600000,65.032,65.043,64.58,64.82,20842.0,2084.2,134888.7873,1
1784038500000,64.82,64.898,64.533,64.534,22826.0,2282.6,147702.3179,1
1784039400000,64.522,64.698,64.45,64.625,29991.0,2999.1,193679.2414,1
1784040300000,64.625,64.984,64.483,64.888,12377.0,1237.7,80166.8704,1
1784041200000,64.913,65.016,64.763,64.97,14797.0,1479.7,96125.1172,1
1784042100000,64.969,65.129,64.895,65.1,42459.0,4245.9,276072.1923,1
1784043000000,65.1,65.157,64.845,64.99,40454.0,4045.4,263045.5412,1
1784043900000,64.984,65.1,64.581,64.734,33494.0,3349.4,217125.7513,1
1784044800000,64.741,64.926,64.63,64.681,33875.0,3387.5,219417.2366,1
1784045700000,64.681,64.931,64.6,64.801,13262.0,1326.2,85837.5147,1
1784046600000,64.813,65.05,64.77,64.858,11197.0,1119.7,72730.3723,1
1784047500000,64.861,64.952,64.771,64.786,2805.0,280.5,18185.9343,1
1784048400000,64.801,64.813,64.449,64.706,13062.0,1306.2,84397.6433,1
1784049300000,64.704,64.931,64.558,64.928,20052.0,2005.2,129764.0516,1
1784050200000,64.923,65.0,64.849,64.959,6061.0,606.1,39346.2353,1
1784051100000,64.968,65.328,64.937,65.184,15335.0,1533.5,100047.3456,1
1784052000000,65.185,65.6,65.05,65.051,25565.0,2556.5,167276.7364,1
1784052900000,65.051,65.282,64.977,65.24,11119.0,1111.9,72344.8303,1
1784053800000,65.241,65.66,65.209,65.546,22337.0,2233.7,146394.1289,1
1784054700000,65.546,65.624,65.477,65.558,8757.0,875.7,57394.434,1
1784055600000,65.56,65.634,65.301,65.39,4411.0,441.1,28916.2111,1
1784056500000,65.399,65.517,65.29,65.29,4895.0,489.5,32027.8721,1
1784057400000,65.29,65.404,65.226,65.298,7324.0,732.4,47817.8495,1
1784058300000,65.296,65.401,65.21,65.241,3324.0,332.4,21693.7904,1
1784059200000,65.241,65.268,65.081,65.081,8999.0,899.9,58632.5584,1
1784060100000,65.082,65.38,65.082,65.367,5902.0,590.2,38517.1432,1
1784061000000,65.367,65.405,65.326,65.405,2932.0,293.2,19164.3719,1
1784061900000,65.416,65.704,65.406,65.704,6774.0,677.4,44438.0418,1
1784062800000,65.719,65.844,65.708,65.824,27034.0,2703.4,177835.0353,1
1784063700000,65.824,65.996,65.816,65.974,23435.0,2343.5,154485.601,1
1784064600000,65.974,66.012,65.6,65.716,18336.0,1833.6,120899.0316,1
1784065500000,65.716,65.737,65.601,65.622,8258.0,825.8,54246.0847,1
1784066400000,65.616,65.638,65.527,65.592,20341.0,2034.1,133445.389,1
1784067300000,65.592,66.13,65.592,65.934,23162.0,2316.2,152956.4726,1
1784068200000,65.958,66.08,65.871,65.957,4421.0,442.1,29161.2809,1
1784069100000,65.969,65.994,65.691,65.694,4601.0,460.1,30284.3161,1
1784070000000,65.694,65.852,65.622,65.818,8492.0,849.2,55878.9293,1
1784070900000,65.81,65.81,65.562,65.59,12802.0,1280.2,84052.5332,1
1784071800000,65.603,65.604,65.393,65.413,12500.0,1250.0,81885.4952,1
1784072700000,65.454,65.555,65.382,65.555,9677.0,967.7,63351.1868,1
1784073600000,65.551,65.702,65.484,65.611,22580.0,2258.0,148201.0832,1
1784074500000,65.614,65.765,65.574,65.765,3287.0,328.7,21588.4012,1
1784075400000,65.765,65.854,65.713,65.783,26172.0,2617.2,172142.2492,1
1784076300000,65.821,65.859,65.688,65.706,5282.0,528.2,34743.7597,1
1784077200000,65.706,65.725,65.284,65.337,18819.0,1881.9,123129.0724,1
1784078100000,65.339,65.492,65.307,65.386,27889.0,2788.9,182313.2659,1
1784079000000,65.387,65.423,65.009,65.011,36428.0,3642.8,237756.9229,1
1784079900000,65.009,65.187,64.902,65.076,25780.0,2578.0,167814.4704,1
1784080800000,65.075,65.524,64.96,65.523,18721.0,1872.1,122235.7259,1
1784081700000,65.524,65.533,65.152,65.223,26116.0,2611.6,170406.473,1
1784082600000,65.223,66.133,65.188,66.133,56556.0,5655.6,371112.4656,1
1784083500000,66.132,66.574,65.99,66.554,168149.0,16814.9,1115825.5629,1
1784084400000,66.575,67.339,66.445,67.28,139196.0,13919.6,933569.1294,1
1784085300000,67.267,67.5,67.161,67.485,28464.0,2846.4,191886.1115,1
1784086200000,67.517,67.61,67.15,67.151,57675.0,5767.5,389528.5163,1
1784087100000,67.151,67.33,67.0,67.277,11398.0,1139.8,76544.0641,1
1784088000000,67.295,67.41,67.0,67.007,50415.0,5041.5,338926.2343,1
1784088900000,67.007,67.007,66.801,66.825,29088.0,2908.8,194519.35,1
1784089800000,66.812,67.215,66.8,66.978,2052.0,205.2,13759.4208,1
1784090700000,66.993,67.009,66.804,66.84,4766.0,476.6,31872.0865,1
1784091600000,66.878,66.883,66.7,66.736,3857.0,385.7,25750.9769,1
1784092500000,66.727,66.842,66.667,66.718,3455.0,345.5,23048.3914,1
1784093400000,66.714,67.035,66.714,66.845,9009.0,900.9,60260.568,1
1784094300000,66.845,67.188,66.84,67.125,44406.0,4440.6,298009.434,1
1784095200000,67.108,67.326,67.029,67.268,9435.0,943.5,63467.6607,1
1784096100000,67.285,67.3,67.076,67.114,14492.0,1449.2,97323.1825,1
1784097000000,67.127,67.3,67.081,67.3,3606.0,360.6,24223.9879,1
1784097900000,67.3,67.541,67.3,67.366,5119.0,511.9,34512.0482,1
1784098800000,67.363,67.363,67.15,67.173,9275.0,927.5,62327.4755,1
1784099700000,67.179,67.266,66.988,67.046,9285.0,928.5,62262.0645,1
1784100600000,67.052,67.102,66.823,66.936,11608.0,1160.8,77673.6189,1
1784101500000,66.966,67.025,66.851,66.866,1913.0,191.3,12809.1519,1
1784102400000,66.883,67.081,66.737,67.038,14306.0,1430.6,95600.8355,1
1784103300000,67.044,67.116,66.86,66.93,3608.0,360.8,24168.5871,1
1784104200000,66.952,67.353,66.901,67.326,18025.0,1802.5,120718.5139,1
1784105100000,67.325,67.4,67.231,67.238,11491.0,1149.1,77358.7714,1
1784106000000,67.238,67.933,67.185,67.913,21924.0,2192.4,148357.9888,1
1784106900000,67.901,68.134,67.901,68.095,18383.0,1838.3,125147.0378,1
1784107800000,68.095,68.188,68.039,68.049,14055.0,1405.5,95753.2288,1
1784108700000,68.049,68.113,67.902,67.965,17887.0,1788.7,121552.8522,1
1784109600000,67.975,68.104,67.933,68.052,31212.0,3121.2,212316.6091,1
1784110500000,68.035,68.035,67.845,67.864,12423.0,1242.3,84375.2917,1
1784111400000,67.863,68.055,67.863,67.912,17756.0,1775.6,120631.7557,1
1784112300000,67.904,68.262,67.878,68.235,5376.0,537.6,36625.2484,1
1784113200000,68.236,68.425,68.212,68.23,32415.0,3241.5,221454.2056,1
1784114100000,68.24,68.34,68.154,68.324,8285.0,828.5,56521.9514,1
1784115000000,68.328,68.35,68.206,68.252,4626.0,462.6,31588.8641,1
1784115900000,68.27,68.426,68.241,68.426,23346.0,2334.6,159570.3349,1
1784116800000,68.426,68.531,68.297,68.518,9106.0,910.6,62302.3276,1
1784117700000,68.477,68.566,68.379,68.379,20344.0,2034.4,139360.1248,1
1784118600000,68.356,68.6,68.225,68.344,39372.0,3937.2,269482.461,1
1784119500000,68.322,68.9,68.321,68.892,73075.0,7307.5,502274.7721,1
1784120400000,68.894,69.02,68.667,68.701,42165.0,4216.5,290196.5127,1
1784121300000,68.659,68.987,68.599,68.87,58862.0,5886.2,405463.7458,1
1784122200000,68.87,68.918,68.446,68.61,15951.0,1595.1,109639.878,1
1784123100000,68.613,68.633,68.246,68.49,29395.0,2939.5,200989.9665,1
1784124000000,68.491,68.814,68.33,68.785,4548.0,454.8,31218.0309,1
1784124900000,68.791,68.854,68.283,68.599,35465.0,3546.5,243735.2826,1
1784125800000,68.6,68.791,68.404,68.433,15441.0,1544.1,106063.2589,1
1784126700000,68.441,68.511,68.273,68.328,10987.0,1098.7,75093.2414,1
1784127600000,68.341,68.423,67.869,67.923,17608.0,1760.8,119991.7437,1
1784128500000,67.927,68.057,67.639,67.839,41176.0,4117.6,279084.062,1
1784129400000,67.789,68.1,67.707,68.045,11018.0,1101.8,74823.5266,1
1784130300000,68.045,68.099,67.8,67.918,7366.0,736.6,50050.7499,1
1784131200000,67.929,67.964,67.587,67.609,103071.0,10307.1,697157.0386,1
1784132100000,67.617,67.788,67.472,67.735,78605.0,7860.5,530979.7706,1
1784133000000,67.73,67.755,67.23,67.458,42024.0,4202.4,282921.9594,1
1784133900000,67.451,67.622,67.37,67.41,13277.0,1327.7,89597.8285,1
1784134800000,67.412,67.956,67.404,67.756,20156.0,2015.6,136289.2001,1
1784135700000,67.75,67.995,67.737,67.828,5642.0,564.2,38283.0164,1
1784136600000,67.829,67.857,67.704,67.73,1690.0,169.0,11454.7216,1
1784137500000,67.73,67.905,67.637,67.828,8685.0,868.5,58883.4977,1
1784138400000,67.832,68.051,67.832,68.044,14732.0,1473.2,100068.9954,1
1784139300000,68.041,68.362,67.91,68.221,9623.0,962.3,65679.0699,1
1784140200000,68.233,68.348,68.133,68.136,13137.0,1313.7,89647.9271,1
1784141100000,68.115,68.189,67.172,67.319,26930.0,2693.0,181847.8995,1
1784142000000,67.332,67.408,67.172,67.385,17039.0,1703.9,114777.2331,1
1784142900000,67.386,67.386,66.958,67.148,16803.0,1680.3,112832.2776,1
1784143800000,67.163,67.173,66.88,66.88,20099.0,2009.9,134676.5514,1
1784144700000,66.877,66.89,66.779,66.843,13477.0,1347.7,90082.5986,1
1784145600000,66.85,66.959,66.786,66.929,6000.0,600.0,40119.6378,1
1784146500000,66.928,67.336,66.926,67.245,3716.0,371.6,24957.3553,1
1784147400000,67.245,67.386,67.197,67.255,9803.0,980.3,65944.2363,1
1784148300000,67.258,67.328,67.176,67.221,1175.0,117.5,7900.1116,1
1784149200000,67.24,67.492,67.24,67.376,5698.0,569.8,38402.4929,1
1784150100000,67.367,67.405,67.234,67.237,5970.0,597.0,40192.4982,1
1784151000000,67.237,67.251,67.023,67.172,3448.0,344.8,23160.6928,1
1784151900000,67.171,67.178,66.998,67.105,3300.0,330.0,22151.5357,1
1784152800000,67.105,67.172,66.985,67.025,4500.0,450.0,30194.9315,1
1784153700000,67.025,67.083,66.96,67.062,3890.0,389.0,26070.6964,1
1784154600000,67.062,67.12,66.979,67.066,6474.0,647.4,43387.0371,1
1784155500000,67.059,67.271,67.057,67.092,3091.0,309.1,20757.3342,1
1784156400000,67.08,67.313,67.067,67.313,12017.0,1201.7,80796.0441,1
1784157300000,67.313,67.316,67.001,67.001,6555.0,655.5,44041.2382,1
1784158200000,67.001,67.07,66.817,66.845,7448.0,744.8,49853.6765,1
1784159100000,66.841,66.981,66.788,66.873,4370.0,437.0,29227.0643,1
1784160000000,66.874,67.2,66.863,67.199,2920.0,292.0,19600.7189,1
1784160900000,67.199,67.199,66.514,66.611,15802.0,1580.2,105314.5174,1
1784161800000,66.618,66.699,66.4,66.419,11401.0,1140.1,75815.903,1
1784162700000,66.424,66.652,66.402,66.592,8144.0,814.4,54193.6971,1
1784163600000,66.652,66.684,66.462,66.52,14148.0,1414.8,94198.3208,1
1784164500000,66.52,66.52,66.168,66.266,38343.0,3834.3,254328.3089,1
1784165400000,66.285,66.563,66.281,66.452,16138.0,1613.8,107100.7065,1
1784166300000,66.448,66.8,66.415,66.683,8304.0,830.4,55363.2268,1
1784167200000,66.697,66.716,66.419,66.485,6649.0,664.9,44262.1179,1
1784168100000,66.512,66.52,66.337,66.394,9264.0,926.4,61523.6194,1
1784169000000,66.39,66.482,66.277,66.291,6650.0,665.0,44116.2779,1
1784169900000,66.299,66.57,66.299,66.542,5757.0,575.7,38272.568,1
1784170800000,66.522,66.59,66.452,66.559,4288.0,428.8,28520.6347,1
1784171700000,66.528,66.528,66.068,66.273,10133.0,1013.3,67057.5745,1
1784172600000,66.265,66.299,66.131,66.212,1768.0,176.8,11704.7865,1
1784173500000,66.2,66.2,66.031,66.146,2923.0,292.3,19312.564,1
1784174400000,66.14,66.163,65.96,66.125,19998.0,1999.8,132197.5642,1
1784175300000,66.135,66.4,65.974,66.4,3659.0,365.9,24208.5051,1
1784176200000,66.399,66.45,66.347,66.434,1921.0,192.1,12757.0928,1
1784177100000,66.438,66.45,66.348,66.429,890.0,89.0,5910.1165,1
1784178000000,66.429,66.66,66.422,66.659,7780.0,778.0,51760.0493,1
1784178900000,66.645,66.8,66.611,66.744,11672.0,1167.2,77903.9933,1
1784179800000,66.744,66.849,66.646,66.829,6959.0,695.9,46436.6894,1
1784180700000,66.807,66.891,66.733,66.878,3735.0,373.5,24962.6278,1
1784181600000,66.864,66.946,66.7,66.786,3445.0,344.5,23036.4017,1
1784182500000,66.778,66.796,66.653,66.784,5141.0,514.1,34312.21,1
1784183400000,66.784,66.817,66.593,66.688,4704.0,470.4,31367.8772,1
1784184300000,66.675,66.932,66.646,66.868,5663.0,566.3,37840.4071,1
1784185200000,66.856,66.91,66.755,66.793,3726.0,372.6,24897.1568,1
1784186100000,66.787,66.864,66.534,66.593,7903.0,790.3,52687.6977,1
1784187000000,66.603,66.605,66.254,66.254,10064.0,1006.4,66789.468,1
1784187900000,66.281,66.514,66.2,66.479,7506.0,750.6,49763.8244,1
1784188800000,66.48,66.594,65.85,65.85,61758.0,6175.8,406901.0978,1
1784189700000,65.85,65.99,65.608,65.989,66237.0,6623.7,435186.3202,1
1784190600000,65.99,66.242,65.968,66.092,53639.0,5363.9,354272.1667,1
1784191500000,66.076,66.219,65.901,65.994,4507.0,450.7,29769.4556,1
1784192400000,65.999,66.104,65.865,65.877,2603.0,260.3,17183.7844,1
1784193300000,65.877,65.966,65.844,65.844,7888.0,788.8,51990.4806,1
1784194200000,65.839,66.003,65.8,65.975,3353.0,335.3,22106.7454,1
1784195100000,65.942,66.004,65.816,65.943,2422.0,242.2,15976.6102,1
1784196000000,65.945,66.132,65.859,65.959,3278.0,327.8,21639.4619,1
1784196900000,65.953,66.014,65.879,66.004,4342.0,434.2,28621.7463,1
1784197800000,66.007,66.102,65.824,65.898,1528.0,152.8,10072.4082,1
1784198700000,65.898,65.968,65.705,65.965,3358.0,335.8,22093.2,1
1784199600000,65.979,65.979,65.667,65.825,3981.0,398.1,26186.9415,1
1784200500000,65.875,65.909,65.628,65.778,15416.0,1541.6,101445.8385,1
1784201400000,65.776,65.95,65.722,65.9,7272.0,727.2,47867.457,1
1784202300000,65.891,65.931,65.7,65.874,2225.0,222.5,14652.314,1
1784203200000,65.867,65.899,65.752,65.803,5923.0,592.3,38975.0845,1
1784204100000,65.803,65.862,65.684,65.856,3361.0,336.1,22103.1841,1
1784205000000,65.859,65.908,65.204,65.333,23391.0,2339.1,152842.0755,1
1784205900000,65.318,65.566,65.284,65.411,13259.0,1325.9,86826.6008,1
1784206800000,65.405,65.59,65.405,65.576,4798.0,479.8,31415.4621,1
1784207700000,65.569,65.796,65.569,65.783,9047.0,904.7,59386.2619,1
1784208600000,65.782,65.863,65.543,65.543,7281.0,728.1,47859.5756,1
1784209500000,65.548,65.654,65.417,65.544,8319.0,831.9,54487.201,1
1784210400000,65.54,66.091,65.54,66.042,24642.0,2464.2,162244.8054,1
1784211300000,66.016,66.136,65.818,66.12,15936.0,1593.6,105198.1917,1
1784212200000,66.112,66.124,65.94,66.08,3540.0,354.0,23371.7806,1
1784213100000,66.096,66.114,65.704,65.741,9119.0,911.9,60011.9266,1
1784214000000,65.742,65.767,65.22,65.239,15576.0,1557.6,102019.3339,1
1784214900000,65.238,65.6,65.238,65.6,11037.0,1103.7,72103.6178,1
1784215800000,65.6,65.737,65.508,65.629,16702.0,1670.2,109674.3842,1
1784216700000,65.609,65.609,65.283,65.336,6919.0,691.9,45247.4703,1
1784217600000,65.316,65.316,64.453,64.497,66012.0,6601.2,427565.148,1
1784218500000,64.503,64.759,64.452,64.724,30707.0,3070.7,198389.9266,1
1784219400000,64.724,64.801,64.208,64.272,60759.0,6075.9,391405.1906,1
1784220300000,64.272,64.311,64.018,64.02,71543.0,7154.3,458720.2607,1
1784221200000,64.018,64.02,62.7,62.875,188940.0,18894.0,1193880.1368,1
1784222100000,62.889,62.923,61.855,62.104,240370.0,24037.0,1497624.2372,1
1784223000000,62.074,62.532,62.074,62.483,101750.0,10175.0,634654.6625,1
1784223900000,62.483,62.797,61.842,62.796,59640.0,5964.0,372044.504,1
1784224800000,62.794,62.797,62.148,62.411,63190.0,6319.0,395212.285,1
1784225700000,62.405,62.799,62.277,62.637,38136.0,3813.6,238924.189,1
1784226600000,62.637,62.8,62.378,62.379,28044.0,2804.4,175501.0314,1
1784227500000,62.378,62.95,62.32,62.809,21801.0,2180.1,136662.7329,1
1784228400000,62.792,62.896,62.371,62.485,8930.0,893.0,55901.0599,1
1784229300000,62.48,62.547,62.164,62.501,36221.0,3622.1,225656.518,1
1784230200000,62.477,62.6,62.213,62.213,21466.0,2146.6,134091.5155,1
1784231100000,62.214,62.5,62.161,62.295,3722.0,372.2,23199.7751,1
1784232000000,62.277,62.548,62.201,62.503,8657.0,865.7,54059.5484,1
1784232900000,62.497,62.582,62.341,62.354,31509.0,3150.9,196952.6197,1
1784233800000,62.354,62.646,62.238,62.646,9116.0,911.6,56896.2059,1
1784234700000,62.646,62.749,62.326,62.327,25811.0,2581.1,161799.5929,1
1784235600000,62.327,62.718,62.285,62.426,9152.0,915.2,57266.1989,1
1784236500000,62.456,62.52,62.368,62.423,8781.0,878.1,54868.3329,1
1784237400000,62.423,62.504,62.385,62.489,18159.0,1815.9,113345.2364,1
1784238300000,62.489,62.512,62.334,62.355,12192.0,1219.2,76064.9116,1
1784239200000,62.364,62.671,62.359,62.488,45832.0,4583.2,286454.2703,1
1784240100000,62.488,62.488,61.682,61.742,131396.0,13139.6,811542.2662,1
1784241000000,61.743,62.034,61.322,61.696,72204.0,7220.4,444803.7382,1
1784241900000,61.697,61.945,61.635,61.945,39226.0,3922.6,242214.8373,1
1784242800000,61.919,61.919,61.135,61.272,58826.0,5882.6,361631.4545,1
1784243700000,61.269,61.29,60.562,60.634,98059.0,9805.9,596740.957,1
1784244600000,60.622,60.922,60.572,60.602,29396.0,2939.6,178687.4151,1
1784245500000,60.602,60.8,60.549,60.717,23804.0,2380.4,144355.1324,1
1784246400000,60.712,61.475,60.671,61.402,23052.0,2305.2,140760.7651,1
1784247300000,61.4,61.536,61.138,61.215,28247.0,2824.7,173589.7634,1
1784248200000,61.224,61.361,61.051,61.232,10589.0,1058.9,64835.025,1
1784249100000,61.238,61.475,60.955,61.471,14381.0,1438.1,87945.8822,1
1784250000000,61.457,61.697,61.374,61.534,26765.0,2676.5,164947.4843,1
1784250900000,61.545,61.577,61.215,61.43,22497.0,2249.7,138071.06,1
1784251800000,61.446,61.45,60.247,60.38,66918.0,6691.8,405500.0823,1
1784252700000,60.397,60.493,59.7,60.039,104010.0,10401.0,623960.1842,1
1784253600000,60.034,60.4,60.005,60.327,21936.0,2193.6,132114.9498,1
1784254500000,60.327,60.53,60.251,60.421,11217.0,1121.7,67750.6616,1
1784255400000,60.404,60.536,60.33,60.536,8663.0,866.3,52340.2792,1
1784256300000,60.536,60.546,60.135,60.326,13483.0,1348.3,81328.8093,1
1784257200000,60.344,60.529,60.178,60.429,27890.0,2789.0,168528.3788,1
1784258100000,60.421,60.67,60.393,60.666,14405.0,1440.5,87248.9879,1
1784259000000,60.656,60.656,60.275,60.303,4860.0,486.0,29361.4673,1
1784259900000,60.296,60.316,60.0,60.011,8435.0,843.5,50735.2182,1
1784260800000,60.001,60.189,59.821,60.06,4228.0,422.8,25375.0904,1
1784261700000,60.06,60.085,59.822,59.873,11967.0,1196.7,71719.522,1
1784262600000,59.86,60.025,59.789,59.994,8011.0,801.1,48022.4107,1
1784263500000,59.994,60.143,59.994,60.025,6631.0,663.1,39810.9626,1
1784264400000,60.01,60.016,59.611,59.684,22761.0,2276.1,135923.4961,1
1784265300000,59.691,59.694,58.9,58.991,101432.0,10143.2,601493.1116,1
1784266200000,58.98,59.688,58.881,59.687,37268.0,3726.8,220549.7505,1
1784267100000,59.642,59.642,59.129,59.154,10521.0,1052.1,62431.8379,1
1784268000000,59.175,59.542,59.167,59.378,11048.0,1104.8,65649.6092,1
1784268900000,59.376,59.376,59.178,59.2,13940.0,1394.0,82588.1672,1
1784269800000,59.2,59.373,59.179,59.196,8859.0,885.9,52472.5896,1
1784270700000,59.183,59.209,58.739,59.178,45275.0,4527.5,266454.6145,1
1784271600000,59.178,59.323,59.068,59.152,75091.0,7509.1,444337.2013,1
1784272500000,59.153,59.161,58.776,58.861,17746.0,1774.6,104586.5319,1
1784273400000,58.875,58.929,58.469,58.768,65592.0,6559.2,384413.0247,1
1784274300000,58.766,58.896,58.55,58.618,58917.0,5891.7,345647.4513,1
1784275200000,58.647,59.391,58.551,59.324,20359.0,2035.9,120360.6146,1
1784276100000,59.323,59.546,59.175,59.436,11662.0,1166.2,69258.1583,1
1784277000000,59.436,59.463,59.246,59.41,15158.0,1515.8,89988.8916,1
1784277900000,59.41,59.768,59.41,59.542,12728.0,1272.8,75828.299,1
1784278800000,59.567,59.8,59.435,59.759,18727.0,1872.7,111662.7358,1
1784279700000,59.77,60.35,59.712,60.297,23740.0,2374.0,142817.9344,1
1784280600000,60.29,61.018,60.003,60.828,18023.0,1802.3,109002.2452,1
1784281500000,60.83,60.834,60.439,60.461,17388.0,1738.8,105487.6941,1
1784282400000,60.457,60.703,60.422,60.545,16865.0,1686.5,102141.82,1
1784283300000,60.536,60.799,60.169,60.217,24925.0,2492.5,150540.278,1
1784284200000,60.216,60.582,60.167,60.44,21489.0,2148.9,129855.2155,1
1784285100000,60.441,60.467,60.2,60.231,8110.0,811.0,48910.5397,1
1784286000000,60.222,60.447,60.217,60.372,3774.0,377.4,22780.534,1
1784286900000,60.384,60.389,60.147,60.361,45508.0,4550.8,274629.6785,1
1784287800000,60.363,60.409,60.205,60.304,7801.0,780.1,47062.1907,1
1784288700000,60.289,60.503,60.287,60.337,10858.0,1085.8,65605.1864,1
1784289600000,60.323,60.325,59.837,59.838,37947.0,3794.7,227912.8827,1
1784290500000,59.838,60.166,59.801,60.05,27129.0,2712.9,162910.9895,1
1784291400000,60.057,60.113,59.869,60.014,15984.0,1598.4,95930.8377,1
1784292300000,60.007,60.007,59.661,59.692,34338.0,3433.8,205245.3153,1
1784293200000,59.697,59.76,59.427,59.701,82430.0,8243.0,491480.8253,1
1784294100000,59.722,60.019,59.681,59.891,19620.0,1962.0,117544.6352,1
1784295000000,59.918,59.964,59.066,59.076,40758.0,4075.8,242236.8314,1
1784295900000,59.08,60.592,58.956,60.575,43026.0,4302.6,257609.6198,1
1784296800000,60.564,60.959,60.511,60.57,72286.0,7228.6,438991.1807,1
1784297700000,60.567,60.689,60.305,60.36,19666.0,1966.6,119016.021,1
1784298600000,60.372,60.636,60.125,60.125,27120.0,2712.0,163658.456,1
1784299500000,60.126,60.312,59.963,60.098,10204.0,1020.4,61323.6911,1
1784300400000,60.108,60.164,59.804,60.039,15553.0,1555.3,93331.6062,1
1784301300000,60.025,60.398,59.917,60.336,12441.0,1244.1,74968.2844,1
1784302200000,60.342,60.822,60.21,60.506,22279.0,2227.9,135000.5765,1
1784303100000,60.507,60.775,60.418,60.775,15674.0,1567.4,95073.72,1
1784304000000,60.775,60.798,60.46,60.601,23272.0,2327.2,141060.7107,1
1784304900000,60.6,60.6,60.294,60.391,21402.0,2140.2,129518.6604,1
1784305800000,60.387,60.449,60.231,60.371,27370.0,2737.0,165272.588,1
1784306700000,60.387,60.483,60.2,60.248,6290.0,629.0,37950.1341,1
1784307600000,60.264,60.712,60.22,60.427,27007.0,2700.7,163703.4032,1
1784308500000,60.424,60.692,60.355,60.557,33734.0,3373.4,204341.3905,1
1784309400000,60.56,60.602,60.253,60.392,15904.0,1590.4,95972.4237,1
1784310300000,60.383,60.505,60.235,60.405,10993.0,1099.3,66340.3892,1
1784311200000,60.401,60.432,60.043,60.104,10540.0,1054.0,63480.6393,1
1784312100000,60.096,60.2,59.846,60.187,9246.0,924.6,55408.993,1
1784313000000,60.17,60.286,60.05,60.107,7364.0,736.4,44351.4297,1
1784313900000,60.107,60.355,60.107,60.302,12796.0,1279.6,77125.2072,1
1784314800000,60.292,60.301,59.9,59.92,2785.0,278.5,16741.1595,1
1784315700000,59.921,59.983,59.768,59.812,15045.0,1504.5,90007.0025,1
1784316600000,59.823,60.2,59.727,60.194,6083.0,608.3,36517.8809,1
1784317500000,60.183,60.333,60.039,60.258,6674.0,667.4,40163.9505,1
1784318400000,60.223,60.223,60.0,60.164,2777.0,277.7,16685.812,1
1784319300000,60.157,60.29,60.126,60.136,1875.0,187.5,11285.1012,1
1784320200000,60.136,60.178,59.728,59.895,21455.0,2145.5,128590.0268,1
1784321100000,59.904,59.904,59.484,59.718,28840.0,2884.0,171949.1331,1
1784322000000,59.729,59.96,59.729,59.85,11266.0,1126.6,67409.4255,1
1784322900000,59.85,59.916,59.722,59.88,3927.0,392.7,23476.5246,1
1784323800000,59.888,59.934,59.762,59.798,660.0,66.0,3950.7925,1
1784324700000,59.805,59.98,59.74,59.94,5974.0,597.4,35756.7169,1
1784325600000,59.94,60.112,59.898,60.106,33249.0,3324.9,199532.0356,1
1784326500000,60.104,60.161,59.701,59.705,17056.0,1705.6,102330.0179,1
1784327400000,59.715,59.832,59.698,59.756,7093.0,709.3,42382.5835,1
1784328300000,59.78,59.896,59.741,59.768,4344.0,434.4,25983.181,1
1784329200000,59.768,59.801,59.532,59.591,25993.0,2599.3,154903.3934,1
1784330100000,59.585,59.853,59.585,59.811,16324.0,1632.4,97477.4735,1
1784331000000,59.811,59.97,59.695,59.763,3905.0,390.5,23377.0566,1
1784331900000,59.744,59.821,59.604,59.761,2771.0,277.1,16541.7365,1
1784332800000,59.779,60.089,59.717,60.016,3198.0,319.8,19142.1661,1
1784333700000,60.026,60.099,59.887,59.972,44086.0,4408.6,264348.0595,1
1784334600000,59.953,59.958,59.684,59.767,26142.0,2614.2,156231.4337,1
1784335500000,59.793,59.881,59.653,59.741,28991.0,2899.1,173200.122,1
1784336400000,59.742,59.894,59.665,59.806,2735.0,273.5,16362.9813,1
1784337300000,59.806,59.858,59.723,59.858,2855.0,285.5,17080.6117,1
1784338200000,59.838,59.838,59.618,59.681,11215.0,1121.5,66921.9123,1
1784339100000,59.681,59.825,59.681,59.712,3719.0,371.9,22216.4388,1
1784340000000,59.736,59.811,59.628,59.678,3688.0,368.8,22025.6317,1
1784340900000,59.67,59.913,59.668,59.832,2916.0,291.6,17446.665,1
1784341800000,59.832,59.99,59.657,59.664,4533.0,453.3,27104.5088,1
1784342700000,59.664,59.685,59.5,59.5,23548.0,2354.8,140380.5183,1
1784343600000,59.501,59.674,59.374,59.657,35416.0,3541.6,210973.1468,1
1784344500000,59.655,59.724,59.606,59.633,30402.0,3040.2,181366.6735,1
1784345400000,59.633,59.659,59.522,59.541,20235.0,2023.5,120554.1333,1
1784346300000,59.54,59.638,59.426,59.638,28247.0,2824.7,168249.6383,1
1784347200000,59.635,59.648,59.469,59.48,11442.0,1144.2,68132.8562,1
1784348100000,59.473,59.473,59.311,59.383,22224.0,2222.4,131921.8106,1
1784349000000,59.372,59.47,59.209,59.267,36644.0,3664.4,217517.3634,1
1784349900000,59.275,59.334,59.233,59.269,20726.0,2072.6,122882.485,1
1784350800000,59.283,59.299,59.147,59.176,23545.0,2354.5,139444.4761,1
1784351700000,59.179,59.459,59.161,59.327,43561.0,4356.1,258594.4049,1
1784352600000,59.316,59.411,59.176,59.176,27405.0,2740.5,162435.0408,1
1784353500000,59.161,59.196,58.767,58.901,28372.0,2837.2,167436.0494,1
1784354400000,58.857,58.863,58.655,58.655,20794.0,2079.4,122247.2279,1
1784355300000,58.659,58.951,58.659,58.95,46882.0,4688.2,275974.5713,1
1784356200000,58.953,59.149,58.752,59.09,49581.0,4958.1,292619.3955,1
1784357100000,59.104,59.257,58.914,58.918,55748.0,5574.8,329654.8481,1
1784358000000,58.921,59.031,58.779,58.868,41712.0,4171.2,245853.1486,1
1784358900000,58.866,59.217,58.855,59.217,46199.0,4619.9,273077.6878,1
1784359800000,59.206,59.281,59.138,59.278,43413.0,4341.3,257015.8911,1
1784360700000,59.273,59.382,59.199,59.372,8512.0,851.2,50474.8257,1
1784361600000,59.373,59.4,59.181,59.305,4775.0,477.5,28309.0699,1
1784362500000,59.305,59.52,59.305,59.328,20278.0,2027.8,120465.6076,1
1784363400000,59.333,59.472,58.939,59.016,5040.0,504.0,29783.5081,1
1784364300000,59.02,59.13,58.692,58.758,54404.0,5440.4,321126.1529,1
1784365200000,58.739,58.946,58.714,58.915,12545.0,1254.5,73820.2081,1
1784366100000,58.915,58.934,58.769,58.862,1806.0,180.6,10623.9928,1
1784367000000,58.862,58.924,58.831,58.861,4487.0,448.7,26420.3635,1
1784367900000,58.854,58.871,58.746,58.77,47245.0,4724.5,277712.895,1
1784368800000,58.764,58.957,58.756,58.957,3531.0,353.1,20788.953,1
1784369700000,58.957,59.081,58.847,59.071,6532.0,653.2,38500.4759,1
1784370600000,59.048,59.085,58.976,59.006,10515.0,1051.5,62059.4367,1
1784371500000,59.006,59.142,59.002,59.12,27450.0,2745.0,162042.0321,1
1784372400000,59.134,59.178,58.99,59.02,5011.0,501.1,29598.7069,1
1784373300000,58.991,59.113,58.912,58.912,2086.0,208.6,12312.8301,1
1784374200000,58.911,58.922,58.572,58.572,13210.0,1321.0,77588.6304,1
1784375100000,58.565,58.827,58.565,58.809,7694.0,769.4,45168.1225,1
1784376000000,58.809,59.164,58.809,59.02,15495.0,1549.5,91555.0513,1
1784376900000,59.026,59.04,58.555,58.581,9890.0,989.0,58211.1447,1
1784377800000,58.592,58.8,58.592,58.737,5582.0,558.2,32774.6779,1
1784378700000,58.737,59.0,58.72,58.848,7636.0,763.6,45019.1068,1
1784379600000,58.832,58.86,58.577,58.62,7988.0,798.8,46854.253,1
1784380500000,58.624,58.664,58.209,58.654,103837.0,10383.7,607006.6054,1
1784381400000,58.656,58.864,58.653,58.679,21755.0,2175.5,127898.8148,1
1784382300000,58.686,58.749,58.613,58.67,8141.0,814.1,47764.0309,1
1784383200000,58.677,58.865,58.629,58.833,6843.0,684.3,40203.7654,1
1784384100000,58.829,59.376,58.773,59.344,16802.0,1680.2,99480.3214,1
1784385000000,59.337,59.637,59.257,59.607,28326.0,2832.6,168314.4412,1
1784385900000,59.612,59.69,59.39,59.43,30052.0,3005.2,178951.142,1
1784386800000,59.43,59.453,59.222,59.25,31461.0,3146.1,186537.7379,1
1784387700000,59.255,59.258,59.077,59.125,8665.0,866.5,51277.6949,1
1784388600000,59.125,59.364,59.083,59.318,13031.0,1303.1,77121.5723,1
1784389500000,59.327,59.431,59.2,59.2,7345.0,734.5,43595.3584,1
1784390400000,59.2,59.4,59.127,59.399,5001.0,500.1,29641.4228,1
1784391300000,59.399,59.425,59.201,59.201,2941.0,294.1,17444.69,1
1784392200000,59.2,59.308,59.162,59.249,13052.0,1305.2,77289.1869,1
1784393100000,59.263,59.565,59.263,59.503,20418.0,2041.8,121410.2835,1
1784394000000,59.508,59.6,59.452,59.522,3977.0,397.7,23662.0229,1
1784394900000,59.522,59.835,59.365,59.422,35794.0,3579.4,213027.6089,1
1784395800000,59.423,59.819,59.423,59.753,11304.0,1130.4,67311.6216,1
1784396700000,59.753,59.85,59.705,59.849,26715.0,2671.5,159768.0461,1
1784397600000,59.83,59.948,59.782,59.93,22873.0,2287.3,136918.3775,1
1784398500000,59.911,60.167,59.833,59.936,18491.0,1849.1,111010.9915,1
1784399400000,59.941,59.941,59.532,59.619,21407.0,2140.7,127662.8363,1
1784400300000,59.636,59.962,59.63,59.9,21283.0,2128.3,127261.7884,1
1784401200000,59.924,59.995,59.843,59.843,20912.0,2091.2,125306.0039,1
1784402100000,59.847,59.987,59.771,59.818,6834.0,683.4,40946.9334,1
1784403000000,59.832,59.918,59.753,59.841,61406.0,6140.6,367081.7821,1
1784403900000,59.874,59.92,59.786,59.854,7422.0,742.2,44439.6115,1
1784404800000,59.872,60.088,59.76,60.061,6546.0,654.6,39245.7238,1
1784405700000,60.047,60.2,59.953,59.96,41966.0,4196.6,252285.8104,1
1784406600000,59.96,60.006,59.905,59.972,19961.0,1996.1,119700.8975,1
1784407500000,59.998,60.034,59.81,59.979,3407.0,340.7,20420.7694,1
1784408400000,59.995,60.124,59.938,60.109,6563.0,656.3,39375.4906,1
1784409300000,60.116,60.173,59.978,60.021,14316.0,1431.6,86022.9371,1
1784410200000,60.056,60.14,59.978,60.128,4689.0,468.9,28140.4607,1
1784411100000,60.121,60.121,59.977,60.039,8615.0,861.5,51724.2286,1
1784412000000,60.034,60.361,59.934,60.318,19888.0,1988.8,119888.0191,1
1784412900000,60.318,60.415,60.228,60.231,8094.0,809.4,48797.5398,1
1784413800000,60.215,60.349,60.169,60.333,3807.0,380.7,22933.1071,1
1784414700000,60.319,60.572,60.311,60.49,22556.0,2255.6,136438.9727,1
1784415600000,60.49,60.491,60.274,60.274,12076.0,1207.6,72905.1029,1
1784416500000,60.276,60.509,60.276,60.456,5773.0,577.3,34881.414,1
1784417400000,60.455,60.5,60.251,60.257,6515.0,651.5,39289.8785,1
1784418300000,60.254,60.34,60.162,60.213,7261.0,726.1,43776.569,1
1784419200000,60.229,60.377,60.214,60.358,3518.0,351.8,21209.3021,1
1784420100000,60.358,60.449,60.285,60.287,9787.0,978.7,59079.2952,1
1784421000000,60.31,60.425,60.289,60.364,3744.0,374.4,22596.4945,1
1784421900000,60.378,60.508,60.347,60.405,3419.0,341.9,20666.074,1
1784422800000,60.405,60.517,60.378,60.485,13834.0,1383.4,83614.9281,1
1784423700000,60.497,60.624,60.473,60.529,6212.0,621.2,37626.2196,1
1784424600000,60.529,60.544,60.419,60.54,4008.0,400.8,24251.1842,1
1784425500000,60.54,60.9,60.458,60.888,10462.0,1046.2,63594.9818,1
1784426400000,60.888,61.1,60.857,60.967,16358.0,1635.8,99772.5678,1
1784427300000,60.977,61.033,60.801,60.801,11021.0,1102.1,67097.8755,1
1784428200000,60.811,60.967,60.756,60.759,11620.0,1162.0,70682.397,1
1784429100000,60.758,60.814,60.667,60.814,10319.0,1031.9,62644.2769,1
1784430000000,60.848,60.849,60.608,60.692,3050.0,305.0,18504.0285,1
1784430900000,60.692,60.72,60.585,60.68,12326.0,1232.6,74768.7434,1
1784431800000,60.687,60.86,60.663,60.825,9194.0,919.4,55850.5569,1
1784432700000,60.825,60.825,60.648,60.669,2705.0,270.5,16422.3423,1
1784433600000,60.659,60.772,60.618,60.772,4551.0,455.1,27611.0936,1
1784434500000,60.772,60.867,60.664,60.767,1663.0,166.3,10104.577,1
1784435400000,60.762,60.94,60.757,60.817,5377.0,537.7,32710.0041,1
1784436300000,60.817,60.955,60.773,60.827,966.0,96.6,5877.4896,1
1784437200000,60.854,60.975,60.824,60.926,1163.0,116.3,7084.6079,1
1784438100000,60.926,60.999,60.802,60.802,3608.0,360.8,21981.9481,1
1784439000000,60.802,60.83,60.664,60.736,1092.0,109.2,6632.7274,1
1784439900000,60.743,60.855,60.721,60.769,27029.0,2702.9,164235.661,1
1784440800000,60.732,60.81,60.608,60.638,9148.0,914.8,55496.8322,1
1784441700000,60.624,60.824,60.616,60.798,1444.0,144.4,8775.2941,1
1784442600000,60.784,60.89,60.784,60.829,3851.0,385.1,23433.3766,1
1784443500000,60.829,60.872,60.768,60.83,6034.0,603.4,36701.3712,1
1784444400000,60.826,60.859,60.766,60.853,15912.0,1591.2,96775.9573,1
1784445300000,60.857,60.933,60.76,60.898,882.0,88.2,5368.0709,1
1784446200000,60.903,60.909,60.804,60.845,4436.0,443.6,26997.5471,1
1784447100000,60.828,60.831,60.696,60.749,719.0,71.9,4367.9638,1
1784448000000,60.749,61.208,60.694,61.027,20455.0,2045.5,125031.154,1
1784448900000,61.027,61.049,60.901,60.965,7217.0,721.7,43984.68,1
1784449800000,60.965,61.262,60.893,61.241,19348.0,1934.8,118273.5933,1
1784450700000,61.242,61.369,61.21,61.254,7819.0,781.9,47934.2396,1
1784451600000,61.276,61.351,61.253,61.301,6897.0,689.7,42278.3286,1
1784452500000,61.313,61.313,61.022,61.298,3845.0,384.5,23505.2764,1
1784453400000,61.295,61.297,61.144,61.219,7934.0,793.4,48591.8428,1
1784454300000,61.213,61.318,61.15,61.295,6956.0,695.6,42583.0787,1
1784455200000,61.301,61.307,61.044,61.057,5986.0,598.6,36558.2563,1
1784456100000,61.057,61.058,60.958,61.033,8825.0,882.5,53849.4123,1
1784457000000,61.033,61.055,60.877,61.047,2902.0,290.2,17704.9851,1
1784457900000,61.043,61.087,60.911,60.977,4434.0,443.4,27034.7568,1
1784458800000,60.977,61.179,60.912,61.16,2671.0,267.1,16302.3657,1
1784459700000,61.16,61.333,61.13,61.22,2493.0,249.3,15275.2079,1
1784460600000,61.22,61.304,61.052,61.119,2822.0,282.2,17263.7843,1
1784461500000,61.115,61.117,61.001,61.055,9541.0,954.1,58258.9883,1
1784462400000,61.049,61.096,60.617,60.708,14093.0,1409.3,85633.1507,1
1784463300000,60.697,60.912,60.639,60.798,16817.0,1681.7,102109.3857,1
1784464200000,60.794,61.043,60.794,60.925,6615.0,661.5,40328.2666,1
1784465100000,60.913,61.006,60.857,60.982,2422.0,242.2,14761.5363,1
1784466000000,60.982,60.982,60.719,60.768,5456.0,545.6,33182.3002,1
1784466900000,60.775,60.927,60.635,60.918,2518.0,251.8,15302.9149,1
1784467800000,60.918,61.1,60.91,61.032,9091.0,909.1,55446.4905,1
1784468700000,61.032,61.219,61.03,61.128,8423.0,842.3,51518.6923,1
1784469600000,61.127,61.296,61.0,61.015,7607.0,760.7,46557.9446,1
1784470500000,61.001,61.017,60.839,60.879,5705.0,570.5,34752.3503,1
1784471400000,60.879,61.021,60.876,60.948,1739.0,173.9,10600.3586,1
1784472300000,60.962,61.1,60.962,60.996,8002.0,800.2,48834.1699,1
1784473200000,60.996,61.038,60.876,60.978,2272.0,227.2,13850.0554,1
1784474100000,60.999,61.054,60.88,60.884,994.0,99.4,6061.7745,1
1784475000000,60.884,60.973,60.812,60.907,3143.0,314.3,19138.0611,1
1784475900000,60.9,60.993,60.847,60.904,621.0,62.1,3782.6968,1
1784476800000,60.893,60.933,60.678,60.746,8434.0,843.4,51226.4046,1
1784477700000,60.733,60.902,60.706,60.8,13413.0,1341.3,81582.5706,1
1784478600000,60.782,60.782,60.687,60.707,8747.0,874.7,53136.7186,1
1784479500000,60.707,60.767,60.646,60.71,23732.0,2373.2,144046.9115,1
1784480400000,60.704,60.834,60.328,60.834,21537.0,2153.7,130301.7295,1
1784481300000,60.833,60.999,60.833,60.999,7700.0,770.0,46885.59,1
1784482200000,61.0,61.197,60.976,61.023,19573.0,1957.3,119429.6249,1
1784483100000,60.923,60.983,60.755,60.792,9807.0,980.7,59704.5355,1
1784484000000,60.792,60.832,60.46,60.577,28645.0,2864.5,173657.1859,1
1784484900000,60.572,60.627,60.482,60.482,45253.0,4525.3,273935.7825,1
1784485800000,60.476,60.633,60.46,60.541,4482.0,448.2,27148.4219,1
1784486700000,60.538,60.646,60.529,60.628,2629.0,262.9,15928.9991,1
1784487600000,60.637,60.789,60.568,60.775,4349.0,434.9,26393.5978,1
1784488500000,60.777,60.878,60.742,60.822,2762.0,276.2,16793.6156,1
1784489400000,60.834,61.013,60.812,60.897,22804.0,2280.4,139040.2186,1
1784490300000,60.897,61.077,60.897,61.077,8943.0,894.3,54519.3045,1
1784491200000,61.076,61.181,60.983,61.018,4678.0,467.8,28573.6907,1
1784492100000,61.018,61.082,60.922,61.043,40556.0,4055.6,247165.5507,1
1784493000000,61.044,61.333,61.044,61.326,52458.0,5245.8,321237.7237,1
1784493900000,61.323,61.475,61.275,61.32,28864.0,2886.4,177331.5391,1
1784494800000,61.335,61.349,61.062,61.111,26065.0,2606.5,159726.7341,1
1784495700000,61.132,61.189,61.022,61.157,2479.0,247.9,15138.8662,1
1784496600000,61.162,61.181,60.959,60.995,31440.0,3144.0,191692.7233,1
1784497500000,60.991,61.05,60.9,60.945,1702.0,170.2,10378.9224,1
1784498400000,60.923,61.157,60.869,61.024,68434.0,6843.4,418115.8593,1
1784499300000,61.031,61.313,60.99,60.993,10116.0,1011.6,61932.703,1
1784500200000,60.993,61.088,60.94,61.026,11414.0,1141.4,69647.2866,1
1784501100000,61.02,61.062,60.955,60.994,2322.0,232.2,14161.8393,1
1784502000000,61.0,61.019,60.819,61.012,19464.0,1946.4,118509.5859,1
1784502900000,61.019,61.168,60.952,61.119,6329.0,632.9,38638.5443,1
1784503800000,61.119,61.2,61.0,61.177,3987.0,398.7,24358.0481,1
1784504700000,61.182,61.191,61.042,61.121,2457.0,245.7,15012.1164,1
1784505600000,61.113,61.599,60.91,61.558,28893.0,2889.3,177461.6816,1
1784506500000,61.544,61.599,61.255,61.321,41923.0,4192.3,257840.9227,1
1784507400000,61.323,61.372,61.1,61.27,6557.0,655.7,40140.3431,1
1784508300000,61.248,61.248,60.479,60.682,18773.0,1877.3,113942.1934,1
1784509200000,60.689,60.991,60.55,60.749,11527.0,1152.7,70043.2342,1
1784510100000,60.757,60.867,60.582,60.749,6954.0,695.4,42257.6254,1
1784511000000,60.735,60.774,60.371,60.439,11723.0,1172.3,70915.798,1
1784511900000,60.45,60.496,60.097,60.219,25086.0,2508.6,151060.5884,1
1784512800000,60.215,60.568,60.192,60.41,11955.0,1195.5,72180.6607,1
1784513700000,60.427,60.451,60.172,60.193,4455.0,445.5,26847.5041,1
1784514600000,60.234,60.577,60.219,60.357,4282.0,428.2,25881.0034,1
1784515500000,60.366,60.589,60.365,60.516,11850.0,1185.0,71635.0465,1
1784516400000,60.516,60.596,60.423,60.532,11296.0,1129.6,68311.3797,1
1784517300000,60.507,60.618,60.151,60.172,19256.0,1925.6,116196.8566,1
1784518200000,60.161,60.325,60.088,60.32,5918.0,591.8,35642.4045,1
1784519100000,60.316,60.417,60.235,60.285,2980.0,298.0,17976.0848,1
1784520000000,60.321,60.489,60.1,60.1,3915.0,391.5,23631.6979,1
1784520900000,60.1,60.199,59.829,60.14,52304.0,5230.4,313510.128,1
1784521800000,60.14,60.356,60.069,60.307,5929.0,592.9,35715.058,1
1784522700000,60.307,60.324,60.076,60.087,4445.0,444.5,26753.9313,1
1784523600000,60.108,60.156,59.829,60.156,16282.0,1628.2,97699.0176,1
1784524500000,60.143,60.27,60.053,60.221,9097.0,909.7,54715.1812,1
1784525400000,60.21,60.306,60.126,60.236,2168.0,216.8,13048.2335,1
1784526300000,60.236,60.353,60.076,60.325,9222.0,922.2,55517.9593,1
1784527200000,60.347,60.4,60.282,60.367,11347.0,1134.7,68497.0745,1
1784528100000,60.338,60.4,60.188,60.248,5530.0,553.0,33332.0425,1
1784529000000,60.226,60.274,60.027,60.186,51026.0,5102.6,306998.928,1
1784529900000,60.179,60.287,60.064,60.197,13209.0,1320.9,79475.9102,1
1784530800000,60.217,60.409,60.203,60.31,2175.0,217.5,13122.6779,1
1784531700000,60.304,60.778,60.252,60.767,4689.0,468.9,28407.2408,1
1784532600000,60.758,60.84,60.675,60.839,6169.0,616.9,37506.9883,1
1784533500000,60.827,60.866,60.662,60.707,9667.0,966.7,58768.3193,1
1784534400000,60.703,60.945,60.688,60.763,3195.0,319.5,19426.2765,1
1784535300000,60.748,60.78,60.607,60.619,2290.0,229.0,13892.5521,1
1784536200000,60.612,60.632,60.432,60.447,4472.0,447.2,27072.1202,1
1784537100000,60.461,60.799,60.452,60.628,992.0,99.2,6016.8881,1
1784538000000,60.608,60.618,60.423,60.482,4170.0,417.0,25222.281,1
1784538900000,60.483,60.804,60.481,60.764,1390.0,139.0,8438.4795,1
1784539800000,60.764,60.816,60.666,60.769,1970.0,197.0,11970.4699,1
1784540700000,60.769,60.844,60.719,60.721,1348.0,134.8,8192.4824,1
1784541600000,60.732,60.836,60.664,60.752,4324.0,432.4,26278.3497,1
1784542500000,60.744,60.927,60.691,60.849,2586.0,258.6,15732.372,1
1784543400000,60.849,60.85,60.723,60.76,9348.0,934.8,56796.1013,1
1784544300000,60.75,60.812,60.711,60.722,615.0,61.5,3736.0325,1
1784545200000,60.728,60.901,60.728,60.766,6223.0,622.3,37865.5691,1
1784546100000,60.766,60.784,60.602,60.615,3329.0,332.9,20198.3206,1
1784547000000,60.624,61.294,60.624,61.155,20958.0,2095.8,127987.3753,1
1784547900000,61.195,61.367,61.091,61.366,7142.0,714.2,43765.6589,1
1784548800000,61.356,61.367,60.943,60.98,16364.0,1636.4,99857.1241,1
1784549700000,60.979,61.109,60.947,61.047,6039.0,603.9,36852.0664,1
1784550600000,61.054,61.2,60.963,61.106,1935.0,193.5,11822.3371,1
1784551500000,61.12,61.313,61.109,61.302,3849.0,384.9,23570.1813,1
1784552400000,61.299,61.566,61.173,61.339,38065.0,3806.5,233834.2751,1
1784553300000,61.337,61.481,60.937,61.015,5480.0,548.0,33541.1227,1
1784554200000,61.013,61.226,60.928,61.066,7679.0,767.9,46898.4414,1
1784555100000,61.062,61.185,60.701,60.833,15822.0,1582.2,96449.2124,1
1784556000000,60.834,60.856,60.436,60.555,17243.0,1724.3,104543.1155,1
1784556900000,60.54,60.867,60.463,60.867,15059.0,1505.9,91312.1268,1
1784557800000,60.866,61.016,60.824,60.94,5112.0,511.2,31140.1574,1
1784558700000,60.904,61.162,60.82,60.891,6088.0,608.8,37108.6599,1
1784559600000,60.908,61.305,60.88,61.233,9550.0,955.0,58458.2493,1
1784560500000,61.258,61.312,61.121,61.231,9232.0,923.2,56530.8407,1
1784561400000,61.225,61.621,61.118,61.593,18151.0,1815.1,111486.5167,1
1784562300000,61.591,62.22,61.53,62.175,50757.0,5075.7,314350.3383,1
1784563200000,62.187,62.366,62.1,62.366,38903.0,3890.3,242160.0036,1
1784564100000,62.367,62.459,62.13,62.204,28378.0,2837.8,176876.6167,1
1784565000000,62.202,62.309,62.036,62.15,5217.0,521.7,32417.7225,1
1784565900000,62.149,62.321,62.13,62.295,9875.0,987.5,61412.7372,1
1784566800000,62.316,62.326,62.051,62.068,8344.0,834.4,51884.3683,1
1784567700000,62.061,62.116,61.857,61.888,20264.0,2026.4,125585.925,1
1784568600000,61.888,61.993,61.801,61.813,7659.0,765.9,47362.8409,1
1784569500000,61.821,62.139,61.817,61.951,9678.0,967.8,59958.594,1
1784570400000,61.942,62.28,61.942,62.256,6493.0,649.3,40306.4517,1
1784571300000,62.254,62.4,62.16,62.166,12315.0,1231.5,76660.7319,1
1784572200000,62.142,62.443,62.122,62.193,10265.0,1026.5,64034.3106,1
1784573100000,62.182,62.263,62.025,62.225,8824.0,882.4,54831.4589,1
1784574000000,62.233,62.281,62.025,62.042,22955.0,2295.5,142558.3362,1
1784574900000,62.016,62.171,61.983,62.081,5262.0,526.2,32665.5353,1
1784575800000,62.096,62.159,61.937,62.108,1765.0,176.5,10948.4957,1
1784576700000,62.12,62.168,61.992,61.992,1603.0,160.3,9957.2017,1
1784577600000,62.001,62.141,61.938,62.115,4215.0,421.5,26122.4323,1
1784578500000,62.115,62.127,61.998,62.127,1986.0,198.6,12328.4973,1
1784579400000,62.127,62.325,62.105,62.235,5562.0,556.2,34621.0328,1
1784580300000,62.233,62.737,62.233,62.701,17131.0,1713.1,107247.6761,1
1784581200000,62.678,62.797,62.602,62.755,13863.0,1386.3,86997.1167,1
1784582100000,62.756,62.898,62.615,62.684,22460.0,2246.0,141076.6343,1
1784583000000,62.684,62.729,62.531,62.532,4642.0,464.2,29071.5617,1
1784583900000,62.532,62.608,62.456,62.465,9417.0,941.7,58876.3028,1
1784584800000,62.478,62.729,62.402,62.484,15351.0,1535.1,95944.1372,1
1784585700000,62.471,62.485,62.364,62.399,20294.0,2029.4,126710.2034,1
1784586600000,62.406,62.427,62.273,62.283,6900.0,690.0,42998.205,1
1784587500000,62.29,62.319,62.223,62.25,11161.0,1116.1,69493.0468,1
1784588400000,62.224,62.643,62.217,62.605,8600.0,860.0,53778.3187,1
1784589300000,62.587,62.676,62.549,62.555,3703.0,370.3,23186.84,1
1784590200000,62.59,62.704,62.569,62.687,13290.0,1329.0,83259.0635,1
1784591100000,62.682,62.697,62.438,62.446,10125.0,1012.5,63262.2509,1
1784592000000,62.433,62.475,62.293,62.307,5730.0,573.0,35715.4716,1
1784592900000,62.307,62.571,62.267,62.427,2480.0,248.0,15486.3169,1
1784593800000,62.451,62.803,62.443,62.667,6811.0,681.1,42649.1892,1
1784594700000,62.676,62.699,62.444,62.461,6545.0,654.5,40943.9175,1
1784595600000,62.469,62.6,62.376,62.577,4317.0,431.7,26979.257,1
1784596500000,62.57,62.578,62.421,62.493,4356.0,435.6,27203.0319,1
1784597400000,62.486,62.565,62.363,62.371,6624.0,662.4,41366.9941,1
1784598300000,62.371,62.383,62.277,62.321,2043.0,204.3,12729.7432,1
1784599200000,62.325,62.525,62.267,62.315,2686.0,268.6,16756.7009,1
1784600100000,62.319,62.494,62.255,62.408,2984.0,298.4,18603.5163,1
1784601000000,62.397,62.493,62.385,62.443,704.0,70.4,4395.2016,1
1784601900000,62.417,62.541,62.367,62.493,2749.0,274.9,17179.8294,1
1784602800000,62.493,62.797,62.486,62.634,2364.0,236.4,14808.3518,1
1784603700000,62.633,62.718,62.596,62.718,5806.0,580.6,36383.047,1
1784604600000,62.718,62.783,62.574,62.603,8122.0,812.2,50901.1542,1
1784605500000,62.599,62.655,62.513,62.632,5807.0,580.7,36352.6421,1
1784606400000,62.638,62.797,62.638,62.768,6585.0,658.5,41317.2926,1
1784607300000,62.768,62.792,62.642,62.642,2222.0,222.2,13931.7477,1
1784608200000,62.647,62.678,62.56,62.675,7156.0,715.6,44821.1406,1
1784609100000,62.675,62.9,62.647,62.856,4693.0,469.3,29486.2498,1
1784610000000,62.848,62.943,62.818,62.862,4662.0,466.2,29307.5147,1
1784610900000,62.852,63.11,62.828,63.057,9322.0,932.2,58746.8265,1
1784611800000,63.052,63.175,62.959,62.996,5271.0,527.1,33248.1667,1
1784612700000,62.997,63.147,62.98,63.03,3021.0,302.1,19060.3068,1
1784613600000,63.023,63.098,62.901,62.93,5546.0,554.6,34934.7434,1
1784614500000,62.933,63.143,62.888,63.105,3423.0,342.3,21577.5042,1
1784615400000,63.107,63.261,63.105,63.261,8568.0,856.8,54165.0417,1
1784616300000,63.212,63.225,63.105,63.134,1388.0,138.8,8767.8002,1
1784617200000,63.12,63.31,63.098,63.215,2330.0,233.0,14733.9022,1
1784618100000,63.215,63.384,63.041,63.082,4837.0,483.7,30555.6661,1
1784619000000,63.07,63.114,62.988,63.008,8452.0,845.2,53281.4369,1
1784619900000,63.009,63.102,62.926,62.949,4405.0,440.5,27733.4061,1
1784620800000,62.949,62.973,62.778,62.852,10638.0,1063.8,66893.3627,1
1784621700000,62.839,62.996,62.779,62.934,5099.0,509.9,32071.0567,1
1784622600000,62.915,63.041,62.908,63.028,7924.0,792.4,49906.5649,1
1784623500000,63.028,63.04,62.98,63.001,4958.0,495.8,31240.1862,1
1784624400000,63.0,63.008,62.831,62.898,5037.0,503.7,31697.3454,1
1784625300000,62.882,63.175,62.879,63.146,19945.0,1994.5,125549.9151,1
1784626200000,63.146,63.256,63.115,63.204,10442.0,1044.2,65958.4524,1
1784627100000,63.202,63.267,63.032,63.101,6306.0,630.6,39795.9268,1
1784628000000,63.089,63.178,63.055,63.12,11804.0,1180.4,74526.6315,1
1784628900000,63.108,63.189,63.1,63.153,8356.0,835.6,52760.5533,1
1784629800000,63.153,63.194,62.888,62.899,4031.0,403.1,25418.7104,1
1784630700000,62.899,62.899,62.565,62.712,10717.0,1071.7,67177.8089,1
1784631600000,62.727,62.733,62.525,62.706,6307.0,630.7,39537.2961,1
1784632500000,62.715,62.771,62.661,62.768,5951.0,595.1,37336.6388,1
1784633400000,62.768,62.865,62.758,62.813,8164.0,816.4,51274.8053,1
1784634300000,62.813,62.929,62.779,62.848,6610.0,661.0,41529.1117,1
1784635200000,62.847,62.875,62.6,62.724,16882.0,1688.2,105856.7406,1
1784636100000,62.719,62.841,62.604,62.662,6674.0,667.4,41832.9039,1
1784637000000,62.673,62.686,62.5,62.564,26950.0,2695.0,168689.1869,1
1784637900000,62.571,62.753,62.564,62.753,7285.0,728.5,45627.0395,1
1784638800000,62.75,62.79,62.586,62.781,17600.0,1760.0,110243.5097,1
1784639700000,62.79,62.856,62.597,62.623,14228.0,1422.8,89298.0993,1
1784640600000,62.636,62.668,62.207,62.245,50822.0,5082.2,317380.9276,1
1784641500000,62.227,62.665,62.127,62.567,21257.0,2125.7,132636.0782,1
1784642400000,62.574,62.648,62.421,62.59,19337.0,1933.7,120907.2874,1
1784643300000,62.595,62.595,62.04,62.1,16457.0,1645.7,102298.949,1
1784644200000,62.104,62.2,61.958,62.17,12932.0,1293.2,80240.614,1
1784645100000,62.178,62.191,61.867,61.911,24519.0,2451.9,151890.3819,1
1784646000000,61.921,62.078,61.773,61.958,40904.0,4090.4,253294.497,1
1784646900000,61.952,62.098,61.705,61.714,35000.0,3500.0,216334.711,1
1784647800000,61.718,61.822,61.567,61.588,18225.0,1822.5,112368.9075,1
1784648700000,61.605,61.881,61.567,61.798,24837.0,2483.7,153235.5672,1
1784649600000,61.791,61.97,61.75,61.798,26016.0,2601.6,160783.1834,1
1784650500000,61.802,61.846,61.427,61.488,73862.0,7386.2,455548.6401,1
1784651400000,61.482,61.821,61.466,61.76,18414.0,1841.4,113717.7513,1
1784652300000,61.812,61.899,61.716,61.889,9334.0,933.4,57704.4111,1
1784653200000,61.883,61.938,61.574,61.681,20370.0,2037.0,125708.5628,1
1784654100000,61.681,61.681,60.72,60.828,87392.0,8739.2,534188.2354,1
1784655000000,60.795,60.795,60.367,60.38,54237.0,5423.7,328522.2483,1
1784655900000,60.372,60.565,60.186,60.48,55162.0,5516.2,333104.3807,1
1784656800000,60.49,60.666,60.332,60.614,28580.0,2858.0,172867.3332,1
1784657700000,60.614,60.653,60.394,60.49,7102.0,710.2,42999.4347,1
1784658600000,60.49,60.546,60.37,60.506,12198.0,1219.8,73763.7157,1
1784659500000,60.492,60.492,60.301,60.487,10060.0,1006.0,60739.9035,1
1784660400000,60.505,60.531,60.097,60.097,20132.0,2013.2,121342.1206,1
1784661300000,60.097,60.284,59.889,59.938,43530.0,4353.0,261358.2073,1
1784662200000,59.938,60.726,59.937,60.622,28177.0,2817.7,169908.9726,1
1784663100000,60.616,60.616,60.249,60.281,7316.0,731.6,44151.2958,1
1784664000000,60.296,60.358,59.82,60.026,50543.0,5054.3,303635.1525,1
1784664900000,60.027,60.354,59.979,60.327,13643.0,1364.3,82016.1491,1
1784665800000,60.329,60.474,60.316,60.375,26367.0,2636.7,159210.4645,1
1784666700000,60.39,60.429,60.342,60.419,5450.0,545.0,32916.7424,1
1784667600000,60.414,60.822,60.315,60.78,14168.0,1416.8,85795.4357,1
1784668500000,60.781,60.846,60.527,60.795,6288.0,628.8,38158.1541,1
1784669400000,60.789,60.94,60.713,60.719,3819.0,381.9,23226.1694,1
1784670300000,60.719,60.867,60.628,60.725,4902.0,490.2,29776.2821,1
1784671200000,60.724,60.849,60.658,60.842,2715.0,271.5,16502.1285,1
1784672100000,60.833,60.884,60.755,60.776,3209.0,320.9,19528.643,1
1784673000000,60.786,60.888,60.782,60.845,1411.0,141.1,8584.6996,1
1784673900000,60.85,60.85,60.642,60.764,2484.0,248.4,15082.7906,1
1784674800000,60.773,60.773,60.62,60.637,4377.0,437.7,26543.8353,1
1784675700000,60.636,60.69,60.546,60.69,4244.0,424.4,25718.5624,1
1784676600000,60.679,60.774,60.598,60.737,3933.0,393.3,23848.9613,1
1784677500000,60.75,60.86,60.668,60.85,4220.0,422.0,25653.6218,1
1784678400000,60.859,60.968,60.755,60.922,10524.0,1052.4,64087.8134,1
1784679300000,60.927,61.068,60.835,61.068,12042.0,1204.2,73458.9981,1
1784680200000,61.049,61.185,60.918,61.127,10655.0,1065.5,65080.4753,1
1784681100000,61.127,61.187,61.008,61.143,6509.0,650.9,39746.9445,1
1784682000000,61.152,61.179,60.881,60.884,3238.0,323.8,19780.1921,1
1784682900000,60.884,60.986,60.801,60.848,3627.0,362.7,22092.7568,1
1784683800000,60.836,60.993,60.762,60.871,4524.0,452.4,27525.234,1
1784684700000,60.856,60.994,60.789,60.798,1089.0,108.9,6633.4622,1
1784685600000,60.8,60.852,60.686,60.851,8457.0,845.7,51374.1952,1
1784686500000,60.863,60.915,60.804,60.906,3959.0,395.9,24101.6293,1
1784687400000,60.885,60.896,60.704,60.792,7111.0,711.1,43215.465,1
1784688300000,60.804,60.852,60.685,60.712,1122.0,112.2,6814.4609,1
1784689200000,60.722,60.827,60.356,60.4,6784.0,678.4,41087.192,1
1784690100000,60.407,60.427,60.286,60.287,16553.0,1655.3,99949.7028,1
1784691000000,60.287,60.313,60.133,60.29,9200.0,920.0,55395.3769,1
1784691900000,60.294,60.401,60.103,60.13,12056.0,1205.6,72646.616,1
1784692800000,60.108,60.584,60.088,60.497,6893.0,689.3,41655.7725,1
1784693700000,60.502,60.573,60.461,60.573,702.0,70.2,4247.5888,1
1784694600000,60.555,60.573,60.343,60.507,8521.0,852.1,51525.0086,1
1784695500000,60.507,60.518,60.2,60.286,4951.0,495.1,29855.3189,1
1784696400000,60.291,60.292,59.5,59.761,29176.0,2917.6,174385.5391,1
1784697300000,59.764,59.789,59.2,59.219,36951.0,3695.1,219669.4101,1
1784698200000,59.201,59.367,59.1,59.367,12865.0,1286.5,76166.1277,1
1784699100000,59.352,59.365,58.616,59.049,31105.0,3110.5,183289.3992,1
1784700000000,59.044,59.072,58.593,58.775,13288.0,1328.8,78125.1105,1
1784700900000,58.782,58.87,57.965,58.31,83410.0,8341.0,485178.8798,1
1784701800000,58.26,58.48,58.246,58.267,11807.0,1180.7,68928.1088,1
1784702700000,58.286,58.799,58.072,58.714,15738.0,1573.8,91972.6077,1
1784703600000,58.702,58.702,58.392,58.549,15465.0,1546.5,90515.6416,1
1784704500000,58.544,58.681,58.5,58.506,7299.0,729.9,42764.4635,1
1784705400000,58.501,58.501,58.218,58.364,8024.0,802.4,46852.3865,1
1784706300000,58.364,58.557,58.321,58.537,18151.0,1815.1,106006.3358,1
1784707200000,58.536,58.68,58.527,58.573,18624.0,1862.4,109160.2806,1
1784708100000,58.578,58.921,58.527,58.921,35996.0,3599.6,211744.1817,1
1784709000000,58.914,58.925,58.7,58.7,4794.0,479.4,28196.2125,1
1784709900000,58.697,58.856,58.685,58.83,7447.0,744.7,43745.9684,1
1784710800000,58.83,58.948,58.812,58.841,6403.0,640.3,37702.5504,1
1784711700000,58.841,58.899,58.81,58.81,7623.0,762.3,44856.6898,1
1784712600000,58.801,58.837,58.585,58.83,9639.0,963.9,56601.3533,1
1784713500000,58.816,58.952,58.702,58.952,6520.0,652.0,38366.0785,1
1784714400000,58.946,59.049,58.937,58.959,14576.0,1457.6,85982.0672,1
1784715300000,58.959,59.18,58.886,59.124,9753.0,975.3,57582.4915,1
1784716200000,59.124,59.138,59.0,59.095,2686.0,268.6,15870.3604,1
1784717100000,59.099,59.176,59.076,59.08,4733.0,473.3,27979.3403,1
1784718000000,59.081,59.216,58.911,58.952,8651.0,865.1,51078.6537,1
1784718900000,58.952,58.963,58.749,58.763,15036.0,1503.6,88458.8302,1
1784719800000,58.751,58.877,58.49,58.538,14648.0,1464.8,85946.7624,1
1784720700000,58.55,58.756,58.526,58.655,28866.0,2886.6,169322.7395,1
1784721600000,58.649,58.656,58.315,58.439,61531.0,6153.1,359479.0288,1
1784722500000,58.429,58.452,58.226,58.273,9601.0,960.1,55963.4132,1
1784723400000,58.278,58.627,58.247,58.611,15637.0,1563.7,91485.7818,1
1784724300000,58.61,58.671,58.3,58.442,8902.0,890.2,52068.2733,1
1784725200000,58.446,58.695,58.373,58.557,19285.0,1928.5,112939.0935,1
1784726100000,58.547,58.612,58.241,58.25,12111.0,1211.1,70775.7458,1
1784727000000,58.288,58.695,58.249,58.695,122537.0,12253.7,715300.5508,1
1784727900000,58.702,58.933,58.566,58.664,143071.0,14307.1,839887.7484,1
1784728800000,58.653,59.1,58.623,59.046,82439.0,8243.9,485563.559,1
1784729700000,59.032,59.032,58.3,58.301,73236.0,7323.6,429298.422,1
1784730600000,58.301,58.672,58.257,58.441,44764.0,4476.4,261644.2359,1
1784731500000,58.44,58.51,58.33,58.484,35070.0,3507.0,204811.5034,1
1784732400000,58.487,58.652,58.445,58.652,10201.0,1020.1,59705.3138,1
1784733300000,58.643,58.757,58.526,58.727,11313.0,1131.3,66337.1804,1
1784734200000,58.747,58.8,58.35,58.608,28779.0,2877.9,168576.4212,1
1784735100000,58.619,58.711,58.009,58.064,107141.0,10714.1,623972.2472,1
1784736000000,58.071,58.071,57.419,57.895,170236.0,17023.6,983244.3166,1
1784736900000,57.914,57.936,57.482,57.558,59401.0,5940.1,342665.3781,1
1784737800000,57.56,58.27,57.531,58.019,31152.0,3115.2,180511.9984,1
1784738700000,58.023,58.217,57.75,58.216,23775.0,2377.5,137810.8092,1
1784739600000,58.212,58.4,58.067,58.068,19071.0,1907.1,111108.7242,1
1784740500000,58.085,58.153,57.8,57.8,34372.0,3437.2,199222.7659,1
1784741400000,57.807,59.547,57.776,59.302,66877.0,6687.7,394198.248,1
1784742300000,59.315,59.529,58.833,58.999,52678.0,5267.8,311236.1051,1
1784743200000,59.003,59.103,58.774,58.986,41733.0,4173.3,245885.3006,1
1784744100000,58.986,59.318,58.808,59.13,49227.0,4922.7,290798.214,1
1784745000000,59.123,59.151,58.665,59.048,22578.0,2257.8,132835.5863,1
1784745900000,59.037,59.708,58.993,59.53,26011.0,2601.1,154686.5939,1
1784746800000,59.543,59.777,59.448,59.568,35360.0,3536.0,210731.7282,1
1784747700000,59.538,59.924,59.498,59.652,16144.0,1614.4,96501.3082,1
1784748600000,59.636,59.701,59.32,59.377,12585.0,1258.5,74901.3802,1
1784749500000,59.377,59.423,59.128,59.172,22152.0,2215.2,131176.9032,1
1784750400000,59.148,59.837,59.109,59.836,27938.0,2793.8,166122.0447,1
1784751300000,59.837,60.065,59.614,59.623,65601.0,6560.1,392371.5384,1
1784752200000,59.616,59.645,59.334,59.362,7309.0,730.9,43460.9617,1
1784753100000,59.349,59.497,59.301,59.302,3354.0,335.4,19927.0607,1
1784754000000,59.302,59.489,59.3,59.341,10309.0,1030.9,61196.7091,1
1784754900000,59.346,59.363,59.15,59.158,5881.0,588.1,34835.7971,1
1784755800000,59.157,59.295,59.01,59.189,31910.0,3191.0,188734.408,1
1784756700000,59.189,59.232,59.019,59.176,6669.0,666.9,39407.85,1
1784757600000,59.18,59.298,59.053,59.26,17908.0,1790.8,105996.4972,1
1784758500000,59.279,59.279,59.011,59.018,2070.0,207.0,12233.39,1
1784759400000,59.024,59.041,58.764,58.903,24396.0,2439.6,143580.1847,1
1784760300000,58.9,59.2,58.833,59.2,3211.0,321.1,18926.4332,1
1784761200000,59.199,59.285,58.934,59.015,4347.0,434.7,25675.89,1
1784762100000,59.027,59.2,58.846,59.069,10936.0,1093.6,64548.0476,1
1784763000000,59.069,59.34,59.069,59.335,1054.0,105.4,6244.2689,1
1784763900000,59.335,59.416,59.29,59.358,16043.0,1604.3,95251.7179,1
1784764800000,59.385,59.731,59.312,59.489,13436.0,1343.6,80091.6329,1
1784765700000,59.489,59.756,59.393,59.545,6317.0,631.7,37598.9293,1
1784766600000,59.545,59.616,59.362,59.429,4804.0,480.4,28558.4985,1
1784767500000,59.412,59.511,59.334,59.359,1784.0,178.4,10600.6391,1
1784768400000,59.385,59.398,59.056,59.119,10409.0,1040.9,61632.2193,1
1784769300000,59.124,59.161,58.939,59.113,31573.0,3157.3,186304.919,1
1784770200000,59.12,59.138,58.874,58.975,7748.0,774.8,45667.6607,1
1784771100000,58.976,59.045,58.932,58.965,4340.0,434.0,25610.8438,1
1784772000000,58.96,58.962,58.614,58.618,21496.0,2149.6,126203.0277,1
1784772900000,58.618,58.745,58.439,58.715,82143.0,8214.3,481063.0681,1
1784773800000,58.711,58.905,58.626,58.827,20414.0,2041.4,120162.2896,1
1784774700000,58.827,58.986,58.824,58.932,1597.0,159.7,9405.7912,1
1784775600000,58.951,59.0,58.754,58.858,10267.0,1026.7,60487.9566,1
1784776500000,58.881,58.925,58.75,58.88,5868.0,586.8,34543.4621,1
1784777400000,58.88,59.127,58.84,59.103,12226.0,1222.6,72134.7206,1
1784778300000,59.097,59.154,58.977,59.049,3275.0,327.5,19351.0931,1
1784779200000,59.049,59.229,58.979,59.217,8980.0,898.0,53125.7283,1
1784780100000,59.214,59.524,59.146,59.407,25721.0,2572.1,152567.697,1
1784781000000,59.407,59.407,59.056,59.082,5232.0,523.2,30935.45,1
1784781900000,59.085,59.187,59.028,59.104,9146.0,914.6,54015.3607,1
1784782800000,59.116,59.309,59.058,59.153,1109.0,110.9,6562.7227,1
1784783700000,59.153,59.322,59.031,59.322,7269.0,726.9,43040.9677,1
1784784600000,59.319,59.361,59.066,59.097,6885.0,688.5,40774.9716,1
1784785500000,59.111,59.119,58.816,58.845,15793.0,1579.3,93033.9554,1
1784786400000,58.853,58.927,58.766,58.867,81869.0,8186.9,481352.6118,1
1784787300000,58.874,59.09,58.673,59.028,49192.0,4919.2,289994.3537,1
1784788200000,59.051,59.155,58.899,59.041,41065.0,4106.5,242498.8621,1
1784789100000,59.04,59.091,58.963,59.059,9571.0,957.1,56518.7616,1
1784790000000,59.059,59.059,58.578,58.724,30136.0,3013.6,177023.4694,1
1784790900000,58.737,58.836,58.6,58.615,12970.0,1297.0,76161.8863,1
1784791800000,58.609,58.609,58.265,58.312,93166.0,9316.6,544027.5718,1
1784792700000,58.318,58.623,58.314,58.612,22566.0,2256.6,131806.026,1
1784793600000,58.611,58.809,58.608,58.808,6022.0,602.2,35379.1699,1
1784794500000,58.801,58.923,58.731,58.911,5904.0,590.4,34742.3911,1
1784795400000,58.907,58.992,58.89,58.955,10032.0,1003.2,59123.9708,1
1784796300000,58.961,59.028,58.865,59.027,4741.0,474.1,27926.2112,1
1784797200000,59.028,59.115,58.94,59.079,5939.0,593.9,35093.4001,1
1784798100000,59.079,59.22,59.079,59.187,8049.0,804.9,47599.0909,1
1784799000000,59.187,59.22,59.118,59.199,9121.0,912.1,53969.6025,1
1784799900000,59.204,59.212,59.099,59.143,3537.0,353.7,20930.2789,1
1784800800000,59.151,59.298,59.072,59.215,11696.0,1169.6,69292.1851,1
1784801700000,59.211,59.295,59.073,59.231,29398.0,2939.8,174114.6498,1
1784802600000,59.23,59.231,59.049,59.059,12211.0,1221.1,72282.0215,1
1784803500000,59.059,59.138,59.046,59.114,1857.0,185.7,10972.7213,1
1784804400000,59.108,59.205,58.962,59.205,13677.0,1367.7,80843.2257,1
1784805300000,59.205,59.467,59.123,59.384,13190.0,1319.0,78295.2266,1
1784806200000,59.366,59.368,59.2,59.264,8678.0,867.8,51423.9761,1
1784807100000,59.27,59.394,59.228,59.273,1862.0,186.2,11039.3332,1
1784808000000,59.273,59.437,59.173,59.417,13182.0,1318.2,78082.1868,1
1784808900000,59.407,59.569,59.299,59.426,28758.0,2875.8,171044.4418,1
1784809800000,59.408,59.435,58.902,58.917,37473.0,3747.3,221438.9034,1
1784810700000,58.912,59.39,58.838,59.311,49783.0,4978.3,294976.7936,1
1784811600000,59.313,59.69,59.25,59.512,47753.0,4775.3,284206.2503,1
1784812500000,59.498,59.664,59.365,59.636,17849.0,1784.9,106225.8127,1
1784813400000,59.619,59.962,59.532,59.661,78093.0,7809.3,465940.6577,1
1784814300000,59.64,59.674,59.108,59.123,49230.0,4923.0,291954.822,1
1784815200000,59.129,59.638,58.95,59.628,37329.0,3732.9,220841.8707,1
1784816100000,59.601,59.932,59.561,59.817,26420.0,2642.0,157940.6354,1
1784817000000,59.801,59.962,59.55,59.705,66808.0,6680.8,398564.428,1
1784817900000,59.701,59.838,59.534,59.838,68982.0,6898.2,411228.0608,1
1784818800000,59.838,59.89,59.6,59.677,17961.0,1796.1,107249.0377,1
1784819700000,59.656,59.744,59.491,59.493,39369.0,3936.9,234746.3657,1
1784820600000,59.491,59.742,59.467,59.567,32887.0,3288.7,196000.4442,1
1784821500000,59.554,59.714,59.372,59.513,16632.0,1663.2,98929.1161,1
1784822400000,59.525,59.525,59.128,59.183,63084.0,6308.4,373709.9177,1
1784823300000,59.167,59.179,58.726,59.021,74758.0,7475.8,440149.0317,1
1784824200000,59.015,59.016,58.535,58.586,75688.0,7568.8,443530.3149,1
1784825100000,58.581,58.785,58.581,58.753,14346.0,1434.6,84142.0196,1
1784826000000,58.713,58.799,58.631,58.717,24397.0,2439.7,143196.0338,1
1784826900000,58.719,58.785,58.598,58.601,5304.0,530.4,31122.2877,1
1784827800000,58.601,58.685,58.249,58.272,97573.0,9757.3,570378.6157,1
1784828700000,58.279,58.46,58.17,58.264,50239.0,5023.9,292983.8167,1
1784829600000,58.254,58.534,58.236,58.485,21357.0,2135.7,124713.0351,1
1784830500000,58.486,58.764,58.335,58.726,20528.0,2052.8,119961.2297,1
1784831400000,58.728,58.782,57.675,58.088,173015.0,17301.5,1001802.693,1
1784832300000,58.096,58.474,58.053,58.386,106168.0,10616.8,619416.9205,1
1784833200000,58.391,58.437,58.253,58.276,20181.0,2018.1,117752.4783,1
1784834100000,58.256,58.544,58.256,58.536,22778.0,2277.8,133177.018,1
1784835000000,58.546,58.666,57.96,57.991,17908.0,1790.8,104321.6958,1
1784835900000,57.991,58.019,57.615,57.942,73463.0,7346.3,424488.8057,1
1784836800000,57.939,58.425,57.914,58.374,89486.0,8948.6,521250.7167,1
1784837700000,58.358,58.431,58.285,58.378,48296.0,4829.6,281672.3774,1
1784838600000,58.378,58.378,58.1,58.162,25644.0,2564.4,149218.2467,1
1784839500000,58.162,58.194,58.0,58.059,13940.0,1394.0,80966.2874,1
1784840400000,58.086,58.468,57.843,57.865,32357.0,3235.7,187708.2085,1
1784841300000,57.861,57.946,57.65,57.878,38371.0,3837.1,221800.5768,1
1784842200000,57.878,57.97,57.676,57.702,64747.0,6474.7,373821.9725,1
1784843100000,57.701,57.766,57.436,57.652,93075.0,9307.5,536340.2825,1
1784844000000,57.666,57.667,57.257,57.383,58204.0,5820.4,333911.9436,1
1784844900000,57.396,57.653,57.137,57.426,88280.0,8828.0,506607.5894,1
1784845800000,57.43,57.559,57.412,57.554,19022.0,1902.2,109404.5395,1
1784846700000,57.554,57.582,57.319,57.56,18592.0,1859.2,106747.4549,1
1784847600000,57.569,57.834,57.569,57.821,16651.0,1665.1,96130.57,1
1784848500000,57.827,57.969,57.79,57.904,66548.0,6654.8,385511.5592,1
1784849400000,57.915,57.968,57.803,57.891,10570.0,1057.0,61142.9698,1
1784850300000,57.87,57.949,57.447,57.455,11142.0,1114.2,64188.792,1
1784851200000,57.462,57.542,57.335,57.466,67134.0,6713.4,385445.7885,1
1784852100000,57.473,57.563,57.338,57.423,40155.0,4015.5,230768.7549,1
1784853000000,57.421,57.423,57.197,57.367,38103.0,3810.3,218350.5356,1
1784853900000,57.373,57.497,57.28,57.441,10709.0,1070.9,61490.0515,1
1784854800000,57.449,57.676,57.426,57.675,10487.0,1048.7,60350.5505,1
1784855700000,57.671,57.869,57.616,57.752,7381.0,738.1,42615.7644,1
1784856600000,57.741,58.151,57.74,58.15,34525.0,3452.5,200299.7632,1
1784857500000,58.165,58.211,57.969,57.99,47568.0,4756.8,276771.5163,1
1784858400000,57.997,58.109,57.916,58.097,17616.0,1761.6,102252.5624,1
1784859300000,58.108,58.124,57.903,57.934,5960.0,596.0,34591.1457,1
1784860200000,57.958,57.971,57.616,57.846,5689.0,568.9,32835.1057,1
1784861100000,57.832,57.832,57.565,57.733,27738.0,2773.8,159904.4468,1
1784862000000,57.746,58.066,57.568,58.043,43173.0,4317.3,250250.8639,1
1784862900000,58.044,58.266,58.043,58.156,45181.0,4518.1,262764.7829,1
1784863800000,58.165,58.333,58.136,58.24,7241.0,724.1,42192.2225,1
1784864700000,58.23,58.319,58.141,58.185,9226.0,922.6,53703.6743,1
1784865600000,58.199,58.388,58.168,58.243,4177.0,417.7,24349.7238,1
1784866500000,58.195,58.487,58.175,58.366,31188.0,3118.8,182005.8072,1
1784867400000,58.396,58.459,58.337,58.388,9753.0,975.3,56962.0663,1
1784868300000,58.37,58.392,58.284,58.392,18300.0,1830.0,106721.9634,1
1784869200000,58.424,58.541,58.355,58.45,7336.0,733.6,42906.0363,1
1784870100000,58.462,58.491,58.327,58.371,2314.0,231.4,13519.399,1
1784871000000,58.371,58.489,58.326,58.425,2792.0,279.2,16301.9246,1
1784871900000,58.413,58.426,58.322,58.418,1232.0,123.2,7191.6323,1
1784872800000,58.421,58.767,58.421,58.747,12554.0,1255.4,73627.0841,1
1784873700000,58.747,58.761,58.62,58.626,3472.0,347.2,20379.7155,1
1784874600000,58.617,58.813,58.543,58.757,10925.0,1092.5,64184.0071,1
1784875500000,58.786,58.822,58.693,58.756,9506.0,950.6,55844.3789,1
1784876400000,58.758,59.019,58.757,59.008,20555.0,2055.5,121172.9528,1
1784877300000,58.989,58.989,58.708,58.897,7545.0,754.5,44399.6616,1
1784878200000,58.882,58.896,58.535,58.615,5676.0,567.6,33362.8079,1
1784879100000,58.614,58.693,58.561,58.659,11117.0,1111.7,65146.0154,1
1784880000000,58.666,58.872,58.655,58.867,8189.0,818.9,48152.9672,1
1784880900000,58.87,58.931,58.807,58.878,7488.0,748.8,44067.1236,1
1784881800000,58.877,59.05,58.865,58.939,14547.0,1454.7,85809.3735,1
1784882700000,58.943,58.943,58.8,58.8,3540.0,354.0,20840.7572,1
1784883600000,58.776,58.895,58.57,58.578,10777.0,1077.7,63233.5014,1
1784884500000,58.588,58.833,58.508,58.529,39072.0,3907.2,229010.4044,1
1784885400000,58.529,58.78,58.51,58.714,12161.0,1216.1,71327.2079,1
1784886300000,58.714,58.856,58.684,58.841,26234.0,2623.4,154151.8953,1
1784887200000,58.841,58.842,58.484,58.515,11810.0,1181.0,69296.6202,1
1784888100000,58.492,58.511,58.301,58.414,11802.0,1180.2,68905.509,1
1784889000000,58.414,58.464,58.256,58.261,12516.0,1251.6,72951.7154,1
1784889900000,58.276,58.475,58.266,58.45,8110.0,811.0,47389.4898,1
1784890800000,58.449,58.521,58.328,58.455,3456.0,345.6,20197.1368,1
1784891700000,58.462,58.533,58.359,58.382,4497.0,449.7,26290.311,1
1784892600000,58.394,58.525,58.263,58.415,13945.0,1394.5,81400.2711,1
1784893500000,58.43,58.6,58.304,58.54,4134.0,413.4,24149.758,1
1784894400000,58.522,58.522,58.311,58.444,2399.0,239.9,14019.7338,1
1784895300000,58.444,58.597,58.4,58.443,12542.0,1254.2,73321.0896,1
1784896200000,58.443,58.475,58.257,58.303,6249.0,624.9,36448.852,1
1784897100000,58.313,58.404,58.239,58.36,4809.0,480.9,28031.3953,1
1784898000000,58.359,58.421,57.956,58.021,52335.0,5233.5,304061.4379,1
1784898900000,58.016,58.571,58.008,58.33,27448.0,2744.8,160238.4078,1
1784899800000,58.343,58.487,58.141,58.487,39867.0,3986.7,232144.564,1
1784900700000,58.486,58.533,58.055,58.388,67049.0,6704.9,390878.4712,1
1784901600000,58.399,58.495,58.208,58.32,30507.0,3050.7,178144.375,1
1784902500000,58.312,58.379,57.913,58.379,34196.0,3419.6,198551.9748,1
1784903400000,58.379,58.397,58.169,58.176,19424.0,1942.4,113198.9036,1
1784904300000,58.168,58.968,58.067,58.902,51295.0,5129.5,300643.9691,1
1784905200000,58.895,58.895,58.6,58.874,23748.0,2374.8,139519.241,1
1784906100000,58.874,59.248,58.83,58.948,52631.0,5263.1,310730.1313,1
1784907000000,58.948,59.091,58.757,58.848,64047.0,6404.7,377705.1769,1
1784907900000,58.843,58.9,58.713,58.785,22228.0,2222.8,130686.0225,1
1784908800000,58.781,59.144,58.694,58.966,64368.0,6436.8,379959.546,1
1784909700000,58.969,58.971,58.756,58.862,76037.0,7603.7,447609.7802,1
1784910600000,58.862,58.862,58.717,58.777,27483.0,2748.3,161532.6146,1
1784911500000,58.774,58.833,58.642,58.716,18328.0,1832.8,107587.0247,1
1784912400000,58.705,58.83,58.605,58.693,34126.0,3412.6,200218.6204,1
1784913300000,58.694,59.088,58.636,59.038,59369.0,5936.9,349099.6624,1
1784914200000,59.043,59.044,58.886,58.929,11211.0,1121.1,66142.1808,1
1784915100000,58.929,59.045,58.903,59.031,2435.0,243.5,14365.4363,1
1784916000000,58.967,58.984,58.785,58.792,6517.0,651.7,38327.0497,1
1784916900000,58.788,58.804,58.229,58.263,21591.0,2159.1,126206.3211,1
1784917800000,58.271,58.495,58.201,58.484,63826.0,6382.6,372751.0302,1
1784918700000,58.483,58.738,58.47,58.617,24318.0,2431.8,142630.337,1
1784919600000,58.6,58.677,58.406,58.443,8649.0,864.9,50608.6978,1
1784920500000,58.437,58.6,58.437,58.594,4349.0,434.9,25459.1628,1
1784921400000,58.539,58.661,58.267,58.345,18081.0,1808.1,105588.2762,1
1784922300000,58.345,58.352,58.072,58.144,78388.0,7838.8,455516.8807,1
1784923200000,58.143,58.252,58.073,58.169,18321.0,1832.1,106600.7918,1
1784924100000,58.182,58.304,58.182,58.187,5699.0,569.9,33187.7669,1
1784925000000,58.159,58.166,58.004,58.132,8046.0,804.6,46709.8598,1
1784925900000,58.155,58.194,57.929,58.032,16360.0,1636.0,94884.0269,1
1784926800000,58.042,58.042,57.42,57.54,85013.0,8501.3,490237.399,1
1784927700000,57.543,57.579,57.23,57.579,63861.0,6386.1,366906.4525,1
1784928600000,57.565,57.565,56.954,57.045,90661.0,9066.1,517587.7836,1
1784929500000,57.047,57.184,56.608,56.718,147416.0,14741.6,836783.5335,1
1784930400000,56.696,57.063,56.55,56.99,47012.0,4701.2,267330.4436,1
1784931300000,56.991,57.142,56.768,57.142,20355.0,2035.5,115848.6057,1
1784932200000,57.141,57.387,57.141,57.28,21473.0,2147.3,122988.053,1
1784933100000,57.28,57.327,57.172,57.207,9426.0,942.6,53989.3676,1
1784934000000,57.205,57.446,57.205,57.348,9558.0,955.8,54817.6289,1
1784934900000,57.354,57.446,57.306,57.444,12397.0,1239.7,71152.1436,1
1784935800000,57.446,57.537,57.378,57.515,25797.0,2579.7,148117.8059,1
1784936700000,57.508,57.54,57.378,57.416,5281.0,528.1,30326.2216,1
1784937600000,57.417,57.556,57.377,57.468,12192.0,1219.2,70041.2588,1
1784938500000,57.461,57.466,57.341,57.428,2874.0,287.4,16497.4474,1
1784939400000,57.434,57.552,57.284,57.297,4847.0,484.7,27848.1023,1
1784940300000,57.288,57.41,57.262,57.366,10984.0,1098.4,63018.4325,1
1784941200000,57.385,57.556,57.34,57.367,3549.0,354.9,20385.076,1
1784942100000,57.361,57.379,57.039,57.154,10382.0,1038.2,59399.2707,1
1784943000000,57.169,57.55,57.134,57.451,8978.0,897.8,51575.351,1
1784943900000,57.461,57.696,57.412,57.442,15802.0,1580.2,90812.2759,1
1784944800000,57.452,57.531,57.311,57.321,19231.0,1923.1,110405.0818,1
1784945700000,57.322,57.487,57.289,57.46,19705.0,1970.5,112958.495,1
1784946600000,57.485,57.492,57.339,57.401,10029.0,1002.9,57546.2009,1
1784947500000,57.391,57.391,57.144,57.231,30597.0,3059.7,175120.041,1
1784948400000,57.239,57.538,57.239,57.389,8117.0,811.7,46630.0196,1
1784949300000,57.403,57.516,57.39,57.469,1020.0,102.0,5858.8514,1
1784950200000,57.455,57.516,57.388,57.44,919.0,91.9,5281.2386,1
1784951100000,57.451,57.46,57.352,57.413,6095.0,609.5,35003.6312,1
1784952000000,57.406,57.44,57.361,57.408,6137.0,613.7,35217.7937,1
1784952900000,57.408,57.458,57.335,57.356,6338.0,633.8,36358.712,1
1784953800000,57.363,57.462,57.324,57.374,683.0,68.3,3921.0705,1
1784954700000,57.374,57.477,57.363,57.425,528.0,52.8,3031.8543,1
1784955600000,57.424,57.502,57.334,57.334,14271.0,1427.1,81935.0148,1
1784956500000,57.334,57.437,57.31,57.385,2580.0,258.0,14804.5069,1
1784957400000,57.385,57.389,57.225,57.264,4785.0,478.5,27407.5125,1
1784958300000,57.268,57.299,57.21,57.247,9043.0,904.3,51771.7659,1
1784959200000,57.234,57.255,57.118,57.197,15312.0,1531.2,87525.1098,1
1784960100000,57.214,57.284,57.144,57.222,5420.0,542.0,30996.1866,1
1784961000000,57.223,57.223,57.105,57.116,8977.0,897.7,51318.7196,1
1784961900000,57.116,57.295,57.084,57.289,12546.0,1254.6,71698.0448,1
1784962800000,57.287,57.287,57.196,57.247,728.0,72.8,4166.7361,1
1784963700000,57.238,57.294,57.196,57.277,2357.0,235.7,13489.3165,1
1784964600000,57.25,57.367,57.236,57.256,2868.0,286.8,16434.8802,1
1784965500000,57.255,57.259,57.082,57.166,17275.0,1727.5,98642.9907,1
1784966400000,57.165,57.182,56.964,57.13,6622.0,662.2,37764.5408,1
1784967300000,57.13,57.291,57.13,57.256,2429.0,242.9,13905.4931,1
1784968200000,57.256,57.265,57.041,57.126,4784.0,478.4,27328.8111,1
1784969100000,57.122,57.13,56.963,57.079,2902.0,290.2,16550.2279,1
1784970000000,57.085,57.216,56.961,57.211,3833.0,383.3,21871.2272,1
1784970900000,57.195,57.206,57.103,57.206,1110.0,111.0,6345.4757,1
1784971800000,57.206,57.252,57.1,57.24,6819.0,681.9,39034.9219,1
1784972700000,57.248,57.971,57.248,57.756,56142.0,5614.2,324710.8871,1
1784973600000,57.78,57.823,57.609,57.683,6265.0,626.5,36140.9086,1
1784974500000,57.669,57.691,57.556,57.581,15475.0,1547.5,89156.0795,1
1784975400000,57.578,57.578,57.46,57.477,7365.0,736.5,42360.3554,1
1784976300000,57.489,57.606,57.479,57.567,7109.0,710.9,40919.0442,1
1784977200000,57.567,57.63,57.538,57.606,5287.0,528.7,30457.0795,1
1784978100000,57.601,57.667,57.458,57.458,4194.0,419.4,24153.2235,1
1784979000000,57.473,57.566,57.406,57.468,7617.0,761.7,43758.3683,1
1784979900000,57.468,57.722,57.458,57.715,8686.0,868.6,50016.4906,1
1784980800000,57.718,57.726,57.406,57.491,1635.0,163.5,9419.8344,1
1784981700000,57.497,57.515,57.431,57.512,9711.0,971.1,55819.5874,1
1784982600000,57.512,57.536,57.439,57.5,3645.0,364.5,20959.8338,1
1784983500000,57.495,57.574,57.483,57.554,696.0,69.6,4003.3366,1
1784984400000,57.558,57.614,57.529,57.537,2983.0,298.3,17177.8881,1
1784985300000,57.537,57.651,57.468,57.635,5991.0,599.1,34487.5259,1
1784986200000,57.649,57.783,57.539,57.645,8577.0,857.7,49426.0265,1
1784987100000,57.657,57.67,57.292,57.338,19841.0,1984.1,113960.0414,1
1784988000000,57.344,57.344,57.219,57.261,13021.0,1302.1,74589.3396,1
1784988900000,57.261,57.303,57.21,57.281,7494.0,749.4,42911.466,1
1784989800000,57.281,57.417,57.281,57.417,5486.0,548.6,31473.8472,1
1784990700000,57.417,57.54,57.34,57.483,1626.0,162.6,9332.5654,1
1784991600000,57.481,57.812,57.471,57.812,11446.0,1144.6,65975.6584,1
1784992500000,57.833,57.971,57.723,57.808,25289.0,2528.9,146360.5676,1
1784993400000,57.824,57.896,57.72,57.747,8035.0,803.5,46443.4786,1
1784994300000,57.747,57.844,57.707,57.735,2295.0,229.5,13253.5173,1
1784995200000,57.746,57.834,57.658,57.779,2964.0,296.4,17117.4621,1
1784996100000,57.779,57.779,57.632,57.7,9994.0,999.4,57662.015,1
1784997000000,57.71,57.872,57.682,57.87,4569.0,456.9,26420.3405,1
1784997900000,57.863,57.926,57.816,57.899,10788.0,1078.8,62440.2627,1
1784998800000,57.887,57.928,57.809,57.833,11101.0,1110.1,64233.989,1
1784999700000,57.833,58.392,57.833,58.053,42600.0,4260.0,248220.856,1
1785000600000,58.055,58.488,58.055,58.356,10799.0,1079.9,62989.1161,1
1785001500000,58.377,58.398,58.2,58.251,25454.0,2545.4,148239.6627,1
1785002400000,58.274,58.45,58.263,58.337,29779.0,2977.9,173736.3299,1
1785003300000,58.337,58.473,58.313,58.466,7159.0,715.9,41807.0,1
1785004200000,58.466,58.466,58.339,58.341,3008.0,300.8,17570.2437,1
1785005100000,58.342,58.487,58.342,58.353,5232.0,523.2,30562.9731,1
1785006000000,58.353,58.437,58.312,58.376,4263.0,426.3,24888.8777,1
1785006900000,58.376,58.428,58.306,58.317,2986.0,298.6,17419.196,1
1785007800000,58.317,58.34,58.114,58.16,67973.0,6797.3,395789.5989,1
1785008700000,58.16,58.17,57.938,58.06,64369.0,6436.9,373763.5131,1
1785009600000,58.042,58.183,57.9,57.901,17142.0,1714.2,99509.1006,1
1785010500000,57.9,58.197,57.879,58.046,13046.0,1304.6,75656.5596,1
1785011400000,58.045,58.164,57.985,58.02,17123.0,1712.3,99396.6899,1
1785012300000,58.032,58.176,58.032,58.119,12432.0,1243.2,72268.0586,1
1785013200000,58.135,58.143,57.876,57.986,8239.0,823.9,47800.4353,1
1785014100000,57.986,58.017,57.892,58.015,8505.0,850.5,49305.4826,1
1785015000000,58.015,58.042,57.901,57.921,27186.0,2718.6,157722.3836,1
1785015900000,57.91,58.099,57.9,58.092,9004.0,900.4,52271.5131,1
1785016800000,58.092,58.158,58.048,58.07,9422.0,942.2,54747.2876,1
1785017700000,58.07,58.139,58.07,58.112,2688.0,268.8,15621.0369,1
1785018600000,58.112,58.141,58.009,58.104,1832.0,183.2,10636.5906,1
1785019500000,58.104,58.167,58.07,58.134,8821.0,882.1,51285.122,1
1785020400000,58.134,58.171,58.134,58.145,1512.0,151.2,8792.7265,1
1785021300000,58.15,58.217,58.12,58.217,6879.0,687.9,40019.5925,1
1785022200000,58.217,58.256,58.011,58.095,6733.0,673.3,39141.2008,1
1785023100000,58.095,58.172,58.054,58.107,726.0,72.6,4218.6141,1
1785024000000,58.107,58.355,58.058,58.35,5983.0,598.3,34886.535,1
1785024900000,58.35,58.382,58.302,58.374,3385.0,338.5,19748.8466,1
1785025800000,58.374,58.376,58.146,58.237,12299.0,1229.9,71616.6377,1
1785026700000,58.237,58.299,58.201,58.266,18209.0,1820.9,106120.8056,1
1785027600000,58.266,58.28,58.174,58.258,3917.0,391.7,22812.701,1
1785028500000,58.258,58.366,58.24,58.366,13624.0,1362.4,79453.2413,1
1785029400000,58.364,58.4,58.307,58.375,18726.0,1872.6,109257.4755,1
1785030300000,58.371,58.4,58.326,58.388,4828.0,482.8,28181.7668,1
1785031200000,58.369,58.45,58.264,58.449,8091.0,809.1,47254.1679,1
1785032100000,58.45,58.584,58.417,58.417,49865.0,4986.5,291935.7144,1
1785033000000,58.417,58.494,58.305,58.305,3704.0,370.4,21620.8156,1
1785033900000,58.316,58.565,58.266,58.53,2864.0,286.4,16740.7286,1
1785034800000,58.539,58.641,58.452,58.628,23018.0,2301.8,134848.7933,1
1785035700000,58.626,58.626,58.441,58.457,3248.0,324.8,18995.787,1
1785036600000,58.452,58.524,58.434,58.488,4216.0,421.6,24654.5816,1
1785037500000,58.488,58.616,58.448,58.58,1386.0,138.6,8115.8105,1
1785038400000,58.579,58.593,58.489,58.498,2960.0,296.0,17327.9585,1
1785039300000,58.487,58.652,58.463,58.524,6602.0,660.2,38678.5658,1
1785040200000,58.524,58.604,58.442,58.594,3748.0,374.8,21939.1188,1
1785041100000,58.635,58.693,58.517,58.531,3210.0,321.0,18800.1453,1
1785042000000,58.531,58.68,58.385,58.664,3349.0,334.9,19586.1103,1
1785042900000,58.663,58.707,58.617,58.624,5964.0,596.4,34979.3539,1
1785043800000,58.647,58.657,58.554,58.635,5378.0,537.8,31525.4237,1
1785044700000,58.635,58.68,58.544,58.673,7455.0,745.5,43672.2863,1
1785045600000,58.676,58.802,58.558,58.564,5344.0,534.4,31401.4738,1
1785046500000,58.564,58.612,58.344,58.412,4194.0,419.4,24516.886,1
1785047400000,58.426,58.728,58.425,58.685,9413.0,941.3,55185.5206,1
1785048300000,58.685,58.757,58.54,58.616,1581.0,158.1,9274.6612,1
1785049200000,58.616,58.694,58.558,58.679,4148.0,414.8,24318.8299,1
1785050100000,58.688,58.767,58.688,58.748,2316.0,231.6,13604.5315,1
1785051000000,58.748,58.785,58.655,58.658,947.0,94.7,5559.5004,1
1785051900000,58.622,58.662,58.587,58.596,11435.0,1143.5,67050.3837,1
1785052800000,58.596,58.596,58.501,58.523,5736.0,573.6,33579.5551,1
1785053700000,58.532,58.555,58.401,58.455,3252.0,325.2,19027.4863,1
1785054600000,58.45,58.464,58.363,58.431,2968.0,296.8,17331.6546,1
1785055500000,58.42,58.522,58.391,58.502,20426.0,2042.6,119420.7826,1
1785056400000,58.506,58.694,58.502,58.694,13617.0,1361.7,79808.4262,1
1785057300000,58.694,58.735,58.639,58.735,2949.0,294.9,17303.3499,1
1785058200000,58.735,58.741,58.658,58.71,3474.0,347.4,20388.4339,1
1785059100000,58.701,58.709,58.6,58.674,597.0,59.7,3502.076,1
1785060000000,58.679,58.846,58.64,58.839,7570.0,757.0,44436.5062,1
1785060900000,58.839,58.9,58.751,58.79,21215.0,2121.5,124902.4339,1
1785061800000,58.785,58.832,58.763,58.8,1399.0,139.9,8227.5391,1
1785062700000,58.8,58.807,58.684,58.749,5475.0,547.5,32158.6341,1
1785063600000,58.749,58.8,58.693,58.725,1777.0,177.7,10436.7508,1
1785064500000,58.725,58.822,58.725,58.788,7632.0,763.2,44855.9822,1
1785065400000,58.788,58.856,58.553,58.582,16192.0,1619.2,94949.7258,1
1785066300000,58.594,58.621,58.581,58.584,1867.0,186.7,10942.1929,1
1785067200000,58.584,58.733,58.541,58.728,20049.0,2004.9,117523.7373,1
1785068100000,58.728,58.782,58.659,58.772,17449.0,1744.9,102378.3906,1
1785069000000,58.772,58.78,58.649,58.676,4870.0,487.0,28611.8786,1
1785069900000,58.676,58.771,58.634,58.66,786.0,78.6,4616.1166,1
1785070800000,58.673,58.676,58.467,58.506,50458.0,5045.8,295371.4226,1
1785071700000,58.506,58.723,58.506,58.62,4451.0,445.1,26081.6708,1
1785072600000,58.62,58.655,58.545,58.652,5640.0,564.0,33034.6139,1
1785073500000,58.656,58.708,58.576,58.587,1437.0,143.7,8425.9998,1
1785074400000,58.587,58.96,58.587,58.884,43553.0,4355.3,256478.7691,1
1785075300000,58.876,58.879,58.689,58.72,11580.0,1158.0,68081.6131,1
1785076200000,58.701,58.77,58.538,58.634,29278.0,2927.8,171479.7446,1
1785077100000,58.643,58.796,58.578,58.726,6094.0,609.4,35780.3813,1
1785078000000,58.743,59.06,58.691,59.059,34177.0,3417.7,201310.5782,1
1785078900000,59.046,59.147,58.98,59.063,24402.0,2440.2,144193.0593,1
1785079800000,59.056,59.132,58.837,58.901,15138.0,1513.8,89308.8624,1
1785080700000,58.877,59.031,58.857,58.995,6982.0,698.2,41161.0953,1
1785081600000,59.002,59.149,58.9,59.096,70909.0,7090.9,418631.3188,1
1785082500000,59.09,59.586,59.09,59.416,92001.0,9200.1,546070.8906,1
1785083400000,59.416,59.583,59.336,59.404,20552.0,2055.2,122180.3294,1
1785084300000,59.399,59.478,59.362,59.415,7780.0,778.0,46238.386,1
1785085200000,59.428,59.538,59.309,59.39,69843.0,6984.3,414564.2389,1
1785086100000,59.399,59.421,59.071,59.185,5965.0,596.5,35316.9787,1
1785087000000,59.188,59.228,59.077,59.18,18885.0,1888.5,111762.7734,1
1785087900000,59.195,59.293,59.15,59.171,1829.0,182.9,10830.7164,1
1785088800000,59.179,59.189,59.066,59.09,8357.0,835.7,49401.569,1
1785089700000,59.1,59.201,59.069,59.069,3982.0,398.2,23545.0846,1
1785090600000,59.105,59.159,58.962,59.043,22976.0,2297.6,135627.7162,1
1785091500000,59.043,59.191,58.984,59.019,8243.0,824.3,48713.2102,1
1785092400000,59.035,59.035,58.909,58.928,4261.0,426.1,25113.4141,1
1785093300000,58.928,58.948,58.776,58.826,37891.0,3789.1,223149.719,1
1785094200000,58.825,58.97,58.82,58.947,11659.0,1165.9,68654.9958,1
1785095100000,58.947,59.015,58.92,58.992,9963.0,996.3,58759.1914,1
1785096000000,58.992,59.011,58.792,58.851,2183.0,218.3,12852.3115,1
1785096900000,58.851,58.935,58.802,58.911,3746.0,374.6,22050.0038,1
1785097800000,58.911,58.932,58.815,58.873,8558.0,855.8,50361.7876,1
1785098700000,58.873,58.934,58.819,58.883,4350.0,435.0,25618.2132,1
1785099600000,58.881,58.977,58.881,58.891,19112.0,1911.2,112634.1818,1
1785100500000,58.886,59.104,58.886,59.004,19705.0,1970.5,116288.4823,1
1785101400000,58.971,59.086,58.934,59.026,1454.0,145.4,8582.9445,1
1785102300000,59.026,59.227,59.018,59.11,4056.0,405.6,23981.4999,1
1785103200000,59.136,59.512,59.136,59.365,19468.0,1946.8,115640.2169,1
1785104100000,59.363,59.531,59.277,59.469,15482.0,1548.2,92051.4926,1
1785105000000,59.46,59.676,59.443,59.67,17674.0,1767.4,105419.6882,1
1785105900000,59.662,59.749,59.61,59.738,28612.0,2861.2,170841.4641,1
1785106800000,59.758,59.812,59.6,59.691,36659.0,3665.9,218713.7444,1
1785107700000,59.678,59.75,59.537,59.69,13373.0,1337.3,79814.3846,1
1785108600000,59.708,59.885,59.641,59.864,39562.0,3956.2,236689.9065,1
1785109500000,59.879,59.879,59.609,59.62,1999.0,199.9,11935.6795,1
1785110400000,59.635,59.675,59.543,59.557,9644.0,964.4,57469.5356,1
1785111300000,59.549,59.624,59.356,59.376,10125.0,1012.5,60156.1817,1
1785112200000,59.377,59.458,59.261,59.423,6325.0,632.5,37553.2739,1
1785113100000,59.436,59.474,59.216,59.299,2383.0,238.3,14130.7743,1
1785114000000,59.329,59.568,59.291,59.439,4849.0,484.9,28829.0333,1
1785114900000,59.439,59.599,59.341,59.425,2230.0,223.0,13267.9195,1
1785115800000,59.434,59.434,59.128,59.3,18001.0,1800.1,106658.8139,1
1785116700000,59.298,59.531,59.274,59.504,3976.0,397.6,23611.271,1
1785117600000,59.504,59.6,59.427,59.5,12077.0,1207.7,71957.6928,1
1785118500000,59.482,59.579,59.458,59.506,1676.0,167.6,9975.1675,1
1785119400000,59.506,59.699,59.39,59.682,3037.0,303.7,18092.813,1
1785120300000,59.682,59.735,59.512,59.578,7699.0,769.9,45937.0914,1
1785121200000,59.574,59.691,59.51,59.691,2079.0,207.9,12389.6243,1
1785122100000,59.72,59.768,59.543,59.555,5268.0,526.8,31407.6062,1
1785123000000,59.551,59.674,59.469,59.649,1557.0,155.7,9278.7605,1
1785123900000,59.671,59.926,59.671,59.912,29827.0,2982.7,178612.9949,1
1785124800000,59.912,60.153,59.838,59.932,10896.0,1089.6,65396.0317,1
1785125700000,59.905,60.362,59.85,60.152,80166.0,8016.6,483134.7665,1
1785126600000,60.183,60.446,60.073,60.416,7334.0,733.4,44279.4413,1
1785127500000,60.427,60.452,60.167,60.189,6915.0,691.5,41688.437,1
1785128400000,60.202,60.44,60.197,60.44,13767.0,1376.7,83061.7505,1
1785129300000,60.408,60.435,60.23,60.317,7357.0,735.7,44358.1003,1
1785130200000,60.303,60.311,60.109,60.135,3092.0,309.2,18602.8157,1
1785131100000,60.135,60.226,60.109,60.118,2044.0,204.4,12294.591,1
1785132000000,60.124,60.35,60.09,60.197,3194.0,319.4,19229.5754,1
1785132900000,60.197,60.294,60.043,60.046,18522.0,1852.2,111440.596,1
1785133800000,60.075,60.325,60.033,60.213,5373.0,537.3,32333.2673,1
1785134700000,60.22,60.299,60.111,60.111,1219.0,121.9,7336.6086,1
1785135600000,60.089,60.137,59.936,59.983,4491.0,449.1,26941.5117,1
1785136500000,59.983,60.019,59.906,59.986,5124.0,512.4,30707.8616,1
1785137400000,59.953,60.057,59.842,59.968,24746.0,2474.6,148336.8596,1
1785138300000,59.962,60.053,59.954,59.96,25199.0,2519.9,151283.1544,1
1785139200000,59.966,59.987,59.768,59.914,56269.0,5626.9,336833.1441,1
1785140100000,59.916,60.286,59.899,60.248,10419.0,1041.9,62741.7609,1
1785141000000,60.235,60.275,60.132,60.247,6177.0,617.7,37196.6319,1
1785141900000,60.259,60.304,60.118,60.149,3359.0,335.9,20212.3319,1
1785142800000,60.138,60.186,60.028,60.03,1973.0,197.3,11858.2759,1
1785143700000,60.036,60.158,59.949,60.104,3659.0,365.9,21960.837,1
1785144600000,60.062,60.262,60.058,60.196,6261.0,626.1,37689.8687,1
1785145500000,60.183,60.183,60.047,60.047,4952.0,495.2,29773.9116,1
1785146400000,60.04,60.092,59.967,60.026,7009.0,700.9,42071.6598,1
1785147300000,60.026,60.194,60.007,60.121,6815.0,681.5,40984.9542,1
1785148200000,60.127,60.349,60.067,60.271,1903.0,190.3,11458.4172,1
1785149100000,60.273,60.379,60.236,60.374,3284.0,328.4,19816.1573,1
1785150000000,60.364,60.378,60.262,60.324,5060.0,506.0,30518.4233,1
1785150900000,60.315,60.372,59.839,59.839,16304.0,1630.4,97839.8472,1
1785151800000,59.843,60.01,59.838,59.953,19519.0,1951.9,116983.9672,1
1785152700000,59.95,59.996,59.799,59.808,7337.0,733.7,43903.5371,1
1785153600000,59.807,60.074,59.807,59.823,9411.0,941.1,56390.5481,1
1785154500000,59.812,59.934,59.532,59.532,21309.0,2130.9,127280.7223,1
1785155400000,59.536,59.768,59.439,59.706,17037.0,1703.7,101527.947,1
1785156300000,59.675,59.859,59.661,59.78,6835.0,683.5,40846.5905,1
1785157200000,59.806,59.835,59.525,59.534,12714.0,1271.4,75826.5582,1
1785158100000,59.52,59.591,59.304,59.383,16492.0,1649.2,97989.3603,1
1785159000000,59.388,59.973,59.304,59.951,73608.0,7360.8,439161.0758,1
1785159900000,59.944,59.985,59.403,59.517,65573.0,6557.3,390981.7481,1
1785160800000,59.535,59.545,59.117,59.277,90281.0,9028.1,536343.5101,1
1785161700000,59.292,59.323,58.003,58.005,165516.0,16551.6,969127.0644,1
1785162600000,58.029,58.053,57.543,57.776,141449.0,14144.9,817290.7481,1
1785163500000,57.775,58.348,57.768,58.164,63150.0,6315.0,366808.6458,1
1785164400000,58.179,58.399,58.013,58.126,74125.0,7412.5,431515.8502,1
1785165300000,58.136,58.176,57.703,57.837,59921.0,5992.1,347349.4666,1
1785166200000,57.832,57.967,57.456,57.651,44710.0,4471.0,257901.6206,1
1785167100000,57.662,57.715,57.367,57.427,53297.0,5329.7,306429.1993,1
1785168000000,57.4,57.517,57.259,57.362,79416.0,7941.6,455388.0374,1
1785168900000,57.359,57.841,57.221,57.712,46142.0,4614.2,265861.9812,1
1785169800000,57.727,57.92,57.669,57.69,19297.0,1929.7,111551.5449,1
1785170700000,57.671,57.692,57.519,57.575,12017.0,1201.7,69200.936,1
1785171600000,57.577,57.742,57.449,57.723,43780.0,4378.0,252090.6323,1
1785172500000,57.702,57.852,57.519,57.52,31498.0,3149.8,181779.4223,1
1785173400000,57.52,57.631,57.477,57.541,18747.0,1874.7,107879.3711,1
1785174300000,57.543,57.549,57.125,57.238,44864.0,4486.4,256647.1915,1
1785175200000,57.241,57.26,56.796,56.805,115343.0,11534.3,658062.2051,1
1785176100000,56.804,56.809,56.641,56.749,108733.0,10873.3,616701.6353,1
1785177000000,56.743,56.8,56.293,56.438,217884.0,21788.4,1229917.4237,1
1785177900000,56.433,56.741,56.421,56.698,39224.0,3922.4,222194.8563,1
1785178800000,56.711,56.86,56.585,56.83,21558.0,2155.8,122387.1544,1
1785179700000,56.838,57.042,56.747,57.038,78529.0,7852.9,446214.2402,1
1785180600000,57.036,57.174,56.981,57.032,26787.0,2678.7,152894.2152,1
1785181500000,57.021,57.319,56.9,57.272,23649.0,2364.9,134944.7825,1
1785182400000,57.274,57.285,56.917,57.028,12665.0,1266.5,72258.3819,1
1785183300000,57.033,57.195,57.001,57.184,10558.0,1055.8,60287.2545,1
1785184200000,57.186,57.267,56.983,57.033,20572.0,2057.2,117558.4032,1
1785185100000,57.033,57.25,56.99,57.217,5837.0,583.7,33341.4458,1
1785186000000,57.217,57.239,57.068,57.113,6097.0,609.7,34857.4635,1
1785186900000,57.113,57.133,56.829,56.856,29684.0,2968.4,169173.142,1
1785187800000,56.886,56.942,56.777,56.777,18372.0,1837.2,104456.0253,1
1785188700000,56.777,56.777,56.68,56.695,42538.0,4253.8,241318.1238,1
1785189600000,56.695,56.695,56.466,56.531,29810.0,2981.0,168525.5107,1
1785190500000,56.529,56.59,56.373,56.377,20910.0,2091.0,118042.0347,1
1785191400000,56.402,56.704,56.361,56.42,45610.0,4561.0,257899.0891,1
1785192300000,56.411,56.411,55.965,56.175,227237.0,22723.7,1277103.9953,1
1785193200000,56.183,56.254,55.821,56.071,90324.0,9032.4,505955.0808,1
1785194100000,56.064,56.495,56.03,56.448,32487.0,3248.7,182856.1352,1
1785195000000,56.439,56.486,55.8,55.809,473944.0,47394.4,2666905.789,1
1785195900000,55.81,56.092,55.734,56.065,187834.0,18783.4,1051969.6709,1
1785196800000,56.09,56.23,55.887,56.099,175157.0,17515.7,983905.9944,1
1785197700000,56.092,56.261,55.95,56.076,24654.0,2465.4,138197.5073,1
1785198600000,56.09,56.2,56.018,56.193,206737.0,20673.7,1160576.0184,1
1785199500000,56.191,56.258,56.027,56.197,35965.0,3596.5,201948.3038,1
1785200400000,56.195,56.238,55.671,55.811,64438.0,6443.8,360114.4538,1
1785201300000,55.835,56.179,55.769,56.161,26875.0,2687.5,150162.2563,1
1785202200000,56.137,56.407,56.137,56.234,120346.0,12034.6,678150.476,1
1785203100000,56.244,56.375,56.193,56.271,8528.0,852.8,47982.0025,1
1785204000000,56.268,56.423,56.177,56.389,11140.0,1114.0,62753.0024,1
1785204900000,56.383,56.418,56.235,56.281,2791.0,279.1,15720.9971,1
1785205800000,56.27,56.308,55.842,55.885,14874.0,1487.4,83440.2878,1
1785206700000,55.898,55.919,55.591,55.818,322982.0,32298.2,1800217.1781,1
1785207600000,55.817,55.963,55.78,55.96,10804.0,1080.4,60335.0604,1
1785208500000,55.956,56.126,55.909,56.004,202208.0,20220.8,1133339.2389,1
1785209400000,56.011,56.133,55.906,56.133,70229.0,7022.9,394051.3614,1
1785210300000,56.142,56.2,56.044,56.184,32988.0,3298.8,185213.5775,1
1785211200000,56.172,56.23,56.132,56.17,3649.0,364.9,20505.3408,1
1785212100000,56.194,56.263,56.125,56.125,102269.0,10226.9,574748.3238,1
1785213000000,56.134,56.259,56.037,56.22,108513.0,10851.3,609412.1024,1
1785213900000,56.217,56.325,56.191,56.204,5702.0,570.2,32086.7952,1
1785214800000,56.218,56.4,56.204,56.336,18124.0,1812.4,102140.4304,1
1785215700000,56.31,56.346,56.19,56.226,11455.0,1145.5,64433.6946,1
1785216600000,56.233,56.233,55.431,55.647,67049.0,6704.9,372785.4148,1
1785217500000,55.666,55.694,55.2,55.209,90514.0,9051.4,501751.9815,1
1785218400000,55.202,55.264,54.704,54.838,167889.0,16788.9,921393.1016,1
1785219300000,54.868,55.256,54.866,55.226,232535.0,23253.5,1280573.4672,1
1785220200000,55.238,55.466,55.238,55.457,11854.0,1185.4,65688.7331,1
1785221100000,55.457,55.632,55.404,55.49,3925.0,392.5,21799.0894,1
1785222000000,55.502,55.537,55.21,55.301,25255.0,2525.5,139814.6387,1
1785222900000,55.296,55.388,55.251,55.317,7157.0,715.7,39605.151,1
1785223800000,55.311,55.351,55.034,55.034,9012.0,901.2,49733.3718,1
1785224700000,55.044,55.374,55.035,55.348,3222.0,322.2,17787.7893,1
1785225600000,55.351,55.429,55.189,55.226,6746.0,674.6,37315.8605,1
1785226500000,55.224,55.304,55.14,55.225,8045.0,804.5,44427.1184,1
1785227400000,55.23,55.294,55.101,55.226,122788.0,12278.8,677056.2716,1
1785228300000,55.218,55.253,55.109,55.253,8685.0,868.5,47925.2156,1
1785229200000,55.233,55.38,55.082,55.157,125246.0,12524.6,692778.8481,1
1785230100000,55.156,55.326,55.123,55.218,5431.0,543.1,30006.4523,1
1785231000000,55.201,55.268,55.152,55.2,6409.0,640.9,35389.0351,1
1785231900000,55.198,55.205,54.961,55.047,27175.0,2717.5,149552.1005,1
1785232800000,55.039,55.127,54.946,54.997,12651.0,1265.1,69580.607,1
1785233700000,54.997,55.137,54.96,55.017,108714.0,10871.4,597725.21,1
1785234600000,55.011,55.09,54.839,54.881,162523.0,16252.3,892432.5789,1
1785235500000,54.883,54.883,54.676,54.676,174328.0,17432.8,954541.8602,1
1785236400000,54.676,54.68,54.364,54.487,21465.0,2146.5,116980.3445,1
1785237300000,54.491,54.78,54.359,54.415,57948.0,5794.8,315880.6121,1
1785238200000,54.393,54.51,54.322,54.45,33762.0,3376.2,183587.6372,1
1785239100000,54.427,54.51,54.372,54.375,19957.0,1995.7,108751.9249,1
1785240000000,54.39,54.594,54.363,54.487,27883.0,2788.3,152057.1514,1
1785240900000,54.489,54.5,54.382,54.477,6814.0,681.4,37114.6523,1
1785241800000,54.465,54.561,54.337,54.387,8756.0,875.6,47623.3855,1
1785242700000,54.386,54.538,54.3,54.322,13732.0,1373.2,74691.0579,1
1785243600000,54.324,54.346,54.174,54.315,105904.0,10590.4,574176.0379,1
1785244500000,54.325,54.361,54.075,54.107,90233.0,9023.3,488511.009,1
1785245400000,54.129,54.314,53.997,54.083,29924.0,2992.4,161952.7739,1
1785246300000,54.084,54.361,54.01,54.269,24181.0,2418.1,131114.646,1
1785247200000,54.267,54.485,54.163,54.243,16944.0,1694.4,92104.274,1
1785248100000,54.264,54.348,54.135,54.199,21906.0,2190.6,118704.3266,1
1785249000000,54.202,54.728,54.167,54.637,37695.0,3769.5,205151.1066,1
1785249900000,54.616,55.285,54.605,54.866,58490.0,5849.0,321060.1617,1
1785250800000,54.861,55.155,54.676,55.051,16370.0,1637.0,90008.1377,1
1785251700000,55.033,55.578,54.937,55.354,55791.0,5579.1,309122.9484,1
1785252600000,55.354,55.58,55.353,55.495,18433.0,1843.3,102269.1287,1
1785253500000,55.494,55.57,55.149,55.28,38537.0,3853.7,213500.5289,1
1785254400000,55.302,55.402,55.215,55.287,6061.0,606.1,33510.6021,1
1785255300000,55.292,55.528,55.292,55.395,7061.0,706.1,39132.3549,1
1785256200000,55.387,55.724,55.223,55.69,15755.0,1575.5,87287.361,1
1785257100000,55.702,55.847,55.565,55.666,75498.0,7549.8,421161.626,1
1785258000000,55.695,55.767,55.412,55.453,130193.0,13019.3,723385.4729,1
1785258900000,55.451,55.526,55.291,55.408,25551.0,2555.1,141453.4628,1
1785259800000,55.421,55.421,55.156,55.266,18328.0,1832.8,101313.1716,1
1785260700000,55.254,55.368,54.653,54.842,115450.0,11545.0,634706.5599,1
1785261600000,54.871,55.034,54.703,54.794,19380.0,1938.0,106447.9702,1
1785262500000,54.786,54.838,54.703,54.838,6648.0,664.8,36418.0773,1
1785263400000,54.828,55.078,54.757,55.078,18538.0,1853.8,101906.4548,1
1785264300000,55.079,55.123,54.891,55.094,10048.0,1004.8,55237.5876,1
1785265200000,55.1,55.391,55.1,55.391,30944.0,3094.4,170999.9615,1
1785266100000,55.39,55.39,55.145,55.195,3225.0,322.5,17828.0156,1
1785267000000,55.234,55.388,55.034,55.095,13725.0,1372.5,75801.6964,1
1785267900000,55.084,55.565,55.03,55.404,18438.0,1843.8,102129.5392,1
1785268800000,55.418,55.481,55.269,55.393,13423.0,1342.3,74321.9328,1
1785269700000,55.387,55.583,55.302,55.495,21215.0,2121.5,117668.7736,1
1785270600000,55.512,55.573,55.338,55.489,6275.0,627.5,34794.8994,1
1785271500000,55.475,55.533,55.418,55.476,2392.0,239.2,13268.5182,1
1785272400000,55.461,55.642,55.328,55.355,5522.0,552.2,30667.2067,1
1785273300000,55.352,55.468,55.205,55.363,12403.0,1240.3,68587.1341,1
1785274200000,55.346,55.62,55.333,55.595,4222.0,422.2,23444.0642,1
1785275100000,55.625,55.739,55.59,55.686,9080.0,908.0,50546.5306,1
1785276000000,55.696,55.761,55.618,55.661,5729.0,572.9,31898.0097,1
1785276900000,55.644,55.69,55.404,55.488,1515.0,151.5,8418.9199,1
1785277800000,55.477,55.531,55.375,55.439,885.0,88.5,4906.7008,1
1785278700000,55.41,55.41,54.838,54.863,32283.0,3228.3,177593.7451,1
1785279600000,54.884,54.969,54.72,54.781,38778.0,3877.8,212349.9787,1
1785280500000,54.781,54.816,54.517,54.649,39192.0,3919.2,214520.3009,1
1785281400000,54.63,55.079,54.63,55.07,19045.0,1904.5,104516.3358,1
1785282300000,55.061,55.181,55.046,55.181,10915.0,1091.5,60177.5053,1
1785283200000,55.171,55.371,55.142,55.282,22937.0,2293.7,126778.8077,1
1785284100000,55.278,55.35,55.156,55.24,8348.0,834.8,46075.0802,1
1785285000000,55.189,55.267,54.974,55.237,3193.0,319.3,17590.7761,1
1785285900000,55.233,55.334,54.973,55.0,15268.0,1526.8,84019.0134,1
1785286800000,54.985,55.121,54.783,54.817,15211.0,1521.1,83576.655,1
1785287700000,54.801,55.001,54.718,54.926,7246.0,724.6,39770.8937,1
1785288600000,54.877,54.907,54.676,54.708,12891.0,1289.1,70603.2113,1
1785289500000,54.687,54.721,54.386,54.395,27874.0,2787.4,151752.1055,1
1785290400000,54.395,54.586,54.365,54.554,19815.0,1981.5,107897.7895,1
1785291300000,54.551,54.782,54.365,54.747,61788.0,6178.8,337456.0501,1
1785292200000,54.743,54.909,54.682,54.796,96725.0,9672.5,530173.8953,1
1785293100000,54.793,54.793,54.568,54.624,1928.0,192.8,10535.5334,1
1785294000000,54.611,54.717,54.505,54.603,9248.0,924.8,50503.9576,1
1785294900000,54.614,54.614,54.313,54.332,25633.0,2563.3,139376.8077,1
1785295800000,54.316,54.391,54.236,54.332,6825.0,682.5,37048.4274,1
1785296700000,54.327,54.374,54.236,54.352,10053.0,1005.3,54577.8908,1
1785297600000,54.352,54.44,54.209,54.331,8464.0,846.4,45946.9214,1
1785298500000,54.333,54.333,54.073,54.172,13462.0,1346.2,72869.2011,1
1785299400000,54.172,54.432,54.101,54.101,9457.0,945.7,51253.152,1
1785300300000,54.1,54.433,54.095,54.395,8725.0,872.5,47282.9037,1
1785301200000,54.395,54.576,54.372,54.575,3338.0,333.8,18193.7602,1
1785302100000,54.585,54.703,54.391,54.703,4717.0,471.7,25710.3236,1
1785303000000,54.703,54.866,54.649,54.806,6210.0,621.0,34027.7926,1
1785303900000,54.825,55.091,54.771,55.015,42075.0,4207.5,231517.1735,1
1785304800000,55.011,55.032,54.813,54.957,6530.0,653.0,35882.5784,1
1785305700000,54.956,55.242,54.859,55.23,9631.0,963.1,53126.6472,1
1785306600000,55.228,55.584,55.223,55.568,8387.0,838.7,46438.372,1
1785307500000,55.564,55.564,55.346,55.415,2710.0,271.0,15015.7195,1
1785308400000,55.429,55.466,55.29,55.317,1776.0,177.6,9830.1549,1
1785309300000,55.306,55.344,55.244,55.295,2366.0,236.6,13079.495,1
1785310200000,55.307,55.379,55.209,55.262,12955.0,1295.5,71599.098,1
1785311100000,55.262,55.464,55.219,55.453,5338.0,533.8,29546.6359,1
1785312000000,55.452,55.452,54.967,54.969,7965.0,796.5,43918.7291,1
1785312900000,54.964,54.964,54.653,54.689,15314.0,1531.4,83971.8582,1
1785313800000,54.697,54.919,54.654,54.919,7930.0,793.0,43412.0827,1
1785314700000,54.92,55.033,54.758,54.811,1376.0,137.6,7555.4947,1
1785315600000,54.823,54.942,54.772,54.848,7868.0,786.8,43123.1973,1
1785316500000,54.841,54.931,54.779,54.848,7870.0,787.0,43170.6184,1
1785317400000,54.849,55.033,54.849,54.969,4441.0,444.1,24415.4032,1
1785318300000,54.969,55.2,54.949,55.195,34984.0,3498.4,192906.0754,1
1785319200000,55.187,55.215,54.97,54.985,6225.0,622.5,34334.829,1
1785320100000,54.985,55.011,54.871,54.899,11390.0,1139.0,62569.5695,1
1785321000000,54.895,54.933,54.815,54.872,5390.0,539.0,29581.6653,1
1785321900000,54.863,54.988,54.686,54.768,13591.0,1359.1,74457.3929,1
1785322800000,54.795,54.87,54.675,54.823,5167.0,516.7,28311.4304,1
1785323700000,54.825,54.953,54.794,54.851,13857.0,1385.7,76010.6622,1
1785324600000,54.851,54.856,54.541,54.586,11245.0,1124.5,61419.0868,1
1785325500000,54.581,54.938,54.553,54.918,8118.0,811.8,44542.3524,1
1785326400000,54.92,54.956,54.804,54.808,4294.0,429.4,23561.1983,1
1785327300000,54.799,54.799,54.642,54.65,23136.0,2313.6,126612.8344,1
1785328200000,54.637,54.859,54.567,54.848,25526.0,2552.6,139886.7426,1
1785329100000,54.87,55.034,54.831,55.033,4154.0,415.4,22821.4994,1
1785330000000,55.033,55.2,54.959,55.1,18532.0,1853.2,102046.6956,1
1785330900000,55.105,55.105,54.839,55.047,14904.0,1490.4,81899.4899,1
1785331800000,55.04,55.412,54.897,55.395,49606.0,4960.6,274374.2109,1
1785332700000,55.411,55.469,55.042,55.292,40440.0,4044.0,223620.6764,1
1785333600000,55.293,55.516,55.092,55.114,37692.0,3769.2,208745.0815,1
1785334500000,55.114,55.263,54.888,55.007,46256.0,4625.6,254570.2274,1
1785335400000,55.017,55.165,54.768,54.919,41716.0,4171.6,229687.8939,1
1785336300000,54.912,55.141,54.845,54.956,23196.0,2319.6,127524.2816,1
1785337200000,54.957,55.172,54.875,55.045,8678.0,867.8,47764.0298,1
1785338100000,55.036,55.078,54.618,54.705,24684.0,2468.4,135229.5738,1
1785339000000,54.697,54.818,54.621,54.737,23268.0,2326.8,127408.7629,1
1785339900000,54.732,54.862,54.624,54.77,2880.0,288.0,15770.352,1
1785340800000,54.779,54.801,54.554,54.617,16227.0,1622.7,88679.5748,1
1785341700000,54.615,54.8,54.485,54.759,20287.0,2028.7,110743.1854,1
1785342600000,54.752,54.803,54.334,54.43,16901.0,1690.1,92051.6391,1
1785343500000,54.428,54.841,54.423,54.805,8678.0,867.8,47383.5704,1
1785344400000,54.815,54.986,54.81,54.986,16406.0,1640.6,90086.8695,1
1785345300000,54.987,55.012,54.697,54.697,28929.0,2892.9,158747.2618,1
1785346200000,54.691,54.8,54.602,54.746,21121.0,2112.1,115470.2904,1
1785347100000,54.739,54.994,54.666,54.994,32118.0,3211.8,176216.1168,1
1785348000000,54.995,55.337,54.91,54.94,33418.0,3341.8,184322.983,1
1785348900000,54.938,55.017,54.69,54.75,10285.0,1028.5,56347.405,1
1785349800000,54.756,55.291,54.567,55.288,20220.0,2022.0,110985.7014,1
1785350700000,55.284,55.517,55.216,55.246,43320.0,4332.0,239863.8559,1
1785351600000,55.258,55.424,54.568,54.608,37698.0,3769.8,206916.047,1
1785352500000,54.634,54.673,53.683,53.822,170992.0,17099.2,923730.7195,1
1785353400000,53.854,53.945,53.25,53.254,114102.0,11410.2,610188.1866,1
1785354300000,53.25,53.522,53.098,53.127,159697.0,15969.7,850607.4322,1
1785355200000,53.142,53.698,53.098,53.675,66528.0,6652.8,354531.1746,1
1785356100000,53.675,53.825,53.351,53.619,92323.0,9232.3,494830.6185,1
1785357000000,53.61,53.791,53.57,53.656,10458.0,1045.8,56156.9686,1
1785357900000,53.656,53.742,53.536,53.542,22167.0,2216.7,118784.6679,1
1785358800000,53.566,53.609,53.123,53.257,33096.0,3309.6,176653.45,1
1785359700000,53.242,53.36,53.144,53.353,69907.0,6990.7,372139.3034,1
1785360600000,53.353,53.383,53.258,53.294,11489.0,1148.9,61265.6851,1
1785361500000,53.316,53.582,53.316,53.54,4826.0,482.6,25780.8051,1
1785362400000,53.557,53.7,53.505,53.639,34652.0,3465.2,185754.897,1
1785363300000,53.631,53.737,53.543,53.721,31591.0,3159.1,169618.6699,1
1785364200000,53.723,53.778,53.576,53.699,6174.0,617.4,33121.6066,1
1785365100000,53.696,53.836,53.63,53.836,6249.0,624.9,33587.014,1
1785366000000,53.859,53.927,53.76,53.784,8933.0,893.3,48099.8168,1
1785366900000,53.784,54.02,53.784,53.909,7604.0,760.4,40996.3904,1
1785367800000,53.91,54.043,53.901,54.042,5568.0,556.8,30042.3545,1
1785368700000,54.049,54.146,53.88,53.918,9455.0,945.5,51105.9537,1
1785369600000,53.921,54.256,53.883,54.156,28262.0,2826.2,153149.595,1
1785370500000,54.135,54.21,54.011,54.1,16072.0,1607.2,86854.8364,1
1785371400000,54.088,54.088,53.763,53.8,54883.0,5488.3,296307.4343,1
1785372300000,53.812,53.982,53.812,53.959,7069.0,706.9,38132.7204,1
1785373200000,53.986,54.279,53.974,53.974,80845.0,8084.5,438110.2976,1
1785374100000,53.984,54.1,53.866,54.095,10976.0,1097.6,59237.5074,1
1785375000000,54.098,54.332,54.088,54.269,104699.0,10469.9,567786.6429,1
1785375900000,54.275,54.371,54.166,54.177,6014.0,601.4,32613.9648,1
1785376800000,54.185,54.27,54.103,54.168,107394.0,10739.4,581993.5112,1
1785377700000,54.175,54.216,53.999,54.0,6728.0,672.8,36419.1223,1
1785378600000,54.022,54.092,53.962,54.071,20203.0,2020.3,109150.0053,1
1785379500000,54.072,54.136,53.856,53.868,3684.0,368.4,19896.4613,1
1785380400000,53.873,54.03,53.826,53.903,14278.0,1427.8,77016.6179,1
1785381300000,53.89,54.031,53.871,53.996,27865.0,2786.5,150289.3441,1
1785382200000,53.998,54.053,53.826,54.047,6664.0,666.4,35950.5475,1
1785383100000,54.064,54.157,54.044,54.077,53570.0,5357.0,289956.3542,1
1785384000000,54.105,54.125,53.906,53.92,38068.0,3806.8,205684.5469,1
1785384900000,53.921,53.928,53.467,53.717,44648.0,4464.8,239619.8474,1
1785385800000,53.717,53.861,53.65,53.712,22007.0,2200.7,118336.2933,1
1785386700000,53.729,53.812,53.637,53.65,6220.0,622.0,33422.4365,1
1785387600000,53.651,53.698,53.573,53.614,1992.0,199.2,10684.2658,1
1785388500000,53.625,53.756,53.618,53.704,27628.0,2762.8,148403.8941,1
1785389400000,53.701,53.848,53.632,53.68,24604.0,2460.4,132305.4032,1
1785390300000,53.68,53.853,53.604,53.847,136817.0,13681.7,735423.0328,1
1785391200000,53.837,53.929,53.752,53.804,34882.0,3488.2,187791.8731,1
1785392100000,53.803,53.905,53.707,53.833,22312.0,2231.2,120098.4746,1
1785393000000,53.835,53.849,53.736,53.802,8748.0,874.8,47063.4549,1
1785393900000,53.8,53.872,53.706,53.725,12246.0,1224.6,65895.7258,1
1785394800000,53.733,53.98,53.699,53.907,126334.0,12633.4,681497.2323,1
1785395700000,53.907,53.914,53.739,53.779,30762.0,3076.2,165554.2446,1
1785396600000,53.799,53.846,53.618,53.805,39650.0,3965.0,213112.6616,1
1785397500000,53.805,53.825,53.667,53.697,25404.0,2540.4,136445.2568,1
1785398400000,53.704,53.88,53.613,53.804,21698.0,2169.8,116547.2472,1
1785399300000,53.797,54.073,53.797,54.002,12110.0,1211.0,65250.6402,1
1785400200000,53.976,54.05,53.953,54.022,12140.0,1214.0,65577.5212,1
1785401100000,54.012,54.087,53.921,53.975,9024.0,902.4,48712.7769,1
1785402000000,53.976,54.058,53.881,54.058,3486.0,348.6,18798.6824,1
1785402900000,54.017,54.13,53.975,54.123,43436.0,4343.6,234875.3886,1
1785403800000,54.142,54.142,54.061,54.086,21544.0,2154.4,116563.3911,1
1785404700000,54.089,54.099,53.964,54.025,5240.0,524.0,28287.6998,1
1785405600000,54.031,54.099,54.001,54.078,2448.0,244.8,13237.23,1
1785406500000,54.075,54.165,53.948,53.971,6359.0,635.9,34375.9252,1
1785407400000,53.971,54.014,53.757,53.858,15411.0,1541.1,83016.7861,1
1785408300000,53.855,53.883,53.5,53.5,42593.0,4259.3,228510.4006,1
1785409200000,53.475,53.541,53.308,53.371,35968.0,3596.8,192036.6206,1
1785410100000,53.377,53.428,53.26,53.339,47045.0,4704.5,250982.2463,1
1785411000000,53.344,53.344,52.857,53.054,86205.0,8620.5,457100.786,1
1785411900000,53.057,53.275,53.05,53.181,19038.0,1903.8,101106.8018,1
1785412800000,53.182,53.512,53.128,53.505,24557.0,2455.7,131087.7896,1
1785413700000,53.509,53.56,53.362,53.45,19735.0,1973.5,105511.6581,1
1785414600000,53.45,53.554,52.975,53.007,64119.0,6411.9,341809.441,1
1785415500000,52.99,53.257,52.975,53.239,65134.0,6513.4,345751.551,1
1785416400000,53.254,53.351,53.06,53.106,68088.0,6808.8,362419.534,1
1785417300000,53.109,53.327,52.855,53.231,51737.0,5173.7,274435.4419,1
1785418200000,53.227,53.499,53.087,53.44,79188.0,7918.8,421452.7848,1
1785419100000,53.433,53.743,53.346,53.687,173241.0,17324.1,928192.4908,1
1785420000000,53.683,53.825,53.495,53.66,97342.0,9734.2,523010.3219,1
1785420900000,53.66,53.878,53.445,53.803,46375.0,4637.5,248939.5813,1
1785421800000,53.825,54.02,53.776,53.996,177290.0,17729.0,956133.6481,1
1785422700000,53.981,54.064,53.658,53.747,56411.0,5641.1,304310.7748,1
1785423600000,53.762,54.196,53.67,53.979,143996.0,14399.6,777569.6429,1
1785424500000,53.975,54.15,53.902,53.916,72436.0,7243.6,391713.8644,1
1785425400000,53.916,54.346,53.893,54.245,46399.0,4639.9,251242.8512,1
1785426300000,54.257,54.6,54.1,54.454,197466.0,19746.6,1073957.785,1
1785427200000,54.463,54.83,54.428,54.7,80501.0,8050.1,440170.9114,1
1785428100000,54.698,54.816,54.45,54.776,51703.0,5170.3,282384.5914,1
1785429000000,54.785,54.81,54.394,54.434,32604.0,3260.4,178047.2136,1
1785429900000,54.402,54.9,54.402,54.853,50657.0,5065.7,277097.438,1
1785430800000,54.876,54.984,54.611,54.662,45244.0,4524.4,248101.9697,1
1785431700000,54.662,55.18,54.662,55.01,70185.0,7018.5,386147.8645,1
1785432600000,55.012,55.136,54.896,54.97,7715.0,771.5,42454.4339,1
1785433500000,54.971,54.971,54.809,54.828,37064.0,3706.4,203491.906,1
1785434400000,54.806,54.976,54.751,54.774,51122.0,5112.2,280689.1877,1
1785435300000,54.774,54.91,54.655,54.84,5571.0,557.1,30495.7671,1
1785436200000,54.844,55.057,54.822,54.95,44239.0,4423.9,242980.9429,1
1785437100000,54.986,55.029,54.833,54.952,3551.0,355.1,19507.631,1
1785438000000,54.966,55.267,54.964,55.202,52426.0,5242.6,289339.656,1
1785438900000,55.202,55.345,55.133,55.251,105611.0,10561.1,583871.0101,1
1785439800000,55.238,55.387,55.138,55.384,50115.0,5011.5,277387.7185,1
1785440700000,55.38,55.431,55.267,55.394,60743.0,6074.3,336342.4633,1
1785441600000,55.389,55.496,55.202,55.265,64402.0,6440.2,356908.2683,1
1785442500000,55.255,55.334,55.04,55.04,16963.0,1696.3,93663.2581,1
1785443400000,55.064,55.163,54.973,54.992,13264.0,1326.4,73002.9561,1
1785444300000,54.994,55.089,54.961,55.022,6251.0,625.1,34389.794,1
1785445200000,55.022,55.266,55.02,55.203,2376.0,237.6,13112.6216,1
1785446100000,55.184,55.49,55.173,55.47,11320.0,1132.0,62686.4257,1
1785447000000,55.461,55.749,55.438,55.5,48472.0,4847.2,269564.5142,1
1785447900000,55.5,55.682,55.5,55.636,11311.0,1131.1,62882.4457,1
1785448800000,55.643,55.712,55.566,55.654,76262.0,7626.2,424670.5747,1
1785449700000,55.668,55.931,55.564,55.913,50909.0,5090.9,283781.6258,1
1785450600000,55.931,55.987,55.854,55.975,16958.0,1695.8,94833.5848,1
1785451500000,55.96,56.106,55.952,55.991,15846.0,1584.6,88788.3943,1
1785452400000,55.991,56.011,55.76,55.963,8476.0,847.6,47405.9712,1
1785453300000,55.963,55.965,55.71,55.768,5036.0,503.6,28124.9523,1
1785454200000,55.748,55.967,55.715,55.734,6597.0,659.7,36802.651,1
1785455100000,55.731,55.903,55.629,55.873,4823.0,482.3,26887.6992,1
1785456000000,55.834,56.019,55.68,55.811,10867.0,1086.7,60647.1183,1
1785456900000,55.808,56.046,55.752,56.029,5121.0,512.1,28619.4918,1
1785457800000,56.012,56.063,55.88,56.0,6081.0,608.1,34048.5128,1
1785458700000,56.009,56.022,55.613,55.627,35303.0,3530.3,196612.0349,1
1785459600000,55.621,55.994,55.621,55.92,30021.0,3002.1,167894.0025,1
1785460500000,55.928,56.139,55.814,56.084,118710.0,11871.0,664730.205,1
1785461400000,56.08,56.1,55.867,55.931,4583.0,458.3,25645.8305,1
1785462300000,55.953,55.953,55.596,55.598,20923.0,2092.3,116709.6223,1
1785463200000,55.588,55.752,55.461,55.469,54192.0,5419.2,301356.486,1
1785464100000,55.441,55.469,55.196,55.253,7828.0,782.8,43268.5319,1
1785465000000,55.253,55.253,55.062,55.138,33500.0,3350.0,184802.0404,1
1785465900000,55.156,55.198,54.972,55.112,23645.0,2364.5,130278.0563,1
1785466800000,55.109,55.109,54.824,54.894,40084.0,4008.4,219934.3617,1
1785467700000,54.932,55.222,54.867,55.222,38762.0,3876.2,213485.5305,1
1785468600000,55.226,55.244,54.988,55.131,8187.0,818.7,45178.4471,1
1785469500000,55.117,55.219,55.002,55.06,4759.0,475.9,26212.3544,1
1785470400000,55.06,55.077,54.836,54.866,7733.0,773.3,42483.484,1
1785471300000,54.866,55.061,54.83,55.058,10714.0,1071.4,58781.9057,1
1785472200000,55.056,55.15,54.92,55.098,5939.0,593.9,32694.6038,1
1785473100000,55.103,55.207,54.97,55.114,1774.0,177.4,9772.9645,1
1785474000000,55.133,55.482,55.128,55.482,20417.0,2041.7,113006.6996,1
1785474900000,55.499,55.583,55.412,55.462,15147.0,1514.7,84042.661,1
1785475800000,55.463,55.551,55.13,55.13,7281.0,728.1,40246.8222,1
1785476700000,55.118,55.246,54.981,55.237,8226.0,822.6,45363.1715,1
1785477600000,55.233,55.514,55.21,55.514,3279.0,327.9,18154.178,1
1785478500000,55.524,55.649,55.497,55.632,6344.0,634.4,35290.476,1
1785479400000,55.627,55.643,55.375,55.433,2674.0,267.4,14846.0967,1
1785480300000,55.411,55.649,55.292,55.607,11654.0,1165.4,64541.6003,1
1785481200000,55.594,55.594,55.292,55.387,6322.0,632.2,35016.0425,1
1785482100000,55.381,55.524,55.295,55.478,13481.0,1348.1,74725.9907,1
1785483000000,55.472,55.493,54.89,54.94,25919.0,2591.9,142552.2208,1
1785483900000,54.992,55.064,54.48,54.568,16278.0,1627.8,89090.9617,1
1785484800000,54.558,54.859,54.523,54.805,6721.0,672.1,36784.8163,1
1785485700000,54.798,54.932,54.779,54.928,26217.0,2621.7,143803.914,1
1785486600000,54.907,54.949,54.562,54.716,4294.0,429.4,23509.1708,1
1785487500000,54.716,54.897,54.706,54.854,15301.0,1530.1,83891.6454,1
1785488400000,54.864,54.935,54.795,54.86,2211.0,221.1,12132.6061,1
1785489300000,54.848,54.854,54.324,54.413,18324.0,1832.4,99862.3778,1
1785490200000,54.414,54.495,54.334,54.393,11395.0,1139.5,62034.6342,1
1785491100000,54.394,54.482,54.16,54.271,15883.0,1588.3,86289.9341,1
1785492000000,54.278,54.643,54.138,54.623,3124.0,312.4,16990.6703,1
1785492900000,54.573,54.782,54.471,54.681,8987.0,898.7,49120.505,1
1785493800000,54.688,54.777,54.617,54.768,3413.0,341.3,18658.361,1
1785494700000,54.768,54.8,54.69,54.754,2510.0,251.0,13741.2575,1
1785495600000,54.776,54.882,54.635,54.657,2205.0,220.5,12083.2153,1
1785496500000,54.657,54.818,54.568,54.728,6570.0,657.0,35954.5047,1
1785497400000,54.728,54.844,54.65,54.766,2343.0,234.3,12825.4906,1
1785498300000,54.766,54.944,54.693,54.944,10903.0,1090.3,59790.6839,1
1785499200000,54.942,54.942,54.78,54.88,11960.0,1196.0,65604.8326,1
1785500100000,54.87,55.162,54.863,55.085,49447.0,4944.7,272212.5102,1
1785501000000,55.096,55.337,54.961,55.198,27131.0,2713.1,149642.4303,1
1785501900000,55.206,55.423,55.194,55.329,11040.0,1104.0,61106.6413,1
1785502800000,55.358,55.514,55.259,55.299,10450.0,1045.0,57875.5058,1
1785503700000,55.283,55.442,55.213,55.226,26858.0,2685.8,148501.0259,1
1785504600000,55.26,55.348,54.878,54.917,49725.0,4972.5,273874.3332,1
1785505500000,54.903,55.066,54.634,54.925,42568.0,4256.8,233316.6972,1
1785506400000,54.938,55.409,54.701,55.178,70119.0,7011.9,385391.0882,1
1785507300000,55.176,55.305,54.97,55.081,147233.0,14723.3,810195.2557,1
1785508200000,55.088,55.202,54.635,54.736,26622.0,2662.2,146002.857,1
1785509100000,54.718,54.887,54.306,54.524,30895.0,3089.5,168594.0838,1
1785510000000,54.541,54.63,54.316,54.316,21334.0,2133.4,116214.8421,1
1785510900000,54.328,54.449,54.039,54.292,54500.0,5450.0,295356.5288,1
1785511800000,54.3,54.467,54.12,54.274,25988.0,2598.8,141032.0692,1
1785512700000,54.28,54.426,54.102,54.299,40901.0,4090.1,222184.3089,1
1785513600000,54.301,54.432,54.219,54.31,19639.0,1963.9,106619.5541,1
1785514500000,54.314,54.542,54.134,54.479,13987.0,1398.7,76041.0018,1
1785515400000,54.479,54.532,53.622,53.724,78658.0,7865.8,424028.7842,1
1785516300000,53.707,53.875,53.209,53.418,65667.0,6566.7,350918.9939,1
1785517200000,53.421,53.563,53.333,53.542,63526.0,6352.6,339616.3719,1
1785518100000,53.523,53.577,53.45,53.537,44022.0,4402.2,235648.7737,1
1785519000000,53.501,53.594,53.466,53.559,16914.0,1691.4,90532.7544,1
1785519900000,53.563,53.7,53.521,53.65,20904.0,2090.4,112154.3607,1
1785520800000,53.649,53.694,53.522,53.599,14792.0,1479.2,79259.5722,1
1785521700000,53.608,53.654,53.392,53.474,12561.0,1256.1,67208.8588,1
1785522600000,53.489,53.516,52.918,53.073,115275.0,11527.5,613324.763,1
1785523500000,53.073,53.333,53.013,53.085,116838.0,11683.8,621167.7818,1
1785524400000,53.06,53.159,52.7,52.936,100474.0,10047.4,531448.4067,1
1785525300000,52.961,52.993,52.777,52.861,34330.0,3433.0,181550.4936,1
1785526200000,52.86,52.865,52.24,52.305,159459.0,15945.9,837615.8743,1
1785527100000,52.235,52.547,52.2,52.342,73524.0,7352.4,384762.805,1
1785528000000,52.356,52.448,51.826,52.137,162307.0,16230.7,844789.5704,1
1785528900000,52.121,52.758,52.104,52.69,90790.0,9079.0,476925.5261,1
1785529800000,52.696,52.999,52.664,52.906,110886.0,11088.6,585412.0342,1
1785530700000,52.905,52.944,52.65,52.765,35301.0,3530.1,186110.0034,1
1785531600000,52.743,52.93,52.673,52.682,11357.0,1135.7,59960.8319,1
1785532500000,52.697,52.737,52.531,52.644,47515.0,4751.5,249902.3187,1
1785533400000,52.644,52.671,52.187,52.28,101992.0,10199.2,534757.3394,1
1785534300000,52.285,52.346,52.073,52.278,58415.0,5841.5,305160.3082,1
1785535200000,52.278,52.578,52.247,52.558,56963.0,5696.3,298736.0609,1
1785536100000,52.562,52.701,52.562,52.641,28735.0,2873.5,151352.6965,1
1785537000000,52.627,52.717,52.599,52.649,49650.0,4965.0,261503.598,1
1785537900000,52.631,52.696,52.493,52.496,29535.0,2953.5,155440.3678,1
1785538800000,52.496,52.689,52.467,52.634,11150.0,1115.0,58647.7514,1
1785539700000,52.636,52.685,52.569,52.652,3972.0,397.2,20895.419,1
1785540600000,52.674,52.717,52.589,52.614,9789.0,978.9,51541.84,1
1785541500000,52.611,52.657,52.502,52.558,7810.0,781.0,41086.766,1
1785542400000,52.573,52.708,52.539,52.556,4744.0,474.4,24958.7039,1
1785543300000,52.551,52.562,52.372,52.439,18397.0,1839.7,96513.8269,1
1785544200000,52.447,52.595,52.335,52.595,11176.0,1117.6,58562.5123,1
1785545100000,52.616,52.644,52.401,52.489,12151.0,1215.1,63877.8021,1
1785546000000,52.483,52.7,52.483,52.651,6260.0,626.0,32933.9066,1
1785546900000,52.653,52.655,52.509,52.574,2583.0,258.3,13594.7909,1
1785547800000,52.574,52.628,52.506,52.521,1276.0,127.6,6706.1714,1
1785548700000,52.521,52.582,52.496,52.578,11738.0,1173.8,61675.3008,1
1785549600000,52.58,52.624,52.509,52.517,8920.0,892.0,46900.8105,1
1785550500000,52.506,52.608,52.491,52.554,3043.0,304.3,15984.5413,1
1785551400000,52.554,52.57,52.42,52.486,16492.0,1649.2,86574.471,1
1785552300000,52.48,52.48,52.272,52.278,33252.0,3325.2,173967.0348,1
1785553200000,52.273,52.356,52.197,52.221,20729.0,2072.9,108310.4904,1
1785554100000,52.221,52.28,52.127,52.169,22003.0,2200.3,114891.0097,1
1785555000000,52.179,52.228,52.125,52.164,1886.0,188.6,9840.1334,1
1785555900000,52.169,52.339,52.123,52.333,16716.0,1671.6,87261.5554,1
1785556800000,52.331,52.406,52.28,52.336,30416.0,3041.6,159157.2479,1
1785557700000,52.316,52.394,52.261,52.296,2884.0,288.4,15087.8635,1
1785558600000,52.332,52.433,52.261,52.406,7823.0,782.3,40928.6245,1
1785559500000,52.402,52.421,52.247,52.299,1613.0,161.3,8441.7191,1
1785560400000,52.294,52.368,52.209,52.343,5994.0,599.4,31361.9875,1
1785561300000,52.326,52.326,52.135,52.169,6309.0,630.9,32918.7721,1
1785562200000,52.16,52.197,51.631,51.677,65783.0,6578.3,341259.2625,1
1785563100000,51.68,51.71,51.55,51.7,58775.0,5877.5,303346.8442,1
1785564000000,51.711,51.953,51.628,51.895,9571.0,957.1,49517.3081,1
1785564900000,51.893,52.055,51.817,51.956,31576.0,3157.6,164083.8001,1
1785565800000,51.972,51.996,51.892,51.962,16608.0,1660.8,86306.1063,1
1785566700000,51.969,51.994,51.867,51.884,2996.0,299.6,15559.0354,1
1785567600000,51.875,51.935,51.806,51.892,20031.0,2003.1,103923.0987,1
1785568500000,51.886,51.886,51.722,51.8,70627.0,7062.7,365623.0479,1
1785569400000,51.794,51.852,51.644,51.751,10612.0,1061.2,54933.3789,1
1785570300000,51.751,52.064,51.712,51.89,10827.0,1082.7,56149.5879,1
1785571200000,51.896,52.023,51.863,52.001,10967.0,1096.7,56953.0261,1
1785572100000,52.014,52.329,52.012,52.325,7748.0,774.8,40395.4207,1
1785573000000,52.341,52.413,52.233,52.332,51428.0,5142.8,269384.9765,1
1785573900000,52.313,52.499,52.187,52.208,12781.0,1278.1,66909.4861,1
1785574800000,52.21,52.288,52.155,52.228,40741.0,4074.1,212724.655,1
1785575700000,52.235,52.328,52.177,52.272,11525.0,1152.5,60247.6971,1
1785576600000,52.234,52.355,52.2,52.236,4885.0,488.5,25530.757,1
1785577500000,52.256,52.291,52.06,52.083,19903.0,1990.3,103759.3743,1
1785578400000,52.101,52.214,52.033,52.182,15692.0,1569.2,81748.4799,1
1785579300000,52.177,52.235,52.033,52.075,4317.0,431.7,22515.57,1
1785580200000,52.063,52.272,52.033,52.255,10708.0,1070.8,55799.5892,1
1785581100000,52.247,52.264,52.091,52.097,15818.0,1581.8,82522.2035,1
1785582000000,52.08,52.113,51.88,52.106,17737.0,1773.7,92199.354,1
1785582900000,52.1,52.162,52.018,52.054,9531.0,953.1,49630.2085,1
1785583800000,52.054,52.097,51.972,51.983,1642.0,164.2,8543.3837,1
1785584700000,51.983,52.163,51.919,52.163,7557.0,755.7,39271.8625,1
1785585600000,52.163,52.383,52.107,52.369,7613.0,761.3,39833.6668,1
1785586500000,52.372,52.381,52.26,52.301,15418.0,1541.8,80674.7899,1
1785587400000,52.301,52.301,52.114,52.114,7831.0,783.1,40904.5367,1
1785588300000,52.127,52.344,52.088,52.146,3478.0,347.8,18145.2093,1
1785589200000,52.137,52.369,52.122,52.345,2492.0,249.2,13026.6458,1
1785590100000,52.34,52.356,52.301,52.34,5698.0,569.8,29818.369,1
1785591000000,52.34,52.624,52.234,52.274,7231.0,723.1,37996.7147,1
1785591900000,52.274,52.292,52.119,52.251,3585.0,358.5,18711.4142,1
1785592800000,52.255,52.283,52.171,52.242,6897.0,689.7,36014.9387,1
1785593700000,52.243,52.361,52.225,52.315,6905.0,690.5,36142.3398,1
1785594600000,52.315,52.482,52.209,52.451,12252.0,1225.2,64120.8799,1
1785595500000,52.456,52.456,52.281,52.348,14531.0,1453.1,76048.1778,1
1785596400000,52.344,52.541,52.301,52.486,8314.0,831.4,43522.4115,1
1785597300000,52.482,52.503,52.254,52.287,13763.0,1376.3,72044.077,1
1785598200000,52.287,52.43,52.239,52.402,9192.0,919.2,48072.7915,1
1785599100000,52.402,52.614,52.337,52.445,111655.0,11165.5,585380.198,1
1785600000000,52.46,52.481,52.358,52.358,5328.0,532.8,27923.4636,1
1785600900000,52.358,52.504,52.338,52.426,5141.0,514.1,26946.9832,1
1785601800000,52.426,52.591,52.419,52.548,11958.0,1195.8,62782.9005,1
1785602700000,52.548,52.642,52.448,52.518,73253.0,7325.3,385242.5874,1
1785603600000,52.519,52.614,52.393,52.393,31462.0,3146.2,165279.5433,1
1785604500000,52.386,52.399,52.25,52.277,24672.0,2467.2,129071.2653,1
1785605400000,52.288,52.288,52.054,52.104,55633.0,5563.3,289984.321,1
1785606300000,52.103,52.268,52.044,52.166,56384.0,5638.4,293726.5668,1
1785607200000,52.161,52.186,51.888,51.934,126468.0,12646.8,658720.1239,1
1785608100000,51.929,52.067,51.777,51.962,39626.0,3962.6,205676.3639,1
1785609000000,51.964,52.093,51.755,51.856,148552.0,14855.2,772549.9427,1
1785609900000,51.852,52.181,51.656,52.159,278268.0,27826.8,1448250.2475,1
1785610800000,52.154,52.202,51.985,52.064,61122.0,6112.2,318209.5402,1
1785611700000,52.063,52.174,51.898,52.072,14009.0,1400.9,72918.4093,1
1785612600000,52.081,52.194,51.859,51.919,9250.0,925.0,48070.8064,1
1785613500000,51.932,52.186,51.896,52.07,11217.0,1121.7,58322.8939,1
1785614400000,52.062,52.103,51.92,52.047,17561.0,1756.1,91395.8981,1
1785615300000,52.046,52.183,51.933,52.0,20409.0,2040.9,106247.2496,1
1785616200000,52.004,52.055,51.901,51.997,38463.0,3846.3,199863.0776,1
1785617100000,51.997,52.083,51.987,52.05,3403.0,340.3,17714.1867,1
1785618000000,52.05,52.293,52.05,52.217,49911.0,4991.1,260375.7399,1
1785618900000,52.206,52.224,52.09,52.103,4113.0,411.3,21450.6686,1
1785619800000,52.092,52.22,52.084,52.219,134998.0,13499.8,704565.8468,1
1785620700000,52.24,52.3,52.114,52.183,72510.0,7251.0,378224.6701,1
1785621600000,52.193,52.265,52.108,52.179,2170.0,217.0,11328.7333,1
1785622500000,52.179,52.197,52.084,52.173,15598.0,1559.8,81293.9644,1
1785623400000,52.173,52.209,52.107,52.157,12624.0,1262.4,65883.6612,1
1785624300000,52.157,52.195,52.101,52.113,8760.0,876.0,45665.8723,1
1785625200000,52.131,52.188,52.111,52.139,2292.0,229.2,11953.7091,1
1785626100000,52.139,52.168,52.071,52.071,8464.0,846.4,44103.1469,1
1785627000000,52.071,52.159,52.071,52.149,34264.0,3426.4,178688.8358,1
1785627900000,52.15,52.208,52.122,52.201,3851.0,385.1,20082.753,1
1785628800000,52.201,52.566,52.201,52.411,14228.0,1422.8,74531.2231,1
1785629700000,52.42,52.421,52.327,52.334,7891.0,789.1,41318.7061,1
1785630600000,52.328,52.435,52.328,52.406,9523.0,952.3,49862.8372,1
1785631500000,52.406,52.47,52.353,52.41,53256.0,5325.6,279134.5815,1
1785632400000,52.413,52.665,52.413,52.64,162820.0,16282.0,856408.3088,1
1785633300000,52.641,52.646,52.453,52.486,15584.0,1558.4,81826.6255,1
1785634200000,52.486,52.536,52.456,52.468,2242.0,224.2,11766.1129,1
1785635100000,52.477,52.51,52.373,52.413,21087.0,2108.7,110579.808,1
1785636000000,52.417,52.853,52.29,52.829,40114.0,4011.4,211334.6884,1
1785636900000,52.854,52.927,52.726,52.817,79762.0,7976.2,421386.4504,1
1785637800000,52.832,52.909,52.723,52.874,8040.0,804.0,42476.6195,1
1785638700000,52.852,53.0,52.844,52.941,20116.0,2011.6,106543.212,1
1785639600000,52.947,53.057,52.861,52.901,27924.0,2792.4,147912.8925,1
1785640500000,52.887,52.998,52.806,52.815,2492.0,249.2,13174.7308,1
1785641400000,52.818,52.889,52.786,52.869,15990.0,1599.0,84471.7717,1
1785642300000,52.871,52.921,52.742,52.795,6820.0,682.0,36007.4424,1
1785643200000,52.816,52.908,52.735,52.795,2898.0,289.8,15302.5267,1
1785644100000,52.795,52.853,52.705,52.705,115425.0,11542.5,609103.2537,1
1785645000000,52.705,52.841,52.637,52.656,111753.0,11175.3,589276.9695,1
1785645900000,52.681,52.705,52.573,52.625,3416.0,341.6,17971.5052,1
1785646800000,52.619,52.714,52.551,52.663,8527.0,852.7,44899.4276,1
1785647700000,52.674,52.674,52.551,52.618,5617.0,561.7,29551.0427,1
1785648600000,52.618,52.654,52.502,52.527,10862.0,1086.2,57104.8433,1
1785649500000,52.524,52.546,52.47,52.503,7714.0,771.4,40503.8307,1
1785650400000,52.505,52.505,52.328,52.359,8786.0,878.6,46027.7613,1
1785651300000,52.347,52.367,52.17,52.326,46052.0,4605.2,240791.6804,1
1785652200000,52.314,52.321,52.184,52.241,3400.0,340.0,17750.712,1
1785653100000,52.246,52.325,52.181,52.237,8993.0,899.3,46968.2498,1
1785654000000,52.237,52.318,52.177,52.242,1837.0,183.7,9595.8151,1
1785654900000,52.238,52.289,52.082,52.138,10229.0,1022.9,53360.7212,1
1785655800000,52.138,52.228,52.067,52.142,8008.0,800.8,41732.8387,1
1785656700000,52.142,52.142,51.886,51.927,16103.0,1610.3,83764.2195,1
1785657600000,51.93,52.018,51.813,51.985,17161.0,1716.1,89016.1782,1
1785658500000,51.974,52.128,51.962,52.065,8551.0,855.1,44499.5373,1
1785659400000,52.058,52.181,51.994,52.11,8417.0,841.7,43872.9873,1
1785660300000,52.11,52.148,52.021,52.056,8145.0,814.5,42404.449,1
1785661200000,52.073,52.093,51.923,52.028,3533.0,353.3,18377.9272,1
1785662100000,52.059,52.103,51.956,51.983,11364.0,1136.4,59100.0931,1
1785663000000,51.978,52.057,51.921,51.933,4109.0,410.9,21353.6067,1
1785663900000,51.933,51.971,51.822,51.838,5308.0,530.8,27540.6733,1
1785664800000,51.84,51.902,51.775,51.802,27061.0,2706.1,140266.2155,1
1785665700000,51.8,51.897,51.128,51.331,139206.0,13920.6,715309.9065,1
1785666600000,51.331,51.595,51.331,51.591,25593.0,2559.3,131728.127,1
1785667500000,51.591,51.594,51.482,51.492,6822.0,682.2,35169.0728,1
1785668400000,51.519,51.599,51.482,51.503,17120.0,1712.0,88258.8954,1
1785669300000,51.503,51.542,51.413,51.417,4754.0,475.4,24461.0721,1
1785670200000,51.416,51.503,51.318,51.369,57975.0,5797.5,297993.7215,1
1785671100000,51.371,51.487,51.253,51.315,25936.0,2593.6,133189.5609,1
1785672000000,51.313,51.406,51.276,51.345,13595.0,1359.5,69765.5028,1
1785672900000,51.346,51.375,51.166,51.311,19470.0,1947.0,99809.0507,1
1785673800000,51.317,51.578,51.317,51.526,21620.0,2162.0,111131.1016,1
1785674700000,51.526,51.666,51.428,51.513,7771.0,777.1,40060.8293,1
1785675600000,51.491,51.637,51.482,51.539,8590.0,859.0,44277.2607,1
1785676500000,51.504,51.699,51.504,51.564,7340.0,734.0,37895.0388,1
1785677400000,51.563,51.652,51.486,51.652,3680.0,368.0,18983.8399,1
1785678300000,51.65,51.685,51.58,51.623,5565.0,556.5,28739.1251,1
1785679200000,51.614,51.614,51.446,51.545,6294.0,629.4,32423.9587,1
1785680100000,51.561,51.561,51.464,51.509,5380.0,538.0,27710.0756,1
1785681000000,51.521,51.58,51.482,51.499,5239.0,523.9,26992.9838,1
1785681900000,51.516,51.552,51.349,51.436,10341.0,1034.1,53167.8689,1
1785682800000,51.434,51.54,51.387,51.54,10992.0,1099.2,56599.9756,1
1785683700000,51.536,51.653,51.507,51.642,5810.0,581.0,29966.3528,1
1785684600000,51.642,51.642,51.5,51.539,7643.0,764.3,39411.9811,1
1785685500000,51.532,51.532,51.317,51.385,40408.0,4040.8,207555.1101,1
1785686400000,51.387,51.447,51.307,51.37,11046.0,1104.6,56761.7388,1
1785687300000,51.374,51.538,51.355,51.538,7478.0,747.8,38469.0417,1
1785688200000,51.542,52.456,51.542,52.322,39503.0,3950.3,205236.5943,1
1785689100000,52.335,52.422,52.183,52.2,66811.0,6681.1,349233.0141,1
1785690000000,52.193,52.231,52.114,52.145,20812.0,2081.2,108584.9281,1
1785690900000,52.123,52.259,52.0,52.084,14226.0,1422.6,74136.3092,1
1785691800000,52.084,52.277,52.08,52.197,13912.0,1391.2,72635.0827,1
1785692700000,52.205,52.33,52.205,52.238,13956.0,1395.6,72967.1229,1
1785693600000,52.245,52.489,52.245,52.431,51289.0,5128.9,268691.289,1
1785694500000,52.426,52.49,52.365,52.376,23568.0,2356.8,123494.2486,1
1785695400000,52.379,52.744,52.356,52.605,19882.0,1988.2,104556.2058,1
1785696300000,52.623,52.676,52.509,52.564,7102.0,710.2,37355.2638,1
1785697200000,52.564,52.664,52.44,52.463,23950.0,2395.0,125697.4046,1
1785698100000,52.463,52.631,52.408,52.547,12390.0,1239.0,65067.4869,1
1785699000000,52.567,52.768,52.559,52.709,12974.0,1297.4,68310.9535,1
1785699900000,52.706,52.864,52.664,52.739,15144.0,1514.4,79895.7394,1
1785700800000,52.742,52.783,52.618,52.639,8328.0,832.8,43901.2548,1
1785701700000,52.637,52.745,52.467,52.471,14368.0,1436.8,75624.1946,1
1785702600000,52.479,52.592,52.414,52.548,3949.0,394.9,20744.9667,1
1785703500000,52.558,52.689,52.544,52.593,10711.0,1071.1,56365.1534,1
1785704400000,52.6,52.634,52.466,52.567,103352.0,10335.2,543637.259,1
1785705300000,52.576,52.927,52.534,52.803,6232.0,623.2,32850.9326,1
1785706200000,52.804,53.043,52.77,53.022,18691.0,1869.1,98903.7681,1
1785707100000,53.028,53.031,52.832,52.832,107595.0,10759.5,569058.2744,1
1785708000000,52.833,52.999,52.755,52.889,224765.0,22476.5,1188584.2022,1
1785708900000,52.879,53.007,52.781,52.926,23758.0,2375.8,125795.7523,1
1785709800000,52.927,52.945,52.6,52.692,29779.0,2977.9,156997.7846,1
1785710700000,52.71,52.759,52.551,52.593,17073.0,1707.3,89809.5118,1
1785711600000,52.594,52.725,52.57,52.691,61902.0,6190.2,325956.4482,1
1785712500000,52.691,52.704,52.542,52.689,10113.0,1011.3,53223.4929,1
1785713400000,52.693,52.722,52.556,52.632,1990.0,199.0,10477.6673,1
1785714300000,52.626,52.682,52.508,52.595,58149.0,5814.9,305860.4502,1
1785715200000,52.566,52.633,52.35,52.51,9396.0,939.6,49275.0741,1
1785716100000,52.512,52.725,52.464,52.554,15900.0,1590.0,83590.461,1
1785717000000,52.548,52.709,52.467,52.563,3550.0,355.0,18666.0631,1
1785717900000,52.557,52.733,52.526,52.678,12088.0,1208.8,63650.4708,1
1785718800000,52.675,52.68,52.36,52.36,26076.0,2607.6,137175.7852,1
1785719700000,52.366,52.494,52.284,52.484,17476.0,1747.6,91417.5992,1
1785720600000,52.49,52.588,52.429,52.558,1951.0,195.1,10246.5713,1
1785721500000,52.564,52.61,52.516,52.564,1335.0,133.5,7018.0106,1
1785722400000,52.549,52.616,52.229,52.33,24002.0,2400.2,125647.0088,1
1785723300000,52.331,52.527,52.299,52.387,2048.0,204.8,10741.9119,1
1785724200000,52.396,52.425,52.254,52.276,4071.0,407.1,21298.552,1
1785725100000,52.265,52.39,52.213,52.37,8849.0,884.9,46240.0077,1
1785726000000,52.361,52.452,52.256,52.258,3844.0,384.4,20146.5048,1
1785726900000,52.258,52.306,52.152,52.233,29606.0,2960.6,154431.3309,1
1785727800000,52.231,52.279,52.167,52.277,3553.0,355.3,18551.7369,1
1785728700000,52.285,52.385,52.094,52.253,17977.0,1797.7,94060.7244,1
1785729600000,52.228,52.329,52.113,52.192,2506.0,250.6,13093.298,1
1785730500000,52.183,52.707,52.136,52.659,15852.0,1585.2,83202.0084,1
1785731400000,52.706,52.707,52.52,52.577,3585.0,358.5,18873.8401,1
1785732300000,52.564,52.577,52.271,52.295,4567.0,456.7,23919.916,1
1785733200000,52.291,52.37,52.235,52.304,5591.0,559.1,29243.3168,1
1785734100000,52.3,52.404,52.293,52.385,1694.0,169.4,8864.4115,1
1785735000000,52.371,52.519,52.315,52.474,9206.0,920.6,48224.6011,1
1785735900000,52.487,52.838,52.453,52.833,11689.0,1168.9,61527.9215,1
1785736800000,52.839,52.84,52.589,52.607,22053.0,2205.3,116126.7868,1
1785737700000,52.607,52.625,52.465,52.504,3048.0,304.8,16018.1953,1
1785738600000,52.498,52.521,51.945,52.035,17705.0,1770.5,92169.3169,1
1785739500000,52.024,52.413,52.024,52.243,22075.0,2207.5,115487.2874,1
1785740400000,52.244,52.413,52.223,52.358,19576.0,1957.6,102435.7162,1
1785741300000,52.357,52.524,52.324,52.446,23327.0,2332.7,122239.278,1
1785742200000,52.44,52.526,52.358,52.36,1906.0,190.6,10001.1762,1
1785743100000,52.357,52.465,52.304,52.374,4569.0,456.9,23933.254,1
1785744000000,52.377,52.5,52.315,52.473,18974.0,1897.4,99463.1619,1
1785744900000,52.468,52.482,52.0,52.062,31439.0,3143.9,164121.9271,1
1785745800000,52.024,52.337,51.999,52.264,12664.0,1266.4,66162.9512,1
1785746700000,52.271,52.494,52.263,52.483,6722.0,672.2,35247.3059,1
1785747600000,52.491,52.689,52.423,52.606,24633.0,2463.3,129642.898,1
1785748500000,52.608,52.756,52.608,52.755,6705.0,670.5,35334.2624,1
1785749400000,52.756,52.914,52.75,52.853,15485.0,1548.5,81799.7499,1
1785750300000,52.853,52.888,52.738,52.809,25442.0,2544.2,134267.9455,1
1785751200000,52.813,52.854,52.727,52.772,9070.0,907.0,47881.9997,1
1785752100000,52.767,52.836,52.607,52.728,4629.0,462.9,24415.3808,1
1785753000000,52.73,52.743,52.62,52.665,7718.0,771.8,40641.0649,1
1785753900000,52.669,52.833,52.619,52.805,3469.0,346.9,18295.8218,1
1785754800000,52.795,52.822,52.627,52.696,5352.0,535.2,28224.373,1
1785755700000,52.696,53.109,52.694,52.793,22059.0,2205.9,116780.0438,1
1785756600000,52.779,53.217,52.775,53.184,20373.0,2037.3,108206.6727,1
1785757500000,53.178,53.178,52.733,52.754,18504.0,1850.4,97898.6099,1
1785758400000,52.754,52.837,52.63,52.814,14534.0,1453.4,76594.4188,1
1785759300000,52.814,52.987,52.812,52.891,9304.0,930.4,49231.263,1
1785760200000,52.896,52.91,52.787,52.903,6723.0,672.3,35539.0071,1
1785761100000,52.906,52.912,52.826,52.85,5818.0,581.8,30769.9228,1
1785762000000,52.845,52.984,52.842,52.924,19284.0,1928.4,102019.1236,1
1785762900000,52.927,53.286,52.827,53.097,49727.0,4972.7,264464.034,1
1785763800000,53.089,53.435,52.801,53.288,23896.0,2389.6,126820.4228,1
1785764700000,53.288,53.695,53.204,53.694,38174.0,3817.4,204149.0498,1
1785765600000,53.695,53.72,53.386,53.5,47978.0,4797.8,256714.518,1
1785766500000,53.498,53.801,53.387,53.78,62454.0,6245.4,335007.8326,1
1785767400000,53.781,54.038,53.693,53.988,98564.0,9856.4,530924.0051,1
1785768300000,53.994,54.244,53.76,54.168,46321.0,4632.1,250355.4994,1
1785769200000,54.175,54.205,54.032,54.099,43342.0,4334.2,234590.6042,1
1785770100000,54.1,54.177,53.911,53.982,23406.0,2340.6,126522.5182,1
1785771000000,53.993,54.383,53.993,54.196,25241.0,2524.1,137039.9694,1
1785771900000,54.205,54.437,54.205,54.329,37762.0,3776.2,205272.845,1
1785772800000,54.329,54.567,54.329,54.527,41437.0,4143.7,225685.9156,1
1785773700000,54.532,54.79,54.515,54.779,37966.0,3796.6,207645.2345,1
1785774600000,54.761,54.809,54.392,54.64,60019.0,6001.9,328477.3975,1
1785775500000,54.659,54.87,54.485,54.603,83410.0,8341.0,456062.2718,1
1785776400000,54.604,54.604,54.415,54.589,6797.0,679.7,37030.7481,1
1785777300000,54.587,54.673,54.383,54.548,13070.0,1307.0,71242.6019,1
1785778200000,54.544,54.669,54.505,54.669,18545.0,1854.5,101249.9736,1
1785779100000,54.67,54.823,54.612,54.65,8378.0,837.8,45828.8584,1
1785780000000,54.641,54.818,54.549,54.769,13336.0,1333.6,72938.9842,1
1785780900000,54.778,54.809,54.54,54.576,15739.0,1573.9,86049.3643,1
1785781800000,54.593,54.651,54.443,54.468,9090.0,909.0,49608.0334,1
1785782700000,54.468,54.494,54.251,54.254,72897.0,7289.7,396507.3536,1
1785783600000,54.255,54.417,54.251,54.329,26562.0,2656.2,144307.285,1
1785784500000,54.338,54.353,54.124,54.256,34384.0,3438.4,186521.3103,1
1785785400000,54.256,54.371,54.136,54.183,25855.0,2585.5,140131.481,1
1785786300000,54.184,54.597,54.07,54.505,41593.0,4159.3,225995.65,1
1785787200000,54.505,54.632,54.345,54.563,8518.0,851.8,46367.2948,1
1785788100000,54.566,54.743,54.566,54.608,9984.0,998.4,54558.4756,1
1785789000000,54.629,54.741,54.617,54.696,6265.0,626.5,34263.4047,1
1785789900000,54.696,54.696,54.237,54.24,17320.0,1732.0,94118.2067,1
1785790800000,54.24,54.394,54.213,54.294,14770.0,1477.0,80203.5411,1
1785791700000,54.305,54.371,54.197,54.213,7756.0,775.6,42076.1568,1
1785792600000,54.213,54.228,53.933,53.954,25097.0,2509.7,135685.1564,1
1785793500000,53.954,54.011,53.843,53.951,13562.0,1356.2,73134.9665,1
1785794400000,53.955,54.019,53.791,53.977,23202.0,2320.2,125033.0928,1
1785795300000,53.977,54.024,53.862,53.942,14088.0,1408.8,75980.6536,1
1785796200000,53.914,53.958,53.873,53.873,6359.0,635.9,34292.2946,1
1785797100000,53.869,54.057,53.809,54.026,16837.0,1683.7,90773.0191,1
1785798000000,54.028,54.028,53.855,53.928,21258.0,2125.8,114645.8299,1
1785798900000,53.927,54.063,53.86,53.997,4979.0,497.9,26882.5335,1
1785799800000,54.01,54.069,53.937,54.013,17615.0,1761.5,95146.587,1
1785800700000,53.986,54.04,53.904,53.991,8232.0,823.2,44416.096,1
1785801600000,53.981,53.993,53.822,53.884,6357.0,635.7,34245.5076,1
1785802500000,53.89,53.89,53.703,53.809,20683.0,2068.3,111228.2894,1
1785803400000,53.792,53.792,53.586,53.676,12388.0,1238.8,66513.1094,1
1785804300000,53.679,53.775,53.566,53.586,13537.0,1353.7,72612.8551,1
1785805200000,53.579,53.78,53.56,53.722,17704.0,1770.4,95073.1632,1
1785806100000,53.718,53.912,53.718,53.843,2824.0,282.4,15194.6201,1
1785807000000,53.846,54.154,53.813,54.127,30774.0,3077.4,166327.9893,1
1785807900000,54.116,54.334,54.05,54.301,11916.0,1191.6,64633.941,1
1785808800000,54.308,54.424,54.212,54.402,8879.0,887.9,48243.3598,1
1785809700000,54.401,54.485,54.31,54.311,13365.0,1336.5,72714.5499,1
1785810600000,54.298,54.485,54.27,54.383,3566.0,356.6,19396.1242,1
1785811500000,54.383,54.451,54.2,54.299,4749.0,474.9,25810.7224,1
1785812400000,54.295,54.295,54.105,54.121,7729.0,772.9,41856.5993,1
1785813300000,54.121,54.309,54.066,54.305,17452.0,1745.2,94564.0048,1
1785814200000,54.317,54.354,54.208,54.242,25066.0,2506.6,135977.0512,1
1785815100000,54.243,54.262,54.143,54.166,5647.0,564.7,30616.717,1
1785816000000,54.179,54.319,54.171,54.277,6476.0,647.6,35121.4025,1
1785816900000,54.285,54.485,54.285,54.453,24425.0,2442.5,132886.0445,1
1785817800000,54.462,54.512,54.418,54.467,16366.0,1636.6,89160.5547,1
1785818700000,54.45,54.61,54.418,54.538,30535.0,3053.5,166335.8516,1
1785819600000,54.546,54.578,54.414,54.414,18035.0,1803.5,98268.6511,1
1785820500000,54.411,54.512,54.376,54.461,16749.0,1674.9,91208.6095,1
1785821400000,54.48,54.58,54.443,54.508,57512.0,5751.2,313303.1302,1
1785822300000,54.508,54.527,54.412,54.442,54242.0,5424.2,295664.2156,1
1785823200000,54.442,54.498,54.381,54.411,3785.0,378.5,20614.8546,1
1785824100000,54.411,54.438,54.278,54.285,12328.0,1232.8,66993.1121,1
1785825000000,54.286,54.319,54.118,54.182,2421.0,242.1,13131.6822,1
1785825900000,54.188,54.304,54.188,54.296,2105.0,210.5,11422.9119,1
1785826800000,54.32,54.455,54.291,54.326,8702.0,870.2,47311.2743,1
1785827700000,54.326,54.702,54.323,54.7,15606.0,1560.6,85103.4282,1
1785828600000,54.693,54.942,54.675,54.904,38379.0,3837.9,210384.6204,1
1785829500000,54.906,54.943,54.761,54.77,5073.0,507.3,27851.6975,1
1785830400000,54.782,55.032,54.731,54.759,20630.0,2063.0,113388.3272,1
1785831300000,54.76,54.76,54.659,54.682,21878.0,2187.8,119646.3968,1
1785832200000,54.683,54.743,54.551,54.666,20990.0,2099.0,114735.8494,1
1785833100000,54.708,54.8,54.588,54.781,7407.0,740.7,40529.066,1
1785834000000,54.776,54.808,54.522,54.532,35438.0,3543.8,193567.5884,1
1785834900000,54.532,54.763,54.529,54.66,25805.0,2580.5,141035.7851,1
1785835800000,54.65,54.681,54.526,54.619,28269.0,2826.9,154270.8285,1
1785836700000,54.649,54.798,54.575,54.79,9950.0,995.0,54409.4334,1
1785837600000,54.799,54.933,54.695,54.914,9986.0,998.6,54720.6779,1
1785838500000,54.905,55.154,54.901,55.014,41090.0,4109.0,226237.306,1
1785839400000,55.024,55.082,54.88,55.01,14319.0,1431.9,78772.6642,1
1785840300000,54.99,55.284,54.99,55.238,20290.0,2029.0,112034.3622,1
1785841200000,55.243,55.499,55.169,55.498,44790.0,4479.0,248115.6442,1
1785842100000,55.461,55.477,55.314,55.355,18190.0,1819.0,100769.899,1
1785843000000,55.366,55.467,55.228,55.455,23231.0,2323.1,128418.6282,1
1785843900000,55.441,55.525,55.389,55.525,14670.0,1467.0,81375.1584,1
1785844800000,55.524,55.78,55.382,55.719,18007.0,1800.7,100040.7464,1
1785845700000,55.727,55.74,55.5,55.501,12215.0,1221.5,67979.2144,1
1785846600000,55.5,55.646,55.481,55.528,10776.0,1077.6,59826.9448,1
1785847500000,55.52,55.738,55.471,55.662,13303.0,1330.3,74007.8037,1
1785848400000,55.675,55.675,55.469,55.539,10902.0,1090.2,60560.2646,1
1785849300000,55.543,55.733,55.508,55.537,7950.0,795.0,44194.7718,1
1785850200000,55.546,55.8,55.5,55.659,13506.0,1350.6,75253.8542,1
1785851100000,55.658,55.658,55.179,55.262,39575.0,3957.5,218767.6319,1
1785852000000,55.263,55.511,55.153,55.407,12944.0,1294.4,71637.0749,1
1785852900000,55.411,55.48,55.069,55.247,44949.0,4494.9,248247.3879,1
1785853800000,55.246,55.452,55.182,55.387,13000.0,1300.0,71931.1524,1
1785854700000,55.399,55.487,55.316,55.423,27026.0,2702.6,149737.6237,1
1785855600000,55.435,55.571,55.323,55.323,20919.0,2091.9,115958.6831,1
1785856500000,55.325,55.375,55.077,55.259,19390.0,1939.0,107106.5234,1
1785857400000,55.256,55.42,55.038,55.42,56428.0,5642.8,311329.9465,1
1785858300000,55.404,55.588,55.355,55.436,13769.0,1376.9,76388.6662,1
1785859200000,55.446,55.505,55.244,55.296,42080.0,4208.0,232611.5679,1
1785860100000,55.289,55.427,55.245,55.324,4235.0,423.5,23432.1087,1
1785861000000,55.303,55.395,55.234,55.363,22949.0,2294.9,126953.4751,1
1785861900000,55.363,55.425,55.217,55.295,8184.0,818.4,45285.569,1
1785862800000,55.294,55.527,55.27,55.492,7822.0,782.2,43359.956,1
1785863700000,55.481,55.537,55.452,55.524,12035.0,1203.5,66804.2822,1
1785864600000,55.521,55.753,55.471,55.748,28209.0,2820.9,157159.0184,1
1785865500000,55.746,55.779,55.504,55.599,14079.0,1407.9,78347.9888,1
1785866400000,55.584,55.803,55.584,55.681,22138.0,2213.8,123263.2544,1
1785867300000,55.673,55.686,55.466,55.582,8799.0,879.9,48873.8612,1
1785868200000,55.6,55.638,55.428,55.432,9145.0,914.5,50758.9334,1
1785869100000,55.456,55.598,55.3,55.338,16908.0,1690.8,93847.6447,1
1785870000000,55.344,55.585,55.343,55.585,4427.0,442.7,24549.2423,1
1785870900000,55.595,55.631,55.401,55.491,10788.0,1078.8,59873.7287,1
1785871800000,55.487,55.52,55.354,55.409,3915.0,391.5,21693.9695,1
1785872700000,55.426,55.61,55.251,55.569,17879.0,1787.9,99008.4453,1
1785873600000,55.583,55.772,55.535,55.686,8296.0,829.6,46198.7147,1
1785874500000,55.678,55.678,55.328,55.495,10348.0,1034.8,57401.6809,1
1785875400000,55.495,55.713,55.495,55.607,14297.0,1429.7,79547.9146,1
1785876300000,55.602,55.608,55.412,55.459,27761.0,2776.1,154034.2242,1
1785877200000,55.462,55.497,55.304,55.305,9395.0,939.5,52035.2539,1
1785878100000,55.326,55.356,55.25,55.267,22245.0,2224.5,122991.8729,1
1785879000000,55.296,55.296,55.151,55.176,16126.0,1612.6,89017.7124,1
1785879900000,55.176,55.26,55.097,55.26,22288.0,2228.8,122909.077,1
1785880800000,55.247,55.311,55.174,55.295,6288.0,628.8,34753.7015,1
1785881700000,55.295,55.316,55.095,55.214,29618.0,2961.8,163358.8367,1
1785882600000,55.218,55.218,55.085,55.125,4235.0,423.5,23338.7684,1
1785883500000,55.139,55.224,55.12,55.168,10264.0,1026.4,56621.3935,1
1785884400000,55.175,55.372,55.12,55.345,17322.0,1732.2,95607.3125,1
1785885300000,55.325,55.375,55.042,55.058,12725.0,1272.5,70231.0321,1
1785886200000,55.054,55.147,55.053,55.109,16707.0,1670.7,91994.8711,1
1785887100000,55.109,55.11,55.052,55.064,2104.0,210.4,11586.6943,1
1785888000000,55.055,55.13,54.933,55.071,12247.0,1224.7,67362.8455,1
1785888900000,55.07,55.07,54.876,54.977,24727.0,2472.7,135843.701,1
1785889800000,54.991,55.036,54.818,54.85,29887.0,2988.7,164071.8194,1
1785890700000,54.839,54.858,54.725,54.754,27056.0,2705.6,148214.5847,1
1785891600000,54.77,54.986,54.672,54.912,16720.0,1672.0,91592.1311,1
1785892500000,54.909,55.047,54.833,54.996,16616.0,1661.6,91354.599,1
1785893400000,54.996,55.097,54.921,55.002,1213.0,121.3,6674.5444,1
1785894300000,55.001,55.455,55.001,55.331,25761.0,2576.1,142388.3443,1
1785895200000,55.334,55.818,55.317,55.781,49576.0,4957.6,275418.7722,1
1785896100000,55.774,55.969,55.672,55.883,58640.0,5864.0,327607.544,1
1785897000000,55.882,55.993,55.824,55.932,7688.0,768.8,42974.5016,1
1785897900000,55.936,56.499,55.899,56.406,75297.0,7529.7,423718.402,1
1785898800000,56.416,56.578,56.055,56.055,26238.0,2623.8,147950.1356,1
1785899700000,56.055,56.076,55.762,55.762,16763.0,1676.3,93825.8178,1
1785900600000,55.765,55.987,55.761,55.917,2906.0,290.6,16234.6266,1
1785901500000,55.916,56.038,55.9,56.005,2341.0,234.1,13102.2938,1
1785902400000,56.03,56.181,55.982,56.09,20917.0,2091.7,117315.7674,1
1785903300000,56.09,56.224,55.972,56.224,1821.0,182.1,10201.1738,1
1785904200000,56.224,56.367,56.182,56.304,3729.0,372.9,20996.7999,1
1785905100000,56.304,56.329,56.241,56.261,3232.0,323.2,18191.8648,1
1785906000000,56.253,56.796,56.241,56.733,18303.0,1830.3,103579.4847,1
1785906900000,56.744,56.917,56.717,56.824,24431.0,2443.1,138907.4748,1
1785907800000,56.808,56.808,56.603,56.674,9292.0,929.2,52665.4175,1
1785908700000,56.694,56.961,56.677,56.928,15258.0,1525.8,86649.6172,1
1785909600000,56.928,56.961,56.754,56.92,14566.0,1456.6,82861.6836,1
1785910500000,56.901,57.1,56.89,56.988,22327.0,2232.7,127342.0812,1
1785911400000,56.988,57.1,56.921,57.028,8148.0,814.8,46477.554,1
1785912300000,57.028,57.276,57.002,57.062,27326.0,2732.6,156253.6534,1
1785913200000,57.098,57.277,56.866,56.899,19445.0,1944.5,110936.822,1
1785914100000,56.914,56.966,56.603,56.72,28555.0,2855.5,161801.9757,1
1785915000000,56.734,56.818,56.634,56.687,5476.0,547.6,31065.2934,1
1785915900000,56.672,57.109,56.645,57.109,12862.0,1286.2,73214.7789,1
1785916800000,57.109,57.581,57.072,57.521,61777.0,6177.7,354328.8886,1
1785917700000,57.519,57.91,57.496,57.891,45728.0,4572.8,264165.0456,1
1785918600000,57.9,57.909,57.406,57.502,20577.0,2057.7,118697.555,1
1785919500000,57.478,57.695,57.425,57.613,18811.0,1881.1,108328.6445,1
1785920400000,57.614,57.645,57.422,57.603,5122.0,512.2,29482.5096,1
1785921300000,57.578,57.673,57.423,57.441,14922.0,1492.2,85766.019,1
1785922200000,57.441,57.521,57.303,57.329,12038.0,1203.8,69042.7881,1
1785923100000,57.339,57.459,57.262,57.277,2831.0,283.1,16229.6258,1
1785924000000,57.291,57.351,57.033,57.154,9669.0,966.9,55337.8082,1
1785924900000,57.134,57.283,56.787,57.203,16088.0,1608.8,91750.011,1
1785925800000,57.203,57.406,57.156,57.393,3921.0,392.1,22456.9246,1
1785926700000,57.393,57.406,57.111,57.406,6700.0,670.0,38394.6586,1
1785927600000,57.406,57.421,57.199,57.334,20282.0,2028.2,116286.2479,1
1785928500000,57.334,57.472,56.9,57.066,15491.0,1549.1,88601.8847,1
1785929400000,57.071,57.195,57.054,57.112,11920.0,1192.0,68072.4822,1
1785930300000,57.112,57.115,56.931,57.049,13863.0,1386.3,79021.5967,1
1785931200000,57.065,57.157,56.898,57.12,15155.0,1515.5,86333.0935,1
1785932100000,57.126,57.329,57.067,57.26,7259.0,725.9,41533.8131,1
1785933000000,57.276,57.367,57.167,57.346,15444.0,1544.4,88486.1533,1
1785933900000,57.332,57.353,56.987,57.1,19769.0,1976.9,112826.552,1
1785934800000,57.114,57.155,56.805,56.897,40332.0,4033.2,229503.0837,1
1785935700000,56.901,57.054,56.873,56.917,9545.0,954.5,54394.2775,1
1785936600000,56.917,57.171,56.577,57.118,59580.0,5958.0,338861.7733,1
1785937500000,57.126,57.307,56.93,57.186,22791.0,2279.1,130047.077,1
1785938400000,57.15,57.298,56.922,57.23,18881.0,1888.1,107837.453,1
1785939300000,57.243,57.52,57.123,57.212,31361.0,3136.1,179973.5295,1
1785940200000,57.212,57.321,57.023,57.311,15801.0,1580.1,90386.4668,1
1785941100000,57.315,57.456,57.216,57.295,22157.0,2215.7,127009.8907,1
1785942000000,57.337,57.517,57.2,57.364,7156.0,715.6,41072.5133,1
1785942900000,57.335,57.632,57.191,57.566,30526.0,3052.6,175454.6276,1
1785943800000,57.575,57.683,57.418,57.428,22392.0,2239.2,128999.2695,1
1785944700000,57.429,57.429,57.038,57.079,17554.0,1755.4,100445.09,1
1785945600000,57.088,57.6,57.088,57.599,4243.0,424.3,24337.111,1
1785946500000,57.599,57.833,57.514,57.615,24999.0,2499.9,144210.2318,1
1785947400000,57.626,57.689,57.524,57.552,12237.0,1223.7,70468.3328,1
1785948300000,57.543,57.565,57.454,57.529,3548.0,354.8,20405.8491,1
1785949200000,57.556,57.614,57.406,57.421,31597.0,3159.7,181826.5961,1
1785950100000,57.416,57.822,57.375,57.797,8193.0,819.3,47090.6207,1
1785951000000,57.791,57.972,57.775,57.866,18349.0,1834.9,106228.5929,1
1785951900000,57.849,57.958,57.756,57.759,4433.0,443.3,25646.2736,1
1785952800000,57.789,57.879,57.717,57.859,5324.0,532.4,30754.5298,1
1785953700000,57.86,57.92,57.565,57.589,15902.0,1590.2,91848.1301,1
1785954600000,57.582,57.597,57.281,57.286,48058.0,4805.8,276119.8829,1
1785955500000,57.306,57.339,57.136,57.275,14944.0,1494.4,85540.4346,1
1785956400000,57.276,57.451,57.201,57.371,9278.0,927.8,53189.6741,1
1785957300000,57.392,57.516,57.355,57.471,35169.0,3516.9,202209.7176,1
1785958200000,57.471,57.509,57.308,57.308,136547.0,13654.7,783917.9515,1
1785959100000,57.305,57.379,57.217,57.23,8259.0,825.9,47331.0041,1
1785960000000,57.24,57.317,56.972,57.002,20940.0,2094.0,119622.2731,1
1785960900000,57.011,57.095,56.801,57.086,26813.0,2681.3,152619.8266,1
1785961800000,57.078,57.288,56.972,57.288,10429.0,1042.9,59613.1748,1
1785962700000,57.289,57.29,57.108,57.155,21292.0,2129.2,121715.2803,1
1785963600000,57.163,57.163,56.824,56.857,10655.0,1065.5,60707.2411,1
1785964500000,56.868,56.909,56.756,56.9,12321.0,1232.1,70019.1994,1
1785965400000,56.9,56.935,56.72,56.784,50024.0,5002.4,283869.6239,1
1785966300000,56.779,56.936,56.735,56.806,9018.0,901.8,51218.5194,1
1785967200000,56.826,56.858,56.704,56.707,38028.0,3802.8,215783.911,1
1785968100000,56.703,56.835,56.663,56.822,8601.0,860.1,48787.2228,1
1785969000000,56.815,56.866,56.729,56.729,2026.0,202.6,11510.3219,1
1785969900000,56.727,56.785,56.686,56.74,2399.0,239.9,13611.0479,1
1785970800000,56.738,56.919,56.688,56.88,13260.0,1326.0,75413.7935,1
1785971700000,56.876,56.989,56.852,56.97,4555.0,455.5,25940.4519,1
1785972600000,56.976,57.036,56.948,57.026,23533.0,2353.3,134161.3417,1
1785973500000,57.007,57.021,56.899,56.953,3230.0,323.0,18394.4667,1
1785974400000,56.953,57.144,56.932,57.134,6265.0,626.5,35780.4564,1
1785975300000,57.134,57.209,57.034,57.036,12118.0,1211.8,69229.2528,1
1785976200000,57.049,57.062,56.84,56.84,10555.0,1055.5,60100.6616,1
1785977100000,56.835,56.963,56.83,56.947,5080.0,508.0,28913.6415,1
1785978000000,56.957,56.975,56.79,56.793,1954.0,195.4,11107.5653,1
1785978900000,56.81,56.81,56.435,56.468,19540.0,1954.0,110744.3313,1
1785979800000,56.464,56.652,56.429,56.614,6977.0,697.7,39457.6235,1
1785980700000,56.602,56.69,56.506,56.516,8913.0,891.3,50475.9434,1
1785981600000,56.503,56.538,56.382,56.391,16522.0,1652.2,93240.7144,1
1785982500000,56.391,56.418,56.2,56.205,27879.0,2787.9,156976.8107,1
1785983400000,56.205,56.28,56.106,56.266,40382.0,4038.2,226934.0553,1
1785984300000,56.256,56.295,56.1,56.166,2994.0,299.4,16816.6232,1
1785985200000,56.182,56.244,56.09,56.215,26297.0,2629.7,147816.4933,1
1785986100000,56.232,56.391,56.158,56.378,5626.0,562.6,31649.0052,1
1785987000000,56.38,56.416,56.249,56.28,11249.0,1124.9,63362.9566,1
1785987900000,56.279,56.355,56.144,56.355,15809.0,1580.9,88944.4409,1
1785988800000,56.355,56.434,56.266,56.4,10377.0,1037.7,58494.8018,1
1785989700000,56.4,56.573,56.398,56.527,7299.0,729.9,41238.7873,1
1785990600000,56.522,56.695,56.472,56.475,5806.0,580.6,32862.9597,1
1785991500000,56.462,56.462,56.332,56.369,3165.0,316.5,17851.9776,1
1785992400000,56.381,56.658,56.381,56.578,6332.0,633.2,35824.2663,1
1785993300000,56.581,56.651,56.39,56.414,4768.0,476.8,26951.984,1
1785994200000,56.406,56.523,56.369,56.52,1754.0,175.4,9898.0666,1
1785995100000,56.52,56.58,56.408,56.489,1160.0,116.0,6549.9001,1
1785996000000,56.494,56.494,56.174,56.179,27328.0,2732.8,153747.9476,1
1785996900000,56.212,56.278,56.161,56.199,12439.0,1243.9,69920.8464,1
1785997800000,56.191,56.199,56.086,56.173,11314.0,1131.4,63516.5433,1
1785998700000,56.173,56.212,56.131,56.158,3657.0,365.7,20535.6108,1
1785999600000,56.145,56.145,55.8,55.84,18954.0,1895.4,106032.6966,1
1786000500000,55.841,56.092,55.8,55.985,19111.0,1911.1,106966.4227,1
1786001400000,55.98,56.055,55.872,55.899,6029.0,602.9,33773.2403,1
1786002300000,55.902,56.039,55.881,56.034,5164.0,516.4,28906.4663,1
1786003200000,56.032,56.041,55.865,55.865,10787.0,1078.7,60341.8055,1
1786004100000,55.87,55.994,55.802,55.986,10266.0,1026.6,57321.3686,1
1786005000000,55.988,56.115,55.988,56.082,3576.0,357.6,20048.6215,1
1786005900000,56.089,56.2,56.085,56.134,8353.0,835.3,46899.0111,1
1786006800000,56.129,56.134,55.905,55.945,3202.0,320.2,17937.7799,1
1786007700000,55.953,56.014,55.845,55.869,5932.0,593.2,33168.5955,1
1786008600000,55.864,55.918,55.737,55.737,22759.0,2275.9,127003.8771,1
1786009500000,55.736,55.736,55.556,55.591,17337.0,1733.7,96464.3974,1
1786010400000,55.584,55.683,55.525,55.526,45399.0,4539.9,252248.4437,1
1786011300000,55.526,55.674,55.471,55.66,18621.0,1862.1,103423.9627,1
1786012200000,55.652,55.697,55.365,55.365,14693.0,1469.3,81495.0827,1
1786013100000,55.381,55.575,55.37,55.575,3755.0,375.5,20801.6981,1
1786014000000,55.588,55.588,55.404,55.418,10764.0,1076.4,59691.0386,1
1786014900000,55.426,55.588,55.423,55.495,4970.0,497.0,27604.5636,1
1786015800000,55.492,55.542,55.391,55.45,42298.0,4229.8,234747.4337,1
1786016700000,55.45,55.462,55.322,55.38,8395.0,839.5,46493.7776,1
1786017600000,55.379,55.416,55.251,55.339,22908.0,2290.8,126729.7846,1
1786018500000,55.345,55.436,55.174,55.28,13628.0,1362.8,75301.579,1
1786019400000,55.273,55.296,55.036,55.052,25121.0,2512.1,138535.244,1
1786020300000,55.046,55.057,54.926,54.975,43909.0,4390.9,241475.7496,1
1786021200000,54.999,55.051,54.676,54.817,27522.0,2752.2,150916.0162,1
1786022100000,54.801,54.956,54.69,54.825,23871.0,2387.1,130811.2767,1
1786023000000,54.815,55.363,54.75,55.324,46243.0,4624.3,254114.3247,1
1786023900000,55.348,55.375,55.135,55.161,30523.0,3052.3,168568.5774,1
1786024800000,55.173,55.56,55.12,55.549,15860.0,1586.0,87787.6011,1
1786025700000,55.593,55.949,55.48,55.789,47279.0,4727.9,263832.5414,1
1786026600000,55.79,56.1,55.612,55.923,17095.0,1709.5,95536.3573,1
1786027500000,55.923,55.967,55.7,55.965,29136.0,2913.6,162592.294,1
1786028400000,55.965,56.151,55.821,55.883,30802.0,3080.2,172512.4042,1
1786029300000,55.874,55.941,55.692,55.876,13138.0,1313.8,73303.0249,1
1786030200000,55.892,55.919,55.569,55.622,22473.0,2247.3,125162.1517,1
1786031100000,55.638,55.919,55.586,55.6,11768.0,1176.8,65606.1932,1
1786032000000,55.605,55.633,55.321,55.503,18979.0,1897.9,105279.9268,1
1786032900000,55.488,55.913,55.472,55.77,8489.0,848.9,47311.6382,1
1786033800000,55.765,56.022,55.765,56.006,22888.0,2288.8,127880.1694,1
1786034700000,56.007,56.295,55.972,56.277,21375.0,2137.5,119995.4221,1
1786035600000,56.289,56.579,56.2,56.201,27307.0,2730.7,153955.4834,1
1786036500000,56.201,56.391,56.157,56.283,10854.0,1085.4,61085.1868,1
1786037400000,56.253,56.342,56.123,56.185,14505.0,1450.5,81574.2765,1
1786038300000,56.201,56.341,56.104,56.228,12551.0,1255.1,70487.7084,1
1786039200000,56.236,56.248,56.001,56.145,10173.0,1017.3,57050.2884,1
1786040100000,56.149,56.265,56.024,56.131,5626.0,562.6,31590.8372,1
1786041000000,56.131,56.138,55.95,56.009,8021.0,802.1,44936.0483,1
1786041900000,56.014,56.118,55.984,56.067,6454.0,645.4,36177.0179,1
1786042800000,56.082,56.337,56.055,56.267,14501.0,1450.1,81594.1683,1
1786043700000,56.267,56.305,56.121,56.132,9847.0,984.7,55351.5376,1
1786044600000,56.164,56.177,56.023,56.169,37131.0,3713.1,208324.0189,1
1786045500000,56.167,56.199,56.011,56.06,6909.0,690.9,38770.2724,1
1786046400000,56.075,56.232,56.068,56.164,17308.0,1730.8,97240.1022,1
1786047300000,56.168,56.259,56.119,56.202,23569.0,2356.9,132414.0966,1
1786048200000,56.206,56.29,56.123,56.21,16695.0,1669.5,93859.164,1
1786049100000,56.205,56.205,55.809,55.879,34947.0,3494.7,195424.8918,1
1786050000000,55.88,55.976,55.854,55.928,6522.0,652.2,36455.8188,1
1786050900000,55.935,55.98,55.829,55.962,3968.0,396.8,22178.6796,1
1786051800000,55.966,56.058,55.966,56.04,15704.0,1570.4,87974.8063,1
1786052700000,56.04,56.114,55.964,56.018,9006.0,900.6,50453.5524,1
1786053600000,56.029,56.163,55.947,56.163,7424.0,742.4,41644.9348,1
1786054500000,56.165,56.186,56.104,56.153,3463.0,346.3,19447.2256,1
1786055400000,56.153,56.333,56.096,56.215,6621.0,662.1,37230.0435,1
1786056300000,56.237,56.264,56.193,56.209,1935.0,193.5,10878.0186,1
1786057200000,56.2,56.294,56.153,56.202,5011.0,501.1,28153.277,1
1786058100000,56.202,56.204,55.851,55.856,23430.0,2343.0,131060.329,1
1786059000000,55.857,56.039,55.841,56.023,8168.0,816.8,45644.423,1
1786059900000,56.024,56.212,56.011,56.212,11913.0,1191.3,66865.24,1
1786060800000,56.209,56.218,55.954,55.954,9247.0,924.7,51902.8294,1
1786061700000,55.941,55.941,55.758,55.758,15482.0,1548.2,86462.6476,1
1786062600000,55.758,55.898,55.627,55.822,18926.0,1892.6,105567.881,1
1786063500000,55.823,55.91,55.78,55.807,14340.0,1434.0,80030.3704,1
1786064400000,55.86,55.963,55.699,55.701,5873.0,587.3,32772.6729,1
1786065300000,55.716,55.77,55.629,55.759,3060.0,306.0,17053.1227,1
1786066200000,55.766,55.946,55.623,55.711,5729.0,572.9,31918.6388,1
1786067100000,55.702,55.862,55.696,55.825,7968.0,796.8,44448.6201,1
1786068000000,55.814,55.894,55.663,55.827,9010.0,901.0,50225.0564,1
1786068900000,55.823,55.964,55.625,55.646,5555.0,555.5,30979.3113,1
1786069800000,55.641,55.755,55.515,55.684,10071.0,1007.1,55986.2538,1
1786070700000,55.675,55.779,55.654,55.712,4827.0,482.7,26912.5758,1
1786071600000,55.727,55.736,55.6,55.672,8062.0,806.2,44889.5427,1
1786072500000,55.662,55.781,55.609,55.641,3703.0,370.3,20626.4817,1
1786073400000,55.621,55.707,55.6,55.6,5485.0,548.5,30527.8567,1
1786074300000,55.6,55.657,55.503,55.641,14190.0,1419.0,78829.9729,1
1786075200000,55.643,55.784,55.562,55.578,2474.0,247.4,13774.7886,1
1786076100000,55.578,55.742,55.535,55.585,1482.0,148.2,8238.195,1
1786077000000,55.578,55.626,55.459,55.532,17020.0,1702.0,94446.5075,1
1786077900000,55.537,55.618,55.112,55.299,48139.0,4813.9,265953.1292,1
1786078800000,55.299,55.418,55.196,55.389,5231.0,523.1,28918.6763,1
1786079700000,55.41,55.434,55.24,55.247,17021.0,1702.1,94215.6402,1
1786080600000,55.252,55.268,55.079,55.14,10835.0,1083.5,59719.4143,1
1786081500000,55.144,55.432,55.079,55.393,2667.0,266.7,14739.1236,1
1786082400000,55.396,55.61,55.311,55.61,5549.0,554.9,30780.1645,1
1786083300000,55.611,55.767,55.582,55.66,6807.0,680.7,37881.1207,1
1786084200000,55.655,55.711,55.527,55.7,6028.0,602.8,33518.8361,1
1786085100000,55.702,55.731,55.577,55.594,2328.0,232.8,12953.6616,1
1786086000000,55.597,55.738,55.54,55.727,4719.0,471.9,26278.6766,1
1786086900000,55.704,55.723,55.564,55.691,33518.0,3351.8,186480.5426,1
1786087800000,55.691,55.716,55.579,55.67,1534.0,153.4,8536.5427,1
1786088700000,55.67,55.694,55.591,55.627,5388.0,538.8,29989.9063,1
1786089600000,55.621,55.799,55.591,55.762,8678.0,867.8,48306.2943,1
1786090500000,55.769,55.87,55.65,55.87,4615.0,461.5,25721.502,1
1786091400000,55.882,56.424,55.867,56.332,37906.0,3790.6,213192.6725,1
1786092300000,56.316,56.358,56.219,56.305,9005.0,900.5,50700.0135,1
1786093200000,56.306,56.429,56.299,56.374,10727.0,1072.7,60461.1719,1
1786094100000,56.364,56.376,56.232,56.269,18233.0,1823.3,102663.183,1
1786095000000,56.269,56.532,56.248,56.475,21149.0,2114.9,119352.7733,1
1786095900000,56.475,56.57,56.444,56.57,22549.0,2254.9,127489.0022,1
1786096800000,56.569,56.666,56.487,56.621,22180.0,2218.0,125633.6366,1
1786097700000,56.613,56.677,56.584,56.633,2256.0,225.6,12778.9129,1
1786098600000,56.628,56.775,56.599,56.685,11171.0,1117.1,63367.4767,1
1786099500000,56.694,56.849,56.694,56.833,11422.0,1142.2,64876.4353,1
1786100400000,56.841,56.864,56.792,56.853,15758.0,1575.8,89529.3947,1
1786101300000,56.86,56.938,56.704,56.728,21734.0,2173.4,123492.3924,1
1786102200000,56.731,56.844,56.667,56.757,11959.0,1195.9,67843.0588,1
1786103100000,56.751,57.0,56.668,56.97,9350.0,935.0,53070.3781,1
1786104000000,56.992,57.0,56.798,56.798,20421.0,2042.1,116185.2793,1
1786104900000,56.801,56.898,56.685,56.738,28646.0,2864.6,162802.2245,1
1786105800000,56.724,56.912,56.577,56.71,13362.0,1336.2,75827.6141,1
1786106700000,56.712,56.821,56.56,56.604,17280.0,1728.0,97924.9982,1
1786107600000,56.604,56.707,56.465,56.534,11662.0,1166.2,65968.8108,1
1786108500000,56.534,56.86,56.526,56.69,13271.0,1327.1,75228.3479,1
1786109400000,56.699,56.775,56.601,56.775,12850.0,1285.0,72881.2087,1
1786110300000,56.758,56.775,56.283,56.283,29174.0,2917.4,164606.9001,1
1786111200000,56.289,56.305,55.672,55.738,49381.0,4938.1,276092.7986,1
1786112100000,55.744,56.231,55.731,56.209,20899.0,2089.9,117088.0572,1
1786113000000,56.218,56.222,56.034,56.077,15053.0,1505.3,84479.2443,1
1786113900000,56.085,56.119,55.843,55.888,31183.0,3118.3,174378.1339,1
1786114800000,55.901,55.91,55.539,55.749,66391.0,6639.1,369492.2886,1
1786115700000,55.747,55.793,55.642,55.767,13474.0,1347.4,75060.8245,1
1786116600000,55.771,55.876,55.525,55.648,23265.0,2326.5,129515.2494,1
1786117500000,55.63,55.891,55.577,55.779,12724.0,1272.4,70887.5525,1
1786118400000,55.783,55.81,55.583,55.768,13448.0,1344.8,74867.911,1
1786119300000,55.757,55.771,55.2,55.25,75462.0,7546.2,418046.8112,1
1786120200000,55.254,55.312,54.963,55.198,75544.0,7554.4,416227.1598,1
1786121100000,55.202,55.334,55.125,55.18,14282.0,1428.2,78883.0522,1
1786122000000,55.151,55.21,54.551,54.611,84113.0,8411.3,461000.0684,1
1786122900000,54.612,54.738,54.049,54.077,126216.0,12621.6,685881.3099,1
1786123800000,54.078,54.218,53.376,54.108,136462.0,13646.2,734514.288,1
1786124700000,54.092,54.185,53.794,54.184,86012.0,8601.2,463885.7541,1
1786125600000,54.164,54.4,54.149,54.245,31087.0,3108.7,168792.0156,1
1786126500000,54.267,54.589,54.239,54.255,20370.0,2037.0,110940.1389,1
1786127400000,54.255,54.255,53.786,53.912,63903.0,6390.3,345254.9142,1
1786128300000,53.912,54.06,53.912,54.053,25036.0,2503.6,135131.9552,1
1786129200000,54.043,54.237,54.043,54.163,18572.0,1857.2,100633.1821,1
1786130100000,54.163,54.569,54.161,54.472,23916.0,2391.6,130240.8591,1
1786131000000,54.478,54.596,54.406,54.536,6673.0,667.3,36367.4061,1
1786131900000,54.546,54.611,54.463,54.61,5177.0,517.7,28250.8958,1
1786132800000,54.611,54.64,54.334,54.529,11751.0,1175.1,63971.5706,1
1786133700000,54.555,54.59,54.433,54.467,6760.0,676.0,36879.4108,1
1786134600000,54.47,54.506,54.306,54.334,16281.0,1628.1,88507.4279,1
1786135500000,54.332,54.425,54.308,54.348,9561.0,956.1,51967.0361,1
1786136400000,54.356,54.41,54.256,54.334,5979.0,597.9,32479.1335,1
1786137300000,54.333,54.336,54.209,54.258,12050.0,1205.0,65358.5988,1
1786138200000,54.255,54.281,54.128,54.153,18603.0,1860.3,100815.3843,1
1786139100000,54.152,54.228,53.976,54.035,14140.0,1414.0,76427.037,1
1786140000000,54.039,54.196,53.951,54.152,25328.0,2532.8,137020.7844,1
1786140900000,54.152,54.332,54.152,54.254,10915.0,1091.5,59194.9554,1
1786141800000,54.248,54.248,54.092,54.114,15369.0,1536.9,83215.9524,1
1786142700000,54.114,54.225,54.095,54.212,8119.0,811.9,43987.2791,1
1786143600000,54.207,54.217,54.1,54.12,11004.0,1100.4,59580.3923,1
1786144500000,54.145,54.151,53.932,53.949,18638.0,1863.8,100712.6332,1
1786145400000,53.945,54.174,53.841,54.173,20859.0,2085.9,112555.6881,1
1786146300000,54.167,54.188,54.061,54.081,6322.0,632.2,34234.9636,1
1786147200000,54.088,54.16,54.03,54.142,8768.0,876.8,47405.5388,1
1786148100000,54.142,54.177,54.06,54.103,2044.0,204.4,11058.7123,1
1786149000000,54.103,54.13,53.867,53.892,18122.0,1812.2,97744.2297,1
1786149900000,53.892,54.036,53.892,53.984,4660.0,466.0,25165.9157,1
1786150800000,53.984,54.171,53.971,54.156,9885.0,988.5,53458.8075,1
1786151700000,54.116,54.211,54.082,54.147,8717.0,871.7,47195.5217,1
1786152600000,54.161,54.245,54.16,54.229,3553.0,355.3,19253.5184,1
1786153500000,54.222,54.232,54.126,54.188,7274.0,727.4,39404.508,1
1786154400000,54.19,54.245,54.165,54.17,5605.0,560.5,30381.9997,1
1786155300000,54.17,54.17,53.971,54.061,4821.0,482.1,26033.6353,1
1786156200000,54.048,54.144,54.016,54.075,10580.0,1058.0,57255.1187,1
1786157100000,54.068,54.172,54.043,54.132,1027.0,102.7,5558.1283,1
1786158000000,54.12,54.228,54.12,54.196,5744.0,574.4,31128.886,1
1786158900000,54.201,54.389,54.201,54.366,19163.0,1916.3,104175.9965,1
1786159800000,54.362,54.423,54.328,54.343,6481.0,648.1,35237.4831,1
1786160700000,54.319,54.398,54.302,54.347,538.0,53.8,2924.0412,1
1786161600000,54.354,54.415,54.21,54.246,11181.0,1118.1,60697.1401,1
1786162500000,54.246,54.307,54.189,54.293,3236.0,323.6,17547.259,1
1786163400000,54.29,54.433,54.29,54.39,2618.0,261.8,14229.1448,1
1786164300000,54.409,54.409,54.236,54.236,439.0,43.9,2383.8115,1
1786165200000,54.236,54.296,54.15,54.271,505.0,50.5,2738.6584,1
1786166100000,54.276,54.351,54.271,54.296,1560.0,156.0,8467.7262,1
1786167000000,54.285,54.431,54.264,54.405,1209.0,120.9,6574.8506,1
1786167900000,54.405,54.453,54.372,54.431,6844.0,684.4,37254.1169,1
1786168800000,54.431,54.452,54.409,54.439,11428.0,1142.8,62201.7682,1
1786169700000,54.438,54.442,54.364,54.436,6352.0,635.2,34551.9221,1
1786170600000,54.436,54.449,54.341,54.41,2577.0,257.7,14010.69,1
1786171500000,54.41,54.412,54.345,54.358,3054.0,305.4,16603.8419,1
1786172400000,54.358,54.365,54.276,54.28,1802.0,180.2,9788.0711,1
1786173300000,54.28,54.391,54.278,54.349,309.0,30.9,1679.0849,1
1786174200000,54.349,54.392,54.328,54.359,1481.0,148.1,8051.9269,1
1786175100000,54.359,54.44,54.349,54.393,7246.0,724.6,39399.7186,1
1786176000000,54.389,54.433,54.369,54.399,1125.0,112.5,6118.9181,1
1786176900000,54.399,54.453,54.385,54.394,7406.0,740.6,40288.4194,1
1786177800000,54.394,54.457,54.375,54.42,5002.0,500.2,27213.5014,1
1786178700000,54.42,54.674,54.416,54.642,6061.0,606.1,33080.4554,1
1786179600000,54.646,54.702,54.578,54.619,4083.0,408.3,22306.2846,1
1786180500000,54.619,54.779,54.609,54.761,10233.0,1023.3,55993.4968,1
1786181400000,54.743,54.765,54.665,54.705,4009.0,400.9,21932.4784,1
1786182300000,54.7,54.707,54.583,54.619,6329.0,632.9,34595.2856,1
1786183200000,54.62,54.83,54.62,54.766,10809.0,1080.9,59188.203,1
1786184100000,54.762,54.802,54.719,54.759,5728.0,572.8,31366.7698,1
1786185000000,54.759,54.792,54.717,54.779,834.0,83.4,4566.7579,1
1786185900000,54.779,54.837,54.664,54.808,4457.0,445.7,24381.6564,1
1786186800000,54.8,54.847,54.727,54.788,5178.0,517.8,28364.262,1
1786187700000,54.788,54.788,54.551,54.599,5360.0,536.0,29277.5386,1
1786188600000,54.59,54.62,54.511,54.513,8050.0,805.0,43928.7362,1
1786189500000,54.522,54.606,54.485,54.528,12377.0,1237.7,67527.6424,1
1786190400000,54.535,54.535,54.4,54.482,11881.0,1188.1,64721.7068,1
1786191300000,54.484,54.541,54.418,54.525,2620.0,262.0,14276.2012,1
1786192200000,54.529,54.576,54.519,54.576,3461.0,346.1,18877.5305,1
1786193100000,54.583,54.641,54.515,54.637,2760.0,276.0,15052.5265,1
1786194000000,54.618,54.718,54.618,54.7,8188.0,818.8,44764.2891,1
1786194900000,54.711,54.744,54.378,54.425,16248.0,1624.8,88588.2316,1
1786195800000,54.443,54.488,54.373,54.475,4303.0,430.3,23425.2961,1
1786196700000,54.475,54.482,54.34,54.359,3124.0,312.4,16984.9625,1
1786197600000,54.36,54.429,54.334,54.429,11797.0,1179.7,64136.7528,1
1786198500000,54.448,54.631,54.412,54.583,9185.0,918.5,50103.9227,1
1786199400000,54.585,54.599,54.45,54.482,11241.0,1124.1,61276.871,1
1786200300000,54.492,54.73,54.492,54.635,11417.0,1141.7,62383.6718,1
1786201200000,54.649,54.961,54.649,54.737,40213.0,4021.3,220319.1341,1
1786202100000,54.736,54.778,54.68,54.722,1456.0,145.6,7967.4598,1
1786203000000,54.726,54.802,54.66,54.802,5017.0,501.7,27460.3929,1
1786203900000,54.802,54.802,54.714,54.751,6277.0,627.7,34369.1668,1
1786204800000,54.743,54.904,54.743,54.818,27957.0,2795.7,153246.1597,1
1786205700000,54.794,54.872,54.759,54.771,7643.0,764.3,41876.9762,1
1786206600000,54.759,54.894,54.73,54.853,3538.0,353.8,19382.6231,1
1786207500000,54.874,55.038,54.874,55.038,11234.0,1123.4,61742.096,1
1786208400000,55.038,55.138,54.964,55.138,9197.0,919.7,50617.1691,1
1786209300000,55.137,55.187,54.899,54.924,8071.0,807.1,44425.516,1
1786210200000,54.936,55.165,54.858,55.165,10015.0,1001.5,55050.5452,1
1786211100000,55.146,55.158,54.981,55.01,1698.0,169.8,9348.9489,1
1786212000000,55.02,55.042,54.864,54.913,11552.0,1155.2,63479.694,1
1786212900000,54.908,54.929,54.826,54.845,5609.0,560.9,30784.3458,1
1786213800000,54.866,54.881,54.725,54.785,4624.0,462.4,25337.5532,1
1786214700000,54.785,54.826,54.706,54.816,7585.0,758.5,41506.3562,1
1786215600000,54.816,54.859,54.776,54.794,1485.0,148.5,8139.3912,1
1786216500000,54.794,54.889,54.763,54.853,2653.0,265.3,14536.3285,1
1786217400000,54.853,54.938,54.839,54.936,7555.0,755.5,41472.6058,1
1786218300000,54.932,54.996,54.927,54.95,9016.0,901.6,49557.8756,1
1786219200000,54.939,55.105,54.939,55.096,62584.0,6258.4,344251.6027,1
1786220100000,55.088,55.179,55.039,55.145,145161.0,14516.1,799729.8048,1
1786221000000,55.156,55.244,55.156,55.211,9616.0,961.6,53075.4959,1
1786221900000,55.211,55.263,55.105,55.164,10039.0,1003.9,55467.7773,1
1786222800000,55.164,55.182,55.025,55.069,1422.0,142.2,7829.6789,1
1786223700000,55.069,55.159,55.053,55.098,887.0,88.7,4886.8257,1
1786224600000,55.098,55.242,55.098,55.223,525.0,52.5,2897.7222,1
1786225500000,55.223,55.232,55.087,55.169,2495.0,249.5,13773.2418,1
1786226400000,55.182,55.182,54.992,54.992,3173.0,317.3,17476.2024,1
1786227300000,54.99,55.039,54.968,55.016,5693.0,569.3,31316.4392,1
1786228200000,55.001,55.07,54.978,55.002,722.0,72.2,3972.2517,1
1786229100000,55.002,55.053,54.903,55.048,12510.0,1251.0,68767.8169,1
1786230000000,55.024,55.073,55.001,55.026,5571.0,557.1,30655.9692,1
1786230900000,55.026,55.056,54.964,55.05,9386.0,938.6,51630.064,1
1786231800000,55.05,55.16,55.05,55.111,13266.0,1326.6,73108.429,1
1786232700000,55.1,55.154,55.1,55.131,251.0,25.1,1383.5442,1
1786233600000,55.131,55.131,55.077,55.109,593.0,59.3,3267.7039,1
1786234500000,55.109,55.129,55.087,55.129,149.0,14.9,821.1616,1
1786235400000,55.129,55.145,55.094,55.13,624.0,62.4,3439.8633,1
1786236300000,55.13,55.199,55.128,55.167,11035.0,1103.5,60871.5667,1
1786237200000,55.167,55.323,55.167,55.266,2681.0,268.1,14816.3527,1
1786238100000,55.266,55.313,55.064,55.064,12194.0,1219.4,67232.8202,1
1786239000000,55.041,55.124,55.004,55.074,446.0,44.6,2455.7255,1
1786239900000,55.075,55.233,55.075,55.157,1459.0,145.9,8046.0246,1
1786240800000,55.158,55.234,55.138,55.229,592.0,59.2,3267.885,1
1786241700000,55.228,55.228,54.999,54.999,3072.0,307.2,16956.1635,1
1786242600000,54.991,55.046,54.878,54.889,7539.0,753.9,41429.4857,1
1786243500000,54.893,54.975,54.818,54.864,5644.0,564.4,30967.1527,1
1786244400000,54.869,54.915,54.753,54.753,8148.0,814.8,44653.9703,1
1786245300000,54.752,54.907,54.75,54.875,7245.0,724.5,39706.3796,1
1786246200000,54.875,54.897,54.743,54.752,5781.0,578.1,31673.6977,1
1786247100000,54.75,54.783,54.676,54.742,3457.0,345.7,18908.871,1
1786248000000,54.737,54.777,54.569,54.725,21503.0,2150.3,117455.0337,1
1786248900000,54.733,55.042,54.733,54.996,4509.0,450.9,24775.8334,1
1786249800000,55.0,55.0,54.847,54.86,607.0,60.7,3331.7916,1
1786250700000,54.86,54.892,54.8,54.814,901.0,90.1,4938.8922,1
1786251600000,54.823,54.876,54.795,54.816,786.0,78.6,4309.5107,1
1786252500000,54.816,54.851,54.751,54.751,297.0,29.7,1627.4595,1
1786253400000,54.751,54.782,54.639,54.654,5328.0,532.8,29156.3179,1
1786254300000,54.654,54.727,54.561,54.697,2970.0,297.0,16209.7711,1
1786255200000,54.704,54.743,54.655,54.685,2903.0,290.3,15873.3165,1
1786256100000,54.672,54.733,54.631,54.645,12172.0,1217.2,66540.8248,1
1786257000000,54.638,54.727,54.638,54.67,7545.0,754.5,41246.3502,1
1786257900000,54.67,54.786,54.607,54.734,10131.0,1013.1,55382.698,1
1786258800000,54.734,54.766,54.647,54.766,13203.0,1320.3,72200.0141,1
1786259700000,54.765,54.793,54.744,54.782,2181.0,218.1,11941.2632,1
1786260600000,54.799,54.817,54.73,54.813,22874.0,2287.4,125275.8769,1
1786261500000,54.788,54.796,54.664,54.768,6485.0,648.5,35519.2685,1
1786262400000,54.773,54.915,54.725,54.77,3738.0,373.8,20506.4534,1
1786263300000,54.77,54.77,54.62,54.621,8937.0,893.7,48861.4786,1
1786264200000,54.62,54.654,54.436,54.469,19531.0,1953.1,106659.0518,1
1786265100000,54.505,54.627,54.497,54.624,3553.0,355.3,19372.5876,1
1786266000000,54.607,54.7,54.603,54.68,10181.0,1018.1,55664.4094,1
1786266900000,54.676,54.702,54.436,54.445,19790.0,1979.0,107890.5392,1
1786267800000,54.445,54.588,54.445,54.55,3445.0,344.5,18791.0517,1
1786268700000,54.552,54.639,54.51,54.587,4164.0,416.4,22725.4237,1
1786269600000,54.576,54.617,54.481,54.617,3544.0,354.4,19336.2971,1
1786270500000,54.618,54.636,54.564,54.591,7127.0,712.7,38927.2956,1
1786271400000,54.591,54.629,54.569,54.571,5088.0,508.8,27779.6604,1
1786272300000,54.581,54.593,54.505,54.535,8667.0,866.7,47283.0214,1
1786273200000,54.522,54.554,54.461,54.483,2820.0,282.0,15368.7799,1
1786274100000,54.483,54.541,54.452,54.526,9926.0,992.6,54095.1315,1
1786275000000,54.519,54.542,54.25,54.286,27443.0,2744.3,149057.352,1
1786275900000,54.286,54.295,54.123,54.258,16888.0,1688.8,91558.29,1
1786276800000,54.267,54.317,54.148,54.317,7623.0,762.3,41332.4706,1
1786277700000,54.308,54.309,54.2,54.281,5752.0,575.2,31211.7257,1
1786278600000,54.277,54.315,54.201,54.201,3370.0,337.0,18290.1745,1
1786279500000,54.207,54.236,54.169,54.173,6134.0,613.4,33249.2737,1
1786280400000,54.163,54.446,54.163,54.421,6267.0,626.7,34037.6431,1
1786281300000,54.421,54.532,54.408,54.525,13926.0,1392.6,75893.8296,1
1786282200000,54.525,54.555,54.453,54.463,9223.0,922.3,50265.1086,1
1786283100000,54.463,54.562,54.44,54.488,12925.0,1292.5,70465.2024,1
1786284000000,54.497,54.735,54.421,54.712,6035.0,603.5,32951.2678,1
1786284900000,54.705,54.71,54.464,54.496,956.0,95.6,5214.1031,1
1786285800000,54.489,54.609,54.447,54.579,3372.0,337.2,18388.0898,1
1786286700000,54.579,54.665,54.569,54.642,9770.0,977.0,53372.0736,1
1786287600000,54.642,54.714,54.601,54.678,14742.0,1474.2,80608.5573,1
1786288500000,54.673,54.701,54.513,54.566,8216.0,821.6,44824.7654,1
1786289400000,54.566,54.72,54.566,54.712,3884.0,388.4,21216.9043,1
1786290300000,54.696,54.886,54.687,54.832,18023.0,1802.3,98774.7514,1
1786291200000,54.838,55.01,54.801,54.883,15343.0,1534.3,84198.8441,1
1786292100000,54.894,54.947,54.744,54.847,21144.0,2114.4,115959.9442,1
1786293000000,54.842,54.899,54.798,54.831,9798.0,979.8,53754.974,1
1786293900000,54.839,54.984,54.83,54.866,9033.0,903.3,49594.5558,1
1786294800000,54.875,54.98,54.845,54.943,25009.0,2500.9,137254.9008,1
1786295700000,54.928,54.952,54.859,54.879,6112.0,611.2,33579.7684,1
1786296600000,54.879,54.896,54.791,54.822,1518.0,151.8,8324.1307,1
1786297500000,54.822,54.822,54.686,54.715,20046.0,2004.6,109799.8185,1
1786298400000,54.734,54.779,54.713,54.727,13168.0,1316.8,72080.5849,1
1786299300000,54.727,54.796,54.673,54.796,6376.0,637.6,34906.2566,1
1786300200000,54.796,54.796,54.696,54.774,5869.0,586.9,32126.0506,1
1786301100000,54.774,54.78,54.563,54.628,25971.0,2597.1,141865.9039,1
1786302000000,54.628,54.648,54.557,54.56,5904.0,590.4,32231.0038,1
1786302900000,54.56,54.664,54.552,54.663,7555.0,755.5,41258.9548,1
1786303800000,54.662,54.696,54.612,54.676,2601.0,260.1,14210.8029,1
1786304700000,54.676,54.727,54.645,54.675,2521.0,252.1,13785.1534,1
1786305600000,54.684,54.754,54.628,54.628,413.0,41.3,2259.1667,1
1786306500000,54.628,54.74,54.594,54.74,5190.0,519.0,28370.2116,1
1786307400000,54.74,54.769,54.74,54.755,8023.0,802.3,43927.1571,1
1786308300000,54.755,54.817,54.69,54.69,3650.0,365.0,19996.9383,1
1786309200000,54.69,54.692,54.458,54.471,12807.0,1280.7,69807.0885,1
1786310100000,54.464,54.517,54.444,54.465,15754.0,1575.4,85814.0442,1
1786311000000,54.45,54.493,54.423,54.433,5463.0,546.3,29742.8713,1
1786311900000,54.434,54.442,54.343,54.386,3909.0,390.9,21259.0164,1
1786312800000,54.393,54.602,54.336,54.589,7380.0,738.0,40205.2727,1
1786313700000,54.606,54.617,54.395,54.395,18616.0,1861.6,101427.7864,1
1786314600000,54.39,54.398,53.9,53.9,108338.0,10833.8,585265.908,1
1786315500000,53.907,54.124,53.816,54.058,56300.0,5630.0,303987.5057,1
1786316400000,54.051,54.161,53.924,53.931,6523.0,652.3,35227.555,1
1786317300000,53.922,54.001,53.764,53.819,23461.0,2346.1,126257.4555,1
1786318200000,53.793,54.009,53.75,53.908,37233.0,3723.3,200413.8908,1
1786319100000,53.931,53.968,53.755,53.856,28160.0,2816.0,151804.8612,1
1786320000000,53.853,54.245,53.815,54.162,20048.0,2004.8,108379.3914,1
1786320900000,54.171,54.201,53.905,53.969,5110.0,511.0,27646.9372,1
1786321800000,53.944,54.019,53.836,53.879,16831.0,1683.1,90819.1504,1
1786322700000,53.887,54.15,53.883,54.02,4581.0,458.1,24780.9517,1
1786323600000,54.016,54.105,53.927,54.068,14676.0,1467.6,79354.3957,1
1786324500000,54.053,54.134,53.952,53.952,4229.0,422.9,22874.5885,1
1786325400000,53.937,54.024,53.906,53.973,6739.0,673.9,36374.5099,1
1786326300000,53.978,54.485,53.9,54.423,24313.0,2431.3,131937.4204,1
1786327200000,54.425,54.451,54.237,54.297,4216.0,421.6,22884.3908,1
1786328100000,54.279,54.279,54.114,54.166,1245.0,124.5,6744.4114,1
1786329000000,54.166,54.513,54.146,54.513,11096.0,1109.6,60303.6355,1
1786329900000,54.518,54.518,54.363,54.363,5316.0,531.6,28922.6581,1
1786330800000,54.367,54.422,54.181,54.181,12342.0,1234.2,67019.8554,1
1786331700000,54.181,54.399,54.163,54.239,7160.0,716.0,38870.6018,1
1786332600000,54.245,54.372,54.243,54.251,4701.0,470.1,25513.368,1
1786333500000,54.244,54.27,54.023,54.093,9019.0,901.9,48789.4412,1
1786334400000,54.094,54.229,54.078,54.229,4095.0,409.5,22167.6094,1
1786335300000,54.233,54.276,54.085,54.085,8497.0,849.7,46050.8451,1
1786336200000,54.081,54.153,53.959,54.067,6918.0,691.8,37367.6159,1
1786337100000,54.067,54.161,53.938,53.964,5533.0,553.3,29915.6292,1
1786338000000,53.963,54.136,53.963,54.084,7904.0,790.4,42727.1798,1
1786338900000,54.08,54.168,54.077,54.107,8816.0,881.6,47693.1154,1
1786339800000,54.115,54.221,54.083,54.178,8571.0,857.1,46420.1228,1
1786340700000,54.188,54.332,54.166,54.299,5472.0,547.2,29697.9545,1
1786341600000,54.299,54.306,54.178,54.221,5162.0,516.2,28017.0264,1
1786342500000,54.235,54.275,54.093,54.118,13304.0,1330.4,72069.2413,1
1786343400000,54.133,54.478,54.13,54.474,4073.0,407.3,22101.5555,1
1786344300000,54.461,54.688,54.456,54.682,16368.0,1636.8,89215.2776,1
1786345200000,54.682,54.703,54.614,54.648,2991.0,299.1,16342.9137,1
1786346100000,54.648,54.725,54.604,54.691,4747.0,474.7,25948.0976,1
1786347000000,54.689,54.743,54.627,54.712,153581.0,15358.1,839344.1204,1
1786347900000,54.717,54.782,54.673,54.757,4306.0,430.6,23575.4419,1
1786348800000,54.769,54.876,54.692,54.724,6499.0,649.9,35609.9845,1
1786349700000,54.745,54.883,54.714,54.773,5797.0,579.7,31786.3769,1
1786350600000,54.77,54.858,54.666,54.741,5510.0,551.0,30140.6987,1
1786351500000,54.728,54.775,54.669,54.75,7721.0,772.1,42245.3916,1
1786352400000,54.749,54.751,54.616,54.645,14951.0,1495.1,81710.1596,1
1786353300000,54.655,54.685,54.622,54.663,3067.0,306.7,16765.2423,1
1786354200000,54.661,54.661,54.558,54.571,8901.0,890.1,48592.2467,1
1786355100000,54.571,54.578,54.474,54.474,6902.0,690.2,37645.1927,1
1786356000000,54.474,54.493,54.362,54.421,21099.0,2109.9,114818.1947,1
1786356900000,54.412,54.563,54.4,54.446,1578.0,157.8,8597.6294,1
1786357800000,54.457,54.533,54.432,54.476,10575.0,1057.5,57576.6581,1
1786358700000,54.492,54.535,54.461,54.493,28590.0,2859.0,155826.657,1
1786359600000,54.482,54.482,54.251,54.378,20252.0,2025.2,110084.9315,1
1786360500000,54.384,54.703,54.379,54.676,4497.0,449.7,24541.2956,1
1786361400000,54.681,54.738,54.632,54.649,7520.0,752.0,41119.0658,1
1786362300000,54.649,54.781,54.604,54.781,7298.0,729.8,39944.7461,1
1786363200000,54.782,55.236,54.765,55.129,15236.0,1523.6,83936.4209,1
1786364100000,55.143,55.278,55.018,55.02,13471.0,1347.1,74280.808,1
1786365000000,55.013,55.043,54.914,55.027,8652.0,865.2,47557.656,1
1786365900000,54.999,55.003,54.668,54.741,9674.0,967.4,53048.7309,1
1786366800000,54.755,54.78,54.655,54.707,8357.0,835.7,45708.3423,1
1786367700000,54.703,54.761,54.593,54.709,18214.0,1821.4,99561.8317,1
1786368600000,54.722,54.952,54.462,54.567,36780.0,3678.0,200933.5589,1
1786369500000,54.565,54.736,54.329,54.644,53274.0,5327.4,290380.4488,1
1786370400000,54.645,54.871,54.619,54.835,24763.0,2476.3,135455.8992,1
1786371300000,54.849,54.894,54.587,54.674,17860.0,1786.0,97669.3257,1
1786372200000,54.666,54.734,54.532,54.595,11721.0,1172.1,64013.0164,1
1786373100000,54.612,54.659,54.311,54.346,61347.0,6134.7,333899.8664,1
1786374000000,54.36,54.536,54.22,54.241,23436.0,2343.6,127256.4108,1
1786374900000,54.236,54.401,54.084,54.213,34143.0,3414.3,185032.3236,1
1786375800000,54.204,54.286,54.029,54.239,26774.0,2677.4,144939.421,1
1786376700000,54.239,54.387,54.18,54.33,7591.0,759.1,41240.9563,1
1786377600000,54.329,54.451,54.29,54.352,9453.0,945.3,51388.6778,1
1786378500000,54.358,54.384,54.213,54.213,12748.0,1274.8,69251.8163,1
1786379400000,54.212,54.29,54.095,54.095,20717.0,2071.7,112363.2709,1
1786380300000,54.108,54.31,53.994,54.276,24674.0,2467.4,133410.8593,1
1786381200000,54.294,55.12,54.238,55.004,27356.0,2735.6,150080.9027,1
1786382100000,55.019,55.032,54.787,54.85,17908.0,1790.8,98304.1822,1
1786383000000,54.848,55.2,54.819,55.058,17777.0,1777.7,97838.8875,1
1786383900000,55.052,55.09,54.943,55.003,16827.0,1682.7,92517.3124,1
1786384800000,55.0,55.131,54.95,55.127,8791.0,879.1,48401.6388,1
1786385700000,55.108,55.475,55.063,55.365,26608.0,2660.8,147191.141,1
1786386600000,55.366,55.435,55.045,55.222,30634.0,3063.4,168978.5824,1
1786387500000,55.193,55.231,54.818,54.945,24318.0,2431.8,133681.1111,1
1786388400000,54.929,55.237,54.925,55.221,23056.0,2305.6,127055.0297,1
1786389300000,55.228,55.674,55.228,55.671,43951.0,4395.1,243872.7644,1
1786390200000,55.677,55.796,55.422,55.722,18734.0,1873.4,104341.7152,1
1786391100000,55.734,55.903,55.702,55.892,28532.0,2853.2,159188.9038,1
1786392000000,55.878,56.11,55.763,55.804,49401.0,4940.1,276636.4619,1
1786392900000,55.792,55.811,55.555,55.599,20916.0,2091.6,116540.6325,1
1786393800000,55.599,55.637,55.452,55.544,7710.0,771.0,42834.3273,1
1786394700000,55.544,55.613,55.438,55.493,8430.0,843.0,46756.0508,1
1786395600000,55.466,55.571,55.341,55.341,7257.0,725.7,40271.5039,1
1786396500000,55.353,55.416,55.244,55.339,7077.0,707.7,39129.3727,1
1786397400000,55.338,55.436,55.277,55.343,8000.0,800.0,44287.1939,1
1786398300000,55.343,55.375,55.186,55.249,9997.0,999.7,55264.6949,1
1786399200000,55.254,55.385,55.182,55.385,12279.0,1227.9,67885.1324,1
1786400100000,55.378,55.386,55.159,55.212,15627.0,1562.7,86349.1416,1
1786401000000,55.211,55.211,55.1,55.145,7873.0,787.3,43406.927,1
1786401900000,55.154,55.238,55.126,55.225,41612.0,4161.2,229736.9303,1
1786402800000,55.225,55.225,55.087,55.154,19192.0,1919.2,105879.5405,1
1786403700000,55.135,55.159,55.028,55.136,7840.0,784.0,43209.8029,1
1786404600000,55.144,55.144,55.045,55.09,1329.0,132.9,7321.0177,1
1786405500000,55.09,55.129,55.052,55.085,3434.0,343.4,18917.9169,1
1786406400000,55.084,55.099,54.942,55.041,24382.0,2438.2,134128.1496,1
1786407300000,55.041,55.041,54.932,54.975,5430.0,543.0,29845.595,1
1786408200000,54.987,54.996,54.867,54.92,4095.0,409.5,22483.8392,1
1786409100000,54.92,54.953,54.861,54.9,8497.0,849.7,46659.1364,1
1786410000000,54.886,54.931,54.791,54.921,15714.0,1571.4,86181.288,1
1786410900000,54.921,55.514,54.899,55.226,47613.0,4761.3,262610.3484,1
1786411800000,55.219,55.386,55.068,55.386,12689.0,1268.9,70069.1185,1
1786412700000,55.387,55.535,55.318,55.391,18621.0,1862.1,103316.5467,1
1786413600000,55.379,55.426,55.224,55.237,5589.0,558.9,30916.8608,1
1786414500000,55.221,55.341,55.221,55.259,5996.0,599.6,33144.9559,1
1786415400000,55.259,55.278,55.182,55.222,6401.0,640.1,35358.3749,1
1786416300000,55.222,55.263,55.182,55.249,2149.0,214.9,11859.6658,1
1786417200000,55.262,55.336,55.241,55.286,3336.0,333.6,18444.74,1
1786418100000,55.297,55.39,55.273,55.282,3866.0,386.6,21395.8913,1
1786419000000,55.282,55.425,55.258,55.413,3326.0,332.6,18403.2097,1
1786419900000,55.413,55.485,55.305,55.433,802.0,80.2,4442.2004,1
1786420800000,55.433,55.499,55.394,55.454,2804.0,280.4,15538.88,1
1786421700000,55.456,55.55,55.436,55.549,4493.0,449.3,24941.2507,1
1786422600000,55.55,55.649,55.473,55.487,21432.0,2143.2,119084.7906,1
1786423500000,55.487,55.637,55.487,55.605,2568.0,256.8,14272.0533,1
1786424400000,55.599,55.603,55.387,55.467,5563.0,556.3,30856.0817,1
1786425300000,55.467,55.467,55.292,55.352,7286.0,728.6,40310.6335,1
1786426200000,55.352,55.413,55.31,55.378,2420.0,242.0,13398.129,1
1786427100000,55.378,55.383,55.284,55.351,2751.0,275.1,15220.6452,1
1786428000000,55.344,55.536,55.325,55.495,5111.0,511.1,28332.1801,1
1786428900000,55.503,55.514,55.343,55.41,2689.0,268.9,14891.3836,1
1786429800000,55.394,55.394,55.249,55.249,7832.0,783.2,43294.4132,1
1786430700000,55.256,55.294,55.035,55.116,11097.0,1109.7,61195.1518,1
1786431600000,55.128,55.194,55.059,55.067,10808.0,1080.8,59565.2782,1
1786432500000,55.063,55.063,54.834,54.852,14709.0,1470.9,80806.0438,1
1786433400000,54.852,55.063,54.85,54.986,8349.0,834.9,45905.9764,1
1786434300000,54.977,55.079,54.932,55.078,5909.0,590.9,32495.4446,1
1786435200000,55.086,55.126,55.017,55.042,6201.0,620.1,34155.3896,1
1786436100000,55.042,55.06,54.91,55.026,8703.0,870.3,47839.5025,1
1786437000000,55.026,55.027,54.966,54.97,1109.0,110.9,6099.2146,1
1786437900000,54.984,55.231,54.915,55.211,19282.0,1928.2,106265.8827,1
1786438800000,55.213,55.242,55.126,55.235,5101.0,510.1,28161.0893,1
1786439700000,55.232,55.29,55.211,55.233,11058.0,1105.8,61115.6436,1
1786440600000,55.233,55.349,55.209,55.349,18620.0,1862.0,102884.5581,1
1786441500000,55.335,55.349,55.23,55.282,7554.0,755.4,41770.896,1
1786442400000,55.286,55.293,55.16,55.16,3521.0,352.1,19441.7052,1
1786443300000,55.159,55.237,55.083,55.213,6700.0,670.0,36947.2447,1
1786444200000,55.214,55.224,55.08,55.088,8314.0,831.4,45866.8677,1
1786445100000,55.088,55.19,55.07,55.165,3265.0,326.5,18006.803,1
1786446000000,55.168,55.425,55.168,55.289,14176.0,1417.6,78409.0887,1
1786446900000,55.289,55.348,55.17,55.304,3942.0,394.2,21789.5406,1
1786447800000,55.301,55.335,55.247,55.276,938.0,93.8,5185.9784,1
1786448700000,55.276,55.37,55.245,55.313,14373.0,1437.3,79528.7732,1
1786449600000,55.324,55.36,55.234,55.265,6965.0,696.5,38539.3446,1
1786450500000,55.265,55.285,54.934,54.954,17007.0,1700.7,93653.9854,1
1786451400000,54.952,55.042,54.914,55.033,7387.0,738.7,40615.3874,1
1786452300000,55.036,55.056,54.93,54.979,19926.0,1992.6,109646.7371,1
1786453200000,54.975,55.105,54.931,54.931,9366.0,936.6,51517.844,1
1786454100000,54.931,54.971,54.797,54.971,13060.0,1306.0,71639.8813,1
1786455000000,54.964,55.061,54.878,54.967,24028.0,2402.8,132126.4174,1
1786455900000,54.957,54.983,54.584,54.741,48854.0,4885.4,267278.7377,1
1786456800000,54.723,54.723,54.297,54.358,59753.0,5975.3,325384.3587,1
1786457700000,54.36,54.557,54.36,54.496,15252.0,1525.2,83094.3821,1
1786458600000,54.501,54.505,54.22,54.287,92191.0,9219.1,500692.5699,1
1786459500000,54.316,54.469,54.273,54.341,9454.0,945.4,51381.0576,1
1786460400000,54.343,54.482,54.332,54.354,12714.0,1271.4,69206.1725,1
1786461300000,54.351,54.401,54.249,54.296,59360.0,5936.0,322426.2217,1
1786462200000,54.303,54.303,53.826,54.075,75684.0,7568.4,409269.8448,1
1786463100000,54.062,54.162,53.75,53.9,66987.0,6698.7,361019.6506,1
1786464000000,53.896,54.056,53.81,54.032,18466.0,1846.6,99564.7988,1
1786464900000,54.038,54.088,53.981,54.004,49994.0,4999.4,270101.1031,1
1786465800000,54.004,54.045,53.84,53.849,15944.0,1594.4,86001.009,1
1786466700000,53.849,53.993,53.8,53.928,31235.0,3123.5,168360.6093,1
1786467600000,53.942,53.986,53.827,53.843,15548.0,1554.8,83815.4671,1
1786468500000,53.854,53.981,53.811,53.923,10970.0,1097.0,59149.5813,1
1786469400000,53.942,53.969,53.876,53.931,8078.0,807.8,43566.8112,1
1786470300000,53.931,54.05,53.918,53.97,5072.0,507.2,27381.4024,1
1786471200000,53.958,54.309,53.942,54.217,12147.0,1214.7,65840.5527,1
1786472100000,54.2,54.203,54.085,54.085,7386.0,738.6,39994.457,1
1786473000000,54.085,54.179,54.049,54.154,24090.0,2409.0,130343.9243,1
1786473900000,54.153,54.161,54.07,54.09,10868.0,1086.8,58789.1953,1
1786474800000,54.088,54.088,53.825,53.899,66263.0,6626.3,357865.0351,1
1786475700000,53.907,54.168,53.907,54.163,13214.0,1321.4,71500.6538,1
1786476600000,54.174,54.429,54.162,54.429,9621.0,962.1,52239.868,1
1786477500000,54.431,54.619,54.333,54.584,11400.0,1140.0,62128.9336,1
1786478400000,54.569,54.708,54.495,54.526,17097.0,1709.7,93421.1304,1
1786479300000,54.515,54.6,54.488,54.563,8022.0,802.2,43755.8641,1
1786480200000,54.57,54.653,54.528,54.531,6429.0,642.9,35108.6968,1
1786481100000,54.541,54.738,54.473,54.654,10719.0,1071.9,58623.4466,1
1786482000000,54.654,54.697,54.59,54.59,4088.0,408.8,22332.9845,1
1786482900000,54.593,54.611,54.477,54.477,1517.0,151.7,8271.0986,1
1786483800000,54.486,54.676,54.485,54.676,10120.0,1012.0,55212.7781,1
1786484700000,54.685,54.761,54.635,54.637,5907.0,590.7,32320.5176,1
1786485600000,54.64,54.766,54.64,54.642,6662.0,666.2,36454.8394,1
1786486500000,54.642,54.656,54.488,54.521,690.0,69.0,3764.7158,1
1786487400000,54.521,54.545,54.404,54.404,1829.0,182.9,9961.3978,1
1786488300000,54.414,54.414,54.321,54.354,1384.0,138.4,7522.7931,1
1786489200000,54.371,54.378,54.251,54.345,14030.0,1403.0,76217.321,1
1786490100000,54.345,54.531,54.318,54.492,17441.0,1744.1,94887.3221,1
1786491000000,54.494,54.567,54.486,54.54,2797.0,279.7,15251.4348,1
1786491900000,54.525,54.528,54.493,54.497,4104.0,410.4,22373.3783,1
1786492800000,54.484,54.484,54.369,54.413,2195.0,219.5,11944.163,1
1786493700000,54.413,54.541,54.377,54.498,9308.0,930.8,50704.8292,1
1786494600000,54.498,54.546,54.441,54.521,1656.0,165.6,9024.883,1
1786495500000,54.521,54.618,54.342,54.383,7085.0,708.5,38652.9522,1
1786496400000,54.382,54.527,54.373,54.425,6742.0,674.2,36694.3646,1
1786497300000,54.419,54.434,54.316,54.324,2846.0,284.6,15480.5025,1
1786498200000,54.324,54.58,54.285,54.565,1352.0,135.2,7349.2804,1
1786499100000,54.573,54.723,54.554,54.554,3228.0,322.8,17645.9106,1
1786500000000,54.569,54.683,54.566,54.59,4500.0,450.0,24581.8411,1
1786500900000,54.583,54.618,54.478,54.618,1412.0,141.2,7702.1914,1
1786501800000,54.635,54.68,54.56,54.617,2679.0,267.9,14633.6719,1
1786502700000,54.61,54.618,54.529,54.546,11273.0,1127.3,61532.6615,1
1786503600000,54.548,54.614,54.514,54.563,4130.0,413.0,22535.3773,1
1786504500000,54.555,54.658,54.529,54.643,7162.0,716.2,39120.3754,1
1786505400000,54.639,54.779,54.613,54.73,1742.0,174.2,9521.9058,1
1786506300000,54.728,54.728,54.63,54.644,2421.0,242.1,13233.3227,1
1786507200000,54.644,54.821,54.636,54.786,4603.0,460.3,25201.2418,1
1786508100000,54.786,54.797,54.52,54.52,10949.0,1094.9,59827.647,1
1786509000000,54.515,54.534,54.433,54.511,4251.0,425.1,23151.2836,1
1786509900000,54.511,54.59,54.509,54.523,1487.0,148.7,8112.7146,1
1786510800000,54.523,54.638,54.474,54.62,1545.0,154.5,8426.0136,1
1786511700000,54.609,54.648,54.556,54.562,1638.0,163.8,8946.8339,1
1786512600000,54.574,54.61,54.547,54.55,1179.0,117.9,6435.8118,1
1786513500000,54.539,54.681,54.511,54.665,29646.0,2964.6,161724.2635,1
1786514400000,54.643,54.8,54.636,54.786,3604.0,360.4,19729.8633,1
1786515300000,54.761,54.941,54.75,54.887,25165.0,2516.5,138074.7268,1
1786516200000,54.887,54.887,54.704,54.769,921.0,92.1,5048.2471,1
1786517100000,54.769,54.85,54.727,54.822,4159.0,415.9,22795.9697,1
1786518000000,54.842,55.159,54.842,55.153,19351.0,1935.1,106556.9057,1
1786518900000,55.153,55.216,55.112,55.12,26190.0,2619.0,144489.2644,1
1786519800000,55.12,55.172,55.048,55.053,4297.0,429.7,23677.2001,1
1786520700000,55.045,55.17,54.98,55.17,16695.0,1669.5,92014.1536,1
1786521600000,55.161,55.2,55.064,55.081,7302.0,730.2,40270.5359,1
1786522500000,55.084,55.084,54.955,54.994,1673.0,167.3,9206.053,1
1786523400000,54.977,54.977,54.887,54.887,11365.0,1136.5,62424.3212,1
1786524300000,54.887,55.045,54.887,55.031,28500.0,2850.0,156817.325,1
1786525200000,55.006,55.024,54.89,54.982,13819.0,1381.9,75887.2393,1
1786526100000,54.995,55.193,54.914,55.19,22518.0,2251.8,123938.4141,1
1786527000000,55.193,55.372,55.158,55.36,37385.0,3738.5,206745.4035,1
1786527900000,55.36,55.4,55.299,55.323,5321.0,532.1,29460.4404,1
1786528800000,55.331,55.425,55.237,55.277,17458.0,1745.8,96528.4829,1
1786529700000,55.266,55.372,55.183,55.314,2248.0,224.8,12436.9353,1
1786530600000,55.273,55.549,55.265,55.53,9009.0,900.9,49992.4113,1
1786531500000,55.537,55.566,55.462,55.547,12184.0,1218.4,67659.3346,1
1786532400000,55.552,55.638,55.527,55.602,6124.0,612.4,34055.8131,1
1786533300000,55.612,55.815,55.598,55.788,68804.0,6880.4,383099.3649,1
1786534200000,55.791,55.8,55.616,55.677,22372.0,2237.2,124639.0792,1
1786535100000,55.677,55.811,55.677,55.795,17876.0,1787.6,99573.0063,1
1786536000000,55.789,55.884,55.761,55.879,9076.0,907.6,50682.3698,1
1786536900000,55.838,55.992,55.826,55.892,18462.0,1846.2,103252.7051,1
1786537800000,55.949,55.995,55.549,55.688,25137.0,2513.7,140089.6921,1
1786538700000,55.685,55.826,55.518,55.817,11506.0,1150.6,64090.253,1
1786539600000,55.824,56.387,55.761,56.163,84816.0,8481.6,476684.4397,1
1786540500000,56.153,56.452,56.153,56.448,11897.0,1189.7,67065.5407,1
1786541400000,56.452,56.458,55.861,55.974,29202.0,2920.2,164088.271,1
1786542300000,55.979,56.246,55.895,56.02,37583.0,3758.3,210505.3168,1
1786543200000,56.006,56.054,55.734,55.92,47570.0,4757.0,265763.6011,1
1786544100000,55.895,55.943,55.508,55.589,24665.0,2466.5,137290.4049,1
1786545000000,55.591,55.964,55.475,55.948,29218.0,2921.8,162589.5627,1
1786545900000,55.961,56.051,55.831,55.852,18019.0,1801.9,100772.2683,1
1786546800000,55.846,55.947,55.802,55.93,14084.0,1408.4,78686.0729,1
1786547700000,55.931,56.121,55.863,55.943,33022.0,3302.2,185011.6269,1
1786548600000,55.956,56.399,55.937,56.371,51813.0,5181.3,291611.4757,1
1786549500000,56.382,56.587,56.316,56.543,50416.0,5041.6,284459.294,1
1786550400000,56.545,56.644,56.328,56.377,15182.0,1518.2,85737.6708,1
1786551300000,56.384,56.438,56.296,56.387,14636.0,1463.6,82485.5814,1
1786552200000,56.436,56.509,56.31,56.413,11643.0,1164.3,65659.2914,1
1786553100000,56.396,56.613,56.36,56.61,26093.0,2609.3,147479.9975,1
1786554000000,56.617,56.645,56.489,56.5,30471.0,3047.1,172300.127,1
1786554900000,56.495,56.645,56.441,56.616,6185.0,618.5,34993.2019,1
1786555800000,56.617,56.89,56.585,56.741,63079.0,6307.9,358357.093,1
1786556700000,56.751,56.917,56.677,56.889,34247.0,3424.7,194474.1653,1
1786557600000,56.881,56.94,56.714,56.721,12042.0,1204.2,68390.9084,1
1786558500000,56.713,56.719,56.346,56.528,38017.0,3801.7,214734.451,1
1786559400000,56.527,56.8,56.467,56.605,13125.0,1312.5,74368.7914,1
1786560300000,56.581,56.619,56.513,56.593,10987.0,1098.7,62171.6654,1
1786561200000,56.605,56.672,56.419,56.451,11168.0,1116.8,63191.5115,1
1786562100000,56.448,56.547,56.329,56.423,9374.0,937.4,52862.0668,1
1786563000000,56.425,56.471,56.22,56.237,25969.0,2596.9,146145.9604,1
1786563900000,56.248,56.312,56.179,56.23,27912.0,2791.2,156884.4572,1
1786564800000,56.229,56.406,56.219,56.331,19485.0,1948.5,109793.8427,1
1786565700000,56.331,56.331,56.149,56.239,22448.0,2244.8,126193.4404,1
1786566600000,56.237,56.347,56.235,56.247,3747.0,374.7,21096.9592,1
1786567500000,56.247,56.283,56.149,56.204,3821.0,382.1,21481.9839,1
1786568400000,56.211,56.261,56.12,56.19,21166.0,2116.6,118899.7371,1
1786569300000,56.186,56.218,56.048,56.09,15998.0,1599.8,89777.6786,1
1786570200000,56.081,56.222,56.022,56.194,12737.0,1273.7,71454.9594,1
1786571100000,56.2,56.25,56.063,56.063,11029.0,1102.9,61983.6926,1
1786572000000,56.061,56.325,56.061,56.325,5710.0,571.0,32075.3869,1
1786572900000,56.324,56.464,56.1,56.108,10726.0,1072.6,60355.0353,1
1786573800000,56.09,56.108,55.978,55.993,21559.0,2155.9,120787.2326,1
1786574700000,55.995,56.111,55.995,56.111,6596.0,659.6,36969.5692,1
1786575600000,56.103,56.104,55.998,56.06,1568.0,156.8,8789.5547,1
1786576500000,56.06,56.118,55.951,56.049,9035.0,903.5,50605.1114,1
1786577400000,56.049,56.153,55.915,56.09,7073.0,707.3,39587.44,1
1786578300000,56.089,56.104,56.026,56.061,658.0,65.8,3689.4502,1
1786579200000,56.05,56.39,56.025,56.341,31257.0,3125.7,175659.7829,1
1786580100000,56.344,56.469,56.3,56.453,7702.0,770.2,43426.6657,1
1786581000000,56.468,56.469,56.288,56.288,12593.0,1259.3,70917.1294,1
1786581900000,56.288,56.52,56.267,56.423,17617.0,1761.7,99442.961,1
1786582800000,56.405,56.45,56.336,56.372,7267.0,726.7,40962.2574,1
1786583700000,56.366,56.373,56.166,56.251,10573.0,1057.3,59483.252,1
1786584600000,56.319,56.537,56.257,56.324,6333.0,633.3,35691.3881,1
1786585500000,56.333,56.407,56.26,56.335,1082.0,108.2,6094.9576,1
1786586400000,56.35,56.537,56.339,56.465,2976.0,297.6,16792.7522,1
1786587300000,56.465,56.638,56.408,56.544,19504.0,1950.4,110391.5027,1
1786588200000,56.544,56.596,56.296,56.596,15586.0,1558.6,87840.6454,1
1786589100000,56.592,56.65,56.49,56.52,9259.0,925.9,52390.5968,1
1786590000000,56.515,56.604,56.499,56.575,4721.0,472.1,26692.2211,1
1786590900000,56.575,56.684,56.549,56.651,5759.0,575.9,32623.3997,1
1786591800000,56.658,56.691,56.526,56.531,4112.0,411.2,23253.2039,1
1786592700000,56.527,56.624,56.414,56.462,17117.0,1711.7,96776.7938,1
1786593600000,56.471,56.784,56.403,56.759,2821.0,282.1,15961.0456,1
1786594500000,56.738,56.783,56.633,56.677,7587.0,758.7,43006.5053,1
1786595400000,56.672,56.942,56.628,56.775,10160.0,1016.0,57748.4141,1
1786596300000,56.777,56.903,56.623,56.797,3797.0,379.7,21540.6295,1
1786597200000,56.797,57.034,56.786,56.836,19324.0,1932.4,109998.2946,1
1786598100000,56.836,57.391,56.826,57.364,49968.0,4996.8,285605.1907,1
1786599000000,57.365,57.368,56.993,57.01,19822.0,1982.2,113316.5606,1
1786599900000,57.018,57.348,57.015,57.225,8094.0,809.4,46347.9946,1
1786600800000,57.215,57.295,57.156,57.23,19430.0,1943.0,111157.0972,1
1786601700000,57.223,57.292,57.166,57.212,5872.0,587.2,33620.5036,1
1786602600000,57.212,57.325,57.176,57.307,9093.0,909.3,52072.4311,1
1786603500000,57.307,57.388,57.175,57.376,33314.0,3331.4,190839.681,1
1786604400000,57.376,57.46,57.305,57.409,23229.0,2322.9,133262.0613,1
1786605300000,57.409,57.444,57.292,57.41,9824.0,982.4,56413.0816,1
1786606200000,57.413,57.453,57.279,57.326,11317.0,1131.7,64889.053,1
1786607100000,57.326,57.44,57.283,57.317,6917.0,691.7,39696.7774,1
1786608000000,57.319,57.413,57.049,57.081,13812.0,1381.2,78961.9141,1
1786608900000,57.077,57.248,56.865,56.868,13212.0,1321.2,75334.2031,1
1786609800000,56.869,57.01,56.869,56.982,3710.0,371.0,21139.5569,1
1786610700000,56.982,57.13,56.928,57.118,4776.0,477.6,27211.8308,1
1786611600000,57.116,57.133,56.914,56.915,11126.0,1112.6,63398.863,1
1786612500000,56.919,57.089,56.919,57.05,14829.0,1482.9,84602.531,1
1786613400000,57.056,57.591,56.998,57.558,83835.0,8383.5,482157.7099,1
1786614300000,57.539,57.749,57.539,57.749,40960.0,4096.0,236035.4612,1
1786615200000,57.749,57.75,57.556,57.573,24316.0,2431.6,140142.5472,1
1786616100000,57.57,57.657,57.532,57.574,19716.0,1971.6,113504.923,1
1786617000000,57.588,57.588,57.463,57.514,11808.0,1180.8,67901.4859,1
1786617900000,57.514,57.56,57.438,57.447,78949.0,7894.9,453885.9078,1
1786618800000,57.447,57.482,57.368,57.458,3273.0,327.3,18795.1471,1
1786619700000,57.454,57.473,57.181,57.181,24892.0,2489.2,142667.9995,1
1786620600000,57.184,57.209,56.979,57.068,23259.0,2325.9,132777.6784,1
1786621500000,57.067,57.128,57.02,57.088,6649.0,664.9,37944.3235,1
1786622400000,57.06,57.234,57.007,57.174,13244.0,1324.4,75646.939,1
1786623300000,57.179,57.46,57.149,57.357,9840.0,984.0,56372.0274,1
1786624200000,57.339,57.667,57.175,57.58,20905.0,2090.5,120232.5486,1
1786625100000,57.58,57.702,57.488,57.682,53941.0,5394.1,310915.929,1
1786626000000,57.692,57.705,57.603,57.68,14242.0,1424.2,82121.3619,1
1786626900000,57.675,57.719,57.43,57.463,10539.0,1053.9,60704.3346,1
1786627800000,57.451,58.064,57.448,58.058,90398.0,9039.8,523652.3037,1
1786628700000,58.062,58.067,57.553,57.66,67253.0,6725.3,388711.8887,1
1786629600000,57.666,57.97,57.54,57.825,43714.0,4371.4,252400.4935,1
1786630500000,57.83,58.196,57.812,58.145,74737.0,7473.7,433682.6792,1
1786631400000,58.119,58.405,58.054,58.22,116622.0,11662.2,679764.4648,1
1786632300000,58.22,58.285,58.157,58.184,70372.0,7037.2,409455.4248,1
1786633200000,58.2,58.333,58.093,58.133,33821.0,3382.1,196781.3605,1
1786634100000,58.134,58.453,58.001,58.001,103018.0,10301.8,599296.8553,1
1786635000000,58.0,58.256,57.861,58.192,42357.0,4235.7,245750.0623,1
1786635900000,58.192,58.192,57.8,57.811,59382.0,5938.2,344251.4009,1
1786636800000,57.837,58.062,57.671,57.748,59854.0,5985.4,346601.9406,1
1786637700000,57.762,57.947,57.65,57.671,29509.0,2950.9,170626.8097,1
1786638600000,57.693,57.794,57.342,57.569,79472.0,7947.2,457492.7182,1
1786639500000,57.569,57.892,57.454,57.563,38032.0,3803.2,219387.6506,1
1786640400000,57.564,57.702,57.505,57.661,41494.0,4149.4,239056.9971,1
1786641300000,57.667,57.768,57.556,57.648,12901.0,1290.1,74423.3998,1
1786642200000,57.665,57.814,57.582,57.783,8873.0,887.3,51215.9941,1
1786643100000,57.783,57.81,57.411,57.415,32246.0,3224.6,185635.5934,1
1786644000000,57.427,57.684,57.427,57.615,13753.0,1375.3,79204.0794,1
1786644900000,57.63,57.732,57.594,57.595,7747.0,774.7,44678.0778,1
1786645800000,57.616,57.693,57.407,57.677,9279.0,927.9,53469.454,1
1786646700000,57.666,57.851,57.666,57.781,24832.0,2483.2,143546.7574,1
1786647600000,57.778,57.936,57.753,57.764,9390.0,939.0,54315.659,1
1786648500000,57.765,57.765,57.617,57.644,6998.0,699.8,40356.8997,1
1786649400000,57.638,57.652,57.505,57.543,3764.0,376.4,21667.3615,1
1786650300000,57.543,57.572,57.464,57.464,4537.0,453.7,26087.1473,1
1786651200000,57.468,57.472,57.111,57.218,40331.0,4033.1,230897.3766,1
1786652100000,57.219,57.579,57.175,57.579,15527.0,1552.7,89154.3102,1
1786653000000,57.579,57.579,57.433,57.448,8290.0,829.0,47658.7015,1
1786653900000,57.441,57.511,57.34,57.464,3640.0,364.0,20892.7642,1
1786654800000,57.464,57.59,57.424,57.529,8883.0,888.3,51097.5237,1
1786655700000,57.522,57.592,57.442,57.592,19688.0,1968.8,113228.4425,1
1786656600000,57.599,57.599,57.351,57.351,6197.0,619.7,35654.5167,1
1786657500000,57.351,57.351,57.09,57.203,13464.0,1346.4,77030.2984,1
1786658400000,57.229,57.423,57.205,57.395,8967.0,896.7,51400.0327,1
1786659300000,57.395,57.609,57.395,57.568,81032.0,8103.2,465842.427,1
1786660200000,57.573,57.617,57.557,57.558,1944.0,194.4,11194.0318,1
1786661100000,57.55,57.55,57.421,57.435,3072.0,307.2,17667.4219,1
1786662000000,57.445,57.466,57.41,57.443,45441.0,4544.1,261022.9329,1
1786662900000,57.453,57.453,57.36,57.36,931.0,93.1,5345.4195,1
1786663800000,57.36,57.365,57.275,57.353,7192.0,719.2,41239.1275,1
1786664700000,57.353,57.482,57.353,57.473,17931.0,1793.1,102959.7441,1
1786665600000,57.474,57.579,57.444,57.471,7648.0,764.8,43957.4356,1
1786666500000,57.471,57.571,57.434,57.438,5949.0,594.9,34193.2956,1
1786667400000,57.437,57.607,57.366,57.587,16515.0,1651.5,95034.6795,1
1786668300000,57.585,57.586,57.476,57.576,6705.0,670.5,38598.2814,1
1786669200000,57.568,57.59,57.444,57.461,2990.0,299.0,17185.6964,1
1786670100000,57.461,57.474,57.404,57.404,817.0,81.7,4691.7107,1
1786671000000,57.406,57.415,57.241,57.339,3782.0,378.2,21684.8545,1
1786671900000,57.339,57.359,57.163,57.218,16932.0,1693.2,96872.2646,1
1786672800000,57.224,57.337,57.22,57.263,3678.0,367.8,21052.233,1
1786673700000,57.267,57.305,57.136,57.144,15434.0,1543.4,88220.0738,1
1786674600000,57.168,57.273,57.137,57.141,18304.0,1830.4,104759.3647,1
1786675500000,57.141,57.201,57.031,57.033,11636.0,1163.6,66419.5671,1
1786676400000,57.037,57.074,56.859,56.908,33023.0,3302.3,188144.5581,1
1786677300000,56.91,57.067,56.875,56.978,13034.0,1303.4,74213.7384,1
1786678200000,56.978,56.979,56.67,56.738,46806.0,4680.6,265942.763,1
1786679100000,56.737,56.738,56.551,56.551,12235.0,1223.5,69266.1104,1
1786680000000,56.554,56.762,56.534,56.742,45808.0,4580.8,259592.9315,1
1786680900000,56.767,56.869,56.765,56.834,2074.0,207.4,11786.319,1
1786681800000,56.831,56.831,56.736,56.754,2116.0,211.6,12014.7903,1
1786682700000,56.754,56.826,56.683,56.815,1712.0,171.2,9718.2894,1
1786683600000,56.815,56.843,56.656,56.681,31751.0,3175.1,179972.8151,1
1786684500000,56.665,56.925,56.625,56.92,10295.0,1029.5,58538.4314,1
1786685400000,56.916,56.943,56.805,56.836,11518.0,1151.8,65504.291,1
1786686300000,56.824,56.877,56.8,56.811,5689.0,568.9,32326.5924,1
1786687200000,56.811,56.811,56.676,56.701,7207.0,720.7,40895.5118,1
1786688100000,56.7,56.707,56.539,56.583,15893.0,1589.3,89943.0575,1
1786689000000,56.583,56.706,56.58,56.61,4127.0,412.7,23373.5272,1
1786689900000,56.61,56.68,56.358,56.358,43486.0,4348.6,245737.6947,1
1786690800000,56.357,56.504,56.32,56.444,13436.0,1343.6,75761.6037,1
1786691700000,56.444,56.518,56.423,56.458,5137.0,513.7,28998.8807,1
1786692600000,56.458,56.487,56.374,56.39,20935.0,2093.5,118189.2643,1
1786693500000,56.39,56.467,56.363,56.426,9458.0,945.8,53342.7366,1
1786694400000,56.427,56.667,56.379,56.633,6171.0,617.1,34878.7524,1
1786695300000,56.637,56.795,56.611,56.784,42663.0,4266.3,241910.5679,1
1786696200000,56.773,56.792,56.65,56.664,23007.0,2300.7,130539.8694,1
1786697100000,56.659,56.724,56.635,56.699,9172.0,917.2,51986.0139,1
1786698000000,56.704,56.752,56.586,56.736,38713.0,3871.3,219347.3973,1
1786698900000,56.736,56.736,56.56,56.56,39556.0,3955.6,223894.803,1
1786699800000,56.583,56.583,56.392,56.402,14530.0,1453.0,82086.1003,1
1786700700000,56.393,56.515,56.393,56.395,7515.0,751.5,42442.3223,1
1786701600000,56.39,56.621,56.362,56.616,13132.0,1313.2,74247.9148,1
1786702500000,56.616,56.62,56.394,56.517,12787.0,1278.7,72293.5729,1
1786703400000,56.52,56.59,56.502,56.585,12231.0,1223.1,69199.5912,1
1786704300000,56.585,56.585,56.512,56.532,2818.0,281.8,15936.3513,1
1786705200000,56.532,56.663,56.405,56.457,8635.0,863.5,48787.9137,1
1786706100000,56.452,56.536,56.434,56.53,5540.0,554.0,31298.1853,1
1786707000000,56.527,56.527,56.367,56.446,9536.0,953.6,53824.6946,1
1786707900000,56.44,56.454,56.13,56.206,17078.0,1707.8,96034.9473,1
1786708800000,56.197,56.22,56.03,56.078,26537.0,2653.7,148864.997,1
1786709700000,56.078,56.289,56.078,56.289,21368.0,2136.8,119957.7856,1
1786710600000,56.279,56.305,56.073,56.079,5063.0,506.3,28452.3006,1
1786711500000,56.079,56.161,56.066,56.142,26276.0,2627.6,147371.3281,1
1786712400000,56.142,56.16,56.036,56.088,14926.0,1492.6,83776.5831,1
1786713300000,56.088,56.248,55.984,56.116,20659.0,2065.9,115814.9759,1
1786714200000,56.1,56.227,55.988,56.178,31628.0,3162.8,177454.2649,1
1786715100000,56.204,56.239,56.028,56.143,2418.0,241.8,13580.4276,1
1786716000000,56.154,56.154,55.798,55.802,71780.0,7178.0,400985.0867,1
1786716900000,55.803,55.873,55.667,55.824,31875.0,3187.5,177711.8397,1
1786717800000,55.819,55.826,55.564,55.595,62583.0,6258.3,347975.5822,1
1786718700000,55.6,55.639,55.51,55.517,22139.0,2213.9,123072.3364,1
1786719600000,55.518,55.734,55.5,55.692,44862.0,4486.2,249587.9719,1
1786720500000,55.7,55.867,55.603,55.867,19726.0,1972.6,110012.6689,1
1786721400000,55.877,55.963,55.686,55.727,94928.0,9492.8,530510.7303,1
1786722300000,55.727,55.766,55.525,55.642,25468.0,2546.8,141762.6489,1
1786723200000,55.637,55.778,55.637,55.723,47721.0,4772.1,265853.4304,1
1786724100000,55.725,55.95,55.725,55.919,16581.0,1658.1,92621.0454,1
1786725000000,55.918,56.039,55.871,55.98,43354.0,4335.4,242656.4529,1
1786725900000,55.98,56.106,55.83,55.976,41019.0,4101.9,229650.346,1
1786726800000,55.93,55.954,55.72,55.793,11195.0,1119.5,62487.5926,1
1786727700000,55.783,56.039,55.778,55.918,6835.0,683.5,38221.1128,1
1786728600000,55.918,56.002,55.868,55.888,8703.0,870.3,48685.5417,1
1786729500000,55.905,55.918,55.697,55.739,3436.0,343.6,19195.6796,1
1786730400000,55.752,55.789,55.604,55.68,23939.0,2393.9,133295.2458,1
1786731300000,55.694,55.797,55.689,55.748,2762.0,276.2,15391.5104,1
1786732200000,55.743,55.749,55.552,55.698,5443.0,544.3,30275.6464,1
1786733100000,55.698,55.698,55.544,55.656,26591.0,2659.1,147802.2475,1
1786734000000,55.653,55.654,55.34,55.37,88511.0,8851.1,490479.2406,1
1786734900000,55.37,55.651,55.369,55.615,10097.0,1009.7,56073.7152,1
1786735800000,55.613,55.702,55.602,55.657,5384.0,538.4,29975.4774,1
1786736700000,55.671,55.759,55.611,55.708,26800.0,2680.0,149395.5064,1
1786737600000,55.709,55.75,55.647,55.653,19298.0,1929.8,107492.2624,1
1786738500000,55.652,55.695,55.634,55.685,2392.0,239.2,13310.2534,1
1786739400000,55.685,55.715,55.608,55.608,3960.0,396.0,22043.0755,1
1786740300000,55.622,55.622,55.405,55.52,13391.0,1339.1,74313.4861,1
1786741200000,55.52,55.658,55.518,55.623,11882.0,1188.2,66076.0996,1
1786742100000,55.623,55.741,55.609,55.741,3003.0,300.3,16717.9902,1
1786743000000,55.741,55.768,55.707,55.708,6223.0,622.3,34700.8106,1
1786743900000,55.706,56.0,55.706,55.936,31882.0,3188.2,177991.9827,1
1786744800000,55.959,56.462,55.939,56.265,38551.0,3855.1,216689.0226,1
1786745700000,56.236,56.271,56.086,56.118,9705.0,970.5,54506.711,1
1786746600000,56.124,56.346,56.124,56.345,11295.0,1129.5,63517.4168,1
1786747500000,56.345,56.418,56.312,56.408,17100.0,1710.0,96363.391,1
1786748400000,56.389,56.498,56.304,56.304,16443.0,1644.3,92816.3512,1
1786749300000,56.325,56.329,56.219,56.28,2574.0,257.4,14483.4078,1
1786750200000,56.28,56.456,56.201,56.416,16121.0,1612.1,90817.0894,1
1786751100000,56.428,56.517,56.424,56.486,8818.0,881.8,49814.6064,1
1786752000000,56.529,56.529,56.425,56.435,12706.0,1270.6,71766.8822,1
1786752900000,56.435,56.463,56.387,56.387,21961.0,2196.1,123901.848,1
1786753800000,56.38,56.4,56.347,56.354,3170.0,317.0,17867.9365,1
1786754700000,56.354,56.361,56.316,56.321,7387.0,738.7,41612.311,1
1786755600000,56.319,56.33,56.23,56.313,9785.0,978.5,55084.8636,1
1786756500000,56.313,56.496,56.287,56.496,738.0,73.8,4158.8712,1
1786757400000,56.497,56.536,56.473,56.473,11008.0,1100.8,62211.1824,1
1786758300000,56.479,56.485,56.356,56.407,10976.0,1097.6,61962.6852,1
1786759200000,56.423,56.493,56.361,56.435,625.0,62.5,3526.7001,1
1786760100000,56.438,56.511,56.399,56.436,6556.0,655.6,37003.0555,1
1786761000000,56.436,56.534,56.37,56.527,7371.0,737.1,41625.0638,1
1786761900000,56.527,56.649,56.496,56.615,1208.0,120.8,6833.2292,1
1786762800000,56.631,56.724,56.524,56.547,8371.0,837.1,47382.4525,1
1786763700000,56.552,56.711,56.52,56.686,1262.0,126.2,7142.9549,1
1786764600000,56.686,56.691,56.567,56.578,5018.0,501.8,28418.8961,1
1786765500000,56.558,56.639,56.538,56.572,1615.0,161.5,9142.2047,1
1786766400000,56.588,56.635,56.483,56.493,9307.0,930.7,52669.934,1
1786767300000,56.494,56.512,56.358,56.358,592.0,59.2,3341.345,1
1786768200000,56.367,56.404,56.267,56.385,796.0,79.6,4483.5437,1
1786769100000,56.385,56.439,56.25,56.281,11740.0,1174.0,66134.5925,1
1786770000000,56.252,56.332,56.2,56.276,4112.0,411.2,23134.3246,1
1786770900000,56.276,56.276,56.08,56.095,9432.0,943.2,52933.225,1
1786771800000,56.095,56.096,55.843,56.046,16164.0,1616.4,90393.9071,1
1786772700000,56.046,56.25,56.04,56.247,3148.0,314.8,17677.4674,1
1786773600000,56.25,56.25,56.124,56.155,9027.0,902.7,50738.3228,1
1786774500000,56.155,56.25,56.142,56.193,1497.0,149.7,8412.8647,1
1786775400000,56.193,56.324,56.193,56.298,640.0,64.0,3601.7736,1
1786776300000,56.298,56.332,56.248,56.271,1953.0,195.3,10990.6043,1
1786777200000,56.271,56.296,56.133,56.296,6815.0,681.5,38309.6442,1
1786778100000,56.296,56.305,56.225,56.284,4237.0,423.7,23837.7063,1
1786779000000,56.284,56.345,56.248,56.307,6082.0,608.2,34238.2758,1
1786779900000,56.307,56.463,56.299,56.458,3092.0,309.2,17415.3679,1
1786780800000,56.46,56.467,56.313,56.32,641.0,64.1,3614.2961,1
1786781700000,56.32,56.337,56.254,56.272,1161.0,116.1,6534.6517,1
1786782600000,56.277,56.324,56.2,56.201,9476.0,947.6,53293.9334,1
1786783500000,56.2,56.241,56.03,56.07,6253.0,625.3,35116.153,1
1786784400000,56.073,56.086,55.978,56.063,5450.0,545.0,30542.0666,1
1786785300000,56.063,56.171,56.052,56.158,4323.0,432.3,24274.7388,1
1786786200000,56.158,56.182,56.03,56.106,22429.0,2242.9,125693.0378,1
1786787100000,56.106,56.108,55.992,56.03,5629.0,562.9,31558.6111,1
1786788000000,56.042,56.05,55.97,56.039,2574.0,257.4,14414.0218,1
1786788900000,56.039,56.059,55.982,56.019,2405.0,240.5,13476.9353,1
1786789800000,56.019,56.019,55.87,55.913,4381.0,438.1,24516.8944,1
1786790700000,55.927,56.016,55.913,55.991,8649.0,864.9,48398.202,1
1786791600000,55.996,55.996,55.879,55.908,10362.0,1036.2,57949.4566,1
1786792500000,55.906,55.947,55.891,55.911,1837.0,183.7,10270.5737,1
1786793400000,55.911,56.025,55.883,56.019,4211.0,421.1,23567.7738,1
1786794300000,56.019,56.055,55.962,56.05,2350.0,235.0,13163.3658,1
1786795200000,56.05,56.05,55.953,55.954,5377.0,537.7,30117.7691,1
1786796100000,55.945,55.984,55.919,55.976,1772.0,177.2,9914.2177,1
1786797000000,55.976,56.064,55.976,56.064,652.0,65.2,3652.1021,1
1786797900000,56.061,56.276,56.061,56.275,3923.0,392.3,22058.4211,1
1786798800000,56.29,56.499,56.238,56.499,12531.0,1253.1,70622.0927,1
1786799700000,56.499,56.596,56.364,56.475,46367.0,4636.7,261880.4406,1
1786800600000,56.475,56.63,56.459,56.482,3376.0,337.6,19088.6835,1
1786801500000,56.503,56.529,56.378,56.391,770.0,77.0,4346.3056,1
1786802400000,56.391,56.411,56.311,56.358,29821.0,2982.1,168007.4728,1
1786803300000,56.358,56.49,56.333,56.452,2268.0,226.8,12799.7636,1
1786804200000,56.452,56.505,56.333,56.363,6794.0,679.4,38343.6406,1
1786805100000,56.363,56.378,56.267,56.301,4086.0,408.6,23014.722,1
1786806000000,56.301,56.436,56.3,56.422,4314.0,431.4,24327.3988,1
1786806900000,56.429,56.685,56.4,56.663,17476.0,1747.6,98897.2112,1
1786807800000,56.672,56.808,56.612,56.684,18235.0,1823.5,103469.3277,1
1786808700000,56.675,56.823,56.675,56.801,15132.0,1513.2,85882.1257,1
1786809600000,56.809,56.858,56.712,56.809,12955.0,1295.5,73574.3373,1
1786810500000,56.809,56.994,56.809,56.909,32872.0,3287.2,187268.9759,1
1786811400000,56.909,56.959,56.634,56.833,29291.0,2929.1,166262.5265,1
1786812300000,56.833,57.197,56.833,57.187,21357.0,2135.7,121810.3089,1
1786813200000,57.186,57.2,57.019,57.094,15424.0,1542.4,88109.3886,1
1786814100000,57.095,57.137,56.918,56.998,6271.0,627.1,35750.3579,1
1786815000000,56.999,57.05,56.906,57.036,23384.0,2338.4,133292.852,1
1786815900000,57.036,57.109,56.996,57.046,8281.0,828.1,47233.1819,1
1786816800000,57.042,57.174,57.034,57.131,25271.0,2527.1,144361.9166,1
1786817700000,57.131,57.14,56.903,56.908,7106.0,710.6,40516.9969,1
1786818600000,56.908,56.986,56.9,56.984,3218.0,321.8,18317.1104,1
1786819500000,56.984,57.041,56.916,57.036,4477.0,447.7,25506.1354,1
1786820400000,57.051,57.065,56.971,56.971,4496.0,449.6,25631.37,1
1786821300000,56.971,57.111,56.956,57.048,4321.0,432.1,24641.5567,1
1786822200000,57.061,57.294,57.06,57.294,7944.0,794.4,45409.5058,1
1786823100000,57.283,57.351,57.271,57.298,9842.0,984.2,56427.541,1
1786824000000,57.274,57.283,57.166,57.235,4409.0,440.9,25222.4161,1
1786824900000,57.224,57.225,57.157,57.171,19599.0,1959.9,112056.5604,1
1786825800000,57.171,57.171,56.998,57.074,8409.0,840.9,47967.7244,1
1786826700000,57.075,57.131,57.036,57.04,2056.0,205.6,11738.3991,1
1786827600000,57.04,57.041,56.988,57.029,4002.0,400.2,22822.7283,1
1786828500000,57.033,57.097,57.03,57.055,5611.0,561.1,32023.2236,1
1786829400000,57.057,57.136,57.007,57.059,6886.0,688.6,39286.5259,1
1786830300000,57.059,57.073,57.014,57.02,422.0,42.2,2407.3712,1
1786831200000,57.034,57.096,57.034,57.092,4214.0,421.4,24047.7986,1
1786832100000,57.092,57.092,56.99,57.013,3028.0,302.8,17266.9641,1
1786833000000,57.014,57.033,56.921,57.033,6186.0,618.6,35247.4889,1
1786833900000,57.014,57.056,56.94,56.942,2168.0,216.8,12353.8999,1
1786834800000,56.93,56.93,56.753,56.828,23819.0,2381.9,135429.9933,1
1786835700000,56.82,56.957,56.79,56.956,6369.0,636.9,36209.1031,1
1786836600000,56.957,57.001,56.874,56.879,8510.0,851.0,48489.3826,1
1786837500000,56.879,56.91,56.847,56.894,965.0,96.5,5487.2642,1
1786838400000,56.904,56.967,56.877,56.877,6448.0,644.8,36709.842,1
1786839300000,56.877,56.877,56.743,56.769,3447.0,344.7,19573.4302,1
1786840200000,56.761,56.821,56.736,56.777,2544.0,254.4,14440.7595,1
1786841100000,56.777,56.894,56.765,56.794,1681.0,168.1,9546.849,1
1786842000000,56.796,56.955,56.789,56.929,1182.0,118.2,6718.3062,1
1786842900000,56.911,57.053,56.905,57.029,8487.0,848.7,48396.0315,1
1786843800000,57.015,57.056,56.94,57.052,786.0,78.6,4481.3517,1
1786844700000,57.041,57.107,56.984,57.079,7296.0,729.6,41641.0792,1
1786845600000,57.079,57.079,56.923,56.926,4010.0,401.0,22861.3276,1
1786846500000,56.926,57.267,56.869,57.233,9891.0,989.1,56420.0896,1
1786847400000,57.218,57.294,57.123,57.174,2447.0,244.7,14006.9689,1
1786848300000,57.159,57.206,56.929,57.193,5704.0,570.4,32576.889,1
1786849200000,57.187,57.205,57.107,57.115,2196.0,219.6,12552.1703,1
1786850100000,57.108,57.134,57.036,57.036,3250.0,325.0,18553.5705,1
1786851000000,57.027,57.059,56.997,57.027,216.0,21.6,1231.8574,1
1786851900000,57.031,57.067,56.912,56.935,5617.0,561.7,32007.3067,1
1786852800000,56.935,56.985,56.913,56.955,1429.0,142.9,8138.8011,1
1786853700000,56.955,56.996,56.931,56.989,1437.0,143.7,8182.538,1
1786854600000,57.001,57.091,56.955,57.091,8950.0,895.0,51039.784,1
1786855500000,57.091,57.21,57.072,57.086,2296.0,229.6,13121.1567,1
1786856400000,57.085,57.2,57.085,57.19,10539.0,1053.9,60245.9207,1
1786857300000,57.19,57.198,56.975,57.012,2155.0,215.5,12300.9919,1
1786858200000,57.025,57.039,56.971,57.002,2837.0,283.7,16167.7362,1
1786859100000,57.0,57.0,56.853,56.88,11976.0,1197.6,68141.7705,1
1786860000000,56.878,57.097,56.878,57.041,7291.0,729.1,41534.9185,1
1786860900000,57.041,57.041,56.801,56.886,3219.0,321.9,18325.8781,1
1786861800000,56.889,57.082,56.889,57.073,1379.0,137.9,7859.6764,1
1786862700000,57.074,57.156,57.022,57.065,2434.0,243.4,13892.2236,1
1786863600000,57.061,57.156,57.061,57.126,5751.0,575.1,32858.1992,1
1786864500000,57.12,57.272,57.088,57.255,9732.0,973.2,55615.2352,1
1786865400000,57.255,57.406,57.249,57.406,16725.0,1672.5,95928.5276,1
1786866300000,57.409,57.478,57.345,57.478,28010.0,2801.0,160816.3122,1
1786867200000,57.45,57.488,57.326,57.362,4118.0,411.8,23624.8346,1
1786868100000,57.368,57.523,57.368,57.407,11359.0,1135.9,65271.8719,1
1786869000000,57.436,57.537,57.39,57.434,3725.0,372.5,21399.741,1
1786869900000,57.434,57.53,57.391,57.516,10224.0,1022.4,58766.79,1
1786870800000,57.532,57.575,57.437,57.447,7225.0,722.5,41547.5576,1
1786871700000,57.436,57.484,57.4,57.422,2692.0,269.2,15459.8957,1
1786872600000,57.414,57.429,57.301,57.347,7721.0,772.1,44302.0802,1
1786873500000,57.339,57.464,57.32,57.446,3484.0,348.4,20003.2991,1
1786874400000,57.446,57.453,57.331,57.347,369.0,36.9,2117.6369,1
1786875300000,57.347,57.471,57.347,57.471,812.0,81.2,4662.5545,1
1786876200000,57.471,57.484,57.267,57.383,1948.0,194.8,11165.6804,1
1786877100000,57.383,57.427,57.321,57.357,2178.0,217.8,12495.1158,1
1786878000000,57.358,57.489,57.358,57.464,5154.0,515.4,29587.1932,1
1786878900000,57.465,57.465,57.403,57.416,4732.0,473.2,27177.7453,1
1786879800000,57.416,57.417,57.332,57.332,800.0,80.0,4590.8976,1
1786880700000,57.33,57.411,57.312,57.387,2674.0,267.4,15340.2698,1
1786881600000,57.394,57.394,57.226,57.234,13519.0,1351.9,77453.2876,1
1786882500000,57.234,57.298,57.225,57.231,7691.0,769.1,44032.8619,1
1786883400000,57.231,57.276,57.213,57.218,14156.0,1415.6,81005.6103,1
1786884300000,57.218,57.274,57.202,57.212,6080.0,608.0,34788.2069,1
1786885200000,57.22,57.26,57.185,57.185,2275.0,227.5,13021.2158,1
1786886100000,57.185,57.246,57.136,57.137,3860.0,386.0,22075.0852,1
1786887000000,57.136,57.207,57.11,57.135,5854.0,585.4,33466.0981,1
1786887900000,57.135,57.246,57.135,57.218,3623.0,362.3,20738.4525,1
1786888800000,57.225,57.276,57.068,57.133,18400.0,1840.0,105272.7813,1
1786889700000,57.147,57.217,57.136,57.168,2379.0,237.9,13599.8303,1
1786890600000,57.168,57.299,57.168,57.299,5840.0,584.0,33414.2705,1
1786891500000,57.266,57.271,57.202,57.239,5414.0,541.4,30986.8503,1
1786892400000,57.241,57.294,57.156,57.232,5457.0,545.7,31220.3121,1
1786893300000,57.232,57.394,57.219,57.349,8446.0,844.6,48416.7369,1
1786894200000,57.349,57.35,57.248,57.259,4429.0,442.9,25386.636,1
1786895100000,57.259,57.5,57.259,57.44,8757.0,875.7,50313.6768,1
1786896000000,57.459,57.905,57.444,57.885,55952.0,5595.2,322753.2551,1
1786896900000,57.891,57.891,57.616,57.623,14903.0,1490.3,86125.4712,1
1786897800000,57.641,57.817,57.641,57.811,20129.0,2012.9,116228.3856,1
1786898700000,57.813,57.934,57.795,57.813,34662.0,3466.2,200670.0661,1
1786899600000,57.821,58.023,57.783,58.0,105642.0,10564.2,611437.4536,1
1786900500000,57.997,58.021,57.858,57.923,34126.0,3412.6,197653.8576,1
1786901400000,57.963,58.03,57.775,57.777,33943.0,3394.3,196688.3395,1
1786902300000,57.794,57.814,57.684,57.737,15807.0,1580.7,91290.5358,1
1786903200000,57.745,57.749,57.522,57.572,16709.0,1670.9,96235.8517,1
1786904100000,57.563,57.656,57.409,57.636,47190.0,4719.0,271369.7935,1
1786905000000,57.626,57.71,57.575,57.675,12345.0,1234.5,71159.2085,1
1786905900000,57.675,57.718,57.601,57.641,5789.0,578.9,33380.3462,1
1786906800000,57.641,57.718,57.641,57.705,3399.0,339.9,19598.3703,1
1786907700000,57.705,57.923,57.703,57.831,8921.0,892.1,51581.5854,1
1786908600000,57.832,57.872,57.757,57.762,13742.0,1374.2,79463.0488,1
1786909500000,57.765,57.804,57.69,57.709,7061.0,706.1,40773.2541,1
1786910400000,57.711,57.805,57.681,57.706,7709.0,770.9,44498.1627,1
1786911300000,57.706,57.72,57.631,57.658,7380.0,738.0,42555.6914,1
1786912200000,57.658,57.659,57.585,57.659,18656.0,1865.6,107508.4533,1
1786913100000,57.628,57.699,57.548,57.608,69549.0,6954.9,400500.5977,1
1786914000000,57.615,57.627,57.5,57.566,17495.0,1749.5,100699.3831,1
1786914900000,57.552,57.563,57.455,57.476,8666.0,866.6,49842.1814,1
1786915800000,57.464,57.537,57.229,57.254,117075.0,11707.5,671634.9087,1
1786916700000,57.256,57.441,57.225,57.374,23580.0,2358.0,135203.3165,1
1786917600000,57.352,57.365,57.2,57.239,32556.0,3255.6,186439.8494,1
1786918500000,57.223,57.288,57.168,57.228,16705.0,1670.5,95587.9051,1
1786919400000,57.24,57.311,57.201,57.263,18702.0,1870.2,107098.8249,1
1786920300000,57.252,57.265,57.158,57.259,16171.0,1617.1,92501.3857,1
1786921200000,57.259,57.32,57.148,57.186,6080.0,608.0,34817.8937,1
1786922100000,57.168,57.197,57.072,57.135,11312.0,1131.2,64630.1085,1
1786923000000,57.123,57.164,57.065,57.1,2690.0,269.0,15364.9772,1
1786923900000,57.107,57.264,57.089,57.137,9450.0,945.0,54047.6509,1
1786924800000,57.126,57.318,57.126,57.318,8432.0,843.2,48252.7666,1
1786925700000,57.318,57.318,57.063,57.238,12675.0,1267.5,72435.1913,1
1786926600000,57.241,57.36,57.193,57.353,4044.0,404.4,23161.121,1
1786927500000,57.342,57.356,57.226,57.356,12688.0,1268.8,72721.6631,1
1786928400000,57.331,57.749,57.33,57.749,11476.0,1147.6,66100.0598,1
1786929300000,57.748,58.143,57.67,58.143,20536.0,2053.6,119044.1564,1
1786930200000,58.138,58.415,58.123,58.387,81997.0,8199.7,477926.8833,1
1786931100000,58.383,58.424,58.272,58.371,8286.0,828.6,48364.6108,1
1786932000000,58.372,58.437,58.22,58.345,12692.0,1269.2,74069.4515,1
1786932900000,58.341,58.6,58.266,58.489,31464.0,3146.4,184026.262,1
1786933800000,58.474,58.575,58.407,58.501,12622.0,1262.2,73832.9967,1
1786934700000,58.498,58.973,58.481,58.927,65020.0,6502.0,381959.0623,1
1786935600000,58.929,59.137,58.845,59.058,16436.0,1643.6,97028.9569,1
1786936500000,59.058,59.124,58.78,58.823,37826.0,3782.6,222814.3295,1
1786937400000,58.823,59.02,58.759,58.937,37208.0,3720.8,219190.6509,1
1786938300000,58.937,59.199,58.932,59.153,23787.0,2378.7,140479.9795,1
1786939200000,59.143,59.185,58.985,59.022,2374.0,237.4,14027.7779,1
1786940100000,59.028,59.054,58.956,58.982,7550.0,755.0,44538.5086,1
1786941000000,58.982,58.988,58.869,58.886,10739.0,1073.9,63273.6734,1
1786941900000,58.909,58.913,58.84,58.874,2033.0,203.3,11968.0733,1
1786942800000,58.874,58.874,58.779,58.855,6209.0,620.9,36529.7883,1
1786943700000,58.855,59.062,58.8,58.947,3824.0,382.4,22535.1851,1
1786944600000,58.945,58.945,58.801,58.851,6531.0,653.1,38442.7539,1
1786945500000,58.847,58.848,58.675,58.68,6019.0,601.9,35371.0669,1
1786946400000,58.679,59.002,58.679,59.002,3556.0,355.6,20960.301,1
1786947300000,59.002,59.007,58.841,58.854,13901.0,1390.1,81918.4526,1
1786948200000,58.874,59.103,58.874,59.097,3396.0,339.6,20039.9725,1
1786949100000,59.096,59.391,59.096,59.287,20311.0,2031.1,120410.8325,1
1786950000000,59.318,59.399,59.186,59.353,3190.0,319.0,18913.7321,1
1786950900000,59.353,59.56,59.314,59.443,27136.0,2713.6,161289.1678,1
1786951800000,59.457,59.524,59.347,59.477,6635.0,663.5,39439.2496,1
1786952700000,59.478,59.677,59.42,59.557,14874.0,1487.4,88563.6126,1
1786953600000,59.564,59.598,59.239,59.239,10923.0,1092.3,64894.8422,1
1786954500000,59.235,59.311,59.172,59.292,16458.0,1645.8,97526.5854,1
1786955400000,59.292,59.335,59.17,59.275,14611.0,1461.1,86554.7551,1
1786956300000,59.275,59.282,59.086,59.105,24064.0,2406.4,142324.6573,1
1786957200000,59.123,59.291,59.099,59.233,1368.0,136.8,8099.1474,1
1786958100000,59.233,59.233,59.117,59.216,3630.0,363.0,21481.3559,1
1786959000000,59.216,59.3,59.152,59.294,6609.0,660.9,39126.0653,1
1786959900000,59.294,59.338,59.223,59.314,2537.0,253.7,15039.436,1
1786960800000,59.314,59.314,59.198,59.2,11134.0,1113.4,65958.5783,1
1786961700000,59.2,59.536,59.164,59.521,9837.0,983.7,58279.0454,1
1786962600000,59.521,59.798,59.5,59.791,57637.0,5763.7,343587.7681,1
1786963500000,59.779,59.837,59.777,59.812,31232.0,3123.2,186827.9863,1
1786964400000,59.814,59.908,59.784,59.792,35955.0,3595.5,215066.3863,1
1786965300000,59.799,59.799,59.619,59.655,21330.0,2133.0,127344.6415,1
1786966200000,59.652,59.669,59.545,59.571,28565.0,2856.5,170236.3896,1
1786967100000,59.571,59.65,59.468,59.498,4099.0,409.9,24419.298,1
1786968000000,59.498,59.508,59.376,59.425,6478.0,647.8,38525.2382,1
1786968900000,59.425,59.436,59.259,59.259,31341.0,3134.1,185962.769,1
1786969800000,59.258,59.309,59.043,59.073,46437.0,4643.7,274879.3813,1
1786970700000,59.079,59.248,59.05,59.166,3907.0,390.7,23113.7597,1
1786971600000,59.166,59.195,59.02,59.126,25225.0,2522.5,149105.6701,1
1786972500000,59.126,59.126,58.829,58.997,40336.0,4033.6,237589.6559,1
1786973400000,59.007,59.398,58.981,59.172,27442.0,2744.2,162634.9658,1
1786974300000,59.149,59.33,59.116,59.291,30733.0,3073.3,181991.9121,1
1786975200000,59.286,59.286,59.067,59.143,10947.0,1094.7,64781.9311,1
1786976100000,59.162,59.196,58.95,58.972,21110.0,2111.0,124684.762,1
1786977000000,58.962,59.209,58.9,59.088,9542.0,954.2,56387.663,1
1786977900000,59.076,59.52,59.076,59.517,20982.0,2098.2,124507.8744,1
1786978800000,59.518,59.595,59.298,59.299,25630.0,2563.0,152551.3419,1
1786979700000,59.298,59.388,59.25,59.286,8778.0,877.8,52037.5634,1
1786980600000,59.296,59.311,59.129,59.167,15164.0,1516.4,89794.9074,1
1786981500000,59.156,59.315,59.154,59.291,11408.0,1140.8,67588.771,1
1786982400000,59.301,59.301,59.032,59.071,14724.0,1472.4,87126.1876,1
1786983300000,59.071,59.237,59.071,59.215,10469.0,1046.9,61959.1607,1
1786984200000,59.217,59.304,59.172,59.235,1311.0,131.1,7765.2433,1
1786985100000,59.23,59.265,59.131,59.176,4000.0,400.0,23689.6244,1
1786986000000,59.176,59.196,58.912,58.916,5561.0,556.1,32832.8863,1
1786986900000,58.916,59.088,58.84,58.901,13609.0,1360.9,80258.3407,1
1786987800000,58.902,58.987,58.729,58.826,15590.0,1559.0,91785.2095,1
1786988700000,58.834,59.027,58.834,58.973,12343.0,1234.3,72775.4353,1
1786989600000,58.977,59.12,58.944,59.081,3179.0,317.9,18780.9877,1
1786990500000,59.08,59.168,59.059,59.064,2865.0,286.5,16933.166,1
1786991400000,59.072,59.258,59.061,59.194,8141.0,814.1,48190.4185,1
1786992300000,59.167,59.203,59.0,59.047,9600.0,960.0,56725.4108,1
1786993200000,59.061,59.094,58.81,58.852,13879.0,1387.9,81676.869,1
1786994100000,58.852,58.995,58.852,58.917,12567.0,1256.7,74070.1887,1
1786995000000,58.906,58.966,58.879,58.895,3262.0,326.2,19218.3472,1
1786995900000,58.895,58.97,58.838,58.959,29028.0,2902.8,170966.7519,1
1786996800000,58.966,59.002,58.556,58.659,57948.0,5794.8,340284.643,1
1786997700000,58.674,58.757,58.437,58.749,22401.0,2240.1,131346.0201,1
1786998600000,58.749,58.933,58.746,58.873,19083.0,1908.3,112267.3863,1
1786999500000,58.862,58.898,58.721,58.742,12495.0,1249.5,73414.7289,1
1787000400000,58.732,58.821,58.721,58.765,10592.0,1059.2,62235.7652,1
1787001300000,58.765,58.818,58.681,58.818,6953.0,695.3,40845.1441,1
1787002200000,58.816,58.99,58.809,58.968,30776.0,3077.6,181321.7135,1
1787003100000,58.943,59.015,58.902,58.944,9964.0,996.4,58733.5604,1
1787004000000,58.945,58.988,58.866,58.9,9055.0,905.5,53371.7177,1
1787004900000,58.872,59.071,58.861,59.034,25103.0,2510.3,148086.2313,1
1787005800000,59.027,59.115,59.0,59.107,8516.0,851.6,50321.9711,1
1787006700000,59.107,59.166,59.043,59.043,9603.0,960.3,56762.4531,1
1787007600000,59.045,59.234,59.044,59.234,18250.0,1825.0,107978.8514,1
1787008500000,59.235,59.384,59.235,59.371,13016.0,1301.6,77215.5483,1
1787009400000,59.381,59.454,59.302,59.391,19217.0,1921.7,114168.5236,1
1787010300000,59.391,59.455,59.367,59.421,9205.0,920.5,54697.7899,1
1787011200000,59.421,59.499,59.377,59.492,12388.0,1238.8,73607.899,1
1787012100000,59.499,59.558,59.467,59.534,25765.0,2576.5,153366.08,1
1787013000000,59.534,59.635,59.455,59.624,11926.0,1192.6,71032.4147,1
1787013900000,59.624,59.657,59.554,59.591,8682.0,868.2,51763.2273,1
1787014800000,59.599,59.627,59.378,59.498,50165.0,5016.5,298169.9998,1
1787015700000,59.498,59.595,59.386,59.503,16157.0,1615.7,96121.709,1
1787016600000,59.5,59.525,59.304,59.334,8787.0,878.7,52229.5193,1
1787017500000,59.347,59.361,59.055,59.128,13190.0,1319.0,78139.3876,1
1787018400000,59.134,59.18,59.071,59.073,3064.0,306.4,18121.4775,1
1787019300000,59.073,59.345,59.058,59.183,14209.0,1420.9,84187.5749,1
1787020200000,59.181,59.276,59.028,59.138,3697.0,369.7,21875.2653,1
1787021100000,59.136,59.293,59.042,59.195,3940.0,394.0,23308.9525,1
1787022000000,59.218,59.382,59.171,59.195,14229.0,1422.9,84363.0243,1
1787022900000,59.193,59.376,59.109,59.114,1429.0,142.9,8463.8549,1
1787023800000,59.107,59.298,58.976,59.298,9694.0,969.4,57282.215,1
1787024700000,59.298,59.402,59.262,59.371,8046.0,804.6,47736.4026,1
1787025600000,59.372,59.372,59.2,59.254,3424.0,342.4,20282.5634,1
1787026500000,59.254,59.267,59.115,59.206,13311.0,1331.1,78790.6643,1
1787027400000,59.217,59.322,59.128,59.128,2959.0,295.9,17529.2403,1
1787028300000,59.155,59.395,59.085,59.263,3815.0,381.5,22611.2035,1
1787029200000,59.253,59.58,59.181,59.543,7170.0,717.0,42608.3917,1
1787030100000,59.507,59.526,59.099,59.15,10717.0,1071.7,63475.2797,1
1787031000000,59.126,59.199,58.889,59.199,8359.0,835.9,49342.8349,1
1787031900000,59.2,59.234,59.104,59.119,8165.0,816.5,48317.8452,1
1787032800000,59.121,59.316,59.008,59.299,1538.0,153.8,9100.8836,1
1787033700000,59.303,59.7,59.303,59.7,18269.0,1826.9,108919.8911,1
1787034600000,59.699,60.249,59.663,60.249,62124.0,6212.4,372659.4193,1
1787035500000,60.25,60.264,59.838,59.966,18098.0,1809.8,108621.1486,1
1787036400000,59.95,60.162,59.876,60.1,20349.0,2034.9,122053.133,1
1787037300000,60.126,60.471,59.948,59.958,47792.0,4779.2,287923.3104,1
1787038200000,59.957,60.104,59.702,59.74,11452.0,1145.2,68598.6875,1
1787039100000,59.74,59.776,59.61,59.649,50547.0,5054.7,301687.9522,1
1787040000000,59.664,59.664,59.21,59.223,16661.0,1666.1,98942.2003,1
1787040900000,59.21,59.532,59.21,59.388,18295.0,1829.5,108553.3137,1
1787041800000,59.369,59.666,59.369,59.649,10250.0,1025.0,61124.6743,1
1787042700000,59.665,59.669,59.558,59.599,3243.0,324.3,19336.6439,1
1787043600000,59.577,59.7,59.548,59.573,8484.0,848.4,50592.4431,1
1787044500000,59.571,59.571,59.367,59.415,14473.0,1447.3,85967.2565,1
1787045400000,59.415,59.538,59.321,59.376,16126.0,1612.6,95897.1467,1
1787046300000,59.387,59.622,59.387,59.606,7365.0,736.5,43845.4791,1
1787047200000,59.603,59.659,59.57,59.592,1720.0,172.0,10252.6263,1
1787048100000,59.594,59.656,59.588,59.649,7353.0,735.3,43846.2785,1
1787049000000,59.649,59.829,59.625,59.809,12019.0,1201.9,71829.279,1
1787049900000,59.798,59.914,59.723,59.81,10189.0,1018.9,60980.0339,1
1787050800000,59.81,59.9,59.746,59.783,13094.0,1309.4,78326.5852,1
1787051700000,59.771,59.9,59.754,59.9,1769.0,176.9,10587.3134,1
1787052600000,59.91,59.962,59.772,59.857,3561.0,356.1,21330.1242,1
1787053500000,59.867,59.922,59.82,59.85,2442.0,244.2,14620.7327,1
1787054400000,59.85,59.948,59.641,59.801,5610.0,561.0,33494.042,1
1787055300000,59.801,59.801,59.49,59.511,7096.0,709.6,42287.5387,1
1787056200000,59.508,59.515,59.259,59.383,18153.0,1815.3,107827.437,1
1787057100000,59.383,59.47,59.302,59.311,9945.0,994.5,59042.9432,1
1787058000000,59.319,59.375,59.159,59.251,14699.0,1469.9,87090.0242,1
1787058900000,59.252,59.404,59.187,59.187,15423.0,1542.3,91502.9058,1
1787059800000,59.186,59.562,59.184,59.345,52751.0,5275.1,313334.2711,1
1787060700000,59.328,59.404,59.168,59.211,4262.0,426.2,25275.6281,1
1787061600000,59.207,59.436,59.048,59.08,14520.0,1452.0,85822.2254,1
1787062500000,59.081,59.767,59.065,59.733,39857.0,3985.7,237333.3071,1
1787063400000,59.727,59.816,59.369,59.369,81877.0,8187.7,487374.9237,1
1787064300000,59.363,59.44,59.128,59.137,38481.0,3848.1,228262.3414,1
1787065200000,59.133,59.348,59.1,59.251,31253.0,3125.3,185116.5217,1
1787066100000,59.253,59.549,59.237,59.526,35898.0,3589.8,213506.0027,1
1787067000000,59.518,59.542,59.374,59.379,10227.0,1022.7,60821.488,1
1787067900000,59.4,59.441,59.318,59.366,8214.0,821.4,48749.4007,1
1787068800000,59.383,59.398,59.199,59.204,5944.0,594.4,35242.1664,1
1787069700000,59.204,59.23,58.272,58.404,122060.0,12206.0,715354.6798,1
1787070600000,58.368,58.737,58.295,58.728,84395.0,8439.5,494442.0271,1
1787071500000,58.747,58.828,58.698,58.774,26409.0,2640.9,155221.2684,1
1787072400000,58.767,58.807,58.229,58.433,119020.0,11902.0,694197.982,1
1787073300000,58.433,58.533,58.365,58.453,5685.0,568.5,33221.9739,1
1787074200000,58.476,58.641,58.459,58.641,48465.0,4846.5,283821.1009,1
1787075100000,58.64,58.691,58.551,58.637,9279.0,927.9,54432.6789,1
1787076000000,58.63,58.688,58.544,58.688,9746.0,974.6,57146.1739,1
1787076900000,58.68,58.725,58.551,58.669,6580.0,658.0,38605.0452,1
1787077800000,58.669,58.687,58.552,58.628,4663.0,466.3,27334.3331,1
1787078700000,58.623,58.75,58.609,58.685,110887.0,11088.7,650721.0373,1
1787079600000,58.685,58.768,58.661,58.744,463.0,46.3,2718.291,1
1787080500000,58.713,58.925,58.688,58.873,3510.0,351.0,20652.5847,1
1787081400000,58.866,59.047,58.782,58.885,16193.0,1619.3,95493.9171,1
1787082300000,58.875,58.946,58.822,58.927,13762.0,1376.2,81048.8957,1
1787083200000,58.945,58.976,58.807,58.957,13278.0,1327.8,78224.7552,1
1787084100000,58.957,59.085,58.893,59.037,31413.0,3141.3,185469.1555,1
1787085000000,59.037,59.108,58.808,58.808,34664.0,3466.4,204454.2297,1
1787085900000,58.808,58.855,58.551,58.569,21986.0,2198.6,128925.6388,1
1787086800000,58.559,58.697,58.552,58.611,1861.0,186.1,10908.1959,1
1787087700000,58.607,58.663,58.518,58.663,4109.0,410.9,24071.3991,1
1787088600000,58.654,58.66,58.536,58.651,2524.0,252.4,14791.0533,1
1787089500000,58.651,58.721,58.614,58.721,4684.0,468.4,27488.7388,1
1787090400000,58.712,58.8,58.679,58.724,8778.0,877.8,51541.3022,1
1787091300000,58.697,58.728,58.563,58.67,2107.0,210.7,12353.7512,1
1787092200000,58.659,58.705,58.449,58.463,22367.0,2236.7,130839.9414,1
1787093100000,58.465,58.465,58.344,58.355,130872.0,13087.2,763876.8652,1
1787094000000,58.399,58.507,58.314,58.435,9238.0,923.8,54006.7509,1
1787094900000,58.435,58.517,58.407,58.457,7530.0,753.0,44001.1201,1
1787095800000,58.457,58.651,58.457,58.585,3870.0,387.0,22663.9615,1
1787096700000,58.585,58.612,58.496,58.51,2970.0,297.0,17397.4478,1
1787097600000,58.503,58.504,58.192,58.293,19075.0,1907.5,111155.2008,1
1787098500000,58.297,58.541,58.264,58.539,6021.0,602.1,35189.1869,1
1787099400000,58.534,58.707,58.518,58.698,7641.0,764.1,44758.2012,1
1787100300000,58.688,58.696,58.516,58.516,2021.0,202.1,11846.652,1
1787101200000,58.516,58.8,58.516,58.786,11610.0,1161.0,68183.6538,1
1787102100000,58.785,58.829,58.636,58.79,10135.0,1013.5,59587.8104,1
1787103000000,58.741,58.78,58.606,58.636,4805.0,480.5,28212.8171,1
1787103900000,58.636,58.636,58.534,58.534,489.0,48.9,2865.4232,1
1787104800000,58.534,58.535,58.341,58.434,8154.0,815.4,47619.8012,1
1787105700000,58.415,58.417,58.31,58.315,7841.0,784.1,45745.5654,1
1787106600000,58.308,58.377,58.235,58.369,8063.0,806.3,47036.6458,1
1787107500000,58.37,58.431,58.306,58.4,2817.0,281.7,16443.2152,1
1787108400000,58.421,58.442,58.305,58.442,4715.0,471.5,27531.1036,1
1787109300000,58.442,58.517,58.31,58.351,8950.0,895.0,52301.0728,1
1787110200000,58.351,58.427,58.243,58.413,1142.0,114.2,6662.7038,1
1787111100000,58.409,58.438,58.373,58.399,4807.0,480.7,28073.6553,1
1787112000000,58.399,58.475,58.352,58.44,14538.0,1453.8,84951.0922,1
1787112900000,58.44,58.57,58.435,58.562,2738.0,273.8,16025.1305,1
1787113800000,58.562,58.562,58.46,58.502,4437.0,443.7,25945.8423,1
1787114700000,58.516,58.571,58.493,58.571,932.0,93.2,5456.0963,1
1787115600000,58.564,58.668,58.515,58.613,1885.0,188.5,11043.6079,1
1787116500000,58.613,58.616,58.43,58.569,3687.0,368.7,21577.7756,1
1787117400000,58.569,58.634,58.466,58.485,1192.0,119.2,6980.4077,1
1787118300000,58.485,58.485,58.213,58.237,85841.0,8584.1,500300.7616,1
1787119200000,58.243,58.274,58.048,58.116,15296.0,1529.6,88922.8002,1
1787120100000,58.134,58.359,58.134,58.158,2256.0,225.6,13145.1252,1
1787121000000,58.157,58.434,58.121,58.434,2042.0,204.2,11900.9794,1
1787121900000,58.433,58.594,58.403,58.473,3130.0,313.0,18300.7202,1
1787122800000,58.473,58.502,58.361,58.377,4191.0,419.1,24482.8321,1
1787123700000,58.371,58.401,58.235,58.339,3088.0,308.8,18007.4624,1
1787124600000,58.325,58.366,58.268,58.271,6181.0,618.1,36043.0982,1
1787125500000,58.277,58.293,58.172,58.172,1439.0,143.9,8383.1248,1
1787126400000,58.17,58.249,58.103,58.201,3980.0,398.0,23137.5699,1
1787127300000,58.209,58.36,58.201,58.327,1153.0,115.3,6718.0722,1
1787128200000,58.32,58.478,58.295,58.478,3844.0,384.4,22435.2719,1
1787129100000,58.486,58.505,58.297,58.297,3109.0,310.9,18144.5899,1
1787130000000,58.299,58.413,58.296,58.338,4722.0,472.2,27564.9884,1
1787130900000,58.338,58.462,58.333,58.419,1236.0,123.6,7220.0777,1
1787131800000,58.423,58.438,58.283,58.317,3774.0,377.4,22041.5193,1
1787132700000,58.317,58.317,58.232,58.261,3333.0,333.3,19421.0473,1
1787133600000,58.261,58.282,58.163,58.258,6086.0,608.6,35418.3266,1
1787134500000,58.237,58.282,58.214,58.281,1770.0,177.0,10311.0331,1
1787135400000,58.281,58.379,58.251,58.375,1808.0,180.8,10538.8472,1
1787136300000,58.376,58.516,58.371,58.516,4279.0,427.9,25010.1178,1
1787137200000,58.516,58.749,58.5,58.724,10366.0,1036.6,60777.2848,1
1787138100000,58.723,58.75,58.644,58.697,14318.0,1431.8,84023.3526,1
1787139000000,58.697,58.956,58.697,58.885,26937.0,2693.7,158576.8999,1
1787139900000,58.869,58.919,58.732,58.739,6990.0,699.0,41128.3766,1
1787140800000,58.739,58.739,58.672,58.716,18742.0,1874.2,110038.1851,1
1787141700000,58.716,58.856,58.702,58.833,6991.0,699.1,41079.0259,1
1787142600000,58.833,59.295,58.761,59.274,42597.0,4259.7,251655.5865,1
1787143500000,59.27,59.369,59.143,59.269,31268.0,3126.8,185166.6771,1
1787144400000,59.271,59.271,59.039,59.206,13970.0,1397.0,82594.15,1
1787145300000,59.207,59.383,59.156,59.35,31678.0,3167.8,187816.9261,1
1787146200000,59.33,59.375,58.858,58.938,11737.0,1173.7,69350.0262,1
1787147100000,58.941,58.987,58.558,58.642,15318.0,1531.8,89949.6425,1
1787148000000,58.64,58.912,58.636,58.808,18094.0,1809.4,106315.1512,1
1787148900000,58.807,58.971,58.785,58.914,47877.0,4787.7,281689.0586,1
1787149800000,58.909,59.35,58.856,59.306,30595.0,3059.5,180475.7123,1
1787150700000,59.304,59.925,59.125,59.872,47106.0,4710.6,281126.6924,1
1787151600000,59.889,60.169,59.65,60.022,119239.0,11923.9,714331.4296,1
1787152500000,60.014,60.53,59.704,60.279,109222.0,10922.2,657556.8729,1
1787153400000,60.27,61.65,59.806,61.313,106304.0,10630.4,645111.321,1
1787154300000,61.29,61.876,61.075,61.855,44129.0,4412.9,271177.1167,1
1787155200000,61.872,62.503,61.55,61.64,86388.0,8638.8,536270.4716,1
1787156100000,61.636,62.5,61.566,62.34,119074.0,11907.4,739096.7294,1
1787157000000,62.322,62.599,62.019,62.263,52286.0,5228.6,325982.5358,1
1787157900000,62.256,62.484,61.962,61.962,30541.0,3054.1,189634.3863,1
1787158800000,61.97,62.2,61.638,61.947,21389.0,2138.9,132465.8499,1
1787159700000,61.964,62.072,61.731,61.928,16129.0,1612.9,99771.8134,1
1787160600000,61.95,62.008,61.61,61.946,13846.0,1384.6,85622.0295,1
1787161500000,61.954,62.38,61.934,62.198,45698.0,4569.8,284287.1633,1
1787162400000,62.208,62.24,61.81,62.052,17170.0,1717.0,106417.7637,1
1787163300000,62.045,62.5,62.025,62.487,17516.0,1751.6,109108.6579,1
1787164200000,62.473,62.473,62.22,62.448,7863.0,786.3,49047.4125,1
1787165100000,62.443,62.465,62.203,62.223,16125.0,1612.5,100454.8082,1
1787166000000,62.236,67.931,62.076,67.761,416073.0,41607.3,2710827.0008,1
1787166900000,67.762,72.292,67.103,69.007,729299.0,72929.9,5070513.717,1
1787167800000,69.046,70.61,68.615,69.898,269345.0,26934.5,1872789.0669,1
1787168700000,69.906,70.659,69.298,70.273,168026.0,16802.6,1176765.9005,1
1787169600000,70.256,70.648,68.664,69.019,197467.0,19746.7,1373276.76,1
1787170500000,69.0,69.328,68.365,69.323,120596.0,12059.6,830260.6139,1
1787171400000,69.256,69.867,69.075,69.593,110647.0,11064.7,771431.3236,1
1787172300000,69.578,71.163,69.502,71.107,146433.0,14643.3,1026383.3362,1
1787173200000,71.12,71.302,70.015,70.071,179469.0,17946.9,1266884.1376,1
1787174100000,70.091,71.799,69.873,71.799,84931.0,8493.1,603382.3995,1
1787175000000,71.799,72.649,71.458,72.649,124234.0,12423.4,896576.0593,1
1787175900000,72.584,72.592,71.367,71.368,105899.0,10589.9,763753.0019,1
1787176800000,71.367,71.95,70.668,71.65,68237.0,6823.7,487031.2063,1
1787177700000,71.601,71.834,71.031,71.13,100401.0,10040.1,716652.1086,1
1787178600000,71.118,71.729,71.099,71.433,125687.0,12568.7,898854.9599,1
1787179500000,71.431,71.431,70.379,70.911,119227.0,11922.7,845329.6488,1
1787180400000,70.918,71.275,70.779,70.93,39339.0,3933.9,279187.3689,1
1787181300000,70.92,70.989,70.033,70.469,79883.0,7988.3,562351.6763,1
1787182200000,70.463,70.851,69.956,70.516,46552.0,4655.2,327982.3059,1
1787183100000,70.516,70.526,69.172,69.725,121620.0,12162.0,849502.3238,1
1787184000000,69.802,69.951,69.051,69.499,59190.0,5919.0,411029.0641,1
1787184900000,69.462,70.724,69.422,70.699,91572.0,9157.2,643294.0536,1
1787185800000,70.696,70.993,70.531,70.911,47259.0,4725.9,334349.2878,1
1787186700000,70.939,71.052,69.715,69.753,21782.0,2178.2,153528.9526,1
1787187600000,69.738,69.899,68.771,68.772,73307.0,7330.7,507239.2973,1
1787188500000,68.772,69.172,68.53,69.127,38314.0,3831.4,263611.452,1
1787189400000,69.143,69.445,69.123,69.425,13099.0,1309.9,90781.5357,1
1787190300000,69.434,69.659,69.355,69.519,40356.0,4035.6,280517.0077,1
1787191200000,69.505,69.522,69.256,69.494,14818.0,1481.8,102689.9755,1
1787192100000,69.481,69.94,69.481,69.94,27031.0,2703.1,188465.913,1
1787193000000,69.949,69.95,69.47,69.598,29651.0,2965.1,206521.7485,1
1787193900000,69.557,69.967,69.474,69.739,38694.0,3869.4,269386.8869,1
1787194800000,69.718,69.751,69.099,69.252,50491.0,5049.1,350012.0474,1
1787195700000,69.25,69.499,69.0,69.007,34908.0,3490.8,241723.3027,1
1787196600000,69.001,69.568,68.983,69.484,10917.0,1091.7,75714.9415,1
1787197500000,69.473,69.625,69.415,69.475,18210.0,1821.0,126666.2351,1
1787198400000,69.487,70.318,69.448,69.983,10396.0,1039.6,72675.527,1
1787199300000,69.983,70.297,69.839,70.297,9799.0,979.9,68620.1928,1
1787200200000,70.291,70.465,69.839,70.465,7575.0,757.5,53255.6896,1
1787201100000,70.465,70.867,70.438,70.865,22644.0,2264.4,160095.7819,1
1787202000000,70.856,71.113,70.83,70.858,26269.0,2626.9,186597.8167,1
1787202900000,70.862,71.081,70.768,70.932,15391.0,1539.1,109105.8384,1
1787203800000,70.925,71.499,70.749,71.17,32588.0,3258.8,231980.2677,1
1787204700000,71.149,71.398,71.021,71.208,32348.0,3234.8,230048.1293,1
1787205600000,71.228,71.524,71.096,71.47,77217.0,7721.7,550704.3968,1
1787206500000,71.462,72.099,71.416,72.08,33408.0,3340.8,239971.7524,1
1787207400000,72.087,72.525,71.896,72.03,34532.0,3453.2,249288.9402,1
1787208300000,72.044,72.146,71.921,71.992,84254.0,8425.4,606974.9195,1
1787209200000,71.989,72.131,71.879,72.114,14236.0,1423.6,102526.7036,1
1787210100000,72.108,72.108,71.76,71.987,12813.0,1281.3,92217.8853,1
1787211000000,71.985,72.067,71.517,71.54,13896.0,1389.6,99795.3572,1
1787211900000,71.533,72.088,71.433,72.087,29074.0,2907.4,208755.9373,1
1787212800000,72.088,72.682,71.756,72.43,15960.0,1596.0,115159.6304,1
1787213700000,72.407,72.407,70.642,71.166,113010.0,11301.0,803580.0218,1
1787214600000,71.175,72.054,70.916,71.983,73961.0,7396.1,531022.9857,1
1787215500000,71.991,73.143,71.864,73.14,32220.0,3222.0,233537.3365,1
1787216400000,73.102,74.554,72.949,74.08,103509.0,10350.9,763880.2015,1
1787217300000,74.104,74.308,73.584,73.676,47062.0,4706.2,347493.686,1
1787218200000,73.65,73.882,73.04,73.202,17306.0,1730.6,127104.5204,1
1787219100000,73.184,73.457,72.8,73.195,24648.0,2464.8,180086.8498,1
1787220000000,73.191,73.683,73.011,73.604,43211.0,4321.1,317395.492,1
1787220900000,73.56,73.797,72.652,72.669,51028.0,5102.8,372984.3119,1
1787221800000,72.649,72.709,72.236,72.236,26304.0,2630.4,190551.6667,1
1787222700000,72.236,72.734,72.217,72.229,35776.0,3577.6,259308.9433,1
1787223600000,72.248,72.248,71.551,71.938,51589.0,5158.9,371454.8268,1
1787224500000,71.943,72.579,71.798,72.396,21526.0,2152.6,155316.6648,1
1787225400000,72.39,72.949,72.3,72.949,28415.0,2841.5,206580.8591,1
1787226300000,72.95,73.008,71.605,71.965,35441.0,3544.1,255806.9855,1
1787227200000,72.02,72.066,71.429,71.447,53890.0,5389.0,386504.2451,1
1787228100000,71.433,71.637,71.237,71.391,32329.0,3232.9,230661.7322,1
1787229000000,71.421,71.539,71.153,71.2,37778.0,3777.8,269426.0582,1
1787229900000,71.201,71.815,71.073,71.663,56060.0,5606.0,400322.2619,1
1787230800000,71.673,72.335,71.579,72.109,23603.0,2360.3,170064.4132,1
1787231700000,72.088,72.153,71.675,71.783,15668.0,1566.8,112707.5404,1
1787232600000,71.772,72.098,71.251,72.058,115460.0,11546.0,826301.2009,1
1787233500000,72.061,72.276,71.406,71.865,51825.0,5182.5,371593.1802,1
1787234400000,71.881,72.673,71.741,72.236,39031.0,3903.1,281394.2146,1
1787235300000,72.197,72.525,72.069,72.247,31725.0,3172.5,229588.1302,1
1787236200000,72.252,72.442,71.631,71.814,48457.0,4845.7,348246.4458,1
1787237100000,71.814,72.163,71.64,72.102,33256.0,3325.6,239276.4641,1
1787238000000,72.083,72.606,72.002,72.482,50891.0,5089.1,368311.568,1
1787238900000,72.506,73.161,72.415,73.103,48804.0,4880.4,354883.471,1
1787239800000,73.102,73.471,72.685,73.313,69389.0,6938.9,507833.5006,1
1787240700000,73.325,73.433,72.991,73.236,31044.0,3104.4,227201.2376,1
1787241600000,73.225,73.437,72.836,72.906,36502.0,3650.2,267030.1188,1
1787242500000,72.994,73.99,72.763,73.988,51823.0,5182.3,381182.812,1
1787243400000,73.966,74.143,73.821,74.08,77197.0,7719.7,570893.788,1
1787244300000,74.091,74.23,73.611,73.771,36564.0,3656.4,269994.0873,1
1787245200000,73.781,74.326,73.668,73.769,34296.0,3429.6,254215.3315,1
1787246100000,73.77,73.896,73.117,73.638,58090.0,5809.0,426194.8439,1
1787247000000,73.616,74.366,73.393,74.152,39626.0,3962.6,293578.7743,1
1787247900000,74.216,74.216,73.645,73.645,25513.0,2551.3,188388.0002,1
1787248800000,73.643,73.791,71.962,72.052,119742.0,11974.2,870024.6427,1
1787249700000,72.016,72.534,71.731,71.794,60014.0,6001.4,432518.3463,1
1787250600000,71.797,72.151,71.692,72.037,77516.0,7751.6,557949.5211,1
1787251500000,72.056,72.5,72.056,72.117,47066.0,4706.6,340151.8466,1
1787252400000,72.112,72.727,72.112,72.591,15316.0,1531.6,111172.8346,1
1787253300000,72.609,73.034,72.4,72.87,41973.0,4197.3,305939.2142,1
1787254200000,72.871,72.979,72.535,72.784,13150.0,1315.0,95696.3764,1
1787255100000,72.804,72.804,72.337,72.571,24714.0,2471.4,179098.1573,1
1787256000000,72.607,73.233,72.577,73.229,20876.0,2087.6,152229.2911,1
1787256900000,73.234,73.336,73.058,73.123,17571.0,1757.1,128602.6495,1
1787257800000,73.102,73.422,73.089,73.343,48224.0,4822.4,353096.3462,1
1787258700000,73.336,73.934,73.234,73.923,16493.0,1649.3,121238.0916,1
1787259600000,73.903,74.616,73.776,74.159,64675.0,6467.5,479650.5225,1
1787260500000,74.177,74.593,74.069,74.534,24573.0,2457.3,182627.5937,1
1787261400000,74.519,74.796,74.286,74.639,49995.0,4999.5,372759.2679,1
1787262300000,74.639,75.057,74.357,74.932,46720.0,4672.0,349040.8119,1
1787263200000,74.942,75.048,73.669,73.76,77100.0,7710.0,572256.2345,1
1787264100000,73.795,74.245,73.729,73.794,37381.0,3738.1,276399.6251,1
1787265000000,73.789,74.09,73.555,73.624,33206.0,3320.6,245559.7921,1
1787265900000,73.612,73.955,73.522,73.609,27301.0,2730.1,201149.7685,1
1787266800000,73.618,74.25,73.595,73.993,9359.0,935.9,69209.4068,1
1787267700000,73.935,74.252,73.551,74.165,35843.0,3584.3,264424.8181,1
1787268600000,74.181,74.312,73.806,74.196,28538.0,2853.8,211191.2205,1
1787269500000,74.196,74.218,73.638,73.77,22820.0,2282.0,168348.6032,1
1787270400000,73.791,74.049,73.636,73.955,25776.0,2577.6,190214.6535,1
1787271300000,73.941,74.426,73.676,73.676,17114.0,1711.4,126641.4038,1
1787272200000,73.673,73.845,73.37,73.411,43341.0,4334.1,318495.5953,1
1787273100000,73.393,73.745,73.37,73.467,7209.0,720.9,53027.8913,1
1787274000000,73.469,74.097,73.339,74.093,45116.0,4511.6,332535.4608,1
1787274900000,74.081,74.519,73.984,74.518,27842.0,2784.2,206823.3392,1
1787275800000,74.518,74.686,74.152,74.561,27804.0,2780.4,207118.092,1
1787276700000,74.598,75.099,74.519,74.624,87648.0,8764.8,655304.2268,1
1787277600000,74.629,74.958,73.783,73.864,64842.0,6484.2,480763.8662,1
1787278500000,73.855,74.375,73.789,74.34,19681.0,1968.1,145883.4166,1
1787279400000,74.376,74.76,74.281,74.729,45567.0,4556.7,339698.1321,1
1787280300000,74.731,74.76,73.77,73.81,47524.0,4752.4,352515.9582,1
1787281200000,73.771,73.938,71.75,71.75,128070.0,12807.0,933034.6275,1
1787282100000,71.751,72.381,71.409,72.368,44070.0,4407.0,316581.1273,1
1787283000000,72.355,72.551,72.068,72.267,6728.0,672.8,48709.9291,1
1787283900000,72.258,72.741,72.258,72.3,7361.0,736.1,53366.7382,1
1787284800000,72.334,72.52,72.137,72.486,24225.0,2422.5,175070.8988,1
1787285700000,72.495,72.773,72.427,72.764,16832.0,1683.2,122406.8106,1
1787286600000,72.764,72.856,72.669,72.808,14661.0,1466.1,106637.5559,1
1787287500000,72.813,72.942,72.608,72.627,10918.0,1091.8,79563.7722,1
1787288400000,72.633,72.971,72.354,72.924,18529.0,1852.9,134538.7791,1
1787289300000,72.919,73.209,72.699,72.845,23919.0,2391.9,174787.1154,1
1787290200000,72.841,73.268,72.84,73.206,9091.0,909.1,66517.7049,1
1787291100000,73.188,73.268,72.942,73.115,13094.0,1309.4,95780.7461,1
1787292000000,73.135,73.406,72.97,73.359,26842.0,2684.2,196115.2399,1
1787292900000,73.351,73.48,72.808,73.02,34250.0,3425.0,250302.3608,1
1787293800000,73.02,73.209,72.652,72.821,11825.0,1182.5,86150.1926,1
1787294700000,72.848,73.082,72.539,72.924,9428.0,942.8,68567.6884,1
1787295600000,72.919,73.19,72.767,73.189,19566.0,1956.6,142977.9944,1
1787296500000,73.184,73.712,73.161,73.71,31051.0,3105.1,227887.1535,1
1787297400000,73.712,73.934,73.467,73.933,23631.0,2363.1,174153.6576,1
1787298300000,73.934,74.034,73.7,73.836,15035.0,1503.5,111058.4377,1
1787299200000,73.832,74.027,73.565,73.772,19476.0,1947.6,143670.7358,1
1787300100000,73.798,74.519,73.746,74.512,30577.0,3057.7,227169.0215,1
1787301000000,74.506,76.154,74.404,75.568,82048.0,8204.8,616948.9232,1
1787301900000,75.569,75.988,74.859,75.821,49028.0,4902.8,370779.0038,1
1787302800000,75.803,75.851,73.117,74.136,247658.0,24765.8,1832823.8404,1
1787303700000,74.083,74.098,73.588,73.993,86050.0,8605.0,635494.2586,1
1787304600000,74.001,74.793,73.801,74.271,47488.0,4748.8,353054.0553,1
1787305500000,74.271,74.4,73.622,74.152,40468.0,4046.8,299278.6963,1
1787306400000,74.151,75.468,73.95,75.056,36817.0,3681.7,275306.2753,1
1787307300000,75.094,75.517,74.556,74.845,26360.0,2636.0,197812.766,1
1787308200000,74.854,74.881,74.134,74.618,27956.0,2795.6,207857.1761,1
1787309100000,74.629,75.074,74.6,75.057,13201.0,1320.1,98904.2632,1
1787310000000,75.058,75.44,74.637,75.062,26733.0,2673.3,200589.8873,1
1787310900000,75.065,75.066,74.419,74.943,15134.0,1513.4,113122.9058,1
1787311800000,74.992,75.088,74.168,74.453,50399.0,5039.9,376111.5881,1
1787312700000,74.445,74.445,73.641,74.25,53040.0,5304.0,392524.6865,1
1787313600000,74.25,74.4,73.749,74.213,23968.0,2396.8,177628.5814,1
1787314500000,74.219,74.323,73.758,73.899,19559.0,1955.9,144739.9577,1
1787315400000,73.923,74.578,73.757,74.556,21721.0,2172.1,161312.771,1
1787316300000,74.54,74.634,74.167,74.216,20553.0,2055.3,152868.3001,1
1787317200000,74.238,76.644,74.167,76.616,107974.0,10797.4,819574.3234,1
1787318100000,76.615,77.5,76.006,77.186,155411.0,15541.1,1192555.1562,1
1787319000000,77.152,77.899,75.834,77.588,176656.0,17665.6,1355898.5792,1
1787319900000,77.57,77.694,76.532,76.92,51489.0,5148.9,396963.5319,1
1787320800000,76.928,77.089,75.717,75.897,118247.0,11824.7,900132.4515,1
1787321700000,75.91,76.442,75.191,76.367,62775.0,6277.5,475255.0428,1
1787322600000,76.359,77.21,76.069,77.171,47792.0,4779.2,366700.5556,1
1787323500000,77.199,77.666,76.83,77.606,64604.0,6460.4,497980.4007,1
1787324400000,77.623,77.631,76.649,76.925,47361.0,4736.1,364743.0133,1
1787325300000,76.911,77.176,76.442,76.572,32076.0,3207.6,246001.3346,1
1787326200000,76.572,77.238,76.571,76.75,73117.0,7311.7,561935.5645,1
1787327100000,76.75,76.967,76.5,76.682,34688.0,3468.8,265893.4681,1
1787328000000,76.67,76.773,75.876,75.876,67926.0,6792.6,517806.5309,1
1787328900000,75.864,76.83,75.858,76.83,12684.0,1268.4,96834.2,1
1787329800000,76.804,76.804,76.282,76.44,5444.0,544.4,41660.2161,1
1787330700000,76.44,76.627,76.124,76.51,14575.0,1457.5,111378.4286,1
1787331600000,76.527,76.699,75.6,75.642,49705.0,4970.5,378097.3056,1
1787332500000,75.631,75.641,74.168,75.482,116248.0,11624.8,871911.7981,1
1787333400000,75.447,75.563,75.183,75.241,14161.0,1416.1,106689.6652,1
1787334300000,75.265,75.493,75.015,75.099,31964.0,3196.4,240495.3653,1
1787335200000,75.11,75.281,74.611,75.227,31193.0,3119.3,233467.6531,1
1787336100000,75.208,75.491,74.963,75.16,57924.0,5792.4,435948.963,1
1787337000000,75.16,75.302,74.557,74.614,30512.0,3051.2,228655.5124,1
1787337900000,74.604,74.604,74.065,74.541,104589.0,10458.9,776934.9489,1
1787338800000,74.546,74.751,73.898,74.701,85862.0,8586.2,637348.5311,1
1787339700000,74.695,75.035,74.561,74.899,30173.0,3017.3,225573.0334,1
1787340600000,74.846,74.931,74.202,74.291,40513.0,4051.3,301436.9159,1
1787341500000,74.285,75.091,74.268,74.892,55155.0,5515.5,413045.1626,1
1787342400000,74.906,75.46,74.792,75.365,24686.0,2468.6,185327.7458,1
1787343300000,75.365,75.693,75.194,75.29,28904.0,2890.4,218023.1916,1
1787344200000,75.311,75.563,75.297,75.365,15035.0,1503.5,113400.6822,1
1787345100000,75.36,75.765,75.248,75.66,26849.0,2684.9,202774.0211,1
1787346000000,75.669,76.053,75.601,75.904,38759.0,3875.9,293591.6597,1
1787346900000,75.884,76.645,75.884,76.587,49562.0,4956.2,378878.6105,1
1787347800000,76.59,76.899,76.123,76.209,50177.0,5017.7,383732.2448,1
1787348700000,76.211,77.032,75.966,77.011,66248.0,6624.8,506612.223,1
1787349600000,77.001,77.112,76.83,76.971,30494.0,3049.4,234771.7117,1
1787350500000,76.981,77.109,76.529,77.097,28185.0,2818.5,216428.5437,1
1787351400000,77.124,77.127,75.394,76.069,113814.0,11381.4,864273.1888,1
1787352300000,76.071,76.369,75.967,76.16,29399.0,2939.9,223764.7857,1
1787353200000,76.185,76.352,75.789,75.83,15788.0,1578.8,119966.108,1
1787354100000,75.823,76.401,75.765,76.189,7213.0,721.3,54858.5061,1
1787355000000,76.19,76.487,75.517,75.781,14665.0,1466.5,111577.5205,1
1787355900000,75.776,75.813,75.106,75.563,43223.0,4322.3,326127.1159,1
1787356800000,75.563,75.747,74.753,75.176,39622.0,3962.2,298018.9691,1
1787357700000,75.184,75.517,75.169,75.189,13368.0,1336.8,100678.919,1
1787358600000,75.163,75.756,75.163,75.462,8295.0,829.5,62606.9785,1
1787359500000,75.459,76.188,75.274,75.984,19923.0,1992.3,151242.5356,1
1787360400000,76.043,76.099,75.628,75.878,39622.0,3962.2,300501.0784,1
1787361300000,75.9,76.338,75.765,76.239,15749.0,1574.9,119915.8575,1
1787362200000,76.234,76.487,76.226,76.315,17040.0,1704.0,130075.3838,1
1787363100000,76.328,76.75,76.2,76.586,13297.0,1329.7,101743.7143,1
1787364000000,76.637,78.959,76.545,78.862,177467.0,17746.7,1386976.9842,1
1787364900000,78.871,79.656,78.871,79.556,167210.0,16721.0,1323900.3851,1
1787365800000,79.57,81.54,79.068,80.232,173016.0,17301.6,1386475.1725,1
1787366700000,80.242,81.129,80.049,80.87,63088.0,6308.8,508561.1963,1
1787367600000,80.951,81.499,80.485,80.486,40617.0,4061.7,329187.0469,1
1787368500000,80.486,82.207,80.486,82.19,141441.0,14144.1,1154832.6124,1
1787369400000,82.17,82.474,81.57,81.819,83261.0,8326.1,684183.1194,1
1787370300000,81.805,82.636,81.684,82.225,162003.0,16200.3,1331040.5766,1
1787371200000,82.206,82.573,81.059,81.668,43138.0,4313.8,351724.5387,1
1787372100000,81.672,82.185,80.794,81.681,58783.0,5878.3,477895.3419,1
1787373000000,81.708,81.992,81.332,81.498,23392.0,2339.2,191152.9795,1
1787373900000,81.477,81.566,80.921,81.258,34072.0,3407.2,276704.651,1
1787374800000,81.21,81.804,71.501,78.419,251506.0,25150.6,1936403.7582,1
1787375700000,78.429,79.455,76.404,79.068,274121.0,27412.1,2142934.1131,1
1787376600000,79.067,80.082,77.877,78.569,131812.0,13181.2,1039607.3264,1
1787377500000,78.559,79.974,78.281,79.339,64549.0,6454.9,512337.0312,1
1787378400000,79.303,79.766,78.418,78.537,26988.0,2698.8,213590.7063,1
1787379300000,78.533,79.533,78.492,79.14,32722.0,3272.2,259276.7518,1
1787380200000,79.128,80.073,78.426,79.997,197600.0,19760.0,1564602.3546,1
1787381100000,79.94,80.744,79.881,80.37,75908.0,7590.8,608448.1611,1
1787382000000,80.353,80.726,79.439,79.831,51116.0,5111.6,408847.3959,1
1787382900000,79.79,79.935,79.3,79.799,99093.0,9909.3,788046.7652,1
1787383800000,79.815,79.953,79.205,79.634,27994.0,2799.4,222997.097,1
1787384700000,79.631,79.655,78.881,78.892,39718.0,3971.8,314640.6921,1
1787385600000,78.93,79.299,78.552,78.852,25178.0,2517.8,198694.7107,1
1787386500000,78.844,78.893,77.437,77.526,85035.0,8503.5,664458.3949,1
1787387400000,77.585,77.796,76.867,77.333,43606.0,4360.6,337502.7944,1
1787388300000,77.302,77.434,76.967,77.215,33504.0,3350.4,258834.1158,1
1787389200000,77.214,77.9,76.112,77.84,42563.0,4256.3,326766.579,1
1787390100000,77.799,78.257,77.514,78.206,46738.0,4673.8,364664.1193,1
1787391000000,78.207,78.292,77.881,78.234,26649.0,2664.9,208071.3318,1
1787391900000,78.279,78.279,77.667,78.082,55078.0,5507.8,428802.514,1
1787392800000,78.106,78.134,76.464,76.726,22706.0,2270.6,175881.7144,1
1787393700000,76.721,77.18,74.857,76.409,108648.0,10864.8,823285.4089,1
1787394600000,76.421,77.161,76.267,77.154,19203.0,1920.3,147126.2653,1
1787395500000,77.156,77.191,76.542,76.972,16548.0,1654.8,127301.2256,1
1787396400000,76.998,77.076,76.267,76.537,108855.0,10885.5,833938.2176,1
1787397300000,76.547,76.966,76.521,76.859,17793.0,1779.3,136629.9834,1
1787398200000,76.816,77.767,76.814,77.767,23238.0,2323.8,179781.9588,1
1787399100000,77.741,77.997,77.555,77.914,30109.0,3010.9,234301.3227,1
1787400000000,77.929,78.395,77.784,78.149,56812.0,5681.2,443709.7129,1
1787400900000,78.193,78.665,78.146,78.358,15589.0,1558.9,122371.3215,1
1787401800000,78.377,78.377,77.802,77.946,18234.0,1823.4,142114.7438,1
1787402700000,77.942,77.991,77.453,77.578,33483.0,3348.3,260598.6384,1
1787403600000,77.606,77.956,77.355,77.9,52056.0,5205.6,404543.9358,1
1787404500000,77.928,78.09,77.221,77.387,30323.0,3032.3,235261.0195,1
1787405400000,77.399,77.622,77.147,77.364,7881.0,788.1,60957.0581,1
1787406300000,77.35,78.0,77.232,77.903,22754.0,2275.4,177016.1022,1
1787407200000,77.902,78.007,77.074,77.649,86299.0,8629.9,666799.5373,1
1787408100000,77.675,77.999,77.402,77.589,31749.0,3174.9,247107.46,1
1787409000000,77.605,77.848,77.322,77.335,19982.0,1998.2,155171.1218,1
1787409900000,77.346,77.546,77.113,77.507,21392.0,2139.2,165380.7202,1
1787410800000,77.554,77.726,77.2,77.201,21246.0,2124.6,164729.4422,1
1787411700000,77.208,77.9,77.174,77.709,11487.0,1148.7,88872.0461,1
1787412600000,77.697,78.209,77.667,77.811,33207.0,3320.7,258923.6689,1
1787413500000,77.819,77.888,77.438,77.476,17105.0,1710.5,132670.1235,1
1787414400000,77.468,77.678,77.271,77.661,37227.0,3722.7,288634.1204,1
1787415300000,77.68,78.044,77.663,77.806,19886.0,1988.6,154969.087,1
1787416200000,77.806,78.362,77.306,78.287,33167.0,3316.7,258579.1926,1
1787417100000,78.286,78.301,77.994,78.126,45336.0,4533.6,354363.2738,1
1787418000000,78.146,78.4,78.145,78.17,34991.0,3499.1,273963.5806,1
1787418900000,78.144,78.34,77.801,77.822,23183.0,2318.3,181060.8426,1
1787419800000,77.841,79.234,77.841,79.021,48973.0,4897.3,384609.3926,1
1787420700000,79.039,79.651,78.924,79.132,29820.0,2982.0,236294.7076,1
1787421600000,79.181,79.181,78.7,78.891,52679.0,5267.9,415848.1262,1
1787422500000,78.888,79.455,78.881,79.241,22792.0,2279.2,180222.8011,1
1787423400000,79.218,79.534,78.866,78.872,20112.0,2011.2,159220.7711,1
1787424300000,78.874,79.037,78.445,79.037,65968.0,6596.8,519066.5844,1
1787425200000,79.036,79.323,78.835,79.287,54325.0,5432.5,429404.3625,1
1787426100000,79.28,79.476,78.754,78.93,27731.0,2773.1,219232.2884,1
1787427000000,78.938,79.278,78.796,79.217,9487.0,948.7,74932.1968,1
1787427900000,79.217,79.396,79.02,79.211,21061.0,2106.1,166903.4743,1
1787428800000,79.223,79.845,79.068,79.795,52547.0,5254.7,417692.9652,1
1787429700000,79.798,79.864,79.473,79.473,27834.0,2783.4,221708.8854,1
1787430600000,79.438,79.744,79.205,79.73,47320.0,4732.0,376183.6052,1
1787431500000,79.727,79.728,79.01,79.233,44002.0,4400.2,349465.0457,1
1787432400000,79.217,79.217,78.244,78.393,69265.0,6926.5,543991.115,1
1787433300000,78.423,79.064,78.423,78.942,35050.0,3505.0,275891.7913,1
1787434200000,78.941,79.045,78.084,78.488,19364.0,1936.4,151971.2699,1
1787435100000,78.486,78.486,78.045,78.241,11733.0,1173.3,91769.5233,1
1787436000000,78.194,79.166,77.873,79.135,33884.0,3388.4,265568.3779,1
1787436900000,79.199,79.701,79.199,79.578,47499.0,4749.9,377263.187,1
1787437800000,79.556,79.677,79.073,79.085,74571.0,7457.1,592093.4171,1
1787438700000,79.125,79.453,78.652,78.899,10356.0,1035.6,81827.1719,1
1787439600000,78.927,79.489,78.734,78.872,26045.0,2604.5,206623.1917,1
1787440500000,78.894,79.141,78.766,78.842,2434.0,243.4,19221.5879,1
1787441400000,78.857,79.3,78.444,79.063,22746.0,2274.6,179121.2728,1
1787442300000,79.065,79.911,78.96,79.348,72162.0,7216.2,574430.5698,1
1787443200000,79.34,79.66,78.957,79.348,13421.0,1342.1,106355.1747,1
1787444100000,79.361,80.675,79.36,80.116,26039.0,2603.9,208938.2181,1
1787445000000,80.107,80.635,80.058,80.158,22705.0,2270.5,182227.2855,1
1787445900000,80.143,81.041,80.131,80.493,37188.0,3718.8,299949.4901,1
1787446800000,80.492,80.722,80.091,80.662,18206.0,1820.6,146375.1051,1
1787447700000,80.652,80.957,80.472,80.783,23081.0,2308.1,186360.9498,1
1787448600000,80.793,81.045,80.181,80.381,48771.0,4877.1,393762.7872,1
1787449500000,80.373,80.651,79.633,80.103,24954.0,2495.4,199533.1136,1
1787450400000,80.154,80.154,79.401,79.401,28975.0,2897.5,230960.716,1
1787451300000,79.405,79.744,78.652,78.926,24054.0,2405.4,190499.4955,1
1787452200000,78.919,79.264,78.554,78.63,49487.0,4948.7,390608.2237,1
1787453100000,78.596,78.981,78.552,78.823,19426.0,1942.6,153054.5844,1
1787454000000,78.826,78.921,78.38,78.748,16825.0,1682.5,132121.0209,1
1787454900000,78.726,78.823,77.81,77.926,50298.0,5029.8,392892.7689,1
1787455800000,77.934,77.94,77.511,77.584,91200.0,9120.0,708297.5243,1
1787456700000,77.597,77.985,77.597,77.948,26611.0,2661.1,207035.7424,1
1787457600000,77.934,78.555,77.576,78.519,17230.0,1723.0,134784.9252,1
1787458500000,78.508,78.523,77.755,78.241,48726.0,4872.6,380836.9536,1
1787459400000,78.24,78.241,77.374,77.384,19853.0,1985.3,154176.3503,1
1787460300000,77.402,77.663,77.016,77.477,41529.0,4152.9,320651.8347,1
1787461200000,77.478,77.922,77.34,77.435,36603.0,3660.3,284087.0868,1
1787462100000,77.56,78.75,77.434,78.408,27895.0,2789.5,217767.1643,1
1787463000000,78.411,78.595,78.134,78.267,17319.0,1731.9,135751.3543,1
1787463900000,78.287,78.461,77.81,77.814,12737.0,1273.7,99522.6273,1
1787464800000,77.8,77.9,77.304,77.88,19352.0,1935.2,150040.6511,1
1787465700000,77.882,78.134,77.73,77.941,4740.0,474.0,36963.3773,1
1787466600000,77.944,78.745,77.944,78.713,13200.0,1320.0,103707.476,1
1787467500000,78.716,78.8,78.171,78.301,7989.0,798.9,62838.9885,1
1787468400000,78.27,78.879,78.163,78.878,8061.0,806.1,63294.0239,1
1787469300000,78.873,79.067,78.636,78.763,5097.0,509.7,40213.0752,1
1787470200000,78.766,78.774,78.4,78.421,2371.0,237.1,18625.8175,1
1787471100000,78.459,78.956,78.4,78.745,6268.0,626.8,49340.8272,1
1787472000000,78.763,79.359,78.623,79.075,5509.0,550.9,43585.9499,1
1787472900000,79.095,79.264,78.956,78.967,11466.0,1146.6,90639.3022,1
1787473800000,78.991,79.4,78.991,79.372,11330.0,1133.0,89885.2911,1
1787474700000,79.367,79.423,79.112,79.213,9547.0,954.7,75647.1658,1
1787475600000,79.219,79.411,79.092,79.194,4434.0,443.4,35143.8953,1
1787476500000,79.206,79.343,78.88,78.988,8028.0,802.8,63430.0947,1
1787477400000,78.988,79.193,78.8,79.072,7465.0,746.5,58897.3442,1
1787478300000,79.101,79.279,78.945,78.945,7544.0,754.4,59652.487,1
1787479200000,78.941,79.276,78.886,79.092,6144.0,614.4,48620.8447,1
1787480100000,79.133,79.389,78.933,79.068,11056.0,1105.6,87434.0383,1
1787481000000,79.102,79.358,78.99,79.266,8248.0,824.8,65326.3016,1
1787481900000,79.249,79.496,79.194,79.436,11918.0,1191.8,94624.7376,1
1787482800000,79.441,79.614,79.373,79.543,28108.0,2810.8,223478.9961,1
1787483700000,79.543,80.185,79.472,80.101,16337.0,1633.7,130602.9408,1
1787484600000,80.084,81.078,80.032,81.077,39151.0,3915.1,315911.8272,1
1787485500000,81.062,81.103,80.451,80.58,44325.0,4432.5,357641.878,1
1787486400000,80.593,80.595,80.058,80.248,32144.0,3214.4,258028.6217,1
1787487300000,80.25,80.688,79.925,80.38,41308.0,4130.8,330999.8234,1
1787488200000,80.413,80.797,80.324,80.789,8945.0,894.5,72063.2744,1
1787489100000,80.789,80.8,80.492,80.653,15954.0,1595.4,128638.684,1
1787490000000,80.667,81.311,80.636,81.244,39068.0,3906.8,316439.6883,1
1787490900000,81.274,81.604,79.397,79.992,112249.0,11224.9,903767.1764,1
1787491800000,80.025,80.248,79.674,80.216,44393.0,4439.3,355550.3793,1
1787492700000,80.208,80.686,80.023,80.547,17211.0,1721.1,138580.4574,1
1787493600000,80.544,80.778,79.934,80.325,29607.0,2960.7,237698.9735,1
1787494500000,80.321,80.612,80.118,80.135,9243.0,924.3,74228.3246,1
1787495400000,80.112,80.356,78.364,79.359,59572.0,5957.2,471562.3239,1
1787496300000,79.415,79.787,79.409,79.55,18262.0,1826.2,145396.9458,1
1787497200000,79.56,79.767,79.177,79.502,23611.0,2361.1,187757.4197,1
1787498100000,79.497,79.534,79.086,79.47,40953.0,4095.3,324800.0563,1
1787499000000,79.501,79.834,79.445,79.786,8914.0,891.4,70951.7151,1
1787499900000,79.806,79.847,79.572,79.688,6247.0,624.7,49826.8153,1
1787500800000,79.704,79.92,79.601,79.919,6031.0,603.1,48111.85,1
1787501700000,79.92,80.435,79.342,80.358,19908.0,1990.8,159500.6416,1
1787502600000,80.351,80.715,80.173,80.613,37761.0,3776.1,303471.8209,1
1787503500000,80.589,80.589,80.048,80.216,13247.0,1324.7,106339.1116,1
1787504400000,80.172,80.471,79.771,80.379,15161.0,1516.1,121455.0764,1
1787505300000,80.387,80.551,79.925,79.968,4456.0,445.6,35775.8918,1
1787506200000,79.964,80.26,79.706,80.118,8027.0,802.7,64285.0062,1
1787507100000,80.134,80.25,79.941,79.941,10198.0,1019.8,81639.6462,1
1787508000000,79.945,80.69,79.925,80.69,8772.0,877.2,70442.0427,1
1787508900000,80.696,80.999,80.696,80.983,35334.0,3533.4,285917.2143,1
1787509800000,80.983,81.072,80.817,80.909,41231.0,4123.1,333949.1471,1
1787510700000,80.91,81.273,80.872,81.136,17373.0,1737.3,140651.1535,1
1787511600000,81.138,81.3,80.654,80.868,12942.0,1294.2,104720.7938,1
1787512500000,80.839,80.969,80.732,80.913,10742.0,1074.2,86933.559,1
1787513400000,80.871,81.071,80.668,81.056,10716.0,1071.6,86606.5443,1
1787514300000,81.046,81.124,80.858,80.964,50950.0,5095.0,412515.48,1
1787515200000,80.94,81.092,80.729,81.017,11192.0,1119.2,90626.9884,1
1787516100000,81.051,81.115,80.876,80.931,11470.0,1147.0,92877.3198,1
1787517000000,80.943,81.028,80.544,80.886,8423.0,842.3,68028.0843,1
1787517900000,80.884,80.984,80.755,80.892,7147.0,714.7,57824.0308,1
1787518800000,80.892,81.141,80.892,81.125,10030.0,1003.0,81314.034,1
1787519700000,81.139,81.933,81.139,81.92,52434.0,5243.4,428094.3963,1
1787520600000,81.9,81.979,81.443,81.593,19345.0,1934.5,158159.2167,1
1787521500000,81.609,82.399,81.609,82.043,50841.0,5084.1,417202.643,1
1787522400000,82.043,82.33,81.592,81.989,22501.0,2250.1,184221.1079,1
1787523300000,81.98,82.3,81.662,82.18,33628.0,3362.8,275608.5719,1
1787524200000,82.173,83.2,82.089,82.856,82885.0,8288.5,685671.7098,1
1787525100000,82.856,82.992,82.52,82.52,64853.0,6485.3,536569.1185,1
1787526000000,82.558,82.827,82.188,82.414,58327.0,5832.7,480582.1585,1
1787526900000,82.422,83.039,82.354,82.98,18263.0,1826.3,151162.0176,1
1787527800000,83.033,83.459,81.617,81.938,87477.0,8747.7,722719.7532,1
1787528700000,81.953,82.364,81.953,82.321,11300.0,1130.0,92803.9528,1
1787529600000,82.315,82.344,81.515,81.57,28701.0,2870.1,234567.1152,1
1787530500000,81.59,81.705,80.812,80.967,31804.0,3180.4,258452.2514,1
1787531400000,80.974,81.298,80.75,80.815,13436.0,1343.6,108715.7409,1
1787532300000,80.882,81.684,80.731,81.684,25463.0,2546.3,207014.1936,1
1787533200000,81.67,81.867,80.96,80.96,28912.0,2891.2,235693.3743,1
1787534100000,80.961,81.042,79.77,80.453,48712.0,4871.2,392036.4881,1
1787535000000,80.456,80.793,80.292,80.501,12453.0,1245.3,100268.3067,1
1787535900000,80.499,80.557,80.023,80.121,9209.0,920.9,73953.6767,1
1787536800000,80.101,80.638,79.799,80.604,33326.0,3332.6,266918.4413,1
1787537700000,80.611,81.227,80.587,81.177,17447.0,1744.7,141204.0189,1
1787538600000,81.175,81.26,80.947,81.083,12041.0,1204.1,97652.4785,1
1787539500000,81.028,81.039,80.634,80.927,10743.0,1074.3,86829.5436,1
1787540400000,80.938,80.98,80.156,80.219,16333.0,1633.3,131285.2699,1
1787541300000,80.184,80.294,79.372,79.372,16855.0,1685.5,134296.1505,1
1787542200000,79.372,79.853,79.221,79.662,48662.0,4866.2,387727.2611,1
1787543100000,79.649,79.988,79.401,79.451,20874.0,2087.4,166223.8989,1
1787544000000,79.576,80.036,79.567,79.935,8807.0,880.7,70276.8782,1
1787544900000,79.929,80.284,79.929,80.281,12345.0,1234.5,98991.8226,1
1787545800000,80.281,80.435,80.06,80.348,16915.0,1691.5,135777.0439,1
1787546700000,80.402,80.44,79.696,79.89,37738.0,3773.8,301763.2061,1
1787547600000,79.881,80.343,79.624,80.343,19448.0,1944.8,155694.0044,1
1787548500000,80.342,80.343,79.943,79.947,6733.0,673.3,53941.1262,1
1787549400000,79.926,80.343,79.384,80.054,47888.0,4788.8,382999.4504,1
1787550300000,80.043,80.118,79.3,79.657,81685.0,8168.5,650053.1095,1
1787551200000,79.617,79.858,79.01,79.839,24669.0,2466.9,195996.8379,1
1787552100000,79.816,79.909,79.504,79.603,19181.0,1918.1,152834.53,1
1787553000000,79.559,79.621,79.227,79.303,6484.0,648.4,51447.8765,1
1787553900000,79.3,79.767,79.272,79.738,14366.0,1436.6,114430.9103,1
1787554800000,79.731,80.342,79.649,80.245,15106.0,1510.6,120931.6346,1
1787555700000,80.257,80.26,79.857,79.89,33788.0,3378.8,270635.0999,1
1787556600000,79.861,79.891,79.394,79.407,4118.0,411.8,32789.7935,1
1787557500000,79.401,79.789,79.395,79.515,7545.0,754.5,60070.4262,1
1787558400000,79.516,79.517,78.052,78.189,98116.0,9811.6,772473.2596,1
1787559300000,78.178,78.189,77.32,77.38,66441.0,6644.1,515805.3236,1
1787560200000,77.381,78.01,77.351,78.01,26055.0,2605.5,202749.3209,1
1787561100000,78.01,78.036,77.822,77.896,12916.0,1291.6,100657.7063,1
1787562000000,77.873,78.503,77.862,78.491,17030.0,1703.0,133059.074,1
1787562900000,78.485,78.58,78.261,78.511,7576.0,757.6,59446.9949,1
1787563800000,78.499,78.566,78.381,78.402,7867.0,786.7,61712.4098,1
1787564700000,78.404,78.637,78.404,78.557,5147.0,514.7,40405.0239,1
1787565600000,78.557,79.05,78.458,79.005,16919.0,1691.9,133253.99,1
1787566500000,79.024,79.024,78.655,78.824,5858.0,585.8,46163.6513,1
1787567400000,78.821,78.982,78.624,78.624,8124.0,812.4,63997.3119,1
1787568300000,78.61,78.87,78.388,78.409,9295.0,929.5,72987.2204,1
1787569200000,78.434,78.956,78.08,78.956,12673.0,1267.3,99467.4576,1
1787570100000,78.955,79.194,78.807,79.109,8498.0,849.8,67171.0224,1
1787571000000,79.08,80.361,79.037,80.119,35002.0,3500.2,279762.0383,1
1787571900000,80.116,80.235,79.777,80.187,8291.0,829.1,66246.2306,1
1787572800000,80.188,80.188,79.768,79.81,18627.0,1862.7,148842.2634,1
1787573700000,79.776,80.382,79.534,80.276,24994.0,2499.4,199766.4246,1
1787574600000,80.235,80.615,80.073,80.405,36639.0,3663.9,295016.6249,1
1787575500000,80.381,80.953,80.381,80.446,25640.0,2564.0,206856.717,1
1787576400000,80.502,80.959,80.235,80.914,19231.0,1923.1,155179.8618,1
1787577300000,80.916,80.959,80.145,80.275,46324.0,4632.4,373077.425,1
1787578200000,80.296,80.296,78.719,78.936,85902.0,8590.2,683465.169,1
1787579100000,78.885,79.0,78.381,78.847,45140.0,4514.0,354686.0955,1
1787580000000,78.851,79.819,78.8,79.795,62570.0,6257.0,497602.0404,1
1787580900000,79.829,79.999,79.401,79.755,23012.0,2301.2,183444.1303,1
1787581800000,79.767,80.462,79.706,80.153,62099.0,6209.9,497673.6281,1
1787582700000,80.147,80.158,79.3,79.405,35624.0,3562.4,283795.4135,1
1787583600000,79.405,79.709,79.119,79.399,15976.0,1597.6,126820.5393,1
1787584500000,79.388,80.07,79.349,79.916,20049.0,2004.9,159883.7036,1
1787585400000,79.885,80.044,78.52,78.695,53245.0,5324.5,421751.6973,1
1787586300000,78.706,79.207,78.142,78.513,41990.0,4199.0,330321.9139,1
1787587200000,78.516,79.199,78.516,78.921,9518.0,951.8,75157.369,1
1787588100000,78.922,79.371,78.922,79.183,45999.0,4599.9,364290.6208,1
1787589000000,79.194,79.308,78.759,78.966,38345.0,3834.5,303343.9368,1
1787589900000,78.974,78.975,78.367,78.367,43181.0,4318.1,339356.5791,1
1787590800000,78.368,78.886,77.898,78.763,38481.0,3848.1,301537.859,1
1787591700000,78.761,78.82,77.072,77.512,97235.0,9723.5,756583.545,1
1787592600000,77.546,77.673,76.774,76.844,65827.0,6582.7,508134.6208,1
1787593500000,76.823,77.654,76.823,77.556,322960.0,32296.0,2499457.9529,1
1787594400000,77.574,77.906,77.545,77.745,298389.0,29838.9,2319062.6365,1
1787595300000,77.762,77.791,77.159,77.363,12048.0,1204.8,93505.3899,1
1787596200000,77.401,77.491,77.016,77.342,13553.0,1355.3,104703.1399,1
1787597100000,77.341,77.771,77.277,77.679,16607.0,1660.7,128727.246,1
1787598000000,77.67,77.84,77.339,77.76,15411.0,1541.1,119642.4373,1
1787598900000,77.751,77.84,77.339,77.382,3730.0,373.0,28927.1446,1
1787599800000,77.393,77.84,77.34,77.615,4861.0,486.1,37758.2577,1
1787600700000,77.649,77.87,77.476,77.757,4741.0,474.1,36830.2451,1
1787601600000,77.784,77.986,77.643,77.742,4788.0,478.8,37256.2146,1
1787602500000,77.705,77.781,77.458,77.61,2558.0,255.8,19853.6845,1
1787603400000,77.619,78.134,77.505,77.86,10208.0,1020.8,79536.2858,1
1787604300000,77.859,78.139,77.826,78.134,3047.0,304.7,23767.8805,1
1787605200000,78.183,78.346,77.952,78.009,5956.0,595.6,46497.3824,1
1787606100000,77.989,78.107,77.677,78.106,52521.0,5252.1,408702.0073,1
1787607000000,78.122,78.268,77.9,77.957,4504.0,450.4,35179.2451,1
1787607900000,77.957,78.134,77.888,77.899,17222.0,1722.2,134173.9154,1
1787608800000,77.905,78.057,77.763,78.004,20447.0,2044.7,159341.8835,1
1787609700000,77.991,78.134,77.955,77.981,6287.0,628.7,49072.9932,1
1787610600000,77.997,78.307,77.932,77.983,3288.0,328.8,25685.6558,1
1787611500000,77.992,78.047,77.722,77.733,3290.0,329.0,25630.5711,1
1787612400000,77.745,77.962,77.638,77.875,9273.0,927.3,72148.8057,1
1787613300000,77.875,78.134,77.802,78.036,5921.0,592.1,46166.1331,1
1787614200000,78.017,78.75,77.99,78.749,5221.0,522.1,40868.406,1
1787615100000,78.75,78.95,78.403,78.95,65675.0,6567.5,515531.6909,1
1787616000000,78.947,78.947,78.495,78.497,12338.0,1233.8,97226.7247,1
1787616900000,78.508,79.046,78.134,78.983,82855.0,8285.5,652809.4024,1
1787617800000,78.973,79.368,78.803,79.348,24036.0,2403.6,189927.3754,1
1787618700000,79.361,79.718,79.301,79.69,117669.0,11766.9,935017.3776,1
1787619600000,79.686,79.85,79.104,79.333,25014.0,2501.4,198800.2299,1
1787620500000,79.323,79.602,79.11,79.433,5550.0,555.0,44060.2591,1
1787621400000,79.433,79.571,79.237,79.454,32578.0,3257.8,258802.4127,1
1787622300000,79.438,80.002,79.438,79.873,9138.0,913.8,72989.5002,1
1787623200000,79.909,79.997,79.585,79.814,7542.0,754.2,60227.4539,1
1787624100000,79.801,80.514,79.589,80.474,71218.0,7121.8,570290.7651,1
1787625000000,80.466,80.74,79.897,80.538,23632.0,2363.2,189835.0852,1
1787625900000,80.547,80.809,80.294,80.596,70488.0,7048.8,567748.1917,1
1787626800000,80.627,80.949,80.532,80.696,22621.0,2262.1,182656.8527,1
1787627700000,80.695,81.243,80.523,81.155,72429.0,7242.9,586420.4929,1
1787628600000,81.122,81.243,80.371,80.564,30779.0,3077.9,248520.5689,1
1787629500000,80.555,80.873,80.348,80.725,15904.0,1590.4,128045.831,1
1787630400000,80.717,81.077,80.592,81.077,7934.0,793.4,64147.0172,1
1787631300000,81.078,81.218,80.702,80.973,11845.0,1184.5,95994.3957,1
1787632200000,80.974,81.084,80.734,80.904,5844.0,584.4,47291.541,1
1787633100000,80.904,81.216,80.762,81.006,8797.0,879.7,71225.943,1
1787634000000,81.015,81.311,80.926,81.208,7503.0,750.3,60944.2894,1
1787634900000,81.208,81.268,81.001,81.19,6606.0,660.6,53575.3917,1
1787635800000,81.201,81.298,80.687,80.696,4806.0,480.6,38939.4939,1
1787636700000,80.688,80.884,80.645,80.679,8778.0,877.8,70874.2558,1
1787637600000,80.689,81.041,80.647,81.041,6806.0,680.6,55030.8745,1
1787638500000,81.102,81.218,80.929,81.181,3013.0,301.3,24419.828,1
1787639400000,81.167,81.167,80.665,80.983,8165.0,816.5,66012.9242,1
1787640300000,80.982,80.982,80.572,80.808,2170.0,217.0,17521.958,1
1787641200000,80.816,81.288,80.76,81.277,4138.0,413.8,33565.7052,1
1787642100000,81.261,81.871,81.26,81.462,25627.0,2562.7,209438.1175,1
1787643000000,81.389,81.6,81.221,81.306,17279.0,1727.9,140659.9661,1
1787643900000,81.329,81.459,80.216,81.06,46476.0,4647.6,374903.0619,1
1787644800000,81.052,81.291,80.69,81.291,9858.0,985.8,79875.2391,1
1787645700000,81.268,81.908,81.216,81.771,41373.0,4137.3,337804.2977,1
1787646600000,81.758,81.97,81.431,81.692,10399.0,1039.9,85069.0545,1
1787647500000,81.68,81.695,80.756,81.217,9864.0,986.4,80092.5743,1
1787648400000,81.213,81.479,80.877,81.395,15156.0,1515.6,122891.8831,1
1787649300000,81.388,81.864,81.34,81.741,13800.0,1380.0,112681.6973,1
1787650200000,81.741,82.032,81.731,81.97,23073.0,2307.3,189037.4517,1
1787651100000,81.95,82.041,80.83,80.976,26120.0,2612.0,212923.1418,1
1787652000000,80.957,81.1,80.66,80.884,18489.0,1848.9,149472.9518,1
1787652900000,80.901,80.98,80.712,80.755,20532.0,2053.2,166087.3624,1
1787653800000,80.749,80.962,80.561,80.863,44835.0,4483.5,361821.6523,1
1787654700000,80.852,81.284,80.852,80.913,8780.0,878.0,71231.7084,1
1787655600000,80.896,81.122,79.926,80.134,33400.0,3340.0,268431.462,1
1787656500000,80.146,80.348,79.926,80.2,26190.0,2619.0,209873.0736,1
1787657400000,80.218,80.69,80.137,80.187,9332.0,933.2,74977.9163,1
1787658300000,80.233,80.325,79.687,79.889,75684.0,7568.4,606423.9819,1
1787659200000,79.889,80.325,79.784,80.168,23347.0,2334.7,186884.2776,1
1787660100000,80.176,80.259,79.455,79.688,37044.0,3704.4,295699.1057,1
1787661000000,79.675,79.743,79.381,79.698,16004.0,1600.4,127310.1015,1
1787661900000,79.702,80.246,79.641,79.923,14820.0,1482.0,118699.5636,1
1787662800000,79.934,80.196,79.199,79.444,68713.0,6871.3,549705.7477,1
1787663700000,79.461,79.462,78.848,78.918,71423.0,7142.3,564697.8421,1
1787664600000,78.946,79.95,78.92,79.403,14408.0,1440.8,114646.3989,1
1787665500000,79.38,80.266,79.017,80.136,58582.0,5858.2,467564.904,1
1787666400000,80.125,80.969,79.926,80.955,103364.0,10336.4,831057.3338,1
1787667300000,80.944,81.451,80.62,81.307,199544.0,19954.4,1616479.9849,1
1787668200000,81.289,81.541,80.895,80.982,17479.0,1747.9,141953.6313,1
1787669100000,80.993,81.18,80.812,80.876,6850.0,685.0,55475.8674,1
1787670000000,80.877,81.3,80.535,80.972,33604.0,3360.4,271528.8614,1
1787670900000,80.968,81.184,80.336,80.728,57535.0,5753.5,463576.4419,1
1787671800000,80.696,81.195,80.662,81.032,31180.0,3118.0,252752.5236,1
1787672700000,81.006,81.609,80.991,81.56,42102.0,4210.2,342606.9129,1
1787673600000,81.56,81.888,81.315,81.335,46720.0,4672.0,381401.1703,1
1787674500000,81.323,81.674,81.0,81.22,17783.0,1778.3,144579.9465,1
1787675400000,81.22,81.66,81.22,81.498,15399.0,1539.9,125387.0642,1
1787676300000,81.5,81.823,81.409,81.573,30794.0,3079.4,251374.0252,1
1787677200000,81.573,81.727,81.107,81.386,18897.0,1889.7,153765.095,1
1787678100000,81.385,81.594,81.056,81.227,11870.0,1187.0,96536.8369,1
1787679000000,81.285,81.541,81.223,81.429,9207.0,920.7,74941.7662,1
1787679900000,81.413,81.64,81.398,81.607,6336.0,633.6,51664.4491,1
1787680800000,81.607,82.554,81.588,82.528,43560.0,4356.0,357874.2274,1
1787681700000,82.53,82.85,82.051,82.187,72459.0,7245.9,597620.9813,1
1787682600000,82.194,82.449,81.961,82.384,63167.0,6316.7,519339.9446,1
1787683500000,82.384,82.511,82.201,82.335,24133.0,2413.3,198735.5441,1
1787684400000,82.305,82.482,82.001,82.452,18918.0,1891.8,155615.0232,1
1787685300000,82.442,83.331,82.051,82.051,114775.0,11477.5,949842.7613,1
1787686200000,82.066,82.133,80.824,81.198,106894.0,10689.4,872300.4309,1
1787687100000,81.203,81.772,81.168,81.765,68369.0,6836.9,556672.3733,1
1787688000000,81.739,81.772,80.82,81.18,63970.0,6397.0,518719.5588,1
1787688900000,81.187,81.473,80.73,80.769,20077.0,2007.7,162746.178,1
1787689800000,80.76,80.875,79.928,79.957,101452.0,10145.2,816332.2268,1
1787690700000,79.964,80.037,78.482,78.493,110685.0,11068.5,876255.4944,1
1787691600000,78.485,79.238,78.316,79.138,129785.0,12978.5,1023270.5236,1
1787692500000,79.134,79.249,78.334,78.854,85582.0,8558.2,673533.5982,1
1787693400000,78.842,79.532,78.667,79.274,39660.0,3966.0,314321.5482,1
1787694300000,79.274,79.692,79.232,79.573,24081.0,2408.1,191692.7927,1
1787695200000,79.569,80.185,79.569,79.952,30883.0,3088.3,247141.1246,1
1787696100000,79.98,80.099,79.482,79.642,27813.0,2781.3,221901.1584,1
1787697000000,79.642,80.309,79.467,80.012,14066.0,1406.6,112605.5454,1
1787697900000,79.99,80.263,79.959,80.153,14357.0,1435.7,115091.6803,1
1787698800000,80.142,80.386,79.969,80.095,24942.0,2494.2,199986.8209,1
1787699700000,80.096,80.244,79.714,80.061,11364.0,1136.4,90874.599,1
1787700600000,80.061,80.061,79.59,79.623,10043.0,1004.3,80150.8424,1
1787701500000,79.598,79.71,78.983,79.614,25867.0,2586.7,205321.9367,1
1787702400000,79.615,80.179,79.47,79.943,20025.0,2002.5,159756.2037,1
1787703300000,79.948,80.69,79.948,80.604,26834.0,2683.4,215921.0845,1
1787704200000,80.632,80.693,80.152,80.248,12895.0,1289.5,103557.9065,1
1787705100000,80.24,80.758,80.214,80.529,35387.0,3538.7,285438.0599,1
1787706000000,80.533,81.0,80.46,80.623,9679.0,967.9,78160.5939,1
1787706900000,80.638,81.26,80.6,80.859,14060.0,1406.0,113871.35,1
1787707800000,80.871,81.515,80.865,81.276,13898.0,1389.8,112965.2211,1
1787708700000,81.276,81.37,81.113,81.36,8454.0,845.4,68670.7459,1
1787709600000,81.368,81.403,81.045,81.29,23800.0,2380.0,193141.383,1
1787710500000,81.284,81.859,81.269,81.723,12520.0,1252.0,102196.2314,1
1787711400000,81.748,81.86,81.601,81.844,11783.0,1178.3,96360.9764,1
1787712300000,81.844,81.98,81.64,81.81,37433.0,3743.3,306667.8215,1
1787713200000,81.782,81.971,81.626,81.753,3415.0,341.5,27936.7312,1
1787714100000,81.764,81.884,81.601,81.761,12643.0,1264.3,103421.049,1
1787715000000,81.761,81.959,81.451,81.866,12675.0,1267.5,103589.551,1
1787715900000,81.867,81.867,81.374,81.647,10746.0,1074.6,87627.634,1
1787716800000,81.641,81.97,81.56,81.763,6732.0,673.2,55034.3872,1
1787717700000,81.759,81.932,81.688,81.838,21797.0,2179.7,178373.1616,1
1787718600000,81.843,82.268,81.685,82.026,55334.0,5533.4,454300.0758,1
1787719500000,82.018,82.28,81.73,82.053,19981.0,1998.1,163674.9856,1
1787720400000,82.049,82.124,81.6,81.626,29607.0,2960.7,242117.0491,1
1787721300000,81.639,81.955,81.51,81.923,24519.0,2451.9,200197.4863,1
1787722200000,81.921,83.139,81.824,82.862,51461.0,5146.1,425715.3616,1
1787723100000,82.842,82.866,82.4,82.452,27282.0,2728.2,225226.2161,1
1787724000000,82.438,82.599,82.134,82.135,15444.0,1544.4,127380.368,1
1787724900000,82.134,82.199,81.84,81.939,14360.0,1436.0,117764.63,1
1787725800000,81.945,82.117,81.709,81.881,26222.0,2622.2,214867.5214,1
1787726700000,81.884,82.134,81.809,81.977,5011.0,501.1,41064.7253,1
1787727600000,81.961,82.44,81.685,82.173,11903.0,1190.3,97596.999,1
1787728500000,82.181,82.443,82.181,82.253,9840.0,984.0,81022.2307,1
1787729400000,82.264,82.264,81.929,82.079,9978.0,997.8,81899.3983,1
1787730300000,82.079,82.147,81.856,81.905,9616.0,961.6,78756.6173,1
1787731200000,81.909,82.226,81.601,82.143,10548.0,1054.8,86431.2553,1
1787732100000,82.149,82.291,81.753,82.191,10981.0,1098.1,90191.0449,1
1787733000000,82.189,82.289,81.944,82.264,13234.0,1323.4,108691.7867,1
1787733900000,82.242,82.66,81.81,81.98,57329.0,5732.9,471485.3346,1
1787734800000,81.986,82.176,81.761,81.892,44249.0,4424.9,363319.9184,1
1787735700000,81.9,81.934,81.27,81.591,57213.0,5721.3,465979.687,1
1787736600000,81.583,81.799,81.424,81.428,44234.0,4423.4,361037.955,1
1787737500000,81.425,81.952,81.424,81.937,39083.0,3908.3,319876.7878,1
1787738400000,81.915,82.282,81.745,82.22,38385.0,3838.5,314882.3127,1
1787739300000,82.239,83.328,82.23,83.164,94500.0,9450.0,780002.9991,1
1787740200000,83.169,83.735,82.851,83.332,82967.0,8296.7,690917.6316,1
1787741100000,83.374,83.428,83.024,83.164,15044.0,1504.4,125191.7808,1
1787742000000,83.185,83.598,83.075,83.155,17849.0,1784.9,148947.8683,1
1787742900000,83.091,83.091,82.666,82.696,37322.0,3732.2,309302.4506,1
1787743800000,82.693,82.72,81.48,81.89,70402.0,7040.2,576017.014,1
1787744700000,81.902,82.111,81.676,81.808,45722.0,4572.2,374146.2461,1
1787745600000,81.832,81.92,81.167,81.629,55328.0,5532.8,451151.968,1
1787746500000,81.606,82.716,81.584,82.564,21667.0,2166.7,178306.2714,1
1787747400000,82.573,82.573,81.601,81.803,44695.0,4469.5,366310.8564,1
1787748300000,81.814,82.133,81.722,81.86,22726.0,2272.6,186145.272,1
1787749200000,81.844,82.107,80.848,80.848,35547.0,3554.7,288623.1472,1
1787750100000,80.88,81.134,80.58,80.918,482105.0,48210.5,3894708.9995,1
1787751000000,80.921,81.821,80.921,81.821,78798.0,7879.8,642646.7044,1
1787751900000,81.821,81.969,81.09,81.646,61905.0,6190.5,504045.7402,1
1787752800000,81.64,82.38,81.319,81.924,76205.0,7620.5,624476.9306,1
1787753700000,81.924,82.217,81.389,81.519,14967.0,1496.7,122506.8523,1
1787754600000,81.547,81.718,81.107,81.107,30950.0,3095.0,251965.6634,1
1787755500000,81.137,81.48,80.901,81.121,57742.0,5774.2,468420.8973,1
1787756400000,81.145,81.409,80.761,80.93,15426.0,1542.6,124986.915,1
1787757300000,80.927,81.307,80.726,81.237,30905.0,3090.5,250688.5211,1
1787758200000,81.208,81.235,80.699,80.701,25543.0,2554.3,206590.7853,1
1787759100000,80.711,80.94,80.37,80.446,39384.0,3938.4,317509.0537,1
1787760000000,80.456,80.895,80.249,80.739,39552.0,3955.2,318497.421,1
1787760900000,80.738,80.8,80.0,80.31,31080.0,3108.0,249188.8546,1
1787761800000,80.271,80.3,79.527,79.693,55229.0,5522.9,440669.395,1
1787762700000,79.691,80.052,79.534,79.659,31380.0,3138.0,250548.9272,1
1787763600000,79.68,80.15,79.534,80.149,23116.0,2311.6,184487.398,1
1787764500000,80.147,80.94,80.138,80.853,22219.0,2221.9,179249.4584,1
1787765400000,80.852,81.179,80.699,80.94,15044.0,1504.4,121861.7831,1
1787766300000,80.942,80.95,80.59,80.731,20744.0,2074.4,167499.6821,1
1787767200000,80.659,81.218,80.472,81.024,13691.0,1369.1,110656.5716,1
1787768100000,81.021,81.236,80.801,80.801,11995.0,1199.5,97134.5396,1
1787769000000,80.832,80.996,80.699,80.86,17798.0,1779.8,143830.503,1
1787769900000,80.847,81.163,80.832,81.029,78441.0,7844.1,635551.2535,1
1787770800000,81.002,81.168,80.71,80.945,44315.0,4431.5,358886.672,1
1787771700000,80.906,81.348,80.901,81.181,48265.0,4826.5,391576.4116,1
1787772600000,81.212,81.212,80.948,81.019,4896.0,489.6,39669.2808,1
1787773500000,80.996,81.105,80.804,81.055,7600.0,760.0,61539.1004,1
1787774400000,81.049,81.445,81.004,81.083,24617.0,2461.7,200083.4193,1
1787775300000,81.08,81.135,80.116,80.49,57590.0,5759.0,463715.07,1
1787776200000,80.45,80.474,80.014,80.228,29937.0,2993.7,240339.5935,1
1787777100000,80.211,80.414,80.133,80.385,13304.0,1330.4,106799.0582,1
1787778000000,80.392,81.118,80.37,81.118,49408.0,4940.8,399092.7807,1
1787778900000,81.1,81.788,81.093,81.756,58979.0,5897.9,479755.2908,1
1787779800000,81.717,81.912,81.41,81.762,36541.0,3654.1,298712.8134,1
1787780700000,81.734,82.188,81.718,82.027,12383.0,1238.3,101520.4847,1
1787781600000,82.025,82.188,81.877,82.101,31505.0,3150.5,258366.592,1
1787782500000,82.086,82.856,82.052,82.477,50957.0,5095.7,421049.5904,1
1787783400000,82.489,82.489,81.621,82.188,53240.0,5324.0,436085.4067,1
1787784300000,82.182,82.234,81.226,81.347,26712.0,2671.2,217875.406,1
1787785200000,81.358,81.69,81.308,81.635,8770.0,877.0,71497.7628,1
1787786100000,81.618,82.258,81.545,82.1,27030.0,2703.0,221786.5643,1
1787787000000,82.098,82.334,81.821,82.262,8766.0,876.6,71866.5403,1
1787787900000,82.263,82.471,82.161,82.256,43027.0,4302.7,354403.9548,1
1787788800000,82.273,82.273,81.924,82.033,28699.0,2869.9,235515.2978,1
1787789700000,82.039,82.207,81.765,81.945,11110.0,1111.0,91113.4744,1
1787790600000,81.938,81.944,81.342,81.458,16005.0,1600.5,130398.0279,1
1787791500000,81.457,81.629,81.147,81.165,15373.0,1537.3,125188.7789,1
1787792400000,81.164,81.432,81.115,81.283,22225.0,2222.5,180675.0161,1
1787793300000,81.26,81.985,81.104,81.976,24661.0,2466.1,201095.5987,1
1787794200000,81.962,82.114,81.501,81.501,25565.0,2556.5,209104.8609,1
1787795100000,81.501,82.0,81.478,81.773,15484.0,1548.4,126662.8532,1
1787796000000,81.771,82.173,81.334,81.489,21435.0,2143.5,175319.4938,1
1787796900000,81.47,81.512,80.895,80.972,16457.0,1645.7,133391.3421,1
1787797800000,80.979,81.308,80.779,80.801,10175.0,1017.5,82313.2438,1
1787798700000,80.8,81.104,80.772,81.032,4808.0,480.8,38912.3559,1
1787799600000,81.034,81.208,80.902,80.944,6243.0,624.3,50609.4468,1
1787800500000,80.947,81.365,80.901,81.264,3564.0,356.4,28913.0786,1
1787801400000,81.26,81.307,81.136,81.221,4772.0,477.2,38755.8587,1
1787802300000,81.221,81.359,80.645,80.73,6911.0,691.1,55858.6924,1
1787803200000,80.746,81.003,80.746,81.003,3244.0,324.4,26226.737,1
1787804100000,81.003,81.096,80.853,80.867,7126.0,712.6,57680.2633,1
1787805000000,80.856,80.856,80.478,80.772,7521.0,752.1,60601.8685,1
1787805900000,80.772,80.8,80.5,80.665,4702.0,470.2,37898.0762,1
1787806800000,80.695,80.885,80.584,80.742,4580.0,458.0,36979.6865,1
1787807700000,80.737,80.999,80.603,80.808,15397.0,1539.7,124362.3978,1
1787808600000,80.844,80.991,80.598,80.978,8550.0,855.0,69093.589,1
1787809500000,80.947,81.684,80.947,81.536,14751.0,1475.1,120129.565,1
1787810400000,81.546,81.546,80.961,81.092,10041.0,1004.1,81648.7522,1
1787811300000,81.098,81.25,80.97,81.139,12776.0,1277.6,103592.0082,1
1787812200000,81.16,81.482,81.094,81.425,4321.0,432.1,35143.5339,1
1787813100000,81.436,81.623,81.428,81.593,10267.0,1026.7,83720.7694,1
1787814000000,81.593,81.627,81.308,81.396,16064.0,1606.4,131002.8481,1
1787814900000,81.396,81.501,81.362,81.429,4823.0,482.3,39298.6812,1
1787815800000,81.417,81.557,81.412,81.464,1499.0,149.9,12214.4069,1
1787816700000,81.45,81.819,81.45,81.709,9523.0,952.3,77799.4745,1
1787817600000,81.729,82.234,81.621,82.095,24561.0,2456.1,201402.6998,1
1787818500000,82.104,82.104,81.413,82.026,14184.0,1418.4,115836.2526,1
1787819400000,82.027,82.369,82.01,82.26,17200.0,1720.0,141483.9161,1
1787820300000,82.261,82.471,82.146,82.471,19980.0,1998.0,164559.0637,1
1787821200000,82.47,82.648,82.337,82.557,10908.0,1090.8,89955.6241,1
1787822100000,82.573,82.964,82.451,82.924,33450.0,3345.0,277201.9095,1
1787823000000,82.928,83.168,82.623,83.096,28823.0,2882.3,238866.8838,1
1787823900000,83.089,83.733,82.934,83.067,51631.0,5163.1,430422.6332,1
1787824800000,83.066,83.527,82.755,83.071,19369.0,1936.9,160995.5156,1
1787825700000,83.111,83.213,81.821,82.404,31935.0,3193.5,263587.8745,1
1787826600000,82.393,82.59,82.134,82.401,14450.0,1445.0,118883.6943,1
1787827500000,82.408,82.461,82.004,82.236,163485.0,16348.5,1342660.3618,1
1787828400000,82.22,82.8,82.149,82.671,451143.0,45114.3,3726441.9564,1
1787829300000,82.672,82.7,82.0,82.029,14481.0,1448.1,119328.2574,1
1787830200000,82.032,82.252,81.61,81.93,40936.0,4093.6,335136.9607,1
1787831100000,81.914,82.1,81.604,82.002,14530.0,1453.0,119012.3694,1
1787832000000,82.016,82.452,82.016,82.313,11026.0,1102.6,90679.3874,1
1787832900000,82.35,82.448,82.052,82.301,28262.0,2826.2,232504.1332,1
1787833800000,82.357,82.38,81.987,82.04,6048.0,604.8,49670.2638,1
1787834700000,82.045,82.35,82.001,82.219,20878.0,2087.8,171852.8539,1
1787835600000,82.215,82.764,82.215,82.476,15428.0,1542.8,127355.9153,1
1787836500000,82.492,82.626,82.332,82.511,10458.0,1045.8,86314.3947,1
1787837400000,82.485,82.577,82.009,82.285,51372.0,5137.2,422319.0745,1
1787838300000,82.31,82.94,81.996,82.908,85129.0,8512.9,702413.275,1
1787839200000,82.855,83.069,82.292,82.294,26925.0,2692.5,222694.9147,1
1787840100000,82.297,83.56,82.176,83.373,43001.0,4300.1,356756.2593,1
1787841000000,83.362,84.76,83.271,84.739,103658.0,10365.8,871714.9587,1
1787841900000,84.705,84.725,83.847,84.163,95716.0,9571.6,806223.3911,1
1787842800000,84.199,84.972,83.972,84.748,65803.0,6580.3,556228.8955,1
1787843700000,84.732,85.464,84.295,85.264,127404.0,12740.4,1080423.2416,1
1787844600000,85.263,85.444,84.892,84.984,43599.0,4359.9,371445.9516,1
1787845500000,85.013,85.089,84.438,84.627,35966.0,3596.6,304771.9159,1
1787846400000,84.63,84.911,83.673,84.557,108574.0,10857.4,917747.524,1
1787847300000,84.555,85.053,84.527,84.798,39773.0,3977.3,337367.7585,1
1787848200000,84.791,85.291,84.534,85.245,27359.0,2735.9,232368.4733,1
1787849100000,85.24,85.43,84.628,84.681,28981.0,2898.1,246286.0524,1
1787850000000,84.679,85.772,84.501,85.614,51494.0,5149.4,438647.4173,1
1787850900000,85.588,86.098,85.359,85.402,115094.0,11509.4,988768.4049,1
1787851800000,85.427,86.223,85.185,85.974,43102.0,4310.2,369843.0382,1
1787852700000,85.99,86.41,85.601,85.646,36273.0,3627.3,312577.9098,1
1787853600000,85.672,86.294,85.255,85.58,48174.0,4817.4,413736.2599,1
1787854500000,85.572,85.919,84.726,85.186,59026.0,5902.6,502931.7115,1
1787855400000,85.193,86.051,85.161,85.93,55119.0,5511.9,472008.7353,1
1787856300000,85.89,86.319,85.656,86.319,36819.0,3681.9,316453.5646,1
1787857200000,86.318,86.666,86.209,86.284,46257.0,4625.7,399996.113,1
1787858100000,86.283,86.749,86.001,86.424,24397.0,2439.7,210689.2858,1
1787859000000,86.426,86.617,85.334,85.583,17111.0,1711.1,147043.8069,1
1787859900000,85.581,85.709,84.868,84.89,42288.0,4228.8,360293.8843,1
1787860800000,84.889,85.183,84.359,84.392,61705.0,6170.5,522140.8556,1
1787861700000,84.411,85.489,84.411,85.246,69090.0,6909.0,587801.0722,1
1787862600000,85.264,85.323,84.843,85.102,21696.0,2169.6,184327.7439,1
1787863500000,85.116,85.43,85.068,85.36,29250.0,2925.0,249476.443,1
1787864400000,85.388,85.388,84.921,84.921,6387.0,638.7,54378.7902,1
1787865300000,84.919,85.182,84.67,84.699,69979.0,6997.9,593329.6964,1
1787866200000,84.686,84.891,84.229,84.386,10296.0,1029.6,87089.1411,1
1787867100000,84.399,84.744,84.265,84.729,11586.0,1158.6,97927.7317,1
1787868000000,84.762,85.097,84.757,84.96,9264.0,926.4,78705.7948,1
1787868900000,84.963,85.294,84.5,84.692,12780.0,1278.0,108600.1972,1
1787869800000,84.728,84.888,84.629,84.687,4845.0,484.5,41066.738,1
1787870700000,84.675,84.934,84.534,84.908,4292.0,429.2,36342.1935,1
1787871600000,84.913,84.963,84.732,84.824,4028.0,402.8,34193.7563,1
1787872500000,84.81,85.2,84.793,85.043,4576.0,457.6,38943.6662,1
1787873400000,85.024,85.124,84.859,84.867,7323.0,732.3,62239.4205,1
1787874300000,84.856,84.886,84.567,84.609,8544.0,854.4,72324.3797,1
1787875200000,84.616,84.616,84.267,84.268,6790.0,679.0,57308.4961,1
1787876100000,84.267,84.499,84.17,84.494,8393.0,839.3,70747.6766,1
1787877000000,84.469,84.527,83.879,83.959,15465.0,1546.5,129964.538,1
1787877900000,83.951,84.266,83.831,84.11,8978.0,897.8,75408.997,1
1787878800000,84.099,84.39,84.081,84.145,9133.0,913.3,76928.3925,1
1787879700000,84.119,84.992,84.073,84.909,19801.0,1980.1,167507.8908,1
1787880600000,84.917,84.95,84.15,84.226,15816.0,1581.6,133625.9139,1
1787881500000,84.192,84.206,83.819,83.938,12786.0,1278.6,107367.0702,1
1787882400000,83.938,84.027,83.51,83.51,172094.0,17209.4,1444549.2099,1
1787883300000,83.511,83.794,83.417,83.42,28762.0,2876.2,240373.3458,1
1787884200000,83.414,83.821,83.28,83.441,27190.0,2719.0,226897.3169,1
1787885100000,83.441,83.542,83.228,83.305,24716.0,2471.6,206054.8163,1
1787886000000,83.317,83.351,83.045,83.257,41438.0,4143.8,344780.5726,1
1787886900000,83.257,83.713,83.257,83.518,6817.0,681.7,56960.0422,1
1787887800000,83.534,83.719,83.501,83.576,2679.0,267.9,22406.8117,1
1787888700000,83.57,83.765,83.514,83.624,1913.0,191.3,16003.7499,1
1787889600000,83.589,83.763,82.922,83.274,23924.0,2392.4,199223.0428,1
1787890500000,83.265,83.475,82.992,82.994,11525.0,1152.5,95955.9224,1
1787891400000,83.002,83.179,82.884,83.088,7367.0,736.7,61143.7465,1
1787892300000,83.078,83.361,83.072,83.21,13351.0,1335.1,111084.0548,1
1787893200000,83.218,83.265,82.935,83.013,4821.0,482.1,40049.5038,1
1787894100000,83.01,83.2,82.839,83.199,6103.0,610.3,50653.8216,1
1787895000000,83.2,83.427,82.935,83.07,8748.0,874.8,72720.377,1
1787895900000,83.067,83.282,82.959,82.983,3886.0,388.6,32288.0199,1
1787896800000,82.979,83.333,82.968,83.325,6379.0,637.9,53037.6783,1
1787897700000,83.324,83.33,83.002,83.083,4437.0,443.7,36879.8654,1
1787898600000,83.099,83.467,83.099,83.239,2696.0,269.6,22458.1027,1
1787899500000,83.245,83.654,83.245,83.521,10847.0,1084.7,90585.7415,1
1787900400000,83.532,83.532,83.066,83.163,10368.0,1036.8,86354.5905,1
1787901300000,83.199,83.6,83.199,83.579,4791.0,479.1,39966.2619,1
1787902200000,83.599,83.673,83.483,83.511,9054.0,905.4,75675.5446,1
1787903100000,83.515,84.199,83.515,84.03,176533.0,17653.3,1485127.7372,1
1787904000000,83.999,84.713,83.999,84.584,18015.0,1801.5,151991.0073,1
1787904900000,84.537,84.575,84.159,84.162,12926.0,1292.6,109015.8269,1
1787905800000,84.148,84.243,83.858,83.858,8002.0,800.2,67266.7057,1
1787906700000,83.857,83.871,83.196,83.345,16629.0,1662.9,138834.708,1
1787907600000,83.344,83.357,83.039,83.23,13168.0,1316.8,109532.2721,1
1787908500000,83.229,83.257,82.9,82.946,9931.0,993.1,82454.0575,1
1787909400000,82.959,83.086,82.529,82.6,26895.0,2689.5,222626.3257,1
1787910300000,82.642,83.104,82.636,82.676,16111.0,1611.1,133592.8723,1
1787911200000,82.68,82.68,82.241,82.618,26142.0,2614.2,215548.2804,1
1787912100000,82.618,82.89,82.543,82.865,6849.0,684.9,56610.4729,1
1787913000000,82.846,83.12,82.842,82.969,16357.0,1635.7,135701.4544,1
1787913900000,82.966,83.5,82.907,83.43,12096.0,1209.6,100700.362,1
1787914800000,83.429,83.714,83.234,83.339,166803.0,16680.3,1394045.1269,1
1787915700000,83.355,83.611,83.347,83.493,6990.0,699.0,58326.1277,1
1787916600000,83.496,83.571,83.128,83.155,7732.0,773.2,64455.0707,1
1787917500000,83.166,83.245,82.934,82.978,32309.0,3230.9,268441.4757,1
1787918400000,82.999,83.251,82.806,82.826,27181.0,2718.1,225526.3516,1
1787919300000,82.826,83.182,82.826,83.016,15490.0,1549.0,128685.6877,1
1787920200000,83.022,83.031,82.667,82.785,38577.0,3857.7,319628.2044,1
1787921100000,82.811,83.04,82.676,82.998,19636.0,1963.6,162640.0784,1
1787922000000,82.983,83.559,82.957,83.559,15913.0,1591.3,132508.1096,1
1787922900000,83.559,84.115,83.449,83.969,31733.0,3173.3,265850.2194,1
1787923800000,83.958,84.135,83.535,83.655,52404.0,5240.4,439041.9027,1
1787924700000,83.654,84.296,83.504,83.907,43328.0,4332.8,364253.6406,1
1787925600000,83.832,84.496,82.577,82.642,131150.0,13115.0,1090189.1473,1
1787926500000,82.666,83.461,82.598,83.319,64330.0,6433.0,534975.476,1
1787927400000,83.303,84.733,82.934,84.326,65627.0,6562.7,552158.8571,1
1787928300000,84.286,85.265,83.711,84.737,72667.0,7266.7,612979.1526,1
1787929200000,84.738,85.02,83.56,83.713,32933.0,3293.3,277853.9175,1
1787930100000,83.691,84.267,83.641,83.798,18724.0,1872.4,157088.7591,1
1787931000000,83.797,83.895,82.719,82.74,63841.0,6384.1,530965.004,1
1787931900000,82.76,83.048,81.278,81.711,207305.0,20730.5,1702013.8811,1
1787932800000,81.696,81.97,80.636,80.649,253245.0,25324.5,2062124.6825,1
1787933700000,80.675,81.554,80.136,81.524,197753.0,19775.3,1596142.1979,1
1787934600000,81.484,81.946,81.334,81.475,142908.0,14290.8,1165867.3224,1
1787935500000,81.5,82.0,81.498,81.535,39305.0,3930.5,321240.7956,1
1787936400000,81.527,81.893,81.176,81.89,64144.0,6414.4,522795.3345,1
1787937300000,81.931,82.114,81.358,81.557,27973.0,2797.3,228509.9272,1
1787938200000,81.544,81.55,80.824,80.879,18365.0,1836.5,149149.6195,1
1787939100000,80.872,81.417,80.626,80.799,23344.0,2334.4,189093.8701,1
1787940000000,80.803,80.903,80.242,80.748,33594.0,3359.4,270439.3011,1
1787940900000,80.739,80.756,79.554,79.771,106605.0,10660.5,853435.2891,1
1787941800000,79.771,79.82,78.982,79.129,50540.0,5054.0,401050.9404,1
1787942700000,79.14,79.26,78.53,79.243,91615.0,9161.5,722711.7153,1
1787943600000,79.288,79.733,79.139,79.431,218090.0,21809.0,1732225.1623,1
1787944500000,79.452,79.869,79.411,79.816,38642.0,3864.2,308003.2849,1
1787945400000,79.817,80.105,79.56,79.947,20701.0,2070.1,165250.8741,1
1787946300000,79.946,80.053,79.617,79.643,8579.0,857.9,68547.256,1
1787947200000,79.635,79.895,79.472,79.534,20369.0,2036.9,162176.7427,1
1787948100000,79.534,79.944,79.47,79.821,8629.0,862.9,68748.808,1
1787949000000,79.767,80.44,79.727,80.329,5993.0,599.3,48022.9187,1
1787949900000,80.308,80.319,79.709,79.801,15876.0,1587.6,126822.2025,1
1787950800000,79.818,79.932,79.618,79.748,16705.0,1670.5,133128.4255,1
1787951700000,79.748,79.88,79.478,79.88,14157.0,1415.7,112817.505,1
1787952600000,79.879,80.724,79.879,80.101,58155.0,5815.5,468986.0334,1
1787953500000,80.101,80.114,79.776,79.826,19551.0,1955.1,156318.2086,1
1787954400000,79.848,80.406,79.848,80.194,33122.0,3312.2,265544.8922,1
1787955300000,80.233,80.577,80.062,80.469,11142.0,1114.2,89434.8329,1
1787956200000,80.462,80.786,80.384,80.721,10307.0,1030.7,83138.8904,1
1787957100000,80.706,81.14,80.635,81.04,41142.0,4114.2,332725.4255,1
1787958000000,81.008,81.118,80.821,81.023,8445.0,844.5,68303.0964,1
1787958900000,81.012,81.012,80.668,80.744,9776.0,977.6,78975.241,1
1787959800000,80.751,80.88,80.712,80.815,3450.0,345.0,27869.6276,1
1787960700000,80.814,80.931,80.665,80.906,2317.0,231.7,18727.3682,1
1787961600000,80.902,81.172,80.605,80.637,17766.0,1776.6,143908.4528,1
1787962500000,80.645,80.798,80.495,80.566,8390.0,839.0,67724.337,1
1787963400000,80.606,80.606,80.331,80.421,11715.0,1171.5,94131.1294,1
1787964300000,80.434,80.475,80.121,80.154,8457.0,845.7,67838.2187,1
1787965200000,80.147,80.24,80.101,80.139,4974.0,497.4,39866.0086,1
1787966100000,80.122,80.35,80.101,80.338,3005.0,300.5,24112.4602,1
1787967000000,80.314,80.451,80.201,80.291,8743.0,874.3,70220.0944,1
1787967900000,80.288,80.492,80.124,80.492,1521.0,152.1,12217.1171,1
1787968800000,80.49,80.573,80.289,80.3,9225.0,922.5,74188.0579,1
1787969700000,80.323,80.34,80.145,80.237,5021.0,502.1,40280.9408,1
1787970600000,80.226,80.534,80.177,80.451,994.0,99.4,7986.6142,1
1787971500000,80.449,80.817,80.387,80.72,2964.0,296.4,23923.109,1
1787972400000,80.711,80.836,80.69,80.773,1183.0,118.3,9557.2369,1
1787973300000,80.792,82.134,80.736,82.111,18540.0,1854.0,151419.366,1
1787974200000,82.133,82.133,81.688,81.697,18718.0,1871.8,153400.694,1
1787975100000,81.697,81.722,81.372,81.476,3733.0,373.3,30435.121,1
1787976000000,81.494,81.798,81.465,81.638,16591.0,1659.1,135451.0162,1
1787976900000,81.603,81.687,81.434,81.481,1930.0,193.0,15740.8042,1
1787977800000,81.498,81.697,81.361,81.697,8281.0,828.1,67403.3481,1
1787978700000,81.697,82.096,81.697,81.806,3080.0,308.0,25242.1651,1
1787979600000,81.82,82.097,81.806,81.898,6550.0,655.0,53663.3286,1
1787980500000,81.896,81.96,81.815,81.846,6403.0,640.3,52441.571,1
1787981400000,81.846,81.96,81.725,81.931,6944.0,694.4,56830.8063,1
1787982300000,81.935,82.067,81.816,81.869,29695.0,2969.5,243464.7014,1
1787983200000,81.89,81.89,81.22,81.253,25008.0,2500.8,203800.4312,1
1787984100000,81.25,81.368,80.83,81.308,25744.0,2574.4,209039.183,1
1787985000000,81.366,81.454,81.284,81.284,6223.0,622.3,50638.2046,1
1787985900000,81.29,81.46,81.288,81.403,1663.0,166.3,13530.196,1
1787986800000,81.42,81.688,81.221,81.248,4278.0,427.8,34886.7433,1
1787987700000,81.245,81.369,81.2,81.2,3541.0,354.1,28772.9061,1
1787988600000,81.2,81.697,81.154,81.638,7186.0,718.6,58419.4762,1
1787989500000,81.638,81.78,81.334,81.377,2011.0,201.1,16405.2679,1
1787990400000,81.355,81.421,81.222,81.24,3172.0,317.2,25802.1391,1
1787991300000,81.212,81.227,81.068,81.179,2457.0,245.7,19945.1276,1
1787992200000,81.168,81.168,80.994,81.114,3419.0,341.9,27720.2794,1
1787993100000,81.116,81.224,81.036,81.218,3829.0,382.9,31046.2461,1
1787994000000,81.244,81.334,81.014,81.334,4003.0,400.3,32491.4102,1
1787994900000,81.365,81.367,81.095,81.113,1178.0,117.8,9568.5101,1
1787995800000,81.113,81.583,81.113,81.37,6141.0,614.1,49983.8433,1
1787996700000,81.37,81.471,81.283,81.359,2096.0,209.6,17058.251,1
1787997600000,81.359,81.359,80.991,81.058,4123.0,412.3,33467.4436,1
1787998500000,81.073,81.461,81.066,81.326,9252.0,925.2,75186.0634,1
1787999400000,81.302,81.33,81.2,81.23,1322.0,132.2,10741.2051,1
1788000300000,81.23,81.462,81.2,81.25,3896.0,389.6,31670.2878,1
1788001200000,81.25,81.369,81.173,81.349,5293.0,529.3,43010.753,1
1788002100000,81.363,81.45,81.213,81.257,1497.0,149.7,12178.2847,1
1788003000000,81.257,81.335,81.132,81.133,3096.0,309.6,25131.3327,1
1788003900000,81.135,81.258,80.865,80.897,5414.0,541.4,43876.9205,1
1788004800000,80.908,81.175,80.905,81.171,13162.0,1316.2,106638.8545,1
1788005700000,81.201,81.33,81.114,81.207,9959.0,995.9,80847.948,1
1788006600000,81.207,81.259,80.91,81.19,5212.0,521.2,42270.0094,1
1788007500000,81.19,81.448,81.185,81.408,3314.0,331.4,26949.4317,1
1788008400000,81.4,81.595,81.238,81.375,6310.0,631.0,51348.9617,1
1788009300000,81.337,81.541,81.328,81.462,8681.0,868.1,70695.9342,1
1788010200000,81.462,81.588,81.408,81.587,7860.0,786.0,64064.1712,1
1788011100000,81.583,81.912,81.514,81.867,6479.0,647.9,52991.4826,1
1788012000000,81.863,81.915,81.647,81.91,9356.0,935.6,76493.1156,1
1788012900000,81.904,82.118,81.9,81.961,15118.0,1511.8,123931.6917,1
1788013800000,81.965,82.5,81.965,82.472,22693.0,2269.3,186705.4736,1
1788014700000,82.475,82.766,82.44,82.7,24958.0,2495.8,206169.609,1
1788015600000,82.734,82.891,82.463,82.817,25109.0,2510.9,207637.1953,1
1788016500000,82.817,82.957,82.624,82.928,23309.0,2330.9,192918.3686,1
1788017400000,82.928,83.048,82.791,82.99,6028.0,602.8,50002.9818,1
1788018300000,82.96,83.178,82.668,82.901,33934.0,3393.4,281528.0072,1
1788019200000,82.953,83.275,82.953,83.16,34218.0,3421.8,284533.1932,1
1788020100000,83.156,83.419,82.817,83.12,68765.0,6876.5,571298.8237,1
1788021000000,83.094,83.299,82.98,83.221,11945.0,1194.5,99356.7282,1
1788021900000,83.224,83.482,82.922,82.952,7827.0,782.7,65115.1292,1
1788022800000,82.968,83.262,82.944,83.087,5742.0,574.2,47704.213,1
1788023700000,83.118,83.296,82.753,82.78,13255.0,1325.5,109956.3569,1
1788024600000,82.793,83.078,82.76,82.968,6559.0,655.9,54370.3889,1
1788025500000,82.976,83.225,82.971,83.164,8517.0,851.7,70805.2299,1
1788026400000,83.163,83.229,82.797,82.847,9114.0,911.4,75520.6685,1
1788027300000,82.848,82.909,82.541,82.716,40408.0,4040.8,334297.0155,1
1788028200000,82.716,83.12,82.716,82.979,6327.0,632.7,52498.7715,1
1788029100000,82.978,83.278,82.973,83.129,8309.0,830.9,69104.3901,1
1788030000000,83.122,83.21,83.01,83.105,4942.0,494.2,41063.9746,1
1788030900000,83.134,83.217,82.851,82.951,11215.0,1121.5,93057.6671,1
1788031800000,82.951,82.986,82.721,82.925,9533.0,953.3,78922.4711,1
1788032700000,82.915,82.949,82.741,82.836,4410.0,441.0,36521.572,1
1788033600000,82.831,82.952,82.807,82.926,2743.0,274.3,22746.8183,1
1788034500000,82.936,82.978,82.73,82.846,6534.0,653.4,54128.6103,1
1788035400000,82.85,82.923,82.735,82.875,4346.0,434.6,36019.755,1
1788036300000,82.875,82.95,82.763,82.795,1973.0,197.3,16353.856,1
1788037200000,82.794,82.987,82.699,82.948,7760.0,776.0,64365.475,1
1788038100000,82.948,83.009,82.818,82.918,2466.0,246.6,20449.6081,1
1788039000000,82.926,83.229,82.926,83.01,10395.0,1039.5,86446.1511,1
1788039900000,83.01,83.421,83.01,83.12,19521.0,1952.1,162482.5207,1
1788040800000,83.134,83.416,83.089,83.292,11507.0,1150.7,95829.4516,1
1788041700000,83.299,83.346,83.161,83.281,1236.0,123.6,10288.1248,1
1788042600000,83.294,83.504,83.273,83.348,6677.0,667.7,55734.8863,1
1788043500000,83.348,83.449,83.287,83.449,1761.0,176.1,14680.5698,1
1788044400000,83.449,83.541,83.291,83.461,7758.0,775.8,64739.4909,1
1788045300000,83.461,83.51,83.137,83.284,7557.0,755.7,62950.7042,1
1788046200000,83.284,83.292,83.089,83.096,9310.0,931.0,77501.6069,1
1788047100000,83.1,83.429,83.1,83.378,669.0,66.9,5575.6404,1
1788048000000,83.368,83.368,83.117,83.189,106198.0,10619.8,884817.7873,1
1788048900000,83.19,83.467,83.13,83.155,6508.0,650.8,54287.6789,1
1788049800000,83.171,83.229,83.018,83.057,2039.0,203.9,16947.4184,1
1788050700000,83.057,83.209,83.028,83.161,2726.0,272.6,22655.0804,1
1788051600000,83.161,83.175,83.05,83.175,969.0,96.9,8054.3896,1
1788052500000,83.175,83.339,83.046,83.047,18763.0,1876.3,155907.0722,1
1788053400000,83.027,83.213,83.026,83.054,2234.0,223.4,18565.7387,1
1788054300000,83.126,83.408,83.121,83.275,6513.0,651.3,54209.8769,1
1788055200000,83.298,83.298,83.088,83.186,2866.0,286.6,23842.8505,1
1788056100000,83.186,83.338,83.121,83.131,895.0,89.5,7449.9309,1
1788057000000,83.151,83.265,83.042,83.206,1145.0,114.5,9522.1939,1
1788057900000,83.206,83.206,82.874,82.922,4722.0,472.2,39206.2816,1
1788058800000,82.924,83.009,82.801,82.907,2968.0,296.8,24611.9047,1
1788059700000,82.901,83.088,82.811,83.088,3849.0,384.9,31918.8411,1
1788060600000,83.102,83.117,82.938,83.008,4141.0,414.1,34381.2973,1
1788061500000,83.008,83.008,82.766,82.803,2097.0,209.7,17366.9364,1
1788062400000,82.798,82.964,82.78,82.929,548.0,54.8,4540.8677,1
1788063300000,82.955,83.063,82.868,82.956,3364.0,336.4,27913.6415,1
1788064200000,82.975,82.977,82.802,82.851,736.0,73.6,6101.1895,1
1788065100000,82.841,82.841,82.384,82.8,25003.0,2500.3,206520.772,1
1788066000000,82.831,82.953,82.808,82.903,15584.0,1558.4,129172.0154,1
1788066900000,82.903,82.953,82.845,82.946,4046.0,404.6,33548.087,1
1788067800000,82.946,83.108,82.846,83.053,3325.0,332.5,27616.2528,1
1788068700000,83.053,83.263,83.053,83.124,3206.0,320.6,26658.9176,1
1788069600000,83.122,83.122,82.961,83.096,3101.0,310.1,25746.9168,1
1788070500000,83.1,83.254,83.067,83.241,6947.0,694.7,57789.0551,1
1788071400000,83.241,83.441,83.111,83.331,8101.0,810.1,67495.4158,1
1788072300000,83.313,83.392,83.199,83.374,17875.0,1787.5,148853.8339,1
1788073200000,83.376,83.376,83.146,83.189,4747.0,474.7,39516.8401,1
1788074100000,83.189,83.308,83.126,83.245,25739.0,2573.9,214043.6261,1
1788075000000,83.247,83.249,82.851,82.851,5484.0,548.4,45548.2696,1
1788075900000,82.85,82.975,82.664,82.842,7313.0,731.3,60509.6957,1
1788076800000,82.863,83.053,82.826,83.045,3094.0,309.4,25665.1565,1
1788077700000,83.045,83.467,83.045,83.466,2968.0,296.8,24727.4659,1
1788078600000,83.467,83.922,83.407,83.657,35899.0,3589.9,300631.6809,1
1788079500000,83.65,83.65,83.345,83.37,14549.0,1454.9,121383.0753,1
1788080400000,83.369,83.543,83.2,83.277,23319.0,2331.9,194206.2424,1
1788081300000,83.277,83.588,83.125,83.278,1699.0,169.9,14158.0295,1
1788082200000,83.309,83.365,83.076,83.209,5071.0,507.1,42201.1299,1
1788083100000,83.208,83.257,83.035,83.257,12651.0,1265.1,105078.2797,1
1788084000000,83.232,83.467,83.152,83.363,4544.0,454.4,37876.9831,1
1788084900000,83.361,83.572,83.277,83.459,100256.0,10025.6,837215.9465,1
1788085800000,83.462,83.542,83.309,83.529,6501.0,650.1,54259.1961,1
1788086700000,83.529,83.583,83.429,83.492,2316.0,231.6,19345.1379,1
1788087600000,83.492,83.549,83.256,83.439,685.0,68.5,5711.7878,1
1788088500000,83.44,83.464,83.291,83.394,813.0,81.3,6777.1705,1
1788089400000,83.397,83.434,83.208,83.379,1080.0,108.0,8996.6386,1
1788090300000,83.382,83.6,83.289,83.595,14215.0,1421.5,118708.2488,1
1788091200000,83.572,83.873,83.493,83.614,7097.0,709.7,59351.7972,1
1788092100000,83.614,83.614,83.267,83.406,7278.0,727.8,60706.1606,1
1788093000000,83.404,83.587,83.227,83.475,4347.0,434.7,36273.0208,1
1788093900000,83.494,83.841,83.414,83.76,7324.0,732.4,61149.3719,1
1788094800000,83.766,83.803,83.516,83.571,16670.0,1667.0,139425.2644,1
1788095700000,83.574,83.766,83.536,83.644,2534.0,253.4,21192.8435,1
1788096600000,83.642,83.767,83.601,83.715,5086.0,508.6,42568.1989,1
1788097500000,83.715,83.956,83.697,83.871,19062.0,1906.2,159950.4799,1
1788098400000,83.835,84.08,83.78,84.08,17560.0,1756.0,147452.0393,1
1788099300000,84.074,84.074,83.734,83.764,8356.0,835.6,70013.7783,1
1788100200000,83.753,83.795,83.558,83.578,7697.0,769.7,64366.1902,1
1788101100000,83.56,83.608,83.353,83.499,6545.0,654.5,54615.5728,1
1788102000000,83.507,83.61,83.299,83.341,3539.0,353.9,29517.3828,1
1788102900000,83.319,83.705,83.319,83.564,9006.0,900.6,75281.6818,1
1788103800000,83.564,83.748,83.558,83.56,2962.0,296.2,24782.4008,1
1788104700000,83.563,83.57,83.084,83.105,22425.0,2242.5,186559.8807,1
1788105600000,83.16,83.724,83.133,83.695,59992.0,5999.2,499980.3515,1
1788106500000,83.711,83.801,83.525,83.526,6267.0,626.7,52416.9247,1
1788107400000,83.526,83.733,83.468,83.566,8988.0,898.8,75178.6018,1
1788108300000,83.611,83.979,83.611,83.97,18961.0,1896.1,158992.0698,1
1788109200000,83.976,84.035,83.802,84.035,17235.0,1723.5,144668.204,1
1788110100000,84.035,84.035,82.699,82.922,33124.0,3312.4,275396.7103,1
1788111000000,82.901,83.174,82.692,83.17,69888.0,6988.8,580247.7113,1
1788111900000,83.176,83.313,83.026,83.313,5053.0,505.3,42013.3407,1
1788112800000,83.329,83.401,82.992,83.018,55025.0,5502.5,458363.5993,1
1788113700000,83.018,83.428,83.018,83.428,12314.0,1231.4,102462.496,1
1788114600000,83.425,83.597,83.377,83.466,10824.0,1082.4,90411.2392,1
1788115500000,83.49,83.49,83.277,83.332,18612.0,1861.2,155283.7214,1
1788116400000,83.349,83.417,83.153,83.379,4247.0,424.7,35357.5412,1
1788117300000,83.396,83.46,83.039,83.047,2074.0,207.4,17250.877,1
1788118200000,83.029,83.19,82.699,82.73,48458.0,4845.8,401257.8852,1
1788119100000,82.724,82.826,82.541,82.707,39767.0,3976.7,329018.1328,1
1788120000000,82.702,82.823,82.548,82.609,32758.0,3275.8,270835.2963,1
1788120900000,82.6,82.813,82.264,82.281,58171.0,5817.1,480093.5761,1
1788121800000,82.293,82.346,81.643,81.643,65811.0,6581.1,539416.8892,1
1788122700000,81.713,81.962,81.68,81.708,11520.0,1152.0,94258.8226,1
1788123600000,81.722,81.969,81.34,81.811,29256.0,2925.6,238560.7396,1
1788124500000,81.809,82.133,81.808,82.061,17337.0,1733.7,142162.4337,1
1788125400000,82.054,82.243,81.927,81.945,12791.0,1279.1,104994.7047,1
1788126300000,81.945,81.975,81.841,81.901,6049.0,604.9,49541.1402,1
1788127200000,81.893,82.134,81.709,81.709,32254.0,3225.4,264218.2286,1
1788128100000,81.694,81.694,80.937,81.158,52646.0,5264.6,426737.0455,1
1788129000000,81.159,81.182,80.896,80.987,22482.0,2248.2,182308.1168,1
1788129900000,80.968,81.043,80.677,80.856,28796.0,2879.6,232575.4721,1
1788130800000,80.839,80.847,80.571,80.603,17708.0,1770.8,142825.1262,1
1788131700000,80.611,80.799,79.617,79.75,83685.0,8368.5,671991.43,1
1788132600000,79.708,80.046,79.094,79.492,82459.0,8245.9,656228.6976,1
1788133500000,79.47,80.227,79.01,80.001,49171.0,4917.1,391335.2729,1
1788134400000,80.001,80.178,79.6,79.923,12059.0,1205.9,96405.0609,1
1788135300000,79.948,80.592,79.912,80.359,30344.0,3034.4,243947.7233,1
1788136200000,80.357,80.583,80.315,80.324,17276.0,1727.6,138828.3588,1
1788137100000,80.268,80.448,80.125,80.185,33292.0,3329.2,267492.288,1
1788138000000,80.18,80.246,79.975,80.079,25995.0,2599.5,207988.0112,1
1788138900000,80.073,80.317,79.976,80.237,22761.0,2276.1,182430.149,1
1788139800000,80.252,80.317,79.973,80.161,4458.0,445.8,35743.6254,1
1788140700000,80.134,80.269,79.982,80.022,5647.0,564.7,45206.2105,1
1788141600000,80.012,80.968,79.973,80.869,10092.0,1009.2,81311.7853,1
1788142500000,80.815,80.9,80.534,80.87,3340.0,334.0,26959.2961,1
1788143400000,80.848,80.892,80.375,80.418,15139.0,1513.9,121882.9692,1
1788144300000,80.427,80.51,79.767,80.03,7431.0,743.1,59438.1885,1
1788145200000,80.029,80.312,79.916,80.312,3226.0,322.6,25850.2844,1
1788146100000,80.316,80.496,80.243,80.407,7293.0,729.3,58643.2993,1
1788147000000,80.397,80.647,80.383,80.616,16104.0,1610.4,129728.5513,1
1788147900000,80.616,80.632,80.267,80.388,4348.0,434.8,35013.798,1
1788148800000,80.389,80.389,80.071,80.139,1737.0,173.7,13927.9641,1
1788149700000,80.164,80.195,80.024,80.123,1844.0,184.4,14773.5991,1
1788150600000,80.088,80.3,80.037,80.195,1759.0,175.9,14099.737,1
1788151500000,80.195,80.317,80.031,80.25,3184.0,318.4,25535.1555,1
1788152400000,80.281,80.744,80.194,80.674,24888.0,2488.8,200777.0357,1
1788153300000,80.657,81.155,80.593,80.906,36419.0,3641.9,294157.0549,1
1788154200000,80.931,81.018,80.741,80.908,3689.0,368.9,29846.9899,1
1788155100000,80.929,81.184,80.929,81.069,9490.0,949.0,76888.3897,1
1788156000000,81.07,81.077,80.8,80.863,8108.0,810.8,65647.4163,1
1788156900000,80.857,81.067,80.856,81.066,2168.0,216.8,17560.674,1
1788157800000,81.066,81.066,80.763,80.864,4790.0,479.0,38729.3139,1
1788158700000,80.834,80.958,80.789,80.902,2749.0,274.9,22240.4223,1
1788159600000,80.875,81.031,80.771,80.99,7359.0,735.9,59576.9089,1
1788160500000,80.988,81.15,80.961,81.053,9257.0,925.7,75078.5694,1
1788161400000,81.069,81.1,80.86,81.084,1223.0,122.3,9906.2904,1
1788162300000,81.084,81.307,81.034,81.154,3974.0,397.4,32263.8285,1
1788163200000,81.155,81.46,80.926,81.282,5157.0,515.7,41838.9434,1
1788164100000,81.29,81.424,81.093,81.282,6537.0,653.7,53106.8488,1
1788165000000,81.276,81.476,81.132,81.353,19876.0,1987.6,161354.5761,1
1788165900000,81.355,81.393,81.219,81.348,4077.0,407.7,33172.4678,1
1788166800000,81.337,81.489,81.218,81.251,9816.0,981.6,79778.746,1
1788167700000,81.247,81.478,81.129,81.293,37987.0,3798.7,308898.6794,1
1788168600000,81.29,81.369,81.19,81.246,7388.0,738.8,60045.325,1
1788169500000,81.279,81.413,81.203,81.256,6146.0,614.6,49939.6953,1
1788170400000,81.256,81.43,81.131,81.43,10415.0,1041.5,84641.4554,1
1788171300000,81.39,81.873,81.221,81.802,25024.0,2502.4,204118.1104,1
1788172200000,81.778,81.932,81.688,81.931,4313.0,431.3,35270.1636,1
1788173100000,81.948,82.097,81.68,81.763,29849.0,2984.9,244886.6381,1
1788174000000,81.767,82.097,81.727,81.869,6278.0,627.8,51410.203,1
1788174900000,81.857,81.999,81.754,81.819,4662.0,466.2,38146.4362,1
1788175800000,81.823,81.823,81.579,81.639,6246.0,624.6,51020.1844,1
1788176700000,81.639,81.838,81.555,81.816,16917.0,1691.7,138209.8712,1
1788177600000,81.825,82.097,81.753,82.053,16785.0,1678.5,137494.1559,1
1788178500000,82.075,82.085,81.5,81.568,12610.0,1261.0,103068.485,1
1788179400000,81.538,81.553,80.977,81.168,30873.0,3087.3,250600.9246,1
1788180300000,81.236,81.236,80.911,81.175,15547.0,1554.7,126063.7024,1
1788181200000,81.175,81.536,81.104,81.33,7708.0,770.8,62718.1679,1
1788182100000,81.303,81.472,81.131,81.4,4338.0,433.8,35256.5743,1
1788183000000,81.386,81.499,80.938,81.016,41070.0,4107.0,333202.9774,1
1788183900000,81.026,81.101,80.512,80.618,9899.0,989.9,79964.4413,1
1788184800000,80.621,81.003,80.62,80.811,8072.0,807.2,65205.4988,1
1788185700000,80.809,81.087,80.736,80.96,36506.0,3650.6,295437.949,1
1788186600000,81.013,81.798,80.925,81.683,28461.0,2846.1,231243.0159,1
1788187500000,81.732,81.795,81.261,81.598,51235.0,5123.5,417933.2065,1
1788188400000,81.623,81.694,81.344,81.351,5523.0,552.3,45020.7713,1
1788189300000,81.352,82.3,81.334,82.299,55893.0,5589.3,457383.2079,1
1788190200000,82.288,82.489,81.893,82.475,66105.0,6610.5,543189.4824,1
1788191100000,82.475,82.5,82.098,82.134,28959.0,2895.9,238591.7958,1
1788192000000,82.134,82.582,82.016,82.101,28153.0,2815.3,231397.2456,1
1788192900000,82.101,82.197,81.679,81.899,39570.0,3957.0,323796.426,1
1788193800000,81.885,84.067,81.784,83.88,68044.0,6804.4,565000.9202,1
1788194700000,83.992,84.932,83.241,83.757,526509.0,52650.9,4427775.2328,1
1788195600000,83.864,84.152,83.554,84.127,148146.0,14814.6,1241085.7495,1
1788196500000,84.153,84.399,83.801,84.132,57047.0,5704.7,480130.4225,1
1788197400000,84.137,84.4,83.868,84.186,80644.0,8064.4,678836.0796,1
1788198300000,84.192,84.31,83.95,84.019,61913.0,6191.3,521079.8201,1
1788199200000,84.03,84.399,83.734,84.399,163891.0,16389.1,1373991.3354,1
1788200100000,84.4,84.663,83.9,83.968,59495.0,5949.5,500793.0623,1
1788201000000,83.967,84.4,83.88,84.394,35861.0,3586.1,301284.541,1
1788201900000,84.346,84.346,83.817,83.824,39056.0,3905.6,328379.9982,1
1788202800000,83.831,84.051,83.462,83.674,108531.0,10853.1,909047.4065,1
1788203700000,83.69,83.994,83.406,83.984,100737.0,10073.7,842996.6301,1
1788204600000,83.98,83.982,83.475,83.773,149125.0,14912.5,1248733.5023,1
1788205500000,83.761,83.951,83.603,83.603,77530.0,7753.0,649543.9474,1
1788206400000,83.611,84.664,83.606,84.621,87102.0,8710.2,732226.1624,1
1788207300000,84.601,84.631,84.318,84.323,15984.0,1598.4,135116.8995,1
1788208200000,84.32,84.386,83.932,84.339,17011.0,1701.1,143122.6667,1
1788209100000,84.348,84.6,84.288,84.6,70675.0,7067.5,596830.3044,1
1788210000000,84.6,84.757,84.342,84.426,72809.0,7280.9,615949.2652,1
1788210900000,84.45,84.621,84.231,84.613,15119.0,1511.9,127518.7402,1
1788211800000,84.664,84.948,84.653,84.948,45871.0,4587.1,389349.5471,1
1788212700000,84.947,85.29,84.744,84.809,98870.0,9887.0,841279.0892,1
1788213600000,84.851,85.188,84.761,85.163,69962.0,6996.2,594286.8355,1
1788214500000,85.184,85.184,84.475,84.723,12586.0,1258.6,106592.7292,1
1788215400000,84.721,84.826,84.497,84.599,7527.0,752.7,63729.3466,1
1788216300000,84.594,84.652,84.4,84.418,49109.0,4910.9,414859.1601,1
1788217200000,84.436,84.436,84.108,84.123,34410.0,3441.0,289808.637,1
1788218100000,84.123,84.362,84.103,84.285,2675.0,267.5,22539.4752,1
1788219000000,84.289,84.359,84.096,84.159,22322.0,2232.2,187818.5808,1
1788219900000,84.126,84.17,83.928,84.15,16013.0,1601.3,134672.209,1
1788220800000,84.165,84.568,84.079,84.311,23911.0,2391.1,201759.5912,1
1788221700000,84.35,84.467,84.142,84.227,23036.0,2303.6,194236.49,1
1788222600000,84.217,84.401,84.002,84.16,14650.0,1465.0,123388.13,1
1788223500000,84.16,84.342,83.932,84.1,14891.0,1489.1,125363.2197,1
1788224400000,84.084,84.264,83.645,83.663,15206.0,1520.6,127670.7929,1
1788225300000,83.657,84.113,83.626,83.734,67590.0,6759.0,565776.2362,1
1788226200000,83.736,84.088,83.583,84.003,17767.0,1776.7,149030.5074,1
1788227100000,84.003,84.266,83.771,84.235,82423.0,8242.3,693183.3223,1
1788228000000,84.217,84.268,83.669,83.782,30857.0,3085.7,258527.3255,1
1788228900000,83.798,84.192,83.778,83.891,31443.0,3144.3,263959.5611,1
1788229800000,83.941,84.099,83.809,84.087,43161.0,4316.1,362182.0232,1
1788230700000,84.099,84.172,83.881,83.953,40861.0,4086.1,343496.7478,1
1788231600000,83.953,83.994,83.734,83.861,9758.0,975.8,81774.3555,1
1788232500000,83.857,83.946,83.669,83.765,3491.0,349.1,29270.1197,1
1788233400000,83.751,84.489,83.75,84.301,41891.0,4189.1,353097.3538,1
1788234300000,84.298,84.344,84.2,84.289,5898.0,589.8,49690.3756,1
1788235200000,84.296,84.439,84.15,84.162,24040.0,2404.0,202769.4368,1
1788236100000,84.172,84.276,83.934,84.032,47164.0,4716.4,396143.4196,1
1788237000000,84.032,84.087,83.878,83.902,6257.0,625.7,52558.8533,1
1788237900000,83.899,84.028,83.815,83.906,20405.0,2040.5,171171.9068,1
1788238800000,83.922,84.179,83.874,83.988,2794.0,279.4,23486.5901,1
1788239700000,83.987,84.174,83.986,84.078,33792.0,3379.2,284242.7008,1
1788240600000,84.074,84.174,83.933,84.128,2213.0,221.3,18611.4992,1
1788241500000,84.145,84.4,84.065,84.399,3027.0,302.7,25500.1766,1
1788242400000,84.359,84.359,84.079,84.249,2655.0,265.5,22349.3077,1
1788243300000,84.249,84.269,84.054,84.204,1924.0,192.4,16191.9996,1
1788244200000,84.204,84.384,84.16,84.367,18121.0,1812.1,152707.5611,1
1788245100000,84.393,84.449,84.0,84.026,6763.0,676.3,57022.32,1
1788246000000,84.038,84.038,83.814,84.011,8555.0,855.5,71781.1988,1
1788246900000,84.012,84.172,83.957,83.986,3601.0,360.1,30263.4492,1
1788247800000,83.947,83.96,83.238,83.45,42028.0,4202.8,350860.4847,1
1788248700000,83.466,83.494,83.301,83.47,7872.0,787.2,65685.6334,1
1788249600000,83.474,83.572,83.04,83.041,19209.0,1920.9,159906.4608,1
1788250500000,83.04,83.386,82.794,82.794,37821.0,3782.1,314168.76,1
1788251400000,82.8,82.954,82.748,82.823,35440.0,3544.0,293665.2677,1
1788252300000,82.814,83.386,82.814,83.021,30063.0,3006.3,249833.9508,1
1788253200000,83.047,83.2,82.907,83.067,4406.0,440.6,36601.4876,1
1788254100000,83.071,83.467,83.062,83.399,3856.0,385.6,32115.7401,1
1788255000000,83.39,83.428,83.226,83.316,3258.0,325.8,27137.6331,1
1788255900000,83.33,83.378,83.042,83.054,28916.0,2891.6,240686.3864,1
1788256800000,83.066,83.11,82.816,82.926,4375.0,437.5,36264.592,1
1788257700000,82.941,83.358,82.715,83.329,9189.0,918.9,76248.4295,1
1788258600000,83.337,83.734,83.337,83.564,13049.0,1304.9,109085.644,1
1788259500000,83.564,83.595,83.383,83.498,7590.0,759.0,63390.4691,1
1788260400000,83.498,83.498,83.325,83.406,8768.0,876.8,73136.1388,1
1788261300000,83.449,83.949,83.444,83.798,6454.0,645.4,53990.251,1
1788262200000,83.787,83.968,83.534,83.796,6914.0,691.4,57953.6669,1
1788263100000,83.805,83.993,83.757,83.889,22072.0,2207.2,185207.5949,1
1788264000000,83.879,83.879,83.558,83.629,17899.0,1789.9,149739.7836,1
1788264900000,83.62,83.889,83.578,83.593,11294.0,1129.4,94519.9011,1
1788265800000,83.589,83.622,82.702,83.055,71115.0,7111.5,590717.0688,1
1788266700000,83.058,83.559,83.017,83.173,14301.0,1430.1,119136.1937,1
1788267600000,83.167,83.56,82.974,83.547,21152.0,2115.2,176150.8197,1
1788268500000,83.548,83.721,83.416,83.558,44622.0,4462.2,372680.5345,1
1788269400000,83.543,83.605,83.002,83.442,27219.0,2721.9,226775.5827,1
1788270300000,83.44,83.89,83.386,83.663,31174.0,3117.4,260903.9425,1
1788271200000,83.68,84.425,83.536,83.932,94948.0,9494.8,797497.5767,1
1788272100000,83.951,84.185,83.871,83.937,6368.0,636.8,53519.7329,1
1788273000000,83.944,84.195,83.847,84.097,18986.0,1898.6,159524.8824,1
1788273900000,84.087,84.245,83.744,83.794,59132.0,5913.2,496914.6751,1
1788274800000,83.798,83.83,83.099,83.188,47695.0,4769.5,397957.5484,1
1788275700000,83.157,83.4,83.129,83.335,99936.0,9993.6,831979.0813,1
1788276600000,83.366,83.515,83.255,83.356,20279.0,2027.9,169057.6696,1
1788277500000,83.385,83.526,83.262,83.262,27619.0,2761.9,230270.807,1
1788278400000,83.26,83.331,82.435,82.625,76623.0,7662.3,634586.4402,1
1788279300000,82.536,82.812,82.089,82.513,90709.0,9070.9,748249.2462,1
1788280200000,82.5,82.5,81.941,81.954,41775.0,4177.5,343440.8001,1
1788281100000,81.944,82.367,81.934,82.31,22755.0,2275.5,187093.7512,1
1788282000000,82.295,82.357,81.839,82.072,29959.0,2995.9,245844.6586,1
1788282900000,82.037,82.28,81.91,82.232,34796.0,3479.6,285646.5976,1
1788283800000,82.223,82.437,82.188,82.314,38319.0,3831.9,315488.5596,1
1788284700000,82.331,82.363,81.57,81.718,41390.0,4139.0,338658.3951,1
1788285600000,81.738,81.867,81.587,81.736,24819.0,2481.9,202752.1645,1
1788286500000,81.728,81.739,81.157,81.411,86203.0,8620.3,701840.774,1
1788287400000,81.384,81.494,80.854,80.854,39941.0,3994.1,323944.5555,1
1788288300000,80.852,81.661,80.602,81.559,94786.0,9478.6,770793.2494,1
1788289200000,81.57,81.77,81.436,81.56,38217.0,3821.7,311924.649,1
1788290100000,81.551,82.039,81.391,81.93,64356.0,6435.6,526627.5293,1
1788291000000,81.908,82.098,81.813,82.09,27990.0,2799.0,229156.1706,1
1788291900000,82.07,82.8,82.0,82.714,59408.0,5940.8,489992.5738,1
1788292800000,82.729,82.804,82.284,82.779,57377.0,5737.7,473211.2034,1
1788293700000,82.795,82.985,82.458,82.75,29942.0,2994.2,247935.1263,1
1788294600000,82.761,82.922,82.472,82.655,8249.0,824.9,68220.1669,1
1788295500000,82.663,82.709,82.33,82.565,21375.0,2137.5,176450.3178,1
1788296400000,82.564,82.79,82.091,82.107,80984.0,8098.4,667348.2897,1
1788297300000,82.117,82.305,81.784,82.169,74204.0,7420.4,608759.0802,1
1788298200000,82.145,82.189,81.93,82.063,34858.0,3485.8,285882.4639,1
1788299100000,82.063,82.491,82.063,82.368,44475.0,4447.5,366324.9341,1
1788300000000,82.347,82.6,82.277,82.544,9914.0,991.4,81712.2014,1
1788300900000,82.558,82.558,82.0,82.0,49458.0,4945.8,406350.6867,1
1788301800000,82.001,82.348,81.999,82.173,7533.0,753.3,61860.9068,1
1788302700000,82.212,82.568,82.163,82.43,28738.0,2873.8,237008.4192,1
1788303600000,82.427,82.59,82.377,82.48,30655.0,3065.5,253003.7818,1
1788304500000,82.48,82.758,82.474,82.758,13302.0,1330.2,109932.6885,1
1788305400000,82.743,82.869,82.597,82.71,22289.0,2228.9,184415.1845,1
1788306300000,82.732,82.826,82.576,82.771,23979.0,2397.9,198230.3485,1
1788307200000,82.793,83.036,82.779,82.966,33962.0,3396.2,281747.0353,1
1788308100000,82.962,83.224,82.846,82.867,22538.0,2253.8,187214.7949,1
1788309000000,82.864,83.068,82.667,82.751,32398.0,3239.8,268109.0262,1
1788309900000,82.774,82.854,82.528,82.539,7581.0,758.1,62680.7966,1
1788310800000,82.532,82.841,82.501,82.772,17161.0,1716.1,141841.77,1
1788311700000,82.729,82.816,82.501,82.505,7488.0,748.8,61813.9174,1
1788312600000,82.486,82.741,82.224,82.3,18364.0,1836.4,151248.0302,1
1788313500000,82.325,82.356,81.936,81.966,26522.0,2652.2,217689.5183,1
1788314400000,81.946,82.308,81.737,82.259,65167.0,6516.7,534645.0943,1
1788315300000,82.262,82.995,82.254,82.949,19757.0,1975.7,163314.8649,1
1788316200000,82.963,83.139,82.861,83.081,20141.0,2014.1,167052.9149,1
1788317100000,83.052,83.121,82.896,82.924,27089.0,2708.9,225018.5352,1
1788318000000,82.951,83.141,82.93,83.069,9338.0,933.8,77560.8078,1
1788318900000,83.08,83.321,83.041,83.32,4263.0,426.3,35475.0905,1
1788319800000,83.321,83.321,82.891,82.934,15331.0,1533.1,127174.2826,1
1788320700000,82.92,83.074,82.84,82.897,29357.0,2935.7,243604.5853,1
1788321600000,82.902,82.902,82.561,82.722,35263.0,3526.3,291671.1945,1
1788322500000,82.69,82.996,82.688,82.897,4796.0,479.6,39699.5723,1
1788323400000,82.901,83.077,82.897,83.034,3553.0,355.3,29479.2193,1
1788324300000,83.047,83.119,82.936,83.095,3834.0,383.4,31837.3011,1
1788325200000,83.067,83.275,82.849,83.267,6184.0,618.4,51326.5208,1
1788326100000,83.255,83.467,83.227,83.446,11280.0,1128.0,94046.0968,1
1788327000000,83.462,83.483,83.398,83.462,5514.0,551.4,45998.5919,1
1788327900000,83.464,83.664,83.43,83.664,2099.0,209.9,17539.1239,1
1788328800000,83.653,83.666,83.04,83.041,20281.0,2028.1,169152.0014,1
1788329700000,83.041,83.285,82.858,83.064,8476.0,847.6,70328.2341,1
1788330600000,83.065,83.325,82.934,83.257,4519.0,451.9,37589.7825,1
1788331500000,83.229,83.258,83.025,83.168,930.0,93.0,7732.4868,1
1788332400000,83.177,83.38,83.088,83.134,4641.0,464.1,38607.0687,1
1788333300000,83.121,83.121,82.866,82.891,24334.0,2433.4,201873.6992,1
1788334200000,82.906,82.948,82.667,82.667,8424.0,842.4,69778.404,1
1788335100000,82.668,82.706,82.295,82.327,39637.0,3963.7,327117.1392,1
1788336000000,82.344,82.487,82.156,82.453,12278.0,1227.8,101080.0019,1
1788336900000,82.453,82.466,82.18,82.279,11536.0,1153.6,94980.645,1
1788337800000,82.26,82.26,81.701,81.717,27645.0,2764.5,226569.9622,1
1788338700000,81.715,81.882,81.287,81.482,34438.0,3443.8,280898.0189,1
1788339600000,81.481,81.753,81.441,81.457,8673.0,867.3,70761.3823,1
1788340500000,81.449,81.595,81.302,81.463,5356.0,535.6,43608.5705,1
1788341400000,81.47,81.474,81.042,81.224,58811.0,5881.1,477581.5351,1
1788342300000,81.217,81.494,81.125,81.286,4078.0,407.8,33179.9019,1
1788343200000,81.28,81.308,80.861,81.113,11134.0,1113.4,90166.3861,1
1788344100000,81.119,81.404,81.106,81.27,12565.0,1256.5,102162.7915,1
1788345000000,81.258,81.264,81.001,81.137,8857.0,885.7,71876.1978,1
1788345900000,81.118,81.33,80.824,81.321,11537.0,1153.7,93555.8956,1
1788346800000,81.305,81.305,80.77,81.02,30497.0,3049.7,246848.1418,1
1788347700000,81.032,81.067,80.3,80.535,47541.0,4754.1,383325.1713,1
1788348600000,80.513,81.08,80.467,80.798,28418.0,2841.8,229347.9935,1
1788349500000,80.8,81.23,80.723,81.204,33291.0,3329.1,269604.6025,1
1788350400000,81.202,81.235,81.049,81.175,24855.0,2485.5,201707.8099,1
1788351300000,81.164,81.61,81.104,81.567,29430.0,2943.0,239314.8635,1
1788352200000,81.543,81.543,81.268,81.403,37622.0,3762.2,306216.2234,1
1788353100000,81.402,81.456,80.941,80.979,12561.0,1256.1,101911.8809,1
1788354000000,80.992,81.334,80.975,80.987,23069.0,2306.9,187260.2237,1
1788354900000,80.987,81.481,80.987,81.465,10410.0,1041.0,84584.7893,1
1788355800000,81.473,81.485,80.762,81.334,95921.0,9592.1,778026.7979,1
1788356700000,81.334,81.697,81.068,81.376,37828.0,3782.8,308022.7495,1
1788357600000,81.379,81.748,81.138,81.748,47384.0,4738.4,386223.4674,1
1788358500000,81.717,81.898,81.458,81.53,81741.0,8174.1,667126.4328,1
1788359400000,81.519,81.52,81.158,81.427,77547.0,7754.7,630365.0182,1
1788360300000,81.451,81.477,80.944,80.944,30372.0,3037.2,246124.0219,1
1788361200000,80.941,81.178,80.455,80.689,100575.0,10057.5,813482.2742,1
1788362100000,80.682,81.197,80.671,81.197,41505.0,4150.5,336212.985,1
1788363000000,81.199,81.666,81.017,81.466,14022.0,1402.2,114219.527,1
1788363900000,81.488,81.794,81.311,81.686,8959.0,895.9,73024.8394,1
1788364800000,81.674,81.8,81.432,81.69,15567.0,1556.7,127086.9579,1
1788365700000,81.695,82.0,81.579,81.911,72043.0,7204.3,589689.8023,1
1788366600000,81.919,82.003,81.441,81.441,23527.0,2352.7,192280.637,1
1788367500000,81.459,81.563,81.364,81.42,35086.0,3508.6,285780.8309,1
1788368400000,81.42,81.588,81.2,81.261,13690.0,1369.0,111366.2196,1
1788369300000,81.262,81.399,81.068,81.217,13568.0,1356.8,110192.0511,1
1788370200000,81.257,81.599,81.247,81.599,7581.0,758.1,61730.4733,1
1788371100000,81.6,81.821,81.6,81.75,9534.0,953.4,77911.7177,1
1788372000000,81.736,81.769,81.511,81.655,11354.0,1135.4,92678.1929,1
1788372900000,81.662,81.858,81.651,81.71,9828.0,982.8,80354.1601,1
1788373800000,81.721,81.797,81.184,81.328,20657.0,2065.7,168514.4715,1
1788374700000,81.337,81.667,81.337,81.646,4346.0,434.6,35422.3726,1
1788375600000,81.614,81.635,81.43,81.59,3867.0,386.7,31535.4703,1
1788376500000,81.586,81.746,81.299,81.299,7111.0,711.1,57931.367,1
1788377400000,81.28,81.365,80.86,81.039,22868.0,2286.8,185577.7062,1
1788378300000,81.032,81.128,80.8,81.074,17434.0,1743.4,141083.8355,1
1788379200000,81.073,81.449,81.006,81.155,4751.0,475.1,38614.6206,1
1788380100000,81.113,81.409,80.91,81.208,17157.0,1715.7,139037.6404,1
1788381000000,81.185,81.451,81.153,81.284,14867.0,1486.7,120996.7728,1
1788381900000,81.265,81.589,81.234,81.446,5776.0,577.6,47039.0622,1
1788382800000,81.444,81.599,81.361,81.546,19228.0,1922.8,156550.6602,1
1788383700000,81.55,81.667,81.424,81.588,12970.0,1297.0,105725.8776,1
1788384600000,81.582,81.875,81.463,81.845,13575.0,1357.5,110927.6414,1
1788385500000,81.844,81.844,81.556,81.602,8146.0,814.6,66518.3035,1
1788386400000,81.577,81.667,81.252,81.348,10107.0,1010.7,82288.1059,1
1788387300000,81.336,81.445,81.068,81.164,7967.0,796.7,64743.2448,1
1788388200000,81.164,81.582,81.142,81.504,3768.0,376.8,30620.8316,1
1788389100000,81.464,81.487,81.185,81.243,17165.0,1716.5,139507.2335,1
1788390000000,81.245,81.646,81.151,81.589,10285.0,1028.5,83742.8027,1
1788390900000,81.593,81.594,81.359,81.509,7561.0,756.1,61573.7032,1
1788391800000,81.509,81.667,81.469,81.548,20374.0,2037.4,166289.2132,1
1788392700000,81.581,81.972,81.564,81.909,34598.0,3459.8,283145.5895,1
1788393600000,81.868,82.068,81.808,81.832,33173.0,3317.3,272029.4592,1
1788394500000,81.822,81.858,81.523,81.551,26900.0,2690.0,219633.3815,1
1788395400000,81.565,81.684,81.481,81.535,31945.0,3194.5,260734.2779,1
1788396300000,81.541,81.686,81.234,81.273,25357.0,2535.7,206624.8649,1
1788397200000,81.291,81.812,81.05,81.793,9829.0,982.9,79959.7137,1
1788398100000,81.783,81.799,81.58,81.718,11518.0,1151.8,94096.1902,1
1788399000000,81.741,81.943,81.601,81.601,4835.0,483.5,39523.6482,1
1788399900000,81.6,81.731,81.44,81.632,2282.0,228.2,18617.9986,1
1788400800000,81.625,81.83,81.497,81.817,2968.0,296.8,24241.4253,1
1788401700000,81.817,81.985,81.689,81.985,1849.0,184.9,15134.7944,1
1788402600000,81.966,82.426,81.941,82.329,15667.0,1566.7,128904.2006,1
1788403500000,82.349,82.451,82.231,82.284,6498.0,649.8,53546.6592,1
1788404400000,82.231,82.4,82.088,82.4,11503.0,1150.3,94572.2522,1
1788405300000,82.392,82.445,82.134,82.164,7266.0,726.6,59840.8392,1
1788406200000,82.141,82.272,81.955,82.02,12458.0,1245.8,102242.0174,1
1788407100000,82.001,82.333,82.001,82.295,10119.0,1011.9,83200.8729,1
1788408000000,82.299,82.428,82.28,82.327,12295.0,1229.5,101255.3568,1
1788408900000,82.308,82.325,82.133,82.171,22494.0,2249.4,184970.4415,1
1788409800000,82.171,82.277,82.072,82.087,3096.0,309.6,25434.8851,1
1788410700000,82.1,82.479,82.1,82.476,3525.0,352.5,29017.6741,1
1788411600000,82.479,82.641,82.145,82.212,6243.0,624.3,51428.9061,1
1788412500000,82.222,82.256,81.501,81.647,37959.0,3795.9,310616.8214,1
1788413400000,81.623,82.024,81.598,81.939,10654.0,1065.4,87219.683,1
1788414300000,81.948,82.206,81.833,82.136,8719.0,871.9,71515.5955,1
1788415200000,82.147,82.163,81.944,82.077,1380.0,138.0,11319.7767,1
1788416100000,82.095,82.225,82.031,82.157,11796.0,1179.6,96922.979,1
1788417000000,82.123,82.243,82.082,82.138,992.0,99.2,8147.6655,1
1788417900000,82.137,82.173,82.049,82.074,3014.0,301.4,24739.2374,1
1788418800000,82.074,82.38,82.032,82.246,51070.0,5107.0,420160.463,1
1788419700000,82.246,82.285,82.08,82.157,4308.0,430.8,35411.5558,1
1788420600000,82.157,82.396,82.045,82.196,5016.0,501.6,41225.401,1
1788421500000,82.196,82.263,81.831,81.963,14751.0,1475.1,120906.2103,1
1788422400000,81.967,82.334,81.967,82.161,7158.0,715.8,58816.763,1
1788423300000,82.161,82.173,81.943,82.086,6745.0,674.5,55306.5909,1
1788424200000,82.1,82.173,81.94,81.94,4292.0,429.2,35227.5251,1
1788425100000,81.938,82.022,81.821,81.964,2475.0,247.5,20282.3366,1
1788426000000,81.986,82.164,81.812,82.133,3977.0,397.7,32597.4747,1
1788426900000,82.135,82.17,81.742,81.76,2357.0,235.7,19316.038,1
1788427800000,81.765,81.979,81.736,81.968,9767.0,976.7,79959.3764,1
1788428700000,81.974,82.046,81.676,81.724,16183.0,1618.3,132265.2968,1
1788429600000,81.725,81.862,81.668,81.684,6834.0,683.4,55849.2333,1
1788430500000,81.687,81.875,81.471,81.501,7384.0,738.4,60280.3437,1
1788431400000,81.481,81.595,81.198,81.237,16920.0,1692.0,137629.1908,1
1788432300000,81.212,81.524,81.211,81.524,5634.0,563.4,45826.3919,1
1788433200000,81.54,81.88,81.482,81.853,7290.0,729.0,59564.1691,1
1788434100000,81.842,82.0,81.724,81.998,8886.0,888.6,72739.9173,1
1788435000000,82.0,82.084,81.843,82.024,8998.0,899.8,73802.2489,1
1788435900000,82.034,82.159,81.999,82.109,3115.0,311.5,25560.7283,1
1788436800000,82.099,82.099,81.924,82.01,5634.0,563.4,46187.5278,1
1788437700000,81.993,82.14,81.91,81.935,6978.0,697.8,57230.138,1
1788438600000,82.043,82.456,81.938,82.318,17148.0,1714.8,141203.2531,1
1788439500000,82.319,82.788,82.232,82.723,40378.0,4037.8,333783.809,1
1788440400000,82.728,82.8,82.538,82.753,64600.0,6460.0,534070.1912,1
1788441300000,82.764,82.782,82.469,82.494,9878.0,987.8,81583.8569,1
1788442200000,82.506,83.153,82.422,83.089,51778.0,5177.8,428363.9291,1
1788443100000,83.064,83.123,82.681,82.916,19497.0,1949.7,161630.2404,1
1788444000000,82.862,83.152,82.702,83.152,5696.0,569.6,47207.9468,1
1788444900000,83.144,83.566,83.134,83.566,89798.0,8979.8,749040.9959,1
1788445800000,83.571,83.699,83.415,83.466,19453.0,1945.3,162566.3064,1
1788446700000,83.509,83.918,83.501,83.918,71259.0,7125.9,596622.0241,1
1788447600000,83.92,84.169,83.433,83.692,38928.0,3892.8,326727.7369,1
1788448500000,83.696,84.023,83.583,83.685,25110.0,2511.0,210322.7447,1
1788449400000,83.705,84.4,83.532,84.4,53311.0,5331.1,445993.0343,1
1788450300000,84.399,84.623,83.968,84.492,35375.0,3537.5,298379.0838,1
1788451200000,84.542,84.594,83.168,83.55,83171.0,8317.1,694200.4694,1
1788452100000,83.539,83.957,83.467,83.605,24094.0,2409.4,201588.6231,1
1788453000000,83.605,83.852,83.467,83.852,38709.0,3870.9,324058.9043,1
1788453900000,83.852,84.141,83.852,84.064,56286.0,5628.6,472978.2534,1
1788454800000,84.057,84.303,83.81,84.273,14740.0,1474.0,123994.1681,1
1788455700000,84.291,84.332,83.853,83.977,5377.0,537.7,45180.4098,1
1788456600000,83.983,84.256,83.979,84.03,12492.0,1249.2,105122.5332,1
1788457500000,84.034,84.171,83.958,83.983,11127.0,1112.7,93515.3774,1
1788458400000,84.004,84.266,83.817,84.17,10103.0,1010.3,84914.6437,1
1788459300000,84.171,84.171,83.836,83.836,28625.0,2862.5,240732.8527,1
1788460200000,83.864,84.144,83.718,84.133,14900.0,1490.0,124884.965,1
1788461100000,84.128,84.533,84.06,84.467,15744.0,1574.4,132816.5949,1
1788462000000,84.453,84.798,84.24,84.246,71748.0,7174.8,605599.1512,1
1788462900000,84.256,84.892,84.256,84.885,20453.0,2045.3,173235.1399,1
1788463800000,84.893,86.108,84.878,85.913,176796.0,17679.6,1514584.5782,1
1788464700000,85.9,85.979,85.287,85.792,134751.0,13475.1,1156072.2131,1
1788465600000,85.811,86.4,85.447,85.95,77929.0,7792.9,670656.5449,1
1788466500000,85.95,86.017,85.187,85.767,39787.0,3978.7,340768.4686,1
1788467400000,85.818,85.853,85.372,85.412,93639.0,9363.9,801014.311,1
1788468300000,85.406,85.528,85.219,85.295,12520.0,1252.0,106913.6038,1
1788469200000,85.309,85.554,85.211,85.512,15290.0,1529.0,130675.4132,1
1788470100000,85.508,85.554,85.235,85.483,2494.0,249.4,21302.7618,1
1788471000000,85.495,85.646,85.216,85.238,43080.0,4308.0,368315.0313,1
1788471900000,85.238,85.542,85.026,85.37,28047.0,2804.7,238973.0045,1
1788472800000,85.395,85.64,85.232,85.34,42071.0,4207.1,359264.712,1
1788473700000,85.34,85.594,85.269,85.482,4656.0,465.6,39771.3122,1
1788474600000,85.461,85.845,85.277,85.776,48454.0,4845.4,414081.4654,1
1788475500000,85.776,86.069,85.608,85.83,23512.0,2351.2,201664.4826,1
1788476400000,85.825,86.246,85.766,86.183,23992.0,2399.2,206410.851,1
1788477300000,86.18,87.23,86.174,87.06,141371.0,14137.1,1226966.4361,1
1788478200000,87.069,88.119,86.776,87.758,106583.0,10658.3,932370.8033,1
1788479100000,87.741,88.163,87.209,87.464,54112.0,5411.2,474367.1754,1
1788480000000,87.449,87.873,87.264,87.873,30643.0,3064.3,268371.7018,1
1788480900000,87.789,87.789,86.791,86.92,24362.0,2436.2,212791.5267,1
1788481800000,86.93,87.371,86.93,87.07,103869.0,10386.9,904999.1028,1
1788482700000,87.071,87.071,86.481,86.481,29265.0,2926.5,253712.0189,1
1788483600000,86.506,86.992,86.506,86.793,100102.0,10010.2,868953.96,1
1788484500000,86.818,87.039,86.705,86.843,100408.0,10040.8,871917.628,1
1788485400000,86.844,86.918,86.415,86.787,15664.0,1566.4,135801.0699,1
1788486300000,86.779,87.4,86.757,87.185,14951.0,1495.1,130353.2487,1
1788487200000,87.235,87.256,86.869,87.16,10880.0,1088.0,94688.2931,1
1788488100000,87.172,87.566,87.172,87.232,17457.0,1745.7,152523.5194,1
1788489000000,87.272,87.399,86.801,86.801,37065.0,3706.5,322423.1541,1
1788489900000,86.801,87.073,86.7,87.029,6378.0,637.8,55409.3488,1
1788490800000,87.006,87.255,87.001,87.069,4024.0,402.4,35058.3401,1
1788491700000,87.058,87.115,86.825,87.115,10436.0,1043.6,90735.7482,1
1788492600000,87.121,87.411,87.121,87.243,5924.0,592.4,51711.1659,1
1788493500000,87.249,87.4,87.045,87.219,8477.0,847.7,73957.1406,1
1788494400000,87.183,87.183,86.934,87.003,11567.0,1156.7,100662.2225,1
1788495300000,86.995,87.2,86.903,87.198,9090.0,909.0,79091.8287,1
1788496200000,87.166,87.297,86.778,86.779,10907.0,1090.7,94886.3511,1
1788497100000,86.766,86.789,86.392,86.428,18510.0,1851.0,160254.039,1
1788498000000,86.406,86.592,86.295,86.378,33142.0,3314.2,286537.4166,1
1788498900000,86.377,86.637,86.227,86.231,20299.0,2029.9,175180.4323,1
1788499800000,86.232,86.238,85.97,86.084,15309.0,1530.9,131794.1628,1
1788500700000,86.12,86.272,85.667,86.187,12886.0,1288.6,110835.4097,1
1788501600000,86.193,86.195,85.867,85.92,13911.0,1391.1,119563.8127,1
1788502500000,85.911,85.931,85.679,85.719,26724.0,2672.4,229255.2981,1
1788503400000,85.709,86.134,85.682,86.107,6015.0,601.5,51641.0215,1
1788504300000,86.11,86.11,85.882,86.012,9208.0,920.8,79139.6061,1
1788505200000,86.01,86.293,86.002,86.184,5834.0,583.4,50265.4368,1
1788506100000,86.142,86.278,85.846,86.263,5237.0,523.7,45035.8126,1
1788507000000,86.244,86.499,86.17,86.499,11184.0,1118.4,96581.0124,1
1788507900000,86.485,86.657,86.224,86.294,9776.0,977.6,84421.5874,1
1788508800000,86.28,86.332,85.679,86.081,38966.0,3896.6,335530.0487,1
1788509700000,86.091,86.16,85.916,86.057,13311.0,1331.1,114494.1583,1
1788510600000,86.053,86.216,85.857,86.072,10030.0,1003.0,86325.0965,1
1788511500000,86.072,86.934,85.964,86.868,16782.0,1678.2,145240.2167,1
1788512400000,86.895,86.985,86.675,86.786,10175.0,1017.5,88344.1683,1
1788513300000,86.778,87.103,86.5,86.53,11864.0,1186.4,103022.4451,1
1788514200000,86.536,86.934,86.5,86.82,10644.0,1064.4,92420.6032,1
1788515100000,86.827,86.921,86.506,86.915,12307.0,1230.7,106634.5282,1
1788516000000,86.933,87.246,86.51,86.611,15530.0,1553.0,134911.2412,1
1788516900000,86.597,86.923,86.5,86.919,5138.0,513.8,44516.3275,1
1788517800000,86.932,86.932,86.687,86.741,13554.0,1355.4,117614.242,1
1788518700000,86.745,87.079,86.73,87.024,10516.0,1051.6,91464.0747,1
1788519600000,87.027,87.034,86.853,86.896,5029.0,502.9,43736.6744,1
1788520500000,86.896,87.144,86.858,87.08,12092.0,1209.2,105177.8065,1
1788521400000,87.064,87.124,86.896,87.05,2922.0,292.2,25426.6949,1
1788522300000,87.032,87.237,86.972,87.236,10014.0,1001.4,87277.1156,1
1788523200000,87.235,87.399,86.817,87.104,12836.0,1283.6,111693.8518,1
1788524100000,87.103,87.366,86.968,87.156,8241.0,824.1,71746.9222,1
1788525000000,87.046,87.085,85.134,85.392,233205.0,23320.5,1998954.7827,1
1788525900000,85.341,85.64,84.623,85.516,138321.0,13832.1,1176702.9075,1
1788526800000,85.504,85.825,84.996,85.043,63678.0,6367.8,543228.3667,1
1788527700000,85.096,85.667,85.016,85.411,28498.0,2849.8,243328.0344,1
1788528600000,85.442,85.929,84.725,85.338,49246.0,4924.6,419936.9484,1
1788529500000,85.346,85.883,85.031,85.05,44527.0,4452.7,381078.2421,1
1788530400000,85.049,85.38,84.828,85.014,26367.0,2636.7,224293.5514,1
1788531300000,85.014,85.063,84.121,84.7,85239.0,8523.9,719414.0937,1
1788532200000,84.721,84.741,83.8,83.951,68729.0,6872.9,578082.9495,1
1788533100000,83.93,84.102,83.544,83.724,41216.0,4121.6,345637.961,1
1788534000000,83.711,84.379,83.543,84.357,15648.0,1564.8,131465.0083,1
1788534900000,84.394,84.684,84.279,84.612,19558.0,1955.8,165258.1483,1
1788535800000,84.585,84.65,84.185,84.573,11723.0,1172.3,99062.6411,1
1788536700000,84.571,84.797,84.39,84.718,8563.0,856.3,72395.1972,1
1788537600000,84.688,84.799,84.54,84.581,7035.0,703.5,59566.7472,1
1788538500000,84.602,84.906,84.566,84.879,12467.0,1246.7,105616.8759,1
1788539400000,84.878,85.4,84.813,85.164,18895.0,1889.5,161001.9855,1
1788540300000,85.164,85.4,85.014,85.071,26018.0,2601.8,221641.8684,1
1788541200000,85.085,85.516,84.866,85.226,19897.0,1989.7,169437.0299,1
1788542100000,85.244,85.275,85.029,85.103,19724.0,1972.4,168016.9327,1
1788543000000,85.118,85.34,85.0,85.067,15869.0,1586.9,135078.6215,1
1788543900000,85.036,85.082,84.882,84.955,12542.0,1254.2,106567.5455,1
1788544800000,84.974,85.139,84.731,84.739,14166.0,1416.6,120293.1333,1
1788545700000,84.752,85.36,84.752,85.036,3337.0,333.7,28392.4962,1
1788546600000,85.052,85.348,84.98,85.323,12470.0,1247.0,106131.5076,1
1788547500000,85.283,85.286,85.09,85.115,17270.0,1727.0,147049.5427,1
1788548400000,85.138,85.397,85.121,85.15,5500.0,550.0,46872.6361,1
1788549300000,85.149,85.176,84.982,85.049,1177.0,117.7,10012.3453,1
1788550200000,85.031,85.14,84.867,84.911,10258.0,1025.8,87194.7501,1
1788551100000,84.93,85.044,84.831,84.855,146552.0,14655.2,1244533.2586,1
1788552000000,84.853,85.072,84.819,84.829,24505.0,2450.5,208189.2088,1
1788552900000,84.804,84.896,84.563,84.658,39059.0,3905.9,330794.1629,1
1788553800000,84.665,85.119,84.656,84.797,5076.0,507.6,43060.0004,1
1788554700000,84.788,84.817,84.276,84.312,9774.0,977.4,82552.4404,1
1788555600000,84.312,84.346,84.058,84.096,7741.0,774.1,65127.3374,1
1788556500000,84.1,84.334,84.096,84.27,34073.0,3407.3,286995.356,1
1788557400000,84.285,84.324,84.107,84.301,2921.0,292.1,24597.5507,1
1788558300000,84.303,84.365,83.601,83.883,19225.0,1922.5,161269.0391,1
1788559200000,83.875,84.067,83.875,83.955,8142.0,814.2,68390.1973,1
1788560100000,83.935,84.167,83.805,84.167,7690.0,769.0,64584.2468,1
1788561000000,84.167,84.222,83.943,84.049,3420.0,342.0,28763.4931,1
1788561900000,84.058,84.069,83.797,83.844,1676.0,167.6,14058.432,1
1788562800000,83.817,84.209,83.817,84.179,10252.0,1025.2,86285.4058,1
1788563700000,84.179,84.451,84.179,84.409,9730.0,973.0,82080.2215,1
1788564600000,84.417,84.523,84.372,84.492,2855.0,285.5,24100.5511,1
1788565500000,84.495,84.495,84.366,84.392,1553.0,155.3,13114.6334,1
1788566400000,84.411,84.418,84.263,84.345,2166.0,216.6,18269.6776,1
1788567300000,84.343,84.626,84.343,84.53,18384.0,1838.4,155372.7039,1
1788568200000,84.534,84.534,84.335,84.407,3180.0,318.0,26842.5753,1
1788569100000,84.409,84.567,84.263,84.323,1571.0,157.1,13260.7915,1
1788570000000,84.323,84.358,84.084,84.152,4599.0,459.9,38743.9351,1
1788570900000,84.167,84.275,84.039,84.268,7901.0,790.1,66498.2019,1
1788571800000,84.28,84.392,84.159,84.227,6588.0,658.8,55526.8104,1
1788572700000,84.227,84.227,84.002,84.031,3997.0,399.7,33622.0849,1
1788573600000,84.057,84.214,83.972,84.132,1371.0,137.1,11522.4983,1
1788574500000,84.128,84.164,84.06,84.06,1860.0,186.0,15639.3999,1
1788575400000,84.06,84.228,84.04,84.166,1271.0,127.1,10688.9558,1
1788576300000,84.166,84.166,84.032,84.096,720.0,72.0,6053.1353,1
1788577200000,84.097,84.177,83.863,83.876,1526.0,152.6,12818.8612,1
1788578100000,83.869,84.036,83.787,83.989,4788.0,478.8,40162.5541,1
1788579000000,83.968,84.1,83.918,84.098,1008.0,100.8,8469.8619,1
1788579900000,84.137,84.175,83.91,83.946,17709.0,1770.9,148941.8615,1
1788580800000,83.932,83.944,83.741,83.741,2429.0,242.9,20356.911,1
1788581700000,83.775,83.92,83.743,83.904,646.0,64.6,5415.6481,1
1788582600000,83.92,84.003,83.877,83.958,11637.0,1163.7,97693.0352,1
1788583500000,83.958,84.054,83.757,83.972,6457.0,645.7,54219.6098,1
1788584400000,83.96,84.005,83.726,83.92,1693.0,169.3,14195.3706,1
1788585300000,83.92,83.951,83.768,83.945,1504.0,150.4,12615.0763,1
1788586200000,84.014,84.212,84.004,84.061,5209.0,520.9,43800.8016,1
1788587100000,84.04,84.296,83.894,84.145,3174.0,317.4,26708.8785,1
1788588000000,84.156,84.156,83.974,84.036,12295.0,1229.5,103358.3429,1
1788588900000,84.036,84.056,83.936,83.947,1999.0,199.9,16793.1844,1
1788589800000,83.948,84.222,83.948,84.13,6487.0,648.7,54546.2948,1
1788590700000,84.126,84.334,84.045,84.321,17829.0,1782.9,149914.0895,1
1788591600000,84.246,84.4,84.223,84.341,15772.0,1577.2,132978.0184,1
1788592500000,84.386,84.519,84.373,84.461,8137.0,813.7,68737.2661,1
1788593400000,84.458,84.674,84.432,84.66,23621.0,2362.1,199874.1591,1
1788594300000,84.62,84.697,84.461,84.522,11159.0,1115.9,94324.042,1
1788595200000,84.522,84.701,84.489,84.592,10562.0,1056.2,89287.658,1
1788596100000,84.59,84.714,84.355,84.537,9523.0,952.3,80418.0542,1
1788597000000,84.537,84.597,84.402,84.503,2934.0,293.4,24791.186,1
1788597900000,84.483,84.746,84.461,84.746,1311.0,131.1,11088.8179,1
1788598800000,84.744,84.864,84.678,84.679,2065.0,206.5,17505.9376,1
1788599700000,84.672,84.843,84.618,84.781,4842.0,484.2,40988.5309,1
1788600600000,84.78,84.78,84.662,84.743,5702.0,570.2,48288.1959,1
1788601500000,84.744,84.86,84.715,84.845,14621.0,1462.1,123946.8633,1
1788602400000,84.829,84.852,84.7,84.7,3755.0,375.5,31843.345,1
1788603300000,84.684,84.719,84.563,84.653,7245.0,724.5,61348.8945,1
1788604200000,84.675,84.825,84.658,84.748,4136.0,413.6,35051.2624,1
1788605100000,84.739,84.751,84.574,84.574,11436.0,1143.6,96843.2793,1
1788606000000,84.597,84.784,84.584,84.73,4744.0,474.4,40140.633,1
1788606900000,84.73,84.91,84.632,84.901,2927.0,292.7,24826.018,1
1788607800000,84.892,84.971,84.763,84.934,5088.0,508.8,43170.6926,1
1788608700000,84.94,85.012,84.831,84.831,4624.0,462.4,39285.2882,1
1788609600000,84.833,84.893,84.74,84.74,4048.0,404.8,34328.3247,1
1788610500000,84.733,85.152,84.733,85.07,3013.0,301.3,25592.8342,1
1788611400000,85.064,85.081,84.867,84.867,8107.0,810.7,68857.0412,1
1788612300000,84.867,85.213,84.86,85.171,3748.0,374.8,31878.0142,1
1788613200000,85.171,85.321,85.002,85.179,5120.0,512.0,43600.8199,1
1788614100000,85.185,85.642,85.147,85.451,10760.0,1076.0,92013.6003,1
1788615000000,85.451,85.693,85.287,85.379,5973.0,597.3,51015.3144,1
1788615900000,85.403,85.593,85.12,85.12,12206.0,1220.6,104141.6267,1
1788616800000,85.122,85.392,85.074,85.294,6502.0,650.2,55396.0885,1
1788617700000,85.317,85.348,85.074,85.082,7757.0,775.7,66113.6569,1
1788618600000,85.089,85.277,85.062,85.106,3820.0,382.0,32522.8304,1
1788619500000,85.113,85.295,85.07,85.194,5380.0,538.0,45807.4222,1
1788620400000,85.138,85.339,85.082,85.223,2384.0,238.4,20302.8151,1
1788621300000,85.198,85.238,85.016,85.068,3072.0,307.2,26140.7853,1
1788622200000,85.072,85.553,85.031,85.426,7457.0,745.7,63661.5619,1
1788623100000,85.426,85.514,85.273,85.364,10276.0,1027.6,87752.707,1
1788624000000,85.364,85.606,85.316,85.595,8077.0,807.7,69037.1999,1
1788624900000,85.596,85.667,85.461,85.512,67801.0,6780.1,580006.0465,1
1788625800000,85.511,85.934,85.511,85.839,80524.0,8052.4,690869.5451,1
1788626700000,85.828,86.128,85.708,85.996,23621.0,2362.1,203041.9084,1
1788627600000,85.996,86.103,85.839,85.855,6548.0,654.8,56265.1487,1
1788628500000,85.844,85.86,85.5,85.565,8863.0,886.3,75875.6403,1
1788629400000,85.565,85.716,85.366,85.492,39779.0,3977.9,340248.9804,1
1788630300000,85.482,85.666,85.392,85.666,6967.0,696.7,59563.493,1
1788631200000,85.666,85.738,85.522,85.647,9664.0,966.4,82758.0483,1
1788632100000,85.632,85.726,85.511,85.528,13532.0,1353.2,115806.5581,1
1788633000000,85.511,85.647,85.456,85.504,6848.0,684.8,58570.7179,1
1788633900000,85.496,85.793,85.496,85.787,8291.0,829.1,71009.7053,1
1788634800000,85.777,86.004,85.735,86.004,81753.0,8175.3,702926.8197,1
1788635700000,86.001,86.047,85.802,85.821,15635.0,1563.5,134427.9292,1
1788636600000,85.83,85.899,85.466,85.568,50892.0,5089.2,435560.8296,1
1788637500000,85.572,85.608,85.262,85.334,23017.0,2301.7,196459.6916,1
1788638400000,85.35,85.653,85.2,85.414,20391.0,2039.1,174470.3636,1
1788639300000,85.409,85.44,85.207,85.274,8050.0,805.0,68716.9257,1
1788640200000,85.278,85.513,85.219,85.513,6502.0,650.2,55485.7283,1
1788641100000,85.516,85.556,85.2,85.215,3958.0,395.8,33795.7248,1
1788642000000,85.238,85.393,85.189,85.278,4266.0,426.6,36373.4062,1
1788642900000,85.278,85.701,85.278,85.69,3912.0,391.2,33450.9443,1
1788643800000,85.694,85.92,85.677,85.754,12517.0,1251.7,107423.1253,1
1788644700000,85.787,85.788,85.483,85.495,37469.0,3746.9,320716.2066,1
1788645600000,85.546,85.662,85.451,85.58,17054.0,1705.4,145881.2753,1
1788646500000,85.552,85.715,85.353,85.459,47076.0,4707.6,402342.998,1
1788647400000,85.459,85.52,85.335,85.338,702.0,70.2,5997.7365,1
1788648300000,85.339,85.369,85.234,85.323,5299.0,529.9,45201.6867,1
1788649200000,85.331,85.369,85.225,85.225,2069.0,206.9,17648.1808,1
1788650100000,85.225,85.308,85.167,85.207,6312.0,631.2,53790.6985,1
1788651000000,85.207,85.423,85.11,85.185,6804.0,680.4,57950.221,1
1788651900000,85.194,85.451,85.167,85.369,5277.0,527.7,45045.7944,1
1788652800000,85.365,85.499,85.287,85.47,11093.0,1109.3,94749.7916,1
1788653700000,85.482,85.507,85.35,85.49,1530.0,153.0,13073.0389,1
1788654600000,85.477,85.582,85.31,85.41,2348.0,234.8,20069.8251,1
1788655500000,85.408,85.539,85.294,85.376,3275.0,327.5,27985.1924,1
1788656400000,85.419,86.267,85.36,86.252,41000.0,4100.0,352212.6542,1
1788657300000,86.253,86.369,85.935,85.988,17522.0,1752.2,151043.9231,1
1788658200000,85.981,86.234,85.934,86.028,7782.0,778.2,66972.5249,1
1788659100000,86.017,86.017,84.685,85.355,29932.0,2993.2,254629.1453,1
1788660000000,85.388,85.536,85.134,85.461,6425.0,642.5,54839.0848,1
1788660900000,85.433,85.457,85.286,85.377,1928.0,192.8,16455.9891,1
1788661800000,85.393,85.629,85.383,85.596,31483.0,3148.3,269407.5767,1
1788662700000,85.596,85.597,85.395,85.499,1721.0,172.1,14716.3057,1
1788663600000,85.514,85.695,85.514,85.67,2973.0,297.3,25462.3347,1
1788664500000,85.737,85.784,85.581,85.745,2773.0,277.3,23762.5851,1
1788665400000,85.734,86.073,85.731,86.062,32823.0,3282.3,281784.6577,1
1788666300000,86.063,86.063,85.84,85.846,2372.0,237.2,20386.0233,1
1788667200000,85.867,86.2,85.797,86.2,5995.0,599.5,51560.8436,1
1788668100000,86.199,86.394,85.946,86.084,9563.0,956.3,82447.3524,1
1788669000000,86.12,86.363,85.979,86.363,20401.0,2040.1,176023.6566,1
1788669900000,86.354,86.687,86.348,86.611,42887.0,4288.7,371262.384,1
1788670800000,86.67,86.838,86.467,86.709,12742.0,1274.2,110471.2527,1
1788671700000,86.741,86.976,86.673,86.92,19181.0,1918.1,166711.7815,1
1788672600000,86.927,87.239,86.857,87.099,15047.0,1504.7,131058.5105,1
1788673500000,87.14,87.14,86.695,86.758,10602.0,1060.2,92004.0844,1
1788674400000,86.767,86.769,86.267,86.374,20807.0,2080.7,179752.0358,1
1788675300000,86.382,86.576,86.348,86.556,6356.0,635.6,54970.9441,1
1788676200000,86.523,86.666,86.177,86.261,7968.0,796.8,68827.3602,1
1788677100000,86.265,86.449,86.171,86.27,3247.0,324.7,28018.0564,1
1788678000000,86.266,86.478,85.97,86.085,33604.0,3360.4,289574.9535,1
1788678900000,86.063,86.359,85.858,85.864,12505.0,1250.5,107642.2809,1
1788679800000,85.848,86.279,85.831,86.259,5719.0,571.9,49242.0639,1
1788680700000,86.26,86.701,86.15,86.545,24016.0,2401.6,207635.3847,1
1788681600000,86.569,86.998,86.453,86.958,30459.0,3045.9,264300.1898,1
1788682500000,86.947,87.1,86.561,86.59,34561.0,3456.1,300561.3096,1
1788683400000,86.592,86.652,86.44,86.534,15837.0,1583.7,136987.0461,1
1788684300000,86.56,86.656,86.37,86.648,6140.0,614.0,53068.3509,1
1788685200000,86.651,86.946,86.651,86.9,25331.0,2533.1,219667.7081,1
1788686100000,86.859,87.347,86.802,87.298,23925.0,2392.5,208564.1755,1
1788687000000,87.281,87.639,87.272,87.515,20175.0,2017.5,176523.1377,1
1788687900000,87.515,87.851,87.366,87.809,23597.0,2359.7,206874.2612,1
1788688800000,87.815,87.998,87.585,87.585,16383.0,1638.3,143784.2204,1
1788689700000,87.578,87.871,87.533,87.777,6771.0,677.1,59376.9393,1
1788690600000,87.777,87.777,87.568,87.759,5015.0,501.5,43981.0421,1
1788691500000,87.742,87.963,87.66,87.866,14564.0,1456.4,127893.6848,1
1788692400000,87.864,87.894,87.583,87.78,5667.0,566.7,49737.8136,1
1788693300000,87.725,88.745,87.689,88.395,49868.0,4986.8,440483.7019,1
1788694200000,88.397,88.616,88.066,88.195,46170.0,4617.0,407957.5664,1
1788695100000,88.184,88.533,88.172,88.531,11511.0,1151.1,101710.9356,1
1788696000000,88.532,88.81,88.137,88.81,37102.0,3710.2,327886.9993,1
1788696900000,88.81,89.653,88.695,89.558,76748.0,7674.8,683578.3506,1
1788697800000,89.571,89.612,88.932,88.97,20530.0,2053.0,183165.318,1
1788698700000,88.984,89.376,88.981,89.17,24511.0,2451.1,218477.5593,1
1788699600000,89.171,89.399,89.03,89.128,27167.0,2716.7,242580.4283,1
1788700500000,89.137,89.309,88.761,88.808,31542.0,3154.2,280362.1577,1
1788701400000,88.826,89.255,88.505,89.205,21306.0,2130.6,189377.9351,1
1788702300000,89.191,89.494,89.124,89.421,35359.0,3535.9,316066.714,1
1788703200000,89.42,89.499,89.036,89.12,51133.0,5113.3,456254.2305,1
1788704100000,89.127,89.28,88.387,88.698,26202.0,2620.2,232304.6133,1
1788705000000,88.708,89.101,88.104,88.987,35214.0,3521.4,311770.9211,1
1788705900000,88.959,89.321,88.599,88.984,22530.0,2253.0,200856.2088,1
1788706800000,89.0,89.128,88.4,89.126,18764.0,1876.4,166515.3531,1
1788707700000,89.133,89.5,88.915,88.992,15743.0,1574.3,140486.3027,1
1788708600000,88.947,89.091,88.603,88.794,15538.0,1553.8,137939.4206,1
1788709500000,88.773,88.827,88.333,88.421,20686.0,2068.6,182965.0297,1
1788710400000,88.463,88.491,88.049,88.297,20608.0,2060.8,181793.1035,1
1788711300000,88.287,88.419,88.04,88.168,10200.0,1020.0,89944.6646,1
1788712200000,88.194,88.486,87.313,87.988,21143.0,2114.3,185785.8404,1
1788713100000,87.94,88.326,87.736,88.032,13587.0,1358.7,119634.8835,1
1788714000000,88.046,88.046,87.605,87.743,4920.0,492.0,43186.9953,1
1788714900000,87.726,88.066,87.649,87.757,13656.0,1365.6,120121.3439,1
1788715800000,87.723,88.145,87.601,87.847,9822.0,982.2,86294.2911,1
1788716700000,87.828,88.324,87.797,88.142,6521.0,652.1,57388.1879,1
1788717600000,88.169,88.246,87.78,87.781,13614.0,1361.4,119924.0415,1
1788718500000,87.781,88.014,87.72,87.945,17250.0,1725.0,151620.6451,1
1788719400000,87.952,88.125,87.84,88.054,18128.0,1812.8,159412.5715,1
1788720300000,88.057,88.057,87.469,87.665,23923.0,2392.3,209750.3992,1
1788721200000,87.665,87.762,87.236,87.454,35375.0,3537.5,309302.9899,1
1788722100000,87.456,87.526,87.118,87.416,26156.0,2615.6,228414.9491,1
1788723000000,87.421,87.498,87.236,87.317,3675.0,367.5,32098.3325,1
1788723900000,87.35,87.491,87.251,87.251,9038.0,903.8,79015.1958,1
1788724800000,87.285,87.338,87.16,87.2,5709.0,570.9,49797.4217,1
1788725700000,87.2,87.539,87.052,87.53,18826.0,1882.6,164298.2952,1
1788726600000,87.528,87.834,87.508,87.823,52127.0,5212.7,457215.6634,1
1788727500000,87.863,88.24,87.638,88.159,15193.0,1519.3,133432.8048,1
1788728400000,88.169,88.41,88.003,88.104,26606.0,2660.6,234761.5132,1
1788729300000,88.098,88.268,87.8,87.8,5416.0,541.6,47690.5283,1
1788730200000,87.8,88.02,87.749,87.993,6201.0,620.1,54498.6768,1
1788731100000,87.994,88.152,87.573,87.739,6051.0,605.1,53059.3329,1
1788732000000,87.78,87.844,86.68,86.822,37545.0,3754.5,326315.6293,1
1788732900000,86.825,86.999,86.695,86.904,11964.0,1196.4,103841.3354,1
1788733800000,86.909,87.262,86.909,87.224,5735.0,573.5,49960.7934,1
1788734700000,87.203,87.447,87.171,87.415,5713.0,571.3,49889.1194,1
1788735600000,87.38,87.993,87.301,87.93,19392.0,1939.2,170024.4155,1
1788736500000,87.912,87.993,87.743,87.782,6878.0,687.8,60441.7387,1
1788737400000,87.765,88.036,87.655,87.733,10348.0,1034.8,90824.2141,1
1788738300000,87.751,88.012,87.676,87.975,8926.0,892.6,78463.216,1
1788739200000,87.987,88.092,87.816,88.0,6095.0,609.5,53610.0601,1
1788740100000,87.99,88.021,87.631,87.708,5554.0,555.4,48735.2239,1
1788741000000,87.724,87.897,87.673,87.788,9583.0,958.3,84095.0776,1
1788741900000,87.792,87.877,87.474,87.675,12782.0,1278.2,112010.8041,1
1788742800000,87.661,87.729,87.07,87.081,4286.0,428.6,37426.8714,1
1788743700000,87.089,87.303,87.001,87.242,5506.0,550.6,47981.2265,1
1788744600000,87.219,87.297,86.463,86.584,35058.0,3505.8,303894.6484,1
1788745500000,86.584,86.87,86.497,86.804,10276.0,1027.6,89010.967,1
1788746400000,86.788,86.845,86.521,86.831,5723.0,572.3,49625.4158,1
1788747300000,86.827,87.136,86.827,87.094,8175.0,817.5,71086.0842,1
1788748200000,87.094,87.708,86.99,87.527,19401.0,1940.1,169765.9145,1
1788749100000,87.532,87.577,86.925,86.984,6481.0,648.1,56589.1252,1
1788750000000,86.968,86.968,86.083,86.372,64599.0,6459.9,558153.8456,1
1788750900000,86.377,86.497,86.275,86.296,3114.0,311.4,26904.7847,1
1788751800000,86.3,86.424,86.165,86.18,6974.0,697.4,60133.3691,1
1788752700000,86.212,86.419,86.212,86.276,7863.0,786.3,67868.4254,1
1788753600000,86.284,86.322,86.065,86.203,11090.0,1109.0,95530.939,1
1788754500000,86.181,86.384,86.18,86.206,2396.0,239.6,20667.5605,1
1788755400000,86.192,86.277,86.146,86.277,2226.0,222.6,19192.9927,1
1788756300000,86.276,86.35,86.106,86.246,4621.0,462.1,39854.0648,1
1788757200000,86.233,86.524,86.177,86.5,5254.0,525.4,45397.525,1
1788758100000,86.476,86.807,86.476,86.665,2415.0,241.5,20932.4294,1
1788759000000,86.664,86.766,86.615,86.736,4535.0,453.5,39315.7273,1
1788759900000,86.717,86.793,86.564,86.594,12288.0,1228.8,106511.0338,1
1788760800000,86.575,86.894,86.562,86.846,4194.0,419.4,36375.4035,1
1788761700000,86.84,86.96,86.675,86.79,2708.0,270.8,23502.8999,1
1788762600000,86.782,86.921,86.754,86.778,4234.0,423.4,36753.7795,1
1788763500000,86.754,86.928,86.754,86.895,3362.0,336.2,29209.0192,1
1788764400000,86.888,86.999,86.777,86.777,9300.0,930.0,80827.3348,1
1788765300000,86.784,86.992,86.597,86.616,10629.0,1062.9,92241.7206,1
1788766200000,86.611,86.822,86.07,86.232,49425.0,4942.5,426880.2947,1
1788767100000,86.252,86.48,86.195,86.365,11669.0,1166.9,100739.8379,1
1788768000000,86.365,86.619,86.318,86.496,2339.0,233.9,20240.7697,1
1788768900000,86.505,86.66,86.445,86.571,10105.0,1010.5,87504.3042,1
1788769800000,86.581,86.774,86.538,86.708,976.0,97.6,8458.0397,1
1788770700000,86.718,86.878,86.671,86.859,5947.0,594.7,51623.0455,1
1788771600000,86.864,87.218,86.788,87.195,14029.0,1402.9,122103.4034,1
1788772500000,87.175,87.5,87.02,87.431,33645.0,3364.5,294016.6851,1
1788773400000,87.423,87.437,87.125,87.361,2938.0,293.8,25632.6114,1
1788774300000,87.354,87.492,87.139,87.227,2870.0,287.0,25038.1075,1
1788775200000,87.234,87.543,87.232,87.312,12514.0,1251.4,109317.6392,1
1788776100000,87.315,87.784,87.315,87.66,18082.0,1808.2,158394.3343,1
1788777000000,87.658,87.658,87.538,87.609,1317.0,131.7,11538.5428,1
1788777900000,87.609,87.871,87.585,87.791,3945.0,394.5,34611.6396,1
1788778800000,87.785,87.956,87.672,87.955,7235.0,723.5,63545.7252,1
1788779700000,87.955,87.961,87.805,87.831,4107.0,410.7,36083.5163,1
1788780600000,87.831,87.983,87.718,87.723,6332.0,633.2,55608.4387,1
1788781500000,87.739,87.823,87.533,87.823,6218.0,621.8,54491.3815,1
1788782400000,87.823,88.206,87.807,88.096,13414.0,1341.4,118115.2784,1
1788783300000,88.105,88.344,88.105,88.256,14401.0,1440.1,127073.0258,1
1788784200000,88.256,88.31,87.98,87.995,12936.0,1293.6,113962.989,1
1788785100000,87.98,88.187,87.952,88.099,11091.0,1109.1,97586.3449,1
1788786000000,88.09,88.29,87.881,88.06,3425.0,342.5,30152.8489,1
1788786900000,88.059,88.1,87.906,87.959,3355.0,335.5,29513.577,1
1788787800000,87.96,87.969,87.363,87.833,20350.0,2035.0,178355.3494,1
1788788700000,87.809,87.931,87.47,87.555,13749.0,1374.9,120429.633,1
1788789600000,87.464,87.769,87.138,87.304,41730.0,4173.0,364032.2429,1
1788790500000,87.292,87.295,86.426,86.649,55991.0,5599.1,486951.4196,1
1788791400000,86.667,86.733,86.39,86.457,7279.0,727.9,62946.2154,1
1788792300000,86.424,86.953,86.39,86.803,16123.0,1612.3,139925.3806,1
1788793200000,86.785,86.785,86.199,86.209,36880.0,3688.0,318403.7607,1
1788794100000,86.207,86.309,85.408,85.474,43087.0,4308.7,369917.1876,1
1788795000000,85.46,85.463,84.72,85.199,75332.0,7533.2,640287.2239,1
1788795900000,85.154,85.399,84.81,85.116,35512.0,3551.2,302240.2038,1
1788796800000,85.131,85.69,85.101,85.547,27707.0,2770.7,236534.6587,1
1788797700000,85.687,85.687,85.204,85.385,27339.0,2733.9,233311.7055,1
1788798600000,85.377,85.634,85.316,85.503,7742.0,774.2,66184.281,1
1788799500000,85.497,85.554,85.328,85.41,9181.0,918.1,78446.4536,1
1788800400000,85.433,85.623,85.278,85.623,5413.0,541.3,46209.302,1
1788801300000,85.618,85.657,85.458,85.507,7757.0,775.7,66382.0431,1
1788802200000,85.494,85.512,85.092,85.178,12530.0,1253.0,106796.9135,1
1788803100000,85.168,85.324,84.968,84.996,5795.0,579.5,49376.3701,1
1788804000000,84.994,85.301,84.867,85.082,66238.0,6623.8,563660.0902,1
1788804900000,85.082,85.158,84.945,84.989,19779.0,1977.9,168292.1497,1
1788805800000,85.004,85.16,84.867,85.139,6897.0,689.7,58641.3524,1
1788806700000,85.142,85.317,85.052,85.052,10249.0,1024.9,87224.9735,1
1788807600000,85.052,85.064,84.832,84.913,13988.0,1398.8,118746.3828,1
1788808500000,84.913,85.276,84.874,85.196,37850.0,3785.0,322309.2299,1
1788809400000,85.201,85.476,85.129,85.475,48551.0,4855.1,414404.5936,1
1788810300000,85.475,85.649,85.416,85.649,10918.0,1091.8,93337.0706,1
1788811200000,85.649,85.702,85.337,85.452,9913.0,991.3,84761.2091,1
1788812100000,85.449,85.537,85.334,85.368,16182.0,1618.2,138272.4114,1
1788813000000,85.368,85.45,85.334,85.335,7683.0,768.3,65603.3185,1
1788813900000,85.335,85.387,85.278,85.293,1651.0,165.1,14087.8406,1
1788814800000,85.297,85.39,85.173,85.296,2984.0,298.4,25446.9688,1
1788815700000,85.319,85.424,85.231,85.372,7544.0,754.4,64404.9922,1
1788816600000,85.372,85.391,85.263,85.288,602.0,60.2,5136.3493,1
1788817500000,85.283,85.304,85.168,85.206,3410.0,341.0,29063.5693,1
1788818400000,85.206,85.324,85.083,85.171,3010.0,301.0,25629.4563,1
1788819300000,85.171,85.209,84.982,85.019,14536.0,1453.6,123589.716,1
1788820200000,84.989,85.099,84.543,84.838,11295.0,1129.5,95724.8769,1
1788821100000,84.851,85.087,84.837,85.077,4519.0,451.9,38404.7941,1
1788822000000,85.073,85.47,85.073,85.391,9393.0,939.3,80138.8377,1
1788822900000,85.374,85.394,85.068,85.137,5212.0,521.2,44411.9714,1
1788823800000,85.137,85.19,85.044,85.135,1444.0,144.4,12289.0414,1
1788824700000,85.134,85.275,85.126,85.155,3865.0,386.5,32932.7377,1
1788825600000,85.15,85.269,85.038,85.095,906.0,90.6,7714.3342,1
1788826500000,85.095,85.122,84.75,84.761,7238.0,723.8,61467.2325,1
1788827400000,84.761,85.053,84.738,84.931,4084.0,408.4,34691.6384,1
1788828300000,84.914,85.257,84.668,85.255,7117.0,711.7,60450.7844,1
1788829200000,85.235,85.235,85.005,85.038,2587.0,258.7,22006.8251,1
1788830100000,85.038,85.349,84.918,85.298,11153.0,1115.3,95072.6136,1
1788831000000,85.284,85.37,85.144,85.334,10294.0,1029.4,87771.8197,1
1788831900000,85.339,85.446,85.27,85.388,1488.0,148.8,12697.77,1
1788832800000,85.385,85.385,85.0,85.061,6532.0,653.2,55627.3091,1
1788833700000,85.061,85.479,85.061,85.099,5043.0,504.3,42967.1063,1
1788834600000,85.103,85.103,84.434,84.555,34718.0,3471.8,293951.9087,1
1788835500000,84.555,84.632,84.145,84.16,10782.0,1078.2,90883.1285,1
1788836400000,84.163,84.277,84.001,84.023,10837.0,1083.7,91193.151,1
1788837300000,84.0,84.117,83.83,83.891,11108.0,1110.8,93281.943,1
1788838200000,83.864,84.106,83.864,84.049,4134.0,413.4,34731.298,1
1788839100000,84.049,84.114,83.96,84.096,1075.0,107.5,9035.3489,1
1788840000000,84.096,84.157,83.918,83.983,1497.0,149.7,12580.341,1
1788840900000,83.983,84.287,83.901,84.262,2856.0,285.6,24040.403,1
1788841800000,84.271,84.424,84.204,84.36,42273.0,4227.3,356513.4051,1
1788842700000,84.36,84.413,84.208,84.27,1805.0,180.5,15220.3185,1
1788843600000,84.27,84.445,84.188,84.335,1947.0,194.7,16424.102,1
1788844500000,84.316,84.48,84.277,84.343,2047.0,204.7,17269.4048,1
1788845400000,84.34,84.454,84.124,84.173,7537.0,753.7,63546.8298,1
1788846300000,84.174,84.309,84.114,84.128,4603.0,460.3,38742.4519,1
1788847200000,84.108,84.299,84.089,84.263,1730.0,173.0,14565.6469,1
1788848100000,84.263,84.297,83.905,84.011,6819.0,681.9,57338.0097,1
1788849000000,84.008,84.042,83.229,83.549,64182.0,6418.2,536030.2922,1
1788849900000,83.549,83.967,83.539,83.879,5392.0,539.2,45139.3472,1
1788850800000,83.881,83.984,83.839,83.916,8432.0,843.2,70770.6352,1
1788851700000,83.916,84.229,83.813,84.186,43877.0,4387.7,368882.072,1
1788852600000,84.149,84.321,84.043,84.051,9395.0,939.5,79097.8631,1
1788853500000,84.044,84.166,83.827,84.139,18540.0,1854.0,155843.7252,1
1788854400000,84.106,84.106,83.789,84.013,8722.0,872.2,73262.764,1
1788855300000,84.027,84.108,83.766,84.06,5797.0,579.7,48690.2979,1
1788856200000,84.05,84.315,83.993,84.305,9496.0,949.6,79916.7388,1
1788857100000,84.298,84.4,84.04,84.055,29546.0,2954.6,249129.9643,1
1788858000000,84.049,84.155,83.945,84.147,1073.0,107.3,9020.1797,1
1788858900000,84.147,84.16,83.955,84.007,56979.0,5697.9,479266.0265,1
1788859800000,84.007,84.411,83.985,84.369,3505.0,350.5,29555.1573,1
1788860700000,84.359,84.457,84.279,84.357,2969.0,296.9,25042.0338,1
1788861600000,84.357,84.383,84.144,84.303,2826.0,282.6,23810.7008,1
1788862500000,84.294,84.575,84.294,84.303,4632.0,463.2,39109.5634,1
1788863400000,84.303,84.303,83.873,83.912,8019.0,801.9,67404.0761,1
1788864300000,83.939,83.96,83.692,83.698,20540.0,2054.0,172198.9142,1
1788865200000,83.712,83.763,83.439,83.462,8029.0,802.9,67086.4825,1
1788866100000,83.482,83.618,83.446,83.454,6419.0,641.9,53647.5118,1
1788867000000,83.454,83.455,83.054,83.405,9696.0,969.6,80706.2556,1
1788867900000,83.423,83.423,82.964,83.19,42786.0,4278.6,355417.5664,1
1788868800000,83.176,83.176,82.7,82.72,54999.0,5499.9,455859.3396,1
1788869700000,82.751,83.108,82.668,83.108,20182.0,2018.2,167250.6501,1
1788870600000,83.121,83.28,83.009,83.095,19647.0,1964.7,163421.4222,1
1788871500000,83.095,83.326,83.0,83.275,8976.0,897.6,74669.7507,1
1788872400000,83.289,83.348,83.128,83.139,24343.0,2434.3,202700.4587,1
1788873300000,83.135,83.18,82.756,82.825,9345.0,934.5,77457.8492,1
1788874200000,82.83,82.866,81.572,82.184,199624.0,19962.4,1639059.4712,1
1788875100000,82.174,82.944,82.03,82.656,168564.0,16856.4,1388322.1384,1
1788876000000,82.637,83.044,82.4,82.909,94507.0,9450.7,781391.0622,1
1788876900000,82.921,83.562,82.921,83.562,74805.0,7480.5,622878.1365,1
1788877800000,83.55,83.712,83.379,83.478,53559.0,5355.9,447337.3276,1
1788878700000,83.468,83.895,83.468,83.607,18297.0,1829.7,153075.6259,1
1788879600000,83.583,83.889,83.583,83.878,31587.0,3158.7,264398.8574,1
1788880500000,83.878,83.915,83.483,83.557,18517.0,1851.7,154991.0086,1
1788881400000,83.57,83.948,83.542,83.913,14991.0,1499.1,125510.4488,1
1788882300000,83.913,84.077,83.833,83.921,79624.0,7962.4,669070.4896,1
1788883200000,83.915,83.979,83.661,83.689,7194.0,719.4,60267.9222,1
1788884100000,83.691,83.765,83.545,83.718,9826.0,982.6,82170.7957,1
1788885000000,83.719,84.495,83.719,84.305,70544.0,7054.4,594598.6377,1
1788885900000,84.339,84.722,84.078,84.212,64367.0,6436.7,543654.3976,1
1788886800000,84.206,84.369,84.0,84.123,10809.0,1080.9,90883.3292,1
1788887700000,84.126,84.222,83.826,83.986,9221.0,922.1,77439.6764,1
1788888600000,83.944,84.02,83.755,83.755,9103.0,910.3,76298.2813,1
1788889500000,83.766,84.032,83.752,83.856,3626.0,362.6,30421.1907,1
1788890400000,83.842,84.282,83.824,84.282,4786.0,478.6,40262.968,1
1788891300000,84.279,84.464,84.111,84.165,19816.0,1981.6,167040.5011,1
1788892200000,84.218,84.481,84.174,84.481,1206.0,120.6,10164.0123,1
1788893100000,84.481,84.481,83.873,84.333,49711.0,4971.1,418382.6506,1
1788894000000,84.333,84.559,84.286,84.487,19666.0,1966.6,165976.2514,1
1788894900000,84.523,84.594,84.317,84.443,16005.0,1600.5,135239.152,1
1788895800000,84.443,84.467,84.161,84.194,10683.0,1068.3,90021.6017,1
1788896700000,84.194,84.235,84.009,84.153,8000.0,800.0,67306.7799,1
1788897600000,84.152,84.473,84.124,84.473,9843.0,984.3,83052.6219,1
1788898500000,84.473,84.473,84.208,84.296,1644.0,164.4,13862.5421,1
1788899400000,84.296,84.403,84.073,84.402,4120.0,412.0,34707.903,1
1788900300000,84.402,84.402,84.17,84.205,1737.0,173.7,14639.0573,1
1788901200000,84.226,84.513,84.218,84.445,8792.0,879.2,74259.856,1
1788902100000,84.454,84.498,84.326,84.353,13686.0,1368.6,115517.1916,1
1788903000000,84.348,84.463,84.244,84.424,10173.0,1017.3,85762.3326,1
1788903900000,84.41,84.426,84.217,84.351,3879.0,387.9,32705.7166,1
1788904800000,84.358,84.809,84.358,84.774,22108.0,2210.8,187010.6484,1
1788905700000,84.813,84.841,84.598,84.752,39893.0,3989.3,338175.3311,1
1788906600000,84.752,84.831,84.642,84.795,20215.0,2021.5,171231.7758,1
1788907500000,84.8,84.947,84.8,84.947,9306.0,930.6,78950.5643,1
1788908400000,84.948,84.979,84.716,84.772,29878.0,2987.8,253587.0083,1
1788909300000,84.772,84.998,84.64,84.974,15536.0,1553.6,131619.5302,1
1788910200000,84.974,84.999,84.908,84.964,2466.0,246.6,20953.303,1
1788911100000,84.964,85.137,84.964,85.137,5953.0,595.3,50613.7172,1
1788912000000,85.135,85.481,85.067,85.474,27770.0,2777.0,236818.5012,1
1788912900000,85.48,85.505,85.391,85.504,9039.0,903.9,77242.5881,1
1788913800000,85.504,85.661,85.348,85.652,26465.0,2646.5,226357.8543,1
1788914700000,85.662,85.797,85.574,85.653,43016.0,4301.6,368609.0397,1
1788915600000,85.662,85.816,85.524,85.767,2946.0,294.6,25253.2717,1
1788916500000,85.792,85.792,85.421,85.47,5655.0,565.5,48384.9994,1
1788917400000,85.459,85.483,85.155,85.469,7514.0,751.4,64102.1987,1
1788918300000,85.458,85.754,85.347,85.56,8230.0,823.0,70417.2265,1
1788919200000,85.56,85.606,85.378,85.378,2398.0,239.8,20496.045,1
1788920100000,85.378,85.748,85.252,85.716,13059.0,1305.9,111686.8482,1
1788921000000,85.716,85.89,85.598,85.89,18876.0,1887.6,161858.2328,1
1788921900000,85.87,85.942,85.596,85.612,15380.0,1538.0,131835.1329,1
1788922800000,85.637,85.681,85.291,85.291,8225.0,822.5,70272.1968,1
1788923700000,85.316,85.406,85.127,85.188,2995.0,299.5,25524.6098,1
1788924600000,85.188,85.295,85.047,85.095,5121.0,512.1,43577.5798,1
1788925500000,85.085,85.242,85.017,85.207,2404.0,240.4,20459.5656,1
1788926400000,85.207,85.6,85.207,85.568,7980.0,798.0,68176.642,1
1788927300000,85.57,85.731,85.377,85.658,1939.0,193.9,16590.1027,1
1788928200000,85.638,85.886,85.574,85.876,8122.0,812.2,69617.8503,1
1788929100000,85.872,86.121,85.789,86.121,5499.0,549.9,47294.3721,1
1788930000000,86.122,86.155,85.923,86.143,7548.0,754.8,64947.9758,1
1788930900000,86.143,86.161,85.896,85.947,26144.0,2614.4,224774.4838,1
1788931800000,85.958,86.004,85.557,85.572,17191.0,1719.1,147400.5352,1
1788932700000,85.569,85.827,85.469,85.637,3761.0,376.1,32219.6184,1
1788933600000,85.626,86.165,85.626,86.164,8603.0,860.3,73978.1056,1
1788934500000,86.164,86.646,86.134,86.405,127745.0,12774.5,1104717.8597,1
1788935400000,86.416,86.599,86.395,86.597,5290.0,529.0,45749.1477,1
1788936300000,86.582,86.733,86.51,86.72,10424.0,1042.4,90317.1004,1
1788937200000,86.732,86.819,86.574,86.753,6621.0,662.1,57391.9799,1
1788938100000,86.727,86.845,86.596,86.783,3734.0,373.4,32388.323,1
1788939000000,86.798,86.848,86.573,86.806,12293.0,1229.3,106630.1764,1
1788939900000,86.814,86.883,86.635,86.862,4765.0,476.5,41351.4329,1
1788940800000,86.883,86.975,86.509,86.528,14238.0,1423.8,123630.7693,1
1788941700000,86.5,86.722,86.427,86.636,17378.0,1737.8,150467.1036,1
1788942600000,86.636,86.636,86.217,86.258,10528.0,1052.8,90983.8132,1
1788943500000,86.241,86.595,86.241,86.568,5001.0,500.1,43239.7745,1
1788944400000,86.55,86.61,86.42,86.474,6687.0,668.7,57836.2915,1
1788945300000,86.485,86.54,86.426,86.471,4293.0,429.3,37118.1296,1
1788946200000,86.471,86.507,85.98,85.982,9541.0,954.1,82323.1685,1
1788947100000,85.982,85.982,85.606,85.66,6173.0,617.3,52971.2156,1
1788948000000,85.658,85.836,85.541,85.75,6080.0,608.0,52083.6887,1
1788948900000,85.733,85.915,85.587,85.879,4127.0,412.7,35430.1337,1
1788949800000,85.847,86.094,85.824,85.848,7266.0,726.6,62474.3323,1
1788950700000,85.87,86.173,85.757,86.161,8109.0,810.9,69773.155,1
1788951600000,86.161,86.185,85.626,85.703,22766.0,2276.6,195321.125,1
1788952500000,85.706,86.115,85.517,86.011,22479.0,2247.9,192813.5094,1
1788953400000,86.008,86.064,85.697,85.835,5313.0,531.3,45647.7826,1
1788954300000,85.835,86.312,85.835,86.31,8142.0,814.2,70154.9571,1
1788955200000,86.302,86.71,86.225,86.62,22670.0,2267.0,195947.2786,1
1788956100000,86.694,86.911,86.595,86.715,8330.0,833.0,72243.0404,1
1788957000000,86.718,86.972,86.71,86.803,10320.0,1032.0,89669.6062,1
1788957900000,86.803,86.965,86.69,86.752,10473.0,1047.3,90915.9723,1
1788958800000,86.745,86.836,86.276,86.594,27272.0,2727.2,236002.1277,1
1788959700000,86.577,86.69,86.445,86.667,24123.0,2412.3,208976.0424,1
1788960600000,86.667,86.667,85.815,86.06,37435.0,3743.5,322064.571,1
1788961500000,86.118,86.59,86.06,86.485,16655.0,1665.5,143878.7543,1
1788962400000,86.514,86.585,86.021,86.174,8752.0,875.2,75410.2324,1
1788963300000,86.164,86.492,85.997,86.397,8286.0,828.6,71455.6536,1
1788964200000,86.394,86.574,86.103,86.124,28885.0,2888.5,249859.7241,1
1788965100000,86.139,86.307,85.842,86.029,43474.0,4347.4,374313.0839,1
1788966000000,86.08,86.395,85.041,85.383,52835.0,5283.5,451772.0842,1
1788966900000,85.37,85.52,83.828,84.744,99147.0,9914.7,839090.6665,1
1788967800000,84.744,85.116,84.594,84.899,17250.0,1725.0,146314.1404,1
1788968700000,84.902,85.134,84.898,85.008,16816.0,1681.6,142989.5741,1
1788969600000,85.025,85.4,84.77,85.18,5631.0,563.1,47891.0812,1
1788970500000,85.178,85.178,84.717,85.067,7053.0,705.3,59930.7449,1
1788971400000,85.079,85.766,85.079,85.617,12562.0,1256.2,107352.4028,1
1788972300000,85.613,85.646,85.397,85.637,6042.0,604.2,51651.1248,1
1788973200000,85.663,85.795,85.459,85.666,6877.0,687.7,58869.4319,1
1788974100000,85.677,86.859,85.609,86.71,21572.0,2157.2,186443.5967,1
1788975000000,86.715,86.846,86.469,86.61,21916.0,2191.6,189900.3211,1
1788975900000,86.618,86.982,86.531,86.966,18000.0,1800.0,156127.3333,1
1788976800000,86.969,87.005,86.382,86.46,11980.0,1198.0,103880.0425,1
1788977700000,86.481,86.689,86.473,86.537,10810.0,1081.0,93580.3108,1
1788978600000,86.533,86.652,86.222,86.27,10611.0,1061.1,91646.5191,1
1788979500000,86.28,86.285,85.934,85.942,9800.0,980.0,84292.6855,1
1788980400000,85.941,86.013,85.701,85.888,5734.0,573.4,49209.3985,1
1788981300000,85.932,86.241,85.731,85.731,60928.0,6092.8,524273.7529,1
1788982200000,85.754,85.806,85.223,85.226,61268.0,6126.8,523184.3645,1
1788983100000,85.232,85.334,84.538,84.805,23264.0,2326.4,197384.8389,1
1788984000000,84.798,84.886,84.549,84.791,13025.0,1302.5,110300.7098,1
1788984900000,84.734,85.096,84.102,84.306,62369.0,6236.9,529365.9243,1
1788985800000,84.306,85.193,84.306,85.006,18140.0,1814.0,154175.8732,1
1788986700000,85.016,85.447,84.773,85.367,41120.0,4112.0,350457.2236,1
1788987600000,85.367,85.499,85.204,85.343,5430.0,543.0,46388.8692,1
1788988500000,85.352,85.426,84.806,84.999,11056.0,1105.6,94096.2835,1
1788989400000,85.037,85.079,84.808,84.886,3928.0,392.8,33366.1923,1
1788990300000,84.867,84.867,84.21,84.359,8283.0,828.3,69958.7679,1
1788991200000,84.351,84.462,83.181,83.181,38767.0,3876.7,324408.2554,1
1788992100000,83.184,83.603,83.068,83.432,28614.0,2861.4,238034.082,1
1788993000000,83.423,83.465,82.834,82.91,14084.0,1408.4,116920.3325,1
1788993900000,82.928,83.05,82.414,82.586,34662.0,3466.2,286375.4923,1
1788994800000,82.563,83.545,82.563,83.369,5561.0,556.1,46283.3437,1
1788995700000,83.392,83.516,83.215,83.433,5935.0,593.5,49454.5052,1
1788996600000,83.433,83.511,83.168,83.24,45464.0,4546.4,379346.3617,1
1788997500000,83.24,83.618,83.172,83.55,23572.0,2357.2,196564.7148,1
1788998400000,83.517,83.636,83.371,83.395,19239.0,1923.9,160624.0121,1
1788999300000,83.382,83.515,83.237,83.374,19893.0,1989.3,165975.1203,1
1789000200000,83.374,83.374,82.844,82.845,11211.0,1121.1,93272.906,1
1789001100000,82.845,83.056,82.68,82.681,6137.0,613.7,50857.7535,1
1789002000000,82.707,83.624,82.707,83.408,11168.0,1116.8,92936.4737,1
1789002900000,83.403,83.431,83.001,83.105,8070.0,807.0,67154.7554,1
1789003800000,83.101,83.187,82.734,83.033,4428.0,442.8,36704.7008,1
1789004700000,83.034,83.199,82.82,83.191,4479.0,447.9,37201.9119,1
1789005600000,83.192,83.379,83.173,83.374,3877.0,387.7,32275.3774,1
1789006500000,83.352,83.451,83.266,83.335,4571.0,457.1,38105.8988,1
1789007400000,83.325,84.067,83.303,84.067,22037.0,2203.7,184228.3034,1
1789008300000,84.051,84.074,83.801,84.001,9890.0,989.0,83026.7675,1
1789009200000,84.001,84.263,84.001,84.101,4716.0,471.6,39689.7285,1
1789010100000,84.11,84.308,84.01,84.285,20840.0,2084.0,175531.788,1
1789011000000,84.287,84.287,83.948,84.079,22357.0,2235.7,187955.0566,1
1789011900000,84.079,84.19,83.919,84.016,4083.0,408.3,34298.4007,1
1789012800000,84.019,84.227,83.972,84.15,6434.0,643.4,54139.8775,1
1789013700000,84.15,84.292,83.979,84.069,840.0,84.0,7065.7343,1
1789014600000,84.04,84.4,84.012,84.271,7884.0,788.4,66458.9573,1
1789015500000,84.272,84.344,84.149,84.203,2568.0,256.8,21629.1633,1
1789016400000,84.213,84.333,83.772,84.333,3289.0,328.9,27599.3638,1
1789017300000,84.333,84.334,83.801,84.016,26640.0,2664.0,223891.0775,1
1789018200000,84.038,84.051,83.75,83.871,9155.0,915.5,76841.1097,1
1789019100000,83.882,84.055,83.811,84.014,4746.0,474.6,39829.6974,1
1789020000000,84.014,84.014,83.501,83.569,10945.0,1094.5,91651.6346,1
1789020900000,83.569,83.593,83.382,83.501,7580.0,758.0,63252.0077,1
1789021800000,83.502,83.84,83.412,83.73,4335.0,433.5,36255.106,1
1789022700000,83.74,83.973,83.74,83.821,4087.0,408.7,34282.581,1
1789023600000,83.821,83.821,83.182,83.236,10955.0,1095.5,91462.4714,1
1789024500000,83.215,83.277,83.039,83.042,6302.0,630.2,52397.372,1
1789025400000,83.027,83.054,82.765,82.945,16114.0,1611.4,133528.6633,1
1789026300000,82.946,83.265,82.931,83.257,8677.0,867.7,72098.2921,1
1789027200000,83.257,83.315,83.001,83.023,6745.0,674.5,56100.0197,1
1789028100000,83.023,83.381,82.931,83.381,9815.0,981.5,81670.3904,1
1789029000000,83.381,83.381,83.075,83.123,9272.0,927.2,77147.5253,1
1789029900000,83.123,83.176,83.0,83.001,15507.0,1550.7,128820.0569,1
1789030800000,83.012,83.355,83.0,83.151,11395.0,1139.5,94746.7508,1
1789031700000,83.159,83.406,83.087,83.38,21570.0,2157.0,179740.1041,1
1789032600000,83.406,83.406,82.61,82.823,30180.0,3018.0,249828.4978,1
1789033500000,82.823,82.977,82.581,82.826,18850.0,1885.0,155961.7607,1
1789034400000,82.828,83.044,82.7,82.964,4188.0,418.8,34692.9775,1
1789035300000,82.952,83.067,82.726,82.773,4045.0,404.5,33488.7951,1
1789036200000,82.75,82.983,82.495,82.902,19969.0,1996.9,165038.4998,1
1789037100000,82.902,82.953,82.664,82.664,15705.0,1570.5,129955.5895,1
1789038000000,82.663,82.736,82.201,82.736,30938.0,3093.8,254728.3738,1
1789038900000,82.723,83.133,82.723,83.133,21514.0,2151.4,178248.7593,1
1789039800000,83.134,83.21,83.056,83.189,3648.0,364.8,30335.99,1
1789040700000,83.19,83.199,82.604,82.816,50564.0,5056.4,419262.3548,1
1789041600000,82.788,82.922,82.492,82.517,14046.0,1404.6,116033.521,1
1789042500000,82.518,82.529,82.104,82.129,11625.0,1162.5,95709.4149,1
1789043400000,82.21,82.457,81.6,81.871,76460.0,7646.0,627287.938,1
1789044300000,81.871,81.94,80.27,80.689,97271.0,9727.1,787072.2196,1
1789045200000,80.679,81.344,80.644,80.891,56201.0,5620.1,455367.3209,1
1789046100000,80.915,81.281,80.878,81.182,26434.0,2643.4,214149.9326,1
1789047000000,81.119,81.287,80.887,81.128,9379.0,937.9,76068.7692,1
1789047900000,81.154,81.381,80.835,81.068,26949.0,2694.9,218693.3078,1
1789048800000,81.055,81.46,80.617,80.715,38612.0,3861.2,312915.1341,1
1789049700000,80.715,81.303,80.39,81.076,8714.0,871.4,70405.4602,1
1789050600000,81.1,81.329,80.99,81.157,37638.0,3763.8,305392.578,1
1789051500000,81.099,81.371,80.818,81.269,6696.0,669.6,54301.4165,1
1789052400000,81.259,81.259,80.763,81.064,17135.0,1713.5,138853.4154,1
1789053300000,81.078,81.103,80.544,80.625,4074.0,407.4,32923.1353,1
1789054200000,80.639,81.032,80.605,80.605,9086.0,908.6,73499.6926,1
1789055100000,80.607,80.73,80.428,80.669,14904.0,1490.4,120186.1264,1
1789056000000,80.665,80.866,79.758,79.898,98550.0,9855.0,790142.6065,1
1789056900000,79.897,79.898,78.764,79.121,66286.0,6628.6,524510.4439,1
1789057800000,79.065,79.486,78.73,79.476,18362.0,1836.2,145339.1461,1
1789058700000,79.489,80.0,79.489,80.0,5702.0,570.2,45512.2292,1
1789059600000,79.985,80.453,79.86,80.329,32264.0,3226.4,258252.734,1
1789060500000,80.338,80.438,80.137,80.419,16734.0,1673.4,134315.0304,1
1789061400000,80.419,80.799,80.344,80.577,13393.0,1339.3,108049.4203,1
1789062300000,80.574,80.599,80.16,80.254,16364.0,1636.4,131573.5363,1
1789063200000,80.245,80.262,79.762,79.794,14240.0,1424.0,113912.2807,1
1789064100000,79.778,80.0,79.626,79.842,12526.0,1252.6,99904.2301,1
1789065000000,79.831,80.321,79.705,80.285,11378.0,1137.8,90905.5373,1
1789065900000,80.292,80.997,80.097,80.867,70885.0,7088.5,572721.5626,1
1789066800000,80.896,80.896,80.305,80.463,8519.0,851.9,68540.1141,1
1789067700000,80.463,80.474,80.23,80.322,10754.0,1075.4,86452.593,1
1789068600000,80.342,80.648,80.068,80.469,64367.0,6436.7,518483.4103,1
1789069500000,80.437,80.497,79.935,80.147,75085.0,7508.5,601763.9714,1
1789070400000,80.169,80.442,80.169,80.442,32290.0,3229.0,259224.3264,1
1789071300000,80.473,80.713,80.465,80.649,4418.0,441.8,35600.7955,1
1789072200000,80.649,80.656,80.405,80.461,3279.0,327.9,26395.5086,1
1789073100000,80.453,80.517,80.313,80.399,2495.0,249.5,20074.4486,1
1789074000000,80.399,80.599,80.341,80.469,5103.0,510.3,41051.2754,1
1789074900000,80.469,80.51,80.314,80.42,6732.0,673.2,54084.8265,1
1789075800000,80.401,80.416,80.129,80.28,6970.0,697.0,55896.2569,1
1789076700000,80.28,80.391,80.136,80.155,2578.0,257.8,20701.2521,1
1789077600000,80.135,80.366,80.101,80.306,5550.0,555.0,44549.9071,1
1789078500000,80.306,80.408,80.271,80.271,7856.0,785.6,63106.0471,1
1789079400000,80.271,80.271,79.726,79.787,12975.0,1297.5,103617.0578,1
1789080300000,79.787,79.927,79.385,79.432,17780.0,1778.0,141475.0094,1
1789081200000,79.464,79.602,78.999,78.999,49550.0,4955.0,392292.9823,1
1789082100000,79.045,79.307,79.038,79.116,7557.0,755.7,59835.1091,1
1789083000000,79.133,79.348,79.086,79.106,6269.0,626.9,49652.3472,1
1789083900000,79.141,79.176,78.189,78.537,73964.0,7396.4,579189.3269,1
1789084800000,78.555,79.101,78.497,78.916,56179.0,5617.9,443764.3766,1
1789085700000,78.916,79.083,78.646,79.083,12591.0,1259.1,99392.6728,1
1789086600000,79.074,79.2,78.856,78.997,6541.0,654.1,51704.7778,1
1789087500000,78.979,79.2,78.834,79.2,5325.0,532.5,42100.2003,1
1789088400000,79.2,79.5,79.177,79.341,12532.0,1253.2,99506.8655,1
1789089300000,79.332,79.463,78.861,78.881,3560.0,356.0,28163.8244,1
1789090200000,78.873,79.066,78.603,78.916,3606.0,360.6,28416.7341,1
1789091100000,78.984,79.196,78.833,79.151,1369.0,136.9,10821.7262,1
1789092000000,79.151,79.198,78.794,79.19,4215.0,421.5,33308.6741,1
1789092900000,79.188,79.188,78.478,78.557,3548.0,354.8,27913.6729,1
1789093800000,78.581,78.949,78.401,78.508,3653.0,365.3,28698.8763,1
1789094700000,78.509,78.775,78.484,78.639,3805.0,380.5,29925.4523,1
1789095600000,78.639,78.731,78.182,78.727,3806.0,380.6,29856.4271,1
1789096500000,78.733,78.755,78.47,78.68,9616.0,961.6,75561.1619,1
1789097400000,78.653,78.765,78.37,78.765,1944.0,194.4,15278.3549,1
1789098300000,78.765,78.773,78.63,78.738,1608.0,160.8,12653.1813,1
1789099200000,78.738,79.012,78.671,79.008,5264.0,526.4,41517.4949,1
1789100100000,78.992,79.456,78.877,79.386,9220.0,922.0,72971.6658,1
1789101000000,79.407,79.46,79.277,79.384,3055.0,305.5,24254.7064,1
1789101900000,79.397,79.5,79.265,79.269,33670.0,3367.0,267620.5859,1
1789102800000,79.269,79.666,79.201,79.652,19641.0,1964.1,156128.2185,1
1789103700000,79.666,79.705,79.46,79.487,2728.0,272.8,21722.1556,1
1789104600000,79.476,79.787,79.448,79.78,3526.0,352.6,28072.4444,1
1789105500000,79.765,79.81,79.717,79.789,1704.0,170.4,13593.3488,1
1789106400000,79.808,79.941,79.765,79.902,2932.0,293.2,23418.4708,1
1789107300000,79.891,79.941,79.577,79.668,4740.0,474.0,37800.8072,1
1789108200000,79.66,79.723,79.488,79.723,1614.0,161.4,12844.5199,1
1789109100000,79.733,79.999,79.729,79.992,24672.0,2467.2,197065.6903,1
1789110000000,79.973,80.116,79.965,79.982,4839.0,483.9,38735.1496,1
1789110900000,80.003,80.386,79.976,80.178,3309.0,330.9,26545.1695,1
1789111800000,80.178,80.178,80.011,80.015,4899.0,489.9,39243.4478,1
1789112700000,80.015,80.058,79.801,79.82,82198.0,8219.8,657073.8731,1
1789113600000,79.846,79.854,79.63,79.748,9487.0,948.7,75691.7303,1
1789114500000,79.748,80.219,79.748,80.19,4950.0,495.0,39622.2855,1
1789115400000,80.195,80.332,80.187,80.248,4345.0,434.5,34892.783,1
1789116300000,80.248,80.32,80.198,80.305,1989.0,198.9,15966.6362,1
1789117200000,80.305,80.305,80.063,80.065,1374.0,137.4,11012.2154,1
1789118100000,80.064,80.066,79.82,79.826,1009.0,100.9,8067.7918,1
1789119000000,79.82,79.843,79.197,79.265,7975.0,797.5,63404.0257,1
1789119900000,79.284,79.595,79.262,79.49,8578.0,857.8,68156.3297,1
1789120800000,79.483,79.706,79.325,79.434,6623.0,662.3,52726.7141,1
1789121700000,79.447,79.582,79.3,79.394,6268.0,626.8,49798.694,1
1789122600000,79.388,79.42,79.181,79.194,2324.0,232.4,18423.8078,1
1789123500000,79.196,79.295,79.072,79.091,1266.0,126.6,10023.4348,1
1789124400000,79.067,79.145,78.556,78.67,10919.0,1091.9,86135.1121,1
1789125300000,78.665,78.982,78.654,78.902,2069.0,206.9,16313.2885,1
1789126200000,78.932,79.199,78.853,79.199,47055.0,4705.5,371558.9799,1
1789127100000,79.182,79.267,79.106,79.232,6016.0,601.6,47658.9755,1
1789128000000,79.214,79.393,78.835,79.063,22977.0,2297.7,181838.2918,1
1789128900000,79.051,79.541,78.681,79.423,21651.0,2165.1,171069.4804,1
1789129800000,79.496,81.724,78.625,81.279,97082.0,9708.2,780975.8837,1
1789130700000,81.243,82.165,81.219,81.991,31119.0,3111.9,254547.9017,1
1789131600000,81.991,81.991,81.5,81.628,14113.0,1411.3,115466.4446,1
1789132500000,81.673,81.71,80.941,81.078,52159.0,5215.9,423454.2606,1
1789133400000,81.089,81.687,80.615,81.505,55825.0,5582.5,453550.552,1
1789134300000,81.498,83.458,81.338,83.402,151772.0,15177.2,1252065.5061,1
1789135200000,83.402,83.803,82.484,83.015,41365.0,4136.5,344131.5204,1
1789136100000,83.023,83.551,82.754,83.511,28500.0,2850.0,236958.7648,1
1789137000000,83.49,83.496,82.34,82.534,18528.0,1852.8,153352.5097,1
1789137900000,82.564,83.077,82.297,82.897,7523.0,752.3,62280.0213,1
1789138800000,82.894,82.983,82.529,82.592,36534.0,3653.4,302366.9257,1
1789139700000,82.534,83.286,82.527,83.149,9049.0,904.9,75188.0739,1
1789140600000,83.171,83.597,83.122,83.195,21624.0,2162.4,180417.5601,1
1789141500000,83.186,83.372,81.653,81.97,104399.0,10439.9,856078.2362,1
1789142400000,81.933,82.589,81.919,82.222,16466.0,1646.6,135548.7862,1
1789143300000,82.245,82.456,81.297,81.529,58342.0,5834.2,475711.1761,1
1789144200000,81.547,81.666,81.226,81.485,10824.0,1082.4,88128.3214,1
1789145100000,81.51,82.078,81.472,82.018,9537.0,953.7,78160.892,1
1789146000000,82.015,82.074,81.709,81.709,8812.0,881.2,72138.034,1
1789146900000,81.705,82.076,81.667,82.015,2532.0,253.2,20739.8624,1
1789147800000,81.994,82.108,81.549,81.743,9542.0,954.2,78186.2928,1
1789148700000,81.694,81.803,81.4,81.522,17229.0,1722.9,140330.2497,1
1789149600000,81.528,81.64,80.261,80.815,94555.0,9455.5,763670.3015,1
1789150500000,80.815,81.06,80.588,80.871,8660.0,866.0,70097.2734,1
1789151400000,80.858,80.881,80.383,80.448,7192.0,719.2,57910.8339,1
1789152300000,80.459,80.695,79.768,79.902,9038.0,903.8,72389.6934,1
1789153200000,79.894,80.213,79.713,80.129,10594.0,1059.4,84738.1664,1
1789154100000,80.116,80.559,79.869,80.439,5043.0,504.3,40460.5804,1
1789155000000,80.432,80.572,80.247,80.567,3391.0,339.1,27274.7458,1
1789155900000,80.574,80.848,80.524,80.729,7979.0,797.9,64408.4131,1
1789156800000,80.716,81.294,80.716,81.086,8938.0,893.8,72507.7093,1
1789157700000,81.069,81.099,80.604,80.609,7183.0,718.3,58094.5879,1
1789158600000,80.601,80.925,80.456,80.796,4239.0,423.9,34204.278,1
1789159500000,80.787,80.932,80.28,80.6,9984.0,998.4,80381.0941,1
1789160400000,80.599,80.832,80.494,80.705,9135.0,913.5,73750.4833,1
1789161300000,80.726,80.874,80.601,80.601,2655.0,265.5,21435.7462,1
1789162200000,80.601,80.646,80.4,80.432,2334.0,233.4,18785.026,1
1789163100000,80.432,80.432,79.801,79.856,7931.0,793.1,63524.4297,1
1789164000000,79.857,79.999,79.601,79.958,10803.0,1080.3,86174.6482,1
1789164900000,79.958,79.98,79.541,79.541,5401.0,540.1,43099.0978,1
1789165800000,79.542,79.542,79.013,79.222,14237.0,1423.7,112783.102,1
1789166700000,79.219,79.219,78.633,78.948,34602.0,3460.2,273036.0463,1
1789167600000,78.95,79.498,78.881,79.364,5172.0,517.2,41023.4839,1
1789168500000,79.383,79.517,79.085,79.201,4167.0,416.7,33064.6964,1
1789169400000,79.186,79.385,79.128,79.286,4820.0,482.0,38169.5397,1
1789170300000,79.281,79.473,79.28,79.419,1050.0,105.0,8334.896,1
1789171200000,79.419,79.518,79.015,79.087,4624.0,462.4,36685.8524,1
1789172100000,79.076,79.111,78.801,78.846,7328.0,732.8,57882.2379,1
1789173000000,78.846,79.0,78.728,78.791,8656.0,865.6,68211.2742,1
1789173900000,78.791,78.957,78.7,78.747,9618.0,961.8,75786.1635,1
1789174800000,78.747,79.065,78.691,78.939,10193.0,1019.3,80308.0727,1
1789175700000,78.926,78.981,78.69,78.701,4425.0,442.5,34897.016,1
1789176600000,78.701,78.773,78.586,78.69,2485.0,248.5,19541.0988,1
1789177500000,78.715,78.951,78.669,78.711,1637.0,163.7,12896.0483,1
1789178400000,78.711,79.215,78.706,78.951,6048.0,604.8,47812.8873,1
1789179300000,78.971,79.152,78.907,79.006,2057.0,205.7,16267.6843,1
1789180200000,79.0,79.111,78.754,78.754,3690.0,369.0,29125.0859,1
1789181100000,78.754,79.055,78.708,79.052,1884.0,188.4,14847.8584,1
1789182000000,79.044,79.057,78.752,78.855,2331.0,233.1,18385.5988,1
1789182900000,78.85,78.943,78.518,78.731,4184.0,418.4,32917.4657,1
1789183800000,78.731,78.761,78.595,78.761,1679.0,167.9,13211.5914,1
1789184700000,78.762,78.889,78.746,78.862,3549.0,354.9,27981.7152,1
1789185600000,78.86,78.895,78.611,78.751,3163.0,316.3,24912.554,1
1789186500000,78.741,78.846,78.6,78.846,972.0,97.2,7649.5801,1
1789187400000,78.856,78.871,78.61,78.61,6655.0,665.5,52406.0185,1
1789188300000,78.61,78.61,78.441,78.489,3521.0,352.1,27638.3903,1
1789189200000,78.489,78.631,78.443,78.593,4285.0,428.5,33631.4514,1
1789190100000,78.593,78.696,78.352,78.372,2759.0,275.9,21664.2545,1
1789191000000,78.355,78.713,78.35,78.649,1584.0,158.4,12454.3272,1
1789191900000,78.649,78.755,78.552,78.579,1422.0,142.2,11183.8621,1
1789192800000,78.579,78.6,78.446,78.565,1290.0,129.0,10128.359,1
1789193700000,78.565,78.728,78.556,78.67,3623.0,362.3,28484.6389,1
1789194600000,78.657,78.874,78.657,78.827,2491.0,249.1,19629.872,1
1789195500000,78.827,78.896,78.703,78.758,2620.0,262.0,20636.62,1
1789196400000,78.769,78.963,78.729,78.911,2673.0,267.3,21085.2618,1
1789197300000,78.911,78.983,78.834,78.95,1595.0,159.5,12588.0401,1
1789198200000,78.934,79.06,78.93,79.024,2509.0,250.9,19811.1577,1
1789199100000,79.053,79.067,78.974,79.05,1127.0,112.7,8906.0491,1
1789200000000,79.062,79.182,78.927,79.018,2550.0,255.0,20164.1244,1
1789200900000,79.018,79.2,79.015,79.178,951.0,95.1,7523.9809,1
1789201800000,79.176,79.317,79.048,79.281,2326.0,232.6,18420.2592,1
1789202700000,79.286,79.409,79.226,79.365,1764.0,176.4,13993.2146,1
1789203600000,79.362,79.432,79.313,79.403,843.0,84.3,6690.3331,1
1789204500000,79.408,79.437,79.252,79.282,16160.0,1616.0,128169.0086,1
1789205400000,79.316,79.418,79.216,79.333,8607.0,860.7,68286.7232,1
1789206300000,79.303,79.437,79.21,79.436,3218.0,321.8,25518.6015,1
1789207200000,79.436,79.767,79.436,79.647,6749.0,674.9,53688.8533,1
1789208100000,79.647,79.9,79.561,79.768,21744.0,2174.4,173172.4359,1
1789209000000,79.778,79.813,79.647,79.795,1065.0,106.5,8493.4518,1
1789209900000,79.79,79.824,79.618,79.807,2006.0,200.6,15998.6014,1
1789210800000,79.807,79.896,79.619,79.771,3524.0,352.4,28086.2516,1
1789211700000,79.78,79.983,79.662,79.98,7670.0,767.0,61259.972,1
1789212600000,79.964,80.388,79.9,80.364,10220.0,1022.0,81925.6942,1
1789213500000,80.358,80.358,80.182,80.235,5121.0,512.1,41093.2383,1
1789214400000,80.235,80.288,80.014,80.16,21826.0,2182.6,174976.427,1
1789215300000,80.151,80.206,79.967,80.146,4785.0,478.5,38327.1374,1
1789216200000,80.146,80.405,80.146,80.302,8085.0,808.5,64955.4601,1
1789217100000,80.302,80.344,80.163,80.27,5232.0,523.2,41954.689,1
1789218000000,80.27,80.448,80.101,80.101,4718.0,471.8,37900.8766,1
1789218900000,80.101,80.313,80.049,80.29,5096.0,509.6,40863.327,1
1789219800000,80.29,80.351,80.122,80.194,3769.0,376.9,30242.3367,1
1789220700000,80.194,80.196,80.001,80.151,5672.0,567.2,45429.2018,1
1789221600000,80.151,80.44,80.095,80.214,7886.0,788.6,63264.068,1
1789222500000,80.214,80.437,80.21,80.437,3343.0,334.3,26846.2656,1
1789223400000,80.436,80.47,80.357,80.409,4036.0,403.6,32461.2516,1
1789224300000,80.409,80.435,80.233,80.269,5271.0,527.1,42329.9276,1
1789225200000,80.269,80.445,80.196,80.324,2107.0,210.7,16934.825,1
1789226100000,80.313,80.377,80.215,80.327,2090.0,209.0,16781.1297,1
1789227000000,80.327,80.407,80.15,80.331,3539.0,353.9,28409.6537,1
1789227900000,80.331,80.333,80.06,80.214,2420.0,242.0,19405.3906,1
1789228800000,80.229,80.269,80.082,80.161,955.0,95.5,7655.7789,1
1789229700000,80.15,80.188,80.0,80.085,1147.0,114.7,9183.5257,1
1789230600000,80.085,80.188,80.021,80.021,2539.0,253.9,20349.4529,1
1789231500000,80.02,80.334,80.02,80.283,1144.0,114.4,9177.1104,1
1789232400000,80.293,80.352,80.179,80.246,2689.0,268.9,21585.4827,1
1789233300000,80.261,80.444,80.224,80.444,2878.0,287.8,23133.3579,1
1789234200000,80.444,80.757,80.432,80.754,14196.0,1419.6,114477.8352,1
1789235100000,80.744,80.773,80.42,80.503,7840.0,784.0,63246.8157,1
1789236000000,80.477,80.52,80.188,80.205,8751.0,875.1,70248.3018,1
1789236900000,80.186,80.285,80.075,80.164,7286.0,728.6,58444.6146,1
1789237800000,80.168,80.198,79.915,80.073,7597.0,759.7,60760.5025,1
1789238700000,80.092,80.14,80.024,80.067,1008.0,100.8,8070.1004,1
1789239600000,80.085,80.092,79.873,80.022,5693.0,569.3,45550.1867,1
1789240500000,80.022,80.023,79.663,79.796,15339.0,1533.9,122347.237,1
1789241400000,79.796,79.832,79.374,79.397,38048.0,3804.8,302839.8398,1
1789242300000,79.4,79.668,79.38,79.668,5502.0,550.2,43741.2987,1
1789243200000,79.66,79.95,79.655,79.84,15839.0,1583.9,126473.1712,1
1789244100000,79.84,79.959,79.84,79.951,1662.0,166.2,13279.8311,1
1789245000000,79.931,79.957,79.82,79.925,3125.0,312.5,24958.5347,1
1789245900000,79.889,79.908,79.729,79.758,607.0,60.7,4843.564,1
1789246800000,79.751,79.957,79.631,79.684,2258.0,225.8,18025.4936,1
1789247700000,79.662,79.736,79.603,79.666,1175.0,117.5,9359.8384,1
1789248600000,79.646,79.646,79.57,79.577,650.0,65.0,5174.2817,1
1789249500000,79.535,79.575,79.443,79.518,6378.0,637.8,50702.3059,1
1789250400000,79.507,79.633,79.507,79.56,643.0,64.3,5116.3378,1
1789251300000,79.633,79.786,79.55,79.55,1145.0,114.5,9130.091,1
1789252200000,79.535,79.607,79.418,79.536,1673.0,167.3,13298.5354,1
1789253100000,79.532,79.672,79.529,79.629,594.0,59.4,4729.3843,1
1789254000000,79.629,79.713,79.616,79.713,312.0,31.2,2485.4435,1
1789254900000,79.713,79.761,79.656,79.657,5721.0,572.1,45577.2848,1
1789255800000,79.657,79.835,79.654,79.792,2095.0,209.5,16717.4273,1
1789256700000,79.792,79.832,79.65,79.65,1307.0,130.7,10426.8351,1
1789257600000,79.644,79.653,79.436,79.52,3909.0,390.9,31079.3783,1
1789258500000,79.52,79.52,79.435,79.438,594.0,59.4,4720.7059,1
1789259400000,79.438,79.438,79.096,79.097,10364.0,1036.4,82119.5404,1
1789260300000,79.097,79.242,79.096,79.231,5245.0,524.5,41510.9398,1
1789261200000,79.231,79.443,79.221,79.365,2070.0,207.0,16419.2054,1
1789262100000,79.352,79.497,79.242,79.277,14505.0,1450.5,115210.76,1
1789263000000,79.277,79.421,79.232,79.364,1235.0,123.5,9791.6104,1
1789263900000,79.364,79.447,79.252,79.345,556.0,55.6,4412.1235,1
1789264800000,79.345,79.358,79.156,79.305,8477.0,847.7,67190.1366,1
1789265700000,79.262,79.355,79.227,79.335,4902.0,490.2,38868.9729,1
1789266600000,79.325,79.438,79.27,79.376,344.0,34.4,2729.4886,1
1789267500000,79.376,79.503,79.204,79.204,1357.0,135.7,10770.0067,1
1789268400000,79.204,79.382,79.171,79.274,879.0,87.9,6969.485,1
1789269300000,79.274,79.394,79.174,79.189,6898.0,689.8,54697.6595,1
1789270200000,79.188,79.2,79.038,79.119,16821.0,1682.1,133002.3014,1
1789271100000,79.144,79.147,79.03,79.031,4126.0,412.6,32627.3103,1
1789272000000,79.031,79.202,79.03,79.084,1209.0,120.9,9569.5053,1
1789272900000,79.087,79.192,79.071,79.167,429.0,42.9,3394.875,1
1789273800000,79.167,79.178,79.031,79.032,2994.0,299.4,23695.3937,1
1789274700000,79.051,79.119,78.996,79.114,3930.0,393.0,31053.4792,1
1789275600000,79.127,79.394,79.126,79.361,1018.0,101.8,8069.0065,1
1789276500000,79.361,79.387,79.251,79.286,3757.0,375.7,29817.5168,1
1789277400000,79.286,79.434,79.286,79.363,1212.0,121.2,9620.9375,1
1789278300000,79.363,79.49,79.363,79.406,6136.0,613.6,48742.1783,1
1789279200000,79.406,79.434,79.247,79.283,1494.0,149.4,11857.8156,1
1789280100000,79.283,79.283,79.0,79.095,823.0,82.3,6510.3716,1
1789281000000,79.095,79.095,78.817,78.856,2569.0,256.9,20263.1139,1
1789281900000,78.893,78.893,78.659,78.764,4728.0,472.8,37227.1687,1
1789282800000,78.786,78.907,78.763,78.849,4502.0,450.2,35504.2512,1
1789283700000,78.849,78.898,78.793,78.851,788.0,78.8,6212.9639,1
1789284600000,78.844,78.866,78.569,78.667,10899.0,1089.9,85775.5349,1
1789285500000,78.667,78.67,78.503,78.518,4887.0,488.7,38382.8233,1
1789286400000,78.508,78.586,78.279,78.355,2969.0,296.9,23283.2961,1
1789287300000,78.387,78.483,78.245,78.449,6079.0,607.9,47648.4252,1
1789288200000,78.418,78.445,77.65,77.82,44745.0,4474.5,348457.6607,1
1789289100000,77.825,77.929,77.731,77.813,6321.0,632.1,49207.7482,1
1789290000000,77.845,78.022,77.63,77.64,8470.0,847.0,65939.4558,1
1789290900000,77.64,77.754,77.362,77.403,11620.0,1162.0,90041.355,1
1789291800000,77.401,77.938,77.238,77.876,6909.0,690.9,53597.6191,1
1789292700000,77.888,77.979,77.817,77.946,2913.0,291.3,22686.232,1
1789293600000,77.92,77.947,77.74,77.787,3142.0,314.2,24461.4195,1
1789294500000,77.803,77.815,77.628,77.643,11403.0,1140.3,88613.6748,1
1789295400000,77.643,77.665,77.141,77.261,14956.0,1495.6,115593.1651,1
1789296300000,77.215,77.306,77.054,77.275,5455.0,545.5,42114.485,1
1789297200000,77.272,77.559,77.135,77.135,10551.0,1055.1,81613.43,1
1789298100000,77.138,77.386,77.138,77.356,2705.0,270.5,20901.6496,1
1789299000000,77.365,77.507,77.212,77.47,5034.0,503.4,38953.8472,1
1789299900000,77.462,77.58,77.351,77.498,4483.0,448.3,34738.6807,1
1789300800000,77.533,77.533,77.416,77.445,6183.0,618.3,47886.794,1
1789301700000,77.44,77.629,77.44,77.557,1873.0,187.3,14530.5992,1
1789302600000,77.54,77.622,77.346,77.399,6004.0,600.4,46521.8881,1
1789303500000,77.407,77.746,77.319,77.732,6781.0,678.1,52583.0064,1
1789304400000,77.759,77.759,77.546,77.56,2314.0,231.4,17955.6546,1
1789305300000,77.56,77.565,76.64,76.688,32985.0,3298.5,253789.3608,1
1789306200000,76.681,77.477,76.681,77.421,18609.0,1860.9,143374.7708,1
1789307100000,77.442,78.162,77.44,78.012,27248.0,2724.8,212352.0523,1
1789308000000,77.994,78.093,77.917,78.017,24006.0,2400.6,187206.8186,1
1789308900000,78.008,78.457,77.995,78.288,8146.0,814.6,63731.532,1
1789309800000,78.288,78.524,78.236,78.449,5873.0,587.3,46036.6485,1
1789310700000,78.444,78.588,78.379,78.417,9613.0,961.3,75422.6855,1
1789311600000,78.44,78.444,78.038,78.27,15629.0,1562.9,122254.0089,1
1789312500000,78.268,78.341,78.0,78.017,2337.0,233.7,18271.5729,1
1789313400000,78.03,78.241,78.001,78.21,8893.0,889.3,69420.979,1
1789314300000,78.198,78.2,77.91,77.955,904.0,90.4,7057.349,1
1789315200000,77.954,78.597,77.951,78.388,3588.0,358.8,28081.2941,1
1789316100000,78.386,78.492,78.204,78.338,5414.0,541.4,42421.7657,1
1789317000000,78.316,78.393,78.229,78.344,1260.0,126.0,9866.2249,1
1789317900000,78.368,78.464,78.248,78.464,6119.0,611.9,47978.3429,1
1789318800000,78.45,78.751,78.407,78.551,18328.0,1832.8,143995.2669,1
1789319700000,78.551,78.621,78.368,78.368,5878.0,587.8,46133.8126,1
1789320600000,78.368,78.395,78.13,78.323,16782.0,1678.2,131409.1084,1
1789321500000,78.333,78.467,78.317,78.429,4805.0,480.5,37675.8057,1
1789322400000,78.393,78.445,78.245,78.295,2003.0,200.3,15687.0938,1
1789323300000,78.296,78.296,78.219,78.222,3955.0,395.5,30955.4639,1
1789324200000,78.251,78.351,78.215,78.323,15001.0,1500.1,117459.9803,1
1789325100000,78.316,78.424,78.306,78.324,2543.0,254.3,19931.4769,1
1789326000000,78.345,78.626,78.345,78.351,3239.0,323.9,25419.3351,1
1789326900000,78.351,78.351,78.065,78.155,6972.0,697.2,54532.7658,1
1789327800000,78.155,78.208,78.075,78.113,3842.0,384.2,30018.1637,1
1789328700000,78.114,78.139,77.795,78.085,2275.0,227.5,17748.1833,1
1789329600000,78.102,78.4,78.082,78.395,3622.0,362.2,28349.4382,1
1789330500000,78.399,78.682,78.393,78.663,15715.0,1571.5,123432.8831,1
1789331400000,78.663,78.823,78.616,78.758,16236.0,1623.6,127819.34,1
1789332300000,78.758,78.9,78.72,78.89,4569.0,456.9,35993.6545,1
1789333200000,78.899,78.926,78.729,78.803,10696.0,1069.6,84312.9301,1
1789334100000,78.807,78.897,78.689,78.704,12033.0,1203.3,94788.8168,1
1789335000000,78.704,78.769,78.61,78.611,1251.0,125.1,9844.8764,1
1789335900000,78.611,78.74,78.492,78.554,12118.0,1211.8,95203.4052,1
1789336800000,78.554,78.554,77.579,77.609,20363.0,2036.3,158850.6049,1
1789337700000,77.599,77.624,77.0,77.337,29931.0,2993.1,231424.4586,1
1789338600000,77.284,77.392,77.038,77.321,6438.0,643.8,49723.7369,1
1789339500000,77.328,77.599,77.328,77.426,12542.0,1254.2,97173.6424,1
1789340400000,77.461,77.619,77.28,77.338,5311.0,531.1,41080.4857,1
1789341300000,77.323,77.617,77.303,77.433,4258.0,425.8,32973.0965,1
1789342200000,77.449,77.672,77.343,77.393,3893.0,389.3,30181.3605,1
1789343100000,77.36,77.509,77.219,77.294,3187.0,318.7,24661.3819,1
1789344000000,77.291,77.815,77.279,77.435,5627.0,562.7,43603.1686,1
1789344900000,77.435,77.626,77.001,77.145,2521.0,252.1,19488.9762,1
1789345800000,77.147,77.886,77.12,77.87,6600.0,660.0,51144.1891,1
1789346700000,77.857,77.997,77.815,77.817,11132.0,1113.2,86742.574,1
1789347600000,77.817,78.006,77.667,77.751,12318.0,1231.8,95851.5617,1
1789348500000,77.73,77.933,77.517,77.903,6215.0,621.5,48331.6227,1
1789349400000,77.86,77.962,77.515,77.724,16005.0,1600.5,124325.8616,1
1789350300000,77.713,78.316,77.7,78.237,2751.0,275.1,21451.3206,1
1789351200000,78.215,78.466,78.049,78.466,8954.0,895.4,70127.8172,1
1789352100000,78.466,79.17,78.417,78.982,39743.0,3974.3,313055.2059,1
1789353000000,78.973,79.189,78.919,79.136,6271.0,627.1,49556.9586,1
1789353900000,79.127,79.499,79.126,79.381,20671.0,2067.1,164040.2164,1
1789354800000,79.42,79.794,79.318,79.632,15852.0,1585.2,126145.6345,1
1789355700000,79.64,79.94,79.336,79.925,14509.0,1450.9,115702.2314,1
1789356600000,79.927,79.981,79.606,79.671,7734.0,773.4,61705.6804,1
1789357500000,79.674,80.111,79.651,79.885,10538.0,1053.8,84279.5758,1
1789358400000,79.871,80.181,79.844,80.047,3779.0,377.9,30247.6408,1
1789359300000,80.013,80.121,79.829,80.118,4824.0,482.4,38572.7354,1
1789360200000,80.136,80.338,80.093,80.252,7405.0,740.5,59427.6288,1
1789361100000,80.252,80.291,79.974,80.027,1817.0,181.7,14548.6128,1
1789362000000,80.016,80.053,79.844,79.862,6077.0,607.7,48575.2841,1
1789362900000,79.894,79.934,79.541,79.568,4536.0,453.6,36142.6525,1
1789363800000,79.559,79.966,79.501,79.771,14021.0,1402.1,111739.981,1
1789364700000,79.747,79.785,79.425,79.574,13783.0,1378.3,109563.0893,1
1789365600000,79.576,80.12,79.573,79.936,13317.0,1331.7,106423.2318,1
1789366500000,79.966,80.072,79.786,79.796,3215.0,321.5,25697.0796,1
1789367400000,79.791,79.859,79.439,79.792,2958.0,295.8,23571.214,1
1789368300000,79.826,79.939,79.661,79.661,1487.0,148.7,11867.4329,1
1789369200000,79.685,79.945,79.559,79.866,5184.0,518.4,41375.9275,1
1789370100000,79.852,79.989,79.773,79.797,1330.0,133.0,10622.3672,1
1789371000000,79.778,80.168,79.664,80.142,1054.0,105.4,8428.97,1
1789371900000,80.142,80.142,79.8,79.926,3631.0,363.1,29002.6359,1
1789372800000,79.918,79.932,79.661,79.734,14370.0,1437.0,114691.1751,1
1789373700000,79.744,79.995,79.607,79.686,4191.0,419.1,33428.8421,1
1789374600000,79.686,79.811,79.6,79.673,4812.0,481.2,38344.7207,1
1789375500000,79.671,79.799,79.417,79.799,5366.0,536.6,42760.6735,1
1789376400000,79.799,79.916,79.572,79.572,5864.0,586.4,46739.2445,1
1789377300000,79.572,79.734,79.429,79.652,1914.0,191.4,15232.6417,1
1789378200000,79.649,79.767,79.091,79.29,6797.0,679.7,53930.9684,1
1789379100000,79.317,80.316,79.294,80.04,10716.0,1071.6,85780.3789,1
1789380000000,80.013,80.028,79.646,79.776,9054.0,905.4,72309.1441,1
1789380900000,79.775,79.851,79.601,79.651,3372.0,337.2,26896.0547,1
1789381800000,79.656,79.878,79.58,79.845,2206.0,220.6,17580.2372,1
1789382700000,79.85,79.983,79.775,79.812,3753.0,375.3,29963.6756,1
1789383600000,79.812,79.978,79.535,79.898,3017.0,301.7,24071.3872,1
1789384500000,79.898,80.4,79.867,80.339,5189.0,518.9,41642.4411,1
1789385400000,80.326,80.506,80.027,80.23,9252.0,925.2,74230.6548,1
1789386300000,80.24,80.301,79.962,80.117,4342.0,434.2,34792.0963,1
1789387200000,80.117,80.459,80.086,80.459,9046.0,904.6,72731.0319,1
1789388100000,80.458,80.571,80.333,80.564,9278.0,927.8,74683.1201,1
1789389000000,80.573,80.781,80.166,80.366,37138.0,3713.8,299302.9548,1
1789389900000,80.334,80.362,79.689,79.806,14249.0,1424.9,113786.5837,1
1789390800000,79.785,79.823,79.063,79.564,15730.0,1573.0,124887.1922,1
1789391700000,79.566,79.969,79.557,79.728,8624.0,862.4,68755.506,1
1789392600000,79.762,80.506,79.675,80.301,27736.0,2773.6,222356.5307,1
1789393500000,80.256,80.841,80.088,80.26,13466.0,1346.6,108561.4544,1
1789394400000,80.254,80.976,80.254,80.896,16716.0,1671.6,134953.0864,1
1789395300000,80.925,81.038,79.831,80.145,14260.0,1426.0,114792.8535,1
1789396200000,80.145,80.449,79.535,79.682,19585.0,1958.5,156505.1928,1
1789397100000,79.697,79.956,79.501,79.749,15281.0,1528.1,121972.0191,1
1789398000000,79.73,79.767,79.267,79.479,7915.0,791.5,62911.8458,1
1789398900000,79.504,79.731,79.369,79.392,4818.0,481.8,38317.1189,1
1789399800000,79.385,80.273,79.322,80.215,17649.0,1764.9,140678.3512,1
1789400700000,80.24,80.25,79.766,79.859,7503.0,750.3,59991.8686,1
1789401600000,79.859,79.926,79.601,79.791,3603.0,360.3,28737.904,1
1789402500000,79.777,80.781,79.777,80.482,28470.0,2847.0,229200.7657,1
1789403400000,80.491,80.651,80.453,80.651,12730.0,1273.0,102535.3949,1
1789404300000,80.704,80.926,80.474,80.474,7276.0,727.6,58728.8063,1
1789405200000,80.47,80.712,80.447,80.663,10768.0,1076.8,86791.4047,1
1789406100000,80.645,80.963,80.523,80.895,19928.0,1992.8,160858.2211,1
1789407000000,80.895,80.912,80.577,80.867,6707.0,670.7,54156.6066,1
1789407900000,80.863,81.267,80.863,81.264,35147.0,3514.7,285136.7592,1
1789408800000,81.27,81.746,80.974,81.508,19360.0,1936.0,157746.3933,1
1789409700000,81.498,81.772,81.284,81.623,26179.0,2617.9,213837.975,1
1789410600000,81.647,81.88,81.617,81.853,35870.0,3587.0,293504.0228,1
1789411500000,81.853,82.008,81.642,81.642,25578.0,2557.8,209464.7659,1
1789412400000,81.642,81.642,81.25,81.394,12118.0,1211.8,98671.7419,1
1789413300000,81.403,81.575,81.38,81.468,6465.0,646.5,52669.4494,1
1789414200000,81.444,81.486,80.975,81.235,19369.0,1936.9,157295.085,1
1789415100000,81.25,81.293,81.063,81.257,3348.0,334.8,27185.388,1
1789416000000,81.265,82.188,81.11,82.099,23002.0,2300.2,188289.695,1
1789416900000,82.099,82.336,81.948,82.276,27291.0,2729.1,224108.1615,1
1789417800000,82.321,82.497,81.951,81.969,21631.0,2163.1,177932.4677,1
1789418700000,81.985,82.052,81.418,81.434,11075.0,1107.5,90530.1348,1
1789419600000,81.45,81.471,80.562,80.641,25681.0,2568.1,208050.4033,1
1789420500000,80.643,80.991,80.635,80.752,6862.0,686.2,55448.9623,1
1789421400000,80.719,80.841,80.47,80.625,8028.0,802.8,64742.5346,1
1789422300000,80.625,80.7,80.519,80.55,5019.0,501.9,40440.0244,1
1789423200000,80.582,80.647,80.34,80.536,9194.0,919.4,73985.0388,1
1789424100000,80.539,80.565,80.17,80.239,4324.0,432.4,34715.5516,1
1789425000000,80.239,80.329,80.101,80.266,4071.0,407.1,32663.2293,1
1789425900000,80.277,80.277,80.026,80.031,13499.0,1349.9,108120.4798,1
1789426800000,80.026,80.175,79.893,80.08,5573.0,557.3,44605.3908,1
1789427700000,80.071,80.37,80.062,80.193,2054.0,205.4,16479.1823,1
1789428600000,80.181,80.285,80.041,80.271,9443.0,944.3,75638.1944,1
1789429500000,80.264,80.345,80.121,80.335,6160.0,616.0,49429.2351,1
1789430400000,80.332,80.491,80.004,80.453,7233.0,723.3,58130.5001,1
1789431300000,80.455,80.492,80.283,80.309,8071.0,807.1,64926.2631,1
1789432200000,80.3,80.547,80.224,80.258,8508.0,850.8,68350.3339,1
1789433100000,80.257,80.377,80.107,80.159,8765.0,876.5,70266.5944,1
1789434000000,80.153,80.331,79.978,80.071,29471.0,2947.1,236048.263,1
1789434900000,80.065,80.327,79.875,79.926,16435.0,1643.5,131731.0579,1
1789435800000,79.927,80.353,79.903,80.342,2896.0,289.6,23214.5152,1
1789436700000,80.331,80.497,80.199,80.204,6649.0,664.9,53482.931,1
1789437600000,80.236,80.325,80.079,80.152,3032.0,303.2,24326.7994,1
1789438500000,80.16,80.229,80.067,80.131,1633.0,163.3,13089.312,1
1789439400000,80.134,80.39,80.078,80.171,2534.0,253.4,20339.3926,1
1789440300000,80.171,80.225,79.952,79.952,2284.0,228.4,18287.0484,1
1789441200000,79.946,79.946,79.3,79.314,22892.0,2289.2,182254.7661,1
1789442100000,79.352,79.589,79.258,79.525,4828.0,482.8,38345.2798,1
1789443000000,79.535,79.678,79.518,79.555,2432.0,243.2,19362.6241,1
1789443900000,79.569,79.569,79.312,79.466,3052.0,305.2,24255.0668,1
1789444800000,79.466,79.586,79.431,79.481,3420.0,342.0,27201.4908,1
1789445700000,79.481,79.602,79.326,79.453,6808.0,680.8,54071.352,1
1789446600000,79.453,79.531,79.267,79.526,4019.0,401.9,31897.2431,1
1789447500000,79.526,79.534,79.356,79.356,681.0,68.1,5409.1545,1
1789448400000,79.372,79.372,78.863,79.043,11184.0,1118.4,88437.1036,1
1789449300000,79.043,79.106,78.819,78.963,1759.0,175.9,13886.7534,1
1789450200000,78.95,79.191,78.877,79.191,2509.0,250.9,19813.4804,1
1789451100000,79.191,79.799,79.154,79.711,4318.0,431.8,34349.1211,1
1789452000000,79.711,79.976,79.687,79.863,4700.0,470.0,37527.4074,1
1789452900000,79.857,79.857,79.201,79.287,8969.0,896.9,71334.1026,1
1789453800000,79.291,79.401,79.186,79.267,10505.0,1050.5,83312.3651,1
1789454700000,79.245,79.323,79.001,79.214,4644.0,464.4,36732.1149,1
1789455600000,79.214,79.247,78.906,79.019,4369.0,436.9,34588.4411,1
1789456500000,79.03,79.233,78.953,79.047,8389.0,838.9,66355.1965,1
1789457400000,79.044,79.044,78.635,78.724,22700.0,2270.0,178831.9558,1
1789458300000,78.733,78.826,78.505,78.659,9676.0,967.6,76048.4975,1
1789459200000,78.665,78.717,78.502,78.671,11522.0,1152.2,90577.8892,1
1789460100000,78.637,78.719,78.519,78.682,29622.0,2962.2,233078.9973,1
1789461000000,78.646,78.787,78.581,78.756,3810.0,381.0,29987.6659,1
1789461900000,78.741,78.999,78.731,78.999,2806.0,280.6,22113.1864,1
1789462800000,78.999,78.999,78.725,78.795,4662.0,466.2,36752.059,1
1789463700000,78.793,78.943,78.737,78.943,2920.0,292.0,23034.1767,1
1789464600000,78.919,79.143,78.909,79.116,6316.0,631.6,49913.528,1
1789465500000,79.116,79.3,79.059,79.181,1683.0,168.3,13329.4717,1
1789466400000,79.195,79.261,79.038,79.234,2685.0,268.5,21255.8641,1
1789467300000,79.236,79.329,79.153,79.223,2048.0,204.8,16233.5543,1
1789468200000,79.229,79.413,79.186,79.413,2339.0,233.9,18543.2016,1
1789469100000,79.397,79.483,79.327,79.414,2091.0,209.1,16601.716,1
1789470000000,79.407,79.477,79.224,79.234,1161.0,116.1,9209.1498,1
1789470900000,79.231,79.322,79.028,79.029,9942.0,994.2,78746.691,1
1789471800000,79.049,79.094,78.761,78.903,3372.0,337.2,26596.0959,1
1789472700000,78.909,79.028,78.84,79.018,6118.0,611.8,48276.3152,1
1789473600000,79.028,79.368,78.969,79.323,2791.0,279.1,22102.8104,1
1789474500000,79.348,79.434,79.239,79.389,8341.0,834.1,66163.2828,1
1789475400000,79.393,79.422,79.155,79.241,10610.0,1061.0,84156.6138,1
1789476300000,79.244,79.751,79.207,79.489,6848.0,684.8,54485.6233,1
1789477200000,79.486,79.774,79.453,79.533,6399.0,639.9,50925.8052,1
1789478100000,79.533,79.556,79.425,79.478,4007.0,400.7,31857.318,1
1789479000000,79.474,79.474,78.5,78.94,102758.0,10275.8,808796.2349,1
1789479900000,78.927,79.146,78.613,79.146,12716.0,1271.6,100264.7746,1
1789480800000,79.136,79.28,78.3,78.3,17744.0,1774.4,139799.797,1
1789481700000,78.301,78.443,77.956,77.971,28315.0,2831.5,221227.15,1
1789482600000,78.0,78.0,77.072,77.279,104328.0,10432.8,808058.7563,1
1789483500000,77.273,77.274,76.352,76.939,103524.0,10352.4,793462.5306,1
1789484400000,76.939,77.433,76.843,77.223,20243.0,2024.3,156279.573,1
1789485300000,77.221,77.839,77.221,77.434,13514.0,1351.4,104572.437,1
1789486200000,77.436,77.585,77.254,77.392,7892.0,789.2,61142.1209,1
1789487100000,77.382,77.644,77.234,77.277,3650.0,365.0,28281.6153,1
1789488000000,77.277,77.399,76.847,76.926,33038.0,3303.8,255025.3089,1
1789488900000,76.954,77.311,76.812,77.222,9516.0,951.6,73299.5222,1
1789489800000,77.227,77.279,77.0,77.15,3812.0,381.2,29406.9202,1
1789490700000,77.154,77.272,76.66,76.672,9977.0,997.7,76693.1572,1
1789491600000,76.705,76.879,76.45,76.649,37766.0,3776.6,289174.8791,1
1789492500000,76.621,77.235,76.519,77.218,11545.0,1154.5,88842.448,1
1789493400000,77.223,78.076,77.181,77.599,32776.0,3277.6,254408.5357,1
1789494300000,77.558,77.934,77.376,77.378,10930.0,1093.0,84867.2015,1
1789495200000,77.353,77.641,77.205,77.625,27011.0,2701.1,209326.0157,1
1789496100000,77.592,77.903,76.968,77.543,40306.0,4030.6,311324.0734,1
1789497000000,77.474,77.537,75.914,76.166,89344.0,8934.4,682354.4887,1
1789497900000,76.166,77.165,75.122,77.044,101892.0,10189.2,777147.9424,1
1789498800000,77.077,77.467,76.594,77.068,22449.0,2244.9,173094.8697,1
1789499700000,77.055,77.433,76.645,76.736,23717.0,2371.7,182715.771,1
1789500600000,76.742,76.795,76.342,76.502,13887.0,1388.7,106281.872,1
1789501500000,76.509,77.301,76.483,77.205,8559.0,855.9,65861.9073,1
1789502400000,77.211,77.341,76.808,77.247,19708.0,1970.8,151820.9829,1
1789503300000,77.281,77.599,76.609,76.618,28949.0,2894.9,223867.3627,1
1789504200000,76.601,76.999,76.43,76.795,8960.0,896.0,68724.0961,1
1789505100000,76.81,77.3,76.81,77.28,7858.0,785.8,60648.0775,1
1789506000000,77.254,77.254,76.868,77.088,3874.0,387.4,29864.2306,1
1789506900000,77.089,77.101,76.506,76.549,7796.0,779.6,59985.4538,1
1789507800000,76.549,76.937,76.501,76.929,7071.0,707.1,54260.6824,1
1789508700000,76.929,76.962,76.501,76.571,4727.0,472.7,36255.0034,1
1789509600000,76.515,76.917,76.501,76.737,6963.0,696.3,53407.9457,1
1789510500000,76.75,76.771,76.401,76.641,20050.0,2005.0,153340.3958,1
1789511400000,76.65,76.957,76.629,76.78,6502.0,650.2,49960.5213,1
1789512300000,76.804,77.022,76.768,76.789,5447.0,544.7,41897.4555,1
1789513200000,76.804,77.207,76.772,77.202,8896.0,889.6,68541.666,1
1789514100000,77.202,77.459,77.202,77.269,4628.0,462.8,35808.5491,1
1789515000000,77.224,77.226,76.868,77.059,12039.0,1203.9,92800.5506,1
1789515900000,77.046,77.14,76.867,76.952,1205.0,120.5,9277.1461,1
1789516800000,76.961,77.098,76.711,76.901,52816.0,5281.6,406397.0707,1
1789517700000,76.901,77.297,76.901,77.294,12921.0,1292.1,99494.1339,1
1789518600000,77.294,77.4,77.096,77.145,6345.0,634.5,48998.597,1
1789519500000,77.135,77.368,77.101,77.305,1435.0,143.5,11084.8094,1
1789520400000,77.29,77.4,77.193,77.369,1256.0,125.6,9707.5801,1
1789521300000,77.315,77.559,77.301,77.389,4604.0,460.4,35657.6594,1
1789522200000,77.369,77.4,76.81,77.06,28274.0,2827.4,217780.6301,1
1789523100000,77.059,77.158,76.668,76.727,12897.0,1289.7,99118.5629,1
1789524000000,76.735,77.155,76.735,76.993,12758.0,1275.8,98274.3147,1
1789524900000,76.993,77.464,76.993,77.408,8494.0,849.4,65705.9376,1
1789525800000,77.415,77.848,77.381,77.636,14680.0,1468.0,114047.0005,1
1789526700000,77.647,77.647,77.35,77.439,3041.0,304.1,23562.4091,1
1789527600000,77.456,77.727,77.399,77.727,1882.0,188.2,14601.5852,1
1789528500000,77.734,77.934,77.718,77.718,6398.0,639.8,49782.2058,1
1789529400000,77.667,77.743,77.491,77.539,1340.0,134.0,10398.6276,1
1789530300000,77.549,77.576,77.451,77.528,2093.0,209.3,16219.7497,1
1789531200000,77.548,77.646,77.21,77.38,3734.0,373.4,28904.9563,1
1789532100000,77.385,77.572,77.267,77.422,3737.0,373.7,28958.1462,1
1789533000000,77.409,77.545,77.211,77.384,1785.0,178.5,13815.5795,1
1789533900000,77.408,77.439,77.134,77.275,3081.0,308.1,23789.7307,1
1789534800000,77.269,77.364,77.008,77.163,4173.0,417.3,32187.2871,1
1789535700000,77.163,77.4,77.151,77.358,5422.0,542.2,41900.7282,1
1789536600000,77.367,77.531,77.227,77.514,12658.0,1265.8,98093.7777,1
1789537500000,77.521,77.532,77.144,77.306,5368.0,536.8,41462.5991,1
1789538400000,77.291,77.544,77.252,77.392,5125.0,512.5,39647.5786,1
1789539300000,77.36,77.47,77.236,77.304,7057.0,705.7,54624.2099,1
1789540200000,77.304,77.313,77.092,77.27,15438.0,1543.8,119244.4482,1
1789541100000,77.319,77.572,77.267,77.566,4366.0,436.6,33775.5887,1
1789542000000,77.556,77.835,77.491,77.617,10029.0,1002.9,77885.4458,1
1789542900000,77.614,78.016,77.569,77.797,4680.0,468.0,36422.3126,1
1789543800000,77.801,77.897,77.667,77.718,4191.0,419.1,32600.4302,1
1789544700000,77.718,77.718,77.538,77.583,3277.0,327.7,25425.9185,1
1789545600000,77.582,77.63,77.201,77.365,8370.0,837.0,64795.1599,1
1789546500000,77.355,77.558,77.107,77.214,4811.0,481.1,37154.2164,1
1789547400000,77.207,77.583,77.121,77.493,7769.0,776.9,59998.0175,1
1789548300000,77.505,77.6,77.411,77.592,4887.0,488.7,37906.2483,1
1789549200000,77.599,77.9,77.592,77.689,6679.0,667.9,51960.0343,1
1789550100000,77.676,77.81,77.543,77.71,4672.0,467.2,36296.7285,1
1789551000000,77.695,77.777,77.545,77.564,2100.0,210.0,16309.8519,1
1789551900000,77.557,77.817,77.469,77.816,7998.0,799.8,62093.4579,1
1789552800000,77.802,78.017,77.749,77.798,9529.0,952.9,74182.7546,1
1789553700000,77.771,78.07,77.731,77.789,3339.0,333.9,26004.5564,1
1789554600000,77.816,77.955,77.667,77.955,1470.0,147.0,11436.8589,1
1789555500000,77.974,77.98,77.668,77.837,848.0,84.8,6599.0181,1
1789556400000,77.903,79.067,77.81,78.601,36793.0,3679.3,288809.1987,1
1789557300000,78.601,79.364,78.501,79.301,35712.0,3571.2,282028.5424,1
1789558200000,79.289,79.621,79.092,79.611,19419.0,1941.9,154175.2903,1
1789559100000,79.596,79.632,79.256,79.299,14315.0,1431.5,113702.8788,1
1789560000000,79.325,79.325,78.552,78.552,17147.0,1714.7,135317.5956,1
1789560900000,78.552,78.986,78.531,78.57,145732.0,14573.2,1149234.7654,1
1789561800000,78.615,78.847,78.18,78.517,50237.0,5023.7,394077.4569,1
1789562700000,78.536,78.892,78.468,78.821,13377.0,1337.7,105367.2145,1
1789563600000,78.787,78.817,77.812,78.067,55893.0,5589.3,437184.5449,1
1789564500000,78.065,78.2,77.978,78.028,11597.0,1159.7,90542.3111,1
1789565400000,78.002,78.197,77.809,78.164,7562.0,756.2,59000.2087,1
1789566300000,78.177,78.823,78.078,78.668,9986.0,998.6,78505.3776,1
1789567200000,78.685,78.714,78.08,78.35,14960.0,1496.0,117258.2473,1
1789568100000,78.356,78.693,78.2,78.651,11238.0,1123.8,88181.1823,1
1789569000000,78.651,78.652,78.201,78.493,17765.0,1776.5,139299.1301,1
1789569900000,78.456,78.465,77.917,78.154,5483.0,548.3,42870.5597,1
1789570800000,78.187,78.598,78.163,78.481,20636.0,2063.6,161975.6707,1
1789571700000,78.454,78.522,78.049,78.115,3100.0,310.0,24284.7806,1
1789572600000,78.106,78.734,78.049,78.701,8734.0,873.4,68550.8381,1
1789573500000,78.691,78.996,78.492,78.646,18958.0,1895.8,149408.7505,1
1789574400000,78.665,78.931,78.539,78.843,18852.0,1885.2,148400.9085,1
1789575300000,78.856,79.018,78.738,78.844,14435.0,1443.5,113800.9122,1
1789576200000,78.824,78.89,78.665,78.716,2864.0,286.4,22558.3514,1
1789577100000,78.712,78.968,78.712,78.929,2872.0,287.2,22658.8319,1
1789578000000,78.946,79.066,78.654,78.861,6869.0,686.9,54164.7902,1
1789578900000,78.845,78.933,78.592,78.647,5383.0,538.3,42359.4993,1
1789579800000,78.654,78.663,77.968,78.088,8497.0,849.7,66559.331,1
1789580700000,78.1,78.796,77.99,78.648,45822.0,4582.2,359301.0815,1
1789581600000,78.541,80.281,78.158,79.498,82546.0,8254.6,656214.3374,1
1789582500000,79.49,80.294,79.425,80.145,20236.0,2023.6,161414.3377,1
1789583400000,80.145,80.382,78.201,79.799,121010.0,12101.0,962032.668,1
1789584300000,79.8,79.8,78.552,79.042,40555.0,4055.5,321573.1066,1
1789585200000,79.042,79.735,78.541,78.833,20510.0,2051.0,162309.563,1
1789586100000,78.833,78.976,77.156,77.44,40752.0,4075.2,317589.5597,1
1789587000000,77.47,78.661,77.217,78.644,26769.0,2676.9,208724.1877,1
1789587900000,78.661,78.905,78.62,78.668,23326.0,2332.6,183737.7847,1
1789588800000,78.68,79.11,78.546,78.669,23478.0,2347.8,185213.2757,1
1789589700000,78.651,79.044,78.308,78.519,21872.0,2187.2,172029.3519,1
1789590600000,78.542,78.7,78.062,78.323,7205.0,720.5,56434.4847,1
1789591500000,78.311,78.802,78.256,78.724,27619.0,2761.9,217379.9861,1
1789592400000,78.706,78.757,78.308,78.309,14648.0,1464.8,115071.8776,1
1789593300000,78.349,78.429,78.216,78.258,3845.0,384.5,30108.9679,1
1789594200000,78.247,78.304,77.938,78.16,6325.0,632.5,49374.6428,1
1789595100000,78.155,78.466,78.11,78.345,21706.0,2170.6,170049.7412,1
1789596000000,78.351,78.366,77.9,78.366,3124.0,312.4,24387.113,1
1789596900000,78.351,78.482,78.0,78.062,25407.0,2540.7,198909.8821,1
1789597800000,78.014,78.2,77.844,78.199,3485.0,348.5,27178.7602,1
1789598700000,78.198,78.198,77.705,77.727,1747.0,174.7,13611.972,1
1789599600000,77.728,77.965,77.667,77.955,7556.0,755.6,58805.2349,1
1789600500000,77.951,78.709,77.945,78.368,10593.0,1059.3,83142.6859,1
1789601400000,78.372,78.567,78.21,78.324,2270.0,227.0,17798.5238,1
1789602300000,78.325,78.405,78.193,78.273,16610.0,1661.0,130057.9074,1
1789603200000,78.272,78.599,78.181,78.322,3253.0,325.3,25494.8492,1
1789604100000,78.326,78.429,78.084,78.097,12509.0,1250.9,97773.1475,1
1789605000000,78.098,78.42,78.084,78.242,26242.0,2624.2,205370.51,1
1789605900000,78.231,78.291,78.135,78.158,2946.0,294.6,23042.8523,1
1789606800000,78.164,78.59,78.059,78.259,5445.0,544.5,42643.1952,1
1789607700000,78.288,79.112,78.216,79.086,11306.0,1130.6,89089.0021,1
1789608600000,79.067,79.433,78.896,79.154,8410.0,841.0,66570.6185,1
1789609500000,79.166,79.432,78.865,78.914,12536.0,1253.6,99287.0081,1
1789610400000,78.937,78.95,78.6,78.738,4844.0,484.4,38153.2094,1
1789611300000,78.738,78.829,78.53,78.723,1697.0,169.7,13349.7619,1
1789612200000,78.707,79.377,78.668,79.302,5099.0,509.9,40374.0525,1
1789613100000,79.303,79.433,79.166,79.325,1498.0,149.8,11885.1109,1
1789614000000,79.33,79.488,79.244,79.288,2959.0,295.9,23492.9363,1
1789614900000,79.318,79.33,79.123,79.309,2353.0,235.3,18648.0358,1
1789615800000,79.289,79.5,79.278,79.374,2000.0,200.0,15881.9077,1
1789616700000,79.384,79.388,79.143,79.309,1606.0,160.6,12725.7591,1
1789617600000,79.307,79.356,79.173,79.259,2137.0,213.7,16937.9539,1
1789618500000,79.28,79.356,79.019,79.019,1592.0,159.2,12603.0439,1
1789619400000,79.002,79.267,78.838,79.213,1450.0,145.0,11463.7118,1
1789620300000,79.192,79.281,79.06,79.168,3564.0,356.4,28222.3848,1
1789621200000,79.13,79.208,78.942,78.949,4554.0,455.4,35987.6323,1
1789622100000,78.941,79.181,78.843,79.006,6232.0,623.2,49195.3,1
1789623000000,79.006,79.006,78.741,78.75,5812.0,581.2,45815.9852,1
1789623900000,78.75,78.984,78.748,78.764,1431.0,143.1,11279.6811,1
1789624800000,78.768,79.067,78.747,79.066,1943.0,194.3,15343.9865,1
1789625700000,79.066,79.067,78.962,79.066,6494.0,649.4,51312.3481,1
1789626600000,79.066,79.372,79.066,79.321,2384.0,238.4,18891.3348,1
1789627500000,79.343,79.343,79.15,79.15,1487.0,148.7,11787.0772,1
1789628400000,79.137,79.503,79.129,79.37,29575.0,2957.5,235004.3844,1
1789629300000,79.37,79.518,79.325,79.403,2797.0,279.7,22223.9032,1
1789630200000,79.416,79.472,79.303,79.364,12261.0,1226.1,97395.9165,1
1789631100000,79.363,79.575,79.285,79.567,2612.0,261.2,20758.0395,1
1789632000000,79.572,80.088,79.519,79.801,16667.0,1666.7,133000.5862,1
1789632900000,79.801,80.008,79.801,79.934,2964.0,296.4,23699.1576,1
1789633800000,79.934,80.219,79.864,80.108,9600.0,960.0,76889.1513,1
1789634700000,80.114,80.365,80.062,80.296,8914.0,891.4,71557.3274,1
1789635600000,80.369,80.803,80.272,80.672,11481.0,1148.1,92548.9,1
1789636500000,80.667,80.987,80.651,80.745,10777.0,1077.7,87084.326,1
1789637400000,80.764,80.764,80.388,80.394,34076.0,3407.6,274908.7183,1
1789638300000,80.386,80.482,79.808,79.834,22331.0,2233.1,178485.2367,1
1789639200000,79.811,80.034,79.538,79.871,21049.0,2104.9,167738.6514,1
1789640100000,79.881,79.93,79.565,79.781,4244.0,424.4,33857.3419,1
1789641000000,79.763,79.864,79.592,79.631,13930.0,1393.0,111030.2733,1
1789641900000,79.647,79.799,79.587,79.697,1948.0,194.8,15517.0187,1
1789642800000,79.697,79.884,79.694,79.856,3093.0,309.3,24683.0192,1
1789643700000,79.856,79.862,79.633,79.752,1301.0,130.1,10374.3389,1
1789644600000,79.761,79.761,79.408,79.408,7790.0,779.0,61920.7025,1
1789645500000,79.408,79.841,79.389,79.837,7020.0,702.0,55771.0201,1
1789646400000,79.813,80.1,79.66,80.045,3887.0,388.7,31041.168,1
1789647300000,80.045,80.867,80.045,80.766,9633.0,963.3,77450.4986,1
1789648200000,80.754,80.797,80.151,80.233,18548.0,1854.8,149153.9591,1
1789649100000,80.233,81.384,80.07,81.155,31836.0,3183.6,257953.1682,1
1789650000000,81.166,82.212,80.61,80.615,42895.0,4289.5,350191.8083,1
1789650900000,80.653,82.999,80.501,81.934,67355.0,6735.5,553972.9217,1
1789651800000,81.934,82.2,81.304,82.166,31005.0,3100.5,253628.7514,1
1789652700000,82.189,82.383,81.934,82.117,42106.0,4210.6,346113.0336,1
1789653600000,82.115,82.427,81.587,82.376,15365.0,1536.5,125774.9472,1
1789654500000,82.371,83.11,82.25,82.955,69003.0,6900.3,571894.3851,1
1789655400000,83.011,83.25,82.611,82.722,21693.0,2169.3,179944.1185,1
1789656300000,82.707,82.872,81.976,82.194,18324.0,1832.4,151123.7368,1
1789657200000,82.205,82.308,81.536,81.632,18498.0,1849.8,151326.4308,1
1789658100000,81.619,82.003,81.542,81.925,10570.0,1057.0,86469.7958,1
1789659000000,81.925,82.467,81.874,82.464,14510.0,1451.0,119077.5561,1
1789659900000,82.434,82.6,82.29,82.595,7864.0,786.4,64822.4186,1
1789660800000,82.594,82.6,82.002,82.354,14700.0,1470.0,120933.7369,1
1789661700000,82.372,82.38,81.882,82.156,9052.0,905.2,74364.0953,1
1789662600000,82.179,82.191,81.713,81.925,10866.0,1086.6,88895.4106,1
1789663500000,81.919,82.365,81.89,82.276,4041.0,404.1,33180.155,1
1789664400000,82.273,82.537,82.153,82.153,19521.0,1952.1,160909.1687,1
1789665300000,82.143,82.689,82.043,82.662,9180.0,918.0,75456.2992,1
1789666200000,82.701,82.929,82.467,82.467,19246.0,1924.6,159300.1729,1
1789667100000,82.407,82.694,82.302,82.678,11340.0,1134.0,93493.2175,1
1789668000000,82.678,82.678,82.237,82.486,2357.0,235.7,19418.8944,1
1789668900000,82.499,82.526,82.35,82.394,4581.0,458.1,37774.672,1
1789669800000,82.394,82.47,81.953,82.035,17448.0,1744.8,143315.9899,1
1789670700000,82.039,82.142,81.867,81.867,4529.0,452.9,37167.0875,1
1789671600000,81.903,82.059,81.793,82.033,9299.0,929.9,76156.3419,1
1789672500000,82.022,82.699,82.022,82.699,9743.0,974.3,80274.3143,1
1789673400000,82.696,83.244,82.637,83.244,17180.0,1718.0,142419.427,1
1789674300000,83.247,83.436,83.015,83.216,19419.0,1941.9,161725.7321,1
1789675200000,83.237,83.735,83.197,83.735,16480.0,1648.0,137634.561,1
1789676100000,83.736,83.736,83.508,83.568,8433.0,843.3,70502.8011,1
1789677000000,83.572,83.572,82.914,83.011,18340.0,1834.0,152585.5082,1
1789677900000,83.03,83.307,83.03,83.288,6952.0,695.2,57841.1661,1
1789678800000,83.298,83.38,82.836,83.036,14353.0,1435.3,119256.836,1
1789679700000,83.053,83.267,83.013,83.248,2312.0,231.2,19237.0582,1
1789680600000,83.246,83.577,83.168,83.272,7368.0,736.8,61386.4848,1
1789681500000,83.267,83.376,83.089,83.324,8682.0,868.2,72269.7506,1
1789682400000,83.322,83.537,83.082,83.241,7089.0,708.9,59102.1376,1
1789683300000,83.235,83.248,82.956,83.175,25689.0,2568.9,213692.2054,1
1789684200000,83.164,83.983,83.16,83.941,7814.0,781.4,65474.2162,1
1789685100000,83.928,84.275,83.725,84.224,19637.0,1963.7,165069.3724,1
1789686000000,84.256,84.99,84.069,84.941,59713.0,5971.3,505191.3073,1
1789686900000,84.931,84.931,84.621,84.725,10787.0,1078.7,91407.9379,1
1789687800000,84.725,84.956,84.6,84.863,35941.0,3594.1,304520.5123,1
1789688700000,84.863,85.236,84.793,85.137,15369.0,1536.9,130753.161,1
1789689600000,85.137,85.645,85.097,85.645,9384.0,938.4,80189.3409,1
1789690500000,85.645,85.823,85.238,85.453,16268.0,1626.8,139313.7523,1
1789691400000,85.434,86.053,85.287,85.974,48384.0,4838.4,415641.345,1
1789692300000,85.983,86.435,85.822,86.342,100554.0,10055.4,867364.544,1
1789693200000,86.401,86.923,86.318,86.815,23772.0,2377.2,206119.4076,1
1789694100000,86.793,86.949,86.744,86.849,9953.0,995.3,86467.3569,1
1789695000000,86.873,86.889,86.538,86.589,14742.0,1474.2,127816.9597,1
1789695900000,86.539,86.8,86.467,86.788,42037.0,4203.7,364781.1871,1
1789696800000,86.787,86.943,86.619,86.67,119385.0,11938.5,1035919.4987,1
1789697700000,86.675,86.722,86.095,86.148,14500.0,1450.0,125202.8047,1
1789698600000,86.175,86.525,86.12,86.207,9890.0,989.0,85439.1334,1
1789699500000,86.207,86.34,86.104,86.334,2102.0,210.2,18119.899,1
1789700400000,86.334,86.756,86.24,86.682,19389.0,1938.9,167756.1941,1
1789701300000,86.673,86.753,86.374,86.57,18482.0,1848.2,160066.8597,1
1789702200000,86.603,86.776,86.468,86.552,8465.0,846.5,73301.22,1
1789703100000,86.574,87.126,86.574,86.905,13599.0,1359.9,118297.9566,1
1789704000000,86.957,86.957,86.513,86.554,3483.0,348.3,30198.8842,1
1789704900000,86.555,86.712,86.348,86.365,7036.0,703.6,60869.4114,1
1789705800000,86.401,86.733,86.052,86.733,4354.0,435.4,37616.8679,1
1789706700000,86.733,87.35,86.671,87.34,17054.0,1705.4,148487.6836,1
1789707600000,87.349,87.749,87.218,87.666,132644.0,13264.4,1161941.5587,1
1789708500000,87.733,87.751,87.394,87.523,9526.0,952.6,83448.1551,1
1789709400000,87.53,87.705,87.446,87.548,2806.0,280.6,24574.308,1
1789710300000,87.543,87.744,87.395,87.744,13843.0,1384.3,121225.5536,1
1789711200000,87.745,87.924,87.478,87.694,13344.0,1334.4,117035.7154,1
1789712100000,87.693,87.829,87.575,87.679,3777.0,377.7,33127.381,1
1789713000000,87.679,87.892,87.611,87.867,31402.0,3140.2,275636.4536,1
1789713900000,87.867,87.941,87.707,87.845,66300.0,6630.0,581811.408,1
1789714800000,87.826,87.908,87.663,87.745,14739.0,1473.9,129303.6275,1
1789715700000,87.754,88.0,87.55,87.55,9309.0,930.9,81763.7657,1
1789716600000,87.532,88.286,87.448,88.286,4681.0,468.1,41175.9936,1
1789717500000,88.286,88.515,88.113,88.283,12121.0,1212.1,107103.0705,1
1789718400000,88.291,88.376,88.052,88.125,7086.0,708.6,62504.0296,1
1789719300000,88.121,88.283,88.0,88.007,4961.0,496.1,43737.6089,1
1789720200000,88.008,88.414,87.911,88.414,8506.0,850.6,74956.885,1
1789721100000,88.398,88.665,88.398,88.64,10973.0,1097.3,97147.0173,1
1789722000000,88.655,88.826,88.429,88.617,10034.0,1003.4,88869.8685,1
1789722900000,88.62,88.81,88.48,88.689,12068.0,1206.8,106936.3188,1
1789723800000,88.702,88.868,88.614,88.698,14373.0,1437.3,127576.1459,1
1789724700000,88.701,89.078,88.689,89.019,12676.0,1267.6,112741.0204,1
1789725600000,89.001,89.294,88.99,89.225,29317.0,2931.7,261517.8121,1
1789726500000,89.225,90.27,89.209,90.119,44458.0,4445.8,399169.6689,1
1789727400000,90.175,91.112,90.072,90.367,142595.0,14259.5,1294839.7903,1
1789728300000,90.361,90.999,90.361,90.614,33131.0,3313.1,300416.4191,1
1789729200000,90.626,90.875,90.009,90.166,13296.0,1329.6,120066.5666,1
1789730100000,90.133,90.317,89.589,89.667,23689.0,2368.9,212837.0702,1
1789731000000,89.669,90.453,89.601,89.903,44172.0,4417.2,398227.4048,1
1789731900000,89.971,90.444,89.838,89.91,21524.0,2152.4,193968.6192,1
1789732800000,89.905,90.167,89.629,90.096,34931.0,3493.1,313965.5625,1
1789733700000,90.088,90.701,89.835,90.622,18108.0,1810.8,163794.5993,1
1789734600000,90.622,91.96,90.396,91.252,45790.0,4579.0,417931.8349,1
1789735500000,91.25,91.432,90.862,91.25,26512.0,2651.2,241745.7953,1
1789736400000,91.249,91.339,90.518,90.872,23101.0,2310.1,209688.3138,1
1789737300000,90.817,91.523,90.759,91.346,37975.0,3797.5,346633.1576,1
1789738200000,91.334,91.706,91.125,91.451,34917.0,3491.7,318932.9789,1
1789739100000,91.457,91.649,90.435,90.597,70124.0,7012.4,639224.0817,1
1789740000000,90.629,91.282,90.36,91.243,60891.0,6089.1,553271.7215,1
1789740900000,91.205,91.87,91.121,91.815,32535.0,3253.5,297712.4626,1
1789741800000,91.808,92.1,91.54,92.1,31246.0,3124.6,286914.2318,1
1789742700000,92.159,92.609,91.921,92.561,39142.0,3914.2,361394.5096,1
1789743600000,92.542,92.663,91.635,91.875,29413.0,2941.3,270851.18,1
1789744500000,91.862,92.157,91.6,91.622,11319.0,1131.9,104073.3772,1
1789745400000,91.622,91.695,91.082,91.137,15205.0,1520.5,138938.1808,1
1789746300000,91.144,91.527,91.057,91.322,14879.0,1487.9,135842.7953,1
1789747200000,91.323,91.832,91.322,91.531,8515.0,851.5,77995.2425,1
1789748100000,91.564,91.564,91.208,91.451,5136.0,513.6,46940.3513,1
1789749000000,91.458,91.857,91.458,91.716,15845.0,1584.5,145376.6723,1
1789749900000,91.704,91.704,90.686,90.855,28599.0,2859.9,260090.0807,1
1789750800000,90.853,91.394,90.669,91.085,25869.0,2586.9,235508.5683,1
1789751700000,91.113,91.713,90.925,91.152,40700.0,4070.0,371484.5799,1
1789752600000,91.12,91.198,90.804,91.057,21639.0,2163.9,196944.8937,1
1789753500000,91.07,91.354,90.935,91.299,12408.0,1240.8,113064.5725,1
1789754400000,91.298,91.544,91.164,91.518,14549.0,1454.9,132926.1725,1
1789755300000,91.544,91.6,91.282,91.366,3747.0,374.7,34253.0386,1
1789756200000,91.366,91.67,91.141,91.27,6244.0,624.4,57094.9418,1
1789757100000,91.268,91.35,90.8,90.827,7829.0,782.9,71350.7507,1
1789758000000,90.873,91.625,90.85,91.578,58925.0,5892.5,537110.8918,1
1789758900000,91.623,92.223,91.469,92.04,51110.0,5111.0,469027.1614,1
1789759800000,92.04,92.069,91.775,91.876,8256.0,825.6,75905.4698,1
1789760700000,91.866,92.387,91.72,92.332,9003.0,900.3,82990.4544,1
1789761600000,92.312,92.396,91.975,92.077,9856.0,985.6,90925.7266,1
1789762500000,92.08,92.442,92.0,92.004,26073.0,2607.3,240403.5796,1
1789763400000,92.01,92.013,91.571,91.85,18212.0,1821.2,167137.3268,1
1789764300000,91.826,91.984,91.518,91.623,9651.0,965.1,88526.1881,1
1789765200000,91.623,92.0,91.532,91.815,3699.0,369.9,33962.6061,1
1789766100000,91.811,91.818,91.166,91.793,26381.0,2638.1,241362.3309,1
1789767000000,91.797,92.0,91.505,91.505,13976.0,1397.6,128372.0497,1
1789767900000,91.519,91.63,91.45,91.499,17574.0,1757.4,160867.1364,1
1789768800000,91.499,92.152,91.439,92.065,6399.0,639.9,58827.8234,1
1789769700000,92.071,92.231,91.883,91.883,2525.0,252.5,23255.9546,1
1789770600000,91.883,92.269,91.72,92.269,13071.0,1307.1,120139.7264,1
1789771500000,92.268,92.691,92.202,92.57,43337.0,4333.7,400772.8368,1
1789772400000,92.588,93.106,92.583,92.912,46179.0,4617.9,428834.064,1
1789773300000,92.955,93.133,92.517,93.133,13194.0,1319.4,122342.0477,1
1789774200000,93.133,93.149,92.678,92.819,7442.0,744.2,69167.7474,1
1789775100000,92.819,92.819,92.236,92.592,24992.0,2499.2,230876.2124,1
1789776000000,92.604,92.838,92.311,92.838,16844.0,1684.4,155877.9264,1
1789776900000,92.84,93.188,92.811,93.153,17180.0,1718.0,159940.6015,1
1789777800000,93.153,93.242,92.536,92.912,25054.0,2505.4,233214.1484,1
1789778700000,92.912,93.525,92.893,93.17,12735.0,1273.5,118898.738,1
1789779600000,93.175,93.718,93.075,93.17,20677.0,2067.7,193448.9455,1
1789780500000,93.131,93.286,92.506,92.98,7285.0,728.5,67665.7489,1
1789781400000,92.999,93.047,92.506,93.047,2978.0,297.8,27626.847,1
1789782300000,93.091,93.582,93.043,93.155,15527.0,1552.7,144719.0406,1
1789783200000,93.162,93.954,93.116,93.695,27265.0,2726.5,255711.9697,1
1789784100000,93.71,93.9,93.534,93.555,17546.0,1754.6,164440.8578,1
1789785000000,93.555,94.088,93.543,93.835,12815.0,1281.5,120294.1601,1
1789785900000,93.806,94.458,93.772,94.251,17805.0,1780.5,167736.1637,1
1789786800000,94.283,94.519,94.21,94.358,21554.0,2155.4,203574.1085,1
1789787700000,94.231,94.231,93.801,93.829,9364.0,936.4,88001.1738,1
1789788600000,93.829,93.997,93.679,93.989,2658.0,265.8,24931.5061,1
1789789500000,93.989,93.989,93.475,93.492,7137.0,713.7,66880.9675,1
1789790400000,93.519,93.84,93.287,93.737,5113.0,511.3,47793.6177,1
1789791300000,93.782,93.9,93.382,93.382,2629.0,262.9,24606.7317,1
1789792200000,93.382,93.382,91.293,92.076,58748.0,5874.8,540465.8621,1
1789793100000,92.095,92.494,92.095,92.325,19312.0,1931.2,178294.0083,1
1789794000000,92.359,92.794,92.265,92.32,11263.0,1126.3,104208.3662,1
1789794900000,92.308,92.493,92.122,92.122,4595.0,459.5,42395.3172,1
1789795800000,92.11,92.323,91.864,91.864,19255.0,1925.5,177102.3161,1
1789796700000,91.911,92.204,91.875,92.004,17680.0,1768.0,162635.989,1
1789797600000,92.003,92.324,91.888,92.163,24426.0,2442.6,224841.245,1
1789798500000,92.153,92.389,92.08,92.324,22206.0,2220.6,204734.2628,1
1789799400000,92.324,92.793,92.295,92.738,9539.0,953.9,88325.4574,1
1789800300000,92.703,93.095,92.657,93.036,9866.0,986.6,91635.7777,1
1789801200000,93.039,93.461,92.968,93.38,14520.0,1452.0,135232.9166,1
1789802100000,93.34,93.38,92.898,92.898,12222.0,1222.2,113701.7237,1
1789803000000,92.899,93.049,92.801,93.027,4323.0,432.3,40180.137,1
1789803900000,93.044,93.184,92.838,92.871,3028.0,302.8,28166.1223,1
1789804800000,92.928,93.301,92.834,92.868,3070.0,307.0,28549.9138,1
1789805700000,92.804,93.18,92.778,92.985,2436.0,243.6,22656.4254,1
1789806600000,92.972,93.162,92.724,92.76,6154.0,615.4,57214.1589,1
1789807500000,92.726,92.73,91.859,91.91,22124.0,2212.4,203985.6272,1
1789808400000,91.873,92.294,91.697,92.151,24568.0,2456.8,226272.5473,1
1789809300000,92.139,92.435,91.818,92.207,18405.0,1840.5,169824.8731,1
1789810200000,92.214,92.283,91.942,92.166,2322.0,232.2,21387.6931,1
1789811100000,92.151,92.234,91.933,91.995,23088.0,2308.8,212649.9725,1
1789812000000,91.991,92.09,91.778,92.09,41649.0,4164.9,382524.0092,1
1789812900000,92.094,92.336,92.057,92.287,4136.0,413.6,38144.2959,1
1789813800000,92.287,92.382,91.919,91.995,4735.0,473.5,43648.1658,1
1789814700000,91.995,91.996,91.5,91.893,18348.0,1834.8,168403.5321,1
1789815600000,91.919,92.006,91.834,91.874,1435.0,143.5,13192.0353,1
1789816500000,91.844,92.233,91.792,92.015,1832.0,183.2,16862.9697,1
1789817400000,92.022,92.304,91.946,92.295,12402.0,1240.2,114403.0854,1
1789818300000,92.248,92.489,92.139,92.489,3686.0,368.6,34021.835,1
1789819200000,92.46,92.809,92.419,92.553,5444.0,544.4,50433.3396,1
1789820100000,92.555,92.903,92.523,92.894,1339.0,133.9,12427.7007,1
1789821000000,92.897,92.956,92.594,92.633,2256.0,225.6,20944.1534,1
1789821900000,92.605,92.605,92.354,92.477,3060.0,306.0,28284.1671,1
1789822800000,92.479,92.479,92.144,92.255,3851.0,385.1,35549.8687,1
1789823700000,92.27,92.525,92.201,92.23,2106.0,210.6,19454.4325,1
1789824600000,92.23,92.645,92.122,92.584,6095.0,609.5,56395.9299,1
1789825500000,92.623,92.753,92.555,92.628,3365.0,336.5,31191.1635,1
1789826400000,92.631,92.652,92.471,92.472,5886.0,588.6,54467.1193,1
1789827300000,92.474,92.872,92.344,92.757,8333.0,833.3,77232.4249,1
1789828200000,92.784,93.084,92.648,93.033,8009.0,800.9,74353.12,1
1789829100000,93.052,93.093,92.789,92.844,6048.0,604.8,56218.7042,1
1789830000000,92.847,93.334,92.812,93.036,10560.0,1056.0,98284.1762,1
1789830900000,93.052,93.348,93.047,93.129,4261.0,426.1,39720.3839,1
1789831800000,93.129,93.326,92.807,92.993,6615.0,661.5,61559.8145,1
1789832700000,92.966,93.089,92.812,93.048,23232.0,2323.2,215934.8845,1
1789833600000,93.066,93.271,92.688,93.04,13203.0,1320.3,122693.0374,1
1789834500000,93.047,93.094,92.8,92.877,4063.0,406.3,37761.1143,1
1789835400000,92.869,93.112,92.841,92.967,1992.0,199.2,18526.9856,1
1789836300000,92.981,93.287,92.855,93.287,7843.0,784.3,73013.7752,1
1789837200000,93.29,93.392,93.104,93.126,6445.0,644.5,60110.3274,1
1789838100000,93.102,93.144,92.038,92.269,15614.0,1561.4,144447.5027,1
1789839000000,92.318,92.464,92.026,92.418,37588.0,3758.8,346864.5192,1
1789839900000,92.44,92.624,92.145,92.224,6707.0,670.7,61925.9419,1
1789840800000,92.243,92.362,91.879,92.014,3809.0,380.9,35105.0077,1
1789841700000,91.999,92.183,91.826,92.019,19536.0,1953.6,179633.2116,1
1789842600000,92.019,92.449,91.787,92.362,9351.0,935.1,86169.3747,1
1789843500000,92.362,92.458,92.232,92.326,5644.0,564.4,52111.7176,1
1789844400000,92.329,92.5,92.225,92.257,2373.0,237.3,21904.381,1
1789845300000,92.2,92.532,92.2,92.508,1057.0,105.7,9759.9269,1
1789846200000,92.508,92.622,92.424,92.444,1595.0,159.5,14754.6654,1
1789847100000,92.431,92.605,92.081,92.16,3659.0,365.9,33768.6336,1
1789848000000,92.154,92.212,91.858,91.885,6664.0,666.4,61319.0163,1
1789848900000,91.885,92.05,91.71,91.85,5822.0,582.2,53490.1571,1
1789849800000,91.838,92.055,91.695,92.055,1536.0,153.6,14120.0979,1
1789850700000,92.053,92.053,91.62,91.669,5143.0,514.3,47180.5016,1
1789851600000,91.666,92.054,91.109,91.2,7286.0,728.6,66601.856,1
1789852500000,91.187,91.707,91.168,91.604,14273.0,1427.3,130361.6777,1
1789853400000,91.596,91.62,91.201,91.248,3453.0,345.3,31561.4226,1
1789854300000,91.264,91.48,91.238,91.422,10435.0,1043.5,95350.4855,1
1789855200000,91.428,91.501,91.129,91.321,3855.0,385.5,35196.6276,1
1789856100000,91.313,91.504,91.008,91.475,4958.0,495.8,45194.3256,1
1789857000000,91.446,91.627,91.323,91.544,2645.0,264.5,24208.6224,1
1789857900000,91.564,91.676,91.52,91.587,3177.0,317.7,29115.3598,1
1789858800000,91.574,91.876,91.522,91.833,1514.0,151.4,13879.7572,1
1789859700000,91.822,92.025,91.68,91.864,4665.0,466.5,42831.045,1
1789860600000,91.864,92.001,91.66,91.993,3356.0,335.6,30828.8339,1
1789861500000,91.983,92.393,91.983,92.199,7623.0,762.3,70309.5018,1
1789862400000,92.216,92.491,92.09,92.491,3783.0,378.3,34902.6147,1
1789863300000,92.476,92.502,92.148,92.213,3972.0,397.2,36653.3514,1
1789864200000,92.213,92.454,92.155,92.325,2478.0,247.8,22872.9783,1
1789865100000,92.315,92.315,92.104,92.281,1409.0,140.9,12989.9265,1
1789866000000,92.281,92.292,91.941,92.034,2735.0,273.5,25190.3224,1
1789866900000,92.014,92.147,91.801,91.801,1344.0,134.4,12363.6155,1
1789867800000,91.748,91.781,91.566,91.655,2105.0,210.5,19289.2721,1
1789868700000,91.651,91.855,91.555,91.745,3444.0,344.4,31597.5261,1
1789869600000,91.755,91.916,91.555,91.745,2952.0,295.2,27064.4259,1
1789870500000,91.731,91.752,91.242,91.311,3334.0,333.4,30488.4554,1
1789871400000,91.322,91.444,90.355,90.462,16373.0,1637.3,148959.411,1
1789872300000,90.387,90.898,90.07,90.095,39612.0,3961.2,357948.906,1
1789873200000,90.095,90.704,89.922,90.01,15376.0,1537.6,138720.9968,1
1789874100000,90.005,91.19,89.715,90.705,19767.0,1976.7,178751.6347,1
1789875000000,90.711,90.98,90.462,90.801,3132.0,313.2,28411.7895,1
1789875900000,90.815,91.222,90.611,91.108,15149.0,1514.9,137925.05,1
1789876800000,91.108,91.138,90.452,90.508,9264.0,926.4,84094.0778,1
1789877700000,90.508,90.828,90.448,90.708,3559.0,355.9,32229.2722,1
1789878600000,90.723,90.991,90.703,90.813,14932.0,1493.2,135489.7715,1
1789879500000,90.813,91.08,90.587,90.957,4726.0,472.6,42961.6853,1
1789880400000,90.968,91.232,90.93,91.163,26931.0,2693.1,245408.3069,1
1789881300000,91.135,91.154,90.806,90.91,1904.0,190.4,17327.9278,1
1789882200000,90.914,91.173,90.894,91.152,13039.0,1303.9,118725.5505,1
1789883100000,91.17,91.188,90.991,91.095,2841.0,284.1,25883.4711,1
1789884000000,91.074,91.211,90.801,90.986,19461.0,1946.1,177047.6429,1
1789884900000,90.982,91.25,90.92,91.131,1802.0,180.2,16411.557,1
1789885800000,91.131,91.131,90.801,90.982,11219.0,1121.9,102030.2885,1
1789886700000,91.024,91.254,90.963,91.211,6494.0,649.4,59236.9325,1
1789887600000,91.211,91.377,91.102,91.282,4966.0,496.6,45337.589,1
1789888500000,91.261,91.584,91.181,91.565,1632.0,163.2,14920.475,1
1789889400000,91.573,91.599,91.286,91.419,6936.0,693.6,63416.7001,1
1789890300000,91.401,91.405,90.987,90.991,6201.0,620.1,56460.173,1
1789891200000,90.995,91.242,90.941,91.152,1627.0,162.7,14824.2549,1
