ts,open,high,low,close,vol,volCurrency,volCurrencyQuote,confirm
1787172300000,10.402,10.636,10.361,10.579,54307.0,54307.6,570103.8163,1
1787173200000,10.584,10.86,10.57,10.827,105053.0,105053.9,1132013.4539,1
1787174100000,10.825,10.848,10.714,10.848,75409.0,75409.6,812516.181,1
1787175000000,10.854,10.892,10.763,10.788,75086.0,75086.1,812290.6858,1
1787175900000,10.787,10.845,10.723,10.736,15125.0,15125.4,163215.8762,1
1787176800000,10.741,10.761,10.638,10.708,25174.0,25174.0,269051.117,1
1787177700000,10.708,10.734,10.656,10.696,5877.0,5877.2,62927.4141,1
1787178600000,10.691,10.7,10.581,10.641,8533.0,8533.2,90708.3601,1
1787179500000,10.639,10.646,10.552,10.569,5374.0,5374.2,56916.9847,1
1787180400000,10.569,10.594,10.529,10.529,36165.0,36165.4,381849.5578,1
1787181300000,10.53,10.572,10.519,10.564,2721.0,2721.2,28674.9016,1
1787182200000,10.565,10.571,10.533,10.554,6643.0,6643.4,70158.8234,1
1787183100000,10.553,10.555,10.512,10.547,1808.0,1808.1,19037.5124,1
1787184000000,10.552,10.591,10.536,10.555,4154.0,4154.8,43883.3921,1
1787184900000,10.551,10.596,10.545,10.582,6832.0,6832.4,72321.9901,1
1787185800000,10.588,10.617,10.566,10.574,1288.0,1288.8,13644.7803,1
1787186700000,10.574,10.588,10.515,10.529,5547.0,5547.6,58585.2097,1
1787187600000,10.528,10.586,10.473,10.495,12739.0,12739.3,133921.8353,1
1787188500000,10.495,10.499,10.47,10.47,1778.0,1778.8,18651.1153,1
1787189400000,10.47,10.519,10.464,10.514,1827.0,1827.1,19172.2065,1
1787190300000,10.514,10.549,10.514,10.532,1070.0,1070.9,11284.2851,1
1787191200000,10.532,10.546,10.503,10.529,2661.0,2661.7,27991.5934,1
1787192100000,10.528,10.53,10.49,10.508,1977.0,1977.7,20781.6675,1
1787193000000,10.505,10.53,10.501,10.518,2595.0,2595.4,27289.6874,1
1787193900000,10.516,10.52,10.486,10.503,2262.0,2262.4,23762.755,1
1787194800000,10.502,10.502,10.363,10.382,5589.0,5589.0,58211.8455,1
1787195700000,10.38,10.437,10.378,10.427,3440.0,3440.4,35806.0223,1
1787196600000,10.427,10.449,10.423,10.438,2343.0,2343.4,24459.9161,1
1787197500000,10.437,10.465,10.434,10.436,2393.0,2393.2,25000.1483,1
1787198400000,10.435,10.467,10.431,10.453,1086.0,1086.7,11347.4925,1
1787199300000,10.453,10.467,10.447,10.447,880.0,880.5,9207.2136,1
1787200200000,10.45,10.45,10.405,10.437,1395.0,1395.6,14535.8658,1
1787201100000,10.437,10.467,10.432,10.439,1316.0,1316.0,13754.0798,1
1787202000000,10.439,10.452,10.426,10.426,1860.0,1860.2,19427.2394,1
1787202900000,10.431,10.463,10.431,10.438,2475.0,2475.1,25850.3867,1
1787203800000,10.438,10.441,10.422,10.425,970.0,970.2,10120.7842,1
1787204700000,10.425,10.455,10.413,10.449,1480.0,1480.8,15451.5682,1
1787205600000,10.455,10.479,10.449,10.472,2380.0,2380.5,24921.7231,1
1787206500000,10.464,10.479,10.45,10.456,1428.0,1428.2,14945.7559,1
1787207400000,10.46,10.549,10.46,10.549,3368.0,3368.0,35383.9717,1
1787208300000,10.55,10.584,10.548,10.584,1480.0,1480.4,15638.8223,1
1787209200000,10.583,10.583,10.536,10.548,1149.0,1149.8,12143.0119,1
1787210100000,10.547,10.547,10.526,10.543,1437.0,1437.8,15145.4638,1
1787211000000,10.537,10.542,10.514,10.525,1127.0,1127.5,11864.9428,1
1787211900000,10.522,10.553,10.515,10.542,1312.0,1312.0,13826.0012,1
1787212800000,10.545,10.663,10.535,10.656,6334.0,6334.6,67244.6087,1
1787213700000,10.65,10.669,10.607,10.649,2604.0,2604.0,27703.6223,1
1787214600000,10.647,10.68,10.627,10.68,6498.0,6498.1,69273.1711,1
1787215500000,10.679,10.696,10.655,10.655,1635.0,1635.0,17470.3394,1
1787216400000,10.657,10.678,10.645,10.677,3588.0,3588.9,38270.8604,1
1787217300000,10.673,10.674,10.632,10.634,28778.0,28778.5,306496.5869,1
1787218200000,10.634,10.652,10.618,10.646,1747.0,1747.7,18582.6845,1
1787219100000,10.646,10.646,10.566,10.578,2055.0,2055.6,21784.8995,1
1787220000000,10.582,10.624,10.569,10.624,1716.0,1716.4,18191.7089,1
1787220900000,10.622,10.66,10.622,10.66,4351.0,4351.9,46334.3585,1
1787221800000,10.657,10.693,10.647,10.692,17740.0,17740.4,189172.9286,1
1787222700000,10.692,10.707,10.678,10.695,2410.0,2410.2,25780.7468,1
1787223600000,10.692,10.712,10.665,10.677,3477.0,3477.9,37144.3286,1
1787224500000,10.675,10.696,10.663,10.678,1479.0,1479.0,15790.1681,1
1787225400000,10.678,10.756,10.671,10.731,5251.0,5251.2,56311.7754,1
1787226300000,10.728,10.758,10.658,10.66,72628.0,72628.2,779647.4329,1
1787227200000,10.663,10.678,10.592,10.597,3424.0,3424.5,36389.2884,1
1787228100000,10.593,10.61,10.56,10.574,15770.0,15770.4,166829.9462,1
1787229000000,10.573,10.585,10.536,10.56,6207.0,6207.9,65555.8023,1
1787229900000,10.561,10.6,10.523,10.591,6775.0,6775.3,71581.5958,1
1787230800000,10.594,10.648,10.589,10.614,2803.0,2803.9,29750.8969,1
1787231700000,10.61,10.625,10.592,10.598,2286.0,2286.5,24258.8883,1
1787232600000,10.6,10.607,10.518,10.606,8065.0,8065.1,85148.758,1
1787233500000,10.603,10.608,10.56,10.593,2982.0,2982.8,31547.5038,1
1787234400000,10.592,10.669,10.586,10.635,5440.0,5440.3,57837.3075,1
1787235300000,10.638,10.642,10.576,10.584,3496.0,3496.5,37130.2206,1
1787236200000,10.582,10.613,10.559,10.56,2212.0,2212.8,23407.7222,1
1787237100000,10.56,10.56,10.506,10.548,26659.0,26659.9,280570.4552,1
1787238000000,10.546,10.648,10.541,10.618,21838.0,21838.7,231778.1721,1
1787238900000,10.627,10.648,10.589,10.647,5006.0,5006.6,53170.1741,1
1787239800000,10.647,10.713,10.638,10.654,10962.0,10962.6,116914.7457,1
1787240700000,10.654,10.722,10.643,10.711,2862.0,2862.0,30614.3188,1
1787241600000,10.707,10.718,10.652,10.66,4660.0,4660.0,49782.1302,1
1787242500000,10.66,10.687,10.648,10.685,1740.0,1740.3,18553.3067,1
1787243400000,10.681,10.801,10.663,10.787,14911.0,14911.3,160420.0673,1
1787244300000,10.787,10.797,10.752,10.765,37003.0,37003.5,398672.3706,1
1787245200000,10.768,10.809,10.752,10.793,4778.0,4778.6,51492.0384,1
1787246100000,10.797,10.797,10.719,10.772,4428.0,4428.6,47636.9154,1
1787247000000,10.771,10.802,10.754,10.789,4521.0,4521.5,48741.0508,1
1787247900000,10.788,10.869,10.761,10.778,65300.0,65300.1,707727.8239,1
1787248800000,10.782,10.797,10.643,10.671,12925.0,12925.4,138158.889,1
1787249700000,10.67,10.721,10.638,10.682,13621.0,13621.3,145729.9723,1
1787250600000,10.678,10.691,10.634,10.683,3283.0,3283.8,35033.7486,1
1787251500000,10.682,10.682,10.608,10.619,1800.0,1800.4,19180.6935,1
1787252400000,10.617,10.647,10.598,10.627,43221.0,43221.8,458517.393,1
1787253300000,10.627,10.667,10.627,10.648,42441.0,42441.7,451881.9841,1
1787254200000,10.642,10.663,10.635,10.653,1296.0,1296.8,13812.9682,1
1787255100000,10.648,10.658,10.631,10.647,1222.0,1222.5,13006.1136,1
1787256000000,10.648,10.672,10.629,10.632,1023.0,1023.5,10895.9843,1
1787256900000,10.636,10.672,10.616,10.633,6551.0,6551.4,69745.3223,1
1787257800000,10.634,10.651,10.608,10.616,14377.0,14377.0,152887.204,1
1787258700000,10.615,10.633,10.587,10.617,14090.0,14090.4,149530.1372,1
1787259600000,10.616,10.622,10.588,10.608,1963.0,1963.1,20837.298,1
1787260500000,10.611,10.619,10.55,10.55,1834.0,1834.2,19386.4045,1
1787261400000,10.55,10.588,10.546,10.573,2295.0,2295.9,24246.8293,1
1787262300000,10.573,10.573,10.543,10.568,7830.0,7830.1,82643.9404,1
1787263200000,10.564,10.565,10.5,10.524,4936.0,4936.3,51960.2877,1
1787264100000,10.524,10.589,10.515,10.588,2953.0,2953.7,31163.9408,1
1787265000000,10.589,10.621,10.578,10.591,3536.0,3536.7,37495.7458,1
1787265900000,10.592,10.625,10.592,10.616,3420.0,3420.8,36293.8172,1
1787266800000,10.615,10.623,10.602,10.617,1680.0,1680.8,17846.0258,1
1787267700000,10.617,10.708,10.615,10.705,4963.0,4963.0,52918.0803,1
1787268600000,10.706,10.712,10.665,10.666,3838.0,3838.8,41030.7696,1
1787269500000,10.663,10.692,10.658,10.686,1743.0,1743.3,18619.6958,1
1787270400000,10.689,10.722,10.68,10.72,3374.0,3374.3,36114.8735,1
1787271300000,10.72,10.782,10.716,10.754,5002.0,5002.5,53837.688,1
1787272200000,10.76,10.782,10.744,10.77,2541.0,2541.1,27338.0911,1
1787273100000,10.769,10.787,10.737,10.759,2536.0,2536.5,27306.033,1
1787274000000,10.757,10.787,10.74,10.776,3173.0,3173.9,34207.8706,1
1787274900000,10.775,10.819,10.706,10.746,7567.0,7567.9,81308.2137,1
1787275800000,10.748,10.797,10.744,10.777,3068.0,3068.2,33051.979,1
1787276700000,10.776,10.886,10.775,10.827,43592.0,43592.6,473238.698,1
1787277600000,10.827,10.827,10.769,10.826,15998.0,15998.5,172776.2074,1
1787278500000,10.826,10.982,10.813,10.908,8955.0,8955.6,97707.7775,1
1787279400000,10.918,10.991,10.847,10.945,137543.0,137543.8,1504115.1044,1
1787280300000,10.947,10.947,10.856,10.876,21504.0,21504.6,234432.4217,1
1787281200000,10.876,10.957,10.872,10.941,3082.0,3082.3,33606.7964,1
1787282100000,10.948,10.99,10.939,10.979,3092.0,3092.7,33936.6973,1
1787283000000,10.975,11.033,10.932,10.936,9340.0,9340.3,102505.9354,1
1787283900000,10.931,10.969,10.905,10.906,24670.0,24670.3,270132.2439,1
1787284800000,10.906,10.968,10.898,10.898,11267.0,11267.6,123095.4065,1
1787285700000,10.903,10.916,10.86,10.877,1947.0,1947.1,21185.984,1
1787286600000,10.871,10.92,10.86,10.919,21545.0,21545.6,234842.4683,1
1787287500000,10.919,10.93,10.897,10.9,1137.0,1137.6,12415.1235,1
1787288400000,10.9,10.925,10.871,10.924,922.0,922.4,10056.1036,1
1787289300000,10.925,10.939,10.861,10.877,21645.0,21645.2,235915.9998,1
1787290200000,10.87,10.912,10.86,10.896,2622.0,2622.5,28541.2146,1
1787291100000,10.897,10.957,10.897,10.937,2571.0,2571.0,28098.1456,1
1787292000000,10.938,10.989,10.925,10.986,4289.0,4289.3,47053.4975,1
1787292900000,10.989,11.023,10.945,10.998,2248.0,2248.8,24731.4024,1
1787293800000,10.996,11.064,10.969,10.996,29263.0,29263.1,322823.0975,1
1787294700000,10.997,10.998,10.932,10.967,1781.0,1781.6,19524.3409,1
1787295600000,10.967,11.102,10.963,11.099,6126.0,6126.8,67686.7238,1
1787296500000,11.096,11.6,11.092,11.587,17442.0,17442.4,199759.433,1
1787297400000,11.593,11.845,11.57,11.599,127621.0,127621.9,1490202.5519,1
1787298300000,11.585,11.613,11.515,11.544,26763.0,26763.7,308690.0573,1
1787299200000,11.549,11.596,11.46,11.506,105171.0,105171.6,1213686.5939,1
1787300100000,11.506,11.599,11.506,11.583,4367.0,4367.3,50523.0447,1
1787301000000,11.576,11.658,11.525,11.614,28531.0,28531.4,330806.8897,1
1787301900000,11.614,11.749,11.607,11.729,18523.0,18523.6,216033.6809,1
1787302800000,11.726,11.735,11.326,11.422,70311.0,70311.3,812165.0872,1
1787303700000,11.422,11.445,11.348,11.433,7034.0,7034.2,80033.7608,1
1787304600000,11.432,11.534,11.402,11.527,99319.0,99319.3,1137171.5117,1
1787305500000,11.527,11.562,11.421,11.477,5547.0,5547.0,63706.4955,1
1787306400000,11.477,11.48,11.406,11.422,17520.0,17520.2,200852.9645,1
1787307300000,11.425,11.48,11.349,11.378,4350.0,4350.2,49713.2723,1
1787308200000,11.38,11.419,11.34,11.419,4104.0,4104.7,46653.4007,1
1787309100000,11.42,11.45,11.391,11.412,2564.0,2564.2,29270.4223,1
1787310000000,11.408,11.413,11.312,11.373,4647.0,4647.6,52860.4096,1
1787310900000,11.365,11.418,11.361,11.405,4089.0,4089.2,46584.3266,1
1787311800000,11.405,11.418,11.25,11.275,5167.0,5167.0,58500.2862,1
1787312700000,11.272,11.313,11.228,11.274,21879.0,21879.2,246705.297,1
1787313600000,11.287,11.324,11.243,11.313,5350.0,5350.2,60337.3874,1
1787314500000,11.313,11.322,11.287,11.306,1674.0,1674.3,18922.8,1
1787315400000,11.306,11.394,11.287,11.394,3223.0,3223.5,36525.8314,1
1787316300000,11.392,11.404,11.346,11.371,2891.0,2891.9,32902.0483,1
1787317200000,11.369,11.385,11.32,11.346,2393.0,2393.5,27167.4764,1
1787318100000,11.346,11.358,11.302,11.345,2559.0,2559.5,28986.7657,1
1787319000000,11.342,11.426,11.272,11.426,6600.0,6600.6,74878.9221,1
1787319900000,11.425,11.477,11.411,11.413,22922.0,22922.9,262217.7494,1
1787320800000,11.416,11.42,11.335,11.377,10814.0,10814.8,123242.957,1
1787321700000,11.379,11.426,11.306,11.426,7865.0,7865.9,89260.797,1
1787322600000,11.427,11.455,11.395,11.436,4941.0,4941.8,56480.7037,1
1787323500000,11.438,11.515,11.438,11.514,9160.0,9160.4,105163.5311,1
1787324400000,11.511,11.591,11.492,11.582,77711.0,77711.5,897103.1622,1
1787325300000,11.588,11.629,11.505,11.522,32542.0,32542.7,376916.6915,1
1787326200000,11.517,11.539,11.48,11.508,3204.0,3204.0,36898.264,1
1787327100000,11.513,11.539,11.48,11.518,2898.0,2898.7,33350.8989,1
1787328000000,11.521,11.565,11.43,11.433,9074.0,9074.4,104261.7752,1
1787328900000,11.427,11.532,11.406,11.531,22918.0,22918.2,263320.0851,1
1787329800000,11.532,11.587,11.532,11.566,5971.0,5971.4,69045.8198,1
1787330700000,11.565,11.615,11.531,11.545,8826.0,8826.4,102337.0861,1
1787331600000,11.542,11.576,11.53,11.543,4061.0,4061.7,46916.0133,1
1787332500000,11.544,11.544,11.475,11.541,4342.0,4342.9,49987.719,1
1787333400000,11.535,11.614,11.525,11.612,2952.0,2952.3,34191.2066,1
1787334300000,11.612,11.647,11.599,11.61,9552.0,9552.5,110962.42,1
1787335200000,11.612,11.651,11.556,11.602,96979.0,96979.5,1127500.7315,1
1787336100000,11.602,11.66,11.597,11.644,1873.0,1873.4,21802.2236,1
1787337000000,11.639,11.651,11.567,11.573,4375.0,4375.8,50772.2203,1
1787337900000,11.574,11.593,11.498,11.592,6563.0,6563.7,75825.9129,1
1787338800000,11.591,11.645,11.515,11.635,6151.0,6151.4,71241.346,1
1787339700000,11.639,11.644,11.58,11.641,1389.0,1389.6,16138.9435,1
1787340600000,11.64,11.683,11.614,11.622,4313.0,4313.9,50285.2805,1
1787341500000,11.623,11.658,11.6,11.657,2210.0,2210.6,25707.814,1
1787342400000,11.658,11.721,11.63,11.683,77736.0,77736.2,908738.9602,1
1787343300000,11.685,11.81,11.685,11.81,38097.0,38097.2,447045.6723,1
1787344200000,11.812,11.829,11.7,11.774,43210.0,43210.5,508855.1478,1
1787345100000,11.772,11.798,11.736,11.798,13371.0,13371.1,157257.1066,1
1787346000000,11.8,11.93,11.8,11.91,70697.0,70697.2,838243.2783,1
1787346900000,11.913,11.998,11.906,11.961,66445.0,66445.4,793766.2228,1
1787347800000,11.974,12.098,11.971,12.05,63123.0,63123.3,761087.0851,1
1787348700000,12.05,12.193,12.012,12.164,26490.0,26490.5,322012.2581,1
1787349600000,12.165,12.399,12.107,12.399,28070.0,28070.0,344847.1189,1
1787350500000,12.398,12.402,12.197,12.204,15898.0,15898.7,195320.903,1
1787351400000,12.212,12.276,12.144,12.246,6845.0,6845.1,83592.0835,1
1787352300000,12.244,12.248,12.126,12.195,10011.0,10011.5,121941.4423,1
1787353200000,12.202,12.223,12.139,12.145,5589.0,5589.4,67986.3761,1
1787354100000,12.145,12.197,12.113,12.121,6545.0,6545.4,79524.5811,1
1787355000000,12.129,12.135,12.024,12.082,17872.0,17872.3,215649.0138,1
1787355900000,12.084,12.092,11.975,11.996,10405.0,10405.2,125077.9905,1
1787356800000,11.996,12.019,11.866,11.968,19029.0,19029.3,228007.1358,1
1787357700000,11.966,12.039,11.949,11.969,43284.0,43284.1,519541.4519,1
1787358600000,11.971,12.035,11.957,12.032,13191.0,13191.5,158429.4013,1
1787359500000,12.029,12.1,12.006,12.094,3674.0,3674.3,44272.572,1
1787360400000,12.093,12.138,12.074,12.107,12313.0,12313.3,149072.4901,1
1787361300000,12.11,12.138,12.033,12.05,9954.0,9954.3,120486.573,1
1787362200000,12.051,12.098,12.032,12.033,2954.0,2954.7,35664.5598,1
1787363100000,12.026,12.07,12.002,12.014,2316.0,2316.8,27889.5953,1
1787364000000,12.013,12.082,12.013,12.058,2380.0,2380.4,28690.9748,1
1787364900000,12.058,12.125,12.022,12.122,54402.0,54402.2,656131.5558,1
1787365800000,12.124,12.164,12.067,12.158,4499.0,4499.2,54567.6722,1
1787366700000,12.164,12.222,12.122,12.22,5431.0,5431.8,66072.6849,1
1787367600000,12.219,12.244,12.172,12.198,8943.0,8943.8,109216.5045,1
1787368500000,12.204,12.42,12.197,12.403,12927.0,12927.3,159663.0471,1
1787369400000,12.411,12.465,12.339,12.373,18516.0,18516.8,230023.3797,1
1787370300000,12.366,12.46,12.341,12.377,11791.0,11791.6,146498.6055,1
1787371200000,12.383,12.438,12.334,12.408,4234.0,4234.9,52455.7289,1
1787372100000,12.404,12.404,12.306,12.324,5181.0,5181.9,63931.5689,1
1787373000000,12.331,12.611,12.321,12.605,9502.0,9502.4,118881.7769,1
1787373900000,12.594,12.61,12.475,12.543,13183.0,13183.2,165485.2418,1
1787374800000,12.534,12.597,10.614,11.698,154195.0,154195.3,1725602.7251,1
1787375700000,11.721,11.912,11.3,11.828,37001.0,37001.6,430475.8254,1
1787376600000,11.829,11.899,11.662,11.721,11833.0,11833.1,139402.39,1
1787377500000,11.721,11.899,11.715,11.833,7770.0,7770.4,91839.0765,1
1787378400000,11.84,11.858,11.704,11.765,6464.0,6464.0,76221.197,1
1787379300000,11.773,11.877,11.773,11.822,6302.0,6302.8,74626.8981,1
1787380200000,11.824,11.929,11.72,11.889,6120.0,6120.8,72494.3575,1
1787381100000,11.886,11.906,11.849,11.858,2507.0,2507.5,29753.2276,1
1787382000000,11.849,11.926,11.78,11.813,5068.0,5068.7,60031.4003,1
1787382900000,11.819,11.875,11.74,11.873,4091.0,4091.5,48262.2653,1
1787383800000,11.868,11.871,11.747,11.765,2727.0,2727.6,32188.7106,1
1787384700000,11.761,11.783,11.74,11.751,1890.0,1890.9,22243.3781,1
1787385600000,11.757,11.83,11.722,11.825,6399.0,6399.1,75350.8981,1
1787386500000,11.811,11.824,11.692,11.706,3253.0,3253.3,38288.265,1
1787387400000,11.703,11.715,11.546,11.614,4783.0,4783.9,55608.713,1
1787388300000,11.61,11.615,11.567,11.61,3696.0,3696.7,42850.0768,1
1787389200000,11.61,11.686,11.514,11.686,5657.0,5657.1,65565.7315,1
1787390100000,11.685,11.711,11.65,11.697,3724.0,3724.6,43529.9915,1
1787391000000,11.705,11.705,11.607,11.675,3148.0,3148.4,36680.4203,1
1787391900000,11.684,11.686,11.582,11.603,6418.0,6418.4,74522.9364,1
1787392800000,11.606,11.614,11.451,11.451,8021.0,8021.3,92294.6318,1
1787393700000,11.451,11.509,11.374,11.457,6227.0,6227.7,71260.2288,1
1787394600000,11.459,11.567,11.438,11.561,3507.0,3507.9,40349.4386,1
1787395500000,11.56,11.572,11.511,11.538,2329.0,2329.9,26875.6257,1
1787396400000,11.54,11.581,11.501,11.548,5113.0,5113.7,59102.0801,1
1787397300000,11.552,11.672,11.54,11.672,10832.0,10832.3,126181.6626,1
1787398200000,11.671,11.724,11.656,11.722,25063.0,25063.2,292813.2278,1
1787399100000,11.721,11.727,11.668,11.692,15071.0,15071.1,176236.4305,1
1787400000000,11.692,11.801,11.671,11.785,29048.0,29048.6,341433.0361,1
1787400900000,11.777,11.888,11.77,11.839,27296.0,27296.7,323581.0114,1
1787401800000,11.833,11.888,11.801,11.888,1920.0,1920.6,22720.212,1
1787402700000,11.887,11.899,11.83,11.871,18120.0,18120.3,215210.3634,1
1787403600000,11.873,11.899,11.83,11.83,4266.0,4266.7,50566.893,1
1787404500000,11.832,11.869,11.771,11.804,2440.0,2440.9,28854.3202,1
1787405400000,11.804,11.829,11.759,11.802,2083.0,2083.4,24554.6903,1
1787406300000,11.81,11.811,11.762,11.784,1625.0,1625.9,19174.1066,1
1787407200000,11.787,11.796,11.704,11.765,4345.0,4345.6,51076.9898,1
1787408100000,11.771,11.782,11.713,11.731,2041.0,2041.8,23972.6173,1
1787409000000,11.731,11.775,11.706,11.727,10801.0,10801.3,126945.4839,1
1787409900000,11.734,11.738,11.631,11.659,6423.0,6423.0,74978.037,1
1787410800000,11.663,11.688,11.534,11.549,12305.0,12305.2,142694.3329,1
1787411700000,11.546,11.595,11.485,11.586,38750.0,38750.2,447053.7299,1
1787412600000,11.587,11.628,11.557,11.59,23149.0,23149.0,268396.0272,1
1787413500000,11.589,11.631,11.58,11.62,4642.0,4642.2,53858.099,1
1787414400000,11.619,11.637,11.529,11.586,19146.0,19146.9,221623.3703,1
1787415300000,11.591,11.685,11.584,11.669,9606.0,9606.5,111898.7114,1
1787416200000,11.679,11.742,11.64,11.727,6638.0,6638.5,77629.9679,1
1787417100000,11.737,11.791,11.733,11.746,11549.0,11549.6,135945.0162,1
1787418000000,11.748,11.767,11.694,11.709,4467.0,4467.3,52381.8763,1
1787418900000,11.717,11.783,11.698,11.703,1602.0,1602.3,18827.4017,1
1787419800000,11.704,11.758,11.7,11.725,1896.0,1896.7,22253.3788,1
1787420700000,11.725,11.779,11.714,11.729,7589.0,7589.3,89044.1643,1
1787421600000,11.733,11.754,11.704,11.716,1006.0,1006.0,11799.8296,1
1787422500000,11.714,11.8,11.714,11.766,2357.0,2357.3,27734.3423,1
1787423400000,11.763,11.771,11.703,11.706,4137.0,4137.2,48527.0718,1
1787424300000,11.706,11.738,11.657,11.706,6193.0,6193.6,72431.6923,1
1787425200000,11.699,11.766,11.692,11.766,4551.0,4551.7,53464.4932,1
1787426100000,11.764,11.764,11.697,11.702,2191.0,2191.1,25670.6134,1
1787427000000,11.705,11.744,11.705,11.742,5750.0,5750.6,67423.895,1
1787427900000,11.743,11.768,11.737,11.744,5575.0,5575.3,65475.0942,1
1787428800000,11.747,11.811,11.736,11.785,5940.0,5940.3,69945.9379,1
1787429700000,11.783,11.792,11.749,11.758,1774.0,1774.1,20873.369,1
1787430600000,11.757,11.772,11.73,11.734,14354.0,14354.3,168552.5035,1
1787431500000,11.739,11.742,11.698,11.713,7478.0,7478.6,87632.3855,1
1787432400000,11.71,11.71,11.566,11.568,14616.0,14616.5,169756.6439,1
1787433300000,11.571,11.626,11.571,11.602,5683.0,5683.5,65984.3886,1
1787434200000,11.601,11.609,11.511,11.568,12058.0,12058.7,139134.3654,1
1787435100000,11.565,11.565,11.496,11.51,2267.0,2267.2,26123.4777,1
1787436000000,11.525,11.587,11.474,11.572,3530.0,3530.7,40726.282,1
1787436900000,11.583,11.606,11.552,11.588,2364.0,2364.0,27362.3921,1
1787437800000,11.589,11.607,11.546,11.592,2992.0,2992.5,34672.7877,1
1787438700000,11.593,11.608,11.564,11.582,1639.0,1639.8,19013.6142,1
1787439600000,11.585,11.605,11.562,11.591,1324.0,1324.5,15352.6025,1
1787440500000,11.591,11.617,11.576,11.596,607.0,607.1,7044.6945,1
1787441400000,11.597,11.656,11.58,11.642,6613.0,6613.7,76823.7273,1
1787442300000,11.641,11.677,11.641,11.65,1778.0,1778.8,20743.2949,1
1787443200000,11.65,11.686,11.632,11.656,8435.0,8435.6,98301.5729,1
1787444100000,11.656,11.697,11.649,11.692,2311.0,2311.4,27007.1057,1
1787445000000,11.692,11.747,11.687,11.689,4212.0,4212.6,49353.7937,1
1787445900000,11.692,11.733,11.669,11.723,2587.0,2587.9,30314.618,1
1787446800000,11.718,11.721,11.642,11.698,13242.0,13242.0,154581.6939,1
1787447700000,11.694,11.705,11.657,11.686,1690.0,1690.1,19739.2685,1
1787448600000,11.688,11.71,11.621,11.652,6518.0,6518.0,75906.7768,1
1787449500000,11.654,11.684,11.587,11.611,8834.0,8834.3,102790.4571,1
1787450400000,11.607,11.617,11.506,11.506,2675.0,2675.6,30953.3652,1
1787451300000,11.508,11.553,11.495,11.527,3879.0,3879.7,44680.7868,1
1787452200000,11.53,11.58,11.516,11.548,1969.0,1969.5,22774.2045,1
1787453100000,11.544,11.602,11.534,11.542,1139.0,1139.1,13168.1389,1
1787454000000,11.543,11.551,11.491,11.516,3305.0,3305.4,38076.1232,1
1787454900000,11.515,11.537,11.474,11.474,2626.0,2626.0,30176.2087,1
1787455800000,11.474,11.474,11.427,11.434,19760.0,19760.9,226225.852,1
1787456700000,11.446,11.495,11.443,11.456,928.0,928.3,10646.9198,1
1787457600000,11.457,11.508,11.414,11.502,2126.0,2126.3,24334.8135,1
1787458500000,11.506,11.518,11.44,11.491,10992.0,10992.6,126322.9288,1
1787459400000,11.49,11.496,11.413,11.417,10653.0,10653.7,121909.9851,1
1787460300000,11.412,11.423,11.271,11.274,17606.0,17606.2,199488.1991,1
1787461200000,11.273,11.3,11.183,11.208,10443.0,10443.6,117477.0081,1
1787462100000,11.198,11.266,11.052,11.234,18267.0,18267.0,204431.0246,1
1787463000000,11.232,11.26,11.177,11.186,5873.0,5873.0,65890.9025,1
1787463900000,11.187,11.196,11.142,11.142,2609.0,2609.4,29164.676,1
1787464800000,11.143,11.192,11.109,11.188,1670.0,1670.7,18602.6317,1
1787465700000,11.188,11.262,11.178,11.254,8887.0,8887.6,99670.4672,1
1787466600000,11.256,11.312,11.252,11.282,3083.0,3083.2,34796.5155,1
1787467500000,11.286,11.293,11.218,11.232,2269.0,2269.8,25495.5504,1
1787468400000,11.23,11.289,11.216,11.281,1049.0,1049.5,11805.5232,1
1787469300000,11.281,11.312,11.281,11.305,1939.0,1939.6,21912.8111,1
1787470200000,11.302,11.312,11.267,11.288,777.0,777.6,8778.109,1
1787471100000,11.288,11.334,11.28,11.31,966.0,966.8,10929.2291,1
1787472000000,11.305,11.361,11.276,11.351,4654.0,4654.9,52814.7616,1
1787472900000,11.347,11.368,11.336,11.349,1163.0,1163.5,13209.1943,1
1787473800000,11.352,11.404,11.345,11.371,3645.0,3645.9,41502.8733,1
1787474700000,11.371,11.382,11.32,11.33,747.0,747.0,8474.7241,1
1787475600000,11.326,11.391,11.32,11.381,4281.0,4281.2,48703.3055,1
1787476500000,11.38,11.382,11.359,11.373,9614.0,9614.0,109316.3825,1
1787477400000,11.368,11.373,11.336,11.369,713.0,713.0,8095.104,1
1787478300000,11.371,11.407,11.345,11.395,1085.0,1085.8,12365.855,1
1787479200000,11.394,11.426,11.392,11.407,1848.0,1848.0,21088.5558,1
1787480100000,11.413,11.471,11.413,11.418,1684.0,1684.9,19267.6573,1
1787481000000,11.418,11.458,11.415,11.445,991.0,991.2,11332.9835,1
1787481900000,11.439,11.444,11.415,11.44,654.0,654.4,7481.693,1
1787482800000,11.443,11.463,11.287,11.313,3355.0,3355.9,38054.0385,1
1787483700000,11.315,11.474,11.297,11.366,3160.0,3160.8,36013.633,1
1787484600000,11.366,11.433,11.348,11.419,2253.0,2253.6,25653.5246,1
1787485500000,11.425,11.429,11.395,11.418,2554.0,2554.5,29159.2466,1
1787486400000,11.415,11.417,11.348,11.374,1326.0,1326.0,15086.2435,1
1787487300000,11.375,11.38,11.351,11.365,768.0,768.8,8738.6788,1
1787488200000,11.367,11.445,11.362,11.444,1984.0,1984.8,22632.1696,1
1787489100000,11.444,11.444,11.358,11.405,1262.0,1262.8,14401.9856,1
1787490000000,11.401,11.456,11.401,11.439,1606.0,1606.7,18373.7272,1
1787490900000,11.439,11.585,11.439,11.537,15100.0,15100.4,174145.0779,1
1787491800000,11.538,11.615,11.525,11.58,7100.0,7100.2,82211.9992,1
1787492700000,11.578,11.62,11.552,11.611,26239.0,26239.2,304394.1091,1
1787493600000,11.617,11.646,11.579,11.617,20963.0,20963.4,243639.9191,1
1787494500000,11.616,11.645,11.551,11.558,7189.0,7189.0,83419.9739,1
1787495400000,11.552,11.596,11.256,11.419,11235.0,11235.7,128378.4824,1
1787496300000,11.422,11.509,11.422,11.504,8095.0,8095.5,92926.6382,1
1787497200000,11.507,11.546,11.442,11.479,8340.0,8340.3,95842.8132,1
1787498100000,11.482,11.494,11.394,11.473,6662.0,6662.8,76303.1123,1
1787499000000,11.48,11.515,11.454,11.514,2631.0,2631.0,30223.4488,1
1787499900000,11.508,11.51,11.455,11.455,1556.0,1556.6,17865.3259,1
1787500800000,11.468,11.511,11.465,11.498,2654.0,2654.0,30478.3638,1
1787501700000,11.497,11.512,11.457,11.505,5870.0,5870.6,67429.8788,1
1787502600000,11.505,11.544,11.501,11.517,1107.0,1107.7,12768.7405,1
1787503500000,11.511,11.546,11.507,11.51,981.0,981.2,11308.4881,1
1787504400000,11.514,11.532,11.433,11.515,13472.0,13472.9,154775.4741,1
1787505300000,11.515,11.533,11.475,11.494,3372.0,3372.6,38769.5556,1
1787506200000,11.494,11.527,11.454,11.503,1009.0,1009.0,11599.2351,1
1787507100000,11.503,11.529,11.475,11.484,3023.0,3023.2,34760.0753,1
1787508000000,11.476,11.564,11.476,11.558,10680.0,10680.4,123302.6974,1
1787508900000,11.555,11.564,11.521,11.549,1072.0,1072.3,12382.7951,1
1787509800000,11.551,11.6,11.536,11.561,2972.0,2972.0,34356.1573,1
1787510700000,11.562,11.598,11.558,11.592,5244.0,5244.4,60787.8955,1
1787511600000,11.594,11.6,11.509,11.525,2244.0,2244.2,25924.7955,1
1787512500000,11.525,11.537,11.509,11.52,1928.0,1928.1,22206.528,1
1787513400000,11.513,11.518,11.479,11.515,3587.0,3587.3,41251.9589,1
1787514300000,11.515,11.536,11.492,11.495,3283.0,3283.8,37819.4967,1
1787515200000,11.496,11.497,11.441,11.464,3397.0,3397.6,38968.8945,1
1787516100000,11.462,11.493,11.462,11.48,1513.0,1513.8,17380.6571,1
1787517000000,11.483,11.52,11.478,11.508,3030.0,3030.5,34866.6916,1
1787517900000,11.508,11.51,11.489,11.508,2272.0,2272.4,26140.1331,1
1787518800000,11.515,11.638,11.51,11.629,2519.0,2519.3,29188.9058,1
1787519700000,11.634,11.7,11.631,11.7,3585.0,3585.3,41823.4143,1
1787520600000,11.7,11.734,11.589,11.602,7168.0,7168.4,83633.4124,1
1787521500000,11.602,11.673,11.602,11.621,2064.0,2064.1,24012.194,1
1787522400000,11.62,11.663,11.556,11.594,3405.0,3405.4,39462.135,1
1787523300000,11.591,11.615,11.561,11.585,2801.0,2801.5,32468.8145,1
1787524200000,11.585,11.6,11.554,11.574,976.0,976.3,11299.8896,1
1787525100000,11.577,11.586,11.538,11.549,1530.0,1530.5,17703.3838,1
1787526000000,11.549,11.566,11.482,11.493,3151.0,3151.6,36259.6099,1
1787526900000,11.499,11.543,11.464,11.532,2747.0,2747.2,31613.1478,1
1787527800000,11.534,11.569,11.48,11.49,5312.0,5312.4,61213.5833,1
1787528700000,11.49,11.554,11.483,11.543,4875.0,4875.8,56059.3043,1
1787529600000,11.542,11.549,11.463,11.493,2656.0,2656.8,30555.0617,1
1787530500000,11.498,11.507,11.372,11.437,6825.0,6825.0,78028.0883,1
1787531400000,11.437,11.515,11.427,11.427,1843.0,1843.3,21146.9048,1
1787532300000,11.428,11.54,11.404,11.54,5449.0,5449.2,62532.9009,1
1787533200000,11.54,11.555,11.495,11.508,22026.0,22026.0,254157.2964,1
1787534100000,11.501,11.509,11.415,11.43,12710.0,12710.6,145330.4727,1
1787535000000,11.428,11.455,11.374,11.374,33657.0,33657.9,383816.7411,1
1787535900000,11.38,11.381,11.326,11.327,13612.0,13612.7,154436.2445,1
1787536800000,11.326,11.445,11.301,11.442,5706.0,5706.1,64721.8397,1
1787537700000,11.444,11.489,11.444,11.478,17018.0,17018.8,194999.0447,1
1787538600000,11.476,11.507,11.452,11.46,1225.0,1225.5,14076.5711,1
1787539500000,11.46,11.47,11.409,11.463,2442.0,2442.9,27934.8622,1
1787540400000,11.458,11.471,11.394,11.41,1235.0,1235.1,14105.5011,1
1787541300000,11.41,11.439,11.386,11.386,1633.0,1633.5,18626.5273,1
1787542200000,11.387,11.404,11.349,11.359,9569.0,9569.1,108716.1248,1
1787543100000,11.359,11.385,11.348,11.35,973.0,973.9,11066.2452,1
1787544000000,11.35,11.414,11.35,11.412,7047.0,7047.3,80164.31,1
1787544900000,11.418,11.491,11.418,11.49,2049.0,2049.1,23478.2704,1
1787545800000,11.49,11.503,11.451,11.499,7214.0,7214.2,82944.2504,1
1787546700000,11.5,11.507,11.422,11.49,3014.0,3014.8,34507.8822,1
1787547600000,11.488,11.579,11.456,11.578,5504.0,5504.1,63453.2449,1
1787548500000,11.578,11.582,11.532,11.548,3939.0,3939.2,45550.9944,1
1787549400000,11.546,11.571,11.495,11.532,1466.0,1466.2,16907.1933,1
1787550300000,11.53,11.543,11.498,11.505,1051.0,1051.6,12104.3599,1
1787551200000,11.503,11.568,11.469,11.56,4828.0,4828.0,55558.9128,1
1787552100000,11.557,11.566,11.526,11.542,1026.0,1026.1,11847.4412,1
1787553000000,11.539,11.551,11.475,11.488,1100.0,1100.1,12657.9526,1
1787553900000,11.488,11.572,11.474,11.56,1285.0,1285.6,14843.4159,1
1787554800000,11.556,11.672,11.537,11.647,2885.0,2885.5,33513.299,1
1787555700000,11.641,11.646,11.546,11.554,3765.0,3765.7,43721.2123,1
1787556600000,11.552,11.552,11.501,11.504,1326.0,1326.0,15275.6042,1
1787557500000,11.501,11.544,11.501,11.509,1153.0,1153.7,13294.7055,1
1787558400000,11.518,11.522,11.448,11.451,1388.0,1388.1,15933.4839,1
1787559300000,11.447,11.447,11.363,11.368,3446.0,3446.9,39289.1733,1
1787560200000,11.365,11.472,11.36,11.472,1857.0,1857.2,21190.0052,1
1787561100000,11.472,11.514,11.461,11.49,2229.0,2229.0,25642.9887,1
1787562000000,11.489,11.566,11.479,11.566,1191.0,1191.0,13745.9594,1
1787562900000,11.561,11.579,11.544,11.576,928.0,928.0,10729.3183,1
1787563800000,11.575,11.604,11.568,11.597,3135.0,3135.8,36353.7324,1
1787564700000,11.599,11.609,11.552,11.567,1265.0,1265.6,14661.359,1
1787565600000,11.567,11.638,11.554,11.626,5130.0,5130.1,59517.5262,1
1787566500000,11.623,11.633,11.586,11.586,2552.0,2552.9,29661.7783,1
1787567400000,11.585,11.619,11.544,11.544,1722.0,1722.9,19948.4807,1
1787568300000,11.544,11.579,11.522,11.557,5881.0,5881.5,67892.1529,1
1787569200000,11.558,11.592,11.496,11.592,5801.0,5801.9,66904.6501,1
1787570100000,11.592,11.606,11.561,11.606,915.0,915.3,10601.6721,1
1787571000000,11.597,11.748,11.595,11.748,5462.0,5462.7,63969.7567,1
1787571900000,11.747,11.748,11.67,11.72,4141.0,4141.2,48451.0718,1
1787572800000,11.722,11.722,11.64,11.641,2365.0,2365.0,27607.0713,1
1787573700000,11.641,11.686,11.587,11.674,5015.0,5015.6,58361.0887,1
1787574600000,11.663,11.722,11.651,11.709,2110.0,2110.7,24689.7665,1
1787575500000,11.71,11.778,11.709,11.73,3685.0,3685.6,43247.4938,1
1787576400000,11.732,11.773,11.702,11.757,3876.0,3876.7,45471.3528,1
1787577300000,11.753,11.754,11.654,11.682,9901.0,9901.4,116023.2883,1
1787578200000,11.683,11.683,11.534,11.55,17125.0,17125.8,198036.948,1
1787579100000,11.55,11.606,11.509,11.592,26050.0,26050.1,301469.2759,1
1787580000000,11.596,11.672,11.596,11.669,5038.0,5038.7,58600.9833,1
1787580900000,11.671,11.751,11.629,11.707,6080.0,6080.0,71050.4005,1
1787581800000,11.707,11.779,11.695,11.757,6040.0,6040.3,70881.2357,1
1787582700000,11.758,11.766,11.664,11.722,3993.0,3993.7,46761.2299,1
1787583600000,11.722,11.739,11.65,11.665,4358.0,4358.7,50892.7407,1
1787584500000,11.663,11.754,11.655,11.744,3610.0,3610.5,42295.6005,1
1787585400000,11.742,11.749,11.558,11.583,13226.0,13226.5,154350.2855,1
1787586300000,11.582,11.635,11.516,11.57,10955.0,10955.6,126526.1201,1
1787587200000,11.57,11.665,11.57,11.649,15702.0,15702.4,182419.4187,1
1787588100000,11.646,11.694,11.644,11.649,3824.0,3824.5,44601.7229,1
1787589000000,11.648,11.677,11.616,11.637,2336.0,2336.1,27205.6255,1
1787589900000,11.637,11.64,11.514,11.541,12018.0,12018.8,138931.4583,1
1787590800000,11.544,11.566,11.414,11.535,12037.0,12037.5,138246.7398,1
1787591700000,11.531,11.541,11.427,11.427,5059.0,5059.5,58057.735,1
1787592600000,11.428,11.503,11.427,11.451,2234.0,2234.0,25590.119,1
1787593500000,11.446,11.502,11.44,11.498,12499.0,12499.9,143370.8197,1
1787594400000,11.5,11.564,11.5,11.559,2018.0,2018.7,23302.7709,1
1787595300000,11.563,11.605,11.557,11.589,9959.0,9959.9,115386.6144,1
1787596200000,11.592,11.611,11.546,11.602,1896.0,1896.6,21974.4032,1
1787597100000,11.599,11.616,11.563,11.567,2343.0,2343.4,27171.3685,1
1787598000000,11.574,11.604,11.533,11.589,4682.0,4682.7,54160.3588,1
1787598900000,11.59,11.593,11.546,11.587,1528.0,1528.0,17664.981,1
1787599800000,11.589,11.591,11.552,11.568,941.0,941.9,10898.185,1
1787600700000,11.569,11.57,11.514,11.556,1064.0,1064.6,12287.3841,1
1787601600000,11.565,11.574,11.501,11.534,1878.0,1878.4,21653.7493,1
1787602500000,11.532,11.547,11.501,11.515,848.0,848.3,9775.6143,1
1787603400000,11.517,11.587,11.501,11.567,1755.0,1755.6,20242.1882,1
1787604300000,11.567,11.595,11.549,11.595,1671.0,1671.2,19348.3137,1
1787605200000,11.595,11.684,11.595,11.684,1327.0,1327.6,15448.4042,1
1787606100000,11.686,11.686,11.596,11.632,1660.0,1660.3,19290.8209,1
1787607000000,11.632,11.649,11.607,11.638,628.0,628.2,7305.8368,1
1787607900000,11.634,11.649,11.624,11.643,765.0,765.2,8903.1349,1
1787608800000,11.641,11.645,11.586,11.591,1470.0,1470.0,17048.299,1
1787609700000,11.59,11.611,11.564,11.567,1781.0,1781.2,20628.061,1
1787610600000,11.569,11.628,11.569,11.612,15220.0,15220.9,176625.5625,1
1787611500000,11.607,11.646,11.602,11.615,13483.0,13483.0,156570.3616,1
1787612400000,11.616,11.63,11.553,11.598,4028.0,4028.2,46763.3172,1
1787613300000,11.597,11.639,11.586,11.607,684.0,684.3,7947.0415,1
1787614200000,11.607,11.633,11.607,11.617,990.0,990.0,11505.7994,1
1787615100000,11.618,11.63,11.605,11.629,769.0,769.8,8944.6121,1
1787616000000,11.627,11.647,11.593,11.637,1739.0,1739.4,20228.0103,1
1787616900000,11.634,11.672,11.602,11.649,3865.0,3865.8,45004.5987,1
1787617800000,11.646,11.744,11.643,11.743,3259.0,3259.2,38107.051,1
1787618700000,11.744,11.779,11.723,11.731,4779.0,4779.8,56183.7687,1
1787619600000,11.73,11.788,11.722,11.726,2085.0,2085.6,24494.6766,1
1787620500000,11.729,11.767,11.702,11.76,9386.0,9386.4,110195.5003,1
1787621400000,11.76,11.785,11.707,11.739,6613.0,6613.6,77528.6694,1
1787622300000,11.746,11.785,11.713,11.779,1713.0,1713.6,20150.5719,1
1787623200000,11.778,11.779,11.739,11.743,1131.0,1131.5,13303.8355,1
1787624100000,11.758,11.957,11.752,11.931,6657.0,6657.4,79002.7677,1
1787625000000,11.924,11.939,11.849,11.849,4616.0,4616.2,54903.118,1
1787625900000,11.85,11.851,11.769,11.812,7375.0,7375.8,87013.9704,1
1787626800000,11.814,11.899,11.805,11.847,2396.0,2396.2,28379.9962,1
1787627700000,11.84,11.861,11.781,11.816,1936.0,1936.8,22899.208,1
1787628600000,11.813,11.849,11.75,11.75,2489.0,2489.7,29357.7801,1
1787629500000,11.751,11.778,11.716,11.745,17321.0,17321.0,203460.6595,1
1787630400000,11.747,11.788,11.683,11.757,7610.0,7610.0,89263.2413,1
1787631300000,11.757,11.758,11.706,11.722,1182.0,1182.1,13867.8097,1
1787632200000,11.731,11.785,11.698,11.727,2462.0,2462.9,28916.6226,1
1787633100000,11.726,11.778,11.722,11.754,1114.0,1114.6,13098.1168,1
1787634000000,11.753,11.809,11.735,11.782,1342.0,1342.5,15822.8852,1
1787634900000,11.779,11.83,11.767,11.798,2269.0,2269.6,26747.258,1
1787635800000,11.801,11.82,11.777,11.78,1213.0,1213.4,14324.0541,1
1787636700000,11.774,11.813,11.774,11.803,952.0,952.6,11241.5396,1
1787637600000,11.804,11.826,11.792,11.8,1131.0,1131.8,13362.8859,1
1787638500000,11.801,11.816,11.787,11.812,862.0,862.2,10175.277,1
1787639400000,11.807,11.807,11.762,11.763,849.0,849.9,10013.1624,1
1787640300000,11.763,11.764,11.698,11.725,1452.0,1452.6,17028.2598,1
1787641200000,11.725,11.792,11.715,11.765,1211.0,1211.7,14261.161,1
1787642100000,11.762,11.77,11.739,11.755,571.0,571.5,6716.1235,1
1787643000000,11.753,11.755,11.72,11.721,1725.0,1725.6,20240.0724,1
1787643900000,11.721,11.729,11.495,11.588,7367.0,7367.5,85469.3385,1
1787644800000,11.587,11.615,11.574,11.615,2307.0,2307.7,26759.2055,1
1787645700000,11.615,11.665,11.612,11.644,1141.0,1141.2,13288.7665,1
1787646600000,11.644,11.653,11.599,11.625,1748.0,1748.2,20338.2242,1
1787647500000,11.63,11.63,11.578,11.605,2529.0,2529.7,29330.7609,1
1787648400000,11.605,11.65,11.564,11.643,1312.0,1312.2,15225.469,1
1787649300000,11.643,11.686,11.64,11.667,1140.0,1140.0,13300.0388,1
1787650200000,11.675,11.692,11.672,11.675,928.0,928.7,10848.9032,1
1787651100000,11.675,11.681,11.525,11.574,2600.0,2600.8,30159.3491,1
1787652000000,11.575,11.576,11.527,11.556,2382.0,2382.4,27527.8656,1
1787652900000,11.56,11.579,11.542,11.553,1034.0,1034.4,11963.6998,1
1787653800000,11.553,11.568,11.537,11.564,811.0,811.6,9377.4672,1
1787654700000,11.567,11.591,11.557,11.578,704.0,704.0,8150.2042,1
1787655600000,11.576,11.589,11.534,11.536,1716.0,1716.0,19861.4001,1
1787656500000,11.535,11.57,11.534,11.552,1304.0,1304.5,15075.2266,1
1787657400000,11.557,11.595,11.556,11.556,703.0,703.4,8141.6853,1
1787658300000,11.556,11.575,11.545,11.548,964.0,964.1,11145.2859,1
1787659200000,11.55,11.579,11.488,11.578,2801.0,2801.8,32292.7085,1
1787660100000,11.578,11.591,11.527,11.56,2884.0,2884.6,33387.6696,1
1787661000000,11.56,11.586,11.522,11.579,1151.0,1151.5,13311.1909,1
1787661900000,11.578,11.636,11.57,11.616,1665.0,1665.7,19333.514,1
1787662800000,11.615,11.646,11.541,11.546,1931.0,1931.0,22410.6972,1
1787663700000,11.544,11.544,11.445,11.46,12258.0,12258.8,140677.507,1
1787664600000,11.454,11.559,11.446,11.478,13134.0,13134.9,151410.4057,1
1787665500000,11.478,11.494,11.37,11.473,18030.0,18030.4,206082.0923,1
1787666400000,11.472,11.509,11.443,11.498,2682.0,2682.1,30801.0375,1
1787667300000,11.498,11.564,11.491,11.546,2381.0,2381.7,27470.9874,1
1787668200000,11.54,11.585,11.526,11.531,2010.0,2010.9,23238.4482,1
1787669100000,11.534,11.596,11.534,11.583,1773.0,1773.4,20520.1239,1
1787670000000,11.589,11.595,11.534,11.534,1811.0,1811.2,20947.0825,1
1787670900000,11.534,11.587,11.525,11.542,1912.0,1912.0,22088.2729,1
1787671800000,11.546,11.579,11.529,11.534,1297.0,1297.0,14985.073,1
1787672700000,11.531,11.583,11.504,11.579,2458.0,2458.7,28370.1207,1
1787673600000,11.579,11.599,11.51,11.512,5097.0,5097.2,58916.3735,1
1787674500000,11.51,11.542,11.486,11.509,1152.0,1152.0,13263.3693,1
1787675400000,11.51,11.553,11.51,11.525,1616.0,1616.8,18649.1252,1
1787676300000,11.524,11.546,11.509,11.517,1290.0,1290.4,14880.8914,1
1787677200000,11.516,11.52,11.441,11.477,2790.0,2790.9,31983.3863,1
1787678100000,11.482,11.509,11.45,11.45,1530.0,1530.9,17577.5693,1
1787679000000,11.454,11.525,11.454,11.521,1121.0,1121.4,12888.3143,1
1787679900000,11.522,11.557,11.516,11.534,1335.0,1335.3,15409.9679,1
1787680800000,11.536,11.555,11.521,11.544,3280.0,3280.3,37840.8421,1
1787681700000,11.545,11.569,11.524,11.552,741.0,741.2,8552.839,1
1787682600000,11.569,11.572,11.546,11.569,615.0,615.3,7113.5845,1
1787683500000,11.573,11.576,11.54,11.556,950.0,950.4,10981.3161,1
1787684400000,11.559,11.572,11.516,11.556,684.0,684.6,7903.7286,1
1787685300000,11.556,11.556,11.484,11.485,1572.0,1572.5,18107.5229,1
1787686200000,11.481,11.501,11.445,11.446,2929.0,2929.8,33600.0534,1
1787687100000,11.445,11.482,11.445,11.461,11757.0,11757.5,134692.0157,1
1787688000000,11.455,11.468,11.373,11.448,1355.0,1355.7,15488.0627,1
1787688900000,11.441,11.474,11.424,11.424,1092.0,1092.1,12502.5155,1
1787689800000,11.42,11.431,11.312,11.34,22785.0,22785.3,259493.9463,1
1787690700000,11.334,11.352,11.26,11.274,10154.0,10154.0,114746.9973,1
1787691600000,11.272,11.294,11.135,11.26,13810.0,13810.0,154960.4478,1
1787692500000,11.254,11.287,11.228,11.279,6548.0,6548.3,73806.5087,1
1787693400000,11.275,11.353,11.274,11.342,9315.0,9315.6,105470.448,1
1787694300000,11.342,11.345,11.302,11.311,1283.0,1283.6,14531.0027,1
1787695200000,11.31,11.394,11.31,11.386,7454.0,7454.1,84675.1895,1
1787696100000,11.386,11.396,11.327,11.35,2386.0,2386.7,27140.9694,1
1787697000000,11.35,11.389,11.344,11.344,880.0,880.9,10008.9924,1
1787697900000,11.349,11.39,11.349,11.372,930.0,930.3,10582.1737,1
1787698800000,11.372,11.404,11.369,11.381,1122.0,1122.0,12779.2136,1
1787699700000,11.379,11.394,11.335,11.366,1301.0,1301.6,14783.9991,1
1787700600000,11.367,11.369,11.294,11.294,6931.0,6931.1,78695.9523,1
1787701500000,11.294,11.298,11.246,11.285,1580.0,1580.5,17815.6616,1
1787702400000,11.287,11.3,11.243,11.243,1572.0,1572.2,17707.2749,1
1787703300000,11.24,11.277,11.24,11.274,1545.0,1545.5,17400.9678,1
1787704200000,11.274,11.291,11.231,11.251,1279.0,1279.1,14408.6667,1
1787705100000,11.251,11.334,11.242,11.308,1409.0,1409.7,15924.4204,1
1787706000000,11.307,11.398,11.302,11.356,1292.0,1292.4,14688.4356,1
1787706900000,11.357,11.382,11.35,11.353,909.0,909.7,10339.3883,1
1787707800000,11.352,11.425,11.352,11.396,2049.0,2049.8,23385.984,1
1787708700000,11.396,11.398,11.375,11.379,756.0,756.6,8615.8095,1
1787709600000,11.382,11.39,11.335,11.344,958.0,958.8,10892.6055,1
1787710500000,11.347,11.414,11.347,11.414,910.0,910.2,10361.5906,1
1787711400000,11.425,11.425,11.4,11.412,893.0,893.8,10197.1846,1
1787712300000,11.413,11.43,11.41,11.427,632.0,632.6,7224.5171,1
1787713200000,11.419,11.44,11.405,11.432,16980.0,16980.7,194016.9704,1
1787714100000,11.435,11.438,11.404,11.409,551.0,551.0,6292.516,1
1787715000000,11.405,11.418,11.378,11.402,1314.0,1314.4,14977.8185,1
1787715900000,11.406,11.415,11.369,11.391,1019.0,1019.4,11606.2922,1
1787716800000,11.388,11.426,11.369,11.411,1327.0,1327.7,15132.8884,1
1787717700000,11.415,11.448,11.408,11.427,1044.0,1044.2,11932.92,1
1787718600000,11.429,11.444,11.405,11.423,773.0,773.3,8833.1488,1
1787719500000,11.416,11.422,11.369,11.369,1034.0,1034.3,11784.3414,1
1787720400000,11.367,11.385,11.313,11.318,2247.0,2247.2,25462.9245,1
1787721300000,11.315,11.387,11.304,11.37,1291.0,1291.0,14639.0219,1
1787722200000,11.366,11.403,11.362,11.391,906.0,906.0,10320.0821,1
1787723100000,11.391,11.398,11.373,11.387,16528.0,16528.5,188145.3383,1
1787724000000,11.384,11.41,11.369,11.37,741.0,741.1,8440.3764,1
1787724900000,11.369,11.376,11.325,11.33,532.0,532.0,6037.1267,1
1787725800000,11.331,11.369,11.32,11.366,854.0,854.6,9691.517,1
1787726700000,11.366,11.371,11.337,11.366,576.0,576.3,6544.178,1
1787727600000,11.361,11.384,11.335,11.365,989.0,989.9,11244.3605,1
1787728500000,11.37,11.381,11.35,11.35,641.0,641.0,7285.12,1
1787729400000,11.348,11.356,11.325,11.343,672.0,672.1,7623.6925,1
1787730300000,11.343,11.369,11.326,11.326,663.0,663.3,7528.5985,1
1787731200000,11.326,11.378,11.32,11.345,912.0,912.1,10345.9159,1
1787732100000,11.343,11.365,11.327,11.355,578.0,578.0,6558.6672,1
1787733000000,11.355,11.369,11.338,11.36,733.0,733.5,8331.075,1
1787733900000,11.364,11.364,11.282,11.299,1573.0,1573.1,17792.2726,1
1787734800000,11.297,11.328,11.292,11.292,2307.0,2307.3,26106.341,1
1787735700000,11.29,11.301,11.265,11.267,2048.0,2048.5,23102.317,1
1787736600000,11.264,11.291,11.233,11.233,1330.0,1330.1,14984.8775,1
1787737500000,11.233,11.274,11.22,11.27,1079.0,1079.1,12143.886,1
1787738400000,11.266,11.267,11.245,11.265,812.0,812.3,9144.6922,1
1787739300000,11.265,11.361,11.265,11.36,1297.0,1297.4,14679.4885,1
1787740200000,11.36,11.439,11.35,11.425,1098.0,1098.7,12518.7365,1
1787741100000,11.429,11.456,11.417,11.446,1239.0,1239.6,14187.0412,1
1787742000000,11.447,11.472,11.441,11.456,987.0,987.4,11311.3566,1
1787742900000,11.456,11.479,11.428,11.433,26174.0,26174.2,299446.6609,1
1787743800000,11.433,11.439,11.362,11.405,1826.0,1826.0,20828.3454,1
1787744700000,11.403,11.403,11.376,11.384,1071.0,1071.5,12202.1466,1
1787745600000,11.385,11.4,11.362,11.367,966.0,966.6,10998.2925,1
1787746500000,11.36,11.486,11.349,11.481,1765.0,1765.2,20191.3721,1
1787747400000,11.479,11.479,11.301,11.388,4119.0,4119.1,46966.4238,1
1787748300000,11.389,11.431,11.385,11.396,2183.0,2183.5,24895.7779,1
1787749200000,11.393,11.417,11.305,11.309,5413.0,5413.5,61425.5506,1
1787750100000,11.309,11.321,11.255,11.264,17421.0,17421.8,196374.0328,1
1787751000000,11.263,11.364,11.263,11.352,4236.0,4236.0,47972.5971,1
1787751900000,11.355,11.369,11.294,11.333,2054.0,2054.6,23251.1417,1
1787752800000,11.332,11.357,11.302,11.316,1335.0,1335.6,15136.3733,1
1787753700000,11.315,11.345,11.293,11.295,1640.0,1640.5,18579.5536,1
1787754600000,11.294,11.322,11.249,11.256,1813.0,1813.6,20466.0395,1
1787755500000,11.251,11.259,11.16,11.161,30188.0,30188.1,338374.9084,1
1787756400000,11.166,11.179,11.065,11.129,11809.0,11809.6,131358.1713,1
1787757300000,11.135,11.246,11.097,11.242,9493.0,9493.5,105976.9415,1
1787758200000,11.241,11.243,11.178,11.201,1796.0,1796.5,20144.1176,1
1787759100000,11.204,11.24,11.204,11.228,1870.0,1870.9,20996.3438,1
1787760000000,11.23,11.265,11.182,11.217,8513.0,8513.1,95679.7369,1
1787760900000,11.224,11.231,11.155,11.183,1975.0,1975.9,22132.6918,1
1787761800000,11.184,11.22,11.133,11.133,7663.0,7663.8,85447.5831,1
1787762700000,11.135,11.225,11.135,11.206,7765.0,7765.8,86994.4606,1
1787763600000,11.209,11.238,11.197,11.238,1560.0,1560.5,17511.491,1
1787764500000,11.238,11.32,11.235,11.311,29830.0,29830.2,336872.7219,1
1787765400000,11.312,11.326,11.275,11.275,13168.0,13168.1,148912.62,1
1787766300000,11.274,11.276,11.243,11.249,880.0,880.1,9909.4269,1
1787767200000,11.249,11.279,11.224,11.261,1255.0,1255.7,14133.3509,1
1787768100000,11.262,11.293,11.251,11.258,1536.0,1536.4,17327.348,1
1787769000000,11.258,11.28,11.236,11.249,692.0,692.6,7798.652,1
1787769900000,11.251,11.293,11.251,11.282,939.0,939.8,10596.8109,1
1787770800000,11.276,11.292,11.256,11.271,2424.0,2424.8,27336.0824,1
1787771700000,11.271,11.341,11.269,11.335,10670.0,10670.4,120837.6869,1
1787772600000,11.333,11.339,11.289,11.308,8536.0,8536.0,96447.625,1
1787773500000,11.302,11.327,11.295,11.296,2399.0,2399.9,27158.6279,1
1787774400000,11.296,11.298,11.254,11.255,8769.0,8769.8,98901.9645,1
1787775300000,11.258,11.279,11.214,11.267,26725.0,26725.3,300868.3776,1
1787776200000,11.265,11.273,11.237,11.262,1410.0,1410.8,15881.4732,1
1787777100000,11.259,11.3,11.259,11.293,449.0,449.0,5064.2337,1
1787778000000,11.301,11.396,11.289,11.395,27518.0,27518.2,312493.1199,1
1787778900000,11.398,11.442,11.39,11.434,17155.0,17155.1,195888.1843,1
1787779800000,11.433,11.473,11.42,11.426,4722.0,4722.3,53991.5317,1
1787780700000,11.426,11.474,11.403,11.461,8161.0,8161.5,93210.7993,1
1787781600000,11.463,11.496,11.45,11.486,4604.0,4604.8,52894.181,1
1787782500000,11.485,11.576,11.485,11.553,21605.0,21605.5,249246.2294,1
1787783400000,11.552,11.562,11.507,11.532,1480.0,1480.4,17071.8107,1
1787784300000,11.529,11.535,11.495,11.518,1443.0,1443.9,16616.8174,1
1787785200000,11.51,11.536,11.499,11.509,822.0,822.9,9472.181,1
1787786100000,11.506,11.569,11.506,11.559,1291.0,1291.7,14912.4755,1
1787787000000,11.562,11.604,11.547,11.6,5372.0,5372.5,62225.4681,1
1787787900000,11.596,11.62,11.59,11.617,2173.0,2173.7,25234.468,1
1787788800000,11.619,11.628,11.574,11.585,2695.0,2695.1,31256.8547,1
1787789700000,11.577,11.585,11.546,11.56,943.0,943.5,10914.128,1
1787790600000,11.56,11.562,11.528,11.533,1683.0,1683.7,19424.6101,1
1787791500000,11.53,11.537,11.488,11.489,15342.0,15342.6,176508.3289,1
1787792400000,11.487,11.498,11.456,11.468,1342.0,1342.5,15410.213,1
1787793300000,11.47,11.566,11.456,11.563,3057.0,3057.4,35215.7048,1
1787794200000,11.568,11.577,11.526,11.526,15506.0,15506.7,179022.5746,1
1787795100000,11.521,11.586,11.52,11.538,1407.0,1407.0,16260.6027,1
1787796000000,11.54,11.596,11.538,11.583,1481.0,1481.3,17152.7628,1
1787796900000,11.583,11.59,11.527,11.535,1243.0,1243.1,14353.1382,1
1787797800000,11.533,11.55,11.504,11.505,658.0,658.1,7590.1279,1
1787798700000,11.505,11.541,11.505,11.54,472.0,472.0,5440.532,1
1787799600000,11.54,11.552,11.498,11.499,602.0,602.7,6950.1733,1
1787800500000,11.501,11.569,11.486,11.563,3191.0,3191.4,36819.7644,1
1787801400000,11.554,11.554,11.521,11.522,1735.0,1735.5,20009.2735,1
1787802300000,11.52,11.53,11.485,11.518,1670.0,1670.2,19224.1948,1
1787803200000,11.519,11.545,11.519,11.539,1634.0,1634.3,18839.072,1
1787804100000,11.544,11.571,11.534,11.538,724.0,724.9,8374.3234,1
1787805000000,11.535,11.544,11.498,11.544,690.0,690.2,7947.2421,1
1787805900000,11.544,11.544,11.496,11.526,1324.0,1324.2,15252.5454,1
1787806800000,11.53,11.549,11.495,11.528,826.0,826.4,9523.589,1
1787807700000,11.528,11.572,11.519,11.527,1197.0,1197.3,13810.7177,1
1787808600000,11.525,11.566,11.498,11.544,3692.0,3692.2,42507.1074,1
1787809500000,11.544,11.642,11.541,11.621,35492.0,35492.1,412052.2077,1
1787810400000,11.619,11.619,11.535,11.545,7394.0,7394.8,85745.2645,1
1787811300000,11.548,11.578,11.526,11.565,7743.0,7743.6,89447.3355,1
1787812200000,11.565,11.587,11.565,11.574,1496.0,1496.3,17317.8951,1
1787813100000,11.577,11.619,11.577,11.606,2056.0,2056.6,23871.2503,1
1787814000000,11.604,11.636,11.601,11.629,1306.0,1306.5,15173.7716,1
1787814900000,11.629,11.659,11.606,11.622,5503.0,5503.9,64026.093,1
1787815800000,11.622,11.662,11.621,11.644,1300.0,1300.8,15146.82,1
1787816700000,11.643,11.674,11.64,11.667,5918.0,5918.7,68953.0325,1
1787817600000,11.669,11.759,11.664,11.726,5539.0,5539.2,64859.5348,1
1787818500000,11.726,11.779,11.687,11.779,11805.0,11805.3,138087.2634,1
1787819400000,11.78,11.897,11.777,11.848,4494.0,4494.4,53210.7838,1
1787820300000,11.85,11.889,11.837,11.854,4135.0,4135.5,49039.1299,1
1787821200000,11.851,11.855,11.801,11.853,19446.0,19446.3,230155.9173,1
1787822100000,11.85,11.906,11.818,11.889,7056.0,7056.7,83680.2905,1
1787823000000,11.891,11.912,11.84,11.859,1894.0,1894.8,22493.0068,1
1787823900000,11.861,11.9,11.831,11.855,3996.0,3996.0,47396.6606,1
1787824800000,11.86,11.911,11.838,11.871,4674.0,4674.8,55568.3806,1
1787825700000,11.874,11.886,11.675,11.757,4846.0,4846.5,57091.0595,1
1787826600000,11.756,11.77,11.648,11.716,7283.0,7283.6,85182.9362,1
1787827500000,11.714,11.741,11.687,11.731,1482.0,1482.6,17368.7778,1
1787828400000,11.725,11.771,11.722,11.765,1191.0,1191.2,14005.2546,1
1787829300000,11.769,11.772,11.706,11.711,5406.0,5406.0,63529.5633,1
1787830200000,11.714,11.731,11.687,11.731,4496.0,4496.9,52631.9083,1
1787831100000,11.734,11.748,11.676,11.738,977.0,977.9,11465.9573,1
1787832000000,11.742,11.78,11.734,11.772,2218.0,2218.0,26077.1039,1
1787832900000,11.767,11.784,11.765,11.776,1080.0,1080.8,12728.2131,1
1787833800000,11.773,11.779,11.703,11.715,1217.0,1217.6,14287.5353,1
1787834700000,11.711,11.758,11.711,11.726,952.0,952.0,11175.6212,1
1787835600000,11.734,11.757,11.728,11.741,2189.0,2189.7,25712.4173,1
1787836500000,11.737,11.955,11.715,11.802,8033.0,8033.8,94788.2491,1
1787837400000,11.802,11.802,11.682,11.722,3542.0,3542.9,41598.1527,1
1787838300000,11.721,11.793,11.7,11.793,5403.0,5403.5,63423.4651,1
1787839200000,11.79,11.808,11.722,11.729,2552.0,2552.4,30040.9824,1
1787840100000,11.744,11.836,11.739,11.824,3218.0,3218.5,38006.7265,1
1787841000000,11.824,11.862,11.799,11.855,4239.0,4239.6,50211.8863,1
1787841900000,11.861,11.861,11.801,11.825,4347.0,4347.9,51417.3436,1
1787842800000,11.832,11.888,11.815,11.871,5324.0,5324.4,63052.5088,1
1787843700000,11.865,11.877,11.817,11.868,1839.0,1839.2,21799.1816,1
1787844600000,11.867,11.958,11.83,11.949,9391.0,9391.4,111557.7855,1
1787845500000,11.946,11.956,11.916,11.919,3573.0,3573.0,42603.2828,1
1787846400000,11.923,11.933,11.85,11.871,5059.0,5059.7,60139.2034,1
1787847300000,11.871,11.921,11.856,11.857,2002.0,2002.4,23808.9754,1
1787848200000,11.861,11.902,11.854,11.901,1487.0,1487.8,17668.7837,1
1787849100000,11.901,11.901,11.868,11.869,2085.0,2085.7,24777.4389,1
1787850000000,11.866,11.919,11.854,11.914,1522.0,1522.9,18094.2672,1
1787850900000,11.916,11.939,11.915,11.927,2783.0,2783.7,33210.9537,1
1787851800000,11.931,11.948,11.907,11.907,1863.0,1863.8,22239.0499,1
1787852700000,11.907,11.911,11.883,11.902,1130.0,1130.7,13455.526,1
1787853600000,11.902,11.906,11.814,11.838,2672.0,2672.5,31691.0674,1
1787854500000,11.839,11.863,11.763,11.793,5617.0,5617.6,66311.3731,1
1787855400000,11.793,11.835,11.78,11.819,4486.0,4486.1,53001.9063,1
1787856300000,11.818,11.864,11.813,11.86,1231.0,1231.6,14582.3382,1
1787857200000,11.863,11.899,11.863,11.897,895.0,895.8,10647.4744,1
1787858100000,11.896,11.906,11.878,11.903,1681.0,1681.6,19997.004,1
1787859000000,11.903,11.904,11.874,11.874,1650.0,1650.6,19625.419,1
1787859900000,11.876,11.896,11.854,11.856,1880.0,1880.7,22353.5274,1
1787860800000,11.854,11.869,11.84,11.851,1777.0,1777.3,21066.674,1
1787861700000,11.851,11.898,11.851,11.878,1686.0,1686.5,20019.7567,1
1787862600000,11.88,11.906,11.865,11.906,5361.0,5361.8,63729.4583,1
1787863500000,11.906,11.906,11.863,11.893,933.0,933.3,11094.5905,1
1787864400000,11.899,11.902,11.871,11.887,610.0,610.6,7257.0677,1
1787865300000,11.885,11.89,11.858,11.863,568.0,568.9,6756.736,1
1787866200000,11.863,11.889,11.84,11.84,1032.0,1032.1,12240.3681,1
1787867100000,11.84,11.881,11.84,11.874,563.0,563.4,6682.3004,1
1787868000000,11.874,11.925,11.871,11.924,3047.0,3047.2,36298.4871,1
1787868900000,11.924,11.939,11.887,11.891,3746.0,3746.5,44670.5837,1
1787869800000,11.892,11.928,11.891,11.918,1555.0,1555.1,18524.2549,1
1787870700000,11.918,11.973,11.906,11.973,4331.0,4331.5,51811.8777,1
1787871600000,11.973,11.973,11.925,11.931,12123.0,12123.8,144887.5902,1
1787872500000,11.926,11.974,11.921,11.959,1043.0,1043.0,12465.9853,1
1787873400000,11.956,11.959,11.941,11.943,6464.0,6464.0,77222.648,1
1787874300000,11.942,11.945,11.916,11.917,7104.0,7104.3,84791.2173,1
1787875200000,11.916,11.918,11.854,11.872,3389.0,3389.6,40213.0853,1
1787876100000,11.869,11.929,11.869,11.929,6026.0,6026.1,71730.3031,1
1787877000000,11.929,11.973,11.929,11.961,2408.0,2408.9,28798.4526,1
1787877900000,11.957,11.975,11.934,11.954,2263.0,2263.8,27067.3968,1
1787878800000,11.962,11.999,11.962,11.997,13278.0,13278.7,158966.149,1
1787879700000,11.997,12.053,11.983,11.996,18094.0,18094.6,217630.3684,1
1787880600000,11.993,12.044,11.926,11.933,5036.0,5036.0,60306.5055,1
1787881500000,11.934,11.937,11.875,11.875,4135.0,4135.6,49251.684,1
1787882400000,11.875,11.882,11.8,11.807,11303.0,11303.6,134094.7597,1
1787883300000,11.799,11.818,11.721,11.73,8903.0,8903.2,104709.5069,1
1787884200000,11.723,11.757,11.685,11.734,2924.0,2924.1,34275.0397,1
1787885100000,11.734,11.744,11.689,11.734,1595.0,1595.9,18698.8972,1
1787886000000,11.739,11.744,11.674,11.711,4604.0,4604.1,53851.7852,1
1787886900000,11.712,11.745,11.711,11.726,629.0,629.0,7376.7019,1
1787887800000,11.73,11.74,11.704,11.709,814.0,814.0,9538.709,1
1787888700000,11.709,11.722,11.692,11.705,1023.0,1023.0,11972.714,1
1787889600000,11.705,11.739,11.656,11.731,1206.0,1206.4,14111.7318,1
1787890500000,11.739,11.775,11.739,11.749,990.0,990.3,11643.6618,1
1787891400000,11.749,11.764,11.722,11.739,911.0,911.4,10694.7075,1
1787892300000,11.739,11.758,11.728,11.746,665.0,665.6,7816.5714,1
1787893200000,11.746,11.759,11.701,11.716,1587.0,1587.7,18643.6858,1
1787894100000,11.716,11.726,11.697,11.725,733.0,733.6,8590.357,1
1787895000000,11.727,11.785,11.723,11.783,1457.0,1457.4,17114.2415,1
1787895900000,11.785,11.794,11.769,11.777,1482.0,1482.5,17463.9722,1
1787896800000,11.777,11.836,11.777,11.836,1673.0,1673.0,19750.8423,1
1787897700000,11.832,11.84,11.802,11.807,461.0,461.2,5457.58,1
1787898600000,11.807,11.81,11.79,11.793,1232.0,1232.2,14537.4357,1
1787899500000,11.796,11.825,11.79,11.811,1069.0,1069.0,12628.966,1
1787900400000,11.809,11.809,11.727,11.728,902.0,902.8,10611.5988,1
1787901300000,11.727,11.747,11.723,11.731,469.0,469.7,5512.0215,1
1787902200000,11.733,11.733,11.685,11.709,435.0,435.2,5093.7334,1
1787903100000,11.709,11.719,11.684,11.691,858.0,858.3,10035.1423,1
1787904000000,11.695,11.723,11.694,11.696,1513.0,1513.1,17721.5098,1
1787904900000,11.696,11.724,11.696,11.708,378.0,378.2,4431.1064,1
1787905800000,11.708,11.709,11.687,11.687,427.0,427.7,5003.9348,1
1787906700000,11.687,11.688,11.64,11.657,4264.0,4264.0,49685.5016,1
1787907600000,11.656,11.684,11.624,11.668,4858.0,4858.6,56585.1674,1
1787908500000,11.674,11.732,11.671,11.732,1424.0,1424.1,16678.3066,1
1787909400000,11.732,11.743,11.702,11.702,675.0,675.1,7915.273,1
1787910300000,11.702,11.716,11.69,11.697,885.0,885.6,10361.5802,1
1787911200000,11.704,11.704,11.611,11.666,20360.0,20360.5,237163.5678,1
1787912100000,11.662,11.694,11.65,11.694,1645.0,1645.4,19193.2073,1
1787913000000,11.687,11.713,11.686,11.695,1835.0,1835.5,21480.8276,1
1787913900000,11.695,11.758,11.689,11.758,1501.0,1501.0,17614.5293,1
1787914800000,11.756,11.798,11.756,11.779,1202.0,1202.1,14154.9664,1
1787915700000,11.779,11.792,11.758,11.76,2196.0,2196.0,25871.2056,1
1787916600000,11.76,11.78,11.728,11.755,2476.0,2476.4,29098.339,1
1787917500000,11.755,11.782,11.755,11.77,2021.0,2021.3,23803.0421,1
1787918400000,11.77,11.786,11.76,11.766,640.0,640.1,7536.2424,1
1787919300000,11.771,11.814,11.748,11.748,2400.0,2400.2,28303.3076,1
1787920200000,11.748,11.761,11.722,11.74,755.0,755.0,8863.8523,1
1787921100000,11.741,11.749,11.706,11.706,2595.0,2595.0,30446.5745,1
1787922000000,11.707,11.722,11.686,11.689,1752.0,1752.6,20500.107,1
1787922900000,11.686,11.687,11.643,11.666,6770.0,6770.6,79027.4142,1
1787923800000,11.666,11.732,11.666,11.688,39803.0,39803.6,465057.5537,1
1787924700000,11.688,11.78,11.682,11.759,2303.0,2303.7,27026.5127,1
1787925600000,11.745,11.83,11.565,11.589,18594.0,18594.7,216771.6889,1
1787926500000,11.584,11.66,11.553,11.649,9609.0,9609.3,111668.7548,1
1787927400000,11.648,11.82,11.623,11.799,7301.0,7301.2,85840.2828,1
1787928300000,11.799,11.851,11.753,11.835,3833.0,3833.3,45270.2541,1
1787929200000,11.838,11.866,11.71,11.71,2378.0,2378.0,28014.8901,1
1787930100000,11.707,11.798,11.7,11.781,14068.0,14068.8,165217.5695,1
1787931000000,11.781,11.787,11.673,11.676,3811.0,3811.5,44713.4726,1
1787931900000,11.676,11.699,11.564,11.567,6470.0,6470.8,75257.1807,1
1787932800000,11.565,11.579,11.432,11.447,25965.0,25965.4,298540.6365,1
1787933700000,11.443,11.455,11.289,11.379,29500.0,29500.2,336213.4751,1
1787934600000,11.389,11.456,11.375,11.429,7418.0,7418.9,84744.255,1
1787935500000,11.44,11.478,11.43,11.448,3734.0,3734.2,42797.1272,1
1787936400000,11.451,11.493,11.432,11.49,3271.0,3271.7,37478.8959,1
1787937300000,11.495,11.512,11.451,11.475,1721.0,1721.6,19778.5787,1
1787938200000,11.482,11.497,11.445,11.448,1285.0,1285.2,14737.9856,1
1787939100000,11.447,11.495,11.447,11.464,929.0,929.4,10667.0554,1
1787940000000,11.459,11.467,11.398,11.398,4210.0,4210.7,48058.3807,1
1787940900000,11.4,11.414,11.36,11.373,4332.0,4332.2,49293.6226,1
1787941800000,11.372,11.376,11.3,11.301,2937.0,2937.7,33302.9746,1
1787942700000,11.3,11.335,11.259,11.335,2011.0,2011.8,22719.6019,1
1787943600000,11.335,11.394,11.334,11.393,1427.0,1427.2,16218.8321,1
1787944500000,11.391,11.411,11.386,11.408,942.0,942.9,10746.6611,1
1787945400000,11.403,11.41,11.387,11.395,677.0,677.3,7722.3324,1
1787946300000,11.39,11.396,11.373,11.386,8202.0,8202.2,93313.9478,1
1787947200000,11.384,11.406,11.34,11.384,1345.0,1345.6,15296.8514,1
1787948100000,11.384,11.384,11.355,11.379,760.0,760.5,8645.9875,1
1787949000000,11.384,11.388,11.348,11.375,459.0,459.8,5226.2086,1
1787949900000,11.369,11.383,11.35,11.351,526.0,526.3,5979.6456,1
1787950800000,11.358,11.373,11.341,11.372,716.0,716.3,8135.6894,1
1787951700000,11.372,11.373,11.319,11.368,15498.0,15498.3,175596.1393,1
1787952600000,11.368,11.386,11.313,11.326,2851.0,2851.4,32322.6524,1
1787953500000,11.326,11.332,11.3,11.308,2746.0,2746.4,31070.0791,1
1787954400000,11.311,11.35,11.3,11.35,4292.0,4292.9,48614.9188,1
1787955300000,11.35,11.391,11.341,11.385,2196.0,2196.4,24956.1758,1
1787956200000,11.385,11.407,11.38,11.403,649.0,649.5,7399.2529,1
1787957100000,11.403,11.431,11.403,11.431,502.0,502.4,5738.1057,1
1787958000000,11.422,11.439,11.413,11.438,384.0,384.0,4388.069,1
1787958900000,11.438,11.439,11.408,11.428,584.0,584.6,6675.2374,1
1787959800000,11.428,11.431,11.415,11.431,469.0,469.0,5355.7017,1
1787960700000,11.423,11.439,11.402,11.43,438.0,438.7,5010.4179,1
1787961600000,11.428,11.452,11.42,11.443,17296.0,17296.6,197922.8468,1
1787962500000,11.443,11.47,11.435,11.462,2029.0,2029.6,23229.9662,1
1787963400000,11.462,11.462,11.436,11.455,852.0,852.5,9759.4163,1
1787964300000,11.449,11.456,11.422,11.434,457.0,457.1,5229.0737,1
1787965200000,11.43,11.434,11.391,11.391,504.0,504.9,5759.5343,1
1787966100000,11.391,11.433,11.391,11.433,339.0,339.2,3872.1458,1
1787967000000,11.433,11.435,11.4,11.41,528.0,528.5,6031.7957,1
1787967900000,11.41,11.422,11.388,11.392,905.0,905.9,10328.3921,1
1787968800000,11.399,11.412,11.386,11.389,589.0,589.1,6714.5125,1
1787969700000,11.389,11.389,11.346,11.352,1103.0,1103.7,12533.9555,1
1787970600000,11.352,11.382,11.347,11.372,1410.0,1410.3,16031.3646,1
1787971500000,11.374,11.403,11.369,11.381,1068.0,1068.5,12163.2935,1
1787972400000,11.379,11.392,11.365,11.365,219.0,219.0,2491.414,1
1787973300000,11.365,11.378,11.346,11.374,444.0,444.0,5045.242,1
1787974200000,11.372,11.381,11.345,11.359,649.0,649.1,7376.5994,1
1787975100000,11.36,11.362,11.329,11.337,371.0,371.6,4217.2691,1
1787976000000,11.333,11.351,11.331,11.344,346.0,346.5,3929.497,1
1787976900000,11.344,11.356,11.341,11.354,122.0,122.0,1384.605,1
1787977800000,11.354,11.358,11.333,11.338,521.0,521.0,5912.308,1
1787978700000,11.338,11.367,11.338,11.356,11452.0,11452.3,130067.9914,1
1787979600000,11.356,11.37,11.356,11.37,315.0,315.7,3588.6379,1
1787980500000,11.37,11.387,11.369,11.371,215.0,215.0,2445.956,1
1787981400000,11.371,11.392,11.357,11.388,1065.0,1065.9,12123.7066,1
1787982300000,11.388,11.388,11.355,11.366,383.0,383.4,4359.2172,1
1787983200000,11.37,11.372,11.32,11.322,395.0,395.3,4484.9667,1
1787984100000,11.322,11.322,11.282,11.299,1257.0,1257.2,14195.8852,1
1787985000000,11.299,11.322,11.299,11.315,731.0,731.9,8281.379,1
1787985900000,11.315,11.337,11.315,11.336,318.0,318.0,3602.6528,1
1787986800000,11.336,11.344,11.323,11.323,268.0,268.0,3037.469,1
1787987700000,11.324,11.333,11.313,11.316,710.0,710.0,8039.317,1
1787988600000,11.316,11.336,11.312,11.321,486.0,486.7,5511.4464,1
1787989500000,11.321,11.33,11.31,11.32,455.0,455.8,5158.7986,1
1787990400000,11.318,11.318,11.295,11.299,615.0,615.2,6954.0646,1
1787991300000,11.299,11.319,11.295,11.318,204.0,204.6,2313.5558,1
1787992200000,11.318,11.318,11.292,11.294,880.0,880.3,9952.1051,1
1787993100000,11.297,11.302,11.27,11.3,622.0,622.1,7023.1574,1
1787994000000,11.3,11.311,11.296,11.305,220.0,220.2,2488.5658,1
1787994900000,11.305,11.319,11.302,11.306,227.0,227.0,2567.623,1
1787995800000,11.306,11.325,11.305,11.312,214.0,214.1,2422.5758,1
1787996700000,11.312,11.317,11.302,11.306,177.0,177.8,2010.5904,1
1787997600000,11.306,11.307,11.279,11.299,236.0,236.7,2672.0442,1
1787998500000,11.299,11.342,11.299,11.338,635.0,635.8,7204.6969,1
1787999400000,11.338,11.344,11.321,11.324,681.0,681.0,7713.3606,1
1788000300000,11.324,11.34,11.316,11.319,327.0,327.4,3710.8391,1
1788001200000,11.311,11.334,11.311,11.334,370.0,370.0,4188.774,1
1788002100000,11.334,11.337,11.321,11.324,395.0,395.0,4473.599,1
1788003000000,11.324,11.328,11.321,11.321,223.0,223.7,2532.8939,1
1788003900000,11.321,11.321,11.298,11.3,432.0,432.0,4883.1801,1
1788004800000,11.297,11.314,11.295,11.314,293.0,293.8,3321.0327,1
1788005700000,11.317,11.333,11.308,11.316,497.0,497.4,5629.6836,1
1788006600000,11.316,11.316,11.301,11.315,461.0,461.8,5224.114,1
1788007500000,11.315,11.32,11.31,11.32,273.0,273.0,3089.082,1
1788008400000,11.32,11.32,11.307,11.314,160.0,160.5,1815.6445,1
1788009300000,11.314,11.321,11.307,11.313,297.0,297.3,3363.8313,1
1788010200000,11.315,11.328,11.309,11.314,669.0,669.7,7578.7689,1
1788011100000,11.314,11.326,11.308,11.317,212.0,212.7,2407.1376,1
1788012000000,11.317,11.362,11.317,11.357,374.0,374.1,4242.4309,1
1788012900000,11.357,11.391,11.355,11.373,554.0,554.4,6306.5173,1
1788013800000,11.373,11.451,11.373,11.448,2481.0,2481.8,28385.4404,1
1788014700000,11.448,11.484,11.442,11.453,4376.0,4376.2,50151.4123,1
1788015600000,11.459,11.462,11.405,11.434,2642.0,2642.9,30187.2266,1
1788016500000,11.428,11.433,11.391,11.391,2037.0,2037.8,23228.3865,1
1788017400000,11.391,11.393,11.37,11.376,1691.0,1691.7,19251.193,1
1788018300000,11.379,11.401,11.368,11.381,12152.0,12152.9,138333.8485,1
1788019200000,11.381,11.393,11.373,11.386,568.0,568.5,6471.5731,1
1788020100000,11.386,11.404,11.377,11.396,4909.0,4909.0,55897.5005,1
1788021000000,11.396,11.436,11.388,11.434,3981.0,3981.8,45485.1281,1
1788021900000,11.434,11.456,11.404,11.404,2892.0,2892.0,33087.2389,1
1788022800000,11.405,11.433,11.405,11.421,385.0,385.3,4401.5117,1
1788023700000,11.421,11.427,11.387,11.391,6391.0,6391.1,72843.6456,1
1788024600000,11.391,11.397,11.361,11.379,5165.0,5165.7,58791.2398,1
1788025500000,11.377,11.385,11.357,11.383,369.0,369.0,4196.322,1
1788026400000,11.38,11.393,11.364,11.378,2346.0,2346.8,26716.9752,1
1788027300000,11.379,11.41,11.374,11.41,443.0,443.6,5054.7997,1
1788028200000,11.404,11.439,11.396,11.421,541.0,541.8,6187.7671,1
1788029100000,11.421,11.439,11.421,11.428,303.0,303.1,3465.4572,1
1788030000000,11.428,11.445,11.42,11.444,2370.0,2370.2,27115.8548,1
1788030900000,11.444,11.46,11.443,11.45,503.0,503.7,5768.9587,1
1788031800000,11.453,11.453,11.431,11.446,1405.0,1405.0,16066.72,1
1788032700000,11.446,11.448,11.422,11.422,266.0,266.0,3041.662,1
1788033600000,11.425,11.453,11.425,11.451,1333.0,1333.4,15267.0484,1
1788034500000,11.448,11.476,11.445,11.449,763.0,763.0,8750.1808,1
1788035400000,11.449,11.455,11.431,11.451,389.0,389.5,4457.5793,1
1788036300000,11.451,11.458,11.448,11.451,225.0,225.0,2576.7434,1
1788037200000,11.451,11.478,11.447,11.462,842.0,842.9,9656.4886,1
1788038100000,11.462,11.469,11.448,11.448,179.0,179.4,2055.4062,1
1788039000000,11.448,11.464,11.448,11.464,149.0,149.0,1706.82,1
1788039900000,11.464,11.475,11.447,11.447,656.0,656.5,7528.7912,1
1788040800000,11.445,11.449,11.422,11.43,1124.0,1124.0,12850.2797,1
1788041700000,11.426,11.433,11.408,11.41,957.0,957.6,10936.6483,1
1788042600000,11.41,11.431,11.41,11.426,955.0,955.1,10908.7163,1
1788043500000,11.425,11.44,11.425,11.44,119.0,119.7,1368.6639,1
1788044400000,11.433,11.447,11.43,11.439,1407.0,1407.4,16099.3789,1
1788045300000,11.435,11.452,11.418,11.445,404.0,404.8,4629.0094,1
1788046200000,11.445,11.447,11.416,11.416,495.0,495.8,5665.2614,1
1788047100000,11.418,11.461,11.418,11.451,245.0,245.1,2805.23,1
1788048000000,11.45,11.451,11.404,11.415,1469.0,1469.1,16811.9756,1
1788048900000,11.415,11.456,11.415,11.424,1085.0,1085.7,12408.8185,1
1788049800000,11.422,11.431,11.412,11.416,456.0,456.5,5213.5397,1
1788050700000,11.416,11.425,11.406,11.406,1142.0,1142.2,13035.3352,1
1788051600000,11.407,11.41,11.384,11.389,400.0,400.5,4565.0138,1
1788052500000,11.389,11.393,11.365,11.366,891.0,891.8,10147.5116,1
1788053400000,11.366,11.389,11.36,11.377,331.0,331.6,3771.689,1
1788054300000,11.38,11.389,11.375,11.388,351.0,351.0,3994.962,1
1788055200000,11.388,11.404,11.377,11.395,233.0,233.0,2653.941,1
1788056100000,11.395,11.397,11.375,11.385,194.0,194.0,2209.295,1
1788057000000,11.383,11.385,11.37,11.382,175.0,175.0,1990.965,1
1788057900000,11.382,11.41,11.373,11.392,491.0,491.0,5594.2847,1
1788058800000,11.392,11.403,11.388,11.391,167.0,167.0,1902.662,1
1788059700000,11.391,11.393,11.371,11.388,220.0,220.4,2509.0514,1
1788060600000,11.388,11.4,11.379,11.379,709.0,709.2,8075.9952,1
1788061500000,11.379,11.382,11.369,11.382,260.0,260.9,2967.3339,1
1788062400000,11.382,11.39,11.379,11.387,639.0,639.5,7281.1483,1
1788063300000,11.387,11.392,11.387,11.392,294.0,294.5,3354.453,1
1788064200000,11.39,11.391,11.346,11.346,1551.0,1551.4,17624.1278,1
1788065100000,11.346,11.364,11.336,11.363,774.0,774.5,8789.7092,1
1788066000000,11.363,11.409,11.361,11.386,818.0,818.1,9324.1512,1
1788066900000,11.386,11.386,11.377,11.377,149.0,149.0,1695.574,1
1788067800000,11.377,11.387,11.372,11.385,145.0,145.0,1649.758,1
1788068700000,11.385,11.398,11.381,11.398,168.0,168.7,1922.0831,1
1788069600000,11.398,11.411,11.39,11.391,285.0,285.0,3247.97,1
1788070500000,11.391,11.413,11.391,11.413,151.0,151.4,1726.1914,1
1788071400000,11.413,11.439,11.4,11.433,359.0,359.8,4109.4761,1
1788072300000,11.433,11.439,11.428,11.438,252.0,252.0,2881.875,1
1788073200000,11.438,11.438,11.424,11.43,163.0,163.0,1863.279,1
1788074100000,11.436,11.436,11.407,11.411,128.0,128.0,1461.573,1
1788075000000,11.411,11.416,11.395,11.395,343.0,343.6,3918.0158,1
1788075900000,11.395,11.402,11.38,11.392,319.0,319.5,3639.523,1
1788076800000,11.392,11.402,11.378,11.381,297.0,297.0,3382.861,1
1788077700000,11.381,11.397,11.381,11.392,202.0,202.0,2300.557,1
1788078600000,11.392,11.392,11.369,11.373,194.0,194.7,2215.2914,1
1788079500000,11.373,11.383,11.362,11.376,797.0,797.4,9065.3204,1
1788080400000,11.376,11.389,11.371,11.371,167.0,167.0,1900.472,1
1788081300000,11.377,11.378,11.336,11.336,1689.0,1689.9,19199.9152,1
1788082200000,11.336,11.361,11.335,11.338,402.0,402.0,4561.271,1
1788083100000,11.338,11.349,11.337,11.347,165.0,165.0,1871.504,1
1788084000000,11.344,11.371,11.336,11.348,1219.0,1219.4,13859.1616,1
1788084900000,11.348,11.379,11.344,11.364,263.0,263.4,2992.3326,1
1788085800000,11.364,11.382,11.364,11.372,260.0,260.4,2962.0572,1
1788086700000,11.372,11.379,11.366,11.375,172.0,172.2,1958.5544,1
1788087600000,11.375,11.39,11.373,11.387,463.0,463.6,5275.843,1
1788088500000,11.387,11.392,11.382,11.39,217.0,217.6,2478.0108,1
1788089400000,11.39,11.402,11.359,11.402,588.0,588.0,6691.9564,1
1788090300000,11.402,11.404,11.388,11.403,409.0,409.8,4671.1654,1
1788091200000,11.403,11.498,11.403,11.467,4087.0,4087.9,46833.2829,1
1788092100000,11.467,11.467,11.439,11.451,1919.0,1919.7,21980.85,1
1788093000000,11.446,11.461,11.416,11.419,1490.0,1490.8,17045.577,1
1788093900000,11.419,11.461,11.404,11.461,1000.0,1000.4,11436.7874,1
1788094800000,11.461,11.473,11.443,11.445,820.0,820.9,9403.6325,1
1788095700000,11.445,11.488,11.439,11.484,646.0,646.3,7404.0101,1
1788096600000,11.482,11.528,11.471,11.527,1368.0,1368.8,15751.6033,1
1788097500000,11.526,11.569,11.522,11.552,7688.0,7688.1,88870.3127,1
1788098400000,11.552,11.554,11.51,11.543,820.0,820.7,9467.5528,1
1788099300000,11.541,11.546,11.508,11.525,1145.0,1145.5,13198.2939,1
1788100200000,11.53,11.546,11.518,11.542,821.0,821.9,9478.52,1
1788101100000,11.54,11.557,11.536,11.546,957.0,957.8,11059.3351,1
1788102000000,11.543,11.617,11.536,11.545,3896.0,3896.1,45179.4863,1
1788102900000,11.545,11.601,11.538,11.551,1369.0,1369.0,15841.5403,1
1788103800000,11.555,11.596,11.55,11.576,690.0,690.9,7999.2507,1
1788104700000,11.572,11.581,11.547,11.554,1281.0,1281.6,14814.3709,1
1788105600000,11.558,11.614,11.525,11.614,2250.0,2250.7,26002.9392,1
1788106500000,11.614,11.65,11.604,11.615,11171.0,11171.0,129881.4684,1
1788107400000,11.621,11.682,11.617,11.682,4957.0,4957.0,57716.6119,1
1788108300000,11.676,11.75,11.674,11.749,1764.0,1764.8,20692.2813,1
1788109200000,11.747,11.775,11.71,11.753,8541.0,8541.9,100397.6168,1
1788110100000,11.75,11.751,11.6,11.633,14992.0,14992.6,175068.1797,1
1788111000000,11.63,11.662,11.61,11.651,1527.0,1527.4,17789.8596,1
1788111900000,11.657,11.658,11.613,11.65,838.0,838.1,9752.3008,1
1788112800000,11.647,11.653,11.598,11.616,1534.0,1534.2,17850.4845,1
1788113700000,11.616,11.653,11.616,11.653,1593.0,1593.6,18551.0471,1
1788114600000,11.671,11.685,11.652,11.652,3123.0,3123.2,36419.8044,1
1788115500000,11.654,11.673,11.63,11.662,17853.0,17853.9,207811.1873,1
1788116400000,11.658,11.665,11.623,11.661,490.0,490.8,5715.5392,1
1788117300000,11.663,11.67,11.622,11.626,549.0,549.3,6393.4822,1
1788118200000,11.625,11.642,11.57,11.573,2219.0,2219.6,25736.0704,1
1788119100000,11.573,11.581,11.546,11.581,973.0,973.3,11259.1197,1
1788120000000,11.589,11.613,11.589,11.596,787.0,787.9,9137.9854,1
1788120900000,11.596,11.6,11.57,11.576,1162.0,1162.6,13472.0943,1
1788121800000,11.574,11.592,11.481,11.486,4070.0,4070.1,46863.1283,1
1788122700000,11.486,11.537,11.48,11.511,1475.0,1475.2,16990.122,1
1788123600000,11.511,11.512,11.39,11.472,5145.0,5145.8,58966.5998,1
1788124500000,11.472,11.493,11.46,11.492,1620.0,1620.1,18599.2659,1
1788125400000,11.493,11.525,11.492,11.501,2161.0,2161.7,24882.3583,1
1788126300000,11.501,11.517,11.47,11.517,870.0,870.4,9995.7379,1
1788127200000,11.518,11.544,11.486,11.487,1917.0,1917.3,22099.2377,1
1788128100000,11.481,11.483,11.428,11.442,1554.0,1554.1,17800.4097,1
1788129000000,11.433,11.463,11.411,11.455,5956.0,5956.3,68218.1768,1
1788129900000,11.453,11.453,11.41,11.429,5760.0,5760.7,65848.995,1
1788130800000,11.429,11.434,11.387,11.401,2805.0,2805.9,32000.6204,1
1788131700000,11.401,11.41,11.141,11.186,31799.0,31799.7,357060.9535,1
1788132600000,11.159,11.237,11.021,11.081,14040.0,14040.9,155580.6743,1
1788133500000,11.086,11.16,10.976,11.136,14433.0,14433.2,159163.49,1
1788134400000,11.133,11.159,11.085,11.132,3263.0,3263.8,36267.4449,1
1788135300000,11.132,11.203,11.126,11.196,1931.0,1931.5,21591.558,1
1788136200000,11.192,11.231,11.185,11.212,1262.0,1262.3,14158.1786,1
1788137100000,11.209,11.211,11.18,11.188,1375.0,1375.6,15405.7189,1
1788138000000,11.182,11.201,11.083,11.116,2333.0,2333.2,25962.2148,1
1788138900000,11.116,11.17,11.102,11.154,2436.0,2436.3,27150.2956,1
1788139800000,11.157,11.18,11.129,11.131,2130.0,2130.2,23732.904,1
1788140700000,11.13,11.139,11.073,11.079,1326.0,1326.0,14735.7076,1
1788141600000,11.077,11.199,11.062,11.199,1135.0,1135.3,12613.4796,1
1788142500000,11.189,11.191,11.154,11.154,907.0,907.1,10133.8769,1
1788143400000,11.157,11.177,11.112,11.114,894.0,894.1,9962.2481,1
1788144300000,11.116,11.121,11.041,11.078,1185.0,1185.2,13118.0037,1
1788145200000,11.071,11.125,11.06,11.119,1391.0,1391.5,15443.2313,1
1788146100000,11.119,11.134,11.099,11.123,1029.0,1029.2,11445.7044,1
1788147000000,11.125,11.157,11.107,11.152,1359.0,1359.2,15117.5344,1
1788147900000,11.147,11.196,11.147,11.164,558.0,558.2,6232.0207,1
1788148800000,11.158,11.165,11.11,11.115,714.0,714.7,7959.1931,1
1788149700000,11.115,11.123,11.095,11.116,1001.0,1001.2,11121.0342,1
1788150600000,11.116,11.121,11.095,11.121,634.0,634.5,7048.165,1
1788151500000,11.115,11.139,11.099,11.135,1250.0,1250.3,13909.6649,1
1788152400000,11.128,11.209,11.116,11.202,2948.0,2948.2,32901.1306,1
1788153300000,11.201,11.307,11.201,11.281,1996.0,1996.1,22467.6961,1
1788154200000,11.286,11.307,11.245,11.25,8957.0,8957.7,100895.5153,1
1788155100000,11.25,11.28,11.247,11.258,1462.0,1462.9,16476.7055,1
1788156000000,11.255,11.275,11.243,11.26,944.0,944.9,10636.5622,1
1788156900000,11.26,11.301,11.245,11.287,840.0,840.0,9475.165,1
1788157800000,11.281,11.29,11.249,11.273,836.0,836.4,9424.491,1
1788158700000,11.273,11.284,11.261,11.266,723.0,723.8,8157.3828,1
1788159600000,11.255,11.286,11.249,11.252,938.0,938.5,10572.984,1
1788160500000,11.252,11.312,11.244,11.282,1403.0,1403.4,15843.2359,1
1788161400000,11.282,11.285,11.266,11.27,827.0,827.7,9330.0639,1
1788162300000,11.27,11.275,11.264,11.264,367.0,367.1,4136.2446,1
1788163200000,11.265,11.29,11.218,11.251,15773.0,15773.5,177357.8083,1
1788164100000,11.259,11.259,11.214,11.231,3006.0,3006.0,33788.033,1
1788165000000,11.231,11.296,11.222,11.255,2719.0,2719.8,30618.6,1
1788165900000,11.263,11.283,11.244,11.265,4146.0,4146.3,46694.8786,1
1788166800000,11.269,11.301,11.248,11.26,5082.0,5082.3,57323.1057,1
1788167700000,11.262,11.312,11.252,11.301,3030.0,3030.3,34187.94,1
1788168600000,11.298,11.312,11.293,11.312,608.0,608.0,6875.141,1
1788169500000,11.312,11.343,11.3,11.301,1171.0,1171.5,13268.8457,1
1788170400000,11.301,11.301,11.243,11.288,1324.0,1324.0,14925.4674,1
1788171300000,11.293,11.293,11.257,11.279,683.0,683.0,7699.24,1
1788172200000,11.279,11.31,11.259,11.308,1072.0,1072.1,12107.192,1
1788173100000,11.305,11.335,11.302,11.325,1115.0,1115.3,12621.104,1
1788174000000,11.316,11.317,11.292,11.299,1166.0,1166.5,13188.2747,1
1788174900000,11.295,11.313,11.277,11.277,1266.0,1266.1,14292.6999,1
1788175800000,11.282,11.284,11.254,11.254,417.0,417.8,4708.3873,1
1788176700000,11.254,11.261,11.24,11.249,557.0,557.0,6266.0259,1
1788177600000,11.249,11.3,11.231,11.288,1049.0,1049.8,11841.693,1
1788178500000,11.294,11.32,11.243,11.278,1964.0,1964.9,22155.476,1
1788179400000,11.273,11.297,11.22,11.26,1604.0,1604.0,18071.6496,1
1788180300000,11.26,11.266,11.23,11.266,3109.0,3109.6,35002.9876,1
1788181200000,11.263,11.293,11.262,11.281,1484.0,1484.1,16733.7957,1
1788182100000,11.276,11.293,11.248,11.274,2175.0,2175.2,24524.9821,1
1788183000000,11.282,11.3,11.214,11.216,3557.0,3557.0,39982.2815,1
1788183900000,11.216,11.229,11.163,11.188,18905.0,18905.2,211380.5944,1
1788184800000,11.184,11.21,11.163,11.179,1534.0,1534.5,17164.974,1
1788185700000,11.179,11.216,11.163,11.195,2478.0,2478.4,27732.2004,1
1788186600000,11.195,11.334,11.189,11.32,2967.0,2967.6,33473.5487,1
1788187500000,11.33,11.339,11.274,11.325,6329.0,6329.0,71569.7736,1
1788188400000,11.33,11.348,11.267,11.273,18206.0,18206.9,205712.0277,1
1788189300000,11.292,11.369,11.261,11.354,6661.0,6661.6,75480.0062,1
1788190200000,11.361,11.39,11.327,11.383,6465.0,6465.0,73384.0766,1
1788191100000,11.383,11.383,11.355,11.376,12302.0,12302.2,139764.1462,1
1788192000000,11.378,11.383,11.356,11.372,2199.0,2199.2,25016.2089,1
1788192900000,11.361,11.378,11.293,11.308,1680.0,1680.3,19036.1541,1
1788193800000,11.314,11.35,11.304,11.345,963.0,963.1,10902.3285,1
1788194700000,11.341,11.369,11.323,11.325,1215.0,1215.1,13790.4194,1
1788195600000,11.325,11.344,11.313,11.336,686.0,686.6,7775.6428,1
1788196500000,11.336,11.35,11.289,11.299,1230.0,1230.0,13916.2857,1
1788197400000,11.307,11.394,11.305,11.394,1719.0,1719.1,19537.0674,1
1788198300000,11.394,11.406,11.369,11.382,1183.0,1183.4,13478.0884,1
1788199200000,11.382,11.403,11.37,11.397,1089.0,1089.5,12405.2192,1
1788200100000,11.4,11.444,11.39,11.406,15452.0,15452.4,176478.7703,1
1788201000000,11.404,11.493,11.398,11.488,2166.0,2166.0,24790.3993,1
1788201900000,11.491,11.491,11.407,11.439,4302.0,4302.4,49215.02,1
1788202800000,11.438,11.474,11.429,11.474,2186.0,2186.2,25018.4413,1
1788203700000,11.474,11.474,11.417,11.445,1543.0,1543.7,17667.5133,1
1788204600000,11.446,11.452,11.412,11.422,795.0,795.3,9094.1005,1
1788205500000,11.418,11.447,11.394,11.395,859.0,859.4,9809.2119,1
1788206400000,11.395,11.425,11.375,11.409,1674.0,1674.0,19066.2181,1
1788207300000,11.409,11.435,11.379,11.379,469.0,469.4,5355.2778,1
1788208200000,11.378,11.41,11.376,11.404,716.0,716.7,8158.3204,1
1788209100000,11.404,11.408,11.375,11.377,1841.0,1841.0,20962.3555,1
1788210000000,11.375,11.379,11.339,11.36,2457.0,2457.6,27895.5883,1
1788210900000,11.362,11.4,11.36,11.389,1331.0,1331.1,15132.7943,1
1788211800000,11.396,11.404,11.372,11.382,611.0,611.1,6958.3979,1
1788212700000,11.379,11.388,11.365,11.365,463.0,463.5,5273.5558,1
1788213600000,11.369,11.4,11.36,11.361,1532.0,1532.3,17447.495,1
1788214500000,11.361,11.362,11.36,11.361,12448.0,12448.6,141416.566,1
1788215400000,11.361,11.361,11.317,11.322,1888.0,1888.9,21444.3961,1
1788216300000,11.322,11.337,11.312,11.319,513.0,513.2,5810.3998,1
1788217200000,11.317,11.343,11.285,11.294,2790.0,2790.5,31538.3425,1
1788218100000,11.295,11.305,11.28,11.303,799.0,799.7,9031.6653,1
1788219000000,11.303,11.32,11.289,11.312,345.0,345.5,3905.4722,1
1788219900000,11.312,11.318,11.307,11.315,273.0,273.0,3088.1808,1
1788220800000,11.319,11.374,11.311,11.341,3317.0,3317.5,37655.0949,1
1788221700000,11.341,11.364,11.335,11.35,983.0,983.4,11159.9328,1
1788222600000,11.35,11.368,11.335,11.353,661.0,661.9,7511.5594,1
1788223500000,11.353,11.39,11.353,11.371,626.0,626.1,7120.8796,1
1788224400000,11.38,11.392,11.358,11.361,1622.0,1622.7,18468.3084,1
1788225300000,11.361,11.389,11.352,11.362,978.0,978.7,11128.9778,1
1788226200000,11.365,11.413,11.352,11.399,5144.0,5144.9,58588.7291,1
1788227100000,11.399,11.404,11.345,11.36,833.0,833.0,9471.557,1
1788228000000,11.351,11.372,11.3,11.31,1972.0,1972.3,22337.7447,1
1788228900000,11.31,11.344,11.283,11.321,4162.0,4162.0,47004.4082,1
1788229800000,11.326,11.343,11.301,11.311,1956.0,1956.4,22146.1528,1
1788230700000,11.311,11.343,11.311,11.343,417.0,417.8,4734.3974,1
1788231600000,11.343,11.359,11.339,11.359,313.0,313.3,3554.9129,1
1788232500000,11.359,11.369,11.354,11.368,391.0,391.0,4443.369,1
1788233400000,11.368,11.488,11.368,11.458,2608.0,2608.9,29828.6166,1
1788234300000,11.45,11.454,11.427,11.428,702.0,702.6,8039.2977,1
1788235200000,11.428,11.445,11.427,11.43,563.0,563.3,6439.431,1
1788236100000,11.436,11.473,11.43,11.461,9047.0,9047.5,103589.8062,1
1788237000000,11.461,11.462,11.429,11.433,286.0,286.4,3277.5558,1
1788237900000,11.433,11.433,11.404,11.413,451.0,451.9,5158.8443,1
1788238800000,11.41,11.472,11.41,11.437,816.0,816.5,9343.7503,1
1788239700000,11.436,11.452,11.415,11.442,600.0,600.0,6860.152,1
1788240600000,11.435,11.5,11.435,11.5,23019.0,23019.6,264318.557,1
1788241500000,11.5,11.509,11.488,11.507,802.0,802.9,9232.8359,1
1788242400000,11.507,11.507,11.46,11.473,1159.0,1159.7,13320.5074,1
1788243300000,11.474,11.483,11.436,11.474,670.0,670.8,7685.8487,1
1788244200000,11.48,11.495,11.477,11.49,421.0,421.0,4836.249,1
1788245100000,11.49,11.495,11.477,11.481,386.0,386.4,4438.8162,1
1788246000000,11.481,11.495,11.476,11.484,635.0,635.6,7300.888,1
1788246900000,11.484,11.495,11.477,11.488,389.0,389.0,4468.707,1
1788247800000,11.485,11.489,11.428,11.454,693.0,693.8,7949.4446,1
1788248700000,11.455,11.474,11.448,11.462,651.0,651.0,7462.9142,1
1788249600000,11.465,11.474,11.375,11.387,1700.0,1700.1,19404.182,1
1788250500000,11.385,11.399,11.295,11.296,2426.0,2426.9,27541.7957,1
1788251400000,11.296,11.358,11.295,11.336,3726.0,3726.8,42167.6016,1
1788252300000,11.331,11.363,11.32,11.338,22498.0,22498.7,255419.1246,1
1788253200000,11.338,11.354,11.3,11.318,1114.0,1114.0,12613.5652,1
1788254100000,11.314,11.344,11.299,11.331,888.0,888.6,10057.0002,1
1788255000000,11.331,11.356,11.317,11.351,1337.0,1337.7,15157.2843,1
1788255900000,11.351,11.355,11.33,11.335,428.0,428.5,4858.0425,1
1788256800000,11.327,11.362,11.32,11.346,840.0,840.3,9526.8951,1
1788257700000,11.346,11.404,11.316,11.402,7468.0,7468.4,84768.5809,1
1788258600000,11.402,11.454,11.402,11.425,3550.0,3550.8,40579.7399,1
1788259500000,11.424,11.443,11.404,11.427,1768.0,1768.5,20212.0894,1
1788260400000,11.426,11.431,11.404,11.404,709.0,709.6,8099.3246,1
1788261300000,11.405,11.435,11.397,11.433,1108.0,1108.7,12651.3245,1
1788262200000,11.43,11.484,11.422,11.453,1102.0,1102.3,12637.4712,1
1788263100000,11.453,11.491,11.453,11.459,941.0,941.6,10802.3313,1
1788264000000,11.463,11.515,11.426,11.486,2156.0,2156.8,24723.4007,1
1788264900000,11.495,11.517,11.435,11.458,2010.0,2010.7,23055.3862,1
1788265800000,11.456,11.461,11.335,11.38,4408.0,4408.3,50177.4967,1
1788266700000,11.377,11.41,11.375,11.384,2161.0,2161.3,24632.9804,1
1788267600000,11.384,11.413,11.322,11.387,2364.0,2364.4,26891.4292,1
1788268500000,11.388,11.409,11.369,11.39,1253.0,1253.0,14263.1719,1
1788269400000,11.388,11.427,11.321,11.379,2597.0,2597.7,29531.5883,1
1788270300000,11.379,11.43,11.369,11.396,2044.0,2044.2,23305.378,1
1788271200000,11.397,11.47,11.382,11.446,2472.0,2472.4,28277.2004,1
1788272100000,11.445,11.474,11.423,11.444,1359.0,1359.1,15562.2806,1
1788273000000,11.444,11.469,11.426,11.469,1839.0,1839.3,21070.1877,1
1788273900000,11.466,11.489,11.439,11.44,29283.0,29283.5,336013.6203,1
1788274800000,11.445,11.445,11.341,11.365,45206.0,45206.1,514977.1495,1
1788275700000,11.36,11.393,11.351,11.389,905.0,905.7,10298.7289,1
1788276600000,11.394,11.427,11.376,11.424,1845.0,1845.7,21059.8383,1
1788277500000,11.426,11.443,11.419,11.422,7441.0,7441.6,85055.6075,1
1788278400000,11.422,11.443,11.369,11.37,1415.0,1415.2,16146.001,1
1788279300000,11.369,11.384,11.329,11.369,1817.0,1817.7,20632.3523,1
1788280200000,11.369,11.369,11.301,11.34,2524.0,2524.5,28615.3843,1
1788281100000,11.34,11.378,11.34,11.362,1768.0,1768.4,20102.2065,1
1788282000000,11.363,11.375,11.34,11.353,1557.0,1557.2,17685.8394,1
1788282900000,11.348,11.387,11.335,11.369,1806.0,1806.9,20548.9592,1
1788283800000,11.371,11.404,11.365,11.369,901.0,901.4,10265.7806,1
1788284700000,11.367,11.373,11.3,11.301,1859.0,1859.4,21068.8,1
1788285600000,11.308,11.325,11.24,11.248,4912.0,4912.2,55331.9605,1
1788286500000,11.251,11.259,11.165,11.216,3495.0,3495.9,39156.9992,1
1788287400000,11.219,11.229,11.107,11.108,7207.0,7207.5,80426.4048,1
1788288300000,11.108,11.213,11.056,11.209,6173.0,6173.8,68498.773,1
1788289200000,11.202,11.265,11.198,11.226,18269.0,18269.6,204910.3031,1
1788290100000,11.227,11.266,11.21,11.236,1672.0,1672.3,18789.5248,1
1788291000000,11.234,11.243,11.205,11.223,3514.0,3514.1,39433.6197,1
1788291900000,11.223,11.229,11.19,11.215,8010.0,8010.0,89673.5904,1
1788292800000,11.217,11.23,11.178,11.23,3290.0,3290.7,36844.9356,1
1788293700000,11.23,11.267,11.206,11.225,3030.0,3030.9,34072.0676,1
1788294600000,11.229,11.238,11.205,11.208,809.0,809.4,9087.3414,1
1788295500000,11.208,11.243,11.19,11.24,7429.0,7429.2,83483.7406,1
1788296400000,11.24,11.253,11.097,11.138,9579.0,9579.9,106556.1157,1
1788297300000,11.138,11.186,11.101,11.174,2535.0,2535.0,28246.7592,1
1788298200000,11.174,11.176,11.149,11.166,475.0,475.0,5300.667,1
1788299100000,11.162,11.187,11.162,11.168,303.0,303.1,3389.0256,1
1788300000000,11.168,11.197,11.161,11.196,597.0,597.6,6684.2544,1
1788300900000,11.196,11.197,11.164,11.174,255.0,255.1,2851.7236,1
1788301800000,11.166,11.176,11.145,11.153,1070.0,1070.7,11953.76,1
1788302700000,11.155,11.196,11.153,11.167,642.0,642.0,7177.619,1
1788303600000,11.167,11.187,11.153,11.178,1195.0,1195.6,13349.6261,1
1788304500000,11.181,11.194,11.153,11.191,935.0,935.6,10462.0774,1
1788305400000,11.191,11.24,11.183,11.225,1414.0,1414.1,15848.2965,1
1788306300000,11.229,11.24,11.216,11.228,1009.0,1009.2,11336.4508,1
1788307200000,11.228,11.24,11.214,11.222,549.0,549.0,6163.3,1
1788308100000,11.222,11.23,11.163,11.163,637.0,637.3,7140.0667,1
1788309000000,11.163,11.196,11.16,11.167,1147.0,1147.8,12823.2599,1
1788309900000,11.172,11.175,11.158,11.158,1342.0,1342.0,14990.6412,1
1788310800000,11.152,11.176,11.129,11.173,1217.0,1217.8,13581.8565,1
1788311700000,11.165,11.176,11.133,11.133,787.0,787.1,8786.2583,1
1788312600000,11.138,11.163,11.108,11.117,1741.0,1741.1,19375.4671,1
1788313500000,11.117,11.135,11.067,11.117,1536.0,1536.2,17049.1776,1
1788314400000,11.114,11.135,11.088,11.115,1215.0,1215.4,13510.6949,1
1788315300000,11.114,11.176,11.114,11.176,1029.0,1029.1,11469.7033,1
1788316200000,11.173,11.215,11.153,11.173,21522.0,21522.9,240910.7276,1
1788317100000,11.17,11.181,11.163,11.17,669.0,669.0,7473.345,1
1788318000000,11.17,11.24,11.164,11.225,1583.0,1583.7,17755.48,1
1788318900000,11.224,11.284,11.211,11.261,2297.0,2297.1,25828.5981,1
1788319800000,11.261,11.261,11.209,11.222,790.0,790.5,8880.9345,1
1788320700000,11.221,11.234,11.197,11.204,643.0,643.0,7207.87,1
1788321600000,11.204,11.223,11.16,11.168,1522.0,1522.1,17027.0608,1
1788322500000,11.168,11.193,11.161,11.175,1215.0,1215.6,13585.2795,1
1788323400000,11.176,11.224,11.172,11.218,578.0,578.1,6475.4054,1
1788324300000,11.22,11.251,11.206,11.251,1173.0,1173.3,13180.3704,1
1788325200000,11.247,11.252,11.215,11.249,674.0,674.0,7568.953,1
1788326100000,11.249,11.291,11.249,11.287,895.0,895.1,10089.8414,1
1788327000000,11.284,11.29,11.252,11.257,619.0,619.0,6980.185,1
1788327900000,11.257,11.287,11.252,11.283,665.0,665.0,7495.0745,1
1788328800000,11.287,11.293,11.232,11.232,864.0,864.4,9736.1237,1
1788329700000,11.232,11.251,11.215,11.215,730.0,730.9,8208.0063,1
1788330600000,11.215,11.267,11.177,11.26,1290.0,1290.1,14495.1348,1
1788331500000,11.259,11.262,11.233,11.247,526.0,526.7,5925.2878,1
1788332400000,11.251,11.29,11.244,11.278,469.0,469.9,5293.1303,1
1788333300000,11.278,11.278,11.246,11.247,521.0,521.0,5867.426,1
1788334200000,11.247,11.261,11.232,11.232,353.0,353.0,3971.063,1
1788335100000,11.231,11.243,11.199,11.204,536.0,536.3,6021.7435,1
1788336000000,11.208,11.228,11.191,11.198,819.0,819.8,9187.0912,1
1788336900000,11.202,11.218,11.177,11.18,553.0,553.8,6202.143,1
1788337800000,11.177,11.178,11.09,11.09,1751.0,1751.6,19492.8703,1
1788338700000,11.09,11.116,11.068,11.086,5149.0,5149.1,57090.8926,1
1788339600000,11.091,11.145,11.084,11.126,1364.0,1364.6,15181.5422,1
1788340500000,11.126,11.126,11.064,11.109,2725.0,2725.3,30281.5565,1
1788341400000,11.109,11.109,11.008,11.025,11767.0,11767.2,129650.9021,1
1788342300000,11.02,11.063,11.008,11.056,1694.0,1694.4,18697.5774,1
1788343200000,11.061,11.061,11.007,11.027,1186.0,1186.4,13081.846,1
1788344100000,11.028,11.035,11.0,11.001,1072.0,1072.2,11811.6122,1
1788345000000,11.001,11.014,10.958,10.994,3959.0,3959.2,43517.9652,1
1788345900000,10.99,10.991,10.91,10.974,14479.0,14479.6,158622.9488,1
1788346800000,10.976,10.976,10.934,10.973,4878.0,4878.6,53413.3867,1
1788347700000,10.977,10.981,10.923,10.953,2645.0,2645.1,28929.3723,1
1788348600000,10.952,11.026,10.95,11.011,1637.0,1637.3,18016.6205,1
1788349500000,11.014,11.018,10.987,11.018,766.0,766.0,8430.512,1
1788350400000,11.019,11.026,10.998,11.021,2062.0,2062.2,22706.4805,1
1788351300000,11.025,11.074,11.006,11.057,1848.0,1848.0,20414.0065,1
1788352200000,11.056,11.059,11.014,11.024,2378.0,2378.6,26223.4111,1
1788353100000,11.017,11.018,10.963,10.963,2332.0,2332.2,25640.072,1
1788354000000,10.965,11.024,10.965,11.0,2786.0,2786.6,30674.6046,1
1788354900000,11.0,11.054,11.0,11.043,1516.0,1516.6,16729.5212,1
1788355800000,11.043,11.197,11.0,11.196,4425.0,4425.9,49030.0149,1
1788356700000,11.196,11.2,11.119,11.145,5631.0,5631.7,62848.4801,1
1788357600000,11.154,11.158,11.112,11.152,1793.0,1793.5,19978.9974,1
1788358500000,11.149,11.18,11.115,11.123,14394.0,14394.8,160335.6062,1
1788359400000,11.128,11.129,11.084,11.128,2655.0,2655.6,29477.3895,1
1788360300000,11.128,11.13,11.056,11.061,2030.0,2030.2,22500.77,1
1788361200000,11.055,11.099,11.017,11.036,11287.0,11287.2,124541.4951,1
1788362100000,11.034,11.09,11.034,11.061,1761.0,1761.7,19484.1106,1
1788363000000,11.064,11.107,11.041,11.106,1560.0,1560.4,17297.124,1
1788363900000,11.106,11.106,11.055,11.086,10422.0,10422.5,115514.6042,1
1788364800000,11.08,11.129,11.07,11.117,1352.0,1352.0,15011.907,1
1788365700000,11.122,11.175,11.11,11.133,11866.0,11866.9,132357.8357,1
1788366600000,11.137,11.158,11.102,11.102,13383.0,13383.9,149049.9313,1
1788367500000,11.103,11.109,11.066,11.067,832.0,832.2,9230.9589,1
1788368400000,11.064,11.082,11.033,11.054,11647.0,11647.9,128695.1463,1
1788369300000,11.056,11.061,11.019,11.049,1191.0,1191.1,13146.3377,1
1788370200000,11.049,11.091,11.043,11.091,707.0,707.6,7830.1084,1
1788371100000,11.091,11.123,11.09,11.112,1190.0,1190.0,13220.888,1
1788372000000,11.115,11.129,11.1,11.128,728.0,728.0,8092.3392,1
1788372900000,11.128,11.16,11.127,11.136,1386.0,1386.3,15438.0881,1
1788373800000,11.14,11.151,11.107,11.116,999.0,999.1,11114.5064,1
1788374700000,11.12,11.148,11.111,11.125,963.0,963.1,10720.7679,1
1788375600000,11.129,11.132,11.108,11.121,513.0,513.3,5708.1353,1
1788376500000,11.121,11.131,11.091,11.091,522.0,522.1,5799.9085,1
1788377400000,11.077,11.089,11.063,11.083,1133.0,1133.1,12546.8154,1
1788378300000,11.082,11.107,11.072,11.1,1486.0,1486.9,16488.3078,1
1788379200000,11.109,11.169,11.101,11.13,1749.0,1749.9,19492.7557,1
1788380100000,11.133,11.139,11.091,11.106,1483.0,1483.5,16487.5544,1
1788381000000,11.106,11.139,11.104,11.106,411.0,411.8,4579.2946,1
1788381900000,11.109,11.137,11.095,11.121,547.0,547.6,6088.9934,1
1788382800000,11.121,11.124,11.091,11.092,783.0,783.4,8704.2032,1
1788383700000,11.092,11.102,11.072,11.09,441.0,441.9,4898.5039,1
1788384600000,11.086,11.126,11.07,11.126,397.0,397.1,4406.9804,1
1788385500000,11.126,11.126,11.096,11.096,428.0,428.9,4762.9897,1
1788386400000,11.093,11.093,11.054,11.063,641.0,641.9,7103.9736,1
1788387300000,11.06,11.071,11.041,11.042,1123.0,1123.8,12419.8708,1
1788388200000,11.042,11.069,11.041,11.065,365.0,365.4,4040.2452,1
1788389100000,11.058,11.065,11.033,11.036,620.0,620.3,6852.4298,1
1788390000000,11.036,11.084,11.021,11.081,4715.0,4715.2,52085.6108,1
1788390900000,11.081,11.085,11.063,11.083,1997.0,1997.7,22122.2831,1
1788391800000,11.083,11.09,11.06,11.063,872.0,872.7,9659.7504,1
1788392700000,11.069,11.118,11.069,11.109,1051.0,1051.1,11668.0601,1
1788393600000,11.109,11.11,11.068,11.068,644.0,644.4,7149.3325,1
1788394500000,11.068,11.072,11.042,11.048,1929.0,1929.0,21337.7713,1
1788395400000,11.046,11.068,11.031,11.043,765.0,765.1,8452.6284,1
1788396300000,11.042,11.054,11.027,11.037,1862.0,1862.8,20563.4054,1
1788397200000,11.037,11.133,11.0,11.133,4563.0,4563.4,50497.059,1
1788398100000,11.131,11.138,11.1,11.138,1945.0,1945.1,21623.1972,1
1788399000000,11.138,11.158,11.116,11.132,1119.0,1119.1,12469.1584,1
1788399900000,11.132,11.143,11.102,11.102,1420.0,1420.5,15789.6732,1
1788400800000,11.102,11.125,11.075,11.122,1095.0,1095.3,12154.0598,1
1788401700000,11.125,11.138,11.116,11.138,732.0,732.1,8146.4449,1
1788402600000,11.138,11.205,11.136,11.195,5328.0,5328.6,59620.1495,1
1788403500000,11.188,11.223,11.184,11.206,6133.0,6133.7,68785.4434,1
1788404400000,11.208,11.212,11.174,11.199,2771.0,2771.8,31035.2184,1
1788405300000,11.199,11.2,11.154,11.178,1996.0,1996.3,22303.725,1
1788406200000,11.172,11.182,11.154,11.169,1838.0,1838.1,20522.8216,1
1788407100000,11.165,11.197,11.159,11.19,954.0,954.3,10668.3236,1
1788408000000,11.193,11.226,11.187,11.198,988.0,988.5,11078.6842,1
1788408900000,11.198,11.203,11.166,11.173,680.0,680.3,7606.2972,1
1788409800000,11.175,11.194,11.173,11.173,534.0,534.8,5980.6766,1
1788410700000,11.176,11.236,11.176,11.234,752.0,752.3,8437.0399,1
1788411600000,11.235,11.26,11.215,11.222,2628.0,2628.6,29573.9722,1
1788412500000,11.222,11.224,11.109,11.12,2134.0,2134.3,23799.8436,1
1788413400000,11.112,11.192,11.112,11.192,1625.0,1625.3,18126.4509,1
1788414300000,11.192,11.24,11.173,11.224,3136.0,3136.4,35192.4585,1
1788415200000,11.224,11.234,11.193,11.194,7511.0,7511.9,84240.6476,1
1788416100000,11.197,11.208,11.183,11.203,977.0,977.2,10941.1047,1
1788417000000,11.205,11.227,11.188,11.223,5918.0,5918.1,66296.8466,1
1788417900000,11.223,11.229,11.207,11.21,304.0,304.0,3410.412,1
1788418800000,11.214,11.267,11.205,11.263,1687.0,1687.3,18988.4577,1
1788419700000,11.263,11.264,11.231,11.237,739.0,739.4,8316.6631,1
1788420600000,11.235,11.27,11.231,11.236,1635.0,1635.5,18399.6208,1
1788421500000,11.232,11.241,11.143,11.175,1717.0,1717.4,19206.2887,1
1788422400000,11.177,11.252,11.177,11.231,1392.0,1392.0,15630.4452,1
1788423300000,11.231,11.239,11.204,11.237,1544.0,1544.4,17337.4046,1
1788424200000,11.235,11.249,11.207,11.211,1491.0,1491.8,16745.856,1
1788425100000,11.212,11.224,11.195,11.208,688.0,688.5,7717.5057,1
1788426000000,11.208,11.235,11.183,11.214,984.0,984.3,11032.344,1
1788426900000,11.214,11.229,11.197,11.198,1002.0,1002.5,11234.7245,1
1788427800000,11.198,11.198,11.165,11.177,894.0,894.9,10004.5958,1
1788428700000,11.183,11.196,11.152,11.153,815.0,815.9,9112.8491,1
1788429600000,11.153,11.181,11.142,11.149,886.0,886.9,9899.1462,1
1788430500000,11.15,11.197,11.147,11.171,722.0,722.1,8064.7115,1
1788431400000,11.166,11.18,11.12,11.125,1805.0,1805.5,20114.1436,1
1788432300000,11.125,11.188,11.124,11.185,1047.0,1047.3,11677.3238,1
1788433200000,11.19,11.231,11.178,11.231,797.0,797.5,8936.9715,1
1788434100000,11.228,11.275,11.228,11.269,772.0,772.4,8686.0619,1
1788435000000,11.273,11.32,11.255,11.288,1418.0,1418.9,16018.9106,1
1788435900000,11.289,11.296,11.254,11.267,960.0,960.4,10826.1094,1
1788436800000,11.266,11.295,11.254,11.294,947.0,947.9,10688.9635,1
1788437700000,11.286,11.299,11.267,11.274,587.0,587.6,6628.4382,1
1788438600000,11.295,11.366,11.277,11.341,2745.0,2745.4,31118.8938,1
1788439500000,11.342,11.427,11.341,11.418,6243.0,6243.0,71149.1641,1
1788440400000,11.417,11.424,11.378,11.399,1765.0,1765.7,20115.5807,1
1788441300000,11.401,11.413,11.363,11.373,9038.0,9038.7,102786.4225,1
1788442200000,11.372,11.456,11.364,11.455,9457.0,9457.6,107832.894,1
1788443100000,11.455,11.472,11.41,11.432,16781.0,16781.7,191674.6384,1
1788444000000,11.427,11.441,11.385,11.441,5615.0,5615.3,64111.0565,1
1788444900000,11.441,11.523,11.441,11.516,78039.0,78039.0,896096.5443,1
1788445800000,11.512,11.642,11.481,11.62,58691.0,58691.4,677536.135,1
1788446700000,11.62,11.783,11.606,11.783,15301.0,15301.1,179212.054,1
1788447600000,11.781,11.85,11.674,11.69,15440.0,15440.5,181814.1171,1
1788448500000,11.696,11.71,11.662,11.705,2878.0,2878.3,33655.5446,1
1788449400000,11.693,11.721,11.662,11.697,4715.0,4715.7,55185.3858,1
1788450300000,11.697,11.782,11.652,11.78,3003.0,3003.6,35248.4555,1
1788451200000,11.779,11.782,11.668,11.7,3157.0,3157.2,36992.6849,1
1788452100000,11.696,11.7,11.624,11.659,3708.0,3708.9,43245.7913,1
1788453000000,11.656,11.708,11.656,11.696,2584.0,2584.7,30222.7306,1
1788453900000,11.699,11.733,11.698,11.716,2293.0,2293.0,26862.7782,1
1788454800000,11.718,11.738,11.691,11.733,2248.0,2248.1,26353.7609,1
1788455700000,11.731,11.733,11.704,11.72,1194.0,1194.3,13995.8943,1
1788456600000,11.712,11.742,11.708,11.731,2214.0,2214.1,25974.3053,1
1788457500000,11.727,11.751,11.713,11.733,1878.0,1878.1,22035.2967,1
1788458400000,11.74,11.794,11.733,11.79,1626.0,1626.3,19148.5037,1
1788459300000,11.792,11.794,11.758,11.761,3239.0,3239.6,38147.4226,1
1788460200000,11.761,11.773,11.745,11.749,2337.0,2337.7,27484.3319,1
1788461100000,11.75,11.808,11.749,11.806,1229.0,1229.0,14488.5458,1
1788462000000,11.807,11.859,11.798,11.799,1561.0,1561.8,18458.3536,1
1788462900000,11.799,11.868,11.799,11.861,4305.0,4305.1,51036.5283,1
1788463800000,11.861,11.87,11.832,11.851,6295.0,6295.7,74661.5576,1
1788464700000,11.851,11.86,11.814,11.851,1060.0,1060.3,12548.1349,1
1788465600000,11.853,11.885,11.808,11.851,1745.0,1745.1,20687.21,1
1788466500000,11.845,11.876,11.831,11.871,1606.0,1606.8,19046.735,1
1788467400000,11.871,11.91,11.855,11.858,9510.0,9510.3,113174.5945,1
1788468300000,11.855,11.901,11.855,11.884,1477.0,1477.9,17554.0533,1
1788469200000,11.884,11.9,11.849,11.896,1647.0,1647.0,19555.6356,1
1788470100000,11.898,11.902,11.884,11.901,1073.0,1073.2,12762.2539,1
1788471000000,11.901,11.963,11.886,11.9,4145.0,4145.4,49416.4119,1
1788471900000,11.9,11.935,11.87,11.933,988.0,988.4,11770.3089,1
1788472800000,11.933,11.934,11.872,11.889,2167.0,2167.1,25797.1233,1
1788473700000,11.898,11.926,11.846,11.853,1600.0,1600.1,19024.3319,1
1788474600000,11.849,11.849,11.78,11.8,2139.0,2139.1,25255.8509,1
1788475500000,11.806,11.841,11.805,11.831,1487.0,1487.9,17595.1125,1
1788476400000,11.831,11.831,11.795,11.798,1413.0,1413.3,16694.167,1
1788477300000,11.795,11.821,11.783,11.821,883.0,883.3,10421.8236,1
1788478200000,11.82,11.848,11.796,11.83,981.0,981.9,11612.6193,1
1788479100000,11.83,11.847,11.815,11.832,1621.0,1621.0,19181.0653,1
1788480000000,11.827,11.846,11.794,11.826,1602.0,1602.8,18943.6127,1
1788480900000,11.829,11.849,11.818,11.823,1303.0,1303.0,15422.363,1
1788481800000,11.824,11.897,11.824,11.849,1475.0,1475.7,17520.5161,1
1788482700000,11.853,11.86,11.787,11.787,1259.0,1259.1,14888.0979,1
1788483600000,11.79,11.845,11.753,11.822,2350.0,2350.1,27716.7416,1
1788484500000,11.824,11.849,11.807,11.814,1372.0,1372.9,16242.9963,1
1788485400000,11.813,11.837,11.783,11.786,768.0,768.6,9071.7321,1
1788486300000,11.788,11.893,11.783,11.889,1302.0,1302.3,15440.2894,1
1788487200000,11.895,11.895,11.83,11.832,812.0,812.0,9624.302,1
1788488100000,11.832,11.845,11.808,11.81,755.0,755.2,8930.4531,1
1788489000000,11.81,11.862,11.81,11.839,1104.0,1104.5,13083.3533,1
1788489900000,11.842,11.899,11.829,11.898,982.0,982.7,11658.3671,1
1788490800000,11.897,11.935,11.897,11.921,1129.0,1129.0,13451.6196,1
1788491700000,11.926,11.926,11.884,11.894,701.0,701.0,8342.17,1
1788492600000,11.894,11.904,11.866,11.877,1363.0,1363.5,16208.5001,1
1788493500000,11.88,11.895,11.87,11.881,1116.0,1116.0,13263.7582,1
1788494400000,11.878,11.891,11.866,11.891,686.0,686.0,8147.423,1
1788495300000,11.891,11.995,11.891,11.977,8363.0,8363.3,100111.166,1
1788496200000,11.996,11.996,11.939,11.941,1470.0,1470.8,17605.75,1
1788497100000,11.941,11.941,11.92,11.923,454.0,454.2,5421.6584,1
1788498000000,11.921,11.95,11.887,11.918,1546.0,1546.8,18435.5989,1
1788498900000,11.917,11.944,11.902,11.902,706.0,706.1,8421.6702,1
1788499800000,11.898,11.908,11.867,11.903,1318.0,1318.9,15686.0161,1
1788500700000,11.903,11.92,11.83,11.88,1030.0,1030.5,12226.6609,1
1788501600000,11.885,11.923,11.861,11.9,828.0,828.5,9847.0481,1
1788502500000,11.903,11.911,11.83,11.835,892.0,892.3,10584.0522,1
1788503400000,11.833,11.866,11.821,11.865,862.0,862.4,10213.7673,1
1788504300000,11.865,11.866,11.854,11.865,974.0,974.1,11554.3219,1
1788505200000,11.866,11.961,11.865,11.955,1456.0,1456.3,17379.7153,1
1788506100000,11.954,11.969,11.927,11.954,1374.0,1374.9,16427.6263,1
1788507000000,11.954,11.962,11.907,11.935,946.0,946.8,11300.5479,1
1788507900000,11.933,11.946,11.913,11.919,777.0,777.2,9270.0986,1
1788508800000,11.923,11.931,11.881,11.921,1073.0,1073.7,12794.9699,1
1788509700000,11.921,11.99,11.912,11.987,972.0,972.6,11622.8369,1
1788510600000,11.992,12.024,11.95,11.963,4447.0,4447.4,53364.0055,1
1788511500000,11.961,12.074,11.952,12.074,24938.0,24938.7,300597.8249,1
1788512400000,12.084,12.116,12.046,12.08,3681.0,3681.6,44512.5472,1
1788513300000,12.079,12.144,12.011,12.015,3119.0,3119.1,37657.2667,1
1788514200000,12.009,12.111,12.007,12.057,2001.0,2001.1,24142.7478,1
1788515100000,12.061,12.093,12.049,12.05,1491.0,1491.8,17995.9938,1
1788516000000,12.05,12.051,11.95,11.966,6422.0,6422.6,77068.0091,1
1788516900000,11.971,11.971,11.939,11.964,2171.0,2171.2,25934.4792,1
1788517800000,11.953,12.06,11.951,12.06,1155.0,1155.5,13869.3796,1
1788518700000,12.064,12.067,12.031,12.066,984.0,984.7,11867.9274,1
1788519600000,12.066,12.067,12.022,12.025,1502.0,1502.7,18097.1866,1
1788520500000,12.031,12.064,12.016,12.055,1036.0,1036.9,12484.3777,1
1788521400000,12.054,12.066,12.033,12.046,975.0,975.8,11758.8083,1
1788522300000,12.046,12.049,12.018,12.024,635.0,635.3,7644.6619,1
1788523200000,12.022,12.057,12.011,12.044,2309.0,2309.7,27773.4145,1
1788524100000,12.048,12.048,11.986,12.026,3538.0,3538.8,42536.3844,1
1788525000000,12.002,12.002,11.464,11.65,17743.0,17743.9,206877.5609,1
1788525900000,11.651,11.692,11.568,11.649,5770.0,5770.5,67149.5899,1
1788526800000,11.651,11.67,11.564,11.583,3066.0,3066.0,35610.6467,1
1788527700000,11.586,11.64,11.575,11.595,1955.0,1955.1,22697.9604,1
1788528600000,11.595,11.637,11.545,11.63,2745.0,2745.6,31857.5669,1
1788529500000,11.626,11.719,11.608,11.647,4229.0,4229.2,49293.282,1
1788530400000,11.645,11.677,11.596,11.632,2855.0,2855.9,33260.5428,1
1788531300000,11.631,11.642,11.561,11.615,1861.0,1861.7,21603.2367,1
1788532200000,11.612,11.632,11.518,11.528,3784.0,3784.3,43810.5289,1
1788533100000,11.526,11.554,11.466,11.519,31636.0,31636.2,363740.0571,1
1788534000000,11.52,11.585,11.493,11.58,2615.0,2615.1,30194.9083,1
1788534900000,11.582,11.657,11.568,11.623,17178.0,17178.9,199745.9856,1
1788535800000,11.646,11.676,11.628,11.669,17217.0,17217.1,200733.4527,1
1788536700000,11.669,11.679,11.643,11.654,889.0,889.8,10377.1762,1
1788537600000,11.648,11.671,11.64,11.66,1342.0,1342.8,15649.8635,1
1788538500000,11.651,11.678,11.651,11.676,1114.0,1114.1,12999.1058,1
1788539400000,11.676,11.72,11.672,11.715,1792.0,1792.3,20965.7837,1
1788540300000,11.715,11.724,11.691,11.694,1114.0,1114.3,13046.5777,1
1788541200000,11.691,11.693,11.65,11.651,2415.0,2415.1,28217.929,1
1788542100000,11.651,11.651,11.613,11.618,1006.0,1006.3,11700.6048,1
1788543000000,11.619,11.631,11.596,11.598,2552.0,2552.8,29643.847,1
1788543900000,11.598,11.601,11.565,11.594,4858.0,4858.9,56235.6105,1
1788544800000,11.593,11.632,11.593,11.603,1596.0,1596.3,18549.2483,1
1788545700000,11.605,11.632,11.605,11.626,602.0,602.4,7000.8722,1
1788546600000,11.626,11.661,11.624,11.659,1860.0,1860.0,21644.4491,1
1788547500000,11.66,11.664,11.651,11.657,337.0,337.1,3929.4459,1
1788548400000,11.656,11.676,11.646,11.66,544.0,544.0,6346.275,1
1788549300000,11.66,11.708,11.65,11.706,1026.0,1026.2,12000.7968,1
1788550200000,11.707,11.708,11.687,11.698,801.0,801.8,9379.957,1
1788551100000,11.701,11.708,11.685,11.707,766.0,766.7,8972.3798,1
1788552000000,11.708,11.715,11.677,11.687,801.0,801.9,9381.5625,1
1788552900000,11.681,11.699,11.676,11.684,539.0,539.7,6310.312,1
1788553800000,11.685,11.699,11.682,11.696,425.0,425.4,4972.6262,1
1788554700000,11.692,11.693,11.668,11.669,694.0,694.7,8111.1326,1
1788555600000,11.669,11.69,11.664,11.683,811.0,811.0,9475.4415,1
1788556500000,11.683,11.69,11.651,11.656,448.0,448.8,5235.6473,1
1788557400000,11.656,11.674,11.65,11.659,328.0,328.1,3826.5083,1
1788558300000,11.658,11.669,11.608,11.609,626.0,626.1,7279.06,1
1788559200000,11.609,11.633,11.608,11.626,422.0,422.0,4903.619,1
1788560100000,11.625,11.638,11.621,11.634,729.0,729.0,8480.06,1
1788561000000,11.634,11.637,11.623,11.63,473.0,473.2,5503.7828,1
1788561900000,11.63,11.631,11.609,11.612,1287.0,1287.2,14955.5315,1
1788562800000,11.609,11.609,11.596,11.597,635.0,635.9,7378.946,1
1788563700000,11.597,11.625,11.596,11.617,329.0,329.0,3816.931,1
1788564600000,11.617,11.633,11.614,11.63,707.0,707.1,8221.7128,1
1788565500000,11.63,11.644,11.626,11.63,294.0,294.8,3429.8658,1
1788566400000,11.63,11.631,11.6,11.625,2103.0,2103.0,24440.6831,1
1788567300000,11.625,11.625,11.606,11.616,286.0,286.1,3322.6834,1
1788568200000,11.616,11.646,11.607,11.638,418.0,418.0,4859.546,1
1788569100000,11.639,11.649,11.608,11.616,424.0,424.5,4936.1965,1
1788570000000,11.616,11.664,11.611,11.645,412.0,412.3,4800.0314,1
1788570900000,11.647,11.666,11.631,11.654,1123.0,1123.1,13084.8445,1
1788571800000,11.654,11.663,11.637,11.651,3555.0,3555.7,41449.1718,1
1788572700000,11.651,11.655,11.627,11.628,1099.0,1099.6,12803.7102,1
1788573600000,11.628,11.646,11.616,11.645,1170.0,1170.1,13616.2601,1
1788574500000,11.645,11.682,11.643,11.644,459.0,459.5,5356.4576,1
1788575400000,11.646,11.686,11.645,11.682,685.0,685.8,8006.2486,1
1788576300000,11.682,11.688,11.648,11.678,1090.0,1090.7,12726.875,1
1788577200000,11.678,11.686,11.657,11.676,409.0,409.8,4784.1656,1
1788578100000,11.676,11.694,11.671,11.68,752.0,752.5,8789.4109,1
1788579000000,11.683,11.694,11.676,11.693,722.0,722.9,8451.8707,1
1788579900000,11.693,11.694,11.658,11.658,369.0,369.4,4313.8974,1
1788580800000,11.658,11.665,11.648,11.648,510.0,510.2,5946.5983,1
1788581700000,11.647,11.666,11.635,11.658,548.0,548.4,6390.7393,1
1788582600000,11.662,11.667,11.648,11.658,276.0,276.0,3217.645,1
1788583500000,11.658,11.662,11.632,11.649,1780.0,1780.6,20726.7579,1
1788584400000,11.649,11.668,11.615,11.666,3994.0,3994.9,46555.0202,1
1788585300000,11.666,11.667,11.624,11.642,2303.0,2303.7,26830.5479,1
1788586200000,11.642,11.642,11.615,11.624,386.0,386.0,4487.896,1
1788587100000,11.619,11.655,11.616,11.646,767.0,767.8,8925.1846,1
1788588000000,11.648,11.665,11.639,11.652,399.0,399.9,4658.8557,1
1788588900000,11.652,11.669,11.637,11.669,403.0,403.0,4699.3672,1
1788589800000,11.669,11.708,11.668,11.706,1121.0,1121.0,13109.0867,1
1788590700000,11.706,11.708,11.702,11.706,343.0,343.0,4015.343,1
1788591600000,11.707,11.73,11.699,11.73,879.0,879.8,10308.921,1
1788592500000,11.73,11.74,11.708,11.736,514.0,514.5,6033.8853,1
1788593400000,11.738,11.756,11.733,11.751,646.0,646.6,7594.5809,1
1788594300000,11.756,11.766,11.722,11.741,492.0,492.7,5786.7552,1
1788595200000,11.735,11.752,11.722,11.73,491.0,491.8,5771.0363,1
1788596100000,11.73,11.773,11.722,11.755,671.0,671.8,7895.9338,1
1788597000000,11.755,11.756,11.715,11.749,472.0,472.0,5538.8501,1
1788597900000,11.756,11.784,11.746,11.784,820.0,820.7,9665.0037,1
1788598800000,11.778,11.817,11.778,11.801,876.0,876.1,10341.4079,1
1788599700000,11.801,11.867,11.782,11.835,1399.0,1399.9,16561.917,1
1788600600000,11.835,11.844,11.801,11.819,1292.0,1292.9,15283.054,1
1788601500000,11.82,11.824,11.801,11.801,1250.0,1250.3,14768.3454,1
1788602400000,11.801,11.801,11.783,11.784,361.0,361.8,4265.5594,1
1788603300000,11.784,11.787,11.758,11.759,1344.0,1344.6,15822.5793,1
1788604200000,11.759,11.787,11.752,11.76,3784.0,3784.6,44509.0306,1
1788605100000,11.755,11.768,11.748,11.749,1064.0,1064.4,12521.8287,1
1788606000000,11.749,11.753,11.739,11.751,656.0,656.8,7714.8595,1
1788606900000,11.753,11.753,11.735,11.735,449.0,449.7,5280.4048,1
1788607800000,11.735,11.735,11.711,11.714,475.0,475.6,5575.606,1
1788608700000,11.714,11.741,11.708,11.72,1072.0,1072.0,12568.5044,1
1788609600000,11.72,11.746,11.719,11.746,1002.0,1002.6,11766.6083,1
1788610500000,11.743,11.75,11.728,11.745,324.0,324.0,3804.2404,1
1788611400000,11.745,11.831,11.732,11.815,2451.0,2451.4,28926.6736,1
1788612300000,11.815,11.841,11.815,11.828,1003.0,1003.0,11866.9037,1
1788613200000,11.836,11.849,11.828,11.848,512.0,512.0,6061.9649,1
1788614100000,11.848,11.849,11.822,11.828,579.0,579.7,6861.6836,1
1788615000000,11.827,11.885,11.823,11.859,1010.0,1010.7,11976.9264,1
1788615900000,11.859,11.881,11.821,11.843,2276.0,2276.7,26953.9294,1
1788616800000,11.838,11.866,11.838,11.856,524.0,524.8,6222.2874,1
1788617700000,11.859,11.885,11.852,11.878,755.0,755.4,8959.7126,1
1788618600000,11.878,11.886,11.859,11.861,382.0,382.8,4546.4541,1
1788619500000,11.862,11.886,11.839,11.883,4233.0,4233.1,50147.7761,1
1788620400000,11.879,11.921,11.875,11.914,4224.0,4224.5,50318.9749,1
1788621300000,11.914,11.955,11.876,11.928,3144.0,3144.8,37488.1553,1
1788622200000,11.917,11.958,11.893,11.95,2013.0,2013.4,24011.326,1
1788623100000,11.95,11.958,11.92,11.946,2144.0,2144.9,25615.7786,1
1788624000000,11.94,11.946,11.91,11.929,3249.0,3249.5,38741.8956,1
1788624900000,11.931,11.938,11.91,11.916,812.0,812.9,9692.0029,1
1788625800000,11.92,11.943,11.893,11.903,936.0,936.2,11153.6631,1
1788626700000,11.903,11.987,11.903,11.967,5318.0,5318.7,63669.0147,1
1788627600000,11.963,12.118,11.952,12.111,2950.0,2950.7,35578.2259,1
1788628500000,12.114,12.247,12.068,12.152,23743.0,23743.4,290217.0438,1
1788629400000,12.146,12.152,12.014,12.039,13015.0,13015.5,157581.725,1
1788630300000,12.042,12.09,12.027,12.089,2283.0,2283.7,27553.4123,1
1788631200000,12.089,12.107,12.049,12.051,2687.0,2687.6,32453.8219,1
1788632100000,12.059,12.084,12.036,12.036,1021.0,1021.8,12326.3843,1
1788633000000,12.041,12.069,12.025,12.041,2976.0,2976.4,35851.104,1
1788633900000,12.041,12.049,12.027,12.039,406.0,406.5,4893.9065,1
1788634800000,12.035,12.035,11.988,12.022,3189.0,3189.8,38342.4197,1
1788635700000,12.021,12.065,12.015,12.056,634.0,634.2,7633.3851,1
1788636600000,12.064,12.08,12.021,12.047,758.0,758.5,9144.9031,1
1788637500000,12.049,12.051,11.979,12.008,726.0,726.9,8728.1204,1
1788638400000,12.013,12.047,11.98,12.005,2095.0,2095.6,25156.5121,1
1788639300000,12.011,12.012,11.973,11.988,1733.0,1733.9,20796.3292,1
1788640200000,11.984,12.028,11.969,12.028,881.0,881.3,10564.9235,1
1788641100000,12.027,12.041,12.009,12.016,766.0,766.5,9216.5615,1
1788642000000,12.016,12.048,12.005,12.043,5030.0,5030.9,60455.8238,1
1788642900000,12.041,12.077,12.034,12.072,932.0,932.8,11251.3421,1
1788643800000,12.072,12.098,12.054,12.098,1022.0,1022.5,12351.212,1
1788644700000,12.099,12.105,12.073,12.076,2105.0,2105.8,25453.8894,1
1788645600000,12.075,12.099,12.056,12.063,1122.0,1122.0,13556.3123,1
1788646500000,12.063,12.076,11.983,11.983,20430.0,20430.3,245304.3968,1
1788647400000,11.996,12.033,11.996,12.003,926.0,926.0,11131.6036,1
1788648300000,12.001,12.012,11.988,11.999,423.0,423.0,5075.882,1
1788649200000,11.999,12.001,11.972,11.975,804.0,804.7,9645.9349,1
1788650100000,11.982,12.011,11.971,12.01,4594.0,4594.4,55093.3612,1
1788651000000,12.01,12.066,12.01,12.032,797.0,797.1,9591.8547,1
1788651900000,12.024,12.071,12.019,12.042,817.0,817.2,9845.1414,1
1788652800000,12.046,12.072,12.04,12.051,517.0,517.8,6241.0274,1
1788653700000,12.051,12.089,12.048,12.086,5107.0,5107.4,61577.4568,1
1788654600000,12.086,12.13,12.058,12.113,1150.0,1150.8,13914.0562,1
1788655500000,12.116,12.159,12.108,12.148,1046.0,1046.2,12699.6442,1
1788656400000,12.15,12.227,12.129,12.207,2305.0,2305.2,28082.7621,1
1788657300000,12.213,12.223,12.168,12.192,1153.0,1153.7,14065.3568,1
1788658200000,12.194,12.301,12.191,12.24,19165.0,19165.0,235519.0072,1
1788659100000,12.24,12.354,12.24,12.353,22792.0,22792.8,281248.0454,1
1788660000000,12.354,12.439,12.352,12.39,36262.0,36262.9,448890.4555,1
1788660900000,12.39,12.39,12.277,12.278,10406.0,10406.6,128789.52,1
1788661800000,12.278,12.279,12.222,12.225,8887.0,8887.6,108740.9312,1
1788662700000,12.241,12.269,12.22,12.235,1709.0,1709.1,20921.2009,1
1788663600000,12.23,12.244,12.208,12.24,1422.0,1422.2,17383.1713,1
1788664500000,12.242,12.242,12.186,12.198,1537.0,1537.3,18770.333,1
1788665400000,12.2,12.261,12.193,12.252,1417.0,1417.2,17321.1884,1
1788666300000,12.254,12.271,12.207,12.219,1352.0,1352.8,16573.4809,1
1788667200000,12.219,12.219,12.17,12.183,1120.0,1120.6,13659.8554,1
1788668100000,12.18,12.182,12.12,12.137,11114.0,11114.3,135028.7577,1
1788669000000,12.141,12.158,12.12,12.157,2039.0,2039.5,24757.2621,1
1788669900000,12.158,12.193,12.143,12.146,7323.0,7323.5,89163.8818,1
1788670800000,12.149,12.177,12.133,12.133,618.0,618.2,7513.369,1
1788671700000,12.136,12.187,12.129,12.178,748.0,748.3,9101.7813,1
1788672600000,12.178,12.32,12.175,12.304,12652.0,12652.6,155226.2223,1
1788673500000,12.309,12.332,12.277,12.289,2824.0,2824.4,34761.9962,1
1788674400000,12.292,12.294,12.256,12.256,871.0,871.5,10698.323,1
1788675300000,12.259,12.263,12.232,12.239,518.0,518.3,6346.3175,1
1788676200000,12.242,12.27,12.218,12.268,883.0,883.9,10822.5427,1
1788677100000,12.271,12.284,12.24,12.245,3587.0,3587.1,43983.7379,1
1788678000000,12.245,12.281,12.127,12.152,1121.0,1121.3,13681.473,1
1788678900000,12.16,12.233,12.157,12.211,2586.0,2586.0,31589.6174,1
1788679800000,12.207,12.22,12.194,12.216,3603.0,3603.4,43976.9482,1
1788680700000,12.216,12.231,12.199,12.208,1067.0,1067.8,13037.8828,1
1788681600000,12.21,12.233,12.194,12.231,1364.0,1364.0,16666.8813,1
1788682500000,12.233,12.256,12.207,12.213,2008.0,2008.6,24545.9052,1
1788683400000,12.207,12.21,12.174,12.176,472.0,472.2,5758.5358,1
1788684300000,12.176,12.218,12.175,12.191,408.0,408.5,4977.4085,1
1788685200000,12.199,12.262,12.174,12.262,839.0,839.2,10254.4863,1
1788686100000,12.257,12.309,12.245,12.308,2612.0,2612.7,32118.3499,1
1788687000000,12.309,12.316,12.257,12.274,1841.0,1841.3,22612.0564,1
1788687900000,12.271,12.298,12.262,12.276,849.0,849.4,10431.63,1
1788688800000,12.273,12.306,12.264,12.264,1814.0,1814.8,22295.5828,1
1788689700000,12.265,12.282,12.232,12.239,3779.0,3779.2,46301.8335,1
1788690600000,12.239,12.277,12.227,12.275,742.0,742.1,9095.0578,1
1788691500000,12.275,12.309,12.261,12.301,608.0,608.0,7468.7667,1
1788692400000,12.301,12.306,12.257,12.28,990.0,990.7,12167.2343,1
1788693300000,12.28,12.294,12.24,12.265,902.0,902.2,11076.8778,1
1788694200000,12.265,12.3,12.254,12.272,535.0,535.6,6574.789,1
1788695100000,12.273,12.296,12.258,12.269,551.0,551.0,6764.419,1
1788696000000,12.274,12.295,12.247,12.295,622.0,622.6,7639.4498,1
1788696900000,12.295,12.336,12.29,12.327,1644.0,1644.3,20267.5924,1
1788697800000,12.332,12.36,12.3,12.3,3488.0,3488.9,43052.8745,1
1788698700000,12.303,12.403,12.253,12.337,12465.0,12465.4,154326.5516,1
1788699600000,12.334,12.384,12.304,12.324,3450.0,3450.5,42557.3053,1
1788700500000,12.324,12.324,12.252,12.264,1221.0,1221.2,14998.8715,1
1788701400000,12.264,12.301,12.243,12.281,2142.0,2142.0,26279.5598,1
1788702300000,12.279,12.334,12.27,12.322,1062.0,1062.8,13080.9181,1
1788703200000,12.32,12.384,12.299,12.31,9754.0,9754.3,120371.7716,1
1788704100000,12.308,12.327,12.181,12.186,3728.0,3728.6,45639.3879,1
1788705000000,12.19,12.204,12.053,12.204,9265.0,9265.1,112586.0509,1
1788705900000,12.204,12.205,12.153,12.164,4755.0,4755.9,57959.8162,1
1788706800000,12.164,12.169,12.097,12.144,18145.0,18145.1,220299.1473,1
1788707700000,12.144,12.197,12.137,12.183,1465.0,1465.9,17849.3366,1
1788708600000,12.175,12.211,12.151,12.207,2240.0,2240.4,27311.6707,1
1788709500000,12.207,12.239,12.194,12.213,4957.0,4957.2,60539.715,1
1788710400000,12.216,12.239,12.198,12.237,4589.0,4589.1,56033.1422,1
1788711300000,12.237,12.335,12.237,12.314,7650.0,7650.9,94140.8163,1
1788712200000,12.327,12.37,12.302,12.346,1905.0,1905.8,23526.2564,1
1788713100000,12.345,12.366,12.315,12.331,2909.0,2909.9,35879.471,1
1788714000000,12.34,12.345,12.261,12.281,2354.0,2354.1,28928.0837,1
1788714900000,12.285,12.329,12.274,12.275,4123.0,4123.8,50704.5681,1
1788715800000,12.272,12.309,12.261,12.297,1012.0,1012.1,12437.9548,1
1788716700000,12.297,12.329,12.288,12.309,2165.0,2165.7,26654.0364,1
1788717600000,12.311,12.326,12.296,12.313,1888.0,1888.8,23256.9137,1
1788718500000,12.313,12.377,12.306,12.377,2530.0,2530.9,31246.5412,1
1788719400000,12.369,12.421,12.344,12.402,35215.0,35215.1,435809.0079,1
1788720300000,12.398,12.422,12.352,12.378,3520.0,3520.3,43622.0294,1
1788721200000,12.378,12.382,12.342,12.355,1330.0,1330.3,16434.3535,1
1788722100000,12.355,12.357,12.321,12.341,1348.0,1348.5,16638.7467,1
1788723000000,12.341,12.341,12.306,12.329,776.0,776.6,9565.8722,1
1788723900000,12.334,12.384,12.327,12.372,766.0,766.6,9478.7644,1
1788724800000,12.372,12.381,12.328,12.346,623.0,623.7,7702.8148,1
1788725700000,12.346,12.425,12.338,12.425,1257.0,1257.4,15580.1526,1
1788726600000,12.425,12.76,12.415,12.76,10649.0,10649.5,134270.1155,1
1788727500000,12.766,13.139,12.723,13.084,14457.0,14457.2,187573.305,1
1788728400000,13.084,13.349,13.068,13.085,41794.0,41794.5,554277.9152,1
1788729300000,13.085,13.233,12.958,12.959,18037.0,18037.4,236979.3926,1
1788730200000,12.964,12.981,12.905,12.935,24371.0,24371.2,315833.4651,1
1788731100000,12.929,13.001,12.837,12.885,87076.0,87076.1,1121155.0484,1
1788732000000,12.885,12.885,12.815,12.864,3395.0,3395.2,43608.0334,1
1788732900000,12.861,12.899,12.78,12.865,44125.0,44125.1,567845.2422,1
1788733800000,12.865,12.999,12.863,12.971,2649.0,2649.1,34294.2284,1
1788734700000,12.97,13.088,12.963,13.052,43688.0,43688.0,570488.4547,1
1788735600000,13.041,13.163,13.028,13.126,3859.0,3859.3,50547.4697,1
1788736500000,13.126,13.205,13.111,13.169,19776.0,19776.3,259646.5588,1
1788737400000,13.174,13.244,13.165,13.216,3340.0,3340.8,44150.6726,1
1788738300000,13.221,13.258,13.201,13.23,9928.0,9928.1,131282.5821,1
1788739200000,13.235,13.292,13.16,13.274,10224.0,10224.6,135290.6245,1
1788740100000,13.274,13.311,13.243,13.264,4635.0,4635.5,61518.8999,1
1788741000000,13.265,13.317,13.238,13.267,7865.0,7865.9,104352.8991,1
1788741900000,13.265,13.274,13.091,13.135,11285.0,11285.1,148717.6092,1
1788742800000,13.143,13.187,13.1,13.111,5543.0,5543.9,72741.2466,1
1788743700000,13.116,13.116,13.029,13.066,25748.0,25748.5,337130.2308,1
1788744600000,13.064,13.105,13.027,13.035,3662.0,3662.6,47841.7552,1
1788745500000,13.046,13.063,12.997,13.003,2740.0,2740.4,35656.0721,1
1788746400000,13.003,13.02,12.95,12.954,6932.0,6932.5,89930.0329,1
1788747300000,12.954,13.023,12.95,12.987,41407.0,41407.9,536664.7872,1
1788748200000,12.977,13.299,12.971,13.247,7852.0,7852.4,103667.8323,1
1788749100000,13.253,13.289,13.073,13.076,8758.0,8758.9,115166.8513,1
1788750000000,13.085,13.121,13.059,13.059,2364.0,2364.3,30924.6657,1
1788750900000,13.061,13.075,13.009,13.018,2411.0,2411.0,31467.0078,1
1788751800000,13.008,13.019,12.939,12.98,10480.0,10480.9,135954.6514,1
1788752700000,12.984,13.043,12.984,13.038,1923.0,1923.9,25066.5045,1
1788753600000,13.038,13.11,13.017,13.086,6121.0,6121.1,79948.3331,1
1788754500000,13.086,13.203,13.086,13.117,21220.0,21220.8,278913.2486,1
1788755400000,13.109,13.132,13.028,13.083,2266.0,2266.0,29616.9881,1
1788756300000,13.083,13.084,13.035,13.07,1294.0,1294.8,16914.8002,1
1788757200000,13.073,13.182,13.059,13.159,2678.0,2678.8,35201.013,1
1788758100000,13.153,13.322,13.153,13.242,12047.0,12047.7,159416.7236,1
1788759000000,13.242,13.514,13.209,13.514,28521.0,28521.4,380141.1758,1
1788759900000,13.514,13.571,13.351,13.431,89920.0,89920.3,1209096.4665,1
1788760800000,13.426,13.671,13.426,13.602,7790.0,7790.3,105581.4442,1
1788761700000,13.602,13.648,13.472,13.49,14972.0,14972.8,202766.8668,1
1788762600000,13.478,13.52,13.398,13.398,61587.0,61587.4,830369.7405,1
1788763500000,13.395,13.403,13.34,13.34,9268.0,9268.3,123880.6167,1
1788764400000,13.343,13.401,13.301,13.352,32050.0,32050.0,427357.4124,1
1788765300000,13.351,13.367,13.2,13.25,31594.0,31594.2,420664.4557,1
1788766200000,13.257,13.298,13.034,13.123,35493.0,35493.2,464942.1173,1
1788767100000,13.123,13.187,13.122,13.182,4795.0,4795.3,63145.2988,1
1788768000000,13.187,13.27,13.175,13.249,6098.0,6098.2,80726.6272,1
1788768900000,13.249,13.276,13.235,13.273,1382.0,1382.7,18337.8874,1
1788769800000,13.273,13.345,13.254,13.33,2663.0,2663.3,35423.3275,1
1788770700000,13.337,13.367,13.321,13.36,1937.0,1937.1,25849.8742,1
1788771600000,13.367,13.518,13.346,13.514,3331.0,3331.2,44732.4142,1
1788772500000,13.515,13.515,13.385,13.429,3998.0,3998.3,53646.4328,1
1788773400000,13.42,13.448,13.364,13.392,9705.0,9705.4,129845.4963,1
1788774300000,13.392,13.432,13.368,13.368,21933.0,21933.9,293592.9242,1
1788775200000,13.368,13.407,13.262,13.28,3135.0,3135.8,41709.5336,1
1788776100000,13.28,13.353,13.277,13.327,10923.0,10923.2,145522.9609,1
1788777000000,13.338,13.349,13.295,13.299,1477.0,1477.5,19666.2488,1
1788777900000,13.295,13.302,13.224,13.232,3957.0,3957.4,52432.1125,1
1788778800000,13.232,13.269,13.207,13.265,1221.0,1221.2,16149.1578,1
1788779700000,13.265,13.266,13.207,13.214,1980.0,1980.3,26217.1822,1
1788780600000,13.212,13.216,13.165,13.165,2479.0,2479.0,32686.5623,1
1788781500000,13.165,13.188,13.143,13.172,1101.0,1101.2,14500.8653,1
1788782400000,13.172,13.211,13.168,13.203,1500.0,1500.7,19802.4179,1
1788783300000,13.203,13.247,13.196,13.247,3425.0,3425.5,45329.356,1
1788784200000,13.246,13.246,13.173,13.196,3564.0,3564.0,47109.4493,1
1788785100000,13.196,13.276,13.196,13.267,1581.0,1581.3,20944.361,1
1788786000000,13.258,13.32,13.252,13.297,8223.0,8223.8,109358.5906,1
1788786900000,13.301,13.326,13.229,13.252,5526.0,5526.8,73211.8425,1
1788787800000,13.243,13.255,13.143,13.169,3784.0,3784.2,49933.1819,1
1788788700000,13.169,13.187,13.11,13.138,3403.0,3403.9,44735.7587,1
1788789600000,13.141,13.156,12.93,13.004,8103.0,8103.4,105426.6371,1
1788790500000,13.004,13.056,12.985,13.015,52464.0,52464.2,683746.879,1
1788791400000,13.011,13.013,12.851,12.944,48177.0,48177.5,621422.1161,1
1788792300000,12.951,13.063,12.942,13.048,4516.0,4516.2,58735.8439,1
1788793200000,13.045,13.054,12.966,12.966,1483.0,1483.3,19276.8347,1
1788794100000,12.966,13.004,12.906,12.95,4338.0,4338.4,56233.7158,1
1788795000000,12.95,12.95,12.87,12.903,7142.0,7142.6,92148.3759,1
1788795900000,12.902,12.918,12.843,12.861,14491.0,14491.6,186622.4373,1
1788796800000,12.865,12.921,12.854,12.867,3122.0,3122.5,40223.6485,1
1788797700000,12.867,12.867,12.8,12.823,12706.0,12706.2,162932.9623,1
1788798600000,12.818,12.919,12.815,12.907,4737.0,4737.9,60987.6291,1
1788799500000,12.911,12.926,12.903,12.912,2321.0,2321.3,29980.7243,1
1788800400000,12.916,12.938,12.897,12.938,1471.0,1471.4,19007.5515,1
1788801300000,12.938,12.938,12.913,12.927,1830.0,1830.1,23658.5463,1
1788802200000,12.929,12.94,12.876,12.937,4767.0,4767.1,61521.6028,1
1788803100000,12.935,12.957,12.92,12.942,2719.0,2719.4,35214.8947,1
1788804000000,12.947,12.959,12.769,12.775,8291.0,8291.9,106655.0409,1
1788804900000,12.775,12.801,12.735,12.745,4493.0,4493.6,57385.6061,1
1788805800000,12.745,12.763,12.691,12.728,5199.0,5199.2,66156.1037,1
1788806700000,12.728,12.759,12.723,12.744,952.0,952.5,12138.8689,1
1788807600000,12.744,12.75,12.721,12.744,1062.0,1062.7,13532.6623,1
1788808500000,12.744,12.777,12.74,12.758,12007.0,12007.2,153280.553,1
1788809400000,12.758,12.813,12.758,12.799,19756.0,19756.5,252726.5336,1
1788810300000,12.799,12.831,12.797,12.82,794.0,794.7,10181.3264,1
1788811200000,12.819,12.826,12.677,12.741,9244.0,9244.1,117547.575,1
1788812100000,12.74,12.774,12.72,12.762,2164.0,2164.3,27608.8077,1
1788813000000,12.762,12.785,12.75,12.774,591.0,591.7,7556.3151,1
1788813900000,12.774,12.795,12.759,12.775,792.0,792.0,10117.9335,1
1788814800000,12.773,12.801,12.773,12.787,2339.0,2339.0,29900.5307,1
1788815700000,12.791,12.795,12.758,12.758,520.0,520.8,6654.7754,1
1788816600000,12.755,12.766,12.745,12.763,789.0,789.1,10069.0592,1
1788817500000,12.756,12.764,12.745,12.745,269.0,269.0,3430.445,1
1788818400000,12.745,12.753,12.707,12.734,2871.0,2871.9,36548.9525,1
1788819300000,12.734,12.745,12.697,12.718,1294.0,1294.5,16467.1342,1
1788820200000,12.718,12.718,12.612,12.642,4339.0,4339.1,54875.356,1
1788821100000,12.64,12.696,12.64,12.694,2850.0,2850.4,36137.3169,1
1788822000000,12.69,12.757,12.686,12.757,1398.0,1398.0,17789.8031,1
1788822900000,12.757,12.759,12.698,12.718,865.0,865.3,11011.7524,1
1788823800000,12.718,12.745,12.711,12.745,1381.0,1381.2,17576.8148,1
1788824700000,12.745,12.759,12.738,12.738,817.0,817.1,10417.2422,1
1788825600000,12.74,12.759,12.72,12.757,2881.0,2881.8,36720.7522,1
1788826500000,12.76,12.764,12.695,12.711,2311.0,2311.8,29406.7099,1
1788827400000,12.709,12.778,12.692,12.766,2088.0,2088.6,26616.102,1
1788828300000,12.766,12.787,12.751,12.785,1139.0,1139.5,14554.931,1
1788829200000,12.785,12.807,12.768,12.783,41242.0,41242.8,527673.0465,1
1788830100000,12.784,12.804,12.774,12.801,1541.0,1541.0,19716.2758,1
1788831000000,12.798,12.798,12.772,12.772,2865.0,2865.6,36601.7592,1
1788831900000,12.772,12.79,12.747,12.785,1665.0,1665.0,21249.9347,1
1788832800000,12.785,12.791,12.732,12.771,1191.0,1191.1,15198.7956,1
1788833700000,12.771,12.798,12.706,12.709,11191.0,11191.5,142666.9852,1
1788834600000,12.713,12.732,12.665,12.682,1933.0,1933.9,24543.684,1
1788835500000,12.685,12.689,12.621,12.621,4239.0,4239.4,53587.0603,1
1788836400000,12.623,12.647,12.586,12.609,7048.0,7048.5,88980.4936,1
1788837300000,12.609,12.619,12.562,12.579,6234.0,6234.5,78469.1656,1
1788838200000,12.571,12.648,12.571,12.632,9666.0,9666.5,122171.0906,1
1788839100000,12.632,12.658,12.619,12.655,538.0,538.9,6812.7959,1
1788840000000,12.655,12.657,12.628,12.632,983.0,983.6,12438.5082,1
1788840900000,12.632,12.665,12.622,12.637,719.0,719.4,9094.275,1
1788841800000,12.637,12.67,12.632,12.655,709.0,709.7,8982.4836,1
1788842700000,12.649,12.666,12.634,12.639,691.0,691.6,8746.4015,1
1788843600000,12.639,12.683,12.63,12.647,1972.0,1972.9,24963.1324,1
1788844500000,12.644,12.709,12.635,12.702,3171.0,3171.1,40166.0267,1
1788845400000,12.695,12.703,12.665,12.671,1524.0,1524.4,19332.5919,1
1788846300000,12.67,12.703,12.645,12.651,2417.0,2417.4,30614.4549,1
1788847200000,12.651,12.691,12.612,12.69,41890.0,41890.4,528966.0696,1
1788848100000,12.691,12.691,12.609,12.644,6392.0,6392.2,80666.7244,1
1788849000000,12.643,12.663,12.575,12.593,1434.0,1434.1,18122.4936,1
1788849900000,12.593,12.612,12.577,12.61,1070.0,1070.4,13481.3898,1
1788850800000,12.61,12.645,12.608,12.633,957.0,957.6,12090.5503,1
1788851700000,12.633,12.665,12.618,12.662,814.0,814.8,10299.6106,1
1788852600000,12.659,12.713,12.659,12.674,1748.0,1748.6,22173.5068,1
1788853500000,12.671,12.681,12.654,12.67,1588.0,1588.7,20120.1873,1
1788854400000,12.673,12.675,12.613,12.63,1417.0,1417.9,17920.1975,1
1788855300000,12.632,12.642,12.614,12.63,4966.0,4966.0,62737.63,1
1788856200000,12.625,12.686,12.617,12.684,1027.0,1027.3,13009.8582,1
1788857100000,12.684,12.691,12.642,12.643,30343.0,30343.0,384808.391,1
1788858000000,12.643,12.689,12.624,12.674,10868.0,10868.0,137779.0738,1
1788858900000,12.663,12.68,12.648,12.655,540.0,540.0,6835.732,1
1788859800000,12.655,12.745,12.648,12.744,4592.0,4592.9,58372.2423,1
1788860700000,12.744,12.768,12.718,12.721,3436.0,3436.7,43818.2439,1
1788861600000,12.721,12.723,12.681,12.693,1208.0,1208.1,15352.4318,1
1788862500000,12.693,12.76,12.693,12.719,871.0,871.6,11092.6328,1
1788863400000,12.719,12.725,12.656,12.657,6706.0,6706.8,84962.1716,1
1788864300000,12.657,12.66,12.635,12.637,15401.0,15401.8,194897.1322,1
1788865200000,12.639,12.639,12.514,12.524,43990.0,43990.0,553942.7394,1
1788866100000,12.522,12.553,12.504,12.531,15995.0,15995.9,200164.9074,1
1788867000000,12.536,12.536,12.482,12.531,9265.0,9265.9,115909.6999,1
1788867900000,12.532,12.532,12.47,12.496,1693.0,1693.4,21150.2183,1
1788868800000,12.501,12.532,12.43,12.504,6406.0,6406.5,79780.393,1
1788869700000,12.504,12.536,12.504,12.535,785.0,785.2,9837.2832,1
1788870600000,12.534,12.549,12.512,12.512,889.0,889.4,11148.509,1
1788871500000,12.512,12.549,12.501,12.526,767.0,767.9,9616.2757,1
1788872400000,12.527,12.549,12.51,12.527,1216.0,1216.2,15244.5166,1
1788873300000,12.527,12.538,12.461,12.461,1091.0,1091.7,13631.8341,1
1788874200000,12.462,12.472,12.31,12.354,13354.0,13354.1,165031.8196,1
1788875100000,12.354,12.479,12.339,12.45,5039.0,5039.7,62388.203,1
1788876000000,12.452,12.492,12.4,12.476,4555.0,4555.4,56693.5184,1
1788876900000,12.481,12.532,12.48,12.504,2121.0,2121.1,26529.1858,1
1788877800000,12.502,12.542,12.495,12.527,2097.0,2097.5,26279.8133,1
1788878700000,12.527,12.583,12.523,12.579,2635.0,2635.4,33108.1391,1
1788879600000,12.58,12.631,12.573,12.618,3261.0,3261.9,41070.9608,1
1788880500000,12.624,12.641,12.593,12.595,2113.0,2113.8,26693.6151,1
1788881400000,12.596,12.692,12.595,12.692,6773.0,6773.3,85639.2332,1
1788882300000,12.688,12.703,12.666,12.685,2179.0,2179.8,27658.0486,1
1788883200000,12.681,12.689,12.636,12.646,5436.0,5436.8,68845.8709,1
1788884100000,12.652,12.655,12.619,12.645,1276.0,1276.0,16126.6154,1
1788885000000,12.642,12.757,12.642,12.719,12360.0,12360.4,157462.707,1
1788885900000,12.728,12.757,12.72,12.735,1231.0,1231.3,15682.2879,1
1788886800000,12.737,12.768,12.702,12.724,2756.0,2756.7,35113.759,1
1788887700000,12.724,12.733,12.669,12.691,1218.0,1218.6,15468.4002,1
1788888600000,12.688,12.717,12.682,12.682,1066.0,1066.4,13541.6236,1
1788889500000,12.68,12.692,12.665,12.671,645.0,645.3,8181.7543,1
1788890400000,12.671,12.718,12.665,12.706,953.0,953.1,12097.4006,1
1788891300000,12.709,12.764,12.706,12.747,1817.0,1817.7,23144.0337,1
1788892200000,12.747,12.759,12.692,12.702,840.0,840.8,10689.5656,1
1788893100000,12.702,12.72,12.605,12.624,3410.0,3410.7,43098.664,1
1788894000000,12.631,12.649,12.605,12.607,1105.0,1105.7,13961.4056,1
1788894900000,12.607,12.626,12.568,12.592,2613.0,2613.1,32894.7085,1
1788895800000,12.592,12.645,12.556,12.563,28575.0,28575.4,359899.6452,1
1788896700000,12.563,12.576,12.536,12.558,6182.0,6182.0,77617.969,1
1788897600000,12.559,12.609,12.558,12.606,1789.0,1789.5,22497.2026,1
1788898500000,12.606,12.606,12.538,12.552,1461.0,1461.5,18368.8312,1
1788899400000,12.552,12.552,12.527,12.535,817.0,817.5,10248.0114,1
1788900300000,12.537,12.553,12.511,12.511,5321.0,5321.2,66737.9382,1
1788901200000,12.515,12.543,12.507,12.542,1129.0,1129.6,14149.4557,1
1788902100000,12.543,12.552,12.51,12.514,1848.0,1848.9,23142.6855,1
1788903000000,12.514,12.533,12.479,12.48,1751.0,1751.0,21869.9976,1
1788903900000,12.48,12.48,12.432,12.459,2073.0,2073.3,25802.258,1
1788904800000,12.459,12.526,12.459,12.495,1479.0,1479.5,18486.2069,1
1788905700000,12.51,12.525,12.498,12.503,2157.0,2157.5,26980.7658,1
1788906600000,12.503,12.51,12.491,12.499,587.0,587.2,7338.3159,1
1788907500000,12.499,12.539,12.499,12.533,453.0,453.3,5676.1818,1
1788908400000,12.533,12.548,12.498,12.504,1260.0,1260.3,15787.3381,1
1788909300000,12.498,12.526,12.495,12.525,359.0,359.0,4490.081,1
1788910200000,12.525,12.532,12.518,12.523,814.0,814.0,10197.8519,1
1788911100000,12.523,12.532,12.499,12.507,1818.0,1818.0,22766.6589,1
1788912000000,12.507,12.567,12.507,12.549,1156.0,1156.6,14517.8344,1
1788912900000,12.549,12.549,12.494,12.496,669.0,669.0,8376.6213,1
1788913800000,12.496,12.496,12.459,12.493,711.0,711.0,8872.3641,1
1788914700000,12.493,12.526,12.493,12.524,4003.0,4003.6,50065.98,1
1788915600000,12.518,12.529,12.5,12.503,1625.0,1625.0,20333.3333,1
1788916500000,12.503,12.504,12.456,12.471,3707.0,3707.5,46282.7155,1
1788917400000,12.465,12.513,12.447,12.482,1763.0,1763.5,22008.1092,1
1788918300000,12.482,12.506,12.479,12.495,1350.0,1350.5,16872.5125,1
1788919200000,12.492,12.506,12.462,12.468,2120.0,2120.8,26475.7188,1
1788920100000,12.468,12.477,12.43,12.461,2531.0,2531.9,31549.6217,1
1788921000000,12.464,12.469,12.445,12.466,1548.0,1548.9,19284.8739,1
1788921900000,12.464,12.473,12.438,12.438,1172.0,1172.0,14597.0974,1
1788922800000,12.44,12.44,12.4,12.4,6432.0,6432.3,79783.3635,1
1788923700000,12.4,12.409,12.363,12.374,10282.0,10282.9,127293.1875,1
1788924600000,12.376,12.405,12.37,12.399,977.0,977.0,12104.5196,1
1788925500000,12.399,12.411,12.376,12.387,750.0,750.5,9303.362,1
1788926400000,12.392,12.48,12.387,12.465,1787.0,1787.0,22256.1093,1
1788927300000,12.465,12.506,12.453,12.501,697.0,697.3,8701.4889,1
1788928200000,12.501,12.526,12.479,12.525,813.0,813.0,10158.3328,1
1788929100000,12.526,12.588,12.513,12.581,2025.0,2025.3,25434.8879,1
1788930000000,12.581,12.581,12.536,12.575,1294.0,1294.0,16248.7688,1
1788930900000,12.575,12.587,12.554,12.56,845.0,845.2,10624.0092,1
1788931800000,12.56,12.562,12.498,12.499,979.0,979.0,12258.6574,1
1788932700000,12.499,12.499,12.46,12.488,630.0,630.5,7863.3701,1
1788933600000,12.492,12.531,12.474,12.531,1208.0,1208.6,15106.7541,1
1788934500000,12.531,12.593,12.531,12.577,1281.0,1281.8,16110.2173,1
1788935400000,12.582,12.592,12.567,12.576,466.0,466.0,5862.9773,1
1788936300000,12.576,12.578,12.549,12.56,13487.0,13487.6,169515.8956,1
1788937200000,12.561,12.631,12.561,12.587,3061.0,3061.6,38604.8667,1
1788938100000,12.587,12.59,12.554,12.565,1030.0,1030.6,12958.9104,1
1788939000000,12.571,12.577,12.547,12.548,689.0,689.1,8659.6875,1
1788939900000,12.548,12.553,12.479,12.479,750.0,750.3,9388.1566,1
1788940800000,12.484,12.505,12.463,12.501,8199.0,8199.6,102460.6284,1
1788941700000,12.5,12.502,12.484,12.502,6676.0,6676.1,83442.6057,1
1788942600000,12.502,12.503,12.479,12.485,5882.0,5882.0,73520.9201,1
1788943500000,12.485,12.498,12.478,12.491,1780.0,1780.9,22243.4295,1
1788944400000,12.495,12.495,12.435,12.46,1579.0,1579.9,19691.0348,1
1788945300000,12.46,12.46,12.43,12.43,5508.0,5508.8,68535.8874,1
1788946200000,12.43,12.434,12.34,12.357,3802.0,3802.5,47145.7253,1
1788947100000,12.356,12.357,12.225,12.235,16744.0,16744.7,205279.4698,1
1788948000000,12.237,12.26,12.13,12.133,5111.0,5111.9,62288.0823,1
1788948900000,12.136,12.158,11.969,12.008,26855.0,26855.5,322999.9093,1
1788949800000,12.012,12.067,11.975,12.061,3156.0,3156.5,37996.91,1
1788950700000,12.061,12.077,12.026,12.053,2347.0,2347.8,28291.8583,1
1788951600000,12.054,12.055,12.0,12.052,30624.0,30624.3,368253.3721,1
1788952500000,12.052,12.095,12.006,12.068,37809.0,37809.1,454952.4296,1
1788953400000,12.067,12.097,12.03,12.051,14880.0,14880.7,179264.6068,1
1788954300000,12.05,12.122,12.05,12.107,6080.0,6080.2,73572.434,1
1788955200000,12.114,12.152,12.103,12.134,6325.0,6325.8,76754.3315,1
1788956100000,12.141,12.179,12.13,12.177,27067.0,27067.6,329214.8555,1
1788957000000,12.178,12.212,12.176,12.202,1891.0,1891.3,23074.8394,1
1788957900000,12.198,12.212,12.18,12.198,1262.0,1262.8,15407.2522,1
1788958800000,12.201,12.222,12.183,12.197,1726.0,1726.0,21065.7934,1
1788959700000,12.197,12.211,12.179,12.207,2124.0,2124.9,25916.5848,1
1788960600000,12.207,12.208,12.06,12.1,17060.0,17060.3,207063.7382,1
1788961500000,12.089,12.174,12.089,12.118,2580.0,2580.7,31315.7799,1
1788962400000,12.115,12.159,12.063,12.096,3647.0,3647.2,44191.9816,1
1788963300000,12.096,12.134,12.074,12.134,4686.0,4686.6,56639.7589,1
1788964200000,12.139,12.173,12.082,12.082,3078.0,3078.3,37376.1908,1
1788965100000,12.082,12.108,12.055,12.065,1465.0,1465.9,17706.0204,1
1788966000000,12.069,12.116,11.933,11.993,23242.0,23242.4,278966.4792,1
1788966900000,11.977,11.997,11.82,11.92,13234.0,13234.1,157743.1863,1
1788967800000,11.921,11.994,11.899,11.994,6325.0,6325.7,75711.0348,1
1788968700000,11.994,12.001,11.974,11.992,3677.0,3677.2,44089.6372,1
1788969600000,11.992,12.036,11.964,11.988,5140.0,5140.8,61689.7061,1
1788970500000,11.988,11.988,11.949,11.973,1294.0,1294.2,15483.5402,1
1788971400000,11.975,12.05,11.974,12.022,2189.0,2189.7,26340.5784,1
1788972300000,12.021,12.034,11.985,12.002,6904.0,6904.4,82816.9909,1
1788973200000,12.002,12.047,11.998,12.025,7301.0,7301.0,87870.1132,1
1788974100000,12.025,12.031,12.003,12.02,1885.0,1885.5,22654.2849,1
1788975000000,12.02,12.021,11.978,11.989,1653.0,1653.6,19827.9707,1
1788975900000,11.989,11.997,11.976,11.993,1595.0,1595.9,19134.1891,1
1788976800000,11.991,12.004,11.97,11.979,2891.0,2891.8,34650.1971,1
1788977700000,11.979,11.981,11.952,11.97,2950.0,2950.2,35300.5301,1
1788978600000,11.97,11.971,11.955,11.97,1801.0,1801.4,21552.661,1
1788979500000,11.964,11.964,11.922,11.925,2744.0,2744.1,32772.8559,1
1788980400000,11.924,11.936,11.907,11.93,6489.0,6489.0,77364.4611,1
1788981300000,11.93,11.965,11.93,11.948,2661.0,2661.3,31809.7422,1
1788982200000,11.948,11.955,11.909,11.912,3295.0,3295.6,39330.8275,1
1788983100000,11.912,11.918,11.854,11.863,3388.0,3388.8,40249.9268,1
1788984000000,11.858,11.886,11.834,11.848,1903.0,1903.3,22579.0532,1
1788984900000,11.845,11.881,11.729,11.747,7377.0,7377.3,86919.7473,1
1788985800000,11.747,11.816,11.746,11.785,3749.0,3749.8,44186.4128,1
1788986700000,11.785,11.805,11.75,11.804,1368.0,1368.7,16121.9383,1
1788987600000,11.803,11.803,11.76,11.788,2878.0,2878.7,33899.8485,1
1788988500000,11.788,11.816,11.749,11.8,6689.0,6689.8,78909.1026,1
1788989400000,11.8,11.8,11.736,11.737,3898.0,3898.1,45830.4564,1
1788990300000,11.737,11.741,11.694,11.736,4622.0,4622.9,54127.7425,1
1788991200000,11.745,11.749,11.603,11.684,9490.0,9490.8,110819.9264,1
1788992100000,11.684,11.756,11.648,11.734,2891.0,2891.5,33838.9075,1
1788993000000,11.734,11.74,11.704,11.736,2594.0,2594.3,30419.9444,1
1788993900000,11.736,11.74,11.67,11.673,3159.0,3159.2,36936.156,1
1788994800000,11.669,11.749,11.666,11.748,1603.0,1603.2,18802.3343,1
1788995700000,11.748,11.774,11.746,11.774,1641.0,1641.0,19295.3762,1
1788996600000,11.769,11.782,11.765,11.78,1637.0,1637.9,19286.5664,1
1788997500000,11.775,11.807,11.775,11.798,686.0,686.3,8096.5854,1
1788998400000,11.797,11.816,11.767,11.769,1773.0,1773.8,20921.8339,1
1788999300000,11.769,11.77,11.731,11.758,2297.0,2297.6,26980.2386,1
1789000200000,11.758,11.763,11.703,11.708,2205.0,2205.6,25864.4287,1
1789001100000,11.703,11.733,11.7,11.715,1050.0,1050.0,12300.814,1
1789002000000,11.71,11.798,11.704,11.763,1211.0,1211.5,14254.4948,1
1789002900000,11.764,11.764,11.733,11.734,915.0,915.8,10756.4854,1
1789003800000,11.734,11.738,11.667,11.703,1670.0,1670.4,19550.8422,1
1789004700000,11.707,11.729,11.668,11.706,1161.0,1161.6,13591.8098,1
1789005600000,11.699,11.747,11.696,11.746,1131.0,1131.6,13270.9123,1
1789006500000,11.746,11.757,11.733,11.755,1107.0,1107.0,13006.5722,1
1789007400000,11.756,11.799,11.752,11.798,5543.0,5543.1,65370.2146,1
1789008300000,11.798,11.845,11.798,11.839,1721.0,1721.9,20382.2657,1
1789009200000,11.839,11.882,11.839,11.863,80926.0,80926.8,961162.533,1
1789010100000,11.864,11.864,11.799,11.814,8102.0,8102.6,95839.8244,1
1789011000000,11.814,11.842,11.793,11.816,6458.0,6458.6,76269.6638,1
1789011900000,11.816,11.844,11.794,11.808,9910.0,9910.8,117301.3515,1
1789012800000,11.803,11.818,11.796,11.812,1304.0,1304.1,15401.2523,1
1789013700000,11.812,11.818,11.81,11.817,626.0,626.3,7399.3306,1
1789014600000,11.817,11.827,11.811,11.812,2109.0,2109.0,24927.7155,1
1789015500000,11.812,11.83,11.799,11.806,900.0,900.1,10632.7206,1
1789016400000,11.806,11.841,11.771,11.841,742.0,742.5,8766.3702,1
1789017300000,11.841,11.848,11.812,11.835,1385.0,1385.9,16391.9776,1
1789018200000,11.83,11.856,11.821,11.843,2286.0,2286.7,27078.9842,1
1789019100000,11.841,11.865,11.836,11.861,511.0,511.0,6054.4909,1
1789020000000,11.865,11.865,11.8,11.8,458.0,458.1,5421.4493,1
1789020900000,11.8,11.808,11.769,11.806,4705.0,4705.9,55483.8161,1
1789021800000,11.806,11.842,11.803,11.819,487.0,487.7,5762.815,1
1789022700000,11.824,11.89,11.824,11.866,2348.0,2348.1,27885.1484,1
1789023600000,11.866,11.866,11.8,11.812,934.0,934.2,11047.7045,1
1789024500000,11.812,11.813,11.759,11.762,1154.0,1154.4,13596.4994,1
1789025400000,11.762,11.77,11.736,11.758,1815.0,1815.4,21323.5139,1
1789026300000,11.758,11.808,11.683,11.786,152615.0,152615.5,1791184.187,1
1789027200000,11.779,11.789,11.746,11.767,1142.0,1142.5,13452.6583,1
1789028100000,11.767,11.788,11.751,11.778,527.0,527.6,6209.5498,1
1789029000000,11.778,11.779,11.749,11.753,621.0,621.0,7306.3491,1
1789029900000,11.753,11.786,11.749,11.767,1277.0,1277.0,15038.3263,1
1789030800000,11.768,11.794,11.766,11.789,955.0,955.1,11252.3809,1
1789031700000,11.789,11.82,11.785,11.814,482.0,482.2,5692.307,1
1789032600000,11.818,11.818,11.766,11.776,624.0,624.7,7360.7497,1
1789033500000,11.775,11.799,11.769,11.798,757.0,757.2,8926.1178,1
1789034400000,11.797,11.825,11.786,11.809,1695.0,1695.7,20008.403,1
1789035300000,11.809,11.827,11.8,11.8,2449.0,2449.1,28923.2426,1
1789036200000,11.8,11.802,11.782,11.788,1566.0,1566.8,18469.4992,1
1789037100000,11.788,11.81,11.782,11.783,955.0,955.7,11266.6819,1
1789038000000,11.783,11.794,11.744,11.794,1177.0,1177.7,13860.8772,1
1789038900000,11.793,11.849,11.793,11.845,2644.0,2644.4,31307.5525,1
1789039800000,11.848,11.875,11.837,11.853,3688.0,3688.1,43723.1464,1
1789040700000,11.853,11.857,11.816,11.821,2214.0,2214.3,26200.3911,1
1789041600000,11.821,11.839,11.802,11.803,2585.0,2585.4,30566.7183,1
1789042500000,11.803,11.806,11.763,11.77,1250.0,1250.6,14730.6037,1
1789043400000,11.77,11.805,11.661,11.711,7175.0,7175.7,84152.1435,1
1789044300000,11.703,11.712,11.525,11.609,14810.0,14810.5,172168.5,1
1789045200000,11.606,11.683,11.6,11.621,4747.0,4747.6,55276.8325,1
1789046100000,11.619,11.683,11.61,11.67,2815.0,2815.0,32806.397,1
1789047000000,11.669,11.693,11.65,11.69,4710.0,4710.5,54968.6111,1
1789047900000,11.683,11.714,11.661,11.702,2863.0,2863.9,33465.5487,1
1789048800000,11.709,11.723,11.64,11.641,3162.0,3162.4,36928.0577,1
1789049700000,11.641,11.694,11.587,11.673,4762.0,4762.4,55362.4202,1
1789050600000,11.674,11.684,11.656,11.656,1811.0,1811.9,21142.0526,1
1789051500000,11.656,11.682,11.634,11.66,1065.0,1065.4,12413.1232,1
1789052400000,11.658,11.683,11.617,11.672,1287.0,1287.9,15007.8841,1
1789053300000,11.672,11.682,11.603,11.607,1105.0,1105.8,12866.4253,1
1789054200000,11.61,11.661,11.598,11.618,1504.0,1504.5,17490.6847,1
1789055100000,11.618,11.634,11.588,11.632,2645.0,2645.5,30699.7098,1
1789056000000,11.629,11.646,11.551,11.582,12596.0,12596.1,145621.6473,1
1789056900000,11.582,11.582,11.525,11.548,3801.0,3801.2,43899.9727,1
1789057800000,11.543,11.562,11.484,11.558,14682.0,14682.1,169211.4442,1
1789058700000,11.566,11.627,11.566,11.609,5068.0,5068.1,58717.8709,1
1789059600000,11.616,11.639,11.597,11.618,1415.0,1415.1,16450.307,1
1789060500000,11.618,11.649,11.617,11.649,1404.0,1404.2,16342.7855,1
1789061400000,11.649,11.719,11.649,11.692,4038.0,4038.8,47261.4937,1
1789062300000,11.7,11.706,11.671,11.684,2334.0,2334.9,27288.6291,1
1789063200000,11.684,11.688,11.594,11.601,1378.0,1378.7,16036.7542,1
1789064100000,11.601,11.645,11.601,11.62,6769.0,6769.4,78759.9444,1
1789065000000,11.618,11.634,11.601,11.629,533.0,533.2,6197.017,1
1789065900000,11.629,11.67,11.621,11.668,972.0,972.6,11328.8234,1
1789066800000,11.665,11.668,11.634,11.638,553.0,553.5,6449.084,1
1789067700000,11.638,11.649,11.622,11.625,598.0,598.8,6968.4413,1
1789068600000,11.625,11.667,11.608,11.64,2504.0,2504.9,29136.6047,1
1789069500000,11.647,11.647,11.603,11.605,1327.0,1327.7,15414.8227,1
1789070400000,11.605,11.641,11.596,11.641,3709.0,3709.0,43104.5397,1
1789071300000,11.641,11.644,11.619,11.625,429.0,429.3,4993.4884,1
1789072200000,11.628,11.629,11.6,11.611,645.0,645.2,7492.8265,1
1789073100000,11.611,11.611,11.588,11.591,5573.0,5573.8,64639.0682,1
1789074000000,11.591,11.608,11.578,11.591,3976.0,3976.3,46123.7729,1
1789074900000,11.591,11.591,11.562,11.566,361.0,361.0,4175.9448,1
1789075800000,11.57,11.582,11.562,11.572,537.0,537.8,6222.1114,1
1789076700000,11.572,11.598,11.568,11.576,331.0,331.4,3838.9052,1
1789077600000,11.576,11.603,11.562,11.578,6979.0,6979.2,80881.2377,1
1789078500000,11.581,11.616,11.574,11.605,3355.0,3355.2,38951.1541,1
1789079400000,11.605,11.605,11.535,11.542,2849.0,2849.1,32961.5006,1
1789080300000,11.546,11.568,11.519,11.52,1487.0,1487.0,17176.9864,1
1789081200000,11.52,11.533,11.445,11.445,2399.0,2399.3,27556.917,1
1789082100000,11.446,11.495,11.439,11.492,2501.0,2501.7,28697.5312,1
1789083000000,11.492,11.495,11.475,11.487,777.0,777.0,8926.803,1
1789083900000,11.487,11.489,11.44,11.446,1317.0,1317.6,15094.55,1
1789084800000,11.444,11.522,11.441,11.503,1403.0,1403.9,16113.9517,1
1789085700000,11.503,11.514,11.483,11.495,1431.0,1431.8,16468.796,1
1789086600000,11.495,11.496,11.468,11.471,899.0,899.2,10321.5807,1
1789087500000,11.468,11.514,11.468,11.504,1792.0,1792.9,20584.8301,1
1789088400000,11.505,11.523,11.491,11.491,1160.0,1160.2,13353.9872,1
1789089300000,11.487,11.507,11.469,11.469,1207.0,1207.6,13865.5149,1
1789090200000,11.469,11.485,11.41,11.441,5308.0,5308.5,60640.8078,1
1789091100000,11.443,11.482,11.391,11.482,8927.0,8927.9,101795.1042,1
1789092000000,11.482,11.499,11.465,11.497,1260.0,1260.0,14473.7248,1
1789092900000,11.491,11.494,11.454,11.464,623.0,623.7,7160.753,1
1789093800000,11.459,11.487,11.451,11.462,495.0,495.0,5676.834,1
1789094700000,11.462,11.487,11.45,11.477,485.0,485.0,5562.972,1
1789095600000,11.477,11.493,11.451,11.493,557.0,557.8,6397.0702,1
1789096500000,11.494,11.494,11.458,11.474,644.0,644.8,7397.8543,1
1789097400000,11.473,11.494,11.454,11.485,619.0,619.3,7107.1823,1
1789098300000,11.485,11.495,11.476,11.493,553.0,553.0,6348.93,1
1789099200000,11.493,11.499,11.479,11.495,573.0,573.4,6589.1002,1
1789100100000,11.495,11.524,11.489,11.523,1054.0,1054.2,12128.1956,1
1789101000000,11.523,11.523,11.508,11.514,813.0,813.7,9371.9057,1
1789101900000,11.514,11.543,11.507,11.532,1834.0,1834.7,21162.0188,1
1789102800000,11.537,11.538,11.515,11.537,834.0,834.1,9610.6306,1
1789103700000,11.537,11.544,11.514,11.52,427.0,427.0,4922.624,1
1789104600000,11.521,11.544,11.514,11.542,753.0,753.8,8690.3328,1
1789105500000,11.542,11.575,11.539,11.575,2626.0,2626.9,30376.3644,1
1789106400000,11.572,11.587,11.565,11.581,465.0,465.8,5392.8581,1
1789107300000,11.581,11.584,11.512,11.522,2860.0,2860.9,33041.3699,1
1789108200000,11.522,11.525,11.5,11.509,909.0,909.3,10463.1162,1
1789109100000,11.509,11.53,11.509,11.52,1482.0,1482.2,17084.725,1
1789110000000,11.52,11.543,11.52,11.524,353.0,353.5,4076.5373,1
1789110900000,11.526,11.551,11.525,11.525,2235.0,2235.2,25769.5853,1
1789111800000,11.525,11.528,11.496,11.496,538.0,538.2,6196.119,1
1789112700000,11.496,11.498,11.467,11.47,1464.0,1464.5,16818.3449,1
1789113600000,11.471,11.472,11.434,11.442,1656.0,1656.6,18957.2431,1
1789114500000,11.442,11.497,11.441,11.485,2061.0,2061.0,23674.291,1
1789115400000,11.485,11.534,11.483,11.502,1812.0,1812.7,20865.0337,1
1789116300000,11.502,11.507,11.491,11.501,583.0,583.2,6706.2836,1
1789117200000,11.501,11.501,11.475,11.476,1820.0,1820.9,20920.8144,1
1789118100000,11.475,11.482,11.454,11.458,575.0,575.4,6599.7695,1
1789119000000,11.458,11.467,11.384,11.406,3826.0,3826.5,43634.2945,1
1789119900000,11.406,11.434,11.406,11.43,573.0,573.1,6546.1292,1
1789120800000,11.426,11.457,11.413,11.435,618.0,618.1,7068.2953,1
1789121700000,11.438,11.455,11.397,11.407,1890.0,1890.7,21594.0264,1
1789122600000,11.407,11.407,11.375,11.38,2129.0,2129.4,24238.835,1
1789123500000,11.38,11.384,11.369,11.37,1240.0,1240.8,14112.279,1
1789124400000,11.37,11.371,11.294,11.308,6057.0,6057.5,68519.2765,1
1789125300000,11.308,11.364,11.296,11.364,3197.0,3197.3,36245.3708,1
1789126200000,11.363,11.409,11.356,11.405,1197.0,1197.7,13632.2971,1
1789127100000,11.405,11.414,11.387,11.39,7814.0,7814.9,89053.2347,1
1789128000000,11.394,11.402,11.354,11.369,2693.0,2693.3,30663.8117,1
1789128900000,11.365,11.478,11.336,11.407,28584.0,28584.1,325269.1422,1
1789129800000,11.446,11.673,11.29,11.53,10027.0,10027.8,115574.6385,1
1789130700000,11.528,11.686,11.521,11.68,10985.0,10985.7,128003.944,1
1789131600000,11.671,11.681,11.634,11.659,2154.0,2154.6,25107.3031,1
1789132500000,11.659,11.697,11.615,11.62,9286.0,9286.0,108242.1742,1
1789133400000,11.615,11.726,11.587,11.719,3863.0,3863.1,45038.8095,1
1789134300000,11.719,12.086,11.7,12.067,25824.0,25824.1,307982.413,1
1789135200000,12.067,12.18,11.947,11.984,10330.0,10330.6,124586.0428,1
1789136100000,11.985,12.022,11.951,12.001,8429.0,8429.6,100974.1799,1
1789137000000,12.002,12.006,11.869,11.895,10471.0,10471.2,124737.0246,1
1789137900000,11.894,11.935,11.839,11.917,4303.0,4303.5,51188.9092,1
1789138800000,11.92,11.922,11.816,11.838,4192.0,4192.6,49722.1366,1
1789139700000,11.833,11.947,11.827,11.943,3779.0,3779.6,44948.2721,1
1789140600000,11.943,11.991,11.931,11.956,3369.0,3369.6,40311.0135,1
1789141500000,11.956,11.957,11.64,11.708,13334.0,13334.9,156802.8504,1
1789142400000,11.708,11.782,11.696,11.75,5400.0,5400.8,63552.9194,1
1789143300000,11.75,11.765,11.67,11.718,6328.0,6328.5,74070.4135,1
1789144200000,11.72,11.762,11.687,11.755,3988.0,3988.0,46791.5677,1
1789145100000,11.751,11.81,11.751,11.787,6630.0,6630.3,78138.5022,1
1789146000000,11.787,11.799,11.748,11.748,1813.0,1813.4,21339.7708,1
1789146900000,11.749,11.767,11.717,11.758,8474.0,8474.2,99602.1934,1
1789147800000,11.763,11.763,11.709,11.711,871.0,871.6,10228.3711,1
1789148700000,11.709,11.725,11.673,11.694,893.0,893.8,10459.4344,1
1789149600000,11.693,11.699,11.576,11.62,13512.0,13512.1,156972.8381,1
1789150500000,11.615,11.671,11.614,11.633,2513.0,2513.9,29261.0664,1
1789151400000,11.641,11.644,11.579,11.579,3875.0,3875.9,44994.9658,1
1789152300000,11.579,11.611,11.504,11.529,2571.0,2571.3,29645.1295,1
1789153200000,11.529,11.582,11.511,11.566,4626.0,4626.9,53521.1025,1
1789154100000,11.566,11.625,11.544,11.617,2789.0,2789.1,32343.2698,1
1789155000000,11.605,11.632,11.585,11.615,16160.0,16160.7,187746.9693,1
1789155900000,11.622,11.622,11.601,11.608,1914.0,1914.2,22219.1517,1
1789156800000,11.606,11.64,11.6,11.634,6775.0,6775.4,78730.2496,1
1789157700000,11.634,11.637,11.6,11.6,649.0,649.3,7539.5998,1
1789158600000,11.6,11.63,11.546,11.608,909.0,909.5,10540.7624,1
1789159500000,11.608,11.613,11.546,11.58,1051.0,1051.8,12167.373,1
1789160400000,11.58,11.63,11.573,11.612,945.0,945.2,10967.4746,1
1789161300000,11.62,11.63,11.617,11.625,644.0,644.6,7493.612,1
1789162200000,11.614,11.62,11.582,11.582,340.0,340.2,3947.2775,1
1789163100000,11.582,11.584,11.503,11.503,6667.0,6667.0,76774.6874,1
1789164000000,11.514,11.549,11.481,11.537,4929.0,4929.7,56740.4939,1
1789164900000,11.537,11.544,11.503,11.512,1162.0,1162.0,13394.7382,1
1789165800000,11.503,11.527,11.48,11.499,1517.0,1517.1,17451.7542,1
1789166700000,11.499,11.505,11.457,11.482,3357.0,3357.6,38542.4748,1
1789167600000,11.477,11.509,11.47,11.488,1811.0,1811.2,20797.0542,1
1789168500000,11.488,11.522,11.484,11.494,1404.0,1404.3,16146.3205,1
1789169400000,11.494,11.523,11.494,11.512,310.0,310.3,3572.0176,1
1789170300000,11.512,11.546,11.512,11.542,390.0,390.1,4498.3462,1
1789171200000,11.541,11.546,11.513,11.532,463.0,463.1,5340.3684,1
1789172100000,11.534,11.534,11.522,11.53,1911.0,1911.6,22037.6248,1
1789173000000,11.53,11.532,11.513,11.517,624.0,624.0,7188.4362,1
1789173900000,11.519,11.519,11.501,11.506,225.0,225.9,2600.5785,1
1789174800000,11.499,11.55,11.494,11.55,785.0,785.6,9057.8439,1
1789175700000,11.551,11.554,11.522,11.522,644.0,644.7,7444.6663,1
1789176600000,11.528,11.542,11.509,11.539,1707.0,1707.7,19687.9208,1
1789177500000,11.539,11.567,11.526,11.531,475.0,475.0,5484.957,1
1789178400000,11.531,11.551,11.526,11.529,352.0,352.0,4061.497,1
1789179300000,11.529,11.539,11.529,11.533,236.0,236.0,2721.841,1
1789180200000,11.533,11.538,11.508,11.508,470.0,470.9,5425.2321,1
1789181100000,11.51,11.527,11.49,11.511,1440.0,1440.8,16575.8773,1
1789182000000,11.509,11.509,11.472,11.472,651.0,651.9,7491.6116,1
1789182900000,11.475,11.505,11.447,11.489,2117.0,2117.5,24282.2452,1
1789183800000,11.489,11.489,11.474,11.478,259.0,259.8,2982.0582,1
1789184700000,11.475,11.488,11.466,11.477,1435.0,1435.9,16481.9601,1
1789185600000,11.479,11.509,11.478,11.504,479.0,479.3,5511.5064,1
1789186500000,11.504,11.509,11.479,11.5,514.0,514.8,5914.7176,1
1789187400000,11.509,11.528,11.505,11.517,325.0,325.6,3749.9199,1
1789188300000,11.512,11.512,11.488,11.5,315.0,315.9,3630.9926,1
1789189200000,11.5,11.513,11.488,11.505,420.0,420.8,4840.4538,1
1789190100000,11.505,11.524,11.482,11.485,536.0,536.8,6171.6455,1
1789191000000,11.484,11.528,11.484,11.512,662.0,662.7,7629.7325,1
1789191900000,11.512,11.52,11.511,11.514,180.0,180.8,2081.783,1
1789192800000,11.514,11.514,11.5,11.506,391.0,391.7,4508.2311,1
1789193700000,11.506,11.527,11.506,11.516,317.0,317.0,3650.807,1
1789194600000,11.52,11.534,11.517,11.526,216.0,216.0,2489.542,1
1789195500000,11.526,11.535,11.511,11.514,1275.0,1275.3,14703.4762,1
1789196400000,11.514,11.544,11.513,11.544,608.0,608.5,7017.5127,1
1789197300000,11.544,11.558,11.539,11.548,432.0,432.1,4989.3156,1
1789198200000,11.548,11.571,11.538,11.562,1426.0,1426.2,16482.6731,1
1789199100000,11.562,11.581,11.562,11.576,5743.0,5743.6,66501.3398,1
1789200000000,11.576,11.576,11.54,11.54,3035.0,3035.9,35123.6458,1
1789200900000,11.54,11.562,11.52,11.526,1671.0,1671.8,19277.611,1
1789201800000,11.526,11.549,11.513,11.544,311.0,311.5,3591.9187,1
1789202700000,11.544,11.551,11.527,11.531,709.0,709.9,8192.3749,1
1789203600000,11.531,11.561,11.526,11.556,670.0,670.8,7740.2837,1
1789204500000,11.556,11.574,11.539,11.552,513.0,513.3,5931.584,1
1789205400000,11.556,11.572,11.538,11.554,327.0,327.0,3777.672,1
1789206300000,11.554,11.563,11.534,11.535,330.0,330.6,3817.5268,1
1789207200000,11.535,11.556,11.535,11.545,376.0,376.0,4343.082,1
1789208100000,11.545,11.553,11.537,11.553,109.0,109.6,1265.1632,1
1789209000000,11.553,11.553,11.538,11.547,113.0,113.1,1305.9034,1
1789209900000,11.547,11.551,11.524,11.526,311.0,311.0,3586.831,1
1789210800000,11.526,11.544,11.524,11.544,201.0,201.0,2317.915,1
1789211700000,11.544,11.544,11.524,11.525,455.0,455.8,5256.5552,1
1789212600000,11.525,11.561,11.525,11.557,116.0,116.0,1338.802,1
1789213500000,11.557,11.565,11.55,11.565,1581.0,1581.6,18280.3129,1
1789214400000,11.565,11.569,11.551,11.557,248.0,248.5,2872.179,1
1789215300000,11.557,11.563,11.543,11.55,829.0,829.7,9583.622,1
1789216200000,11.55,11.574,11.55,11.557,186.0,186.6,2157.7268,1
1789217100000,11.557,11.566,11.527,11.536,297.0,297.6,3435.465,1
1789218000000,11.536,11.558,11.53,11.538,491.0,491.5,5673.6515,1
1789218900000,11.538,11.545,11.526,11.537,783.0,783.5,9042.4562,1
1789219800000,11.537,11.554,11.527,11.552,244.0,244.6,2822.9822,1
1789220700000,11.552,11.552,11.526,11.548,306.0,306.2,3532.711,1
1789221600000,11.549,11.569,11.541,11.55,362.0,362.1,4183.7581,1
1789222500000,11.553,11.574,11.551,11.563,540.0,540.8,6253.8311,1
1789223400000,11.563,11.578,11.562,11.562,374.0,374.0,4327.543,1
1789224300000,11.567,11.58,11.567,11.568,1426.0,1426.0,16508.3955,1
1789225200000,11.57,11.6,11.565,11.594,2289.0,2289.3,26500.0076,1
1789226100000,11.594,11.615,11.586,11.605,840.0,840.7,9752.3765,1
1789227000000,11.606,11.617,11.58,11.596,546.0,546.9,6341.0074,1
1789227900000,11.596,11.599,11.562,11.58,2104.0,2104.3,24375.7474,1
1789228800000,11.58,11.599,11.566,11.577,687.0,687.6,7964.1072,1
1789229700000,11.577,11.58,11.565,11.577,195.0,195.0,2256.801,1
1789230600000,11.577,11.578,11.532,11.543,8763.0,8763.4,101119.5808,1
1789231500000,11.543,11.543,11.518,11.521,2528.0,2528.2,29130.5866,1
1789232400000,11.521,11.547,11.514,11.525,2200.0,2200.2,25388.4988,1
1789233300000,11.525,11.528,11.51,11.511,810.0,810.7,9334.5846,1
1789234200000,11.511,11.511,11.491,11.504,1662.0,1662.6,19116.7834,1
1789235100000,11.504,11.522,11.495,11.518,609.0,609.5,7018.9238,1
1789236000000,11.518,11.518,11.49,11.502,322.0,322.8,3714.2606,1
1789236900000,11.502,11.525,11.479,11.522,9994.0,9994.7,114935.2011,1
1789237800000,11.516,11.526,11.494,11.52,4965.0,4965.0,57147.0742,1
1789238700000,11.52,11.533,11.499,11.506,3660.0,3660.4,42154.4666,1
1789239600000,11.506,11.522,11.501,11.511,619.0,619.2,7128.7152,1
1789240500000,11.511,11.511,11.481,11.495,3146.0,3146.1,36131.8261,1
1789241400000,11.495,11.495,11.451,11.455,20518.0,20518.4,235208.0013,1
1789242300000,11.455,11.481,11.455,11.474,7546.0,7546.8,86593.717,1
1789243200000,11.472,11.516,11.465,11.503,14942.0,14942.8,171908.375,1
1789244100000,11.508,11.531,11.508,11.531,3609.0,3609.1,41571.7294,1
1789245000000,11.531,11.534,11.501,11.507,8518.0,8518.6,98046.3254,1
1789245900000,11.507,11.526,11.495,11.496,21584.0,21584.1,248415.3796,1
1789246800000,11.496,11.53,11.494,11.516,4971.0,4971.0,57186.8296,1
1789247700000,11.516,11.52,11.491,11.512,404.0,404.9,4657.4521,1
1789248600000,11.512,11.52,11.507,11.519,1927.0,1927.7,22190.6435,1
1789249500000,11.519,11.521,11.497,11.497,361.0,361.3,4156.2369,1
1789250400000,11.497,11.506,11.484,11.49,308.0,308.5,3546.3126,1
1789251300000,11.505,11.522,11.502,11.502,393.0,393.6,4529.2686,1
1789252200000,11.487,11.496,11.474,11.479,1808.0,1808.0,20762.8649,1
1789253100000,11.479,11.487,11.479,11.479,105.0,105.1,1206.8377,1
1789254000000,11.479,11.489,11.43,11.485,42777.0,42777.4,489960.7341,1
1789254900000,11.485,11.499,11.484,11.496,1788.0,1788.6,20552.8213,1
1789255800000,11.496,11.502,11.489,11.493,154.0,154.0,1770.377,1
1789256700000,11.493,11.545,11.493,11.513,40103.0,40103.0,462029.9448,1
1789257600000,11.513,11.513,11.489,11.496,141.0,141.0,1621.1923,1
1789258500000,11.491,11.502,11.488,11.491,1499.0,1499.0,17225.117,1
1789259400000,11.491,11.503,11.49,11.494,185.0,185.5,2132.3655,1
1789260300000,11.494,11.506,11.49,11.499,148.0,148.3,1705.3818,1
1789261200000,11.499,11.51,11.485,11.493,223.0,223.5,2569.482,1
1789262100000,11.493,11.524,11.481,11.501,433.0,433.8,4991.58,1
1789263000000,11.501,11.507,11.487,11.5,164.0,164.0,1885.271,1
1789263900000,11.5,11.52,11.5,11.519,11995.0,11995.4,138099.8106,1
1789264800000,11.519,11.519,11.498,11.499,96.0,96.9,1114.7165,1
1789265700000,11.499,11.506,11.487,11.496,1215.0,1215.4,13980.5534,1
1789266600000,11.496,11.527,11.489,11.512,276.0,276.5,3180.761,1
1789267500000,11.512,11.529,11.5,11.503,237.0,237.0,2728.039,1
1789268400000,11.504,11.522,11.498,11.513,293.0,293.0,3372.608,1
1789269300000,11.513,11.514,11.494,11.496,272.0,272.0,3128.818,1
1789270200000,11.496,11.496,11.476,11.487,312.0,312.9,3592.44,1
1789271100000,11.49,11.496,11.465,11.477,1094.0,1094.8,12568.9448,1
1789272000000,11.479,11.498,11.465,11.481,442.0,442.5,5079.0685,1
1789272900000,11.481,11.495,11.48,11.49,205.0,205.5,2361.0851,1
1789273800000,11.49,11.501,11.488,11.488,543.0,543.6,6249.2513,1
1789274700000,11.488,11.492,11.487,11.489,113.0,113.0,1298.332,1
1789275600000,11.489,11.508,11.489,11.508,406.0,406.0,4667.761,1
1789276500000,11.508,11.522,11.508,11.522,205.0,205.8,2370.1499,1
1789277400000,11.522,11.546,11.519,11.544,398.0,398.0,4592.1125,1
1789278300000,11.544,11.557,11.534,11.534,2417.0,2417.0,27926.8504,1
1789279200000,11.534,11.539,11.52,11.527,188.0,188.1,2168.8874,1
1789280100000,11.528,11.528,11.501,11.508,749.0,749.2,8623.0223,1
1789281000000,11.508,11.508,11.48,11.484,2350.0,2350.1,27007.6626,1
1789281900000,11.484,11.484,11.44,11.443,1006.0,1006.7,11529.4122,1
1789282800000,11.442,11.453,11.441,11.451,298.0,298.4,3415.9904,1
1789283700000,11.451,11.454,11.442,11.451,312.0,312.7,3579.9449,1
1789284600000,11.45,11.455,11.427,11.438,3495.0,3495.5,40024.8945,1
1789285500000,11.438,11.447,11.415,11.424,459.0,459.7,5252.7039,1
1789286400000,11.425,11.435,11.415,11.415,1919.0,1919.9,21920.9319,1
1789287300000,11.415,11.415,11.383,11.39,1939.0,1939.3,22092.8998,1
1789288200000,11.387,11.389,11.29,11.306,15897.0,15897.1,180162.2076,1
1789289100000,11.304,11.325,11.3,11.313,964.0,964.3,10908.2587,1
1789290000000,11.314,11.338,11.311,11.332,1377.0,1377.8,15611.8517,1
1789290900000,11.332,11.338,11.272,11.293,1266.0,1266.9,14326.994,1
1789291800000,11.293,11.335,11.251,11.323,3861.0,3861.9,43548.1213,1
1789292700000,11.323,11.364,11.321,11.364,639.0,639.9,7260.889,1
1789293600000,11.364,11.364,11.352,11.356,395.0,395.4,4491.3692,1
1789294500000,11.356,11.357,11.329,11.354,23288.0,23288.4,264029.422,1
1789295400000,11.354,11.37,11.313,11.315,22759.0,22759.7,258541.7942,1
1789296300000,11.315,11.325,11.293,11.295,1215.0,1215.4,13742.9351,1
1789297200000,11.297,11.324,11.287,11.291,3030.0,3030.6,34257.9824,1
1789298100000,11.291,11.3,11.288,11.29,847.0,847.2,9566.9718,1
1789299000000,11.29,11.298,11.289,11.298,471.0,471.7,5328.19,1
1789299900000,11.298,11.299,11.288,11.288,1817.0,1817.5,20529.528,1
1789300800000,11.288,11.296,11.275,11.278,556.0,556.4,6278.1514,1
1789301700000,11.278,11.291,11.269,11.269,1827.0,1827.4,20611.3041,1
1789302600000,11.271,11.289,11.218,11.237,6342.0,6342.8,71296.1591,1
1789303500000,11.238,11.255,11.232,11.255,392.0,392.6,4413.893,1
1789304400000,11.255,11.255,11.227,11.248,301.0,301.6,3390.5192,1
1789305300000,11.247,11.247,11.189,11.195,5320.0,5320.3,59588.1333,1
1789306200000,11.195,11.247,11.195,11.245,1027.0,1027.3,11521.7203,1
1789307100000,11.249,11.306,11.249,11.297,2581.0,2581.1,29155.8562,1
1789308000000,11.297,11.331,11.294,11.322,1895.0,1895.0,21424.4753,1
1789308900000,11.322,11.336,11.312,11.319,1003.0,1003.2,11361.6845,1
1789309800000,11.32,11.323,11.301,11.318,2131.0,2131.4,24109.845,1
1789310700000,11.322,11.328,11.303,11.308,1094.0,1094.2,12386.3624,1
1789311600000,11.308,11.308,11.254,11.272,978.0,978.1,11029.8866,1
1789312500000,11.272,11.283,11.253,11.257,488.0,488.6,5504.1296,1
1789313400000,11.257,11.278,11.256,11.277,528.0,528.8,5958.5746,1
1789314300000,11.272,11.274,11.253,11.255,786.0,786.4,8853.7885,1
1789315200000,11.255,11.332,11.255,11.31,2741.0,2741.0,30967.568,1
1789316100000,11.31,11.327,11.302,11.323,459.0,459.2,5196.0412,1
1789317000000,11.323,11.335,11.317,11.334,1397.0,1397.5,15827.2905,1
1789317900000,11.334,11.352,11.333,11.349,1030.0,1030.4,11691.2786,1
1789318800000,11.349,11.414,11.349,11.4,2421.0,2421.4,27564.787,1
1789319700000,11.4,11.413,11.398,11.398,989.0,989.0,11277.7984,1
1789320600000,11.4,11.401,11.371,11.393,2891.0,2891.6,32926.6674,1
1789321500000,11.393,11.4,11.388,11.4,263.0,263.0,2996.566,1
1789322400000,11.4,11.409,11.388,11.401,673.0,673.3,7672.3165,1
1789323300000,11.401,11.421,11.399,11.404,795.0,795.7,9080.1761,1
1789324200000,11.404,11.426,11.404,11.42,663.0,663.1,7573.9732,1
1789325100000,11.424,11.498,11.424,11.439,2624.0,2624.9,30086.9925,1
1789326000000,11.44,11.469,11.416,11.426,2048.0,2048.4,23426.4661,1
1789326900000,11.426,11.468,11.422,11.437,4843.0,4843.4,55407.4083,1
1789327800000,11.434,11.442,11.396,11.403,880.0,880.0,10043.0222,1
1789328700000,11.403,11.409,11.397,11.407,256.0,256.0,2919.314,1
1789329600000,11.411,11.433,11.404,11.433,900.0,900.4,10282.8952,1
1789330500000,11.433,11.45,11.427,11.449,394.0,394.8,4516.926,1
1789331400000,11.449,11.464,11.439,11.464,416.0,416.7,4770.6926,1
1789332300000,11.466,11.476,11.449,11.455,2527.0,2527.5,28988.3127,1
1789333200000,11.454,11.458,11.429,11.442,1619.0,1619.0,18515.813,1
1789334100000,11.442,11.455,11.436,11.436,409.0,409.5,4687.2592,1
1789335000000,11.435,11.449,11.432,11.449,284.0,284.4,3253.8445,1
1789335900000,11.449,11.45,11.406,11.406,1181.0,1181.7,13510.4834,1
1789336800000,11.404,11.404,11.235,11.254,7176.0,7176.2,81104.0796,1
1789337700000,11.259,11.259,11.163,11.204,3982.0,3982.8,44617.2057,1
1789338600000,11.205,11.225,11.163,11.166,3059.0,3059.9,34236.8914,1
1789339500000,11.166,11.196,11.163,11.166,968.0,968.0,10817.0832,1
1789340400000,11.164,11.192,11.163,11.182,4720.0,4720.8,52773.947,1
1789341300000,11.184,11.23,11.18,11.212,3258.0,3258.2,36446.2577,1
1789342200000,11.204,11.238,11.204,11.213,1491.0,1491.2,16729.7516,1
1789343100000,11.213,11.22,11.184,11.2,512.0,512.4,5740.986,1
1789344000000,11.201,11.285,11.201,11.234,2920.0,2920.8,32857.7804,1
1789344900000,11.231,11.241,11.114,11.142,6316.0,6316.1,70580.1411,1
1789345800000,11.132,11.23,11.132,11.23,2405.0,2405.5,26924.3242,1
1789346700000,11.23,11.275,11.23,11.264,2163.0,2163.9,24366.2859,1
1789347600000,11.265,11.28,11.231,11.251,1340.0,1340.1,15082.3797,1
1789348500000,11.247,11.274,11.225,11.267,1786.0,1786.7,20108.7119,1
1789349400000,11.26,11.266,11.201,11.243,977.0,977.4,10986.0681,1
1789350300000,11.243,11.311,11.237,11.311,2000.0,2000.7,22582.7962,1
1789351200000,11.311,11.356,11.293,11.356,1442.0,1442.9,16328.7808,1
1789352100000,11.358,11.385,11.329,11.37,8899.0,8899.0,100930.6143,1
1789353000000,11.363,11.395,11.335,11.335,5770.0,5770.4,65713.7816,1
1789353900000,11.335,11.375,11.335,11.366,2968.0,2968.8,33730.1042,1
1789354800000,11.362,11.433,11.357,11.425,2613.0,2613.0,29807.2467,1
1789355700000,11.425,11.43,11.391,11.404,805.0,805.2,9185.6718,1
1789356600000,11.404,11.404,11.344,11.354,874.0,874.5,9944.2706,1
1789357500000,11.354,11.374,11.347,11.374,450.0,450.0,5111.507,1
1789358400000,11.374,11.395,11.36,11.371,394.0,394.0,4481.478,1
1789359300000,11.371,11.404,11.366,11.384,456.0,456.0,5193.844,1
1789360200000,11.384,11.392,11.361,11.388,646.0,646.5,7357.9976,1
1789361100000,11.388,11.403,11.38,11.392,509.0,509.5,5802.544,1
1789362000000,11.394,11.396,11.368,11.383,435.0,435.2,4953.6127,1
1789362900000,11.383,11.384,11.359,11.365,577.0,577.3,6562.3091,1
1789363800000,11.365,11.391,11.354,11.375,1167.0,1167.3,13287.2694,1
1789364700000,11.375,11.403,11.373,11.403,315.0,315.7,3593.4773,1
1789365600000,11.403,11.465,11.402,11.447,1441.0,1441.1,16468.7305,1
1789366500000,11.447,11.457,11.426,11.426,1669.0,1669.0,19093.4645,1
1789367400000,11.418,11.439,11.378,11.438,1095.0,1095.1,12499.9523,1
1789368300000,11.438,11.439,11.403,11.403,916.0,916.3,10466.3258,1
1789369200000,11.403,11.426,11.39,11.407,902.0,902.4,10294.0212,1
1789370100000,11.407,11.423,11.387,11.387,729.0,729.7,8323.7885,1
1789371000000,11.387,11.414,11.374,11.414,845.0,845.8,9637.5418,1
1789371900000,11.412,11.413,11.387,11.404,566.0,566.9,6463.0479,1
1789372800000,11.404,11.415,11.375,11.384,1399.0,1399.3,15935.871,1
1789373700000,11.385,11.433,11.375,11.383,975.0,975.4,11122.372,1
1789374600000,11.382,11.395,11.374,11.386,1123.0,1123.0,12786.4616,1
1789375500000,11.386,11.386,11.353,11.371,570.0,570.7,6486.5338,1
1789376400000,11.371,11.382,11.353,11.355,1490.0,1490.4,16930.4262,1
1789377300000,11.354,11.359,11.313,11.358,2631.0,2631.7,29812.4896,1
1789378200000,11.355,11.374,11.35,11.368,856.0,856.4,9731.5754,1
1789379100000,11.37,11.483,11.369,11.433,3186.0,3186.3,36474.9503,1
1789380000000,11.434,11.443,11.394,11.402,2201.0,2201.9,25120.5563,1
1789380900000,11.402,11.405,11.373,11.383,665.0,665.8,7582.4041,1
1789381800000,11.383,11.411,11.379,11.403,1581.0,1581.9,18036.667,1
1789382700000,11.402,11.414,11.373,11.373,1753.0,1753.0,19989.8829,1
1789383600000,11.373,11.388,11.344,11.365,2571.0,2571.2,29227.6273,1
1789384500000,11.37,11.404,11.367,11.402,581.0,581.3,6616.7045,1
1789385400000,11.404,11.404,11.365,11.385,959.0,959.1,10917.1249,1
1789386300000,11.385,11.395,11.365,11.373,641.0,641.3,7298.0694,1
1789387200000,11.381,11.404,11.372,11.386,1492.0,1492.7,16992.9276,1
1789388100000,11.386,11.399,11.378,11.394,1428.0,1428.1,16270.2245,1
1789389000000,11.391,11.404,11.335,11.355,1631.0,1631.1,18516.8246,1
1789389900000,11.351,11.366,11.309,11.314,1708.0,1708.8,19346.2049,1
1789390800000,11.306,11.319,11.243,11.308,2019.0,2019.4,22782.9168,1
1789391700000,11.308,11.344,11.308,11.341,1278.0,1278.7,14492.8725,1
1789392600000,11.344,11.394,11.305,11.371,4200.0,4200.7,47719.4012,1
1789393500000,11.371,11.414,11.33,11.344,2191.0,2191.6,24930.5367,1
1789394400000,11.34,11.435,11.337,11.419,1547.0,1547.6,17616.9693,1
1789395300000,11.424,11.439,11.347,11.399,3310.0,3310.2,37718.5039,1
1789396200000,11.399,11.435,11.37,11.378,14702.0,14702.1,167696.5979,1
1789397100000,11.384,11.422,11.383,11.4,1254.0,1254.4,14298.7059,1
1789398000000,11.389,11.439,11.37,11.423,2122.0,2122.9,24232.2471,1
1789398900000,11.423,11.442,11.409,11.412,1770.0,1770.6,20225.5607,1
1789399800000,11.411,11.481,11.404,11.463,14084.0,14084.9,161504.3062,1
1789400700000,11.467,11.467,11.417,11.455,12930.0,12930.2,147949.3106,1
1789401600000,11.455,11.466,11.436,11.465,939.0,939.0,10754.8869,1
1789402500000,11.465,11.562,11.464,11.488,18276.0,18276.2,210167.4416,1
1789403400000,11.488,11.518,11.484,11.489,862.0,862.5,9917.2869,1
1789404300000,11.489,11.553,11.489,11.509,1186.0,1186.1,13675.9179,1
1789405200000,11.509,11.517,11.495,11.512,2096.0,2096.4,24119.7618,1
1789406100000,11.511,11.585,11.496,11.585,2318.0,2318.3,26780.0372,1
1789407000000,11.585,11.594,11.554,11.58,1901.0,1901.5,22015.4648,1
1789407900000,11.586,11.614,11.585,11.602,10728.0,10728.5,124552.0973,1
1789408800000,11.602,11.627,11.579,11.596,3544.0,3544.5,41123.4674,1
1789409700000,11.595,11.661,11.577,11.653,32047.0,32047.0,372585.5062,1
1789410600000,11.653,11.693,11.653,11.691,3075.0,3075.4,35902.3636,1
1789411500000,11.691,11.712,11.681,11.697,1522.0,1522.6,17808.1874,1
1789412400000,11.7,11.7,11.645,11.678,4959.0,4959.9,57939.2363,1
1789413300000,11.683,11.755,11.678,11.727,11859.0,11859.4,138728.5036,1
1789414200000,11.727,11.74,11.683,11.715,2006.0,2006.8,23493.1713,1
1789415100000,11.715,11.743,11.715,11.736,1497.0,1497.6,17568.0016,1
1789416000000,11.735,11.842,11.735,11.829,3391.0,3391.3,40046.6079,1
1789416900000,11.831,11.948,11.83,11.898,7653.0,7653.4,91116.6558,1
1789417800000,11.898,11.919,11.851,11.851,11780.0,11780.7,140063.1725,1
1789418700000,11.851,11.864,11.763,11.764,11160.0,11160.4,131939.8533,1
1789419600000,11.764,11.764,11.651,11.683,14081.0,14081.0,165073.4283,1
1789420500000,11.684,11.732,11.668,11.702,63253.0,63253.9,740738.7801,1
1789421400000,11.702,11.72,11.656,11.663,11062.0,11062.6,129578.2356,1
1789422300000,11.663,11.665,11.628,11.641,1910.0,1910.9,22234.3758,1
1789423200000,11.641,11.67,11.617,11.669,1435.0,1435.7,16717.8414,1
1789424100000,11.669,11.682,11.604,11.606,1407.0,1407.0,16362.1638,1
1789425000000,11.609,11.612,11.58,11.593,4534.0,4534.4,52568.1016,1
1789425900000,11.593,11.594,11.532,11.556,40160.0,40160.1,463638.1599,1
1789426800000,11.559,11.567,11.542,11.543,1400.0,1400.7,16178.0275,1
1789427700000,11.544,11.571,11.534,11.544,421.0,421.0,4860.877,1
1789428600000,11.541,11.541,11.515,11.529,3898.0,3898.5,44935.3685,1
1789429500000,11.529,11.529,11.5,11.514,1067.0,1067.9,12291.3944,1
1789430400000,11.509,11.532,11.5,11.521,845.0,845.8,9739.3859,1
1789431300000,11.521,11.537,11.51,11.528,675.0,675.6,7783.5102,1
1789432200000,11.528,11.568,11.528,11.537,1352.0,1352.2,15609.2976,1
1789433100000,11.537,11.573,11.531,11.562,419.0,419.7,4849.5435,1
1789434000000,11.562,11.572,11.536,11.548,642.0,642.7,7426.618,1
1789434900000,11.546,11.588,11.546,11.551,1555.0,1555.2,18003.4481,1
1789435800000,11.551,11.582,11.55,11.58,30673.0,30673.0,354488.078,1
1789436700000,11.577,11.601,11.563,11.585,771.0,771.3,8936.3505,1
1789437600000,11.589,11.62,11.582,11.611,752.0,752.7,8731.5721,1
1789438500000,11.618,11.621,11.6,11.604,854.0,854.9,9927.2537,1
1789439400000,11.601,11.619,11.582,11.599,807.0,807.9,9368.791,1
1789440300000,11.594,11.598,11.561,11.561,550.0,550.9,6378.1755,1
1789441200000,11.555,11.556,11.475,11.477,3395.0,3395.7,39071.0747,1
1789442100000,11.485,11.496,11.446,11.494,1989.0,1989.4,22817.4111,1
1789443000000,11.494,11.544,11.494,11.529,635.0,635.0,7321.1615,1
1789443900000,11.529,11.539,11.489,11.489,1140.0,1140.8,13118.6069,1
1789444800000,11.489,11.507,11.471,11.478,1426.0,1426.8,16389.1681,1
1789445700000,11.476,11.496,11.451,11.458,862.0,862.2,9894.7573,1
1789446600000,11.458,11.461,11.437,11.454,701.0,701.1,8025.3153,1
1789447500000,11.456,11.46,11.442,11.445,380.0,380.8,4360.1435,1
1789448400000,11.445,11.455,11.386,11.406,4950.0,4950.3,56446.6652,1
1789449300000,11.406,11.417,11.386,11.416,1555.0,1555.5,17731.2056,1
1789450200000,11.413,11.433,11.402,11.433,812.0,812.7,9280.5903,1
1789451100000,11.433,11.492,11.433,11.486,1958.0,1958.6,22455.8276,1
1789452000000,11.487,11.495,11.464,11.464,637.0,637.0,7317.183,1
1789452900000,11.464,11.472,11.417,11.428,2241.0,2241.4,25625.9412,1
1789453800000,11.425,11.443,11.42,11.438,1891.0,1891.7,21633.5524,1
1789454700000,11.438,11.44,11.384,11.406,1690.0,1690.5,19287.0228,1
1789455600000,11.403,11.415,11.39,11.408,678.0,678.9,7739.8123,1
1789456500000,11.408,11.417,11.393,11.403,1802.0,1802.9,20579.4493,1
1789457400000,11.402,11.408,11.353,11.37,6676.0,6676.0,75963.0064,1
1789458300000,11.363,11.374,11.336,11.336,2070.0,2070.1,23501.4977,1
1789459200000,11.337,11.354,11.3,11.35,5903.0,5903.3,66835.7085,1
1789460100000,11.355,11.376,11.336,11.366,812.0,812.2,9226.3498,1
1789461000000,11.359,11.385,11.354,11.378,470.0,470.5,5350.3922,1
1789461900000,11.378,11.391,11.37,11.39,519.0,519.3,5911.4586,1
1789462800000,11.39,11.392,11.363,11.364,2811.0,2811.4,32018.2194,1
1789463700000,11.366,11.378,11.363,11.376,701.0,701.9,7980.8009,1
1789464600000,11.376,11.394,11.37,11.386,9255.0,9255.3,105394.6055,1
1789465500000,11.386,11.417,11.378,11.385,619.0,619.8,7062.701,1
1789466400000,11.385,11.396,11.37,11.372,498.0,498.0,5668.033,1
1789467300000,11.37,11.379,11.37,11.37,1416.0,1416.2,16107.036,1
1789468200000,11.37,11.384,11.363,11.382,887.0,887.8,10099.0003,1
1789469100000,11.382,11.391,11.372,11.375,502.0,502.4,5717.9066,1
1789470000000,11.379,11.386,11.374,11.383,648.0,648.3,7379.6077,1
1789470900000,11.383,11.386,11.351,11.354,526.0,526.1,5978.4221,1
1789471800000,11.354,11.355,11.323,11.347,894.0,894.6,10144.4795,1
1789472700000,11.345,11.369,11.328,11.368,1165.0,1165.1,13220.1343,1
1789473600000,11.369,11.386,11.366,11.386,547.0,547.7,6231.3347,1
1789474500000,11.386,11.417,11.386,11.395,1627.0,1627.8,18566.1108,1
1789475400000,11.395,11.405,11.37,11.373,770.0,770.0,8769.4082,1
1789476300000,11.376,11.442,11.369,11.412,3756.0,3756.2,42894.471,1
1789477200000,11.411,11.49,11.409,11.449,1143.0,1143.8,13101.6807,1
1789478100000,11.45,11.48,11.442,11.47,1062.0,1062.2,12178.6827,1
1789479000000,11.475,11.475,11.285,11.362,10517.0,10517.2,119512.2322,1
1789479900000,11.362,11.385,11.335,11.385,2597.0,2597.9,29500.1373,1
1789480800000,11.385,11.393,11.317,11.318,1898.0,1898.2,21536.1399,1
1789481700000,11.318,11.343,11.243,11.291,44681.0,44681.8,503380.9785,1
1789482600000,11.294,11.306,11.17,11.191,48456.0,48456.1,546674.1248,1
1789483500000,11.193,11.205,11.057,11.176,23000.0,23000.6,256193.1861,1
1789484400000,11.176,11.236,11.142,11.197,20105.0,20105.4,224845.1695,1
1789485300000,11.197,11.293,11.183,11.269,10765.0,10765.3,121268.7864,1
1789486200000,11.269,11.298,11.254,11.273,4351.0,4351.3,49053.3198,1
1789487100000,11.273,11.3,11.235,11.27,2099.0,2099.9,23653.5384,1
1789488000000,11.27,11.28,11.193,11.194,2401.0,2401.4,26981.3045,1
1789488900000,11.194,11.283,11.194,11.275,1174.0,1174.9,13223.2865,1
1789489800000,11.28,11.287,11.244,11.259,840.0,840.1,9461.0465,1
1789490700000,11.258,11.293,11.255,11.263,838.0,838.4,9455.1349,1
1789491600000,11.262,11.267,11.197,11.224,975.0,975.8,10954.6607,1
1789492500000,11.222,11.252,11.205,11.247,1110.0,1110.2,12458.2503,1
1789493400000,11.248,11.4,11.247,11.303,10836.0,10836.1,122636.4408,1
1789494300000,11.303,11.362,11.303,11.306,2230.0,2230.6,25299.5707,1
1789495200000,11.304,11.329,11.273,11.294,2061.0,2061.5,23305.0604,1
1789496100000,11.291,11.334,11.231,11.3,2445.0,2445.0,27536.8338,1
1789497000000,11.295,11.298,11.008,11.022,14735.0,14735.4,163147.5075,1
1789497900000,11.008,11.138,10.8,11.095,35304.0,35304.1,385850.6555,1
1789498800000,11.102,11.159,11.049,11.081,4430.0,4430.4,49169.2089,1
1789499700000,11.082,11.157,11.066,11.079,3113.0,3113.1,34592.573,1
1789500600000,11.08,11.103,11.044,11.044,2988.0,2988.4,33092.2575,1
1789501500000,11.045,11.105,11.043,11.072,10924.0,10924.5,120933.4517,1
1789502400000,11.074,11.107,11.027,11.048,15541.0,15541.1,171574.0185,1
1789503300000,11.048,11.048,10.94,10.941,2757.0,2757.9,30269.5288,1
1789504200000,10.941,10.988,10.927,10.971,1861.0,1861.9,20403.3847,1
1789505100000,10.976,11.02,10.97,10.99,1511.0,1511.9,16629.2999,1
1789506000000,10.987,10.993,10.947,10.971,1535.0,1535.5,16847.8644,1
1789506900000,10.967,10.981,10.91,10.917,1283.0,1283.8,14058.5224,1
1789507800000,10.918,10.956,10.906,10.949,5943.0,5943.2,64905.7515,1
1789508700000,10.949,10.949,10.869,10.879,1353.0,1353.2,14736.8924,1
1789509600000,10.872,10.904,10.828,10.848,14899.0,14899.8,161498.027,1
1789510500000,10.848,10.882,10.808,10.867,9191.0,9191.2,99645.5603,1
1789511400000,10.867,10.91,10.867,10.876,1797.0,1797.3,19564.7287,1
1789512300000,10.877,10.913,10.872,10.891,2885.0,2885.9,31470.2629,1
1789513200000,10.898,10.971,10.89,10.971,965.0,965.8,10555.9711,1
1789514100000,10.983,10.984,10.932,10.933,2016.0,2016.4,22097.4417,1
1789515000000,10.929,10.929,10.876,10.915,2482.0,2482.8,27063.2875,1
1789515900000,10.915,10.922,10.874,10.879,608.0,608.7,6633.6702,1
1789516800000,10.878,10.92,10.87,10.893,837.0,837.5,9123.4063,1
1789517700000,10.893,10.927,10.884,10.918,1208.0,1208.3,13185.1642,1
1789518600000,10.923,10.927,10.904,10.909,886.0,886.1,9672.3131,1
1789519500000,10.915,10.92,10.893,10.904,888.0,888.8,9693.1192,1
1789520400000,10.9,10.922,10.879,10.899,937.0,937.6,10216.3526,1
1789521300000,10.895,10.917,10.883,10.9,1553.0,1553.4,16926.4547,1
1789522200000,10.9,10.9,10.804,10.842,5437.0,5437.4,58894.6925,1
1789523100000,10.839,10.848,10.774,10.782,6057.0,6057.8,65393.6237,1
1789524000000,10.781,10.817,10.771,10.812,4058.0,4058.7,43841.5037,1
1789524900000,10.809,10.86,10.809,10.859,2714.0,2714.2,29460.3187,1
1789525800000,10.86,10.926,10.86,10.89,1156.0,1156.3,12612.032,1
1789526700000,10.888,10.894,10.839,10.856,3560.0,3560.8,38644.0219,1
1789527600000,10.856,10.893,10.845,10.893,1412.0,1412.1,15339.0001,1
1789528500000,10.893,10.925,10.864,10.864,873.0,873.4,9519.9827,1
1789529400000,10.863,10.879,10.812,10.836,753.0,753.1,8170.6012,1
1789530300000,10.836,10.84,10.818,10.823,871.0,871.5,9441.3242,1
1789531200000,10.82,10.853,10.811,10.852,1007.0,1007.1,10906.086,1
1789532100000,10.841,10.86,10.805,10.838,9673.0,9673.9,104952.0615,1
1789533000000,10.832,10.874,10.815,10.845,657.0,657.6,7131.6028,1
1789533900000,10.843,10.858,10.817,10.84,652.0,652.1,7065.5212,1
1789534800000,10.843,10.85,10.804,10.845,1059.0,1059.5,11466.9637,1
1789535700000,10.845,10.889,10.838,10.879,1119.0,1119.3,12168.9209,1
1789536600000,10.879,10.893,10.862,10.892,823.0,823.1,8951.137,1
1789537500000,10.892,10.893,10.859,10.882,468.0,468.0,5089.9333,1
1789538400000,10.879,10.901,10.86,10.861,722.0,722.1,7854.1967,1
1789539300000,10.861,10.869,10.788,10.796,737.0,737.8,7986.5638,1
1789540200000,10.799,10.801,10.763,10.78,1142.0,1142.8,12329.4858,1
1789541100000,10.78,10.812,10.772,10.81,519.0,519.0,5596.853,1
1789542000000,10.812,10.843,10.788,10.798,1821.0,1821.1,19706.6862,1
1789542900000,10.804,10.812,10.77,10.773,778.0,778.6,8399.9988,1
1789543800000,10.772,10.784,10.764,10.768,1363.0,1363.3,14688.5565,1
1789544700000,10.766,10.767,10.744,10.754,2439.0,2439.5,26234.6153,1
1789545600000,10.748,10.756,10.688,10.717,3433.0,3433.7,36779.0368,1
1789546500000,10.716,10.752,10.681,10.69,1377.0,1377.8,14767.0731,1
1789547400000,10.685,10.707,10.655,10.704,17136.0,17136.4,182815.2805,1
1789548300000,10.706,10.754,10.695,10.754,518.0,518.1,5553.8305,1
1789549200000,10.754,10.806,10.749,10.802,1027.0,1027.0,11075.6721,1
1789550100000,10.802,10.824,10.77,10.812,935.0,935.9,10107.1826,1
1789551000000,10.814,10.827,10.802,10.813,1416.0,1416.2,15317.4211,1
1789551900000,10.813,10.839,10.805,10.836,795.0,795.0,8605.2108,1
1789552800000,10.836,10.839,10.8,10.805,855.0,855.2,9259.2868,1
1789553700000,10.804,10.824,10.789,10.803,1323.0,1323.5,14305.4151,1
1789554600000,10.803,10.827,10.788,10.822,540.0,540.2,5836.6816,1
1789555500000,10.826,10.826,10.795,10.814,487.0,487.6,5270.4879,1
1789556400000,10.816,10.837,10.804,10.804,1382.0,1382.6,14966.1973,1
1789557300000,10.804,10.827,10.796,10.826,683.0,683.6,7393.7017,1
1789558200000,10.826,10.899,10.826,10.899,2086.0,2086.5,22682.1945,1
1789559100000,10.9,10.902,10.865,10.869,1374.0,1374.1,14945.332,1
1789560000000,10.873,10.878,10.813,10.815,1175.0,1175.7,12759.5325,1
1789560900000,10.809,10.841,10.788,10.788,769.0,769.2,8315.8169,1
1789561800000,10.789,10.8,10.748,10.767,1676.0,1676.1,18057.5384,1
1789562700000,10.765,10.778,10.738,10.764,1012.0,1012.5,10887.6265,1
1789563600000,10.756,10.762,10.7,10.72,1243.0,1243.4,13327.8685,1
1789564500000,10.721,10.749,10.705,10.729,1449.0,1449.8,15558.0733,1
1789565400000,10.73,10.747,10.683,10.725,2746.0,2746.7,29430.9673,1
1789566300000,10.723,10.76,10.696,10.7,2027.0,2027.4,21738.3886,1
1789567200000,10.701,10.706,10.625,10.665,3332.0,3332.1,35540.2634,1
1789568100000,10.664,10.726,10.648,10.715,3767.0,3767.4,40246.8856,1
1789569000000,10.719,10.72,10.654,10.684,3273.0,3273.2,34935.4269,1
1789569900000,10.679,10.679,10.627,10.667,3990.0,3990.7,42523.4895,1
1789570800000,10.669,10.742,10.661,10.736,3961.0,3961.7,42372.3518,1
1789571700000,10.736,10.736,10.687,10.691,3559.0,3559.1,38127.0923,1
1789572600000,10.688,10.728,10.663,10.704,1634.0,1634.1,17485.626,1
1789573500000,10.704,10.754,10.663,10.673,2314.0,2314.7,24778.9766,1
1789574400000,10.675,10.728,10.668,10.725,1113.0,1113.1,11903.6774,1
1789575300000,10.725,10.749,10.708,10.731,3604.0,3604.1,38692.3427,1
1789576200000,10.732,10.739,10.696,10.699,1563.0,1563.5,16747.4167,1
1789577100000,10.699,10.744,10.697,10.727,725.0,725.3,7779.7202,1
1789578000000,10.726,10.732,10.702,10.725,795.0,795.4,8524.0435,1
1789578900000,10.725,10.74,10.687,10.706,4334.0,4334.1,46419.7365,1
1789579800000,10.709,10.709,10.627,10.637,2421.0,2421.4,25801.0236,1
1789580700000,10.635,10.738,10.611,10.685,4263.0,4263.7,45420.8935,1
1789581600000,10.71,10.907,10.637,10.775,10808.0,10808.4,116756.2797,1
1789582500000,10.774,10.86,10.77,10.854,3737.0,3737.1,40378.8804,1
1789583400000,10.856,10.943,10.69,10.863,21864.0,21864.5,235703.4435,1
1789584300000,10.863,10.875,10.762,10.799,3140.0,3140.2,33983.5321,1
1789585200000,10.8,10.94,10.8,10.895,10187.0,10187.9,111011.7213,1
1789586100000,10.906,10.927,10.77,10.814,7435.0,7435.2,80468.675,1
1789587000000,10.822,10.917,10.798,10.91,3015.0,3015.7,32780.4371,1
1789587900000,10.91,10.947,10.905,10.927,2107.0,2107.0,23028.1167,1
1789588800000,10.93,10.988,10.893,10.972,9774.0,9774.2,107018.2287,1
1789589700000,10.966,11.021,10.927,10.959,1727.0,1727.4,18970.9157,1
1789590600000,10.956,10.99,10.919,10.939,2261.0,2261.9,24785.2766,1
1789591500000,10.942,10.994,10.933,10.994,934.0,934.2,10245.9712,1
1789592400000,10.993,10.997,10.95,10.951,668.0,668.1,7330.838,1
1789593300000,10.957,10.959,10.92,10.936,829.0,829.5,9073.9473,1
1789594200000,10.926,10.953,10.894,10.894,555.0,555.8,6069.2998,1
1789595100000,10.894,10.946,10.894,10.936,1413.0,1413.7,15461.4885,1
1789596000000,10.938,10.945,10.845,10.91,3741.0,3741.3,40708.611,1
1789596900000,10.907,10.918,10.86,10.873,2453.0,2453.6,26682.321,1
1789597800000,10.868,10.914,10.868,10.914,2560.0,2560.0,27877.498,1
1789598700000,10.914,10.922,10.873,10.883,4079.0,4079.5,44414.7506,1
1789599600000,10.878,10.905,10.863,10.902,2076.0,2076.3,22581.5738,1
1789600500000,10.905,11.006,10.903,11.004,3825.0,3825.1,41868.0708,1
1789601400000,11.003,11.063,10.992,11.054,3941.0,3941.0,43471.5948,1
1789602300000,11.06,11.073,11.04,11.047,3010.0,3010.4,33303.2647,1
1789603200000,11.054,11.089,11.031,11.078,50356.0,50356.9,558014.4556,1
1789604100000,11.078,11.107,11.065,11.074,2713.0,2713.8,30102.2493,1
1789605000000,11.073,11.094,11.067,11.071,3643.0,3643.4,40371.8622,1
1789605900000,11.071,11.073,11.007,11.01,2701.0,2701.9,29776.8732,1
1789606800000,11.007,11.046,10.978,11.001,43381.0,43381.9,478357.3452,1
1789607700000,11.001,11.091,10.994,11.088,3398.0,3398.0,37468.902,1
1789608600000,11.091,11.144,11.08,11.121,3315.0,3315.1,36849.8526,1
1789609500000,11.121,11.129,11.1,11.102,777.0,777.1,8639.111,1
1789610400000,11.107,11.117,11.056,11.083,847.0,847.6,9396.0359,1
1789611300000,11.082,11.095,11.041,11.09,827.0,827.8,9163.3353,1
1789612200000,11.086,11.141,11.072,11.141,879.0,879.0,9770.0913,1
1789613100000,11.141,11.141,11.101,11.129,979.0,979.9,10902.9232,1
1789614000000,11.133,11.175,11.13,11.133,1897.0,1897.9,21148.9912,1
1789614900000,11.131,11.152,11.115,11.144,3546.0,3546.7,39509.2925,1
1789615800000,11.136,11.175,11.131,11.144,850.0,850.2,9482.4662,1
1789616700000,11.139,11.146,11.114,11.129,5167.0,5167.5,57462.0931,1
1789617600000,11.126,11.127,11.095,11.095,782.0,782.0,8684.0353,1
1789618500000,11.095,11.098,11.046,11.049,6505.0,6505.3,72006.4179,1
1789619400000,11.049,11.125,11.042,11.105,859.0,859.2,9520.1324,1
1789620300000,11.102,11.16,11.098,11.143,816.0,816.1,9085.5968,1
1789621200000,11.139,11.159,11.128,11.131,879.0,879.3,9799.187,1
1789622100000,11.131,11.156,11.12,11.13,768.0,768.4,8555.9359,1
1789623000000,11.13,11.136,11.103,11.107,2192.0,2192.2,24358.4666,1
1789623900000,11.109,11.13,11.107,11.11,763.0,763.1,8483.7511,1
1789624800000,11.106,11.16,11.104,11.157,625.0,625.0,6961.0623,1
1789625700000,11.157,11.16,11.133,11.145,956.0,956.9,10666.2385,1
1789626600000,11.154,11.192,11.147,11.191,1003.0,1003.3,11206.0042,1
1789627500000,11.191,11.192,11.147,11.149,873.0,873.5,9768.2056,1
1789628400000,11.147,11.234,11.147,11.198,1980.0,1980.5,22194.7188,1
1789629300000,11.199,11.217,11.187,11.187,732.0,732.8,8206.9066,1
1789630200000,11.19,11.211,11.174,11.188,2111.0,2111.2,23602.1394,1
1789631100000,11.188,11.205,11.164,11.171,1255.0,1255.7,14038.9627,1
1789632000000,11.172,11.198,11.163,11.166,828.0,828.8,9265.4828,1
1789632900000,11.166,11.213,11.164,11.183,691.0,691.8,7740.5736,1
1789633800000,11.179,11.213,11.172,11.205,795.0,795.1,8904.1743,1
1789634700000,11.208,11.229,11.2,11.223,577.0,577.6,6477.4328,1
1789635600000,11.227,11.231,11.212,11.217,932.0,932.1,10459.9591,1
1789636500000,11.217,11.217,11.181,11.181,705.0,705.4,7899.3202,1
1789637400000,11.181,11.193,11.159,11.159,607.0,607.8,6793.3482,1
1789638300000,11.156,11.169,11.117,11.122,4616.0,4616.6,51370.5765,1
1789639200000,11.122,11.151,11.1,11.142,853.0,853.5,9494.9763,1
1789640100000,11.142,11.144,11.108,11.118,895.0,895.4,9958.7679,1
1789641000000,11.118,11.137,11.114,11.114,589.0,589.5,6557.1206,1
1789641900000,11.109,11.118,11.096,11.114,928.0,928.8,10313.3215,1
1789642800000,11.115,11.175,11.114,11.174,1993.0,1993.9,22240.619,1
1789643700000,11.174,11.186,11.163,11.171,1097.0,1097.0,12253.4266,1
1789644600000,11.171,11.171,11.107,11.107,1401.0,1401.8,15589.7691,1
1789645500000,11.101,11.174,11.095,11.174,1902.0,1902.7,21142.2216,1
1789646400000,11.174,11.242,11.158,11.232,2968.0,2968.0,33252.4217,1
1789647300000,11.239,11.293,11.223,11.287,3768.0,3768.1,42457.3744,1
1789648200000,11.29,11.335,11.275,11.29,4481.0,4481.7,50673.4693,1
1789649100000,11.294,11.303,11.25,11.277,2616.0,2616.4,29490.7589,1
1789650000000,11.268,11.311,11.212,11.259,43184.0,43184.5,484749.9388,1
1789650900000,11.264,11.282,11.232,11.234,2244.0,2244.9,25263.4839,1
1789651800000,11.234,11.262,11.139,11.165,49394.0,49394.8,551104.1451,1
1789652700000,11.145,11.286,11.141,11.286,12971.0,12971.4,145697.8021,1
1789653600000,11.286,11.396,11.218,11.396,13473.0,13473.6,151951.5168,1
1789654500000,11.393,11.426,11.335,11.412,7088.0,7088.2,80710.8896,1
1789655400000,11.411,11.42,11.301,11.301,16546.0,16546.7,187763.3063,1
1789656300000,11.312,11.338,11.267,11.267,3827.0,3827.0,43260.2042,1
1789657200000,11.267,11.278,11.221,11.252,6454.0,6454.3,72595.8505,1
1789658100000,11.256,11.288,11.245,11.288,2303.0,2303.9,25968.0286,1
1789659000000,11.288,11.4,11.283,11.376,7158.0,7158.9,81257.1567,1
1789659900000,11.38,11.387,11.349,11.366,1449.0,1449.0,16466.4623,1
1789660800000,11.371,11.399,11.37,11.384,1293.0,1293.7,14730.1154,1
1789661700000,11.385,11.395,11.358,11.382,1396.0,1396.5,15886.9867,1
1789662600000,11.384,11.384,11.309,11.357,3903.0,3903.7,44269.1493,1
1789663500000,11.349,11.362,11.304,11.362,2007.0,2007.9,22743.2997,1
1789664400000,11.363,11.414,11.354,11.378,2215.0,2215.0,25242.2366,1
1789665300000,11.376,11.427,11.37,11.404,1232.0,1232.1,14049.1527,1
1789666200000,11.412,11.412,11.364,11.364,2409.0,2409.3,27433.549,1
1789667100000,11.364,11.369,11.346,11.357,889.0,889.6,10100.3385,1
1789668000000,11.361,11.362,11.335,11.342,948.0,948.7,10765.2658,1
1789668900000,11.342,11.369,11.341,11.365,1065.0,1065.1,12089.7192,1
1789669800000,11.365,11.369,11.305,11.344,2328.0,2328.6,26382.6203,1
1789670700000,11.344,11.362,11.31,11.31,741.0,741.3,8406.0046,1
1789671600000,11.31,11.341,11.309,11.317,553.0,553.7,6272.3554,1
1789672500000,11.317,11.328,11.288,11.317,832.0,832.5,9413.9081,1
1789673400000,11.317,11.331,11.289,11.312,687.0,687.2,7769.873,1
1789674300000,11.312,11.351,11.275,11.313,2330.0,2330.9,26366.2142,1
1789675200000,11.312,11.347,11.302,11.344,1210.0,1210.7,13717.8344,1
1789676100000,11.344,11.374,11.335,11.361,1339.0,1339.9,15227.4904,1
1789677000000,11.361,11.366,11.335,11.341,670.0,670.2,7605.6266,1
1789677900000,11.343,11.364,11.336,11.362,424.0,424.1,4812.6319,1
1789678800000,11.362,11.374,11.33,11.33,393.0,393.0,4461.7838,1
1789679700000,11.33,11.345,11.328,11.341,399.0,399.5,4528.9445,1
1789680600000,11.341,11.38,11.341,11.352,638.0,638.0,7246.571,1
1789681500000,11.352,11.354,11.32,11.32,657.0,657.8,7451.2881,1
1789682400000,11.321,11.342,11.289,11.289,1610.0,1610.0,18218.9011,1
1789683300000,11.289,11.293,11.25,11.274,1302.0,1302.9,14676.1564,1
1789684200000,11.267,11.357,11.265,11.351,2543.0,2543.4,28803.0229,1
1789685100000,11.351,11.358,11.323,11.358,1117.0,1117.2,12678.2058,1
1789686000000,11.358,11.384,11.341,11.353,685.0,685.7,7787.8574,1
1789686900000,11.353,11.395,11.353,11.391,1194.0,1194.5,13592.1571,1
1789687800000,11.391,11.393,11.373,11.393,479.0,479.4,5458.4424,1
1789688700000,11.392,11.407,11.38,11.38,526.0,526.6,6000.3425,1
1789689600000,11.38,11.397,11.375,11.387,652.0,652.9,7435.071,1
1789690500000,11.387,11.39,11.344,11.354,1636.0,1636.5,18597.2815,1
1789691400000,11.354,11.4,11.354,11.4,868.0,868.5,9890.7166,1
1789692300000,11.4,11.437,11.378,11.43,1434.0,1434.1,16355.2374,1
1789693200000,11.432,11.445,11.417,11.439,935.0,935.9,10701.828,1
1789694100000,11.445,11.47,11.428,11.456,1434.0,1434.9,16426.4207,1
1789695000000,11.456,11.494,11.452,11.482,1982.0,1982.6,22753.558,1
1789695900000,11.482,11.54,11.48,11.535,2339.0,2339.8,26949.3655,1
1789696800000,11.533,11.585,11.513,11.537,5568.0,5568.3,64323.805,1
1789697700000,11.534,11.563,11.517,11.537,1456.0,1456.2,16801.7976,1
1789698600000,11.54,11.616,11.54,11.555,71156.0,71156.8,825065.9159,1
1789699500000,11.555,11.613,11.551,11.598,10876.0,10876.0,125781.0649,1
1789700400000,11.593,11.682,11.584,11.681,1786.0,1786.4,20787.3213,1
1789701300000,11.681,11.736,11.652,11.709,44585.0,44585.5,520306.1285,1
1789702200000,11.708,11.726,11.686,11.715,3014.0,3014.6,35296.8107,1
1789703100000,11.716,11.782,11.716,11.754,5529.0,5529.0,64988.0446,1
1789704000000,11.755,11.804,11.738,11.741,2677.0,2677.7,31509.8244,1
1789704900000,11.746,11.757,11.686,11.69,3600.0,3600.1,42154.4075,1
1789705800000,11.686,11.747,11.657,11.746,2176.0,2176.1,25452.7786,1
1789706700000,11.747,11.8,11.747,11.786,3775.0,3775.4,44462.2126,1
1789707600000,11.788,11.813,11.738,11.785,4095.0,4095.9,48280.028,1
1789708500000,11.787,11.8,11.725,11.756,2588.0,2588.8,30445.0494,1
1789709400000,11.758,11.768,11.733,11.748,1839.0,1839.2,21618.9768,1
1789710300000,11.748,11.751,11.706,11.718,1419.0,1419.1,16633.7088,1
1789711200000,11.715,11.775,11.715,11.756,1276.0,1276.9,15009.1214,1
1789712100000,11.761,11.798,11.749,11.773,1562.0,1562.6,18393.7163,1
1789713000000,11.775,11.83,11.774,11.83,2472.0,2472.1,29212.409,1
1789713900000,11.83,11.83,11.764,11.808,2200.0,2200.7,25941.5455,1
1789714800000,11.804,11.842,11.785,11.8,1955.0,1955.0,23083.3089,1
1789715700000,11.8,11.849,11.795,11.822,1432.0,1432.0,16932.0381,1
1789716600000,11.822,11.837,11.815,11.825,1702.0,1702.5,20135.0017,1
1789717500000,11.825,11.835,11.806,11.821,1570.0,1570.1,18557.1825,1
1789718400000,11.823,11.85,11.775,11.804,21832.0,21832.2,258138.7581,1
1789719300000,11.804,11.883,11.804,11.851,3144.0,3144.3,37276.6396,1
1789720200000,11.85,11.858,11.82,11.833,1059.0,1059.1,12539.6437,1
1789721100000,11.831,11.846,11.813,11.82,2106.0,2106.4,24916.5718,1
1789722000000,11.82,11.865,11.813,11.843,1855.0,1855.1,21944.9369,1
1789722900000,11.846,11.864,11.818,11.829,1111.0,1111.2,13160.5942,1
1789723800000,11.829,11.833,11.815,11.831,2043.0,2043.8,24156.109,1
1789724700000,11.831,11.896,11.831,11.89,4403.0,4403.9,52315.3028,1
1789725600000,11.89,11.914,11.882,11.911,3375.0,3375.1,40163.3914,1
1789726500000,11.911,11.949,11.89,11.941,3705.0,3705.0,44181.339,1
1789727400000,11.936,11.95,11.932,11.944,941.0,941.9,11246.0339,1
1789728300000,11.944,11.961,11.88,11.889,1544.0,1544.1,18383.3264,1
1789729200000,11.89,11.897,11.738,11.754,6259.0,6259.9,73800.7611,1
1789730100000,11.754,11.775,11.732,11.769,3910.0,3910.8,45973.4551,1
1789731000000,11.769,11.842,11.764,11.804,2200.0,2200.2,25963.3589,1
1789731900000,11.804,11.849,11.801,11.824,1481.0,1481.2,17499.591,1
1789732800000,11.829,11.838,11.789,11.803,842.0,842.5,9949.2726,1
1789733700000,11.803,11.817,11.783,11.808,4381.0,4381.5,51693.8133,1
1789734600000,11.803,11.868,11.79,11.85,1405.0,1405.7,16645.7608,1
1789735500000,11.85,11.868,11.815,11.82,1061.0,1061.5,12570.9487,1
1789736400000,11.822,11.825,11.776,11.797,4314.0,4314.9,50897.8691,1
1789737300000,11.792,11.83,11.789,11.828,4245.0,4245.3,50159.1037,1
1789738200000,11.826,11.987,11.816,11.973,17929.0,17929.9,213835.3426,1
1789739100000,11.969,12.084,11.95,11.991,12144.0,12144.2,146022.2395,1
1789740000000,12.0,12.047,11.972,12.008,33238.0,33238.2,398575.6474,1
1789740900000,12.002,12.113,12.002,12.042,13401.0,13401.4,161962.907,1
1789741800000,12.039,12.08,12.014,12.08,7409.0,7409.5,89272.2925,1
1789742700000,12.08,12.187,12.071,12.174,10935.0,10935.7,132751.8198,1
1789743600000,12.171,12.179,12.092,12.13,10005.0,10005.9,121434.231,1
1789744500000,12.129,12.233,12.126,12.213,18508.0,18508.8,225523.3388,1
1789745400000,12.214,12.219,12.089,12.089,41351.0,41351.4,501229.3093,1
1789746300000,12.09,12.162,12.09,12.143,20726.0,20726.7,251230.4294,1
1789747200000,12.145,12.21,12.14,12.184,6193.0,6193.0,75498.6536,1
1789748100000,12.186,12.212,12.147,12.191,2145.0,2145.3,26119.142,1
1789749000000,12.191,12.226,12.176,12.193,5661.0,5661.7,69103.5493,1
1789749900000,12.187,12.187,12.119,12.147,8567.0,8567.6,104092.9788,1
1789750800000,12.146,12.147,12.084,12.133,3892.0,3892.3,47156.4514,1
1789751700000,12.133,12.146,12.097,12.137,1897.0,1897.2,23014.8939,1
1789752600000,12.145,12.17,12.121,12.17,7332.0,7332.5,89126.2453,1
1789753500000,12.174,12.227,12.167,12.22,1490.0,1490.5,18176.6188,1
1789754400000,12.223,12.227,12.189,12.222,7074.0,7074.7,86259.3279,1
1789755300000,12.222,12.222,12.197,12.199,3764.0,3764.4,45944.7925,1
1789756200000,12.196,12.257,12.163,12.213,18697.0,18697.9,228463.7633,1
1789757100000,12.213,12.241,12.21,12.213,10944.0,10944.0,133705.0484,1
1789758000000,12.212,12.294,12.211,12.292,3143.0,3143.4,38570.0853,1
1789758900000,12.294,12.359,12.285,12.334,22189.0,22189.6,273368.9998,1
1789759800000,12.333,12.36,12.263,12.36,12383.0,12383.8,152044.2233,1
1789760700000,12.356,12.375,12.33,12.374,3360.0,3360.9,41508.2145,1
1789761600000,12.374,12.378,12.329,12.374,1635.0,1635.7,20202.8419,1
1789762500000,12.372,12.411,12.347,12.368,11166.0,11166.4,138050.9854,1
1789763400000,12.368,12.4,12.351,12.39,2239.0,2239.1,27692.8011,1
1789764300000,12.389,12.4,12.346,12.346,7751.0,7751.0,95812.3672,1
1789765200000,12.349,12.384,12.346,12.382,1477.0,1477.0,18260.4223,1
1789766100000,12.383,12.404,12.363,12.397,863.0,863.1,10687.9668,1
1789767000000,12.392,12.399,12.362,12.395,643.0,643.8,7971.6567,1
1789767900000,12.395,12.395,12.361,12.376,766.0,766.6,9490.5954,1
1789768800000,12.376,12.411,12.37,12.411,5058.0,5058.8,62659.7428,1
1789769700000,12.411,12.411,12.373,12.373,1004.0,1004.4,12440.8353,1
1789770600000,12.373,12.373,12.278,12.294,2349.0,2349.7,28929.2121,1
1789771500000,12.294,12.303,12.278,12.287,1205.0,1205.6,14818.6201,1
1789772400000,12.3,12.31,12.267,12.292,1575.0,1575.9,19361.789,1
1789773300000,12.294,12.295,12.26,12.26,1505.0,1505.5,18473.0691,1
1789774200000,12.26,12.264,12.24,12.241,1110.0,1110.6,13605.3037,1
1789775100000,12.241,12.243,12.225,12.229,503.0,503.4,6158.604,1
1789776000000,12.23,12.262,12.218,12.262,1086.0,1086.4,13292.1292,1
1789776900000,12.261,12.318,12.261,12.318,1169.0,1169.4,14385.354,1
1789777800000,12.318,12.37,12.317,12.37,1116.0,1116.9,13795.2132,1
1789778700000,12.37,12.403,12.353,12.371,1633.0,1633.5,20228.5326,1
1789779600000,12.378,12.394,12.327,12.332,7551.0,7551.1,93156.6549,1
1789780500000,12.331,12.332,12.245,12.28,1473.0,1473.3,18101.7289,1
1789781400000,12.28,12.309,12.218,12.309,9442.0,9442.3,115887.9667,1
1789782300000,12.312,12.368,12.312,12.337,3745.0,3745.1,46250.2529,1
1789783200000,12.339,12.4,12.331,12.388,2731.0,2731.4,33789.9891,1
1789784100000,12.388,12.443,12.378,12.412,5756.0,5756.9,71527.6464,1
1789785000000,12.412,12.46,12.401,12.443,1949.0,1949.0,24251.6161,1
1789785900000,12.443,12.46,12.427,12.451,1094.0,1094.5,13622.4873,1
1789786800000,12.454,12.48,12.44,12.458,5154.0,5154.9,64253.0834,1
1789787700000,12.458,12.458,12.386,12.386,7367.0,7367.7,91516.3126,1
1789788600000,12.386,12.396,12.361,12.388,7488.0,7488.5,92616.9172,1
1789789500000,12.382,12.418,12.369,12.399,12945.0,12945.1,160672.9601,1
1789790400000,12.401,12.439,12.394,12.419,1247.0,1247.3,15479.3475,1
1789791300000,12.423,12.423,12.354,12.37,1696.0,1696.7,21002.5522,1
1789792200000,12.368,12.368,12.275,12.289,3914.0,3914.6,48160.9814,1
1789793100000,12.282,12.345,12.271,12.336,1376.0,1376.7,16948.6493,1
1789794000000,12.335,12.42,12.33,12.386,8268.0,8268.7,102441.1906,1
1789794900000,12.397,12.453,12.385,12.416,1574.0,1574.2,19568.9533,1
1789795800000,12.416,12.416,12.35,12.35,1082.0,1082.7,13422.3989,1
1789796700000,12.355,12.376,12.347,12.352,959.0,959.4,11862.4334,1
1789797600000,12.357,12.362,12.312,12.316,3084.0,3084.6,38005.8029,1
1789798500000,12.313,12.336,12.295,12.305,2226.0,2226.6,27404.5999,1
1789799400000,12.306,12.365,12.304,12.361,807.0,807.0,9960.1806,1
1789800300000,12.354,12.369,12.345,12.346,1246.0,1246.0,15393.4964,1
1789801200000,12.346,12.359,12.32,12.35,794.0,794.5,9807.2056,1
1789802100000,12.353,12.36,12.312,12.322,1068.0,1068.4,13174.6344,1
1789803000000,12.322,12.333,12.291,12.296,3471.0,3471.3,42698.5801,1
1789803900000,12.296,12.313,12.284,12.3,616.0,616.5,7583.096,1
1789804800000,12.307,12.389,12.29,12.389,1698.0,1698.7,20972.7444,1
1789805700000,12.393,12.46,12.386,12.41,2342.0,2342.1,29110.6575,1
1789806600000,12.411,12.439,12.403,12.409,3067.0,3067.1,38082.4458,1
1789807500000,12.409,12.432,12.4,12.407,1257.0,1257.7,15621.5862,1
1789808400000,12.407,12.453,12.405,12.447,1132.0,1132.2,14078.5949,1
1789809300000,12.444,12.492,12.427,12.482,6977.0,6977.8,86881.139,1
1789810200000,12.482,12.493,12.421,12.438,2051.0,2051.8,25554.4506,1
1789811100000,12.438,12.498,12.438,12.491,864.0,864.8,10790.5345,1
1789812000000,12.491,12.534,12.464,12.521,17054.0,17054.7,213114.9887,1
1789812900000,12.53,12.572,12.514,12.572,1989.0,1989.5,24955.043,1
1789813800000,12.572,12.605,12.561,12.605,2579.0,2579.6,32467.138,1
1789814700000,12.602,12.605,12.505,12.514,23857.0,23857.2,299397.119,1
1789815600000,12.504,12.57,12.495,12.495,1506.0,1506.4,18861.4419,1
1789816500000,12.495,12.547,12.479,12.504,2309.0,2309.1,28863.2118,1
1789817400000,12.508,12.526,12.498,12.525,939.0,939.9,11762.2838,1
1789818300000,12.525,12.543,12.519,12.519,853.0,853.4,10694.7412,1
1789819200000,12.528,12.552,12.506,12.506,2745.0,2745.2,34374.1251,1
1789820100000,12.507,12.543,12.481,12.505,1531.0,1531.5,19151.1935,1
1789821000000,12.503,12.539,12.502,12.516,1594.0,1594.7,19973.4293,1
1789821900000,12.522,12.532,12.498,12.527,1054.0,1054.8,13208.3626,1
1789822800000,12.528,12.541,12.444,12.474,4076.0,4076.8,50881.2077,1
1789823700000,12.477,12.52,12.45,12.45,2314.0,2314.5,28867.6586,1
1789824600000,12.452,12.492,12.441,12.445,2754.0,2754.4,34342.7377,1
1789825500000,12.445,12.481,12.441,12.481,3074.0,3074.5,38328.5661,1
1789826400000,12.481,12.51,12.469,12.494,2563.0,2563.4,31997.5384,1
1789827300000,12.494,12.573,12.491,12.567,4301.0,4301.1,53978.4967,1
1789828200000,12.567,12.567,12.52,12.542,8428.0,8428.4,105638.8724,1
1789829100000,12.542,12.559,12.52,12.533,1673.0,1673.3,20988.8039,1
1789830000000,12.533,12.61,12.53,12.578,1760.0,1760.0,22154.6807,1
1789830900000,12.584,12.633,12.568,12.576,4234.0,4234.1,53348.7368,1
1789831800000,12.576,12.612,12.538,12.6,1900.0,1900.2,23895.1424,1
1789832700000,12.606,12.606,12.547,12.568,2675.0,2675.2,33622.3967,1
1789833600000,12.57,12.639,12.498,12.638,7558.0,7558.5,94969.2186,1
1789834500000,12.636,12.688,12.585,12.639,12402.0,12402.2,156624.0864,1
1789835400000,12.628,12.634,12.563,12.574,8269.0,8269.3,104251.0587,1
1789836300000,12.57,12.607,12.56,12.594,925.0,925.4,11643.9486,1
1789837200000,12.598,12.636,12.585,12.62,4459.0,4459.4,56314.3983,1
1789838100000,12.619,12.652,12.513,12.537,2727.0,2727.5,34365.415,1
1789839000000,12.533,12.56,12.492,12.538,5528.0,5528.2,69193.8233,1
1789839900000,12.54,12.558,12.526,12.532,890.0,890.5,11167.8934,1
1789840800000,12.535,12.575,12.485,12.498,1742.0,1742.1,21821.9292,1
1789841700000,12.495,12.51,12.471,12.493,1246.0,1246.5,15573.5307,1
1789842600000,12.493,12.547,12.46,12.511,2236.0,2236.6,27988.3209,1
1789843500000,12.51,12.531,12.486,12.531,952.0,952.7,11918.5939,1
1789844400000,12.531,12.575,12.51,12.51,1153.0,1153.4,14475.6283,1
1789845300000,12.51,12.536,12.486,12.532,1395.0,1395.9,17467.9153,1
1789846200000,12.526,12.542,12.511,12.511,1707.0,1707.5,21397.5761,1
1789847100000,12.514,12.53,12.485,12.497,875.0,875.7,10949.1613,1
1789848000000,12.497,12.505,12.477,12.504,1143.0,1143.5,14280.9977,1
1789848900000,12.504,12.58,12.477,12.482,41027.0,41027.4,514742.6464,1
1789849800000,12.481,12.52,12.451,12.519,40597.0,40597.6,505970.5975,1
1789850700000,12.517,12.52,12.467,12.491,1607.0,1607.1,20077.2519,1
1789851600000,12.491,12.527,12.401,12.413,3097.0,3097.4,38544.9132,1
1789852500000,12.413,12.425,12.33,12.376,12151.0,12151.5,150374.4602,1
1789853400000,12.387,12.388,12.301,12.319,12127.0,12127.6,149704.8346,1
1789854300000,12.319,12.346,12.319,12.346,1998.0,1998.9,24662.1404,1
1789855200000,12.345,12.345,12.295,12.318,5347.0,5347.2,65897.9882,1
1789856100000,12.318,12.336,12.303,12.32,1026.0,1026.4,12641.9048,1
1789857000000,12.32,12.396,12.319,12.388,2100.0,2100.7,25961.4142,1
1789857900000,12.388,12.418,12.387,12.413,1214.0,1214.2,15065.9277,1
1789858800000,12.413,12.43,12.4,12.429,504.0,504.6,6264.8807,1
1789859700000,12.429,12.453,12.395,12.409,4995.0,4995.8,62019.6205,1
1789860600000,12.41,12.449,12.401,12.427,3759.0,3759.3,46774.703,1
1789861500000,12.431,12.44,12.418,12.418,5246.0,5246.5,65173.4025,1
1789862400000,12.416,12.416,12.374,12.409,1500.0,1500.6,18612.0966,1
1789863300000,12.409,12.422,12.378,12.404,1039.0,1039.0,12879.0355,1
1789864200000,12.404,12.443,12.394,12.426,5577.0,5577.3,69265.4559,1
1789865100000,12.415,12.417,12.388,12.398,963.0,963.3,11946.0485,1
1789866000000,12.395,12.405,12.313,12.314,2083.0,2083.6,25701.0284,1
1789866900000,12.315,12.358,12.306,12.307,1186.0,1186.6,14633.9783,1
1789867800000,12.3,12.302,12.255,12.276,1652.0,1652.9,20291.7055,1
1789868700000,12.276,12.314,12.262,12.298,3134.0,3134.5,38537.9773,1
1789869600000,12.304,12.353,12.295,12.353,679.0,679.1,8373.8057,1
1789870500000,12.35,12.36,12.264,12.264,6289.0,6289.3,77344.2916,1
1789871400000,12.263,12.275,12.095,12.101,6912.0,6912.5,84212.6597,1
1789872300000,12.095,12.141,11.95,11.974,10999.0,10999.5,132371.4261,1
1789873200000,11.968,12.09,11.939,11.982,13301.0,13301.0,160059.3963,1
1789874100000,11.984,12.118,11.949,12.066,3286.0,3286.9,39656.8362,1
1789875000000,12.062,12.079,12.017,12.045,1798.0,1798.4,21662.5225,1
1789875900000,12.045,12.093,12.019,12.076,1072.0,1072.0,12922.6932,1
1789876800000,12.076,12.083,12.022,12.047,2885.0,2885.4,34740.2553,1
1789877700000,12.047,12.079,12.014,12.052,2198.0,2198.0,26491.0622,1
1789878600000,12.052,12.077,12.034,12.036,6777.0,6777.7,81645.2927,1
1789879500000,12.036,12.063,12.003,12.047,2385.0,2385.9,28712.6979,1
1789880400000,12.054,12.054,12.016,12.036,1112.0,1112.3,13389.1668,1
1789881300000,12.035,12.036,11.985,12.006,1191.0,1191.9,14310.7244,1
1789882200000,12.006,12.03,12.0,12.002,919.0,919.4,11045.0728,1
1789883100000,12.002,12.016,11.991,12.007,1227.0,1227.1,14730.1142,1
1789884000000,12.006,12.025,11.997,12.019,953.0,953.8,11450.6682,1
1789884900000,12.021,12.047,12.003,12.006,930.0,930.0,11176.8178,1
1789885800000,12.005,12.011,11.948,11.973,1528.0,1528.9,18314.6837,1
1789886700000,11.981,11.997,11.952,11.977,1007.0,1007.7,12066.1839,1
1789887600000,11.977,11.997,11.973,11.996,523.0,523.1,6271.5201,1
1789888500000,11.99,12.012,11.971,12.005,665.0,665.5,7979.9888,1
1789889400000,11.999,12.009,11.981,11.982,1332.0,1332.2,15978.7042,1
1789890300000,11.985,11.987,11.975,11.976,1020.0,1020.1,12220.6227,1
1789891200000,11.976,12.041,11.967,12.017,5711.0,5711.6,68717.9019,1
1789892100000,12.014,12.02,11.981,11.981,681.0,681.7,8180.4927,1
1789893000000,11.981,11.992,11.941,11.943,823.0,823.7,9856.7181,1
1789893900000,11.942,11.956,11.911,11.944,2035.0,2035.9,24296.5058,1
1789894800000,11.941,11.99,11.94,11.969,1099.0,1099.7,13172.2711,1
1789895700000,11.969,12.028,11.964,12.025,723.0,723.7,8682.8967,1
1789896600000,12.027,12.088,12.026,12.057,1911.0,1911.6,23052.6002,1
1789897500000,12.06,12.06,12.001,12.003,1217.0,1217.4,14640.8921,1
1789898400000,12.002,12.02,11.948,11.97,1619.0,1619.8,19392.0102,1
1789899300000,11.973,11.999,11.965,11.982,820.0,820.9,9834.4073,1
1789900200000,11.982,12.0,11.964,11.983,796.0,796.3,9541.3572,1
1789901100000,11.985,12.0,11.965,11.982,610.0,610.1,7310.7667,1
1789902000000,11.982,12.028,11.981,12.003,818.0,818.3,9820.0571,1
1789902900000,12.003,12.014,11.981,12.008,1046.0,1046.0,12549.7707,1
1789903800000,12.006,12.047,12.006,12.039,975.0,975.1,11722.4782,1
1789904700000,12.038,12.073,12.031,12.066,1125.0,1125.3,13575.7789,1
1789905600000,12.065,12.124,12.042,12.091,1811.0,1811.2,21907.6411,1
1789906500000,12.095,12.101,12.036,12.041,974.0,974.4,11756.1488,1
1789907400000,12.039,12.08,12.034,12.061,1491.0,1491.2,17985.2413,1
1789908300000,12.061,12.094,12.06,12.075,1447.0,1447.3,17477.9477,1
1789909200000,12.075,12.118,12.075,12.101,810.0,810.0,9802.2869,1
1789910100000,12.101,12.108,12.067,12.097,741.0,741.2,8961.8293,1
1789911000000,12.097,12.102,12.034,12.068,1345.0,1345.3,16229.2355,1
1789911900000,12.068,12.079,12.047,12.066,1117.0,1117.7,13479.8968,1
1789912800000,12.058,12.146,12.058,12.068,1883.0,1883.7,22809.2516,1
1789913700000,12.067,12.084,12.034,12.065,1305.0,1305.9,15746.7988,1
1789914600000,12.069,12.141,12.063,12.13,3555.0,3555.8,43089.9814,1
1789915500000,12.133,12.168,12.113,12.135,2444.0,2444.6,29680.8729,1
1789916400000,12.137,12.249,12.137,12.228,5086.0,5086.8,62093.7117,1
1789917300000,12.238,12.283,12.216,12.223,5455.0,5455.7,66863.4502,1
1789918200000,12.224,12.295,12.224,12.294,3638.0,3638.4,44607.2582,1
1789919100000,12.294,12.367,12.287,12.366,3715.0,3715.4,45788.3262,1
1789920000000,12.365,12.406,12.32,12.379,4052.0,4052.4,50116.6156,1
1789920900000,12.379,12.399,12.334,12.394,2487.0,2487.8,30782.5913,1
1789921800000,12.394,12.551,12.383,12.522,13403.0,13403.7,166603.2071,1
1789922700000,12.531,12.574,12.515,12.573,2581.0,2581.0,32380.6834,1
1789923600000,12.575,12.593,12.46,12.479,4060.0,4060.4,50885.1942,1
1789924500000,12.479,12.505,12.374,12.378,2683.0,2683.3,33355.7428,1
1789925400000,12.386,12.498,12.378,12.498,3854.0,3854.8,47938.3447,1
1789926300000,12.498,12.51,12.422,12.444,2216.0,2216.6,27613.1569,1
1789927200000,12.444,12.453,12.4,12.412,1605.0,1605.2,19949.8977,1
1789928100000,12.412,12.51,12.409,12.51,9155.0,9155.2,114163.6325,1
1789929000000,12.51,12.526,12.429,12.446,2911.0,2911.3,36358.6071,1
1789929900000,12.447,12.453,12.378,12.423,11255.0,11255.9,139525.5156,1
1789930800000,12.426,12.49,12.416,12.454,1741.0,1741.2,21705.6338,1
1789931700000,12.454,12.465,12.439,12.46,1230.0,1230.6,15321.9918,1
1789932600000,12.46,12.546,12.46,12.523,2925.0,2925.0,36636.4042,1
1789933500000,12.517,12.574,12.515,12.534,1892.0,1892.2,23755.8437,1
1789934400000,12.541,12.569,12.51,12.515,1533.0,1533.8,19248.2739,1
1789935300000,12.514,12.536,12.49,12.535,1245.0,1245.5,15575.5951,1
1789936200000,12.535,12.543,12.493,12.536,1677.0,1677.1,20984.2854,1
1789937100000,12.536,12.562,12.488,12.494,1620.0,1620.1,20303.6676,1
1789938000000,12.494,12.503,12.346,12.394,6098.0,6098.4,75677.6522,1
1789938900000,12.394,12.444,12.389,12.431,759.0,759.2,9425.3158,1
1789939800000,12.437,12.444,12.411,12.411,786.0,786.7,9778.1507,1
1789940700000,12.411,12.462,12.4,12.445,1325.0,1325.2,16500.8231,1
1789941600000,12.45,12.526,12.406,12.526,1003.0,1003.9,12518.9131,1
1789942500000,12.526,12.526,12.468,12.51,1185.0,1185.1,14805.3693,1
1789943400000,12.51,12.55,12.497,12.501,5919.0,5919.9,74100.0241,1
1789944300000,12.498,12.521,12.494,12.502,1348.0,1348.4,16870.1829,1
1789945200000,12.501,12.501,12.46,12.47,1191.0,1191.6,14874.3877,1
1789946100000,12.47,12.506,12.463,12.466,357.0,357.7,4466.4492,1
1789947000000,12.474,12.526,12.467,12.523,606.0,606.1,7570.1019,1
1789947900000,12.524,12.563,12.494,12.512,80827.0,80827.4,1013937.3124,1
1789948800000,12.512,12.675,12.51,12.662,2467.0,2467.3,31074.4466,1
1789949700000,12.67,12.78,12.617,12.724,57483.0,57483.2,731509.6677,1
1789950600000,12.724,12.736,12.606,12.658,41740.0,41740.9,526810.4637,1
1789951500000,12.658,12.729,12.658,12.725,2324.0,2324.1,29510.9974,1
1789952400000,12.725,12.73,12.64,12.707,38915.0,38915.8,493705.254,1
1789953300000,12.709,12.788,12.646,12.721,2853.0,2853.1,36391.1635,1
1789954200000,12.721,12.766,12.654,12.705,22700.0,22700.5,287458.4959,1
1789955100000,12.692,12.699,12.451,12.475,4357.0,4357.1,54832.7376,1
1789956000000,12.475,12.575,12.461,12.572,1427.0,1427.0,17855.7663,1
1789956900000,12.572,12.642,12.551,12.61,834.0,834.5,10509.2188,1
1789957800000,12.614,12.614,12.527,12.599,1432.0,1432.0,17999.0047,1
1789958700000,12.598,12.626,12.569,12.577,1784.0,1784.2,22480.5005,1
1789959600000,12.577,12.66,12.577,12.607,1136.0,1136.4,14323.8532,1
1789960500000,12.609,12.675,12.609,12.65,709.0,709.4,8972.7326,1
1789961400000,12.65,12.687,12.65,12.662,626.0,626.0,7932.099,1
1789962300000,12.662,12.682,12.655,12.672,274.0,274.2,3473.7274,1
1789963200000,12.679,12.687,12.602,12.614,1568.0,1568.5,19814.9334,1
1789964100000,12.616,12.626,12.586,12.593,843.0,843.8,10637.542,1
1789965000000,12.594,12.675,12.576,12.668,984.0,984.2,12420.596,1
1789965900000,12.668,12.693,12.629,12.632,663.0,663.8,8405.2891,1
1789966800000,12.632,12.636,12.56,12.57,1498.0,1498.3,18858.8502,1
1789967700000,12.57,12.639,12.57,12.625,695.0,695.5,8764.2911,1
1789968600000,12.619,12.652,12.56,12.568,1223.0,1223.6,15417.4202,1
1789969500000,12.568,12.59,12.54,12.542,1174.0,1174.8,14749.4972,1
1789970400000,12.546,12.577,12.524,12.543,1142.0,1142.9,14340.2667,1
1789971300000,12.548,12.612,12.548,12.585,2715.0,2715.1,34161.6892,1
1789972200000,12.583,12.599,12.478,12.478,1732.0,1732.2,21722.2047,1
1789973100000,12.478,12.568,12.478,12.545,1444.0,1444.9,18126.9856,1
1789974000000,12.534,12.572,12.51,12.527,1131.0,1131.6,14197.9345,1
1789974900000,12.527,12.555,12.511,12.532,1032.0,1032.8,12945.3243,1
1789975800000,12.532,12.532,12.48,12.484,2888.0,2888.2,36091.8244,1
1789976700000,12.481,12.558,12.48,12.554,2518.0,2518.5,31488.31,1
1789977600000,12.554,12.603,12.554,12.59,2760.0,2760.7,34735.1316,1
