ts,open,high,low,close,vol,volCurrency,volCurrencyQuote,confirm
1787172000000,10.362,10.417,10.359,10.408,17157.0,17157.9,178477.8548,1
1787172300000,10.402,10.443,10.361,10.379,16530.0,16530.9,171790.2622,1
1787172600000,10.376,10.636,10.374,10.61,25815.0,25815.6,271906.9055,1
1787172900000,10.612,10.616,10.537,10.579,11961.0,11961.1,126406.6486,1
1787173200000,10.584,10.755,10.57,10.734,19439.0,19439.7,207559.5119,1
1787173500000,10.719,10.85,10.684,10.84,47419.0,47419.8,511538.7964,1
1787173800000,10.843,10.86,10.714,10.827,38194.0,38194.4,412915.1456,1
1787174100000,10.825,10.827,10.714,10.764,30123.0,30123.5,324384.4911,1
1787174400000,10.773,10.787,10.755,10.755,3131.0,3131.2,33729.6793,1
1787174700000,10.757,10.848,10.749,10.848,42154.0,42154.9,454402.0106,1
1787175000000,10.854,10.892,10.797,10.808,39662.0,39662.5,430323.8054,1
1787175300000,10.809,10.838,10.767,10.779,34443.0,34443.9,371400.598,1
1787175600000,10.784,10.812,10.763,10.788,979.0,979.7,10566.2824,1
1787175900000,10.787,10.845,10.734,10.79,8710.0,8710.6,94172.5655,1
1787176200000,10.791,10.804,10.767,10.804,2719.0,2719.1,29322.4163,1
1787176500000,10.802,10.802,10.723,10.736,3695.0,3695.7,39720.8944,1
1787176800000,10.741,10.761,10.638,10.708,16817.0,16817.8,179580.2618,1
1787177100000,10.712,10.721,10.671,10.702,4377.0,4377.5,46823.2544,1
1787177400000,10.703,10.737,10.693,10.708,3978.0,3978.7,42647.6008,1
1787177700000,10.708,10.734,10.705,10.71,3232.0,3232.9,34656.9293,1
1787178000000,10.713,10.729,10.696,10.703,1004.0,1004.6,10759.5306,1
1787178300000,10.705,10.71,10.656,10.696,1639.0,1639.7,17510.9542,1
1787178600000,10.691,10.7,10.612,10.617,1934.0,1934.7,20608.7176,1
1787178900000,10.621,10.648,10.581,10.633,3970.0,3970.4,42098.5409,1
1787179200000,10.631,10.679,10.631,10.641,2628.0,2628.1,28001.1016,1
1787179500000,10.639,10.646,10.618,10.622,647.0,647.2,6881.3523,1
1787179800000,10.626,10.64,10.559,10.56,3502.0,3502.2,37090.8968,1
1787180100000,10.56,10.585,10.552,10.569,1224.0,1224.8,12944.7356,1
1787180400000,10.569,10.594,10.55,10.588,1250.0,1250.8,13226.7717,1
1787180700000,10.588,10.588,10.558,10.558,1976.0,1976.2,20891.299,1
1787181000000,10.553,10.574,10.529,10.529,32938.0,32938.4,347731.4871,1
1787181300000,10.53,10.572,10.521,10.572,953.0,953.6,10051.3352,1
1787181600000,10.568,10.568,10.522,10.522,696.0,696.7,7339.7994,1
1787181900000,10.52,10.564,10.519,10.564,1070.0,1070.9,11283.767,1
1787182200000,10.565,10.569,10.536,10.536,3911.0,3911.0,41316.7287,1
1787182500000,10.536,10.566,10.536,10.55,1244.0,1244.9,13136.6125,1
1787182800000,10.547,10.571,10.533,10.554,1487.0,1487.5,15705.4822,1
1787183100000,10.553,10.553,10.516,10.517,376.0,376.0,3960.2154,1
1787183400000,10.519,10.544,10.512,10.532,1160.0,1160.1,12208.3571,1
1787183700000,10.532,10.555,10.532,10.547,272.0,272.0,2868.9399,1
1787184000000,10.552,10.589,10.539,10.578,3037.0,3037.8,32082.4757,1
1787184300000,10.578,10.591,10.559,10.586,710.0,710.7,7510.7048,1
1787184600000,10.584,10.585,10.536,10.555,406.0,406.3,4290.2116,1
1787184900000,10.551,10.586,10.545,10.585,935.0,935.3,9886.206,1
1787185200000,10.58,10.596,10.574,10.58,4794.0,4794.1,50773.8476,1
1787185500000,10.577,10.588,10.565,10.582,1103.0,1103.0,11661.9365,1
1787185800000,10.588,10.616,10.574,10.58,526.0,526.7,5576.9444,1
1787186100000,10.583,10.617,10.574,10.607,399.0,399.2,4228.3715,1
1787186400000,10.606,10.606,10.566,10.574,362.0,362.9,3839.4644,1
1787186700000,10.574,10.588,10.574,10.588,2778.0,2778.0,29400.6346,1
1787187000000,10.582,10.583,10.553,10.563,361.0,361.2,3816.8085,1
1787187300000,10.559,10.559,10.515,10.529,2408.0,2408.4,25367.7666,1
1787187600000,10.528,10.586,10.518,10.579,1865.0,1865.1,19692.2007,1
1787187900000,10.579,10.579,10.506,10.508,4052.0,4052.0,42641.8151,1
1787188200000,10.508,10.508,10.473,10.495,6822.0,6822.2,71587.8195,1
1787188500000,10.495,10.499,10.471,10.485,1005.0,1005.2,10544.6259,1
1787188800000,10.488,10.492,10.477,10.477,210.0,210.1,2202.6842,1
1787189100000,10.472,10.483,10.47,10.47,563.0,563.5,5903.8052,1
1787189400000,10.47,10.49,10.464,10.488,807.0,807.2,8454.6841,1
1787189700000,10.488,10.501,10.488,10.501,265.0,265.1,2781.7751,1
1787190000000,10.502,10.519,10.502,10.514,754.0,754.8,7935.7473,1
1787190300000,10.514,10.547,10.514,10.541,297.0,297.8,3136.6464,1
1787190600000,10.542,10.549,10.536,10.537,245.0,245.4,2587.2388,1
1787190900000,10.541,10.542,10.532,10.532,527.0,527.7,5560.3999,1
1787191200000,10.532,10.546,10.529,10.531,235.0,235.4,2480.5008,1
1787191500000,10.531,10.531,10.508,10.516,1191.0,1191.0,12521.7579,1
1787191800000,10.519,10.529,10.503,10.529,1235.0,1235.3,12989.3347,1
1787192100000,10.528,10.53,10.516,10.523,672.0,672.4,7077.2382,1
1787192400000,10.523,10.523,10.492,10.497,397.0,397.4,4175.0689,1
1787192700000,10.497,10.512,10.49,10.508,907.0,907.9,9529.3604,1
1787193000000,10.505,10.53,10.504,10.528,1220.0,1220.8,12839.567,1
1787193300000,10.528,10.528,10.501,10.512,1062.0,1062.8,11170.7358,1
1787193600000,10.508,10.529,10.506,10.518,311.0,311.8,3279.3846,1
1787193900000,10.516,10.52,10.505,10.517,1006.0,1006.0,10571.838,1
1787194200000,10.517,10.517,10.491,10.491,331.0,331.6,3481.486,1
1787194500000,10.489,10.505,10.486,10.503,924.0,924.8,9709.431,1
1787194800000,10.502,10.502,10.437,10.437,1538.0,1538.8,16081.5727,1
1787195100000,10.437,10.447,10.382,10.391,2463.0,2463.0,25660.6909,1
1787195400000,10.393,10.402,10.363,10.382,1587.0,1587.2,16469.5819,1
1787195700000,10.38,10.425,10.378,10.425,1925.0,1925.7,20006.8435,1
1787196000000,10.425,10.437,10.418,10.431,1206.0,1206.2,12582.8262,1
1787196300000,10.431,10.434,10.418,10.427,308.0,308.5,3216.3526,1
1787196600000,10.427,10.449,10.424,10.44,1329.0,1329.7,13882.9781,1
1787196900000,10.439,10.442,10.428,10.437,744.0,744.5,7766.9541,1
1787197200000,10.438,10.448,10.423,10.438,269.0,269.2,2809.9839,1
1787197500000,10.437,10.465,10.437,10.459,1579.0,1579.1,16497.9615,1
1787197800000,10.459,10.462,10.444,10.45,239.0,239.1,2499.5705,1
1787198100000,10.45,10.45,10.434,10.436,575.0,575.0,6002.6163,1
1787198400000,10.435,10.445,10.433,10.441,630.0,630.3,6578.7101,1
1787198700000,10.44,10.466,10.431,10.466,313.0,313.4,3273.3524,1
1787199000000,10.467,10.467,10.451,10.453,143.0,143.0,1495.43,1
1787199300000,10.453,10.466,10.453,10.466,209.0,209.2,2188.3126,1
1787199600000,10.466,10.467,10.447,10.451,208.0,208.1,2175.8022,1
1787199900000,10.451,10.459,10.447,10.447,463.0,463.2,4843.0988,1
1787200200000,10.45,10.45,10.418,10.427,224.0,224.3,2340.5117,1
1787200500000,10.427,10.431,10.405,10.425,1038.0,1038.9,10814.3498,1
1787200800000,10.422,10.437,10.419,10.437,132.0,132.4,1381.0043,1
1787201100000,10.437,10.455,10.432,10.455,358.0,358.3,3743.6544,1
1787201400000,10.455,10.467,10.443,10.452,886.0,886.9,9270.5462,1
1787201700000,10.456,10.46,10.439,10.439,70.0,70.8,739.8792,1
1787202000000,10.439,10.451,10.437,10.44,232.0,232.0,2422.718,1
1787202300000,10.44,10.452,10.44,10.449,844.0,844.7,8823.5169,1
1787202600000,10.446,10.447,10.426,10.426,783.0,783.5,8181.0045,1
1787202900000,10.431,10.442,10.431,10.436,1121.0,1121.3,11704.3565,1
1787203200000,10.434,10.46,10.433,10.458,254.0,254.0,2653.467,1
1787203500000,10.459,10.463,10.438,10.438,1099.0,1099.8,11492.5632,1
1787203800000,10.438,10.44,10.425,10.434,194.0,194.0,2024.159,1
1787204100000,10.434,10.441,10.428,10.429,187.0,187.0,1951.241,1
1787204400000,10.429,10.431,10.422,10.425,589.0,589.2,6145.3842,1
1787204700000,10.425,10.432,10.413,10.413,170.0,170.0,1771.161,1
1787205000000,10.413,10.428,10.413,10.421,174.0,174.0,1813.179,1
1787205300000,10.421,10.455,10.421,10.449,1136.0,1136.8,11867.2282,1
1787205600000,10.455,10.47,10.449,10.457,654.0,654.6,6847.3407,1
1787205900000,10.456,10.474,10.453,10.458,344.0,344.7,3606.1406,1
1787206200000,10.456,10.479,10.449,10.472,1381.0,1381.2,14468.2418,1
1787206500000,10.464,10.479,10.451,10.479,455.0,455.3,4763.5915,1
1787206800000,10.476,10.479,10.456,10.467,707.0,707.1,7401.7867,1
1787207100000,10.469,10.469,10.45,10.456,265.0,265.8,2780.3777,1
1787207400000,10.46,10.495,10.46,10.495,1385.0,1385.9,14532.7956,1
1787207700000,10.493,10.527,10.489,10.526,1276.0,1276.7,13416.6209,1
1787208000000,10.527,10.549,10.527,10.549,705.0,705.4,7434.5552,1
1787208300000,10.55,10.569,10.548,10.565,753.0,753.7,7957.8409,1
1787208600000,10.565,10.58,10.559,10.572,443.0,443.3,4684.105,1
1787208900000,10.57,10.584,10.564,10.584,283.0,283.4,2996.8764,1
1787209200000,10.583,10.583,10.55,10.55,392.0,392.6,4150.0054,1
1787209500000,10.55,10.573,10.536,10.573,417.0,417.2,4403.4125,1
1787209800000,10.57,10.571,10.544,10.548,340.0,340.0,3589.594,1
1787210100000,10.547,10.547,10.526,10.533,1065.0,1065.7,11224.0874,1
1787210400000,10.533,10.545,10.529,10.529,245.0,245.1,2582.8454,1
1787210700000,10.534,10.546,10.533,10.543,127.0,127.0,1338.531,1
1787211000000,10.537,10.542,10.514,10.539,609.0,609.4,6412.306,1
1787211300000,10.536,10.536,10.523,10.524,324.0,324.7,3418.1348,1
1787211600000,10.524,10.528,10.515,10.525,193.0,193.4,2034.502,1
1787211900000,10.522,10.544,10.515,10.539,248.0,248.0,2610.742,1
1787212200000,10.539,10.549,10.539,10.545,219.0,219.1,2310.2544,1
1787212500000,10.547,10.553,10.537,10.542,844.0,844.9,8905.0048,1
1787212800000,10.545,10.55,10.535,10.55,328.0,328.0,3458.558,1
1787213100000,10.55,10.616,10.55,10.611,2267.0,2267.2,24042.8875,1
1787213400000,10.611,10.663,10.606,10.656,3739.0,3739.4,39743.1632,1
1787213700000,10.65,10.669,10.632,10.649,1155.0,1155.0,12294.9498,1
1787214000000,10.648,10.652,10.607,10.638,770.0,770.5,8192.1336,1
1787214300000,10.635,10.649,10.622,10.649,678.0,678.5,7216.5389,1
1787214600000,10.647,10.661,10.635,10.636,708.0,708.8,7545.4915,1
1787214900000,10.634,10.674,10.627,10.662,1406.0,1406.0,14991.835,1
1787215200000,10.668,10.68,10.649,10.68,4383.0,4383.3,46735.8446,1
1787215500000,10.679,10.696,10.676,10.694,916.0,916.4,9796.4486,1
1787215800000,10.692,10.696,10.68,10.685,384.0,384.1,4105.2604,1
1787216100000,10.684,10.689,10.655,10.655,334.0,334.5,3568.6304,1
1787216400000,10.657,10.673,10.65,10.663,635.0,635.5,6775.9367,1
1787216700000,10.663,10.677,10.645,10.654,1096.0,1096.0,11675.0272,1
1787217000000,10.65,10.678,10.648,10.677,1857.0,1857.4,19819.8965,1
1787217300000,10.673,10.674,10.632,10.657,26039.0,26039.5,277299.6481,1
1787217600000,10.656,10.671,10.65,10.671,923.0,923.3,9838.6594,1
1787217900000,10.671,10.671,10.633,10.634,1815.0,1815.7,19358.2794,1
1787218200000,10.634,10.64,10.618,10.622,949.0,949.0,10082.7506,1
1787218500000,10.622,10.652,10.621,10.639,387.0,387.1,4119.1738,1
1787218800000,10.638,10.65,10.638,10.646,411.0,411.6,4380.7601,1
1787219100000,10.646,10.646,10.619,10.619,346.0,346.4,3683.9449,1
1787219400000,10.619,10.62,10.574,10.574,1413.0,1413.1,14969.2562,1
1787219700000,10.574,10.585,10.566,10.578,296.0,296.1,3131.6984,1
1787220000000,10.582,10.604,10.569,10.592,559.0,559.6,5923.6244,1
1787220300000,10.59,10.611,10.588,10.608,962.0,962.6,10207.2686,1
1787220600000,10.606,10.624,10.601,10.624,194.0,194.2,2060.8159,1
1787220900000,10.622,10.648,10.622,10.647,1126.0,1126.8,11986.7751,1
1787221200000,10.647,10.656,10.638,10.644,2906.0,2906.1,30952.7364,1
1787221500000,10.638,10.66,10.634,10.66,319.0,319.0,3394.847,1
1787221800000,10.657,10.666,10.647,10.666,14743.0,14743.1,157159.0027,1
1787222100000,10.666,10.682,10.661,10.673,1005.0,1005.7,10729.9084,1
1787222400000,10.673,10.693,10.673,10.692,1991.0,1991.6,21284.0175,1
1787222700000,10.692,10.707,10.69,10.693,1880.0,1880.7,20122.0691,1
1787223000000,10.693,10.699,10.678,10.679,226.0,226.9,2425.8205,1
1787223300000,10.679,10.695,10.678,10.695,302.0,302.6,3232.8572,1
1787223600000,10.692,10.708,10.674,10.707,781.0,781.1,8356.1659,1
1787223900000,10.704,10.712,10.684,10.684,315.0,315.7,3376.8379,1
1787224200000,10.683,10.683,10.665,10.677,2381.0,2381.1,25411.3248,1
1787224500000,10.675,10.68,10.663,10.675,777.0,777.1,8292.5278,1
1787224800000,10.671,10.696,10.669,10.688,361.0,361.6,3861.8537,1
1787225100000,10.689,10.69,10.678,10.678,340.0,340.3,3635.7866,1
1787225400000,10.678,10.742,10.671,10.717,4103.0,4103.4,43989.3417,1
1787225700000,10.721,10.737,10.715,10.736,510.0,510.0,5470.069,1
1787226000000,10.737,10.756,10.728,10.731,637.0,637.8,6852.3647,1
1787226300000,10.728,10.748,10.727,10.746,579.0,579.8,6225.2143,1
1787226600000,10.75,10.758,10.704,10.704,71322.0,71322.5,765670.6695,1
1787226900000,10.704,10.708,10.658,10.66,725.0,725.9,7751.5491,1
1787227200000,10.663,10.678,10.633,10.637,1343.0,1343.1,14304.2891,1
1787227500000,10.639,10.647,10.592,10.601,1478.0,1478.8,15688.0607,1
1787227800000,10.603,10.627,10.597,10.597,602.0,602.6,6396.9386,1
1787228100000,10.593,10.61,10.58,10.584,645.0,645.8,6843.7534,1
1787228400000,10.586,10.586,10.566,10.584,14537.0,14537.3,153776.9757,1
1787228700000,10.583,10.583,10.56,10.574,587.0,587.3,6209.2171,1
1787229000000,10.573,10.585,10.556,10.557,862.0,862.4,9114.8205,1
1787229300000,10.561,10.561,10.536,10.558,2101.0,2101.6,22169.1609,1
1787229600000,10.558,10.573,10.553,10.56,3243.0,3243.9,34271.8209,1
1787229900000,10.561,10.564,10.523,10.539,2366.0,2366.0,24926.8017,1
1787230200000,10.542,10.586,10.542,10.584,2955.0,2955.8,31253.5414,1
1787230500000,10.584,10.6,10.584,10.591,1453.0,1453.5,15401.2527,1
1787230800000,10.594,10.63,10.589,10.625,1352.0,1352.1,14331.155,1
1787231100000,10.631,10.648,10.618,10.619,468.0,468.6,4984.3928,1
1787231400000,10.618,10.618,10.604,10.614,983.0,983.2,10435.3491,1
1787231700000,10.61,10.622,10.604,10.606,910.0,910.5,9665.5514,1
1787232000000,10.606,10.625,10.604,10.622,475.0,475.1,5042.83,1
1787232300000,10.615,10.615,10.592,10.598,900.0,900.9,9550.5069,1
1787232600000,10.6,10.6,10.537,10.558,2784.0,2784.4,29414.5581,1
1787232900000,10.562,10.583,10.518,10.557,3386.0,3386.7,35688.655,1
1787233200000,10.559,10.607,10.551,10.606,1894.0,1894.0,20045.5449,1
1787233500000,10.603,10.608,10.56,10.58,822.0,822.6,8704.1049,1
1787233800000,10.579,10.597,10.562,10.575,1559.0,1559.4,16485.2458,1
1787234100000,10.578,10.596,10.566,10.593,600.0,600.8,6358.1531,1
1787234400000,10.592,10.613,10.586,10.609,851.0,851.5,9025.0087,1
1787234700000,10.605,10.644,10.601,10.643,2801.0,2801.6,29766.4946,1
1787235000000,10.647,10.669,10.634,10.635,1787.0,1787.2,19045.8042,1
1787235300000,10.638,10.642,10.618,10.618,691.0,691.4,7349.2129,1
1787235600000,10.615,10.632,10.606,10.621,2380.0,2380.3,25277.4254,1
1787235900000,10.619,10.623,10.576,10.584,424.0,424.8,4503.5823,1
1787236200000,10.582,10.613,10.582,10.594,539.0,539.2,5714.6889,1
1787236500000,10.594,10.613,10.574,10.579,477.0,477.6,5058.0219,1
1787236800000,10.577,10.582,10.559,10.56,1196.0,1196.0,12635.0114,1
1787237100000,10.56,10.56,10.506,10.523,16107.0,16107.0,169340.0992,1
1787237400000,10.524,10.559,10.524,10.543,7946.0,7946.9,83751.8465,1
1787237700000,10.543,10.553,10.532,10.548,2606.0,2606.0,27478.5095,1
1787238000000,10.546,10.648,10.541,10.629,18301.0,18301.4,194293.5631,1
1787238300000,10.628,10.638,10.566,10.581,2133.0,2133.8,22615.0151,1
1787238600000,10.584,10.618,10.579,10.618,1403.0,1403.5,14869.5939,1
1787238900000,10.627,10.627,10.604,10.621,1426.0,1426.4,15144.65,1
1787239200000,10.62,10.648,10.589,10.589,1789.0,1789.4,19000.8278,1
1787239500000,10.589,10.648,10.589,10.647,1790.0,1790.8,19024.6963,1
1787239800000,10.647,10.713,10.638,10.683,6074.0,6074.3,64811.0425,1
1787240100000,10.68,10.68,10.648,10.651,948.0,948.4,10111.6922,1
1787240400000,10.654,10.669,10.651,10.654,3939.0,3939.9,41992.011,1
1787240700000,10.654,10.678,10.643,10.678,612.0,612.0,6524.4428,1
1787241000000,10.683,10.722,10.677,10.72,1711.0,1711.4,18320.9889,1
1787241300000,10.718,10.719,10.703,10.711,538.0,538.6,5768.8871,1
1787241600000,10.707,10.709,10.67,10.677,813.0,813.4,8693.4332,1
1787241900000,10.681,10.718,10.681,10.715,640.0,640.1,6849.3195,1
1787242200000,10.714,10.714,10.652,10.66,3206.0,3206.5,34239.3775,1
1787242500000,10.66,10.673,10.648,10.673,472.0,472.8,5038.9653,1
1787242800000,10.668,10.672,10.652,10.652,509.0,509.6,5432.9244,1
1787243100000,10.648,10.687,10.648,10.685,757.0,757.9,8081.417,1
1787243400000,10.681,10.722,10.663,10.721,2319.0,2319.9,24848.1725,1
1787243700000,10.721,10.744,10.715,10.734,1331.0,1331.0,14282.8224,1
1787244000000,10.734,10.801,10.734,10.787,11260.0,11260.4,121289.0724,1
1787244300000,10.787,10.797,10.752,10.757,35523.0,35523.6,382746.8729,1
1787244600000,10.755,10.772,10.752,10.758,929.0,929.0,9996.1725,1
1787244900000,10.757,10.781,10.752,10.765,550.0,550.9,5929.3252,1
1787245200000,10.768,10.776,10.759,10.769,1201.0,1201.6,12941.4074,1
1787245500000,10.774,10.809,10.752,10.794,2785.0,2785.7,30021.1737,1
1787245800000,10.794,10.8,10.771,10.793,791.0,791.3,8529.4573,1
1787246100000,10.797,10.797,10.741,10.741,1171.0,1171.5,12597.284,1
1787246400000,10.742,10.766,10.719,10.758,1991.0,1991.7,21406.8084,1
1787246700000,10.757,10.781,10.751,10.772,1265.0,1265.4,13632.823,1
1787247000000,10.771,10.781,10.754,10.766,1036.0,1036.7,11163.082,1
1787247300000,10.772,10.788,10.755,10.788,442.0,442.9,4770.1267,1
1787247600000,10.79,10.802,10.782,10.789,3041.0,3041.9,32807.8421,1
1787247900000,10.788,10.851,10.782,10.851,53890.0,53890.9,584064.5561,1
1787248200000,10.85,10.869,10.801,10.814,10936.0,10936.7,118567.7534,1
1787248500000,10.812,10.814,10.761,10.778,472.0,472.5,5095.5144,1
1787248800000,10.782,10.797,10.729,10.729,2384.0,2384.3,25663.2357,1
1787249100000,10.729,10.729,10.67,10.675,4565.0,4565.3,48832.926,1
1787249400000,10.669,10.678,10.643,10.671,5975.0,5975.8,63662.7273,1
1787249700000,10.67,10.693,10.638,10.685,1807.0,1807.8,19257.1995,1
1787250000000,10.69,10.721,10.689,10.721,7297.0,7297.1,78138.8157,1
1787250300000,10.721,10.721,10.682,10.682,4516.0,4516.4,48333.9571,1
1787250600000,10.678,10.691,10.634,10.634,1110.0,1110.9,11844.5712,1
1787250900000,10.634,10.678,10.634,10.669,751.0,751.0,8008.0622,1
1787251200000,10.671,10.687,10.652,10.683,1421.0,1421.9,15181.1152,1
1787251500000,10.682,10.682,10.655,10.655,671.0,671.9,7169.6085,1
1787251800000,10.654,10.675,10.648,10.652,537.0,537.1,5724.4192,1
1787252100000,10.648,10.659,10.608,10.619,591.0,591.4,6286.6658,1
1787252400000,10.617,10.628,10.598,10.622,41837.0,41837.2,443807.825,1
1787252700000,10.617,10.647,10.612,10.625,1067.0,1067.6,11340.156,1
1787253000000,10.629,10.639,10.623,10.627,317.0,317.0,3369.412,1
1787253300000,10.627,10.66,10.627,10.66,41933.0,41933.4,446464.8397,1
1787253600000,10.656,10.667,10.654,10.667,307.0,307.2,3274.6996,1
1787253900000,10.665,10.665,10.646,10.648,201.0,201.1,2142.4448,1
1787254200000,10.642,10.655,10.638,10.639,390.0,390.1,4153.8558,1
1787254500000,10.639,10.663,10.635,10.656,538.0,538.6,5736.3986,1
1787254800000,10.655,10.663,10.653,10.653,368.0,368.1,3922.7138,1
1787255100000,10.648,10.658,10.634,10.644,698.0,698.3,7428.4662,1
1787255400000,10.638,10.647,10.631,10.644,300.0,300.2,3193.7304,1
1787255700000,10.644,10.648,10.636,10.647,224.0,224.0,2383.917,1
1787256000000,10.648,10.672,10.648,10.663,304.0,304.2,3242.6671,1
1787256300000,10.664,10.668,10.629,10.633,330.0,330.7,3519.5217,1
1787256600000,10.633,10.653,10.632,10.632,388.0,388.6,4133.7955,1
1787256900000,10.636,10.636,10.616,10.63,587.0,587.5,6241.3274,1
1787257200000,10.63,10.659,10.624,10.659,231.0,231.2,2458.8511,1
1787257500000,10.662,10.672,10.63,10.633,5732.0,5732.7,61045.1438,1
1787257800000,10.634,10.651,10.632,10.635,7991.0,7991.2,85091.0563,1
1787258100000,10.635,10.646,10.621,10.621,208.0,208.2,2214.3003,1
1787258400000,10.621,10.628,10.608,10.616,6177.0,6177.6,65581.8474,1
1787258700000,10.615,10.633,10.615,10.631,5376.0,5376.0,57068.081,1
1787259000000,10.631,10.631,10.604,10.605,7010.0,7010.8,74418.8754,1
1787259300000,10.604,10.618,10.587,10.617,1703.0,1703.6,18043.1808,1
1787259600000,10.616,10.622,10.596,10.596,466.0,466.3,4950.5891,1
1787259900000,10.595,10.613,10.588,10.613,222.0,222.5,2358.543,1
1787260200000,10.612,10.618,10.608,10.608,1274.0,1274.3,13528.1659,1
1787260500000,10.611,10.619,10.591,10.591,280.0,280.2,2972.3531,1
1787260800000,10.591,10.591,10.568,10.578,353.0,353.0,3733.8465,1
1787261100000,10.576,10.587,10.55,10.55,1201.0,1201.0,12680.2049,1
1787261400000,10.55,10.575,10.546,10.575,1383.0,1383.1,14601.8027,1
1787261700000,10.575,10.588,10.555,10.555,206.0,206.5,2182.9119,1
1787262000000,10.553,10.573,10.553,10.573,706.0,706.3,7462.1147,1
1787262300000,10.573,10.573,10.556,10.557,97.0,97.5,1029.7187,1
1787262600000,10.557,10.566,10.547,10.565,153.0,153.0,1615.661,1
1787262900000,10.561,10.568,10.543,10.568,7579.0,7579.6,79998.5607,1
1787263200000,10.564,10.565,10.5,10.523,2970.0,2970.4,31255.9276,1
1787263500000,10.52,10.555,10.52,10.528,539.0,539.1,5680.5145,1
1787263800000,10.526,10.544,10.516,10.524,1426.0,1426.8,15023.8456,1
1787264100000,10.524,10.537,10.515,10.519,747.0,747.1,7863.0449,1
1787264400000,10.521,10.572,10.521,10.565,1658.0,1658.9,17509.6036,1
1787264700000,10.569,10.589,10.567,10.588,547.0,547.7,5791.2923,1
1787265000000,10.589,10.605,10.578,10.604,871.0,871.5,9233.6735,1
1787265300000,10.607,10.621,10.604,10.621,776.0,776.8,8245.1949,1
1787265600000,10.61,10.616,10.591,10.591,1888.0,1888.4,20016.8774,1
1787265900000,10.592,10.609,10.592,10.606,324.0,324.2,3437.2604,1
1787266200000,10.606,10.625,10.604,10.612,370.0,370.8,3937.2767,1
1787266500000,10.612,10.62,10.599,10.616,2725.0,2725.8,28919.2801,1
1787266800000,10.615,10.623,10.602,10.622,267.0,267.1,2834.5988,1
1787267100000,10.621,10.621,10.605,10.616,128.0,128.0,1358.518,1
1787267400000,10.616,10.623,10.613,10.617,1285.0,1285.7,13652.909,1
1787267700000,10.617,10.655,10.615,10.654,1893.0,1893.4,20131.7161,1
1787268000000,10.66,10.678,10.654,10.673,1756.0,1756.7,18738.9373,1
1787268300000,10.674,10.708,10.674,10.705,1312.0,1312.9,14047.4269,1
1787268600000,10.706,10.712,10.693,10.693,1388.0,1388.8,14869.7316,1
1787268900000,10.684,10.689,10.67,10.689,1133.0,1133.5,12100.7848,1
1787269200000,10.692,10.692,10.665,10.666,1316.0,1316.5,14060.2532,1
1787269500000,10.663,10.678,10.658,10.677,276.0,276.2,2947.4996,1
1787269800000,10.677,10.692,10.673,10.691,706.0,706.7,7546.1614,1
1787270100000,10.691,10.691,10.684,10.686,760.0,760.4,8126.0348,1
1787270400000,10.689,10.699,10.68,10.684,1144.0,1144.4,12240.6351,1
1787270700000,10.685,10.705,10.685,10.701,890.0,890.1,9518.1406,1
1787271000000,10.701,10.722,10.698,10.72,1339.0,1339.8,14356.0978,1
1787271300000,10.72,10.774,10.716,10.762,661.0,661.5,7106.5606,1
1787271600000,10.761,10.779,10.749,10.769,2293.0,2293.4,24684.9221,1
1787271900000,10.77,10.782,10.752,10.754,2047.0,2047.6,22046.2053,1
1787272200000,10.76,10.782,10.752,10.766,715.0,715.0,7698.3524,1
1787272500000,10.766,10.77,10.747,10.766,619.0,619.1,6660.7292,1
1787272800000,10.766,10.774,10.744,10.77,1207.0,1207.0,12979.0095,1
1787273100000,10.769,10.787,10.76,10.785,1530.0,1530.9,16489.9669,1
1787273400000,10.783,10.783,10.757,10.762,411.0,411.1,4427.9337,1
1787273700000,10.76,10.762,10.737,10.759,594.0,594.5,6388.1324,1
1787274000000,10.757,10.783,10.74,10.776,917.0,917.2,9880.4987,1
1787274300000,10.777,10.787,10.767,10.787,416.0,416.3,4485.9937,1
1787274600000,10.783,10.785,10.77,10.776,1840.0,1840.4,19841.3782,1
1787274900000,10.775,10.819,10.767,10.78,2259.0,2259.4,24401.3425,1
1787275200000,10.783,10.783,10.706,10.726,4125.0,4125.3,44218.6057,1
1787275500000,10.723,10.746,10.708,10.746,1183.0,1183.2,12688.2655,1
1787275800000,10.748,10.797,10.744,10.791,1241.0,1241.5,13371.4767,1
1787276100000,10.79,10.791,10.761,10.778,1438.0,1438.2,15491.4066,1
1787276400000,10.782,10.795,10.771,10.777,388.0,388.5,4189.0957,1
1787276700000,10.776,10.85,10.775,10.844,3216.0,3216.7,34808.661,1
1787277000000,10.839,10.886,10.827,10.881,15519.0,15519.2,168762.7286,1
1787277300000,10.88,10.885,10.827,10.827,24856.0,24856.7,269667.3084,1
1787277600000,10.827,10.827,10.769,10.79,5493.0,5493.1,59309.9556,1
1787277900000,10.793,10.825,10.773,10.815,4238.0,4238.1,45851.226,1
1787278200000,10.813,10.826,10.77,10.826,6267.0,6267.3,67615.0258,1
1787278500000,10.826,10.856,10.813,10.84,666.0,666.7,7224.357,1
1787278800000,10.833,10.845,10.818,10.841,689.0,689.8,7471.4134,1
1787279100000,10.841,10.982,10.841,10.908,7599.0,7599.1,83012.0071,1
1787279400000,10.918,10.932,10.847,10.908,51206.0,51206.8,559323.1731,1
1787279700000,10.907,10.942,10.885,10.938,44970.0,44970.8,490645.9415,1
1787280000000,10.936,10.991,10.936,10.945,41366.0,41366.2,454145.9898,1
1787280300000,10.947,10.947,10.902,10.912,3255.0,3255.1,35575.4206,1
1787280600000,10.906,10.915,10.88,10.88,16224.0,16224.3,176857.0427,1
1787280900000,10.872,10.886,10.856,10.876,2025.0,2025.2,21999.9584,1
1787281200000,10.876,10.931,10.872,10.91,789.0,789.0,8605.276,1
1787281500000,10.897,10.915,10.875,10.915,1671.0,1671.6,18198.7743,1
1787281800000,10.916,10.957,10.916,10.941,621.0,621.7,6802.7461,1
1787282100000,10.948,10.985,10.941,10.961,1791.0,1791.7,19667.2298,1
1787282400000,10.961,10.986,10.939,10.964,529.0,529.0,5800.9086,1
1787282700000,10.965,10.99,10.956,10.979,772.0,772.0,8468.5589,1
1787283000000,10.975,11.033,10.966,11.001,3928.0,3928.4,43241.9809,1
1787283300000,11.001,11.024,10.936,10.939,2570.0,2570.0,28141.9462,1
1787283600000,10.939,10.966,10.932,10.936,2841.0,2841.9,31122.0083,1
1787283900000,10.931,10.969,10.931,10.943,1672.0,1672.5,18301.9827,1
1787284200000,10.946,10.96,10.93,10.931,1698.0,1698.1,18576.4386,1
1787284500000,10.934,10.96,10.905,10.906,21299.0,21299.7,233253.8226,1
1787284800000,10.906,10.967,10.906,10.954,5442.0,5442.0,59434.7767,1
1787285100000,10.952,10.966,10.919,10.966,3600.0,3600.6,39359.7897,1
1787285400000,10.968,10.968,10.898,10.898,2225.0,2225.0,24300.8401,1
1787285700000,10.903,10.916,10.895,10.902,342.0,342.8,3738.2282,1
1787286000000,10.905,10.905,10.886,10.891,402.0,402.7,4385.8058,1
1787286300000,10.887,10.887,10.86,10.877,1201.0,1201.6,13061.95,1
1787286600000,10.871,10.9,10.86,10.892,429.0,429.5,4672.4769,1
1787286900000,10.897,10.914,10.897,10.904,20267.0,20267.1,220912.6471,1
1787287200000,10.905,10.92,10.893,10.919,849.0,849.0,9257.3443,1
1787287500000,10.919,10.93,10.904,10.914,308.0,308.1,3363.4787,1
1787287800000,10.915,10.929,10.913,10.917,407.0,407.6,4451.1624,1
1787288100000,10.917,10.917,10.897,10.9,421.0,421.9,4600.4824,1
1787288400000,10.9,10.901,10.871,10.876,275.0,275.2,2996.7039,1
1787288700000,10.877,10.915,10.876,10.903,316.0,316.1,3445.6231,1
1787289000000,10.902,10.925,10.902,10.924,331.0,331.1,3613.7766,1
1787289300000,10.925,10.939,10.918,10.927,512.0,512.9,5604.6497,1
1787289600000,10.928,10.929,10.894,10.9,11528.0,11528.6,125638.9917,1
1787289900000,10.901,10.901,10.861,10.877,9603.0,9603.7,104672.3584,1
1787290200000,10.87,10.876,10.86,10.871,450.0,450.7,4897.3764,1
1787290500000,10.873,10.886,10.86,10.886,643.0,643.4,6992.568,1
1787290800000,10.885,10.912,10.885,10.896,1528.0,1528.4,16651.2702,1
1787291100000,10.897,10.92,10.897,10.914,891.0,891.3,9727.77,1
1787291400000,10.915,10.934,10.914,10.931,591.0,591.7,6463.2983,1
1787291700000,10.932,10.957,10.93,10.937,1088.0,1088.0,11907.0773,1
1787292000000,10.938,10.96,10.925,10.959,588.0,588.8,6442.6449,1
1787292300000,10.96,10.989,10.958,10.982,3060.0,3060.5,33581.8177,1
1787292600000,10.986,10.989,10.969,10.986,640.0,640.0,7029.0349,1
1787292900000,10.989,11.023,10.989,11.018,812.0,812.6,8947.1829,1
1787293200000,11.015,11.019,10.945,10.965,653.0,653.3,7177.1683,1
1787293500000,10.967,11.004,10.967,10.998,782.0,782.9,8607.0512,1
1787293800000,10.996,11.064,10.996,11.05,4862.0,4862.3,53661.911,1
1787294100000,11.048,11.052,11.006,11.008,23008.0,23008.3,253861.1134,1
1787294400000,11.009,11.012,10.969,10.996,1392.0,1392.5,15300.0731,1
1787294700000,10.997,10.998,10.932,10.975,1048.0,1048.7,11488.9413,1
1787295000000,10.981,10.983,10.951,10.951,336.0,336.1,3684.738,1
1787295300000,10.957,10.975,10.953,10.967,396.0,396.8,4350.6616,1
1787295600000,10.967,11.013,10.963,11.005,984.0,984.4,10817.2573,1
1787295900000,11.009,11.057,11.008,11.044,2842.0,2842.0,31409.3002,1
1787296200000,11.046,11.102,11.043,11.099,2300.0,2300.4,25460.1663,1
1787296500000,11.096,11.316,11.092,11.295,2633.0,2633.5,29568.8758,1
1787296800000,11.295,11.305,11.288,11.305,861.0,861.0,9722.9924,1
1787297100000,11.3,11.6,11.299,11.587,13947.0,13947.9,160467.5648,1
1787297400000,11.593,11.845,11.588,11.644,81837.0,81837.8,956918.5095,1
1787297700000,11.644,11.692,11.57,11.645,44667.0,44667.5,520329.5829,1
1787298000000,11.645,11.66,11.571,11.599,1116.0,1116.6,12954.4595,1
1787298300000,11.585,11.613,11.547,11.557,4395.0,4395.5,50901.1613,1
1787298600000,11.558,11.575,11.515,11.535,20969.0,20969.4,241624.8777,1
1787298900000,11.535,11.584,11.533,11.544,1398.0,1398.8,16164.0183,1
1787299200000,11.549,11.593,11.526,11.557,63383.0,63383.7,734260.3167,1
1787299500000,11.558,11.596,11.53,11.595,721.0,721.2,8338.0228,1
1787299800000,11.595,11.595,11.46,11.506,41066.0,41066.7,471088.2544,1
1787300100000,11.506,11.581,11.506,11.573,1396.0,1396.2,16136.3646,1
1787300400000,11.572,11.599,11.555,11.561,1654.0,1654.8,19152.989,1
1787300700000,11.565,11.592,11.565,11.583,1316.0,1316.3,15233.6911,1
1787301000000,11.576,11.578,11.525,11.553,2167.0,2167.7,25047.7253,1
1787301300000,11.547,11.628,11.547,11.624,17052.0,17052.0,197355.4842,1
1787301600000,11.627,11.658,11.614,11.614,9311.0,9311.7,108403.6802,1
1787301900000,11.614,11.664,11.607,11.65,14174.0,14174.4,165100.3511,1
1787302200000,11.65,11.718,11.65,11.717,1198.0,1198.0,14010.0376,1
1787302500000,11.717,11.749,11.677,11.729,3151.0,3151.2,36923.2922,1
1787302800000,11.726,11.735,11.501,11.506,55568.0,55568.5,643719.8441,1
1787303100000,11.512,11.54,11.326,11.419,8131.0,8131.7,92798.8885,1
1787303400000,11.424,11.465,11.414,11.422,6611.0,6611.1,75646.3546,1
1787303700000,11.422,11.422,11.361,11.37,3457.0,3457.6,39343.5214,1
1787304000000,11.378,11.38,11.348,11.361,2438.0,2438.3,27713.9826,1
1787304300000,11.365,11.445,11.363,11.433,1138.0,1138.3,12976.2568,1
1787304600000,11.432,11.48,11.402,11.479,83109.0,83109.2,950898.9267,1
1787304900000,11.479,11.488,11.451,11.488,1013.0,1013.1,11619.8901,1
1787305200000,11.494,11.534,11.484,11.527,15197.0,15197.0,174652.6949,1
1787305500000,11.527,11.555,11.523,11.555,1242.0,1242.5,14341.1919,1
1787305800000,11.561,11.562,11.511,11.511,680.0,680.2,7847.591,1
1787306100000,11.511,11.519,11.421,11.477,3624.0,3624.3,41517.7126,1
1787306400000,11.477,11.48,11.454,11.459,1027.0,1027.4,11782.2552,1
1787306700000,11.461,11.48,11.421,11.422,15839.0,15839.4,181602.4292,1
1787307000000,11.423,11.457,11.406,11.422,653.0,653.4,7468.2801,1
1787307300000,11.425,11.48,11.424,11.48,1122.0,1122.5,12869.1297,1
1787307600000,11.479,11.48,11.421,11.421,1473.0,1473.1,16865.8718,1
1787307900000,11.422,11.43,11.349,11.378,1754.0,1754.6,19978.2708,1
1787308200000,11.38,11.387,11.34,11.353,1422.0,1422.1,16147.1403,1
1787308500000,11.356,11.394,11.343,11.394,1541.0,1541.2,17494.1175,1
1787308800000,11.393,11.419,11.383,11.419,1141.0,1141.4,13012.1429,1
1787309100000,11.42,11.439,11.407,11.408,873.0,873.2,9977.9984,1
1787309400000,11.406,11.435,11.391,11.435,1120.0,1120.6,12776.5531,1
1787309700000,11.436,11.45,11.395,11.412,570.0,570.4,6515.8708,1
1787310000000,11.408,11.413,11.351,11.396,2110.0,2110.6,24010.5115,1
1787310300000,11.394,11.404,11.38,11.381,652.0,652.3,7431.3112,1
1787310600000,11.384,11.389,11.312,11.373,1884.0,1884.7,21418.5869,1
1787310900000,11.365,11.391,11.361,11.361,915.0,915.3,10412.8612,1
1787311200000,11.361,11.404,11.361,11.399,1425.0,1425.8,16235.9909,1
1787311500000,11.399,11.418,11.389,11.405,1748.0,1748.1,19935.4745,1
1787311800000,11.405,11.418,11.25,11.251,3154.0,3154.4,35759.5865,1
1787312100000,11.25,11.329,11.25,11.322,1036.0,1036.3,11705.7546,1
1787312400000,11.319,11.335,11.272,11.275,976.0,976.3,11034.9451,1
1787312700000,11.272,11.295,11.228,11.24,8057.0,8057.4,90552.9948,1
1787313000000,11.242,11.31,11.234,11.309,12030.0,12030.0,135917.4819,1
1787313300000,11.31,11.313,11.261,11.274,1791.0,1791.8,20234.8203,1
1787313600000,11.287,11.287,11.243,11.264,2238.0,2238.5,25206.8213,1
1787313900000,11.264,11.31,11.262,11.298,1832.0,1832.3,20680.2975,1
1787314200000,11.296,11.324,11.272,11.313,1279.0,1279.4,14450.2686,1
1787314500000,11.313,11.322,11.297,11.302,740.0,740.4,8372.3063,1
1787314800000,11.302,11.31,11.287,11.3,653.0,653.9,7386.3007,1
1787315100000,11.293,11.317,11.287,11.306,280.0,280.0,3164.193,1
1787315400000,11.306,11.308,11.287,11.295,1423.0,1423.4,16083.5138,1
1787315700000,11.302,11.369,11.302,11.369,1200.0,1200.3,13618.0923,1
1787316000000,11.366,11.394,11.364,11.394,599.0,599.8,6824.2253,1
1787316300000,11.392,11.404,11.363,11.374,1325.0,1325.6,15103.4766,1
1787316600000,11.379,11.386,11.346,11.354,1098.0,1098.3,12483.8649,1
1787316900000,11.354,11.371,11.346,11.371,468.0,468.0,5314.7068,1
1787317200000,11.369,11.371,11.346,11.37,403.0,403.0,4576.346,1
1787317500000,11.373,11.385,11.362,11.368,729.0,729.4,8294.5606,1
1787317800000,11.361,11.361,11.32,11.346,1261.0,1261.1,14296.5698,1
1787318100000,11.346,11.349,11.302,11.322,592.0,592.2,6709.0894,1
1787318400000,11.32,11.32,11.302,11.303,1044.0,1044.9,11812.9275,1
1787318700000,11.304,11.358,11.304,11.345,922.0,922.4,10464.7488,1
1787319000000,11.342,11.345,11.272,11.303,2169.0,2169.3,24512.2691,1
1787319300000,11.304,11.344,11.287,11.343,1758.0,1758.2,19903.814,1
1787319600000,11.344,11.426,11.331,11.426,2673.0,2673.1,30462.839,1
1787319900000,11.425,11.463,11.421,11.455,8190.0,8190.4,93661.7787,1
1787320200000,11.458,11.477,11.423,11.432,7873.0,7873.3,90121.8159,1
1787320500000,11.429,11.446,11.411,11.413,6859.0,6859.2,78434.1548,1
1787320800000,11.416,11.42,11.336,11.336,9014.0,9014.5,102763.8881,1
1787321100000,11.335,11.387,11.335,11.381,857.0,857.9,9752.7642,1
1787321400000,11.383,11.396,11.361,11.377,942.0,942.4,10726.3047,1
1787321700000,11.379,11.403,11.321,11.323,3713.0,3713.8,42098.0339,1
1787322000000,11.321,11.369,11.306,11.369,2519.0,2519.2,28530.87,1
1787322300000,11.367,11.426,11.363,11.426,1632.0,1632.9,18631.8931,1
1787322600000,11.427,11.455,11.424,11.437,2295.0,2295.0,26254.3556,1
1787322900000,11.437,11.45,11.406,11.406,1403.0,1403.4,16041.6388,1
1787323200000,11.407,11.436,11.395,11.436,1243.0,1243.4,14184.7093,1
1787323500000,11.438,11.492,11.438,11.482,4019.0,4019.6,46087.1942,1
1787323800000,11.482,11.495,11.478,11.482,889.0,889.0,10209.9705,1
1787324100000,11.483,11.515,11.482,11.514,4251.0,4251.8,48866.3664,1
1787324400000,11.511,11.515,11.492,11.514,35131.0,35131.8,404131.7867,1
1787324700000,11.511,11.564,11.506,11.564,1504.0,1504.7,17351.0387,1
1787325000000,11.568,11.591,11.558,11.582,41075.0,41075.0,475620.3368,1
1787325300000,11.588,11.629,11.505,11.525,28978.0,28978.4,335807.0807,1
1787325600000,11.512,11.544,11.51,11.523,2200.0,2200.6,25380.2577,1
1787325900000,11.535,11.552,11.513,11.522,1363.0,1363.7,15729.3531,1
1787326200000,11.517,11.53,11.48,11.491,1587.0,1587.7,18284.1008,1
1787326500000,11.496,11.539,11.496,11.527,691.0,691.8,7972.0017,1
1787326800000,11.522,11.529,11.497,11.508,924.0,924.5,10642.1615,1
1787327100000,11.513,11.539,11.496,11.496,742.0,742.6,8553.9234,1
1787327400000,11.496,11.51,11.48,11.51,1098.0,1098.1,12625.8148,1
1787327700000,11.51,11.521,11.496,11.518,1058.0,1058.0,12171.1607,1
1787328000000,11.521,11.554,11.521,11.553,1110.0,1110.3,12812.9653,1
1787328300000,11.554,11.565,11.472,11.501,4054.0,4054.2,46614.253,1
1787328600000,11.501,11.534,11.43,11.433,3909.0,3909.9,44834.5569,1
1787328900000,11.427,11.495,11.406,11.485,8600.0,8600.0,98528.5522,1
1787329200000,11.486,11.495,11.466,11.473,1911.0,1911.0,21936.7766,1
1787329500000,11.468,11.532,11.465,11.531,12407.0,12407.2,142854.7563,1
1787329800000,11.532,11.587,11.532,11.555,3726.0,3726.2,43106.8051,1
1787330100000,11.555,11.567,11.534,11.564,1358.0,1358.5,15688.2832,1
1787330400000,11.565,11.573,11.542,11.566,886.0,886.7,10250.7315,1
1787330700000,11.565,11.615,11.56,11.613,3013.0,3013.8,34949.9228,1
1787331000000,11.615,11.615,11.555,11.555,5324.0,5324.0,61743.938,1
1787331300000,11.555,11.563,11.531,11.545,488.0,488.6,5643.2253,1
1787331600000,11.542,11.569,11.536,11.541,1665.0,1665.0,19225.7972,1
1787331900000,11.544,11.569,11.53,11.568,1467.0,1467.6,16944.4466,1
1787332200000,11.568,11.576,11.533,11.543,929.0,929.1,10745.7695,1
1787332500000,11.544,11.544,11.496,11.501,910.0,910.3,10490.1394,1
1787332800000,11.498,11.518,11.475,11.478,735.0,735.6,8451.804,1
1787333100000,11.483,11.544,11.483,11.541,2697.0,2697.0,31045.7756,1
1787333400000,11.535,11.562,11.528,11.556,684.0,684.1,7899.2982,1
1787333700000,11.553,11.578,11.525,11.578,516.0,516.1,5960.6399,1
1787334000000,11.566,11.614,11.566,11.612,1752.0,1752.1,20331.2685,1
1787334300000,11.612,11.647,11.6,11.607,4890.0,4890.2,56838.9588,1
1787334600000,11.614,11.629,11.599,11.619,3523.0,3523.8,40890.6009,1
1787334900000,11.612,11.629,11.608,11.61,1138.0,1138.5,13232.8603,1
1787335200000,11.612,11.619,11.604,11.616,735.0,735.8,8544.249,1
1787335500000,11.617,11.651,11.569,11.569,93946.0,93946.6,1092349.1894,1
1787335800000,11.569,11.613,11.556,11.602,2297.0,2297.1,26607.2931,1
1787336100000,11.602,11.64,11.597,11.639,779.0,779.6,9060.9011,1
1787336400000,11.64,11.66,11.639,11.644,637.0,637.6,7426.8773,1
1787336700000,11.65,11.658,11.636,11.644,456.0,456.2,5314.4452,1
1787337000000,11.639,11.651,11.629,11.645,589.0,589.9,6865.4001,1
1787337300000,11.64,11.64,11.588,11.6,2194.0,2194.1,25462.9836,1
1787337600000,11.601,11.608,11.567,11.573,1591.0,1591.8,18443.8366,1
1787337900000,11.574,11.574,11.498,11.498,3230.0,3230.3,37278.6537,1
1787338200000,11.508,11.569,11.508,11.558,1445.0,1445.0,16696.3279,1
1787338500000,11.559,11.593,11.552,11.592,1888.0,1888.4,21850.9313,1
1787338800000,11.591,11.591,11.515,11.528,2386.0,2386.6,27570.2293,1
1787339100000,11.536,11.614,11.529,11.611,2818.0,2818.7,32685.1884,1
1787339400000,11.61,11.645,11.591,11.635,946.0,946.1,10985.9283,1
1787339700000,11.639,11.643,11.58,11.595,471.0,471.3,5468.0689,1
1787340000000,11.587,11.614,11.584,11.614,395.0,395.6,4588.7644,1
1787340300000,11.614,11.644,11.614,11.641,522.0,522.7,6082.1102,1
1787340600000,11.64,11.682,11.636,11.668,2656.0,2656.8,30973.2599,1
1787340900000,11.673,11.683,11.644,11.663,1212.0,1212.7,14143.033,1
1787341200000,11.658,11.659,11.614,11.622,444.0,444.4,5168.9876,1
1787341500000,11.623,11.643,11.6,11.642,426.0,426.1,4950.9342,1
1787341800000,11.639,11.65,11.622,11.634,1309.0,1309.3,15229.4524,1
1787342100000,11.628,11.658,11.615,11.657,475.0,475.2,5527.4274,1
1787342400000,11.658,11.697,11.63,11.696,1855.0,1855.5,21648.1859,1
1787342700000,11.696,11.707,11.67,11.692,37369.0,37369.1,436570.5222,1
1787343000000,11.694,11.721,11.676,11.683,38511.0,38511.6,450520.2521,1
1787343300000,11.685,11.742,11.685,11.737,16458.0,16458.8,192678.6024,1
1787343600000,11.736,11.796,11.72,11.777,3074.0,3074.6,36137.087,1
1787343900000,11.763,11.81,11.747,11.81,18563.0,18563.8,218229.9829,1
1787344200000,11.812,11.829,11.777,11.792,9286.0,9286.7,109729.1719,1
1787344500000,11.785,11.785,11.7,11.734,2510.0,2510.8,29459.5732,1
1787344800000,11.737,11.788,11.735,11.774,31413.0,31413.0,369666.4027,1
1787345100000,11.772,11.773,11.736,11.758,11889.0,11889.4,139804.747,1
1787345400000,11.757,11.791,11.757,11.768,1121.0,1121.6,13208.4738,1
1787345700000,11.763,11.798,11.762,11.798,360.0,360.1,4243.8858,1
1787346000000,11.8,11.895,11.8,11.875,59731.0,59731.6,708177.1841,1
1787346300000,11.875,11.875,11.807,11.831,8982.0,8982.0,106481.5206,1
1787346600000,11.83,11.93,11.823,11.91,1983.0,1983.6,23584.5736,1
1787346900000,11.913,11.954,11.906,11.94,57374.0,57374.9,685200.4548,1
1787347200000,11.941,11.995,11.938,11.994,3531.0,3531.1,42226.2392,1
1787347500000,11.993,11.998,11.951,11.961,5539.0,5539.4,66339.5288,1
1787347800000,11.974,12.098,11.971,12.078,22563.0,22563.6,271945.0099,1
1787348100000,12.076,12.097,12.008,12.012,35933.0,35933.0,433387.1844,1
1787348400000,12.017,12.077,12.017,12.05,4626.0,4626.7,55754.8908,1
1787348700000,12.05,12.05,12.012,12.022,1420.0,1420.2,17081.4615,1
1787349000000,12.026,12.193,12.012,12.134,8692.0,8692.7,105709.696,1
1787349300000,12.126,12.174,12.099,12.164,16377.0,16377.6,199221.1006,1
1787349600000,12.165,12.254,12.107,12.244,3855.0,3855.4,46997.3566,1
1787349900000,12.233,12.305,12.22,12.285,12646.0,12646.2,155015.8963,1
1787350200000,12.295,12.399,12.277,12.399,11568.0,11568.4,142833.866,1
1787350500000,12.398,12.402,12.255,12.365,5039.0,5039.1,62213.8215,1
1787350800000,12.359,12.359,12.245,12.255,7695.0,7695.2,94440.6976,1
1787351100000,12.254,12.267,12.197,12.204,3164.0,3164.4,38666.3839,1
1787351400000,12.212,12.244,12.144,12.172,2784.0,2784.7,33925.5949,1
1787351700000,12.171,12.226,12.171,12.21,1390.0,1390.5,16949.3398,1
1787352000000,12.21,12.276,12.21,12.246,2669.0,2669.9,32717.1488,1
1787352300000,12.244,12.248,12.17,12.17,3272.0,3272.9,39952.9575,1
1787352600000,12.164,12.218,12.126,12.188,4499.0,4499.8,54699.4132,1
1787352900000,12.188,12.219,12.171,12.195,2238.0,2238.8,27289.0716,1
1787353200000,12.202,12.223,12.159,12.176,703.0,703.0,8562.512,1
1787353500000,12.179,12.179,12.142,12.158,2432.0,2432.2,29579.0927,1
1787353800000,12.161,12.171,12.139,12.145,2454.0,2454.2,29844.7714,1
1787354100000,12.145,12.176,12.14,12.15,3671.0,3671.9,44619.6998,1
1787354400000,12.15,12.197,12.147,12.167,1167.0,1167.0,14201.6742,1
1787354700000,12.162,12.179,12.113,12.121,1706.0,1706.5,20703.2071,1
1787355000000,12.129,12.135,12.067,12.081,6775.0,6775.3,82002.7228,1
1787355300000,12.083,12.083,12.025,12.04,6888.0,6888.9,82981.2061,1
1787355600000,12.041,12.093,12.024,12.082,4208.0,4208.1,50665.0849,1
1787355900000,12.084,12.092,12.034,12.043,2585.0,2585.5,31161.5417,1
1787356200000,12.044,12.044,11.998,12.005,4112.0,4112.8,49382.1064,1
1787356500000,12.003,12.033,11.975,11.996,3706.0,3706.9,44534.3424,1
1787356800000,11.996,12.019,11.941,11.971,14919.0,14919.8,179089.8611,1
1787357100000,11.97,11.971,11.866,11.917,3351.0,3351.6,39866.8198,1
1787357400000,11.924,11.968,11.921,11.968,757.0,757.9,9050.4549,1
1787357700000,11.966,11.992,11.949,11.986,1201.0,1201.3,14382.7043,1
1787358000000,11.991,12.014,11.98,12.013,2335.0,2335.9,28015.9464,1
1787358300000,12.013,12.039,11.969,11.969,39746.0,39746.9,477142.8012,1
1787358600000,11.971,12.006,11.965,11.965,1116.0,1116.5,13382.7965,1
1787358900000,11.967,12.022,11.957,12.016,1518.0,1518.7,18183.4793,1
1787359200000,12.015,12.035,11.992,12.032,10556.0,10556.3,126863.1255,1
1787359500000,12.029,12.048,12.006,12.047,1777.0,1777.4,21367.4246,1
1787359800000,12.047,12.082,12.047,12.067,1253.0,1253.1,15124.352,1
1787360100000,12.063,12.1,12.063,12.094,643.0,643.8,7780.7954,1
1787360400000,12.093,12.116,12.074,12.116,1880.0,1880.3,22757.1107,1
1787360700000,12.117,12.138,12.087,12.1,9768.0,9768.0,118266.4494,1
1787361000000,12.1,12.12,12.086,12.107,665.0,665.0,8048.93,1
1787361300000,12.11,12.138,12.09,12.09,6198.0,6198.2,75180.8892,1
1787361600000,12.097,12.1,12.033,12.054,2226.0,2226.0,26854.9385,1
1787361900000,12.059,12.076,12.044,12.05,1530.0,1530.1,18450.7453,1
1787362200000,12.051,12.085,12.036,12.078,823.0,823.2,9927.2034,1
1787362500000,12.077,12.098,12.067,12.071,1442.0,1442.9,17431.9033,1
1787362800000,12.071,12.077,12.032,12.033,688.0,688.6,8305.4531,1
1787363100000,12.026,12.07,12.024,12.024,795.0,795.8,9585.2206,1
1787363400000,12.017,12.044,12.002,12.044,547.0,547.3,6578.0354,1
1787363700000,12.047,12.062,12.013,12.014,973.0,973.7,11726.3393,1
1787364000000,12.013,12.082,12.013,12.051,823.0,823.2,9908.8696,1
1787364300000,12.046,12.073,12.044,12.057,1026.0,1026.1,12381.5482,1
1787364600000,12.053,12.064,12.029,12.058,531.0,531.1,6400.557,1
1787364900000,12.058,12.085,12.022,12.07,40045.0,40045.4,482355.2529,1
1787365200000,12.071,12.095,12.069,12.08,1745.0,1745.7,21084.1875,1
1787365500000,12.08,12.125,12.08,12.122,12611.0,12611.1,152692.1154,1
1787365800000,12.124,12.159,12.118,12.13,1543.0,1543.4,18731.1687,1
1787366100000,12.129,12.129,12.067,12.116,1110.0,1110.6,13430.5359,1
1787366400000,12.12,12.164,12.12,12.158,1845.0,1845.2,22405.9676,1
1787366700000,12.164,12.174,12.122,12.158,3267.0,3267.0,39710.0202,1
1787367000000,12.162,12.174,12.146,12.169,1024.0,1024.1,12448.3436,1
1787367300000,12.169,12.222,12.169,12.22,1140.0,1140.7,13914.3211,1
1787367600000,12.219,12.227,12.172,12.19,5027.0,5027.6,61374.3839,1
1787367900000,12.192,12.244,12.192,12.224,2216.0,2216.5,27103.1494,1
1787368200000,12.221,12.221,12.188,12.198,1699.0,1699.7,20738.9712,1
1787368500000,12.204,12.32,12.197,12.319,3068.0,3068.8,37675.3555,1
1787368800000,12.32,12.42,12.316,12.359,5022.0,5022.9,62043.3038,1
1787369100000,12.361,12.414,12.352,12.403,4835.0,4835.6,59944.3878,1
1787369400000,12.411,12.462,12.372,12.447,3028.0,3028.6,37649.3722,1
1787369700000,12.45,12.465,12.418,12.422,13152.0,13152.1,163429.2656,1
1787370000000,12.426,12.447,12.339,12.373,2336.0,2336.1,28944.7419,1
1787370300000,12.366,12.445,12.348,12.435,3696.0,3696.4,45862.3032,1
1787370600000,12.437,12.46,12.423,12.427,6281.0,6281.6,78196.5864,1
1787370900000,12.422,12.446,12.341,12.377,1813.0,1813.6,22439.7159,1
1787371200000,12.383,12.406,12.334,12.397,2559.0,2559.7,31654.0082,1
1787371500000,12.401,12.438,12.393,12.416,1009.0,1009.4,12537.7742,1
1787371800000,12.41,12.436,12.393,12.408,665.0,665.8,8263.9465,1
1787372100000,12.404,12.404,12.309,12.335,2776.0,2776.6,34254.1875,1
1787372400000,12.33,12.377,12.324,12.329,1613.0,1613.6,19923.708,1
1787372700000,12.333,12.338,12.306,12.324,791.0,791.7,9753.6734,1
1787373000000,12.331,12.44,12.321,12.44,2029.0,2029.4,25175.0344,1
1787373300000,12.44,12.513,12.439,12.496,3037.0,3037.7,37970.8628,1
1787373600000,12.498,12.611,12.498,12.605,4435.0,4435.3,55735.8797,1
1787373900000,12.594,12.61,12.496,12.496,9274.0,9274.1,116378.0942,1
1787374200000,12.499,12.575,12.475,12.561,1331.0,1331.9,16692.122,1
1787374500000,12.557,12.605,12.53,12.543,2577.0,2577.2,32415.0256,1
1787374800000,12.534,12.597,12.494,12.495,3163.0,3163.7,39642.106,1
1787375100000,12.494,12.494,12.032,12.032,19590.0,19590.2,239779.8647,1
1787375400000,12.033,12.038,10.614,11.698,131441.0,131441.4,1446180.7544,1
1787375700000,11.721,11.819,11.3,11.714,22627.0,22627.9,261392.9344,1
1787376000000,11.711,11.824,11.594,11.802,10458.0,10458.1,122659.319,1
1787376300000,11.801,11.912,11.759,11.828,3915.0,3915.6,46423.572,1
1787376600000,11.829,11.849,11.712,11.835,3527.0,3527.4,41597.638,1
1787376900000,11.837,11.899,11.783,11.79,4610.0,4610.7,54584.9189,1
1787377200000,11.783,11.801,11.662,11.721,3695.0,3695.0,43219.8331,1
1787377500000,11.721,11.88,11.715,11.855,2857.0,2857.2,33677.1994,1
1787377800000,11.857,11.899,11.8,11.806,3452.0,3452.8,40883.8199,1
1787378100000,11.818,11.859,11.804,11.833,1460.0,1460.4,17278.0572,1
1787378400000,11.84,11.858,11.774,11.778,2656.0,2656.0,31375.0727,1
1787378700000,11.786,11.827,11.704,11.818,1733.0,1733.6,20410.4962,1
1787379000000,11.825,11.827,11.754,11.765,2074.0,2074.4,24435.6281,1
1787379300000,11.773,11.83,11.773,11.805,1763.0,1763.1,20819.5385,1
1787379600000,11.802,11.87,11.798,11.866,2073.0,2073.6,24550.042,1
1787379900000,11.865,11.877,11.821,11.822,2466.0,2466.1,29257.3176,1
1787380200000,11.824,11.824,11.72,11.729,1271.0,1271.4,14961.8898,1
1787380500000,11.728,11.899,11.72,11.898,1755.0,1755.2,20694.4445,1
1787380800000,11.896,11.929,11.873,11.889,3094.0,3094.2,36838.0232,1
1787381100000,11.886,11.906,11.855,11.857,656.0,656.5,7797.0264,1
1787381400000,11.859,11.887,11.849,11.858,833.0,833.9,9894.2466,1
1787381700000,11.863,11.882,11.849,11.858,1017.0,1017.1,12061.9546,1
1787382000000,11.849,11.907,11.832,11.902,784.0,784.9,9318.3619,1
1787382300000,11.902,11.926,11.827,11.833,2430.0,2430.5,28830.0616,1
1787382600000,11.834,11.841,11.78,11.813,1853.0,1853.3,21882.9768,1
1787382900000,11.819,11.819,11.74,11.743,1595.0,1595.8,18764.7085,1
1787383200000,11.75,11.842,11.743,11.828,1567.0,1567.7,18500.6193,1
1787383500000,11.832,11.875,11.815,11.873,928.0,928.0,10996.9375,1
1787383800000,11.868,11.871,11.836,11.839,630.0,630.7,7475.0486,1
1787384100000,11.839,11.839,11.778,11.793,869.0,869.0,10262.5586,1
1787384400000,11.793,11.796,11.747,11.765,1227.0,1227.9,14451.1034,1
1787384700000,11.761,11.783,11.75,11.772,677.0,677.4,7971.135,1
1787385000000,11.763,11.783,11.741,11.778,600.0,600.9,7068.7143,1
1787385300000,11.779,11.78,11.74,11.751,612.0,612.6,7203.5288,1
1787385600000,11.757,11.827,11.723,11.723,2711.0,2711.5,31884.3949,1
1787385900000,11.723,11.794,11.722,11.774,1232.0,1232.0,14477.4738,1
1787386200000,11.778,11.83,11.778,11.825,2455.0,2455.6,28989.0294,1
1787386500000,11.811,11.824,11.783,11.783,721.0,721.5,8519.398,1
1787386800000,11.784,11.82,11.784,11.807,751.0,751.4,8869.4258,1
1787387100000,11.811,11.811,11.692,11.706,1780.0,1780.4,20899.4412,1
1787387400000,11.703,11.715,11.587,11.589,2353.0,2353.2,27421.8752,1
1787387700000,11.588,11.622,11.579,11.61,1311.0,1311.7,15213.7878,1
1787388000000,11.612,11.618,11.546,11.614,1119.0,1119.0,12973.05,1
1787388300000,11.61,11.61,11.567,11.585,1552.0,1552.6,17979.3773,1
1787388600000,11.58,11.609,11.58,11.597,589.0,589.0,6829.412,1
1787388900000,11.589,11.615,11.581,11.61,1555.0,1555.1,18041.2875,1
1787389200000,11.61,11.615,11.514,11.533,1874.0,1874.1,21616.1132,1
1787389500000,11.536,11.636,11.526,11.631,2040.0,2040.6,23663.3563,1
1787389800000,11.628,11.686,11.602,11.686,1742.0,1742.4,20286.262,1
1787390100000,11.685,11.711,11.65,11.675,1291.0,1291.0,15081.4665,1
1787390400000,11.684,11.705,11.668,11.689,1698.0,1698.2,19860.2902,1
1787390700000,11.681,11.697,11.656,11.697,735.0,735.4,8588.2348,1
1787391000000,11.705,11.705,11.652,11.674,838.0,838.1,9779.6458,1
1787391300000,11.673,11.68,11.607,11.618,1193.0,1193.6,13887.8188,1
1787391600000,11.625,11.683,11.625,11.675,1116.0,1116.7,13012.9557,1
1787391900000,11.684,11.686,11.585,11.59,2717.0,2717.2,31581.4555,1
1787392200000,11.593,11.618,11.582,11.596,3055.0,3055.2,35447.7842,1
1787392500000,11.598,11.619,11.587,11.603,646.0,646.0,7493.6967,1
1787392800000,11.606,11.614,11.5,11.538,2432.0,2432.0,28025.473,1
1787393100000,11.53,11.547,11.474,11.487,3307.0,3307.7,38089.2949,1
1787393400000,11.502,11.511,11.451,11.451,2281.0,2281.6,26179.8639,1
1787393700000,11.451,11.509,11.428,11.429,2327.0,2327.6,26707.4719,1
1787394000000,11.427,11.474,11.374,11.38,1655.0,1655.7,18909.2227,1
1787394300000,11.385,11.48,11.374,11.457,2244.0,2244.4,25643.5342,1
1787394600000,11.459,11.493,11.438,11.474,712.0,712.0,8162.8275,1
1787394900000,11.474,11.534,11.474,11.513,2106.0,2106.2,24228.6161,1
1787395200000,11.512,11.567,11.512,11.561,689.0,689.7,7957.995,1
1787395500000,11.56,11.572,11.522,11.547,753.0,753.5,8698.9292,1
1787395800000,11.553,11.562,11.534,11.536,619.0,619.6,7154.7179,1
1787396100000,11.539,11.547,11.511,11.538,956.0,956.8,11021.9786,1
1787396400000,11.54,11.544,11.501,11.544,1458.0,1458.9,16810.7323,1
1787396700000,11.544,11.581,11.535,11.535,2714.0,2714.8,31416.4058,1
1787397000000,11.535,11.578,11.535,11.548,940.0,940.0,10874.942,1
1787397300000,11.552,11.596,11.54,11.583,774.0,774.1,8966.8383,1
1787397600000,11.581,11.633,11.581,11.611,505.0,505.0,5865.2684,1
1787397900000,11.603,11.672,11.598,11.672,9553.0,9553.2,111349.5559,1
1787398200000,11.671,11.718,11.656,11.689,921.0,921.4,10767.8894,1
1787398500000,11.69,11.698,11.657,11.683,21675.0,21675.6,253159.3034,1
1787398800000,11.683,11.724,11.683,11.722,2466.0,2466.2,28886.035,1
1787399100000,11.721,11.727,11.675,11.681,12105.0,12105.4,141560.7234,1
1787399400000,11.676,11.695,11.668,11.686,1410.0,1410.2,16481.8106,1
1787399700000,11.686,11.72,11.683,11.692,1555.0,1555.5,18193.8965,1
1787400000000,11.692,11.742,11.671,11.72,7221.0,7221.7,84583.7563,1
1787400300000,11.721,11.758,11.72,11.734,10019.0,10019.1,117670.916,1
1787400600000,11.757,11.801,11.757,11.785,11807.0,11807.8,139178.3638,1
1787400900000,11.777,11.851,11.77,11.85,8617.0,8617.0,101925.7536,1
1787401200000,11.847,11.873,11.837,11.87,3517.0,3517.6,41714.858,1
1787401500000,11.866,11.888,11.83,11.839,15162.0,15162.1,179940.3998,1
1787401800000,11.833,11.835,11.807,11.807,895.0,895.9,10593.362,1
1787402100000,11.812,11.836,11.801,11.829,431.0,431.0,5094.294,1
1787402400000,11.835,11.888,11.828,11.888,593.0,593.7,7032.556,1
1787402700000,11.887,11.899,11.864,11.89,1834.0,1834.0,21794.4809,1
1787403000000,11.892,11.899,11.83,11.87,15748.0,15748.3,187026.1305,1
1787403300000,11.863,11.899,11.848,11.871,538.0,538.0,6389.752,1
1787403600000,11.873,11.896,11.83,11.853,3295.0,3295.8,39045.599,1
1787403900000,11.859,11.899,11.859,11.899,576.0,576.9,6852.25,1
1787404200000,11.899,11.899,11.83,11.83,394.0,394.0,4669.044,1
1787404500000,11.832,11.869,11.786,11.788,1162.0,1162.4,13754.5941,1
1787404800000,11.792,11.83,11.771,11.822,830.0,830.6,9803.4469,1
1787405100000,11.828,11.846,11.802,11.804,447.0,447.9,5296.2792,1
1787405400000,11.804,11.829,11.766,11.781,638.0,638.2,7530.4425,1
1787405700000,11.782,11.812,11.759,11.792,915.0,915.2,10776.9068,1
1787406000000,11.789,11.804,11.774,11.802,530.0,530.0,6247.341,1
1787406300000,11.81,11.81,11.762,11.783,437.0,437.0,5150.439,1
1787406600000,11.791,11.811,11.787,11.788,757.0,757.9,8942.7866,1
1787406900000,11.786,11.803,11.777,11.784,431.0,431.0,5080.881,1
1787407200000,11.787,11.796,11.761,11.763,479.0,479.4,5645.5088,1
1787407500000,11.763,11.77,11.704,11.752,1535.0,1535.2,18027.4892,1
1787407800000,11.754,11.772,11.739,11.765,2331.0,2331.0,27403.9918,1
1787408100000,11.771,11.782,11.727,11.737,603.0,603.1,7083.7763,1
1787408400000,11.739,11.754,11.73,11.73,503.0,503.7,5916.2253,1
1787408700000,11.731,11.748,11.713,11.731,935.0,935.0,10972.6157,1
1787409000000,11.731,11.775,11.706,11.752,8651.0,8651.5,101695.844,1
1787409300000,11.748,11.758,11.71,11.723,903.0,903.2,10604.256,1
1787409600000,11.722,11.758,11.722,11.727,1246.0,1246.6,14645.3839,1
1787409900000,11.734,11.738,11.65,11.657,3283.0,3283.8,38401.969,1
1787410200000,11.651,11.697,11.643,11.657,1390.0,1390.7,16223.1546,1
1787410500000,11.657,11.669,11.631,11.659,1748.0,1748.5,20352.9134,1
1787410800000,11.663,11.688,11.634,11.634,1777.0,1777.5,20716.7126,1
1787411100000,11.635,11.667,11.603,11.608,1473.0,1473.1,17129.1314,1
1787411400000,11.608,11.614,11.534,11.549,9054.0,9054.6,104848.4889,1
1787411700000,11.546,11.595,11.546,11.569,10835.0,10835.7,125368.5301,1
1787412000000,11.567,11.567,11.485,11.558,25855.0,25855.4,297878.5505,1
1787412300000,11.557,11.587,11.542,11.586,2059.0,2059.1,23806.6493,1
1787412600000,11.587,11.628,11.557,11.614,9306.0,9306.0,108054.2768,1
1787412900000,11.613,11.625,11.578,11.614,12877.0,12877.1,149149.392,1
1787413200000,11.604,11.604,11.569,11.59,965.0,965.9,11192.3584,1
1787413500000,11.589,11.631,11.589,11.601,1234.0,1234.3,14335.7148,1
1787413800000,11.601,11.604,11.58,11.604,1274.0,1274.6,14771.5218,1
1787414100000,11.609,11.627,11.593,11.62,2133.0,2133.3,24750.8624,1
1787414400000,11.619,11.637,11.6,11.628,2010.0,2010.3,23378.8096,1
1787414700000,11.626,11.637,11.601,11.601,1142.0,1142.4,13280.7961,1
1787415000000,11.602,11.602,11.529,11.586,15994.0,15994.2,184963.7646,1
1787415300000,11.591,11.634,11.584,11.632,533.0,533.4,6193.3253,1
1787415600000,11.633,11.671,11.626,11.671,7981.0,7981.4,92962.3195,1
1787415900000,11.672,11.685,11.659,11.669,1091.0,1091.7,12743.0666,1
1787416200000,11.679,11.694,11.653,11.653,2532.0,2532.8,29582.6835,1
1787416500000,11.656,11.687,11.64,11.687,1175.0,1175.8,13721.1658,1
1787416800000,11.687,11.742,11.687,11.727,2929.0,2929.9,34326.1186,1
1787417100000,11.737,11.78,11.733,11.771,1449.0,1449.9,17055.9987,1
1787417400000,11.775,11.791,11.749,11.754,9715.0,9715.9,114379.8319,1
1787417700000,11.761,11.761,11.734,11.746,383.0,383.8,4509.1856,1
1787418000000,11.748,11.767,11.706,11.708,1580.0,1580.0,18551.9051,1
1787418300000,11.711,11.734,11.694,11.716,1531.0,1531.8,17924.9114,1
1787418600000,11.716,11.74,11.696,11.709,1355.0,1355.5,15905.0598,1
1787418900000,11.717,11.774,11.716,11.765,523.0,523.7,6152.7348,1
1787419200000,11.765,11.783,11.743,11.769,591.0,591.2,6954.6775,1
1787419500000,11.77,11.777,11.698,11.703,487.0,487.4,5719.9894,1
1787419800000,11.704,11.758,11.7,11.725,632.0,632.9,7423.5218,1
1787420100000,11.728,11.756,11.719,11.719,408.0,408.0,4789.102,1
1787420400000,11.724,11.751,11.72,11.725,855.0,855.8,10040.755,1
1787420700000,11.725,11.75,11.719,11.748,544.0,544.4,6388.4447,1
1787421000000,11.746,11.779,11.745,11.745,455.0,455.7,5359.534,1
1787421300000,11.74,11.743,11.714,11.729,6589.0,6589.2,77296.1856,1
1787421600000,11.733,11.754,11.72,11.744,355.0,355.8,4177.6878,1
1787421900000,11.749,11.749,11.704,11.711,345.0,345.0,4047.176,1
1787422200000,11.713,11.722,11.704,11.716,305.0,305.2,3574.9658,1
1787422500000,11.714,11.788,11.714,11.753,1157.0,1157.7,13608.8833,1
1787422800000,11.753,11.794,11.752,11.793,797.0,797.3,9384.7729,1
1787423100000,11.793,11.8,11.759,11.766,402.0,402.3,4740.6861,1
1787423400000,11.763,11.771,11.722,11.743,1509.0,1509.1,17736.792,1
1787423700000,11.738,11.743,11.708,11.718,1315.0,1315.9,15426.841,1
1787424000000,11.717,11.719,11.703,11.706,1312.0,1312.2,15363.4388,1
1787424300000,11.706,11.738,11.697,11.701,3705.0,3705.6,43401.6581,1
1787424600000,11.7,11.7,11.657,11.68,2210.0,2210.3,25783.0834,1
1787424900000,11.681,11.712,11.673,11.706,277.0,277.7,3246.9508,1
1787425200000,11.699,11.74,11.692,11.73,872.0,872.4,10221.4489,1
1787425500000,11.728,11.746,11.71,11.731,354.0,354.0,4152.199,1
1787425800000,11.733,11.766,11.73,11.766,3325.0,3325.3,39090.8453,1
1787426100000,11.764,11.764,11.722,11.722,478.0,478.1,5615.3739,1
1787426400000,11.727,11.731,11.697,11.705,256.0,256.1,2999.0982,1
1787426700000,11.705,11.713,11.699,11.702,1456.0,1456.9,17056.1413,1
1787427000000,11.705,11.731,11.705,11.71,4275.0,4275.0,50117.694,1
1787427300000,11.71,11.737,11.705,11.731,228.0,228.3,2675.7299,1
1787427600000,11.731,11.744,11.727,11.742,1247.0,1247.3,14630.4711,1
1787427900000,11.743,11.757,11.739,11.752,1876.0,1876.3,22048.2271,1
1787428200000,11.751,11.768,11.747,11.756,268.0,268.1,3152.7568,1
1787428500000,11.755,11.755,11.737,11.744,3430.0,3430.9,40274.1103,1
1787428800000,11.747,11.764,11.736,11.764,747.0,747.8,8780.9544,1
1787429100000,11.764,11.791,11.754,11.791,4132.0,4132.1,48657.0067,1
1787429400000,11.793,11.811,11.783,11.785,1060.0,1060.4,12507.9768,1
1787429700000,11.783,11.792,11.771,11.778,379.0,379.3,4468.7519,1
1787430000000,11.771,11.772,11.749,11.757,1228.0,1228.1,14443.3438,1
1787430300000,11.757,11.773,11.757,11.758,166.0,166.7,1961.2733,1
1787430600000,11.757,11.764,11.73,11.738,2209.0,2209.9,25951.6333,1
1787430900000,11.739,11.763,11.737,11.763,2331.0,2331.4,27392.8106,1
1787431200000,11.767,11.772,11.734,11.734,9813.0,9813.0,115208.0596,1
1787431500000,11.739,11.742,11.715,11.717,5115.0,5115.4,59957.0653,1
1787431800000,11.716,11.719,11.706,11.713,1797.0,1797.9,21056.6949,1
1787432100000,11.714,11.717,11.698,11.713,565.0,565.3,6618.6253,1
1787432400000,11.71,11.71,11.588,11.607,10021.0,10021.2,116396.3774,1
1787432700000,11.608,11.633,11.605,11.616,4082.0,4082.5,47418.3513,1
1787433000000,11.616,11.616,11.566,11.568,512.0,512.8,5941.9152,1
1787433300000,11.571,11.615,11.571,11.615,1889.0,1889.9,21925.9484,1
1787433600000,11.615,11.626,11.601,11.601,3151.0,3151.3,36601.6615,1
1787433900000,11.602,11.619,11.59,11.602,642.0,642.3,7456.7787,1
1787434200000,11.601,11.609,11.551,11.571,1053.0,1053.6,12190.1045,1
1787434500000,11.573,11.58,11.511,11.52,6494.0,6494.5,74942.121,1
1787434800000,11.526,11.568,11.515,11.568,4510.0,4510.6,52002.1399,1
1787435100000,11.565,11.565,11.517,11.534,1161.0,1161.0,13393.5879,1
1787435400000,11.531,11.533,11.496,11.517,765.0,765.8,8809.9568,1
1787435700000,11.517,11.525,11.498,11.51,340.0,340.4,3919.933,1
1787436000000,11.525,11.563,11.474,11.52,1283.0,1283.8,14764.4942,1
1787436300000,11.519,11.575,11.515,11.57,1933.0,1933.8,22338.1539,1
1787436600000,11.571,11.587,11.558,11.572,313.0,313.1,3623.6339,1
1787436900000,11.583,11.587,11.553,11.56,1235.0,1235.1,14289.9047,1
1787437200000,11.56,11.582,11.552,11.576,478.0,478.5,5536.5205,1
1787437500000,11.575,11.606,11.575,11.588,650.0,650.4,7535.9669,1
1787437800000,11.589,11.6,11.546,11.569,973.0,973.6,11274.171,1
1787438100000,11.572,11.603,11.567,11.584,1011.0,1011.6,11716.0525,1
1787438400000,11.587,11.607,11.586,11.592,1007.0,1007.3,11682.5642,1
1787438700000,11.593,11.608,11.593,11.601,439.0,439.9,5102.6545,1
1787439000000,11.6,11.607,11.586,11.593,782.0,782.7,9081.5431,1
1787439300000,11.595,11.599,11.564,11.582,417.0,417.2,4829.4166,1
1787439600000,11.585,11.597,11.562,11.596,386.0,386.0,4470.384,1
1787439900000,11.596,11.605,11.588,11.6,589.0,589.4,6836.2596,1
1787440200000,11.592,11.602,11.579,11.591,349.0,349.1,4045.9589,1
1787440500000,11.591,11.606,11.576,11.603,196.0,196.0,2271.99,1
1787440800000,11.603,11.617,11.599,11.603,237.0,237.1,2753.2485,1
1787441100000,11.603,11.616,11.594,11.596,174.0,174.0,2019.456,1
1787441400000,11.597,11.611,11.58,11.584,2140.0,2140.7,24797.7979,1
1787441700000,11.584,11.623,11.584,11.623,276.0,276.1,3204.7657,1
1787442000000,11.618,11.656,11.618,11.642,4196.0,4196.9,48821.1637,1
1787442300000,11.641,11.664,11.641,11.664,713.0,713.2,8312.4434,1
1787442600000,11.664,11.672,11.659,11.672,286.0,286.1,3337.5326,1
1787442900000,11.672,11.677,11.65,11.65,779.0,779.5,9093.3189,1
1787443200000,11.65,11.686,11.65,11.685,1451.0,1451.2,16940.1005,1
1787443500000,11.681,11.681,11.664,11.672,271.0,271.0,3163.154,1
1787443800000,11.668,11.67,11.632,11.656,6713.0,6713.4,78198.3184,1
1787444100000,11.656,11.681,11.649,11.675,548.0,548.8,6402.92,1
1787444400000,11.675,11.686,11.662,11.685,407.0,407.2,4754.2849,1
1787444700000,11.685,11.697,11.678,11.692,1355.0,1355.4,15849.9008,1
1787445000000,11.692,11.717,11.692,11.703,544.0,544.4,6371.3981,1
1787445300000,11.7,11.747,11.687,11.716,2935.0,2935.6,34410.2722,1
1787445600000,11.716,11.73,11.689,11.689,732.0,732.6,8572.1234,1
1787445900000,11.692,11.706,11.669,11.698,617.0,617.7,7221.0592,1
1787446200000,11.698,11.733,11.696,11.719,1659.0,1659.5,19450.0875,1
1787446500000,11.727,11.733,11.721,11.723,310.0,310.7,3643.4713,1
1787446800000,11.718,11.721,11.674,11.677,1982.0,1982.5,23210.6656,1
1787447100000,11.677,11.69,11.642,11.675,7295.0,7295.2,85020.8226,1
1787447400000,11.677,11.698,11.675,11.698,3964.0,3964.3,46350.2057,1
1787447700000,11.694,11.705,11.657,11.674,307.0,307.0,3584.929,1
1787448000000,11.672,11.702,11.672,11.688,1159.0,1159.7,13545.2263,1
1787448300000,11.685,11.686,11.672,11.686,223.0,223.4,2609.1132,1
1787448600000,11.688,11.71,11.653,11.663,1059.0,1059.2,12390.7212,1
1787448900000,11.663,11.667,11.648,11.65,254.0,254.1,2961.247,1
1787449200000,11.65,11.665,11.621,11.652,5204.0,5204.7,60554.8086,1
1787449500000,11.654,11.684,11.646,11.653,4685.0,4685.9,54673.3875,1
1787449800000,11.652,11.656,11.637,11.646,306.0,306.8,3572.9622,1
1787450100000,11.642,11.642,11.587,11.611,3841.0,3841.6,44544.1074,1
1787450400000,11.607,11.617,11.588,11.588,288.0,288.7,3350.5197,1
1787450700000,11.588,11.588,11.565,11.566,1857.0,1857.8,21497.8362,1
1787451000000,11.564,11.565,11.506,11.506,529.0,529.1,6105.0093,1
1787451300000,11.508,11.553,11.508,11.519,1114.0,1114.9,12865.6743,1
1787451600000,11.523,11.525,11.495,11.509,1814.0,1814.0,20864.3245,1
1787451900000,11.509,11.531,11.501,11.527,950.0,950.8,10950.788,1
1787452200000,11.53,11.579,11.516,11.578,838.0,838.6,9684.5594,1
1787452500000,11.578,11.58,11.561,11.568,943.0,943.8,10926.5926,1
1787452800000,11.573,11.575,11.545,11.548,187.0,187.1,2163.0525,1
1787453100000,11.544,11.581,11.539,11.572,359.0,359.6,4159.1225,1
1787453400000,11.572,11.602,11.545,11.548,563.0,563.5,6516.0836,1
1787453700000,11.548,11.548,11.534,11.542,216.0,216.0,2492.9328,1
1787454000000,11.543,11.551,11.515,11.519,1450.0,1450.8,16725.3916,1
1787454300000,11.519,11.521,11.491,11.491,353.0,353.6,4067.3967,1
1787454600000,11.493,11.52,11.491,11.516,1501.0,1501.0,17283.3349,1
1787454900000,11.515,11.537,11.505,11.506,397.0,397.8,4582.4662,1
1787455200000,11.506,11.506,11.474,11.475,1851.0,1851.2,21265.2225,1
1787455500000,11.48,11.488,11.474,11.474,377.0,377.0,4328.52,1
1787455800000,11.474,11.474,11.428,11.442,18727.0,18727.5,214394.8612,1
1787456100000,11.447,11.471,11.436,11.443,491.0,491.0,5625.096,1
1787456400000,11.442,11.455,11.427,11.434,542.0,542.4,6205.8948,1
1787456700000,11.446,11.495,11.443,11.495,358.0,358.7,4113.1608,1
1787457000000,11.493,11.493,11.469,11.469,322.0,322.6,3702.98,1
1787457300000,11.47,11.472,11.451,11.456,247.0,247.0,2830.779,1
1787457600000,11.457,11.47,11.415,11.415,732.0,732.8,8390.1737,1
1787457900000,11.417,11.448,11.414,11.432,694.0,694.0,7929.411,1
1787458200000,11.433,11.508,11.433,11.502,699.0,699.5,8015.2288,1
1787458500000,11.506,11.518,11.446,11.446,9464.0,9464.1,108801.1925,1
1787458800000,11.445,11.469,11.44,11.469,928.0,928.8,10634.4508,1
1787459100000,11.469,11.505,11.469,11.491,599.0,599.7,6887.2855,1
1787459400000,11.49,11.496,11.457,11.467,519.0,519.5,5966.0086,1
1787459700000,11.465,11.47,11.439,11.458,467.0,467.9,5360.0635,1
1787460000000,11.457,11.472,11.413,11.417,9666.0,9666.3,110583.913,1
1787460300000,11.412,11.423,11.319,11.337,14901.0,14901.1,168901.8462,1
1787460600000,11.327,11.391,11.302,11.313,1255.0,1255.2,14222.3293,1
1787460900000,11.312,11.312,11.271,11.274,1449.0,1449.9,16364.0236,1
1787461200000,11.273,11.3,11.209,11.27,5016.0,5016.8,56554.9423,1
1787461500000,11.272,11.283,11.183,11.223,3885.0,3885.1,43591.9894,1
1787461800000,11.223,11.261,11.197,11.208,1541.0,1541.7,17330.0764,1
1787462100000,11.198,11.205,11.052,11.184,7422.0,7422.6,82498.0442,1
1787462400000,11.184,11.252,11.178,11.246,10145.0,10145.0,114066.8802,1
1787462700000,11.242,11.266,11.223,11.234,699.0,699.4,7866.1002,1
1787463000000,11.232,11.26,11.216,11.225,655.0,655.1,7363.045,1
1787463300000,11.223,11.238,11.183,11.197,587.0,587.3,6585.1381,1
1787463600000,11.199,11.224,11.177,11.186,4630.0,4630.6,51942.7194,1
1787463900000,11.187,11.196,11.165,11.177,1663.0,1663.0,18600.8804,1
1787464200000,11.174,11.18,11.154,11.176,570.0,570.1,6366.1334,1
1787464500000,11.174,11.174,11.142,11.142,376.0,376.3,4197.6622,1
1787464800000,11.143,11.151,11.114,11.146,576.0,576.2,6414.5378,1
1787465100000,11.144,11.145,11.11,11.112,527.0,527.3,5866.6195,1
1787465400000,11.11,11.192,11.109,11.188,567.0,567.2,6321.4744,1
1787465700000,11.188,11.23,11.178,11.23,5350.0,5350.3,59949.3149,1
1787466000000,11.228,11.236,11.209,11.224,1442.0,1442.3,16185.2673,1
1787466300000,11.223,11.262,11.222,11.254,2095.0,2095.0,23535.885,1
1787466600000,11.256,11.312,11.252,11.302,657.0,657.0,7419.3366,1
1787466900000,11.291,11.299,11.266,11.273,886.0,886.8,10008.9511,1
1787467200000,11.279,11.291,11.271,11.282,1539.0,1539.4,17368.2278,1
1787467500000,11.286,11.293,11.235,11.235,404.0,404.5,4560.1223,1
1787467800000,11.24,11.24,11.219,11.221,1524.0,1524.9,17113.4657,1
1787468100000,11.235,11.237,11.218,11.232,340.0,340.4,3821.9624,1
1787468400000,11.23,11.237,11.216,11.224,323.0,323.0,3625.527,1
1787468700000,11.222,11.259,11.222,11.248,318.0,318.4,3579.7844,1
1787469000000,11.253,11.289,11.253,11.281,408.0,408.1,4600.2118,1
1787469300000,11.281,11.311,11.281,11.308,1409.0,1409.0,15919.867,1
1787469600000,11.306,11.306,11.283,11.293,254.0,254.0,2868.156,1
1787469900000,11.293,11.312,11.284,11.305,276.0,276.6,3124.7881,1
1787470200000,11.302,11.312,11.277,11.277,225.0,225.0,2541.89,1
1787470500000,11.276,11.299,11.267,11.299,273.0,273.0,3079.281,1
1787470800000,11.299,11.303,11.275,11.288,279.0,279.6,3156.938,1
1787471100000,11.288,11.31,11.28,11.305,325.0,325.0,3669.258,1
1787471400000,11.309,11.334,11.3,11.314,382.0,382.8,4332.7491,1
1787471700000,11.308,11.312,11.293,11.31,259.0,259.0,2927.222,1
1787472000000,11.305,11.313,11.298,11.311,372.0,372.1,4206.7252,1
1787472300000,11.311,11.361,11.276,11.344,3737.0,3737.5,42420.977,1
1787472600000,11.345,11.356,11.327,11.351,545.0,545.3,6187.0594,1
1787472900000,11.347,11.368,11.347,11.347,412.0,412.8,4689.2666,1
1787473200000,11.344,11.359,11.342,11.351,598.0,598.7,6795.4967,1
1787473500000,11.352,11.352,11.336,11.349,152.0,152.0,1724.431,1
1787473800000,11.352,11.38,11.345,11.38,424.0,424.6,4824.0241,1
1787474100000,11.377,11.391,11.361,11.387,432.0,432.9,4923.7823,1
1787474400000,11.383,11.404,11.362,11.371,2788.0,2788.4,31755.0669,1
1787474700000,11.371,11.382,11.335,11.345,263.0,263.9,2996.9816,1
1787475000000,11.35,11.358,11.337,11.341,299.0,299.0,3392.32,1
1787475300000,11.335,11.346,11.32,11.33,184.0,184.1,2085.4225,1
1787475600000,11.326,11.369,11.32,11.368,756.0,756.1,8588.3946,1
1787475900000,11.365,11.391,11.365,11.385,3302.0,3302.1,37576.2869,1
1787476200000,11.385,11.39,11.38,11.381,223.0,223.0,2538.624,1
1787476500000,11.38,11.382,11.361,11.37,9243.0,9243.0,105098.4155,1
1787476800000,11.37,11.375,11.359,11.365,214.0,214.0,2432.475,1
1787477100000,11.365,11.376,11.363,11.373,157.0,157.0,1785.492,1
1787477400000,11.368,11.368,11.336,11.338,195.0,195.0,2212.965,1
1787477700000,11.338,11.362,11.336,11.357,279.0,279.0,3166.038,1
1787478000000,11.357,11.373,11.355,11.369,239.0,239.0,2716.101,1
1787478300000,11.371,11.381,11.345,11.374,252.0,252.0,2864.593,1
1787478600000,11.371,11.404,11.371,11.404,356.0,356.9,4065.9206,1
1787478900000,11.404,11.407,11.39,11.395,476.0,476.9,5435.3414,1
1787479200000,11.394,11.417,11.392,11.408,928.0,928.5,10591.459,1
1787479500000,11.41,11.426,11.405,11.411,513.0,513.5,5863.6198,1
1787479800000,11.418,11.42,11.402,11.407,406.0,406.0,4633.477,1
1787480100000,11.413,11.433,11.413,11.43,498.0,498.8,5697.5518,1
1787480400000,11.433,11.471,11.43,11.443,600.0,600.6,6877.605,1
1787480700000,11.447,11.451,11.416,11.418,585.0,585.5,6692.5005,1
1787481000000,11.418,11.441,11.415,11.436,453.0,453.2,5180.801,1
1787481300000,11.435,11.458,11.425,11.434,304.0,304.6,3483.5777,1
1787481600000,11.43,11.446,11.425,11.445,233.0,233.4,2668.6048,1
1787481900000,11.439,11.439,11.424,11.426,203.0,203.0,2320.727,1
1787482200000,11.429,11.443,11.415,11.443,234.0,234.3,2678.0451,1
1787482500000,11.439,11.444,11.427,11.44,217.0,217.1,2482.9209,1
1787482800000,11.443,11.463,11.439,11.446,296.0,296.0,3389.391,1
1787483100000,11.445,11.454,11.287,11.334,1974.0,1974.0,22366.8952,1
1787483400000,11.337,11.343,11.3,11.313,1085.0,1085.9,12297.7523,1
1787483700000,11.315,11.361,11.297,11.358,853.0,853.8,9676.4458,1
1787484000000,11.351,11.474,11.351,11.468,1339.0,1339.9,15316.2165,1
1787484300000,11.461,11.467,11.348,11.366,967.0,967.1,11020.9707,1
1787484600000,11.366,11.398,11.348,11.348,825.0,825.4,9384.4457,1
1787484900000,11.348,11.427,11.348,11.427,983.0,983.3,11187.0246,1
1787485200000,11.427,11.433,11.409,11.419,444.0,444.9,5082.0543,1
1787485500000,11.425,11.429,11.395,11.4,1882.0,1882.8,21491.191,1
1787485800000,11.401,11.428,11.395,11.424,403.0,403.0,4599.397,1
1787486100000,11.423,11.427,11.415,11.418,268.0,268.7,3068.6586,1
1787486400000,11.415,11.417,11.389,11.389,393.0,393.0,4481.738,1
1787486700000,11.396,11.396,11.348,11.383,471.0,471.7,5362.297,1
1787487000000,11.385,11.389,11.348,11.374,461.0,461.3,5242.2085,1
1787487300000,11.375,11.378,11.362,11.377,268.0,268.8,3056.0748,1
1787487600000,11.373,11.38,11.363,11.371,205.0,205.0,2330.985,1
1787487900000,11.374,11.374,11.351,11.365,295.0,295.0,3351.619,1
1787488200000,11.367,11.395,11.362,11.394,257.0,257.0,2924.682,1
1787488500000,11.392,11.418,11.39,11.418,1379.0,1379.0,15719.9122,1
1787488800000,11.422,11.445,11.42,11.444,348.0,348.8,3987.5754,1
1787489100000,11.444,11.444,11.407,11.411,585.0,585.5,6689.5032,1
1787489400000,11.411,11.411,11.358,11.362,407.0,407.2,4636.557,1
1787489700000,11.363,11.412,11.363,11.405,270.0,270.1,3075.9254,1
1787490000000,11.401,11.43,11.401,11.424,557.0,557.4,6366.8243,1
1787490300000,11.428,11.456,11.428,11.443,643.0,643.3,7362.8647,1
1787490600000,11.444,11.446,11.428,11.439,406.0,406.0,4644.0382,1
1787490900000,11.439,11.585,11.439,11.561,4620.0,4620.8,53294.3081,1
1787491200000,11.563,11.575,11.463,11.53,1650.0,1650.6,18997.6597,1
1787491500000,11.534,11.56,11.522,11.537,8829.0,8829.0,101853.1101,1
1787491800000,11.538,11.579,11.525,11.565,2168.0,2168.3,25067.7796,1
1787492100000,11.565,11.615,11.544,11.611,2621.0,2621.4,30366.1906,1
1787492400000,11.609,11.61,11.57,11.58,2310.0,2310.5,26778.029,1
1787492700000,11.578,11.614,11.552,11.586,10240.0,10240.0,118772.5204,1
1787493000000,11.584,11.616,11.561,11.616,1095.0,1095.6,12709.8099,1
1787493300000,11.612,11.62,11.592,11.611,14903.0,14903.6,172911.7788,1
1787493600000,11.617,11.64,11.604,11.632,3114.0,3114.5,36194.6552,1
1787493900000,11.631,11.646,11.579,11.612,13247.0,13247.5,154011.3529,1
1787494200000,11.611,11.64,11.579,11.617,4601.0,4601.4,53433.911,1
1787494500000,11.616,11.645,11.605,11.607,3841.0,3841.5,44648.0064,1
1787494800000,11.611,11.618,11.57,11.57,1295.0,1295.4,15037.3386,1
1787495100000,11.571,11.594,11.551,11.558,2052.0,2052.1,23734.6289,1
1787495400000,11.552,11.569,11.534,11.544,1463.0,1463.2,16897.4872,1
1787495700000,11.546,11.596,11.545,11.576,653.0,653.7,7567.4204,1
1787496000000,11.578,11.595,11.256,11.419,9118.0,9118.8,103913.5748,1
1787496300000,11.422,11.485,11.422,11.484,4283.0,4283.3,49129.7022,1
1787496600000,11.482,11.509,11.469,11.504,1664.0,1664.6,19120.6087,1
1787496900000,11.503,11.507,11.459,11.504,2147.0,2147.6,24676.3273,1
1787497200000,11.507,11.523,11.442,11.507,6211.0,6211.6,71312.6951,1
1787497500000,11.503,11.546,11.503,11.531,1627.0,1627.9,18770.4379,1
1787497800000,11.531,11.531,11.474,11.479,500.0,500.8,5759.6802,1
1787498100000,11.482,11.494,11.394,11.405,3571.0,3571.0,40845.9853,1
1787498400000,11.412,11.488,11.399,11.483,2376.0,2376.5,27242.6598,1
1787498700000,11.489,11.494,11.469,11.473,715.0,715.3,8214.4672,1
1787499000000,11.48,11.495,11.454,11.458,944.0,944.9,10835.1264,1
1787499300000,11.46,11.508,11.46,11.508,523.0,523.0,6008.4475,1
1787499600000,11.509,11.515,11.492,11.514,1163.0,1163.1,13379.8749,1
1787499900000,11.508,11.51,11.483,11.487,399.0,399.0,4588.239,1
1787500200000,11.482,11.496,11.474,11.475,302.0,302.0,3468.95,1
1787500500000,11.474,11.481,11.455,11.455,855.0,855.6,9808.1369,1
1787500800000,11.468,11.511,11.468,11.511,1229.0,1229.0,14115.6877,1
1787501100000,11.504,11.507,11.465,11.467,610.0,610.3,7008.0706,1
1787501400000,11.466,11.498,11.466,11.498,814.0,814.7,9354.6055,1
1787501700000,11.497,11.506,11.467,11.468,1288.0,1288.1,14783.8452,1
1787502000000,11.464,11.512,11.457,11.503,4306.0,4306.5,49471.9366,1
1787502300000,11.503,11.51,11.493,11.505,276.0,276.0,3174.097,1
1787502600000,11.505,11.534,11.501,11.534,391.0,391.5,4510.5371,1
1787502900000,11.543,11.544,11.524,11.53,503.0,503.9,5811.8771,1
1787503200000,11.53,11.532,11.512,11.517,212.0,212.3,2446.3263,1
1787503500000,11.511,11.532,11.511,11.512,238.0,238.3,2745.1326,1
1787503800000,11.52,11.546,11.52,11.525,397.0,397.7,4588.6267,1
1787504100000,11.524,11.527,11.507,11.51,345.0,345.2,3974.7288,1
1787504400000,11.514,11.524,11.433,11.472,4184.0,4184.0,47975.3418,1
1787504700000,11.471,11.531,11.461,11.528,8469.0,8469.2,97362.0339,1
1787505000000,11.532,11.532,11.507,11.515,819.0,819.7,9438.0984,1
1787505300000,11.515,11.531,11.475,11.529,834.0,834.5,9590.8835,1
1787505600000,11.531,11.533,11.504,11.509,399.0,399.0,4598.008,1
1787505900000,11.509,11.515,11.485,11.494,2139.0,2139.1,24580.6641,1
1787506200000,11.494,11.5,11.454,11.485,351.0,351.1,4030.2194,1
1787506500000,11.486,11.527,11.486,11.502,226.0,226.1,2601.8889,1
1787506800000,11.501,11.513,11.496,11.503,431.0,431.8,4967.1268,1
1787507100000,11.503,11.529,11.486,11.492,1739.0,1739.7,20025.9684,1
1787507400000,11.487,11.497,11.475,11.484,156.0,156.1,1793.0567,1
1787507700000,11.485,11.493,11.476,11.484,1127.0,1127.4,12941.0502,1
1787508000000,11.476,11.508,11.476,11.504,564.0,564.0,6483.449,1
1787508300000,11.498,11.533,11.492,11.533,1964.0,1964.4,22596.221,1
1787508600000,11.533,11.564,11.533,11.558,8152.0,8152.0,94223.0274,1
1787508900000,11.555,11.564,11.539,11.544,369.0,369.8,4271.6652,1
1787509200000,11.545,11.555,11.521,11.539,358.0,358.0,4131.79,1
1787509500000,11.536,11.558,11.536,11.549,344.0,344.5,3979.3399,1
1787509800000,11.551,11.553,11.537,11.537,214.0,214.0,2470.605,1
1787510100000,11.536,11.6,11.536,11.548,1570.0,1570.0,18149.8432,1
1787510400000,11.548,11.569,11.548,11.561,1188.0,1188.0,13735.7091,1
1787510700000,11.562,11.578,11.558,11.568,510.0,510.8,5910.9146,1
1787511000000,11.568,11.576,11.558,11.57,189.0,189.0,2185.744,1
1787511300000,11.57,11.598,11.57,11.592,4544.0,4544.6,52691.2369,1
1787511600000,11.594,11.6,11.553,11.555,949.0,949.4,11002.7985,1
1787511900000,11.553,11.553,11.513,11.53,392.0,392.9,4530.9062,1
1787512200000,11.528,11.539,11.509,11.525,901.0,901.9,10391.0908,1
1787512500000,11.525,11.525,11.511,11.516,717.0,717.4,8260.6926,1
1787512800000,11.516,11.537,11.516,11.518,171.0,171.0,1970.848,1
1787513100000,11.519,11.523,11.509,11.52,1039.0,1039.7,11974.9874,1
1787513400000,11.513,11.514,11.479,11.498,2845.0,2845.4,32714.7606,1
1787513700000,11.496,11.511,11.491,11.509,373.0,373.9,4301.4003,1
1787514000000,11.509,11.518,11.501,11.515,368.0,368.0,4235.798,1
1787514300000,11.515,11.536,11.513,11.529,2062.0,2062.4,23774.9801,1
1787514600000,11.52,11.522,11.507,11.511,249.0,249.0,2867.006,1
1787514900000,11.511,11.512,11.492,11.495,972.0,972.4,11177.5106,1
1787515200000,11.496,11.497,11.445,11.446,1605.0,1605.6,18426.7413,1
1787515500000,11.447,11.464,11.441,11.46,425.0,425.6,4875.8793,1
1787515800000,11.462,11.475,11.46,11.464,1366.0,1366.4,15666.2739,1
1787516100000,11.462,11.482,11.462,11.48,650.0,650.6,7467.2685,1
1787516400000,11.479,11.493,11.471,11.487,511.0,511.1,5869.1227,1
1787516700000,11.486,11.491,11.479,11.48,352.0,352.1,4044.2659,1
1787517000000,11.483,11.501,11.478,11.487,1050.0,1050.6,12074.2923,1
1787517300000,11.486,11.491,11.482,11.491,182.0,182.7,2098.4447,1
1787517600000,11.491,11.52,11.485,11.508,1797.0,1797.2,20693.9546,1
1787517900000,11.508,11.508,11.489,11.489,664.0,664.3,7636.5842,1
1787518200000,11.492,11.509,11.492,11.505,336.0,336.1,3865.9285,1
1787518500000,11.505,11.51,11.502,11.508,1272.0,1272.0,14637.6204,1
1787518800000,11.515,11.579,11.51,11.575,1033.0,1033.2,11935.2207,1
1787519100000,11.574,11.61,11.574,11.61,686.0,686.8,7963.1206,1
1787519400000,11.61,11.638,11.595,11.629,799.0,799.3,9290.5645,1
1787519700000,11.634,11.685,11.631,11.677,1302.0,1302.4,15180.9441,1
1787520000000,11.671,11.685,11.657,11.663,1080.0,1080.7,12610.9275,1
1787520300000,11.664,11.7,11.652,11.7,1202.0,1202.2,14031.5427,1
1787520600000,11.7,11.734,11.687,11.724,2737.0,2737.1,32078.6544,1
1787520900000,11.715,11.715,11.589,11.605,3782.0,3782.2,44024.9483,1
1787521200000,11.596,11.618,11.591,11.602,649.0,649.1,7529.8097,1
1787521500000,11.602,11.638,11.602,11.632,932.0,932.9,10846.5158,1
1787521800000,11.632,11.673,11.632,11.654,525.0,525.7,6124.4721,1
1787522100000,11.654,11.655,11.603,11.621,605.0,605.5,7041.2061,1
1787522400000,11.62,11.663,11.556,11.576,1451.0,1451.9,16835.6185,1
1787522700000,11.582,11.592,11.565,11.589,1068.0,1068.2,12365.6102,1
1787523000000,11.592,11.6,11.577,11.594,885.0,885.3,10260.9063,1
1787523300000,11.591,11.6,11.561,11.586,1804.0,1804.0,20900.5112,1
1787523600000,11.586,11.614,11.582,11.606,488.0,488.8,5667.7046,1
1787523900000,11.606,11.615,11.585,11.585,508.0,508.7,5900.5987,1
1787524200000,11.585,11.6,11.557,11.567,352.0,352.3,4079.6821,1
1787524500000,11.573,11.589,11.554,11.582,319.0,319.5,3695.855,1
1787524800000,11.582,11.584,11.566,11.574,304.0,304.5,3524.3525,1
1787525100000,11.577,11.586,11.554,11.583,722.0,722.0,8357.0055,1
1787525400000,11.583,11.584,11.555,11.555,447.0,447.4,5176.7088,1
1787525700000,11.555,11.561,11.538,11.549,361.0,361.1,4169.6695,1
1787526000000,11.549,11.566,11.515,11.525,475.0,475.7,5486.8826,1
1787526300000,11.527,11.53,11.486,11.523,2012.0,2012.7,23144.1389,1
1787526600000,11.525,11.539,11.482,11.493,663.0,663.2,7628.5884,1
1787526900000,11.499,11.543,11.495,11.523,1098.0,1098.8,12663.8966,1
1787527200000,11.517,11.524,11.483,11.492,1152.0,1152.3,13248.3969,1
1787527500000,11.495,11.534,11.464,11.532,496.0,496.1,5700.8543,1
1787527800000,11.534,11.569,11.525,11.53,651.0,651.9,7526.5684,1
1787528100000,11.526,11.533,11.498,11.509,4026.0,4026.2,46398.4422,1
1787528400000,11.507,11.52,11.48,11.49,634.0,634.3,7288.5727,1
1787528700000,11.49,11.519,11.483,11.511,4079.0,4079.7,46884.0792,1
1787529000000,11.506,11.535,11.502,11.519,405.0,405.7,4670.9395,1
1787529300000,11.517,11.554,11.517,11.543,390.0,390.4,4504.2856,1
1787529600000,11.542,11.549,11.475,11.479,919.0,919.2,10588.109,1
1787529900000,11.483,11.507,11.463,11.501,587.0,587.6,6747.2467,1
1787530200000,11.496,11.512,11.479,11.493,1150.0,1150.0,13219.706,1
1787530500000,11.498,11.507,11.457,11.47,703.0,703.9,8081.6848,1
1787530800000,11.465,11.473,11.435,11.439,4440.0,4440.9,50796.6002,1
1787531100000,11.437,11.442,11.372,11.437,1680.0,1680.2,19149.8033,1
1787531400000,11.437,11.479,11.428,11.479,570.0,570.4,6533.4543,1
1787531700000,11.478,11.515,11.474,11.478,806.0,806.8,9272.2587,1
1787532000000,11.487,11.487,11.427,11.427,466.0,466.1,5341.1918,1
1787532300000,11.428,11.469,11.404,11.46,2267.0,2267.3,25960.1982,1
1787532600000,11.455,11.506,11.455,11.491,1914.0,1914.5,21985.8465,1
1787532900000,11.49,11.54,11.48,11.54,1267.0,1267.4,14586.8562,1
1787533200000,11.54,11.555,11.509,11.53,20699.0,20699.1,238867.4911,1
1787533500000,11.536,11.544,11.495,11.51,658.0,658.1,7584.1529,1
1787533800000,11.513,11.541,11.506,11.508,668.0,668.8,7705.6524,1
1787534100000,11.501,11.509,11.474,11.478,1172.0,1172.5,13469.4172,1
1787534400000,11.474,11.475,11.415,11.415,963.0,963.9,11032.7215,1
1787534700000,11.425,11.462,11.42,11.43,10574.0,10574.2,120828.334,1
1787535000000,11.428,11.455,11.421,11.455,3224.0,3224.4,36915.743,1
1787535300000,11.453,11.453,11.382,11.403,9135.0,9135.4,104020.3536,1
1787535600000,11.407,11.417,11.374,11.374,21298.0,21298.1,242880.6445,1
1787535900000,11.38,11.381,11.344,11.37,4047.0,4047.3,45951.9173,1
1787536200000,11.367,11.377,11.346,11.359,1657.0,1657.1,18828.6523,1
1787536500000,11.363,11.363,11.326,11.327,7908.0,7908.3,89655.6749,1
1787536800000,11.326,11.364,11.301,11.361,4269.0,4269.4,48359.6786,1
1787537100000,11.357,11.379,11.345,11.373,645.0,645.9,7338.4034,1
1787537400000,11.373,11.445,11.361,11.442,790.0,790.8,9023.7577,1
1787537700000,11.444,11.473,11.444,11.465,8112.0,8112.0,92900.9929,1
1787538000000,11.474,11.48,11.45,11.475,8364.0,8364.5,95873.857,1
1787538300000,11.475,11.489,11.461,11.478,542.0,542.3,6224.1948,1
1787538600000,11.476,11.507,11.474,11.502,372.0,372.9,4284.2505,1
1787538900000,11.504,11.507,11.471,11.48,528.0,528.6,6074.5436,1
1787539200000,11.478,11.497,11.452,11.46,324.0,324.0,3717.777,1
1787539500000,11.46,11.46,11.409,11.445,1623.0,1623.1,18550.648,1
1787539800000,11.448,11.449,11.423,11.44,444.0,444.6,5085.6968,1
1787540100000,11.438,11.47,11.438,11.463,375.0,375.2,4298.5174,1
1787540400000,11.458,11.471,11.412,11.42,420.0,420.0,4803.995,1
1787540700000,11.419,11.419,11.394,11.4,359.0,359.1,4096.7561,1
1787541000000,11.399,11.435,11.396,11.41,456.0,456.0,5204.75,1
1787541300000,11.41,11.412,11.386,11.39,428.0,428.5,4884.0228,1
1787541600000,11.394,11.434,11.387,11.424,323.0,323.0,3684.385,1
1787541900000,11.428,11.439,11.386,11.386,882.0,882.0,10058.1195,1
1787542200000,11.387,11.404,11.349,11.404,8691.0,8691.7,98732.4415,1
1787542500000,11.404,11.404,11.354,11.38,572.0,572.4,6514.4103,1
1787542800000,11.381,11.383,11.353,11.359,305.0,305.0,3469.273,1
1787543100000,11.359,11.382,11.359,11.364,272.0,272.0,3092.329,1
1787543400000,11.369,11.385,11.348,11.357,384.0,384.2,4366.7754,1
1787543700000,11.354,11.367,11.348,11.35,317.0,317.7,3607.1408,1
1787544000000,11.35,11.381,11.35,11.38,302.0,302.0,3434.019,1
1787544300000,11.387,11.395,11.362,11.363,6378.0,6378.2,72551.1286,1
1787544600000,11.364,11.414,11.359,11.412,367.0,367.1,4179.1624,1
1787544900000,11.418,11.465,11.418,11.446,790.0,790.9,9043.0607,1
1787545200000,11.446,11.486,11.446,11.472,364.0,364.0,4175.3194,1
1787545500000,11.47,11.491,11.467,11.49,894.0,894.2,10259.8903,1
1787545800000,11.49,11.503,11.483,11.494,6625.0,6625.2,76182.2914,1
1787546100000,11.494,11.498,11.466,11.468,275.0,275.0,3157.419,1
1787546400000,11.467,11.499,11.451,11.499,314.0,314.0,3604.54,1
1787546700000,11.5,11.507,11.468,11.469,307.0,307.0,3525.93,1
1787547000000,11.47,11.47,11.422,11.467,2297.0,2297.8,26281.7658,1
1787547300000,11.466,11.49,11.438,11.49,410.0,410.0,4700.1864,1
1787547600000,11.488,11.493,11.457,11.485,521.0,521.0,5979.281,1
1787547900000,11.481,11.516,11.456,11.509,388.0,388.1,4458.9439,1
1787548200000,11.509,11.579,11.507,11.578,4595.0,4595.0,53015.02,1
1787548500000,11.578,11.582,11.555,11.568,2842.0,2842.6,32884.8978,1
1787548800000,11.561,11.568,11.532,11.55,451.0,451.7,5218.7444,1
1787549100000,11.548,11.579,11.538,11.548,644.0,644.9,7447.3522,1
1787549400000,11.546,11.546,11.502,11.523,496.0,496.1,5716.0809,1
1787549700000,11.52,11.544,11.495,11.532,562.0,562.0,6474.098,1
1787550000000,11.53,11.571,11.523,11.532,408.0,408.1,4717.0144,1
1787550300000,11.53,11.543,11.504,11.504,281.0,281.1,3239.4249,1
1787550600000,11.504,11.524,11.498,11.524,388.0,388.0,4463.714,1
1787550900000,11.523,11.523,11.499,11.505,382.0,382.5,4401.221,1
1787551200000,11.503,11.519,11.474,11.474,3811.0,3811.9,43863.8141,1
1787551500000,11.474,11.531,11.469,11.522,470.0,470.2,5402.0353,1
1787551800000,11.522,11.568,11.501,11.56,545.0,545.9,6293.0634,1
1787552100000,11.557,11.566,11.542,11.549,380.0,380.0,4391.339,1
1787552400000,11.542,11.556,11.526,11.545,383.0,383.1,4420.9702,1
1787552700000,11.545,11.557,11.531,11.542,263.0,263.0,3035.132,1
1787553000000,11.539,11.551,11.514,11.521,377.0,377.0,4348.013,1
1787553300000,11.51,11.517,11.485,11.486,333.0,333.2,3832.3766,1
1787553600000,11.489,11.495,11.475,11.488,389.0,389.9,4477.563,1
1787553900000,11.488,11.562,11.474,11.555,374.0,374.9,4315.9534,1
1787554200000,11.555,11.572,11.555,11.558,594.0,594.7,6876.2135,1
1787554500000,11.558,11.561,11.546,11.56,316.0,316.0,3651.249,1
1787554800000,11.556,11.557,11.537,11.554,345.0,345.0,3983.428,1
1787555100000,11.559,11.579,11.554,11.579,438.0,438.5,5072.393,1
1787555400000,11.579,11.672,11.579,11.647,2102.0,2102.0,24457.478,1
1787555700000,11.641,11.646,11.602,11.614,2931.0,2931.8,34072.6907,1
1787556000000,11.611,11.611,11.557,11.566,382.0,382.9,4435.2656,1
1787556300000,11.565,11.577,11.546,11.554,451.0,451.0,5213.256,1
1787556600000,11.552,11.552,11.522,11.526,417.0,417.3,4813.6988,1
1787556900000,11.526,11.537,11.515,11.524,360.0,360.0,4148.142,1
1787557200000,11.524,11.524,11.501,11.504,548.0,548.7,6313.7634,1
1787557500000,11.501,11.544,11.501,11.532,314.0,314.0,3619.372,1
1787557800000,11.532,11.538,11.514,11.534,431.0,431.0,4968.123,1
1787558100000,11.533,11.534,11.507,11.509,408.0,408.7,4707.2105,1
1787558400000,11.518,11.522,11.459,11.47,582.0,582.8,6695.2115,1
1787558700000,11.46,11.509,11.46,11.475,352.0,352.4,4048.162,1
1787559000000,11.475,11.483,11.448,11.451,452.0,452.9,5190.1104,1
1787559300000,11.447,11.447,11.406,11.422,644.0,644.5,7362.5849,1
1787559600000,11.424,11.43,11.393,11.402,1270.0,1270.1,14503.7456,1
1787559900000,11.403,11.403,11.363,11.368,1532.0,1532.3,17422.8428,1
1787560200000,11.365,11.4,11.36,11.4,392.0,392.2,4461.7961,1
1787560500000,11.401,11.457,11.399,11.448,1319.0,1319.0,15054.8341,1
1787560800000,11.442,11.472,11.441,11.472,146.0,146.0,1673.375,1
1787561100000,11.472,11.495,11.461,11.495,240.0,240.9,2764.6919,1
1787561400000,11.502,11.514,11.495,11.504,1805.0,1805.1,20774.5178,1
1787561700000,11.504,11.506,11.488,11.49,183.0,183.0,2103.779,1
1787562000000,11.489,11.544,11.479,11.541,454.0,454.8,5241.4793,1
1787562300000,11.541,11.563,11.534,11.559,462.0,462.1,5336.9767,1
1787562600000,11.552,11.566,11.547,11.566,274.0,274.1,3167.5034,1
1787562900000,11.561,11.571,11.544,11.557,372.0,372.3,4302.1811,1
1787563200000,11.554,11.572,11.552,11.555,314.0,314.0,3630.63,1
1787563500000,11.559,11.579,11.553,11.576,241.0,241.7,2796.5072,1
1787563800000,11.575,11.596,11.568,11.596,709.0,709.8,8219.8723,1
1787564100000,11.596,11.6,11.584,11.6,1077.0,1077.3,12490.8519,1
1787564400000,11.6,11.604,11.588,11.597,1348.0,1348.7,15643.0082,1
1787564700000,11.599,11.609,11.59,11.596,500.0,500.7,5810.1246,1
1787565000000,11.596,11.596,11.572,11.577,293.0,293.0,3393.445,1
1787565300000,11.574,11.575,11.552,11.567,471.0,471.9,5457.7894,1
1787565600000,11.567,11.631,11.554,11.607,1984.0,1984.7,22985.6947,1
1787565900000,11.607,11.623,11.579,11.6,2292.0,2292.9,26633.685,1
1787566200000,11.6,11.638,11.6,11.626,852.0,852.5,9898.1465,1
1787566500000,11.623,11.629,11.594,11.629,273.0,273.0,3169.184,1
1787566800000,11.633,11.633,11.603,11.614,1937.0,1937.8,22520.2724,1
1787567100000,11.612,11.621,11.586,11.586,342.0,342.1,3972.3219,1
1787567400000,11.585,11.619,11.583,11.616,470.0,470.0,5455.274,1
1787567700000,11.616,11.617,11.582,11.582,301.0,301.3,3495.7405,1
1787568000000,11.58,11.591,11.544,11.544,951.0,951.6,10997.4662,1
1787568300000,11.544,11.579,11.542,11.576,315.0,315.1,3644.0744,1
1787568600000,11.578,11.578,11.531,11.536,948.0,948.6,10947.2467,1
1787568900000,11.536,11.559,11.522,11.557,4617.0,4617.8,53300.8318,1
1787569200000,11.558,11.558,11.496,11.543,3466.0,3466.5,39930.6524,1
1787569500000,11.543,11.563,11.531,11.555,1906.0,1906.4,22013.1045,1
1787569800000,11.552,11.592,11.548,11.592,429.0,429.0,4960.8932,1
1787570100000,11.592,11.592,11.561,11.584,360.0,360.0,4166.749,1
1787570400000,11.581,11.596,11.57,11.596,352.0,352.4,4082.8967,1
1787570700000,11.592,11.606,11.58,11.606,202.0,202.9,2352.0264,1
1787571000000,11.597,11.702,11.595,11.698,1154.0,1154.8,13447.7025,1
1787571300000,11.696,11.729,11.69,11.729,1812.0,1812.7,21225.7592,1
1787571600000,11.715,11.748,11.713,11.748,2495.0,2495.2,29296.295,1
1787571900000,11.747,11.748,11.683,11.697,2586.0,2586.8,30268.3115,1
1787572200000,11.698,11.718,11.684,11.692,839.0,839.7,9826.4753,1
1787572500000,11.696,11.72,11.67,11.72,714.0,714.7,8356.285,1
1787572800000,11.722,11.722,11.676,11.687,836.0,836.8,9781.0412,1
1787573100000,11.674,11.685,11.658,11.673,625.0,625.3,7299.2772,1
1787573400000,11.677,11.684,11.64,11.641,902.0,902.9,10526.7529,1
1787573700000,11.641,11.647,11.587,11.644,3072.0,3072.5,35697.2087,1
1787574000000,11.644,11.667,11.628,11.665,1018.0,1018.1,11866.651,1
1787574300000,11.665,11.686,11.657,11.674,925.0,925.0,10797.229,1
1787574600000,11.663,11.715,11.651,11.699,768.0,768.3,8978.342,1
1787574900000,11.697,11.717,11.685,11.708,664.0,664.9,7776.235,1
1787575200000,11.71,11.722,11.703,11.709,677.0,677.5,7935.1895,1
1787575500000,11.71,11.742,11.709,11.742,1891.0,1891.2,22179.9721,1
1787575800000,11.738,11.778,11.714,11.749,1178.0,1178.7,13838.0279,1
1787576100000,11.749,11.753,11.727,11.73,615.0,615.7,7229.4938,1
1787576400000,11.732,11.733,11.702,11.72,1676.0,1676.1,19636.5646,1
1787576700000,11.72,11.739,11.711,11.735,1389.0,1389.2,16296.4963,1
1787577000000,11.74,11.773,11.738,11.757,811.0,811.4,9538.2919,1
1787577300000,11.753,11.754,11.704,11.721,6265.0,6265.0,73517.1741,1
1787577600000,11.722,11.735,11.701,11.703,1396.0,1396.2,16374.3582,1
1787577900000,11.699,11.699,11.654,11.682,2240.0,2240.2,26131.756,1
1787578200000,11.683,11.683,11.555,11.606,3322.0,3322.1,38531.1129,1
1787578500000,11.613,11.625,11.58,11.608,929.0,929.1,10781.8955,1
1787578800000,11.61,11.61,11.534,11.55,12874.0,12874.6,148723.9396,1
1787579100000,11.55,11.579,11.509,11.561,13015.0,13015.8,150471.0214,1
1787579400000,11.556,11.579,11.528,11.557,911.0,911.0,10529.185,1
1787579700000,11.557,11.606,11.555,11.592,12123.0,12123.3,140469.0695,1
1787580000000,11.596,11.647,11.596,11.628,2129.0,2129.7,24727.918,1
1787580300000,11.629,11.65,11.621,11.645,1504.0,1504.6,17517.9905,1
1787580600000,11.645,11.672,11.632,11.669,1404.0,1404.4,16355.0748,1
1787580900000,11.671,11.684,11.645,11.668,709.0,709.2,8277.1418,1
1787581200000,11.665,11.751,11.649,11.65,4503.0,4503.1,52656.937,1
1787581500000,11.65,11.707,11.629,11.707,867.0,867.7,10116.3217,1
1787581800000,11.707,11.748,11.695,11.721,4094.0,4094.7,48036.3802,1
1787582100000,11.724,11.748,11.711,11.745,830.0,830.6,9738.8778,1
1787582400000,11.744,11.779,11.73,11.757,1115.0,1115.0,13105.9777,1
1787582700000,11.758,11.766,11.722,11.724,1110.0,1110.2,13030.4514,1
1787583000000,11.724,11.735,11.664,11.694,1360.0,1360.3,15898.2597,1
1787583300000,11.696,11.722,11.676,11.722,1523.0,1523.2,17832.5188,1
1787583600000,11.722,11.739,11.701,11.701,642.0,642.6,7529.4935,1
1787583900000,11.701,11.704,11.654,11.664,779.0,779.1,9098.0626,1
1787584200000,11.66,11.701,11.65,11.665,2937.0,2937.0,34265.1846,1
1787584500000,11.663,11.688,11.655,11.68,765.0,765.5,8936.6525,1
1787584800000,11.679,11.744,11.679,11.74,2147.0,2147.2,25168.8325,1
1787585100000,11.745,11.754,11.713,11.744,697.0,697.8,8190.1155,1
1787585400000,11.742,11.749,11.694,11.694,5357.0,5357.3,62709.1879,1
1787585700000,11.7,11.7,11.617,11.624,6254.0,6254.5,72886.1475,1
1787586000000,11.625,11.679,11.558,11.583,1614.0,1614.7,18754.9501,1
1787586300000,11.582,11.635,11.544,11.612,1692.0,1692.8,19628.5027,1
1787586600000,11.611,11.616,11.559,11.564,1361.0,1361.5,15783.551,1
1787586900000,11.558,11.57,11.516,11.57,7901.0,7901.3,91114.0664,1
1787587200000,11.57,11.615,11.57,11.59,8100.0,8100.4,93948.8783,1
1787587500000,11.588,11.665,11.585,11.618,806.0,806.1,9374.2281,1
1787587800000,11.622,11.652,11.617,11.649,6795.0,6795.9,79096.3123,1
1787588100000,11.646,11.694,11.646,11.684,1772.0,1772.2,20677.3729,1
1787588400000,11.693,11.693,11.662,11.666,934.0,934.6,10905.3858,1
1787588700000,11.665,11.665,11.644,11.649,1117.0,1117.7,13018.9642,1
1787589000000,11.648,11.662,11.637,11.646,511.0,511.3,5956.548,1
1787589300000,11.646,11.677,11.632,11.647,691.0,691.7,8061.7568,1
1787589600000,11.647,11.667,11.616,11.637,1133.0,1133.1,13187.3207,1
1787589900000,11.637,11.64,11.616,11.623,1365.0,1365.2,15872.557,1
1787590200000,11.624,11.627,11.514,11.523,4195.0,4195.6,48517.8174,1
1787590500000,11.525,11.566,11.515,11.541,6458.0,6458.0,74541.0839,1
1787590800000,11.544,11.544,11.414,11.496,9942.0,9942.7,114072.5802,1
1787591100000,11.5,11.565,11.491,11.562,1182.0,1182.5,13637.819,1
1787591400000,11.556,11.566,11.533,11.535,912.0,912.3,10536.3406,1
1787591700000,11.531,11.541,11.457,11.507,1676.0,1676.5,19276.5934,1
1787592000000,11.506,11.506,11.427,11.44,2323.0,2323.7,26650.1937,1
1787592300000,11.436,11.482,11.427,11.427,1059.0,1059.3,12130.9479,1
1787592600000,11.428,11.45,11.427,11.429,872.0,872.4,9976.7784,1
1787592900000,11.428,11.486,11.427,11.485,808.0,808.6,9264.2924,1
1787593200000,11.487,11.503,11.445,11.451,553.0,553.0,6349.0482,1
1787593500000,11.446,11.477,11.44,11.474,9883.0,9883.2,113333.4483,1
1787593800000,11.473,11.502,11.473,11.477,792.0,792.0,9097.7103,1
1787594100000,11.481,11.498,11.464,11.498,1824.0,1824.7,20939.6611,1
1787594400000,11.5,11.555,11.5,11.552,1098.0,1098.1,12670.9966,1
1787594700000,11.551,11.562,11.535,11.549,580.0,580.6,6704.4313,1
1787595000000,11.545,11.564,11.544,11.559,340.0,340.0,3927.343,1
1787595300000,11.563,11.579,11.557,11.57,386.0,386.6,4472.1839,1
1787595600000,11.569,11.579,11.563,11.577,404.0,404.8,4685.6274,1
1787595900000,11.575,11.605,11.573,11.589,9168.0,9168.5,106228.8031,1
1787596200000,11.592,11.611,11.581,11.581,416.0,416.6,4830.7454,1
1787596500000,11.582,11.596,11.546,11.579,1067.0,1067.9,12364.2468,1
1787596800000,11.584,11.608,11.582,11.602,412.0,412.1,4779.411,1
1787597100000,11.599,11.616,11.591,11.61,806.0,806.9,9366.9407,1
1787597400000,11.61,11.616,11.563,11.585,1207.0,1207.5,13996.2788,1
1787597700000,11.59,11.594,11.564,11.567,329.0,329.0,3808.149,1
1787598000000,11.574,11.596,11.562,11.562,437.0,437.0,5059.681,1
1787598300000,11.564,11.572,11.533,11.548,2929.0,2929.9,33846.6005,1
1787598600000,11.549,11.604,11.544,11.589,1315.0,1315.8,15254.0773,1
1787598900000,11.59,11.593,11.546,11.547,822.0,822.0,9502.171,1
1787599200000,11.547,11.564,11.546,11.559,442.0,442.0,5106.487,1
1787599500000,11.557,11.588,11.557,11.587,264.0,264.0,3056.323,1
1787599800000,11.589,11.589,11.561,11.568,310.0,310.0,3587.107,1
1787600100000,11.566,11.591,11.558,11.572,320.0,320.0,3703.842,1
1787600400000,11.572,11.573,11.552,11.568,311.0,311.9,3607.236,1
1787600700000,11.569,11.57,11.534,11.556,302.0,302.3,3491.527,1
1787601000000,11.56,11.564,11.514,11.536,409.0,409.1,4717.1956,1
1787601300000,11.535,11.556,11.535,11.556,353.0,353.2,4078.6615,1
1787601600000,11.565,11.574,11.501,11.505,1243.0,1243.3,14325.0927,1
1787601900000,11.505,11.557,11.505,11.552,373.0,373.4,4306.9123,1
1787602200000,11.558,11.564,11.523,11.534,261.0,261.7,3021.7443,1
1787602500000,11.532,11.535,11.509,11.535,282.0,282.2,3251.5224,1
1787602800000,11.536,11.547,11.528,11.533,245.0,245.0,2826.458,1
1787603100000,11.535,11.535,11.501,11.515,321.0,321.1,3697.6339,1
1787603400000,11.517,11.535,11.501,11.532,1104.0,1104.3,12706.8877,1
1787603700000,11.532,11.587,11.532,11.579,364.0,364.9,4220.8603,1
1787604000000,11.577,11.577,11.566,11.567,286.0,286.4,3314.4402,1
1787604300000,11.567,11.572,11.563,11.563,200.0,200.5,2319.0997,1
1787604600000,11.563,11.585,11.549,11.579,447.0,447.1,5174.5735,1
1787604900000,11.579,11.595,11.577,11.595,1023.0,1023.6,11854.6405,1
1787605200000,11.595,11.639,11.595,11.639,454.0,454.2,5276.0307,1
1787605500000,11.639,11.65,11.633,11.64,496.0,496.8,5782.4019,1
1787605800000,11.641,11.684,11.64,11.684,376.0,376.6,4389.9716,1
1787606100000,11.686,11.686,11.628,11.628,373.0,373.7,4352.6768,1
1787606400000,11.621,11.647,11.596,11.633,1183.0,1183.6,13739.9021,1
1787606700000,11.635,11.639,11.629,11.632,103.0,103.0,1198.242,1
1787607000000,11.632,11.649,11.629,11.634,237.0,237.9,2769.4123,1
1787607300000,11.633,11.633,11.607,11.621,272.0,272.3,3163.3315,1
1787607600000,11.628,11.648,11.624,11.638,118.0,118.0,1373.093,1
1787607900000,11.634,11.649,11.624,11.646,440.0,440.2,5121.6819,1
1787608200000,11.646,11.646,11.625,11.627,146.0,146.0,1698.976,1
1787608500000,11.628,11.645,11.624,11.643,179.0,179.0,2082.477,1
1787608800000,11.641,11.645,11.596,11.6,337.0,337.5,3920.101,1
1787609100000,11.6,11.611,11.59,11.593,599.0,599.3,6947.4884,1
1787609400000,11.59,11.598,11.586,11.591,533.0,533.2,6180.7096,1
1787609700000,11.59,11.611,11.588,11.594,687.0,687.0,7965.8741,1
1787610000000,11.591,11.602,11.579,11.579,235.0,235.0,2723.062,1
1787610300000,11.579,11.579,11.564,11.567,859.0,859.2,9939.1249,1
1787610600000,11.569,11.601,11.569,11.593,1271.0,1271.0,14727.988,1
1787610900000,11.591,11.624,11.591,11.617,13259.0,13259.9,153879.7585,1
1787611200000,11.608,11.628,11.608,11.612,690.0,690.0,8017.816,1
1787611500000,11.607,11.627,11.605,11.62,233.0,233.9,2717.4721,1
1787611800000,11.626,11.646,11.602,11.624,13011.0,13011.1,151088.4285,1
1787612100000,11.621,11.627,11.603,11.615,238.0,238.0,2764.461,1
1787612400000,11.616,11.63,11.553,11.589,3074.0,3074.7,35708.2032,1
1787612700000,11.584,11.614,11.584,11.609,767.0,767.5,8896.291,1
1787613000000,11.609,11.615,11.594,11.598,186.0,186.0,2158.823,1
1787613300000,11.597,11.608,11.586,11.59,155.0,155.2,1800.063,1
1787613600000,11.592,11.639,11.591,11.63,317.0,317.1,3683.8905,1
1787613900000,11.626,11.629,11.607,11.607,212.0,212.0,2463.088,1
1787614200000,11.607,11.633,11.607,11.614,305.0,305.8,3553.7498,1
1787614500000,11.614,11.631,11.607,11.628,493.0,493.2,5732.2176,1
1787614800000,11.623,11.631,11.617,11.617,191.0,191.0,2219.832,1
1787615100000,11.618,11.63,11.605,11.626,268.0,268.0,3114.172,1
1787615400000,11.624,11.625,11.605,11.613,222.0,222.0,2578.789,1
1787615700000,11.613,11.629,11.607,11.629,279.0,279.8,3251.6511,1
1787616000000,11.627,11.631,11.616,11.616,589.0,589.1,6846.5419,1
1787616300000,11.616,11.647,11.593,11.632,551.0,551.9,6415.949,1
1787616600000,11.631,11.647,11.624,11.637,598.0,598.4,6965.5194,1
1787616900000,11.634,11.635,11.602,11.629,1326.0,1326.2,15411.559,1
1787617200000,11.624,11.67,11.618,11.656,1743.0,1743.5,20312.5598,1
1787617500000,11.661,11.672,11.646,11.649,796.0,796.1,9280.4799,1
1787617800000,11.646,11.672,11.643,11.666,526.0,526.6,6137.864,1
1787618100000,11.668,11.705,11.668,11.687,2239.0,2239.2,26191.1423,1
1787618400000,11.685,11.744,11.677,11.743,493.0,493.4,5778.0447,1
1787618700000,11.744,11.779,11.734,11.741,2019.0,2019.5,23740.5678,1
1787619000000,11.744,11.779,11.723,11.779,1311.0,1311.2,15414.9853,1
1787619300000,11.777,11.778,11.731,11.731,1449.0,1449.1,17028.2156,1
1787619600000,11.73,11.788,11.73,11.782,532.0,532.4,6263.9894,1
1787619900000,11.778,11.778,11.726,11.745,559.0,559.6,6573.8102,1
1787620200000,11.738,11.74,11.722,11.726,993.0,993.6,11656.877,1
1787620500000,11.729,11.735,11.702,11.719,3199.0,3199.7,37465.0119,1
1787620800000,11.719,11.737,11.714,11.722,416.0,416.8,4885.949,1
1787621100000,11.717,11.767,11.717,11.76,5769.0,5769.9,67844.5394,1
1787621400000,11.76,11.765,11.724,11.73,437.0,437.1,5134.0555,1
1787621700000,11.722,11.754,11.707,11.754,5719.0,5719.5,67019.7294,1
1787622000000,11.754,11.785,11.739,11.739,457.0,457.0,5374.8845,1
1787622300000,11.746,11.782,11.744,11.771,826.0,826.1,9715.6949,1
1787622600000,11.771,11.773,11.713,11.744,574.0,574.9,6755.9447,1
1787622900000,11.75,11.785,11.75,11.779,312.0,312.6,3678.9323,1
1787623200000,11.778,11.779,11.749,11.757,514.0,514.5,6052.2885,1
1787623500000,11.753,11.765,11.739,11.75,268.0,268.0,3149.469,1
1787623800000,11.752,11.768,11.739,11.743,349.0,349.0,4102.078,1
1787624100000,11.758,11.888,11.752,11.875,2591.0,2591.1,30696.1357,1
1787624400000,11.888,11.957,11.851,11.875,2324.0,2324.6,27615.3194,1
1787624700000,11.876,11.931,11.858,11.931,1741.0,1741.7,20691.3126,1
1787625000000,11.924,11.939,11.881,11.909,1850.0,1850.9,22051.0029,1
1787625300000,11.906,11.909,11.863,11.876,1504.0,1504.5,17869.4552,1
1787625600000,11.876,11.902,11.849,11.849,1260.0,1260.8,14982.6599,1
1787625900000,11.85,11.851,11.804,11.804,2109.0,2109.8,24957.5749,1
1787626200000,11.801,11.803,11.769,11.791,3625.0,3625.3,42695.5511,1
1787626500000,11.79,11.825,11.788,11.812,1640.0,1640.7,19360.8444,1
1787626800000,11.814,11.854,11.805,11.848,1199.0,1199.1,14166.0843,1
1787627100000,11.848,11.899,11.848,11.878,706.0,706.0,8388.4436,1
1787627400000,11.87,11.874,11.844,11.847,491.0,491.1,5825.4683,1
1787627700000,11.84,11.861,11.812,11.839,466.0,466.6,5524.4077,1
1787628000000,11.846,11.855,11.812,11.812,746.0,746.9,8833.1344,1
1787628300000,11.813,11.816,11.781,11.816,723.0,723.3,8541.6659,1
1787628600000,11.813,11.849,11.804,11.811,590.0,590.1,6976.99,1
1787628900000,11.813,11.821,11.783,11.814,632.0,632.6,7466.9503,1
1787629200000,11.818,11.818,11.75,11.75,1267.0,1267.0,14913.8398,1
1787629500000,11.751,11.778,11.716,11.737,13564.0,13564.8,159337.598,1
1787629800000,11.74,11.775,11.739,11.749,3306.0,3306.4,38844.1772,1
1787630100000,11.749,11.751,11.716,11.745,449.0,449.8,5278.8843,1
1787630400000,11.747,11.788,11.736,11.736,1748.0,1748.3,20596.1304,1
1787630700000,11.742,11.746,11.683,11.732,5399.0,5399.4,63237.4334,1
1787631000000,11.73,11.758,11.724,11.757,462.0,462.3,5429.6775,1
1787631300000,11.757,11.757,11.708,11.717,514.0,514.7,6034.2889,1
1787631600000,11.717,11.758,11.706,11.758,392.0,392.2,4602.8774,1
1787631900000,11.756,11.758,11.722,11.722,275.0,275.2,3230.6434,1
1787632200000,11.731,11.754,11.698,11.735,600.0,600.0,7036.534,1
1787632500000,11.74,11.785,11.737,11.748,1458.0,1458.8,17136.0167,1
1787632800000,11.744,11.764,11.727,11.727,404.0,404.1,4744.0719,1
1787633100000,11.726,11.77,11.722,11.77,405.0,405.2,4760.9866,1
1787633400000,11.77,11.778,11.74,11.745,414.0,414.4,4874.8862,1
1787633700000,11.745,11.754,11.722,11.754,295.0,295.0,3462.244,1
1787634000000,11.753,11.794,11.735,11.777,577.0,577.6,6801.8446,1
1787634300000,11.777,11.808,11.777,11.804,250.0,250.9,2959.6646,1
1787634600000,11.802,11.809,11.78,11.782,514.0,514.0,6061.376,1
1787634900000,11.779,11.792,11.767,11.792,1526.0,1526.0,17970.0303,1
1787635200000,11.786,11.804,11.786,11.799,400.0,400.0,4717.714,1
1787635500000,11.799,11.83,11.798,11.798,343.0,343.6,4059.5137,1
1787635800000,11.801,11.82,11.798,11.811,531.0,531.0,6269.7349,1
1787636100000,11.814,11.817,11.797,11.804,353.0,353.3,4172.0847,1
1787636400000,11.804,11.814,11.777,11.78,329.0,329.1,3882.2345,1
1787636700000,11.774,11.805,11.774,11.801,338.0,338.0,3986.515,1
1787637000000,11.799,11.811,11.793,11.8,355.0,355.6,4197.0686,1
1787637300000,11.802,11.813,11.795,11.803,259.0,259.0,3057.956,1
1787637600000,11.804,11.826,11.802,11.814,433.0,433.9,5125.8774,1
1787637900000,11.814,11.822,11.802,11.809,306.0,306.0,3613.451,1
1787638200000,11.81,11.81,11.792,11.8,391.0,391.9,4623.5575,1
1787638500000,11.801,11.816,11.792,11.8,273.0,273.0,3221.785,1
1787638800000,11.803,11.815,11.787,11.804,427.0,427.2,5040.315,1
1787639100000,11.803,11.815,11.8,11.812,162.0,162.0,1913.177,1
1787639400000,11.807,11.807,11.776,11.805,388.0,388.0,4575.148,1
1787639700000,11.805,11.805,11.768,11.777,213.0,213.2,2510.5672,1
1787640000000,11.777,11.778,11.762,11.763,248.0,248.7,2927.4472,1
1787640300000,11.763,11.764,11.736,11.737,366.0,366.6,4307.4963,1
1787640600000,11.738,11.738,11.708,11.718,643.0,643.8,7544.4571,1
1787640900000,11.715,11.725,11.698,11.725,442.0,442.2,5176.3064,1
1787641200000,11.725,11.782,11.715,11.777,366.0,366.1,4303.6038,1
1787641500000,11.781,11.792,11.767,11.774,219.0,219.0,2579.821,1
1787641800000,11.774,11.78,11.763,11.765,626.0,626.6,7377.7362,1
1787642100000,11.762,11.77,11.746,11.746,199.0,199.0,2339.452,1
1787642400000,11.747,11.753,11.745,11.745,192.0,192.5,2261.6435,1
1787642700000,11.746,11.761,11.739,11.755,180.0,180.0,2115.028,1
1787643000000,11.753,11.755,11.739,11.745,236.0,236.0,2771.928,1
1787643300000,11.744,11.753,11.72,11.72,1314.0,1314.6,15415.1944,1
1787643600000,11.723,11.743,11.721,11.721,175.0,175.0,2052.95,1
1787643900000,11.721,11.729,11.532,11.579,4588.0,4588.0,53288.6746,1
1787644200000,11.579,11.602,11.495,11.596,1737.0,1737.3,20096.4633,1
1787644500000,11.598,11.608,11.58,11.588,1042.0,1042.2,12084.2006,1
1787644800000,11.587,11.602,11.574,11.59,639.0,639.5,7410.468,1
1787645100000,11.587,11.598,11.58,11.59,831.0,831.6,9637.4819,1
1787645400000,11.591,11.615,11.591,11.615,836.0,836.6,9711.2556,1
1787645700000,11.615,11.641,11.612,11.632,431.0,431.3,5017.165,1
1787646000000,11.636,11.66,11.631,11.657,308.0,308.0,3586.1003,1
1787646300000,11.655,11.665,11.644,11.644,401.0,401.9,4685.5012,1
1787646600000,11.644,11.653,11.625,11.642,1010.0,1010.8,11762.0274,1
1787646900000,11.642,11.642,11.619,11.619,526.0,526.3,6124.5533,1
1787647200000,11.619,11.627,11.599,11.625,211.0,211.1,2451.6435,1
1787647500000,11.63,11.63,11.599,11.599,293.0,293.9,3411.9201,1
1787647800000,11.599,11.599,11.581,11.584,1202.0,1202.6,13936.295,1
1787648100000,11.591,11.605,11.578,11.605,1033.0,1033.2,11982.5458,1
1787648400000,11.605,11.605,11.564,11.565,326.0,326.0,3776.511,1
1787648700000,11.57,11.622,11.566,11.622,552.0,552.7,6407.9901,1
1787649000000,11.622,11.65,11.615,11.643,433.0,433.5,5040.9679,1
1787649300000,11.643,11.669,11.64,11.665,427.0,427.3,4981.1359,1
1787649600000,11.664,11.686,11.664,11.684,277.0,277.9,3245.1262,1
1787649900000,11.682,11.684,11.66,11.667,434.0,434.8,5073.7767,1
1787650200000,11.675,11.691,11.672,11.691,292.0,292.1,3412.3766,1
1787650500000,11.687,11.69,11.677,11.681,266.0,266.0,3107.454,1
1787650800000,11.681,11.692,11.675,11.675,370.0,370.6,4329.0726,1
1787651100000,11.675,11.681,11.652,11.652,371.0,371.0,4329.565,1
1787651400000,11.655,11.655,11.525,11.563,1599.0,1599.0,18531.7139,1
1787651700000,11.561,11.579,11.553,11.574,630.0,630.8,7298.0702,1
1787652000000,11.575,11.576,11.527,11.564,1257.0,1257.3,14520.7534,1
1787652300000,11.561,11.571,11.539,11.551,807.0,807.5,9334.856,1
1787652600000,11.551,11.576,11.549,11.556,317.0,317.6,3672.2562,1
1787652900000,11.56,11.579,11.557,11.577,349.0,349.8,4046.1928,1
1787653200000,11.578,11.579,11.557,11.562,293.0,293.6,3397.7948,1
1787653500000,11.563,11.567,11.542,11.553,391.0,391.0,4519.7122,1
1787653800000,11.553,11.562,11.537,11.55,313.0,313.0,3615.133,1
1787654100000,11.554,11.562,11.543,11.556,256.0,256.6,2964.5352,1
1787654400000,11.56,11.568,11.556,11.564,242.0,242.0,2797.799,1
1787654700000,11.567,11.587,11.557,11.567,333.0,333.1,3855.3879,1
1787655000000,11.565,11.584,11.562,11.583,165.0,165.0,1909.843,1
1787655300000,11.587,11.591,11.576,11.578,205.0,205.9,2384.9733,1
1787655600000,11.576,11.577,11.56,11.56,253.0,253.9,2936.2477,1
1787655900000,11.56,11.589,11.558,11.57,1125.0,1125.0,13031.432,1
1787656200000,11.571,11.571,11.534,11.536,337.0,337.1,3893.7204,1
1787656500000,11.535,11.57,11.534,11.556,486.0,486.5,5619.1563,1
1787656800000,11.56,11.57,11.555,11.563,566.0,566.0,6545.5453,1
1787657100000,11.558,11.565,11.54,11.552,252.0,252.0,2910.525,1
1787657400000,11.557,11.575,11.556,11.575,277.0,277.3,3206.9694,1
1787657700000,11.575,11.595,11.575,11.581,282.0,282.1,3268.6599,1
1787658000000,11.581,11.581,11.556,11.556,144.0,144.0,1666.056,1
1787658300000,11.556,11.569,11.55,11.555,252.0,252.0,2912.619,1
1787658600000,11.555,11.573,11.555,11.556,358.0,358.7,4148.3642,1
1787658900000,11.553,11.575,11.545,11.548,353.0,353.4,4084.3027,1
1787659200000,11.55,11.562,11.53,11.538,822.0,822.0,9488.05,1
1787659500000,11.537,11.537,11.488,11.531,1477.0,1477.8,17002.2297,1
1787659800000,11.532,11.579,11.527,11.578,502.0,502.0,5802.4288,1
1787660100000,11.578,11.591,11.572,11.582,1804.0,1804.2,20903.2244,1
1787660400000,11.584,11.585,11.544,11.568,506.0,506.0,5850.122,1
1787660700000,11.573,11.579,11.527,11.56,574.0,574.4,6634.3232,1
1787661000000,11.56,11.586,11.547,11.579,317.0,317.6,3673.8629,1
1787661300000,11.568,11.576,11.558,11.558,320.0,320.6,3708.1546,1
1787661600000,11.558,11.579,11.522,11.579,513.0,513.3,5929.1734,1
1787661900000,11.578,11.609,11.57,11.601,948.0,948.8,10999.9206,1
1787662200000,11.602,11.634,11.602,11.632,561.0,561.2,6524.3862,1
1787662500000,11.635,11.636,11.608,11.616,155.0,155.7,1809.2072,1
1787662800000,11.615,11.639,11.609,11.639,459.0,459.4,5340.5706,1
1787663100000,11.639,11.646,11.58,11.585,798.0,798.1,9282.8463,1
1787663400000,11.581,11.588,11.541,11.546,673.0,673.5,7787.2803,1
1787663700000,11.544,11.544,11.461,11.493,714.0,714.4,8220.5575,1
1787664000000,11.497,11.509,11.46,11.479,9682.0,9682.3,111117.6904,1
1787664300000,11.481,11.497,11.445,11.46,1862.0,1862.1,21339.2591,1
1787664600000,11.454,11.528,11.446,11.528,1407.0,1407.5,16180.8583,1
1787664900000,11.532,11.559,11.519,11.524,10941.0,10941.5,126177.751,1
1787665200000,11.524,11.552,11.474,11.478,785.0,785.9,9051.7964,1
1787665500000,11.478,11.494,11.453,11.457,1376.0,1376.5,15791.0731,1
1787665800000,11.455,11.458,11.37,11.411,9276.0,9276.3,105844.5369,1
1787666100000,11.406,11.474,11.389,11.473,7377.0,7377.6,84446.4823,1
1787666400000,11.472,11.485,11.443,11.475,966.0,966.1,11083.3242,1
1787666700000,11.475,11.491,11.46,11.487,802.0,802.4,9210.2241,1
1787667000000,11.49,11.509,11.489,11.498,913.0,913.6,10507.4892,1
1787667300000,11.498,11.525,11.491,11.504,569.0,569.0,6551.576,1
1787667600000,11.503,11.534,11.497,11.525,678.0,678.7,7822.0079,1
1787667900000,11.534,11.564,11.528,11.546,1134.0,1134.0,13097.4035,1
1787668200000,11.54,11.585,11.526,11.563,991.0,991.3,11463.222,1
1787668500000,11.562,11.572,11.536,11.54,576.0,576.6,6665.1592,1
1787668800000,11.537,11.545,11.527,11.531,443.0,443.0,5110.067,1
1787669100000,11.534,11.563,11.534,11.547,480.0,480.3,5546.9859,1
1787669400000,11.544,11.587,11.54,11.582,613.0,613.1,7095.0419,1
1787669700000,11.582,11.596,11.573,11.583,680.0,680.0,7878.0961,1
1787670000000,11.589,11.595,11.572,11.573,571.0,571.3,6617.0688,1
1787670300000,11.581,11.593,11.555,11.558,674.0,674.2,7801.0226,1
1787670600000,11.554,11.562,11.534,11.534,565.0,565.7,6528.9911,1
1787670900000,11.534,11.579,11.529,11.575,387.0,387.9,4485.1006,1
1787671200000,11.572,11.587,11.55,11.55,579.0,579.1,6700.2599,1
1787671500000,11.548,11.549,11.525,11.542,945.0,945.0,10902.9124,1
1787671800000,11.546,11.575,11.539,11.568,398.0,398.0,4601.149,1
1787672100000,11.568,11.579,11.547,11.548,485.0,485.0,5608.227,1
1787672400000,11.545,11.545,11.529,11.534,414.0,414.0,4775.697,1
1787672700000,11.531,11.532,11.504,11.504,496.0,496.9,5723.8469,1
1787673000000,11.504,11.544,11.504,11.539,1122.0,1122.7,12938.8744,1
1787673300000,11.539,11.583,11.539,11.579,839.0,839.1,9707.3994,1
1787673600000,11.579,11.599,11.573,11.591,837.0,837.1,9694.5007,1
1787673900000,11.591,11.591,11.556,11.556,2636.0,2636.9,30522.1416,1
1787674200000,11.561,11.561,11.51,11.512,1623.0,1623.2,18699.7312,1
1787674500000,11.51,11.542,11.509,11.534,414.0,414.6,4778.566,1
1787674800000,11.536,11.536,11.486,11.498,453.0,453.4,5218.8623,1
1787675100000,11.498,11.509,11.492,11.509,284.0,284.0,3265.941,1
1787675400000,11.51,11.548,11.51,11.532,545.0,545.0,6288.0708,1
1787675700000,11.533,11.536,11.521,11.533,746.0,746.7,8609.7511,1
1787676000000,11.537,11.553,11.525,11.525,325.0,325.1,3751.3033,1
1787676300000,11.524,11.546,11.524,11.543,567.0,567.4,6544.9784,1
1787676600000,11.542,11.542,11.523,11.525,486.0,486.0,5606.68,1
1787676900000,11.524,11.524,11.509,11.517,237.0,237.0,2729.233,1
1787677200000,11.516,11.52,11.48,11.481,430.0,430.6,4954.3512,1
1787677500000,11.481,11.491,11.441,11.447,1904.0,1904.9,21812.3029,1
1787677800000,11.447,11.477,11.441,11.477,455.0,455.4,5216.7322,1
1787678100000,11.482,11.504,11.474,11.5,549.0,549.7,6319.3328,1
1787678400000,11.5,11.509,11.459,11.467,440.0,440.7,5063.9824,1
1787678700000,11.467,11.47,11.45,11.45,540.0,540.5,6194.2541,1
1787679000000,11.454,11.518,11.454,11.495,570.0,570.4,6551.2773,1
1787679300000,11.495,11.503,11.486,11.488,306.0,306.0,3516.657,1
1787679600000,11.493,11.525,11.491,11.521,245.0,245.0,2820.38,1
1787679900000,11.522,11.557,11.516,11.557,517.0,517.8,5975.8019,1
1787680200000,11.554,11.555,11.53,11.533,577.0,577.5,6664.367,1
1787680500000,11.534,11.557,11.532,11.534,240.0,240.0,2769.799,1
1787680800000,11.536,11.549,11.521,11.527,360.0,360.0,4152.552,1
1787681100000,11.522,11.535,11.522,11.535,362.0,362.0,4172.59,1
1787681400000,11.537,11.555,11.533,11.544,2558.0,2558.3,29515.7001,1
1787681700000,11.545,11.55,11.524,11.524,273.0,273.0,3148.442,1
1787682000000,11.527,11.569,11.525,11.552,304.0,304.2,3510.842,1
1787682300000,11.552,11.552,11.541,11.552,164.0,164.0,1893.555,1
1787682600000,11.569,11.572,11.548,11.55,269.0,269.6,3117.6122,1
1787682900000,11.55,11.57,11.546,11.57,208.0,208.0,2403.945,1
1787683200000,11.57,11.571,11.552,11.569,137.0,137.7,1592.0273,1
1787683500000,11.573,11.576,11.555,11.561,192.0,192.1,2221.9665,1
1787683800000,11.567,11.567,11.54,11.542,580.0,580.3,6703.8496,1
1787684100000,11.542,11.556,11.54,11.556,178.0,178.0,2055.5,1
1787684400000,11.559,11.572,11.521,11.521,257.0,257.3,2971.9102,1
1787684700000,11.521,11.549,11.516,11.549,244.0,244.3,2817.3494,1
1787685000000,11.553,11.565,11.545,11.556,183.0,183.0,2114.469,1
1787685300000,11.556,11.556,11.536,11.549,259.0,259.0,2989.963,1
1787685600000,11.552,11.552,11.515,11.525,549.0,549.2,6329.8994,1
1787685900000,11.524,11.524,11.484,11.485,764.0,764.3,8787.6605,1
1787686200000,11.481,11.484,11.456,11.478,2217.0,2217.4,25428.0346,1
1787686500000,11.482,11.501,11.471,11.471,233.0,233.0,2676.174,1
1787686800000,11.473,11.474,11.445,11.446,479.0,479.4,5495.8448,1
1787687100000,11.445,11.458,11.445,11.448,9327.0,9327.6,106803.1029,1
1787687400000,11.445,11.482,11.445,11.466,2207.0,2207.9,25343.3008,1
1787687700000,11.461,11.477,11.457,11.461,222.0,222.0,2545.612,1
1787688000000,11.455,11.468,11.373,11.408,642.0,642.1,7333.6057,1
1787688300000,11.407,11.436,11.397,11.435,512.0,512.6,5855.0446,1
1787688600000,11.435,11.448,11.435,11.448,201.0,201.0,2299.4124,1
1787688900000,11.441,11.474,11.43,11.474,590.0,590.4,6759.9292,1
1787689200000,11.474,11.474,11.435,11.465,222.0,222.0,2542.005,1
1787689500000,11.464,11.466,11.424,11.424,279.0,279.7,3200.5813,1
1787689800000,11.42,11.431,11.404,11.416,715.0,715.6,8171.3102,1
1787690100000,11.414,11.428,11.375,11.376,16358.0,16358.1,186464.9039,1
1787690400000,11.376,11.38,11.312,11.34,5711.0,5711.6,64857.7322,1
1787690700000,11.334,11.352,11.283,11.283,2015.0,2015.6,22811.0747,1
1787691000000,11.284,11.313,11.283,11.295,7359.0,7359.5,83151.1734,1
1787691300000,11.295,11.295,11.26,11.274,778.0,778.9,8784.7492,1
1787691600000,11.272,11.294,11.258,11.27,2792.0,2792.7,31494.298,1
1787691900000,11.275,11.288,11.135,11.189,9633.0,9633.3,107913.8219,1
1787692200000,11.184,11.265,11.184,11.26,1384.0,1384.0,15552.3279,1
1787692500000,11.254,11.287,11.24,11.283,5281.0,5281.3,59554.1869,1
1787692800000,11.284,11.284,11.228,11.241,746.0,746.9,8395.6066,1
1787693100000,11.241,11.279,11.229,11.279,520.0,520.1,5856.7152,1
1787693400000,11.275,11.314,11.274,11.314,5569.0,5569.2,62983.9969,1
1787693700000,11.314,11.349,11.314,11.349,2196.0,2196.5,24896.4161,1
1787694000000,11.35,11.353,11.341,11.342,1549.0,1549.9,17590.035,1
1787694300000,11.342,11.345,11.33,11.332,156.0,156.9,1778.7458,1
1787694600000,11.332,11.334,11.312,11.315,320.0,320.4,3627.4125,1
1787694900000,11.315,11.326,11.302,11.311,806.0,806.3,9124.8444,1
1787695200000,11.31,11.36,11.31,11.355,5458.0,5458.9,61982.2018,1
1787695500000,11.357,11.394,11.357,11.372,1226.0,1226.8,13951.6783,1
1787695800000,11.372,11.387,11.369,11.386,768.0,768.4,8741.3094,1
1787696100000,11.386,11.396,11.384,11.393,989.0,989.5,11270.4209,1
1787696400000,11.393,11.394,11.364,11.368,619.0,619.6,7047.0484,1
1787696700000,11.364,11.364,11.327,11.35,777.0,777.6,8823.5001,1
1787697000000,11.35,11.384,11.344,11.384,349.0,349.3,3967.6677,1
1787697300000,11.384,11.389,11.357,11.358,305.0,305.5,3474.22,1
1787697600000,11.353,11.358,11.344,11.344,226.0,226.1,2567.1047,1
1787697900000,11.349,11.38,11.349,11.376,341.0,341.7,3885.0967,1
1787698200000,11.375,11.383,11.375,11.38,154.0,154.6,1759.032,1
1787698500000,11.384,11.39,11.372,11.372,434.0,434.0,4938.045,1
1787698800000,11.372,11.394,11.371,11.393,466.0,466.1,5307.384,1
1787699100000,11.393,11.404,11.374,11.374,482.0,482.9,5503.6746,1
1787699400000,11.374,11.385,11.369,11.381,173.0,173.0,1968.155,1
1787699700000,11.379,11.394,11.352,11.356,298.0,298.9,3400.0785,1
1787700000000,11.353,11.356,11.335,11.34,243.0,243.7,2764.8946,1
1787700300000,11.342,11.369,11.337,11.366,759.0,759.0,8619.026,1
1787700600000,11.367,11.369,11.339,11.348,6462.0,6462.8,73391.6018,1
1787700900000,11.345,11.349,11.335,11.335,218.0,218.1,2473.5625,1
1787701200000,11.33,11.33,11.294,11.294,250.0,250.2,2830.788,1
1787701500000,11.294,11.298,11.275,11.29,364.0,364.0,4108.8326,1
1787701800000,11.288,11.29,11.246,11.255,837.0,837.7,9434.0168,1
1787702100000,11.26,11.29,11.255,11.285,378.0,378.8,4272.8122,1
1787702400000,11.287,11.299,11.259,11.299,403.0,403.3,4547.8115,1
1787702700000,11.3,11.3,11.253,11.259,540.0,540.3,6087.7022,1
1787703000000,11.256,11.268,11.243,11.243,628.0,628.6,7071.7612,1
1787703300000,11.24,11.277,11.24,11.261,603.0,603.3,6791.9742,1
1787703600000,11.264,11.265,11.24,11.265,574.0,574.2,6463.4886,1
1787703900000,11.266,11.274,11.255,11.274,368.0,368.0,4145.505,1
1787704200000,11.274,11.291,11.268,11.279,540.0,540.3,6094.6784,1
1787704500000,11.279,11.279,11.242,11.244,424.0,424.8,4781.2913,1
1787704800000,11.244,11.265,11.231,11.251,314.0,314.0,3532.697,1
1787705100000,11.251,11.267,11.242,11.266,475.0,475.0,5345.66,1
1787705400000,11.267,11.334,11.267,11.332,443.0,443.2,5013.4926,1
1787705700000,11.329,11.332,11.306,11.308,491.0,491.5,5565.2678,1
1787706000000,11.307,11.374,11.302,11.374,407.0,407.6,4621.108,1
1787706300000,11.374,11.398,11.371,11.376,368.0,368.0,4191.1322,1
1787706600000,11.376,11.384,11.351,11.356,516.0,516.8,5876.1954,1
1787706900000,11.357,11.378,11.355,11.368,367.0,367.9,4182.3535,1
1787707200000,11.368,11.382,11.36,11.37,327.0,327.0,3717.622,1
1787707500000,11.366,11.367,11.35,11.353,214.0,214.8,2439.4128,1
1787707800000,11.352,11.404,11.352,11.403,708.0,708.2,8068.9496,1
1787708100000,11.404,11.425,11.403,11.408,1059.0,1059.9,12104.3494,1
1787708400000,11.408,11.424,11.394,11.396,281.0,281.7,3212.685,1
1787708700000,11.396,11.398,11.385,11.385,359.0,359.0,4090.62,1
1787709000000,11.387,11.392,11.375,11.391,230.0,230.0,2617.886,1
1787709300000,11.386,11.386,11.377,11.379,167.0,167.6,1907.3035,1
1787709600000,11.382,11.39,11.358,11.364,398.0,398.5,4533.5155,1
1787709900000,11.367,11.367,11.335,11.339,262.0,262.6,2980.4908,1
1787710200000,11.336,11.354,11.335,11.344,297.0,297.7,3378.5992,1
1787710500000,11.347,11.394,11.347,11.382,257.0,257.1,2922.8211,1
1787710800000,11.386,11.391,11.364,11.371,306.0,306.0,3481.186,1
1787711100000,11.378,11.414,11.374,11.414,347.0,347.1,3957.5835,1
1787711400000,11.425,11.425,11.401,11.409,253.0,253.3,2890.1903,1
1787711700000,11.411,11.416,11.4,11.4,375.0,375.5,4283.1223,1
1787712000000,11.403,11.422,11.403,11.412,265.0,265.0,3023.872,1
1787712300000,11.413,11.42,11.41,11.414,184.0,184.0,2100.181,1
1787712600000,11.414,11.424,11.411,11.421,213.0,213.6,2438.7689,1
1787712900000,11.423,11.43,11.423,11.427,235.0,235.0,2685.5672,1
1787713200000,11.419,11.44,11.405,11.419,16376.0,16376.7,187109.9534,1
1787713500000,11.419,11.44,11.419,11.424,400.0,400.3,4577.495,1
1787713800000,11.427,11.44,11.427,11.432,203.0,203.7,2329.522,1
1787714100000,11.435,11.436,11.404,11.404,245.0,245.0,2798.096,1
1787714400000,11.413,11.438,11.406,11.426,135.0,135.0,1541.884,1
1787714700000,11.426,11.43,11.405,11.409,171.0,171.0,1952.536,1
1787715000000,11.405,11.406,11.378,11.384,771.0,771.5,8788.1825,1
1787715300000,11.384,11.418,11.383,11.398,317.0,317.7,3623.3036,1
1787715600000,11.397,11.405,11.382,11.402,225.0,225.2,2566.3324,1
1787715900000,11.406,11.415,11.375,11.375,246.0,246.1,2803.8865,1
1787716200000,11.376,11.392,11.369,11.382,585.0,585.3,6658.8667,1
1787716500000,11.392,11.41,11.391,11.391,188.0,188.0,2143.539,1
1787716800000,11.388,11.391,11.369,11.371,414.0,414.1,4710.7478,1
1787717100000,11.371,11.411,11.371,11.411,310.0,310.2,3533.3548,1
1787717400000,11.409,11.426,11.404,11.411,603.0,603.4,6888.7858,1
1787717700000,11.415,11.434,11.408,11.434,197.0,197.9,2260.0493,1
1787718000000,11.434,11.445,11.416,11.445,576.0,576.4,6585.4952,1
1787718300000,11.445,11.448,11.427,11.427,269.0,269.9,3087.3755,1
1787718600000,11.429,11.433,11.405,11.407,313.0,313.0,3574.776,1
1787718900000,11.415,11.444,11.411,11.413,226.0,226.2,2584.8618,1
1787719200000,11.413,11.431,11.413,11.423,234.0,234.1,2673.511,1
1787719500000,11.416,11.416,11.381,11.4,458.0,458.3,5221.7389,1
1787719800000,11.4,11.422,11.396,11.41,338.0,338.0,3854.9,1
1787720100000,11.395,11.398,11.369,11.369,238.0,238.0,2707.7025,1
1787720400000,11.367,11.385,11.355,11.362,389.0,389.0,4422.282,1
1787720700000,11.362,11.362,11.313,11.324,1637.0,1637.2,18537.5885,1
1787721000000,11.324,11.343,11.317,11.318,221.0,221.0,2503.054,1
1787721300000,11.315,11.331,11.304,11.304,516.0,516.6,5844.7644,1
1787721600000,11.304,11.374,11.304,11.374,380.0,380.4,4315.7935,1
1787721900000,11.374,11.387,11.353,11.37,394.0,394.0,4478.464,1
1787722200000,11.366,11.402,11.362,11.395,415.0,415.9,4735.8106,1
1787722500000,11.394,11.403,11.382,11.394,231.0,231.0,2631.853,1
1787722800000,11.394,11.401,11.388,11.391,259.0,259.1,2952.4185,1
1787723100000,11.391,11.398,11.385,11.396,226.0,226.0,2574.764,1
1787723400000,11.396,11.396,11.373,11.374,160.0,160.0,1821.254,1
1787723700000,11.374,11.391,11.374,11.387,16142.0,16142.5,183749.3203,1
1787724000000,11.384,11.397,11.379,11.397,218.0,218.0,2483.127,1
1787724300000,11.394,11.41,11.394,11.4,243.0,243.1,2771.8444,1
1787724600000,11.398,11.398,11.369,11.37,280.0,280.0,3185.405,1
1787724900000,11.369,11.376,11.345,11.345,133.0,133.1,1512.5939,1
1787725200000,11.345,11.362,11.337,11.337,193.0,193.2,2192.6743,1
1787725500000,11.336,11.345,11.325,11.33,205.0,205.7,2331.8585,1
1787725800000,11.331,11.345,11.324,11.338,346.0,346.0,3922.788,1
1787726100000,11.338,11.346,11.32,11.334,264.0,264.0,2991.719,1
1787726400000,11.338,11.369,11.337,11.366,244.0,244.6,2777.01,1
1787726700000,11.366,11.368,11.337,11.349,285.0,285.2,3237.7871,1
1787727000000,11.349,11.36,11.346,11.359,148.0,148.0,1680.307,1
1787727300000,11.359,11.371,11.354,11.366,143.0,143.1,1626.0839,1
1787727600000,11.361,11.369,11.335,11.369,577.0,577.9,6561.8065,1
1787727900000,11.372,11.384,11.351,11.351,238.0,238.0,2706.807,1
1787728200000,11.349,11.365,11.349,11.365,174.0,174.0,1975.747,1
1787728500000,11.37,11.381,11.362,11.362,194.0,194.0,2206.431,1
1787728800000,11.362,11.368,11.351,11.359,294.0,294.0,3340.375,1
1787729100000,11.359,11.371,11.35,11.35,153.0,153.0,1738.314,1
1787729400000,11.348,11.349,11.325,11.346,293.0,293.1,3323.5455,1
1787729700000,11.346,11.356,11.337,11.345,248.0,248.0,2814.189,1
1787730000000,11.344,11.348,11.337,11.343,131.0,131.0,1485.958,1
1787730300000,11.343,11.36,11.335,11.358,180.0,180.0,2042.596,1
1787730600000,11.358,11.369,11.342,11.342,291.0,291.2,3308.498,1
1787730900000,11.34,11.346,11.326,11.326,192.0,192.1,2177.5045,1
1787731200000,11.326,11.335,11.32,11.331,330.0,330.0,3737.548,1
1787731500000,11.331,11.365,11.323,11.365,307.0,307.0,3481.383,1
1787731800000,11.365,11.378,11.345,11.345,275.0,275.1,3126.9849,1
1787732100000,11.343,11.365,11.337,11.34,222.0,222.0,2520.487,1
1787732400000,11.342,11.346,11.327,11.337,183.0,183.1,2075.8325,1
1787732700000,11.337,11.357,11.337,11.355,172.0,172.9,1962.3477,1
1787733000000,11.355,11.366,11.338,11.356,300.0,300.0,3406.242,1
1787733300000,11.356,11.367,11.351,11.365,215.0,215.0,2441.855,1
1787733600000,11.365,11.369,11.358,11.36,218.0,218.5,2482.978,1
1787733900000,11.364,11.364,11.338,11.338,334.0,334.2,3792.5004,1
1787734200000,11.344,11.344,11.293,11.3,546.0,546.3,6177.7327,1
1787734500000,11.295,11.303,11.282,11.299,692.0,692.6,7822.0395,1
1787734800000,11.297,11.327,11.293,11.323,880.0,880.5,9968.7174,1
1787735100000,11.317,11.328,11.301,11.304,282.0,282.5,3194.478,1
1787735400000,11.307,11.312,11.292,11.292,1144.0,1144.3,12943.1456,1
1787735700000,11.29,11.301,11.27,11.276,764.0,764.9,8630.2623,1
1787736000000,11.28,11.297,11.272,11.274,485.0,485.4,5477.0117,1
1787736300000,11.27,11.283,11.265,11.267,798.0,798.2,8995.043,1
1787736600000,11.264,11.291,11.252,11.287,535.0,535.7,6039.8455,1
1787736900000,11.287,11.289,11.27,11.271,347.0,347.0,3914.0169,1
1787737200000,11.264,11.264,11.233,11.233,447.0,447.4,5031.0151,1
1787737500000,11.233,11.261,11.22,11.257,369.0,369.0,4146.7744,1
1787737800000,11.259,11.274,11.249,11.259,271.0,271.3,3054.782,1
1787738100000,11.26,11.272,11.253,11.27,438.0,438.8,4942.3296,1
1787738400000,11.266,11.266,11.249,11.25,356.0,356.3,4011.9482,1
1787738700000,11.254,11.261,11.245,11.255,265.0,265.0,2982.45,1
1787739000000,11.255,11.267,11.249,11.265,191.0,191.0,2150.294,1
1787739300000,11.265,11.309,11.265,11.309,541.0,541.5,6117.8032,1
1787739600000,11.311,11.344,11.305,11.342,559.0,559.3,6329.6353,1
1787739900000,11.346,11.361,11.345,11.36,196.0,196.6,2232.05,1
1787740200000,11.36,11.373,11.35,11.373,274.0,274.0,3112.2972,1
1787740500000,11.373,11.427,11.364,11.421,446.0,446.5,5085.9063,1
1787740800000,11.425,11.439,11.415,11.425,378.0,378.2,4320.533,1
1787741100000,11.429,11.45,11.417,11.449,436.0,436.4,4990.5528,1
1787741400000,11.449,11.456,11.442,11.449,499.0,499.0,5713.802,1
1787741700000,11.449,11.453,11.443,11.446,304.0,304.2,3482.6864,1
1787742000000,11.447,11.47,11.441,11.464,491.0,491.9,5634.4401,1
1787742300000,11.462,11.462,11.445,11.452,282.0,282.5,3236.1705,1
1787742600000,11.454,11.472,11.448,11.456,213.0,213.0,2440.746,1
1787742900000,11.456,11.479,11.453,11.461,342.0,342.3,3925.0948,1
1787743200000,11.466,11.466,11.433,11.438,381.0,381.4,4367.031,1
1787743500000,11.441,11.448,11.428,11.433,25450.0,25450.5,291154.5351,1
1787743800000,11.433,11.433,11.417,11.426,343.0,343.1,3918.3755,1
1787744100000,11.426,11.439,11.362,11.392,1071.0,1071.2,12219.1278,1
1787744400000,11.397,11.41,11.381,11.405,411.0,411.7,4690.8421,1
1787744700000,11.403,11.403,11.379,11.379,516.0,516.9,5885.7456,1
1787745000000,11.379,11.399,11.376,11.395,217.0,217.8,2480.5964,1
1787745300000,11.393,11.398,11.383,11.384,336.0,336.8,3835.8046,1
1787745600000,11.385,11.4,11.375,11.387,369.0,369.8,4211.5143,1
1787745900000,11.388,11.388,11.362,11.368,321.0,321.0,3649.4482,1
1787746200000,11.37,11.385,11.365,11.367,275.0,275.8,3137.33,1
1787746500000,11.36,11.375,11.349,11.369,282.0,282.0,3204.732,1
1787746800000,11.369,11.435,11.369,11.433,476.0,476.5,5435.1203,1
1787747100000,11.438,11.486,11.437,11.481,1006.0,1006.7,11551.5198,1
1787747400000,11.479,11.479,11.301,11.414,1684.0,1684.0,19190.2713,1
1787747700000,11.413,11.427,11.379,11.391,955.0,955.2,10890.8281,1
1787748000000,11.391,11.419,11.388,11.388,1479.0,1479.9,16885.3244,1
1787748300000,11.389,11.417,11.385,11.414,824.0,824.6,9400.1706,1
1787748600000,11.414,11.431,11.39,11.4,998.0,998.3,11381.6995,1
1787748900000,11.395,11.418,11.395,11.396,360.0,360.6,4113.9078,1
1787749200000,11.393,11.417,11.377,11.377,514.0,514.7,5865.415,1
1787749500000,11.374,11.375,11.331,11.338,2120.0,2120.7,24106.1863,1
1787749800000,11.338,11.338,11.305,11.309,2778.0,2778.1,31453.9493,1
1787750100000,11.309,11.315,11.276,11.29,745.0,745.6,8422.0368,1
1787750400000,11.288,11.321,11.272,11.276,1709.0,1709.0,19279.9454,1
1787750700000,11.277,11.28,11.255,11.264,14967.0,14967.2,168672.0506,1
1787751000000,11.263,11.342,11.263,11.34,2497.0,2497.2,28247.6641,1
1787751300000,11.335,11.364,11.321,11.338,1042.0,1042.9,11828.4948,1
1787751600000,11.332,11.36,11.33,11.352,695.0,695.9,7896.4382,1
1787751900000,11.355,11.369,11.331,11.331,474.0,474.0,5379.689,1
1787752200000,11.326,11.326,11.294,11.298,585.0,585.1,6616.047,1
1787752500000,11.297,11.333,11.297,11.333,995.0,995.5,11255.4057,1
1787752800000,11.332,11.357,11.302,11.35,573.0,573.0,6494.4971,1
1787753100000,11.351,11.352,11.327,11.331,296.0,296.0,3357.098,1
1787753400000,11.322,11.343,11.312,11.316,466.0,466.6,5284.7782,1
1787753700000,11.315,11.344,11.313,11.332,501.0,501.2,5680.888,1
1787754000000,11.332,11.345,11.325,11.325,595.0,595.2,6747.3296,1
1787754300000,11.323,11.326,11.293,11.295,544.0,544.1,6151.336,1
1787754600000,11.294,11.322,11.284,11.284,616.0,616.2,6961.9889,1
1787754900000,11.284,11.312,11.271,11.274,528.0,528.7,5967.5361,1
1787755200000,11.272,11.288,11.249,11.256,668.0,668.7,7536.5145,1
1787755500000,11.251,11.259,11.219,11.24,2808.0,2808.0,31545.3289,1
1787755800000,11.243,11.255,11.214,11.222,8806.0,8806.4,98871.3766,1
1787756100000,11.225,11.227,11.16,11.161,18573.0,18573.7,207958.2029,1
1787756400000,11.166,11.179,11.065,11.084,4161.0,4161.1,46241.7169,1
1787756700000,11.087,11.16,11.079,11.15,5714.0,5714.2,63568.0187,1
1787757000000,11.141,11.151,11.125,11.129,1934.0,1934.3,21548.4357,1
1787757300000,11.135,11.143,11.097,11.127,3711.0,3711.5,41296.31,1
1787757600000,11.127,11.19,11.127,11.181,2538.0,2538.2,28307.4092,1
1787757900000,11.183,11.246,11.183,11.242,3243.0,3243.8,36373.2223,1
1787758200000,11.241,11.243,11.192,11.192,747.0,747.0,8383.6179,1
1787758500000,11.192,11.194,11.178,11.186,411.0,411.4,4602.0766,1
1787758800000,11.187,11.237,11.187,11.201,638.0,638.1,7158.4231,1
1787759100000,11.204,11.24,11.204,11.238,653.0,653.0,7329.4425,1
1787759400000,11.234,11.234,11.205,11.22,886.0,886.5,9946.4445,1
1787759700000,11.223,11.234,11.22,11.228,331.0,331.4,3720.4568,1
1787760000000,11.23,11.26,11.227,11.257,5758.0,5758.6,64799.6596,1
1787760300000,11.258,11.265,11.221,11.221,462.0,462.0,5194.674,1
1787760600000,11.215,11.219,11.182,11.217,2292.0,2292.5,25685.4033,1
1787760900000,11.224,11.231,11.197,11.2,968.0,968.4,10863.5442,1
1787761200000,11.204,11.231,11.169,11.175,497.0,497.4,5570.8458,1
1787761500000,11.173,11.183,11.155,11.183,510.0,510.1,5698.3018,1
1787761800000,11.184,11.214,11.177,11.206,495.0,495.3,5545.944,1
1787762100000,11.206,11.22,11.163,11.166,515.0,515.5,5767.4842,1
1787762400000,11.164,11.173,11.133,11.133,6653.0,6653.0,74134.1549,1
1787762700000,11.135,11.212,11.135,11.198,6907.0,6907.2,77372.3236,1
1787763000000,11.2,11.225,11.182,11.195,511.0,511.1,5728.769,1
1787763300000,11.195,11.217,11.193,11.206,347.0,347.5,3893.368,1
1787763600000,11.209,11.228,11.197,11.218,762.0,762.0,8547.8835,1
1787763900000,11.222,11.236,11.201,11.229,556.0,556.5,6246.1775,1
1787764200000,11.231,11.238,11.219,11.238,242.0,242.0,2717.43,1
1787764500000,11.238,11.266,11.235,11.258,2038.0,2038.7,22946.5279,1
1787764800000,11.262,11.286,11.254,11.285,1341.0,1341.9,15124.8794,1
1787765100000,11.284,11.32,11.28,11.311,26449.0,26449.6,298801.3146,1
1787765400000,11.312,11.326,11.303,11.324,3528.0,3528.0,39942.5249,1
1787765700000,11.323,11.323,11.292,11.303,1759.0,1759.5,19892.5064,1
1787766000000,11.306,11.31,11.275,11.275,7880.0,7880.6,89077.5887,1
1787766300000,11.274,11.276,11.244,11.264,451.0,451.1,5080.4419,1
1787766600000,11.264,11.276,11.253,11.261,174.0,174.0,1959.839,1
1787766900000,11.261,11.263,11.243,11.249,255.0,255.0,2869.146,1
1787767200000,11.249,11.25,11.224,11.25,280.0,280.0,3148.0518,1
1787767500000,11.239,11.259,11.236,11.258,203.0,203.0,2282.972,1
1787767800000,11.257,11.279,11.254,11.261,772.0,772.7,8702.3271,1
1787768100000,11.262,11.287,11.252,11.277,519.0,519.7,5859.7372,1
1787768400000,11.278,11.293,11.274,11.281,769.0,769.9,8686.9468,1
1787768700000,11.281,11.281,11.251,11.258,246.0,246.8,2780.664,1
1787769000000,11.258,11.279,11.254,11.262,290.0,290.6,3273.412,1
1787769300000,11.261,11.28,11.258,11.261,188.0,188.0,2118.352,1
1787769600000,11.261,11.261,11.236,11.249,214.0,214.0,2406.888,1
1787769900000,11.251,11.281,11.251,11.278,378.0,378.8,4267.2859,1
1787770200000,11.278,11.282,11.258,11.282,146.0,146.0,1645.805,1
1787770500000,11.287,11.293,11.277,11.282,415.0,415.0,4683.72,1
1787770800000,11.276,11.285,11.271,11.277,1035.0,1035.3,11674.6241,1
1787771100000,11.275,11.278,11.256,11.266,739.0,739.0,8325.8288,1
1787771400000,11.265,11.292,11.261,11.271,650.0,650.5,7335.6295,1
1787771700000,11.271,11.287,11.269,11.278,227.0,227.0,2560.171,1
1787772000000,11.283,11.283,11.274,11.28,609.0,609.4,6873.5892,1
1787772300000,11.28,11.341,11.278,11.335,9834.0,9834.0,111403.9267,1
1787772600000,11.333,11.339,11.317,11.323,1092.0,1092.6,12379.9314,1
1787772900000,11.322,11.332,11.29,11.297,7277.0,7277.6,82193.9148,1
1787773200000,11.293,11.31,11.289,11.308,165.0,165.8,1873.7788,1
1787773500000,11.302,11.321,11.299,11.317,1715.0,1715.4,19415.9604,1
1787773800000,11.317,11.327,11.299,11.299,508.0,508.4,5752.1786,1
1787774100000,11.3,11.313,11.295,11.296,176.0,176.1,1990.4889,1
1787774400000,11.296,11.298,11.266,11.273,1399.0,1399.4,15779.6838,1
1787774700000,11.274,11.287,11.27,11.273,6923.0,6923.9,78095.2688,1
1787775000000,11.273,11.273,11.254,11.255,446.0,446.5,5027.0119,1
1787775300000,11.258,11.279,11.254,11.259,18348.0,18348.3,206713.5369,1
1787775600000,11.254,11.254,11.214,11.251,7045.0,7045.8,79160.0626,1
1787775900000,11.253,11.268,11.252,11.267,1331.0,1331.2,14994.7781,1
1787776200000,11.265,11.267,11.237,11.254,201.0,201.0,2261.503,1
1787776500000,11.249,11.256,11.238,11.252,206.0,206.0,2317.1,1
1787776800000,11.252,11.273,11.252,11.262,1003.0,1003.8,11302.8702,1
1787777100000,11.259,11.276,11.259,11.276,166.0,166.0,1870.319,1
1787777400000,11.276,11.282,11.272,11.279,126.0,126.0,1420.954,1
1787777700000,11.282,11.3,11.282,11.293,157.0,157.0,1772.9607,1
1787778000000,11.301,11.308,11.289,11.305,397.0,397.1,4487.5981,1
1787778300000,11.305,11.364,11.305,11.362,24377.0,24377.2,276809.6225,1
1787778600000,11.364,11.396,11.35,11.395,2743.0,2743.9,31195.8993,1
1787778900000,11.398,11.427,11.39,11.422,3763.0,3763.6,42905.631,1
1787779200000,11.421,11.436,11.415,11.435,347.0,347.8,3973.6929,1
1787779500000,11.429,11.442,11.413,11.434,13043.0,13043.7,149008.8604,1
1787779800000,11.433,11.44,11.42,11.44,908.0,908.7,10386.531,1
1787780100000,11.44,11.473,11.437,11.469,903.0,903.2,10341.9675,1
1787780400000,11.463,11.463,11.426,11.426,2910.0,2910.4,33263.0332,1
1787780700000,11.426,11.427,11.403,11.427,7082.0,7082.7,80845.8229,1
1787781000000,11.427,11.474,11.426,11.454,228.0,228.4,2615.299,1
1787781300000,11.454,11.469,11.451,11.461,850.0,850.4,9749.6774,1
1787781600000,11.463,11.495,11.45,11.494,3455.0,3455.7,39695.4455,1
1787781900000,11.494,11.496,11.482,11.483,567.0,567.7,6524.2429,1
1787782200000,11.479,11.491,11.472,11.486,581.0,581.4,6674.4926,1
1787782500000,11.485,11.57,11.485,11.554,7604.0,7604.1,87656.0221,1
1787782800000,11.554,11.576,11.529,11.546,13514.0,13514.4,155965.6911,1
1787783100000,11.546,11.56,11.543,11.553,487.0,487.0,5624.5162,1
1787783400000,11.552,11.562,11.536,11.536,403.0,403.9,4663.4748,1
1787783700000,11.537,11.537,11.51,11.51,758.0,758.4,8743.2186,1
1787784000000,11.512,11.539,11.507,11.532,318.0,318.1,3665.1173,1
1787784300000,11.529,11.535,11.512,11.512,216.0,216.0,2488.968,1
1787784600000,11.517,11.517,11.495,11.501,703.0,703.2,8089.8658,1
1787784900000,11.501,11.524,11.495,11.518,524.0,524.7,6037.9836,1
1787785200000,11.51,11.536,11.504,11.536,268.0,268.9,3096.126,1
1787785500000,11.533,11.533,11.501,11.506,143.0,143.0,1646.234,1
1787785800000,11.508,11.52,11.499,11.509,411.0,411.0,4729.821,1
1787786100000,11.506,11.536,11.506,11.536,310.0,310.7,3579.6846,1
1787786400000,11.537,11.562,11.533,11.555,692.0,692.8,8001.3786,1
1787786700000,11.551,11.569,11.541,11.559,288.0,288.2,3331.4123,1
1787787000000,11.562,11.576,11.547,11.553,2780.0,2780.0,32173.6632,1
1787787300000,11.551,11.584,11.551,11.584,544.0,544.8,6307.7293,1
1787787600000,11.584,11.604,11.573,11.6,2047.0,2047.7,23744.0756,1
1787787900000,11.596,11.615,11.59,11.609,781.0,781.7,9076.4117,1
1787788200000,11.61,11.615,11.591,11.615,953.0,953.9,11071.1903,1
1787788500000,11.609,11.62,11.603,11.617,438.0,438.1,5086.866,1
1787788800000,11.619,11.628,11.585,11.585,539.0,539.3,6262.7504,1
1787789100000,11.586,11.622,11.577,11.622,1173.0,1173.4,13608.4029,1
1787789400000,11.624,11.624,11.574,11.585,982.0,982.4,11385.7014,1
1787789700000,11.577,11.58,11.559,11.578,522.0,522.1,6040.9354,1
1787790000000,11.582,11.585,11.564,11.564,174.0,174.8,2023.3586,1
1787790300000,11.564,11.564,11.546,11.56,246.0,246.6,2849.834,1
1787790600000,11.56,11.562,11.541,11.541,124.0,124.7,1440.1122,1
1787790900000,11.542,11.549,11.536,11.545,258.0,258.3,2981.1702,1
1787791200000,11.544,11.544,11.528,11.533,1300.0,1300.7,15003.3277,1
1787791500000,11.53,11.531,11.516,11.52,388.0,388.5,4476.1007,1
1787791800000,11.522,11.537,11.496,11.496,1613.0,1613.8,18560.3844,1
1787792100000,11.496,11.512,11.488,11.489,13340.0,13340.3,153471.8438,1
1787792400000,11.487,11.497,11.475,11.489,572.0,572.7,6578.5474,1
1787792700000,11.492,11.498,11.461,11.462,367.0,367.4,4217.531,1
1787793000000,11.466,11.478,11.456,11.468,402.0,402.4,4614.1346,1
1787793300000,11.47,11.485,11.456,11.482,319.0,319.0,3658.146,1
1787793600000,11.486,11.529,11.486,11.528,1446.0,1446.8,16647.2402,1
1787793900000,11.527,11.566,11.52,11.563,1291.0,1291.6,14910.3186,1
1787794200000,11.568,11.577,11.534,11.556,15011.0,15011.9,173307.574,1
1787794500000,11.559,11.574,11.542,11.56,290.0,290.8,3360.1936,1
1787794800000,11.556,11.557,11.526,11.526,204.0,204.0,2354.807,1
1787795100000,11.521,11.567,11.52,11.567,283.0,283.0,3266.89,1
1787795400000,11.575,11.586,11.554,11.554,465.0,465.1,5383.2159,1
1787795700000,11.554,11.565,11.538,11.538,658.0,658.9,7610.4968,1
1787796000000,11.54,11.571,11.538,11.569,229.0,229.0,2647.256,1
1787796300000,11.57,11.587,11.565,11.587,328.0,328.6,3803.9689,1
1787796600000,11.587,11.596,11.566,11.583,923.0,923.7,10701.5379,1
1787796900000,11.583,11.59,11.559,11.563,267.0,267.0,3090.961,1
1787797200000,11.561,11.567,11.542,11.542,256.0,256.4,2963.153,1
1787797500000,11.542,11.542,11.527,11.535,719.0,719.7,8299.0242,1
1787797800000,11.533,11.549,11.525,11.549,181.0,181.0,2087.437,1
1787798100000,11.548,11.55,11.518,11.518,325.0,325.0,3751.816,1
1787798400000,11.518,11.52,11.504,11.505,152.0,152.1,1750.8749,1
1787798700000,11.505,11.523,11.505,11.518,154.0,154.0,1773.297,1
1787799000000,11.518,11.541,11.517,11.531,194.0,194.0,2236.812,1
1787799300000,11.531,11.54,11.53,11.54,124.0,124.0,1430.423,1
1787799600000,11.54,11.552,11.539,11.54,172.0,172.6,1992.6174,1
1787799900000,11.537,11.548,11.534,11.534,202.0,202.0,2331.074,1
1787800200000,11.534,11.538,11.498,11.499,228.0,228.1,2626.4819,1
1787800500000,11.501,11.514,11.486,11.514,196.0,196.5,2259.6331,1
1787800800000,11.513,11.546,11.5,11.544,396.0,396.1,4562.6334,1
1787801100000,11.546,11.569,11.534,11.563,2598.0,2598.8,29997.4979,1
1787801400000,11.554,11.554,11.522,11.528,834.0,834.9,9625.9032,1
1787801700000,11.531,11.532,11.522,11.527,814.0,814.6,9392.1973,1
1787802000000,11.527,11.532,11.521,11.522,86.0,86.0,991.173,1
1787802300000,11.52,11.53,11.503,11.503,1321.0,1321.3,15211.6633,1
1787802600000,11.504,11.505,11.485,11.493,183.0,183.9,2114.1495,1
1787802900000,11.496,11.518,11.492,11.518,165.0,165.0,1898.382,1
1787803200000,11.519,11.545,11.519,11.535,1318.0,1318.9,15201.8304,1
1787803500000,11.535,11.542,11.519,11.539,165.0,165.4,1907.6906,1
1787803800000,11.536,11.539,11.524,11.539,150.0,150.0,1729.551,1
1787804100000,11.544,11.571,11.544,11.563,317.0,317.9,3675.5374,1
1787804400000,11.557,11.557,11.534,11.544,170.0,170.0,1962.143,1
1787804700000,11.544,11.55,11.538,11.538,237.0,237.0,2736.643,1
1787805000000,11.535,11.535,11.509,11.51,156.0,156.0,1797.266,1
1787805300000,11.51,11.532,11.498,11.532,404.0,404.2,4650.5021,1
1787805600000,11.528,11.544,11.527,11.544,130.0,130.0,1499.474,1
1787805900000,11.544,11.544,11.51,11.517,961.0,961.4,11077.0234,1
1787806200000,11.517,11.517,11.496,11.507,251.0,251.8,2896.76,1
1787806500000,11.509,11.529,11.509,11.526,111.0,111.0,1278.762,1
1787806800000,11.53,11.542,11.521,11.521,269.0,269.3,3105.8986,1
1787807100000,11.515,11.532,11.495,11.532,349.0,349.0,4016.449,1
1787807400000,11.53,11.549,11.528,11.528,208.0,208.1,2401.2414,1
1787807700000,11.528,11.531,11.519,11.521,668.0,668.5,7705.2495,1
1787808000000,11.524,11.558,11.524,11.558,360.0,360.8,4165.4872,1
1787808300000,11.56,11.572,11.524,11.527,168.0,168.0,1939.981,1
1787808600000,11.525,11.53,11.502,11.513,333.0,333.6,3841.7274,1
1787808900000,11.511,11.544,11.498,11.542,3014.0,3014.8,34695.3505,1
1787809200000,11.542,11.566,11.537,11.544,343.0,343.8,3970.0295,1
1787809500000,11.544,11.593,11.541,11.591,1342.0,1342.1,15534.506,1
1787809800000,11.591,11.614,11.586,11.594,17650.0,17650.5,204770.5992,1
1787810100000,11.598,11.642,11.578,11.621,16499.0,16499.5,191747.1025,1
1787810400000,11.619,11.619,11.593,11.593,4882.0,4882.1,56685.3298,1
1787810700000,11.592,11.599,11.576,11.576,586.0,586.3,6793.2748,1
1787811000000,11.576,11.577,11.535,11.545,1926.0,1926.4,22266.6599,1
1787811300000,11.548,11.548,11.526,11.539,323.0,323.9,3736.6936,1
1787811600000,11.542,11.565,11.537,11.545,4305.0,4305.5,49724.0602,1
1787811900000,11.548,11.578,11.548,11.565,3114.0,3114.2,35986.5817,1
1787812200000,11.565,11.587,11.565,11.587,184.0,184.1,2131.0399,1
1787812500000,11.582,11.587,11.575,11.575,348.0,348.4,4035.7982,1
1787812800000,11.573,11.581,11.566,11.574,963.0,963.8,11151.057,1
1787813100000,11.577,11.612,11.577,11.606,819.0,819.6,9510.9558,1
1787813400000,11.611,11.619,11.604,11.605,326.0,326.4,3789.6611,1
1787813700000,11.605,11.61,11.597,11.606,910.0,910.6,10570.6334,1
1787814000000,11.604,11.617,11.601,11.617,305.0,305.2,3542.0864,1
1787814300000,11.616,11.617,11.605,11.615,586.0,586.7,6811.651,1
1787814600000,11.614,11.636,11.612,11.629,414.0,414.6,4820.0342,1
1787814900000,11.629,11.659,11.617,11.652,1761.0,1761.8,20498.9673,1
1787815200000,11.653,11.657,11.616,11.616,1799.0,1799.4,20957.6821,1
1787815500000,11.615,11.622,11.606,11.622,1942.0,1942.7,22569.4436,1
1787815800000,11.622,11.652,11.621,11.639,322.0,322.5,3752.9668,1
1787816100000,11.64,11.656,11.639,11.656,578.0,578.9,6740.8146,1
1787816400000,11.656,11.662,11.636,11.644,399.0,399.4,4653.0386,1
1787816700000,11.643,11.656,11.64,11.651,3883.0,3883.5,45212.04,1
1787817000000,11.65,11.668,11.65,11.664,349.0,349.7,4076.831,1
1787817300000,11.668,11.674,11.658,11.667,1685.0,1685.5,19664.1615,1
1787817600000,11.669,11.735,11.664,11.735,2027.0,2027.0,23692.9751,1
1787817900000,11.731,11.746,11.686,11.74,2491.0,2491.2,29179.3471,1
1787818200000,11.74,11.759,11.717,11.726,1021.0,1021.0,11987.2126,1
1787818500000,11.726,11.728,11.691,11.701,532.0,532.4,6232.6066,1
1787818800000,11.698,11.715,11.687,11.715,9936.0,9936.3,116161.9266,1
1787819100000,11.716,11.779,11.716,11.779,1336.0,1336.6,15692.7302,1
1787819400000,11.78,11.897,11.777,11.857,2209.0,2209.3,26150.8691,1
1787819700000,11.853,11.853,11.828,11.842,1076.0,1076.0,12739.3842,1
1787820000000,11.847,11.86,11.832,11.848,1209.0,1209.1,14320.5305,1
1787820300000,11.85,11.87,11.837,11.865,1209.0,1209.5,14333.8243,1
1787820600000,11.865,11.889,11.845,11.845,2168.0,2168.8,25729.9582,1
1787820900000,11.848,11.868,11.84,11.854,757.0,757.2,8975.3474,1
1787821200000,11.851,11.855,11.821,11.848,16802.0,16802.0,198860.1189,1
1787821500000,11.847,11.847,11.801,11.836,1915.0,1915.5,22662.1355,1
1787821800000,11.837,11.855,11.836,11.853,728.0,728.8,8633.6629,1
1787822100000,11.85,11.85,11.818,11.837,834.0,834.7,9882.0465,1
1787822400000,11.845,11.854,11.83,11.852,3391.0,3391.1,40152.8594,1
1787822700000,11.852,11.906,11.85,11.889,2830.0,2830.9,33645.3846,1
1787823000000,11.891,11.912,11.861,11.861,772.0,772.6,9186.9237,1
1787823300000,11.86,11.871,11.84,11.868,757.0,757.6,8979.3846,1
1787823600000,11.865,11.886,11.846,11.859,364.0,364.6,4326.6985,1
1787823900000,11.861,11.9,11.854,11.883,323.0,323.6,3844.5824,1
1787824200000,11.885,11.886,11.85,11.864,2630.0,2630.3,31210.3819,1
1787824500000,11.864,11.864,11.831,11.855,1042.0,1042.1,12341.6963,1
1787824800000,11.86,11.878,11.842,11.864,594.0,594.3,7048.4509,1
1787825100000,11.864,11.907,11.864,11.906,3309.0,3309.2,39352.6545,1
1787825400000,11.905,11.911,11.838,11.871,771.0,771.3,9167.2752,1
1787825700000,11.874,11.886,11.848,11.848,1062.0,1062.2,12612.9502,1
1787826000000,11.848,11.864,11.798,11.798,1173.0,1173.9,13871.2109,1
1787826300000,11.798,11.798,11.675,11.757,2610.0,2610.4,30606.8984,1
1787826600000,11.756,11.77,11.728,11.739,814.0,814.7,9577.4928,1
1787826900000,11.743,11.744,11.648,11.658,3341.0,3341.5,39119.3507,1
1787827200000,11.659,11.716,11.656,11.716,3127.0,3127.4,36486.0927,1
1787827500000,11.714,11.717,11.687,11.698,795.0,795.6,9314.4506,1
1787827800000,11.698,11.735,11.698,11.734,328.0,328.0,3842.7212,1
1787828100000,11.731,11.741,11.72,11.731,359.0,359.0,4211.606,1
1787828400000,11.725,11.77,11.722,11.767,482.0,482.9,5673.2657,1
1787828700000,11.762,11.77,11.755,11.763,435.0,435.0,5117.304,1
1787829000000,11.757,11.771,11.752,11.765,273.0,273.3,3214.6849,1
1787829300000,11.769,11.772,11.752,11.764,2244.0,2244.3,26400.4958,1
1787829600000,11.764,11.772,11.741,11.757,2757.0,2757.1,32381.6953,1
1787829900000,11.757,11.763,11.706,11.711,404.0,404.6,4747.3722,1
1787830200000,11.714,11.728,11.688,11.724,2311.0,2311.4,27038.5491,1
1787830500000,11.725,11.728,11.687,11.69,429.0,429.6,5029.2335,1
1787830800000,11.695,11.731,11.69,11.731,1755.0,1755.9,20564.1257,1
1787831100000,11.734,11.734,11.714,11.72,372.0,372.2,4364.5986,1
1787831400000,11.712,11.746,11.676,11.744,404.0,404.5,4738.578,1
1787831700000,11.743,11.748,11.738,11.738,201.0,201.2,2362.7807,1
1787832000000,11.742,11.758,11.739,11.75,475.0,475.8,5590.7702,1
1787832300000,11.749,11.761,11.734,11.751,1103.0,1103.3,12966.6837,1
1787832600000,11.746,11.78,11.746,11.772,638.0,638.9,7519.65,1
1787832900000,11.767,11.78,11.765,11.773,464.0,464.2,5465.9561,1
1787833200000,11.773,11.78,11.767,11.777,315.0,315.0,3709.573,1
1787833500000,11.777,11.784,11.773,11.776,301.0,301.6,3552.684,1
1787833800000,11.773,11.779,11.741,11.75,458.0,458.0,5384.606,1
1787834100000,11.741,11.741,11.703,11.725,539.0,539.6,6324.4343,1
1787834400000,11.725,11.727,11.714,11.715,220.0,220.0,2578.495,1
1787834700000,11.711,11.749,11.711,11.745,312.0,312.7,3668.1714,1
1787835000000,11.747,11.758,11.732,11.751,362.0,362.4,4257.2316,1
1787835300000,11.751,11.753,11.723,11.726,276.0,276.9,3250.2182,1
1787835600000,11.734,11.757,11.733,11.733,505.0,505.0,5931.6074,1
1787835900000,11.739,11.751,11.739,11.749,668.0,668.0,7847.725,1
1787836200000,11.739,11.742,11.728,11.741,1016.0,1016.7,11933.0849,1
1787836500000,11.737,11.955,11.724,11.724,3832.0,3832.8,45384.319,1
1787836800000,11.724,11.793,11.715,11.793,3382.0,3382.6,39746.2596,1
1787837100000,11.788,11.82,11.779,11.802,818.0,818.4,9657.6705,1
1787837400000,11.802,11.802,11.748,11.753,1275.0,1275.5,15009.2412,1
1787837700000,11.752,11.768,11.721,11.726,1282.0,1282.1,15052.0608,1
1787838000000,11.729,11.732,11.682,11.722,985.0,985.3,11536.8507,1
1787838300000,11.721,11.742,11.7,11.714,3681.0,3681.1,43164.6402,1
1787838600000,11.725,11.78,11.725,11.744,779.0,779.2,9160.8163,1
1787838900000,11.749,11.793,11.741,11.793,943.0,943.2,11098.0086,1
1787839200000,11.79,11.794,11.765,11.794,749.0,749.1,8825.6188,1
1787839500000,11.792,11.808,11.748,11.75,1140.0,1140.5,13436.3841,1
1787839800000,11.749,11.755,11.722,11.729,662.0,662.8,7778.9795,1
1787840100000,11.744,11.798,11.739,11.796,616.0,616.8,7260.796,1
1787840400000,11.796,11.825,11.796,11.821,614.0,614.1,7255.8125,1
1787840700000,11.821,11.836,11.814,11.824,1987.0,1987.6,23490.118,1
1787841000000,11.824,11.829,11.799,11.829,933.0,933.0,11022.2245,1
1787841300000,11.825,11.853,11.825,11.839,1405.0,1405.4,16645.8225,1
1787841600000,11.84,11.862,11.837,11.855,1901.0,1901.2,22543.8393,1
1787841900000,11.861,11.861,11.804,11.818,2916.0,2916.6,34493.0139,1
1787842200000,11.81,11.831,11.801,11.828,785.0,785.3,9279.0047,1
1787842500000,11.822,11.842,11.821,11.825,646.0,646.0,7645.325,1
1787842800000,11.832,11.838,11.815,11.838,846.0,846.3,10010.1592,1
1787843100000,11.837,11.863,11.822,11.84,3628.0,3628.2,42960.637,1
1787843400000,11.849,11.888,11.847,11.871,849.0,849.9,10081.7126,1
1787843700000,11.865,11.877,11.841,11.87,792.0,792.8,9401.2181,1
1787844000000,11.862,11.864,11.817,11.839,590.0,590.9,6998.1825,1
1787844300000,11.845,11.871,11.835,11.868,455.0,455.5,5399.781,1
1787844600000,11.867,11.868,11.83,11.849,546.0,546.7,6476.7062,1
1787844900000,11.852,11.902,11.848,11.902,7118.0,7118.1,84472.3609,1
1787845200000,11.901,11.958,11.894,11.949,1726.0,1726.6,20608.7184,1
1787845500000,11.946,11.956,11.916,11.943,1459.0,1459.7,17411.0938,1
1787845800000,11.943,11.943,11.916,11.916,610.0,610.7,7282.8941,1
1787846100000,11.92,11.927,11.916,11.919,1502.0,1502.6,17909.2949,1
1787846400000,11.923,11.933,11.919,11.92,521.0,521.4,6217.3013,1
1787846700000,11.92,11.921,11.85,11.885,4014.0,4014.0,47688.6138,1
1787847000000,11.883,11.902,11.871,11.871,524.0,524.3,6233.2883,1
1787847300000,11.871,11.901,11.871,11.9,516.0,516.5,6139.402,1
1787847600000,11.901,11.921,11.872,11.874,728.0,728.0,8668.4907,1
1787847900000,11.878,11.889,11.856,11.857,757.0,757.9,9001.0827,1
1787848200000,11.861,11.868,11.854,11.865,427.0,427.3,5068.0714,1
1787848500000,11.865,11.882,11.854,11.875,451.0,451.6,5358.819,1
1787848800000,11.873,11.902,11.873,11.901,608.0,608.9,7241.8933,1
1787849100000,11.901,11.901,11.875,11.875,626.0,626.7,7450.7075,1
1787849400000,11.88,11.898,11.874,11.887,374.0,374.4,4449.0334,1
1787849700000,11.884,11.885,11.868,11.869,1084.0,1084.6,12877.698,1
1787850000000,11.866,11.878,11.854,11.878,807.0,807.9,9584.8625,1
1787850300000,11.878,11.902,11.873,11.902,380.0,380.9,4529.6215,1
1787850600000,11.902,11.919,11.901,11.914,334.0,334.1,3979.7832,1
1787850900000,11.916,11.938,11.915,11.934,1109.0,1109.1,13227.6647,1
1787851200000,11.935,11.939,11.931,11.938,567.0,567.8,6776.3392,1
1787851500000,11.938,11.939,11.924,11.927,1106.0,1106.8,13206.9498,1
1787851800000,11.931,11.948,11.925,11.925,772.0,772.2,9223.3357,1
1787852100000,11.921,11.941,11.917,11.934,721.0,721.1,8600.2277,1
1787852400000,11.934,11.94,11.907,11.907,370.0,370.5,4415.4865,1
1787852700000,11.907,11.907,11.883,11.901,337.0,337.3,4013.4054,1
1787853000000,11.901,11.903,11.893,11.894,197.0,197.0,2343.401,1
1787853300000,11.895,11.911,11.894,11.902,596.0,596.4,7098.7196,1
1787853600000,11.902,11.902,11.866,11.89,351.0,351.4,4174.4916,1
1787853900000,11.887,11.906,11.879,11.906,565.0,565.8,6728.0823,1
1787854200000,11.904,11.904,11.814,11.838,1755.0,1755.3,20788.4935,1
1787854500000,11.839,11.863,11.804,11.804,1857.0,1857.2,21981.9562,1
1787854800000,11.805,11.806,11.763,11.801,2851.0,2851.4,33608.3649,1
1787855100000,11.805,11.817,11.78,11.793,909.0,909.0,10721.052,1
1787855400000,11.793,11.821,11.78,11.8,2363.0,2363.4,27915.4166,1
1787855700000,11.804,11.835,11.804,11.816,1457.0,1457.8,17232.4793,1
1787856000000,11.813,11.83,11.806,11.819,664.0,664.9,7854.0104,1
1787856300000,11.818,11.837,11.813,11.835,228.0,228.0,2696.392,1
1787856600000,11.831,11.839,11.821,11.839,185.0,185.0,2188.908,1
1787856900000,11.839,11.864,11.836,11.86,818.0,818.6,9697.0382,1
1787857200000,11.863,11.887,11.863,11.885,461.0,461.1,5477.7194,1
1787857500000,11.886,11.899,11.883,11.89,254.0,254.1,3021.1798,1
1787857800000,11.893,11.899,11.89,11.897,180.0,180.6,2148.5752,1
1787858100000,11.896,11.906,11.889,11.894,751.0,751.1,8934.2973,1
1787858400000,11.894,11.901,11.878,11.885,647.0,647.5,7695.8597,1
1787858700000,11.885,11.904,11.883,11.903,283.0,283.0,3366.847,1
1787859000000,11.903,11.904,11.887,11.897,1251.0,1251.6,14883.54,1
1787859300000,11.897,11.9,11.881,11.883,226.0,226.0,2686.935,1
1787859600000,11.883,11.885,11.874,11.874,173.0,173.0,2054.944,1
1787859900000,11.876,11.888,11.863,11.863,293.0,293.0,3480.6615,1
1787860200000,11.873,11.895,11.863,11.895,373.0,373.6,4436.443,1
1787860500000,11.896,11.896,11.854,11.856,1214.0,1214.1,14436.4229,1
1787860800000,11.854,11.863,11.841,11.843,355.0,355.4,4211.544,1
1787861100000,11.843,11.869,11.84,11.862,1260.0,1260.0,14936.074,1
1787861400000,11.862,11.862,11.85,11.851,161.0,161.9,1919.056,1
1787861700000,11.851,11.871,11.851,11.865,1066.0,1066.0,12646.671,1
1787862000000,11.865,11.898,11.865,11.877,316.0,316.4,3759.7056,1
1787862300000,11.879,11.893,11.877,11.878,304.0,304.1,3613.3801,1
1787862600000,11.88,11.891,11.873,11.88,437.0,437.0,5193.4032,1
1787862900000,11.88,11.88,11.865,11.871,2339.0,2339.8,27772.6537,1
1787863200000,11.876,11.906,11.876,11.906,2585.0,2585.0,30763.4014,1
1787863500000,11.906,11.906,11.888,11.89,198.0,198.5,2361.702,1
1787863800000,11.89,11.894,11.866,11.871,284.0,284.6,3380.7851,1
1787864100000,11.871,11.898,11.863,11.893,450.0,450.2,5352.1034,1
1787864400000,11.899,11.899,11.878,11.887,185.0,185.0,2199.331,1
1787864700000,11.89,11.89,11.871,11.875,207.0,207.5,2465.2515,1
1787865000000,11.875,11.902,11.874,11.887,218.0,218.1,2592.4852,1
1787865300000,11.885,11.89,11.866,11.868,212.0,212.0,2518.259,1
1787865600000,11.868,11.889,11.858,11.874,237.0,237.9,2825.517,1
1787865900000,11.877,11.879,11.863,11.863,119.0,119.0,1412.96,1
1787866200000,11.863,11.889,11.863,11.887,139.0,139.4,1655.5676,1
1787866500000,11.881,11.881,11.85,11.85,439.0,439.3,5212.5069,1
1787866800000,11.857,11.857,11.84,11.84,453.0,453.4,5372.2936,1
1787867100000,11.84,11.87,11.84,11.865,314.0,314.3,3728.4194,1
1787867400000,11.865,11.865,11.845,11.852,107.0,107.1,1269.8229,1
1787867700000,11.849,11.881,11.849,11.874,142.0,142.0,1684.0581,1
1787868000000,11.874,11.914,11.871,11.912,1736.0,1736.2,20676.9,1
1787868300000,11.912,11.925,11.912,11.914,1089.0,1089.9,12988.073,1
1787868600000,11.914,11.924,11.904,11.924,221.0,221.1,2633.5141,1
1787868900000,11.924,11.939,11.924,11.939,385.0,385.9,4605.8199,1
1787869200000,11.939,11.939,11.922,11.924,1857.0,1857.7,22151.1976,1
1787869500000,11.924,11.924,11.887,11.891,1502.0,1502.9,17913.5662,1
1787869800000,11.892,11.928,11.891,11.921,206.0,206.0,2452.118,1
1787870100000,11.915,11.923,11.905,11.923,582.0,582.0,6930.671,1
1787870400000,11.924,11.924,11.909,11.918,767.0,767.1,9141.4659,1
1787870700000,11.918,11.932,11.906,11.931,288.0,288.1,3434.6348,1
1787871000000,11.931,11.932,11.931,11.932,94.0,94.7,1129.8664,1
1787871300000,11.938,11.973,11.938,11.973,3948.0,3948.7,47247.3765,1
1787871600000,11.973,11.973,11.936,11.947,10499.0,10499.5,125507.8379,1
1787871900000,11.936,11.958,11.936,11.951,197.0,197.0,2354.52,1
1787872200000,11.951,11.951,11.925,11.931,1427.0,1427.3,17025.2323,1
1787872500000,11.926,11.968,11.921,11.968,293.0,293.3,3501.4141,1
1787872800000,11.971,11.974,11.947,11.956,390.0,390.5,4670.1365,1
1787873100000,11.952,11.964,11.951,11.959,359.0,359.2,4294.4347,1
1787873400000,11.956,11.959,11.944,11.944,2095.0,2095.0,25031.732,1
1787873700000,11.944,11.948,11.944,11.945,3189.0,3189.0,38096.076,1
1787874000000,11.944,11.945,11.941,11.943,1180.0,1180.0,14094.84,1
1787874300000,11.942,11.945,11.928,11.937,3002.0,3002.3,35833.9548,1
1787874600000,11.937,11.945,11.937,11.944,2184.0,2184.0,26087.584,1
1787874900000,11.944,11.944,11.916,11.917,1918.0,1918.0,22869.6785,1
1787875200000,11.916,11.918,11.875,11.876,636.0,636.0,7562.2162,1
1787875500000,11.876,11.876,11.854,11.865,2423.0,2423.7,28735.6912,1
1787875800000,11.865,11.886,11.854,11.872,329.0,329.9,3915.1779,1
1787876100000,11.869,11.915,11.869,11.91,3137.0,3137.9,37335.3136,1
1787876400000,11.903,11.911,11.9,11.906,904.0,904.7,10771.414,1
1787876700000,11.906,11.929,11.894,11.929,1983.0,1983.5,23623.5755,1
1787877000000,11.929,11.963,11.929,11.942,1571.0,1571.2,18780.0867,1
1787877300000,11.939,11.965,11.939,11.965,476.0,476.5,5697.2595,1
1787877600000,11.966,11.973,11.953,11.961,361.0,361.2,4321.1064,1
1787877900000,11.957,11.965,11.952,11.963,1336.0,1336.9,15982.7758,1
1787878200000,11.963,11.971,11.934,11.936,298.0,298.0,3560.326,1
1787878500000,11.936,11.975,11.934,11.954,628.0,628.9,7524.295,1
1787878800000,11.962,11.993,11.962,11.985,11343.0,11343.8,135772.2187,1
1787879100000,11.99,11.992,11.966,11.986,208.0,208.9,2502.9355,1
1787879400000,11.988,11.999,11.978,11.997,1726.0,1726.0,20690.9948,1
1787879700000,11.997,12.053,11.986,12.047,5164.0,5164.6,62146.8368,1
1787880000000,12.041,12.043,11.999,12.002,11636.0,11636.3,139968.223,1
1787880300000,12.003,12.006,11.983,11.996,1293.0,1293.7,15515.3086,1
1787880600000,11.993,12.044,11.979,12.007,2280.0,2280.8,27386.8433,1
1787880900000,12.017,12.017,11.938,11.944,1008.0,1008.4,12073.5394,1
1787881200000,11.943,11.948,11.926,11.933,1746.0,1746.8,20846.1228,1
1787881500000,11.934,11.937,11.908,11.908,548.0,548.7,6542.2502,1
1787881800000,11.914,11.923,11.897,11.908,2740.0,2740.7,32646.0779,1
1787882100000,11.91,11.914,11.875,11.875,846.0,846.2,10063.3559,1
1787882400000,11.875,11.882,11.867,11.867,9482.0,9482.1,112544.2763,1
1787882700000,11.867,11.867,11.819,11.829,1356.0,1356.0,16046.7132,1
1787883000000,11.829,11.845,11.8,11.807,465.0,465.5,5503.7702,1
1787883300000,11.799,11.818,11.783,11.79,2822.0,2822.3,33268.5147,1
1787883600000,11.792,11.792,11.73,11.749,5471.0,5471.1,64279.7653,1
1787883900000,11.739,11.767,11.721,11.73,609.0,609.8,7161.2269,1
1787884200000,11.723,11.749,11.685,11.744,1979.0,1979.3,23177.9169,1
1787884500000,11.747,11.757,11.736,11.747,541.0,541.8,6365.8008,1
1787884800000,11.746,11.754,11.723,11.734,403.0,403.0,4731.322,1
1787885100000,11.734,11.734,11.697,11.716,521.0,521.9,6112.3625,1
1787885400000,11.716,11.739,11.689,11.733,733.0,733.1,8586.7747,1
1787885700000,11.733,11.744,11.721,11.734,340.0,340.9,3999.76,1
1787886000000,11.739,11.744,11.706,11.709,1928.0,1928.5,22584.135,1
1787886300000,11.719,11.73,11.686,11.688,469.0,469.1,5489.6916,1
1787886600000,11.687,11.722,11.674,11.711,2206.0,2206.5,25777.9586,1
1787886900000,11.712,11.722,11.711,11.719,164.0,164.0,1921.843,1
1787887200000,11.719,11.745,11.719,11.74,287.0,287.0,3366.6709,1
1787887500000,11.735,11.74,11.723,11.726,178.0,178.0,2088.188,1
1787887800000,11.73,11.74,11.715,11.723,334.0,334.5,3922.9335,1
1787888100000,11.722,11.722,11.706,11.713,280.0,280.0,3279.605,1
1787888400000,11.713,11.715,11.704,11.709,199.0,199.5,2336.1705,1
1787888700000,11.709,11.718,11.695,11.716,604.0,604.0,7069.098,1
1787889000000,11.713,11.722,11.696,11.708,177.0,177.0,2072.09,1
1787889300000,11.708,11.708,11.692,11.705,242.0,242.0,2831.526,1
1787889600000,11.705,11.725,11.697,11.697,470.0,470.7,5514.0004,1
1787889900000,11.702,11.703,11.657,11.666,469.0,469.7,5486.5212,1
1787890200000,11.664,11.739,11.656,11.731,266.0,266.0,3111.2102,1
1787890500000,11.739,11.775,11.739,11.758,519.0,519.1,6105.0999,1
1787890800000,11.761,11.768,11.745,11.752,375.0,375.2,4410.1589,1
1787891100000,11.758,11.76,11.748,11.749,96.0,96.0,1128.403,1
1787891400000,11.749,11.764,11.723,11.732,311.0,311.2,3654.0738,1
1787891700000,11.732,11.732,11.722,11.725,391.0,391.0,4583.9085,1
1787892000000,11.729,11.753,11.729,11.739,209.0,209.2,2456.7252,1
1787892300000,11.739,11.742,11.728,11.733,244.0,244.6,2870.8834,1
1787892600000,11.737,11.758,11.736,11.75,195.0,195.0,2291.218,1
1787892900000,11.75,11.754,11.733,11.746,226.0,226.0,2654.47,1
1787893200000,11.746,11.757,11.727,11.753,1100.0,1100.6,12933.3816,1
1787893500000,11.751,11.759,11.709,11.709,270.0,270.1,3169.5632,1
1787893800000,11.71,11.718,11.701,11.716,217.0,217.0,2540.741,1
1787894100000,11.716,11.717,11.701,11.702,328.0,328.5,3847.024,1
1787894400000,11.701,11.705,11.697,11.699,139.0,139.0,1626.309,1
1787894700000,11.699,11.726,11.699,11.725,266.0,266.1,3117.024,1
1787895000000,11.727,11.757,11.723,11.752,1068.0,1068.6,12541.5896,1
1787895300000,11.752,11.758,11.745,11.757,197.0,197.0,2315.5,1
1787895600000,11.754,11.785,11.754,11.783,191.0,191.8,2257.1519,1
1787895900000,11.785,11.794,11.783,11.793,217.0,217.0,2558.445,1
1787896200000,11.792,11.794,11.786,11.786,446.0,446.5,5264.6142,1
1787896500000,11.786,11.794,11.769,11.777,819.0,819.0,9640.913,1
1787896800000,11.777,11.801,11.777,11.797,594.0,594.7,7006.7712,1
1787897100000,11.797,11.816,11.792,11.808,435.0,435.4,5140.9022,1
1787897400000,11.812,11.836,11.81,11.836,642.0,642.9,7603.1689,1
1787897700000,11.832,11.84,11.827,11.84,208.0,208.7,2469.8245,1
1787898000000,11.84,11.84,11.832,11.838,176.0,176.7,2091.7923,1
1787898300000,11.838,11.839,11.802,11.807,75.0,75.8,895.9632,1
1787898600000,11.807,11.81,11.796,11.806,284.0,284.0,3351.872,1
1787898900000,11.801,11.808,11.795,11.798,89.0,89.0,1050.473,1
1787899200000,11.803,11.803,11.79,11.793,859.0,859.2,10135.0907,1
1787899500000,11.796,11.825,11.79,11.825,226.0,226.0,2669.427,1
1787899800000,11.825,11.825,11.812,11.812,284.0,284.0,3356.81,1
1787900100000,11.812,11.821,11.811,11.811,559.0,559.0,6602.729,1
1787900400000,11.809,11.809,11.778,11.778,134.0,134.9,1591.0032,1
1787900700000,11.778,11.779,11.748,11.748,504.0,504.1,5925.1375,1
1787901000000,11.748,11.749,11.727,11.728,263.0,263.8,3095.4581,1
1787901300000,11.727,11.747,11.727,11.736,180.0,180.0,2112.958,1
1787901600000,11.735,11.741,11.726,11.726,168.0,168.7,1979.6075,1
1787901900000,11.728,11.737,11.723,11.731,121.0,121.0,1419.456,1
1787902200000,11.733,11.733,11.721,11.721,113.0,113.1,1326.1882,1
1787902500000,11.721,11.721,11.685,11.703,236.0,236.1,2760.9022,1
1787902800000,11.703,11.709,11.7,11.709,86.0,86.0,1006.643,1
1787903100000,11.709,11.719,11.684,11.701,346.0,346.8,4054.9499,1
1787903400000,11.701,11.701,11.684,11.696,294.0,294.3,3439.6332,1
1787903700000,11.697,11.701,11.69,11.691,217.0,217.2,2540.5592,1
1787904000000,11.695,11.723,11.694,11.709,342.0,342.1,4007.9692,1
1787904300000,11.709,11.713,11.701,11.708,782.0,782.7,9164.6286,1
1787904600000,11.71,11.717,11.696,11.696,388.0,388.3,4548.912,1
1787904900000,11.696,11.722,11.696,11.722,198.0,198.0,2319.879,1
1787905200000,11.724,11.724,11.715,11.719,114.0,114.2,1338.2404,1
1787905500000,11.711,11.715,11.708,11.708,66.0,66.0,772.987,1
1787905800000,11.708,11.709,11.703,11.703,122.0,122.0,1428.161,1
1787906100000,11.709,11.709,11.698,11.698,128.0,128.0,1497.912,1
1787906400000,11.695,11.698,11.687,11.687,177.0,177.7,2077.8618,1
1787906700000,11.687,11.688,11.644,11.651,3731.0,3731.0,43475.4846,1
1787907000000,11.65,11.658,11.64,11.649,266.0,266.6,3105.7602,1
1787907300000,11.655,11.657,11.648,11.657,266.0,266.4,3104.2568,1
1787907600000,11.656,11.66,11.624,11.652,2908.0,2908.2,33845.7641,1
1787907900000,11.65,11.667,11.635,11.663,1376.0,1376.1,16034.7094,1
1787908200000,11.663,11.684,11.659,11.668,574.0,574.3,6704.6939,1
1787908500000,11.674,11.72,11.671,11.717,374.0,374.4,4378.5904,1
1787908800000,11.716,11.719,11.711,11.719,872.0,872.1,10217.9468,1
1787909100000,11.719,11.732,11.717,11.732,177.0,177.6,2081.7694,1
1787909400000,11.732,11.732,11.706,11.726,121.0,121.0,1418.243,1
1787909700000,11.726,11.741,11.715,11.741,353.0,353.7,4148.1394,1
1787910000000,11.741,11.743,11.702,11.702,200.0,200.4,2348.8906,1
1787910300000,11.702,11.716,11.69,11.691,519.0,519.6,6079.5012,1
1787910600000,11.691,11.711,11.69,11.71,237.0,237.0,2773.141,1
1787910900000,11.71,11.71,11.69,11.697,129.0,129.0,1508.938,1
1787911200000,11.704,11.704,11.638,11.638,19131.0,19131.3,222866.0419,1
1787911500000,11.648,11.653,11.611,11.627,873.0,873.7,10151.6395,1
1787911800000,11.627,11.681,11.627,11.666,355.0,355.5,4145.8864,1
1787912100000,11.662,11.667,11.65,11.659,695.0,695.1,8100.7592,1
1787912400000,11.654,11.668,11.654,11.655,119.0,119.0,1387.422,1
1787912700000,11.655,11.694,11.654,11.694,831.0,831.3,9705.0261,1
1787913000000,11.687,11.713,11.686,11.706,1220.0,1220.1,14277.8473,1
1787913300000,11.706,11.707,11.693,11.707,278.0,278.6,3260.4032,1
1787913600000,11.707,11.708,11.695,11.695,336.0,336.8,3942.5771,1
1787913900000,11.695,11.709,11.689,11.702,163.0,163.2,1909.3178,1
1787914200000,11.702,11.718,11.702,11.717,223.0,223.2,2614.9452,1
1787914500000,11.717,11.758,11.717,11.758,1114.0,1114.6,13090.2663,1
1787914800000,11.756,11.798,11.756,11.78,685.0,685.1,8071.8272,1
1787915100000,11.78,11.78,11.758,11.776,429.0,429.0,5046.7292,1
1787915400000,11.776,11.781,11.772,11.779,88.0,88.0,1036.41,1
1787915700000,11.779,11.783,11.777,11.779,389.0,389.0,4582.6526,1
1787916000000,11.779,11.789,11.764,11.787,1666.0,1666.0,19629.003,1
1787916300000,11.791,11.792,11.758,11.76,141.0,141.0,1659.55,1
1787916600000,11.76,11.78,11.757,11.78,668.0,668.4,7861.5743,1
1787916900000,11.775,11.775,11.728,11.728,1704.0,1704.0,20015.9847,1
1787917200000,11.73,11.755,11.73,11.755,104.0,104.0,1220.78,1
1787917500000,11.755,11.777,11.755,11.773,309.0,309.0,3636.167,1
1787917800000,11.777,11.782,11.763,11.763,1560.0,1560.6,18381.9382,1
1787918100000,11.761,11.771,11.761,11.77,151.0,151.7,1784.9369,1
1787918400000,11.77,11.776,11.76,11.776,166.0,166.7,1961.6288,1
1787918700000,11.769,11.786,11.769,11.771,255.0,255.0,3003.673,1
1787919000000,11.776,11.778,11.764,11.766,218.0,218.4,2570.9406,1
1787919300000,11.771,11.814,11.771,11.79,1089.0,1089.4,12853.0219,1
1787919600000,11.79,11.798,11.781,11.781,938.0,938.0,11062.604,1
1787919900000,11.789,11.795,11.748,11.748,372.0,372.8,4387.6817,1
1787920200000,11.748,11.761,11.733,11.751,280.0,280.0,3289.7073,1
1787920500000,11.751,11.758,11.731,11.731,186.0,186.0,2184.575,1
1787920800000,11.731,11.74,11.722,11.74,289.0,289.0,3389.57,1
1787921100000,11.741,11.749,11.722,11.725,1201.0,1201.3,14107.9365,1
1787921400000,11.723,11.724,11.722,11.723,1240.0,1240.7,14545.3698,1
1787921700000,11.723,11.723,11.706,11.706,153.0,153.0,1793.2682,1
1787922000000,11.707,11.715,11.688,11.711,1316.0,1316.1,15393.6392,1
1787922300000,11.716,11.722,11.688,11.692,247.0,247.8,2900.236,1
1787922600000,11.692,11.694,11.686,11.689,188.0,188.7,2206.2318,1
1787922900000,11.686,11.687,11.674,11.684,4513.0,4513.1,52697.3543,1
1787923200000,11.682,11.683,11.672,11.673,756.0,756.3,8831.1179,1
1787923500000,11.672,11.685,11.643,11.666,1501.0,1501.2,17498.942,1
1787923800000,11.666,11.718,11.666,11.691,38273.0,38273.7,447141.316,1
1787924100000,11.692,11.732,11.692,11.7,1132.0,1132.9,13273.0037,1
1787924400000,11.703,11.704,11.688,11.688,397.0,397.0,4643.234,1
1787924700000,11.688,11.731,11.682,11.718,1067.0,1067.4,12501.2028,1
1787925000000,11.705,11.777,11.705,11.777,674.0,674.3,7907.3069,1
1787925300000,11.772,11.78,11.759,11.759,562.0,562.0,6618.003,1
1787925600000,11.745,11.83,11.632,11.641,7615.0,7615.4,89295.2681,1
1787925900000,11.651,11.668,11.565,11.652,7870.0,7870.6,91387.3963,1
1787926200000,11.648,11.658,11.565,11.589,3108.0,3108.7,36089.0245,1
1787926500000,11.584,11.63,11.553,11.628,2634.0,2634.1,30533.369,1
1787926800000,11.631,11.66,11.601,11.621,2629.0,2629.2,30597.0436,1
1787927100000,11.626,11.649,11.6,11.649,4346.0,4346.0,50538.3422,1
1787927400000,11.648,11.727,11.623,11.727,2141.0,2141.9,24989.2898,1
1787927700000,11.721,11.819,11.721,11.808,3962.0,3962.8,46734.0031,1
1787928000000,11.806,11.82,11.778,11.799,1196.0,1196.5,14116.9899,1
1787928300000,11.799,11.799,11.753,11.753,1057.0,1057.2,12446.9622,1
1787928600000,11.76,11.817,11.759,11.807,1166.0,1166.9,13770.1456,1
1787928900000,11.817,11.851,11.817,11.835,1609.0,1609.2,19053.1463,1
1787929200000,11.838,11.866,11.806,11.812,741.0,741.4,8777.5711,1
1787929500000,11.809,11.812,11.732,11.74,1150.0,1150.1,13530.6017,1
1787929800000,11.74,11.751,11.71,11.71,486.0,486.5,5706.7173,1
1787930100000,11.707,11.747,11.7,11.738,881.0,881.7,10337.6325,1
1787930400000,11.738,11.775,11.728,11.775,12640.0,12640.1,148433.4206,1
1787930700000,11.774,11.798,11.763,11.781,547.0,547.0,6446.5164,1
1787931000000,11.781,11.787,11.758,11.761,451.0,451.0,5308.434,1
1787931300000,11.759,11.786,11.735,11.772,1277.0,1277.6,15045.6718,1
1787931600000,11.77,11.777,11.673,11.676,2082.0,2082.9,24359.3668,1
1787931900000,11.676,11.699,11.646,11.652,2614.0,2614.4,30511.9988,1
1787932200000,11.655,11.66,11.609,11.639,1863.0,1863.2,21652.5624,1
1787932500000,11.634,11.634,11.564,11.567,1993.0,1993.2,23092.6195,1
1787932800000,11.565,11.579,11.462,11.49,10744.0,10744.4,123770.5351,1
1787933100000,11.494,11.568,11.489,11.513,4121.0,4121.1,47556.5977,1
1787933400000,11.513,11.518,11.432,11.447,11099.0,11099.9,127213.5037,1
1787933700000,11.443,11.455,11.4,11.434,20407.0,20407.9,232934.9148,1
1787934000000,11.423,11.434,11.322,11.339,5312.0,5312.8,60414.642,1
1787934300000,11.339,11.394,11.289,11.379,3779.0,3779.5,42863.9183,1
1787934600000,11.389,11.439,11.375,11.381,2603.0,2603.9,29714.8074,1
1787934900000,11.381,11.445,11.377,11.439,2810.0,2810.7,32093.9457,1
1787935200000,11.441,11.456,11.429,11.429,2004.0,2004.3,22935.5019,1
1787935500000,11.44,11.478,11.43,11.468,2375.0,2375.2,27225.4169,1
1787935800000,11.47,11.473,11.444,11.454,937.0,937.0,10735.9543,1
1787936100000,11.453,11.47,11.448,11.448,422.0,422.0,4835.756,1
1787936400000,11.451,11.47,11.432,11.452,2037.0,2037.5,23329.659,1
1787936700000,11.452,11.474,11.441,11.465,761.0,761.3,8722.8155,1
1787937000000,11.47,11.493,11.448,11.49,472.0,472.9,5426.4214,1
1787937300000,11.495,11.509,11.482,11.507,606.0,606.9,6975.7691,1
1787937600000,11.505,11.512,11.482,11.483,539.0,539.7,6203.6851,1
1787937900000,11.488,11.489,11.451,11.475,575.0,575.0,6599.1245,1
1787938200000,11.482,11.497,11.463,11.482,556.0,556.0,6384.748,1
1787938500000,11.473,11.475,11.446,11.451,460.0,460.2,5272.8996,1
1787938800000,11.448,11.461,11.445,11.448,269.0,269.0,3080.338,1
1787939100000,11.447,11.495,11.447,11.495,514.0,514.4,5903.6144,1
1787939400000,11.486,11.493,11.481,11.481,200.0,200.0,2297.547,1
1787939700000,11.481,11.481,11.458,11.464,215.0,215.0,2465.894,1
1787940000000,11.459,11.467,11.445,11.446,325.0,325.3,3725.8139,1
1787940300000,11.446,11.449,11.445,11.446,252.0,252.8,2893.655,1
1787940600000,11.445,11.445,11.398,11.398,3632.0,3632.6,41438.9118,1
1787940900000,11.4,11.414,11.384,11.392,614.0,614.1,7004.0685,1
1787941200000,11.393,11.408,11.369,11.37,663.0,663.1,7546.7759,1
1787941500000,11.37,11.384,11.36,11.373,3055.0,3055.0,34742.7782,1
1787941800000,11.372,11.376,11.348,11.357,1390.0,1390.7,15798.1782,1
1787942100000,11.357,11.357,11.3,11.303,807.0,807.5,9137.6166,1
1787942400000,11.306,11.321,11.3,11.301,739.0,739.5,8367.1798,1
1787942700000,11.3,11.309,11.263,11.264,760.0,760.0,8576.0084,1
1787943000000,11.262,11.32,11.259,11.32,847.0,847.5,9567.1853,1
1787943300000,11.31,11.335,11.305,11.335,404.0,404.3,4576.4082,1
1787943600000,11.335,11.367,11.334,11.349,610.0,610.9,6935.1959,1
1787943900000,11.351,11.393,11.345,11.393,621.0,621.3,7062.129,1
1787944200000,11.393,11.394,11.388,11.393,195.0,195.0,2221.5072,1
1787944500000,11.391,11.394,11.386,11.39,344.0,344.2,3920.9836,1
1787944800000,11.39,11.404,11.39,11.395,269.0,269.6,3072.7001,1
1787945100000,11.395,11.411,11.395,11.408,329.0,329.1,3752.9774,1
1787945400000,11.403,11.408,11.387,11.396,350.0,350.0,3989.928,1
1787945700000,11.402,11.41,11.396,11.407,196.0,196.0,2235.15,1
1787946000000,11.407,11.409,11.395,11.395,131.0,131.3,1497.2544,1
1787946300000,11.39,11.393,11.373,11.374,7313.0,7313.0,83193.403,1
1787946600000,11.378,11.383,11.373,11.373,219.0,219.0,2491.899,1
1787946900000,11.382,11.396,11.379,11.386,670.0,670.2,7628.6458,1
1787947200000,11.384,11.406,11.376,11.377,342.0,342.5,3901.4995,1
1787947500000,11.38,11.38,11.34,11.366,724.0,724.8,8229.0395,1
1787947800000,11.361,11.387,11.361,11.384,278.0,278.3,3166.3124,1
1787948100000,11.384,11.384,11.358,11.362,407.0,407.7,4633.682,1
1787948400000,11.362,11.379,11.355,11.379,240.0,240.5,2734.5352,1
1787948700000,11.379,11.383,11.373,11.379,112.0,112.3,1277.7703,1
1787949000000,11.384,11.384,11.35,11.35,165.0,165.0,1875.357,1
1787949300000,11.35,11.376,11.348,11.376,200.0,200.0,2272.062,1
1787949600000,11.376,11.388,11.373,11.375,94.0,94.8,1078.7896,1
1787949900000,11.369,11.383,11.367,11.38,133.0,133.8,1521.865,1
1787950200000,11.379,11.379,11.352,11.352,139.0,139.4,1584.5884,1
1787950500000,11.356,11.357,11.35,11.351,253.0,253.1,2873.1922,1
1787950800000,11.358,11.362,11.342,11.343,200.0,200.1,2271.233,1
1787951100000,11.341,11.365,11.341,11.354,201.0,201.1,2284.6344,1
1787951400000,11.354,11.373,11.353,11.372,315.0,315.1,3579.822,1
1787951700000,11.372,11.373,11.358,11.362,121.0,121.0,1375.07,1
1787952000000,11.369,11.369,11.319,11.335,14982.0,14982.8,169738.4338,1
1787952300000,11.342,11.369,11.342,11.368,394.0,394.5,4482.6355,1
1787952600000,11.368,11.384,11.361,11.382,231.0,231.4,2632.7091,1
1787952900000,11.382,11.386,11.371,11.371,69.0,69.0,784.952,1
1787953200000,11.361,11.366,11.313,11.326,2551.0,2551.0,28904.9913,1
1787953500000,11.326,11.326,11.302,11.321,694.0,694.6,7857.0828,1
1787953800000,11.321,11.332,11.306,11.313,1621.0,1621.5,18347.7795,1
1787954100000,11.313,11.317,11.3,11.308,430.0,430.3,4865.2168,1
1787954400000,11.311,11.319,11.3,11.31,2027.0,2027.7,22948.1815,1
1787954700000,11.31,11.332,11.31,11.331,821.0,821.6,9303.7592,1
1787955000000,11.331,11.35,11.331,11.35,1443.0,1443.6,16362.9781,1
1787955300000,11.35,11.35,11.341,11.35,261.0,261.1,2963.243,1
1787955600000,11.345,11.349,11.341,11.349,557.0,557.8,6330.0412,1
1787955900000,11.349,11.391,11.349,11.385,1377.0,1377.5,15662.8916,1
1787956200000,11.385,11.391,11.38,11.386,300.0,300.6,3422.0259,1
1787956500000,11.386,11.393,11.386,11.393,77.0,77.3,880.5489,1
1787956800000,11.393,11.407,11.393,11.403,271.0,271.6,3096.6781,1
1787957100000,11.403,11.42,11.403,11.42,45.0,45.6,520.5259,1
1787957400000,11.419,11.427,11.416,11.426,383.0,383.1,4375.5366,1
1787957700000,11.427,11.431,11.42,11.431,73.0,73.7,842.0432,1
1787958000000,11.422,11.435,11.421,11.433,143.0,143.7,1641.8466,1
1787958300000,11.427,11.428,11.413,11.419,92.0,92.0,1050.728,1
1787958600000,11.419,11.439,11.419,11.438,148.0,148.3,1695.4944,1
1787958900000,11.438,11.439,11.423,11.428,59.0,59.0,674.188,1
1787959200000,11.423,11.427,11.408,11.42,400.0,400.4,4570.6792,1
1787959500000,11.424,11.431,11.413,11.428,125.0,125.2,1430.3702,1
1787959800000,11.428,11.428,11.415,11.421,348.0,348.5,3979.2725,1
1787960100000,11.416,11.428,11.415,11.423,75.0,75.0,856.597,1
1787960400000,11.423,11.431,11.421,11.431,45.0,45.5,519.8322,1
1787960700000,11.423,11.423,11.402,11.402,129.0,129.4,1476.3656,1
1787961000000,11.402,11.434,11.402,11.434,97.0,97.0,1107.592,1
1787961300000,11.434,11.439,11.425,11.43,212.0,212.3,2426.4603,1
1787961600000,11.428,11.442,11.42,11.436,808.0,808.7,9248.0559,1
1787961900000,11.436,11.451,11.426,11.434,14623.0,14623.7,167342.6283,1
1787962200000,11.434,11.452,11.434,11.443,1864.0,1864.2,21332.1626,1
1787962500000,11.443,11.448,11.435,11.447,1473.0,1473.7,16861.962,1
1787962800000,11.447,11.455,11.445,11.453,366.0,366.6,4198.214,1
1787963100000,11.453,11.47,11.452,11.462,189.0,189.3,2169.7902,1
1787963400000,11.462,11.462,11.44,11.443,643.0,643.5,7366.5613,1
1787963700000,11.443,11.452,11.436,11.451,162.0,162.0,1854.573,1
1787964000000,11.451,11.455,11.449,11.455,47.0,47.0,538.282,1
1787964300000,11.449,11.456,11.434,11.44,220.0,220.8,2527.3502,1
1787964600000,11.44,11.443,11.422,11.437,126.0,126.3,1443.6585,1
1787964900000,11.437,11.439,11.433,11.434,110.0,110.0,1258.065,1
1787965200000,11.43,11.434,11.422,11.426,44.0,44.3,506.2276,1
1787965500000,11.426,11.426,11.405,11.408,229.0,229.0,2613.2813,1
1787965800000,11.409,11.412,11.391,11.391,231.0,231.6,2640.0254,1
1787966100000,11.391,11.405,11.391,11.405,69.0,69.0,786.517,1
1787966400000,11.405,11.414,11.401,11.414,84.0,84.6,965.3136,1
1787966700000,11.414,11.433,11.414,11.433,185.0,185.6,2120.3152,1
1787967000000,11.433,11.435,11.416,11.427,118.0,118.3,1351.9351,1
1787967300000,11.427,11.427,11.4,11.409,353.0,353.2,4029.1656,1
1787967600000,11.409,11.421,11.409,11.41,57.0,57.0,650.695,1
1787967900000,11.41,11.41,11.388,11.405,646.0,646.9,7374.2661,1
1787968200000,11.405,11.422,11.401,11.412,169.0,169.0,1928.464,1
1787968500000,11.412,11.412,11.388,11.392,90.0,90.0,1025.662,1
1787968800000,11.399,11.412,11.393,11.393,130.0,130.0,1482.296,1
1787969100000,11.396,11.402,11.386,11.393,85.0,85.0,968.693,1
1787969400000,11.397,11.399,11.389,11.389,374.0,374.1,4263.5235,1
1787969700000,11.389,11.389,11.37,11.37,138.0,138.3,1573.3824,1
1787970000000,11.37,11.371,11.353,11.358,791.0,791.5,8986.8955,1
1787970300000,11.358,11.358,11.346,11.352,173.0,173.9,1973.6776,1
1787970600000,11.352,11.371,11.347,11.347,1176.0,1176.9,13377.6272,1
1787970900000,11.351,11.378,11.35,11.378,106.0,106.4,1209.3084,1
1787971200000,11.382,11.382,11.367,11.372,127.0,127.0,1444.429,1
1787971500000,11.374,11.382,11.369,11.377,141.0,141.0,1604.011,1
1787971800000,11.377,11.403,11.375,11.4,845.0,845.5,9625.1445,1
1787972100000,11.401,11.403,11.381,11.381,82.0,82.0,934.138,1
1787972400000,11.379,11.392,11.374,11.374,102.0,102.0,1161.096,1
1787972700000,11.374,11.376,11.368,11.368,73.0,73.0,830.085,1
1787973000000,11.368,11.377,11.365,11.365,44.0,44.0,500.233,1
1787973300000,11.365,11.365,11.346,11.35,135.0,135.0,1532.807,1
1787973600000,11.35,11.373,11.35,11.363,159.0,159.0,1806.757,1
1787973900000,11.363,11.378,11.363,11.374,150.0,150.0,1705.678,1
1787974200000,11.372,11.381,11.364,11.364,366.0,366.1,4161.5154,1
1787974500000,11.366,11.366,11.345,11.359,124.0,124.0,1407.768,1
1787974800000,11.359,11.372,11.358,11.359,159.0,159.0,1807.316,1
1787975100000,11.36,11.362,11.352,11.353,170.0,170.9,1940.6137,1
1787975400000,11.353,11.353,11.344,11.344,112.0,112.0,1271.332,1
1787975700000,11.344,11.344,11.329,11.337,88.0,88.7,1005.3234,1
1787976000000,11.333,11.337,11.331,11.336,128.0,128.0,1450.884,1
1787976300000,11.336,11.346,11.334,11.342,110.0,110.5,1253.343,1
1787976600000,11.342,11.351,11.34,11.344,108.0,108.0,1225.27,1
1787976900000,11.344,11.347,11.341,11.344,23.0,23.0,260.893,1
1787977200000,11.344,11.356,11.342,11.356,57.0,57.0,646.804,1
1787977500000,11.356,11.356,11.351,11.354,42.0,42.0,476.908,1
1787977800000,11.354,11.358,11.35,11.351,85.0,85.0,964.984,1
1787978100000,11.345,11.358,11.345,11.358,190.0,190.0,2156.749,1
1787978400000,11.353,11.354,11.333,11.338,246.0,246.0,2790.575,1
1787978700000,11.338,11.349,11.338,11.349,4180.0,4180.3,47429.0654,1
1787979000000,11.345,11.367,11.345,11.359,7145.0,7145.0,81197.273,1
1787979300000,11.35,11.362,11.345,11.356,127.0,127.0,1441.653,1
1787979600000,11.356,11.368,11.356,11.368,147.0,147.0,1670.883,1
1787979900000,11.368,11.368,11.367,11.368,111.0,111.0,1261.808,1
1787980200000,11.368,11.37,11.367,11.37,57.0,57.7,655.9469,1
1787980500000,11.37,11.387,11.37,11.38,73.0,73.0,830.794,1
1787980800000,11.38,11.382,11.369,11.374,105.0,105.0,1194.313,1
1787981100000,11.374,11.379,11.371,11.371,37.0,37.0,420.849,1
1787981400000,11.371,11.373,11.357,11.357,90.0,90.0,1022.741,1
1787981700000,11.357,11.38,11.357,11.375,599.0,599.7,6820.5359,1
1787982000000,11.375,11.392,11.372,11.388,376.0,376.2,4280.4297,1
1787982300000,11.388,11.388,11.376,11.376,140.0,140.4,1598.5132,1
1787982600000,11.376,11.376,11.355,11.355,171.0,171.0,1942.602,1
1787982900000,11.355,11.367,11.355,11.366,72.0,72.0,818.102,1
1787983200000,11.37,11.372,11.345,11.348,182.0,182.0,2066.534,1
1787983500000,11.348,11.348,11.335,11.335,125.0,125.2,1419.9622,1
1787983800000,11.335,11.337,11.32,11.322,88.0,88.1,998.4705,1
1787984100000,11.322,11.322,11.32,11.321,85.0,85.2,964.549,1
1787984400000,11.321,11.321,11.282,11.296,1065.0,1065.9,12032.9702,1
1787984700000,11.296,11.304,11.288,11.299,106.0,106.1,1198.366,1
1787985000000,11.299,11.315,11.299,11.315,243.0,243.0,2748.914,1
1787985300000,11.317,11.319,11.31,11.314,269.0,269.7,3051.8672,1
1787985600000,11.314,11.322,11.314,11.315,219.0,219.2,2480.5978,1
1787985900000,11.315,11.332,11.315,11.329,103.0,103.3,1169.9481,1
1787986200000,11.326,11.332,11.324,11.324,139.0,139.9,1584.8644,1
1787986500000,11.324,11.337,11.324,11.336,74.0,74.8,847.8403,1
1787986800000,11.336,11.342,11.335,11.342,89.0,89.0,1009.016,1
1787987100000,11.342,11.344,11.326,11.326,89.0,89.0,1009.117,1
1787987400000,11.326,11.329,11.323,11.323,90.0,90.0,1019.336,1
1787987700000,11.324,11.333,11.313,11.333,104.0,104.0,1178.068,1
1787988000000,11.333,11.333,11.319,11.319,108.0,108.0,1223.474,1
1787988300000,11.321,11.323,11.316,11.316,498.0,498.0,5637.775,1
1787988600000,11.316,11.322,11.316,11.322,42.0,42.0,475.369,1
1787988900000,11.322,11.336,11.315,11.336,182.0,182.2,2064.2682,1
1787989200000,11.336,11.336,11.312,11.321,262.0,262.5,2971.8092,1
1787989500000,11.321,11.33,11.314,11.326,191.0,191.3,2165.5881,1
1787989800000,11.326,11.326,11.31,11.31,91.0,91.0,1029.696,1
1787990100000,11.313,11.32,11.313,11.32,173.0,173.5,1963.5145,1
1787990400000,11.318,11.318,11.3,11.301,299.0,299.2,3383.427,1
1787990700000,11.301,11.303,11.295,11.297,97.0,97.0,1096.1066,1
1787991000000,11.295,11.3,11.295,11.299,219.0,219.0,2474.531,1
1787991300000,11.299,11.3,11.299,11.3,30.0,30.4,343.49,1
1787991600000,11.3,11.314,11.295,11.309,106.0,106.0,1198.381,1
1787991900000,11.309,11.319,11.309,11.318,68.0,68.2,771.6848,1
1787992200000,11.318,11.318,11.3,11.302,721.0,721.3,8155.7681,1
1787992500000,11.302,11.304,11.297,11.3,48.0,48.0,542.405,1
1787992800000,11.301,11.301,11.292,11.294,111.0,111.0,1253.932,1
1787993100000,11.297,11.302,11.27,11.297,220.0,220.3,2486.079,1
1787993400000,11.299,11.3,11.283,11.283,115.0,115.8,1308.0614,1
1787993700000,11.287,11.3,11.282,11.3,286.0,286.0,3229.017,1
1787994000000,11.3,11.301,11.297,11.3,76.0,76.0,858.719,1
1787994300000,11.301,11.311,11.296,11.299,118.0,118.2,1335.9788,1
1787994600000,11.299,11.305,11.299,11.305,26.0,26.0,293.868,1
1787994900000,11.305,11.319,11.304,11.319,81.0,81.0,916.208,1
1787995200000,11.319,11.319,11.308,11.308,124.0,124.0,1402.699,1
1787995500000,11.308,11.31,11.302,11.306,22.0,22.0,248.716,1
1787995800000,11.306,11.322,11.305,11.322,83.0,83.0,938.745,1
1787996100000,11.322,11.325,11.316,11.325,46.0,46.0,520.755,1
1787996400000,11.325,11.325,11.312,11.312,85.0,85.1,963.0758,1
1787996700000,11.312,11.312,11.309,11.31,33.0,33.9,383.3841,1
1787997000000,11.312,11.317,11.305,11.308,92.0,92.9,1050.6313,1
1787997300000,11.308,11.313,11.302,11.306,51.0,51.0,576.575,1
1787997600000,11.306,11.307,11.287,11.287,83.0,83.8,946.5416,1
1787997900000,11.285,11.286,11.279,11.284,119.0,119.9,1352.8816,1
1787998200000,11.284,11.299,11.284,11.299,33.0,33.0,372.621,1
1787998500000,11.299,11.335,11.299,11.334,250.0,250.6,2837.7916,1
1787998800000,11.334,11.342,11.333,11.333,241.0,241.0,2732.2623,1
1787999100000,11.333,11.341,11.333,11.338,144.0,144.2,1634.643,1
1787999400000,11.338,11.338,11.331,11.331,5.0,5.0,56.661,1
1787999700000,11.331,11.344,11.328,11.328,188.0,188.1,2132.3708,1
1788000000000,11.328,11.328,11.321,11.324,487.0,487.9,5524.3288,1
1788000300000,11.324,11.34,11.324,11.34,107.0,107.9,1223.207,1
1788000600000,11.34,11.34,11.335,11.336,121.0,121.0,1371.705,1
1788000900000,11.336,11.336,11.316,11.319,98.0,98.5,1115.9271,1
1788001200000,11.311,11.318,11.311,11.318,96.0,96.0,1086.107,1
1788001500000,11.318,11.326,11.315,11.319,123.0,123.0,1392.542,1
1788001800000,11.317,11.334,11.317,11.334,151.0,151.0,1710.125,1
1788002100000,11.334,11.337,11.327,11.328,79.0,79.0,895.297,1
1788002400000,11.328,11.328,11.321,11.321,52.0,52.0,588.794,1
1788002700000,11.321,11.327,11.321,11.324,264.0,264.0,2989.508,1
1788003000000,11.324,11.325,11.322,11.325,41.0,41.0,464.256,1
1788003300000,11.325,11.328,11.321,11.322,98.0,98.2,1111.9294,1
1788003600000,11.322,11.322,11.321,11.321,84.0,84.5,956.7085,1
1788003900000,11.321,11.321,11.306,11.314,70.0,70.0,791.852,1
1788004200000,11.312,11.315,11.307,11.307,61.0,61.0,690.017,1
1788004500000,11.307,11.312,11.298,11.3,301.0,301.0,3401.3111,1
1788004800000,11.297,11.3,11.295,11.298,89.0,89.0,1005.443,1
1788005100000,11.298,11.306,11.298,11.306,50.0,50.2,567.4334,1
1788005400000,11.297,11.314,11.297,11.314,154.0,154.6,1748.1563,1
1788005700000,11.317,11.331,11.314,11.33,86.0,86.0,973.772,1
1788006000000,11.328,11.333,11.315,11.318,292.0,292.2,3307.583,1
1788006300000,11.318,11.318,11.308,11.316,119.0,119.2,1348.3286,1
1788006600000,11.316,11.316,11.306,11.306,115.0,115.0,1300.685,1
1788006900000,11.306,11.313,11.301,11.313,82.0,82.0,927.387,1
1788007200000,11.313,11.315,11.309,11.315,264.0,264.8,2996.042,1
1788007500000,11.315,11.32,11.312,11.32,78.0,78.0,882.518,1
1788007800000,11.317,11.318,11.31,11.31,98.0,98.0,1108.738,1
1788008100000,11.315,11.32,11.314,11.32,97.0,97.0,1097.826,1
1788008400000,11.32,11.32,11.313,11.313,16.0,16.5,186.7015,1
1788008700000,11.313,11.315,11.31,11.31,80.0,80.0,905.078,1
1788009000000,11.31,11.315,11.307,11.314,64.0,64.0,723.865,1
1788009300000,11.314,11.32,11.311,11.312,171.0,171.2,1937.0814,1
1788009600000,11.312,11.32,11.309,11.316,51.0,51.1,578.2119,1
1788009900000,11.316,11.321,11.307,11.313,75.0,75.0,848.538,1
1788010200000,11.315,11.315,11.31,11.31,139.0,139.7,1580.329,1
1788010500000,11.309,11.328,11.309,11.312,510.0,510.3,5775.5701,1
1788010800000,11.312,11.314,11.31,11.314,19.0,19.7,222.8698,1
1788011100000,11.314,11.319,11.308,11.319,100.0,100.1,1132.3808,1
1788011400000,11.319,11.321,11.319,11.319,69.0,69.0,781.077,1
1788011700000,11.323,11.326,11.317,11.317,43.0,43.6,493.6798,1
1788012000000,11.317,11.334,11.317,11.327,87.0,87.1,986.6078,1
1788012300000,11.329,11.344,11.328,11.344,126.0,126.1,1429.8915,1
1788012600000,11.344,11.362,11.341,11.357,160.0,160.9,1825.9316,1
1788012900000,11.357,11.359,11.356,11.359,60.0,60.0,681.456,1
1788013200000,11.355,11.384,11.355,11.384,332.0,332.8,3785.4259,1
1788013500000,11.384,11.391,11.372,11.373,161.0,161.6,1839.6354,1
1788013800000,11.373,11.431,11.373,11.395,327.0,327.0,3729.7576,1
1788014100000,11.396,11.41,11.396,11.41,193.0,193.5,2206.413,1
1788014400000,11.408,11.451,11.406,11.448,1961.0,1961.3,22449.2698,1
1788014700000,11.448,11.484,11.442,11.464,3263.0,3263.3,37401.5603,1
1788015000000,11.465,11.467,11.45,11.455,349.0,349.2,4000.9408,1
1788015300000,11.452,11.461,11.448,11.453,763.0,763.7,8748.9112,1
1788015600000,11.459,11.462,11.406,11.406,2067.0,2067.4,23619.2659,1
1788015900000,11.405,11.422,11.405,11.422,359.0,359.5,4101.4807,1
1788016200000,11.422,11.435,11.411,11.434,216.0,216.0,2466.48,1
1788016500000,11.428,11.433,11.404,11.41,236.0,236.5,2699.542,1
1788016800000,11.41,11.415,11.404,11.404,143.0,143.0,1631.783,1
1788017100000,11.404,11.409,11.391,11.391,1658.0,1658.3,18897.0615,1
1788017400000,11.391,11.391,11.37,11.371,261.0,261.1,2969.3196,1
1788017700000,11.371,11.381,11.37,11.381,138.0,138.0,1569.68,1
1788018000000,11.381,11.393,11.376,11.376,1292.0,1292.6,14712.1934,1
1788018300000,11.379,11.396,11.368,11.396,5638.0,5638.9,64189.7531,1
1788018600000,11.396,11.401,11.381,11.388,1456.0,1456.0,16596.7574,1
1788018900000,11.388,11.388,11.374,11.381,5058.0,5058.0,57547.338,1
1788019200000,11.381,11.393,11.381,11.382,192.0,192.0,2186.165,1
1788019500000,11.378,11.382,11.373,11.381,135.0,135.1,1537.0949,1
1788019800000,11.381,11.389,11.38,11.386,241.0,241.4,2748.3132,1
1788020100000,11.386,11.404,11.377,11.386,3854.0,3854.9,43897.1569,1
1788020400000,11.393,11.398,11.379,11.388,812.0,812.9,9254.1206,1
1788020700000,11.388,11.396,11.38,11.396,241.0,241.2,2746.223,1
1788021000000,11.396,11.434,11.388,11.429,3129.0,3129.4,35754.1843,1
1788021300000,11.429,11.429,11.404,11.41,600.0,600.2,6848.7032,1
1788021600000,11.411,11.436,11.411,11.434,252.0,252.2,2882.2406,1
1788021900000,11.434,11.439,11.424,11.439,185.0,185.4,2119.9646,1
1788022200000,11.439,11.456,11.426,11.426,2149.0,2149.0,24598.4243,1
1788022500000,11.422,11.428,11.404,11.404,557.0,557.6,6368.85,1
1788022800000,11.405,11.433,11.405,11.433,176.0,176.5,2015.9135,1
1788023100000,11.433,11.433,11.421,11.422,138.0,138.8,1586.1892,1
1788023400000,11.422,11.423,11.416,11.421,70.0,70.0,799.409,1
1788023700000,11.421,11.427,11.411,11.413,160.0,160.9,1837.2586,1
1788024000000,11.413,11.416,11.405,11.413,137.0,137.0,1563.176,1
1788024300000,11.414,11.414,11.387,11.391,6093.0,6093.2,69443.211,1
1788024600000,11.391,11.397,11.371,11.378,4306.0,4306.6,49023.8309,1
1788024900000,11.378,11.381,11.361,11.371,647.0,647.1,7354.6029,1
1788025200000,11.374,11.388,11.374,11.379,212.0,212.0,2412.806,1
1788025500000,11.377,11.385,11.371,11.374,158.0,158.0,1797.682,1
1788025800000,11.373,11.373,11.358,11.363,111.0,111.0,1261.734,1
1788026100000,11.363,11.383,11.357,11.383,100.0,100.0,1136.906,1
1788026400000,11.38,11.393,11.374,11.382,2164.0,2164.2,24640.05,1
1788026700000,11.382,11.382,11.373,11.374,95.0,95.6,1087.6882,1
1788027000000,11.374,11.378,11.364,11.378,87.0,87.0,989.237,1
1788027300000,11.379,11.383,11.374,11.381,70.0,70.1,797.6479,1
1788027600000,11.383,11.395,11.382,11.394,209.0,209.0,2380.983,1
1788027900000,11.394,11.41,11.394,11.41,164.0,164.5,1876.1688,1
1788028200000,11.404,11.412,11.396,11.403,133.0,133.9,1526.9488,1
1788028500000,11.403,11.427,11.403,11.427,111.0,111.0,1267.443,1
1788028800000,11.427,11.439,11.421,11.421,296.0,296.9,3393.3753,1
1788029100000,11.421,11.439,11.421,11.438,144.0,144.1,1647.3022,1
1788029400000,11.438,11.439,11.433,11.433,62.0,62.0,709.097,1
1788029700000,11.433,11.438,11.428,11.428,97.0,97.0,1109.058,1
1788030000000,11.428,11.435,11.42,11.426,148.0,148.6,1697.9596,1
1788030300000,11.426,11.439,11.42,11.432,231.0,231.4,2645.6546,1
1788030600000,11.432,11.445,11.426,11.444,1990.0,1990.2,22772.2406,1
1788030900000,11.444,11.46,11.443,11.46,150.0,150.4,1723.0493,1
1788031200000,11.46,11.46,11.447,11.453,252.0,252.2,2888.3142,1
1788031500000,11.448,11.453,11.446,11.45,101.0,101.1,1157.5952,1
1788031800000,11.453,11.453,11.433,11.44,1146.0,1146.0,13104.077,1
1788032100000,11.44,11.446,11.431,11.432,159.0,159.0,1818.334,1
1788032400000,11.432,11.449,11.432,11.446,100.0,100.0,1144.309,1
1788032700000,11.446,11.448,11.44,11.442,100.0,100.9,1154.7368,1
1788033000000,11.442,11.442,11.428,11.436,73.0,73.1,835.6742,1
1788033300000,11.434,11.434,11.422,11.422,92.0,92.0,1051.251,1
1788033600000,11.425,11.443,11.425,11.436,168.0,168.9,1931.2429,1
1788033900000,11.436,11.453,11.436,11.453,1089.0,1089.5,12477.3035,1
1788034200000,11.453,11.453,11.442,11.451,75.0,75.0,858.502,1
1788034500000,11.448,11.47,11.445,11.47,110.0,110.0,1259.9688,1
1788034800000,11.47,11.476,11.456,11.456,587.0,587.0,6734.437,1
1788035100000,11.456,11.456,11.449,11.449,66.0,66.0,755.775,1
1788035400000,11.449,11.454,11.431,11.433,99.0,99.8,1141.9286,1
1788035700000,11.433,11.452,11.433,11.442,185.0,185.7,2124.9397,1
1788036000000,11.442,11.455,11.442,11.451,104.0,104.0,1190.711,1
1788036300000,11.451,11.457,11.448,11.455,133.0,133.0,1522.998,1
1788036600000,11.455,11.458,11.451,11.451,69.0,69.0,790.3994,1
1788036900000,11.451,11.454,11.448,11.451,23.0,23.0,263.346,1
1788037200000,11.451,11.466,11.447,11.448,502.0,502.0,5746.555,1
1788037500000,11.448,11.468,11.448,11.462,57.0,57.0,653.03,1
1788037800000,11.462,11.478,11.461,11.462,283.0,283.9,3256.9036,1
1788038100000,11.462,11.465,11.455,11.465,37.0,37.4,428.5782,1
1788038400000,11.469,11.469,11.454,11.458,86.0,86.0,985.701,1
1788038700000,11.448,11.45,11.448,11.448,56.0,56.0,641.127,1
1788039000000,11.448,11.451,11.448,11.451,40.0,40.0,457.965,1
1788039300000,11.449,11.456,11.449,11.456,37.0,37.0,423.655,1
1788039600000,11.456,11.464,11.451,11.464,72.0,72.0,825.2,1
1788039900000,11.464,11.472,11.46,11.472,62.0,62.0,710.939,1
1788040200000,11.472,11.475,11.466,11.473,411.0,411.8,4723.3424,1
1788040500000,11.473,11.473,11.447,11.447,182.0,182.7,2094.5098,1
1788040800000,11.445,11.445,11.422,11.437,134.0,134.2,1534.6227,1
1788041100000,11.435,11.438,11.427,11.432,553.0,553.4,6325.2918,1
1788041400000,11.432,11.449,11.426,11.43,436.0,436.4,4990.3652,1
1788041700000,11.426,11.433,11.415,11.415,512.0,512.9,5861.0084,1
1788042000000,11.415,11.416,11.412,11.412,378.0,378.7,4322.5109,1
1788042300000,11.412,11.415,11.408,11.41,66.0,66.0,753.129,1
1788042600000,11.41,11.419,11.41,11.419,71.0,71.6,817.3698,1
1788042900000,11.419,11.42,11.414,11.419,594.0,594.0,6782.268,1
1788043200000,11.419,11.431,11.419,11.426,289.0,289.5,3309.0785,1
1788043500000,11.425,11.431,11.425,11.431,47.0,47.0,537.215,1
1788043800000,11.431,11.439,11.431,11.439,48.0,48.7,556.9719,1
1788044100000,11.439,11.44,11.435,11.44,24.0,24.0,274.477,1
1788044400000,11.433,11.444,11.43,11.437,416.0,416.9,4769.7258,1
1788044700000,11.437,11.447,11.433,11.439,116.0,116.0,1327.121,1
1788045000000,11.445,11.447,11.43,11.439,874.0,874.5,10002.5321,1
1788045300000,11.435,11.452,11.433,11.445,126.0,126.0,1441.857,1
1788045600000,11.445,11.445,11.426,11.427,109.0,109.8,1255.2024,1
1788045900000,11.423,11.445,11.418,11.445,169.0,169.0,1931.95,1
1788046200000,11.445,11.447,11.419,11.42,232.0,232.2,2654.1642,1
1788046500000,11.42,11.432,11.419,11.432,100.0,100.2,1144.5088,1
1788046800000,11.432,11.432,11.416,11.416,163.0,163.4,1866.5884,1
1788047100000,11.418,11.448,11.418,11.444,120.0,120.1,1373.409,1
1788047400000,11.444,11.46,11.444,11.46,60.0,60.0,687.275,1
1788047700000,11.46,11.461,11.451,11.451,65.0,65.0,744.546,1
1788048000000,11.45,11.451,11.43,11.43,1226.0,1226.3,14040.3844,1
1788048300000,11.43,11.434,11.412,11.413,106.0,106.2,1213.308,1
1788048600000,11.413,11.415,11.404,11.415,136.0,136.6,1558.2832,1
1788048900000,11.415,11.456,11.415,11.446,221.0,221.0,2528.698,1
1788049200000,11.448,11.448,11.424,11.424,126.0,126.0,1440.638,1
1788049500000,11.424,11.425,11.42,11.424,738.0,738.7,8439.4825,1
1788049800000,11.422,11.422,11.412,11.412,105.0,105.0,1198.723,1
1788050100000,11.412,11.431,11.412,11.418,159.0,159.7,1823.9885,1
1788050400000,11.418,11.431,11.414,11.416,191.0,191.8,2190.8282,1
1788050700000,11.416,11.425,11.413,11.424,84.0,84.0,959.319,1
1788051000000,11.424,11.424,11.415,11.418,114.0,114.0,1301.602,1
1788051300000,11.416,11.416,11.406,11.406,944.0,944.2,10774.4142,1
1788051600000,11.407,11.41,11.401,11.41,38.0,38.1,434.5764,1
1788051900000,11.41,11.41,11.392,11.392,296.0,296.4,3378.6934,1
1788052200000,11.392,11.397,11.384,11.389,66.0,66.0,751.744,1
1788052500000,11.389,11.393,11.369,11.38,416.0,416.0,4732.9383,1
1788052800000,11.38,11.387,11.379,11.381,400.0,400.9,4563.0198,1
1788053100000,11.381,11.381,11.365,11.366,74.0,74.9,851.5535,1
1788053400000,11.366,11.381,11.36,11.368,167.0,167.2,1900.6298,1
1788053700000,11.373,11.389,11.372,11.389,65.0,65.0,739.65,1
1788054000000,11.389,11.389,11.375,11.377,99.0,99.4,1131.4092,1
1788054300000,11.38,11.385,11.378,11.385,112.0,112.0,1274.753,1
1788054600000,11.385,11.389,11.378,11.379,95.0,95.0,1081.55,1
1788054900000,11.379,11.389,11.375,11.388,144.0,144.0,1638.659,1
1788055200000,11.388,11.399,11.377,11.397,109.0,109.0,1241.087,1
1788055500000,11.397,11.404,11.39,11.394,112.0,112.0,1276.14,1
1788055800000,11.394,11.395,11.39,11.395,12.0,12.0,136.714,1
1788056100000,11.395,11.397,11.388,11.388,66.0,66.0,751.894,1
1788056400000,11.393,11.395,11.382,11.383,108.0,108.0,1229.861,1
1788056700000,11.383,11.385,11.375,11.385,20.0,20.0,227.54,1
1788057000000,11.383,11.383,11.37,11.374,91.0,91.0,1035.077,1
1788057300000,11.374,11.379,11.373,11.379,28.0,28.0,318.527,1
1788057600000,11.379,11.385,11.377,11.382,56.0,56.0,637.361,1
1788057900000,11.382,11.382,11.373,11.38,91.0,91.0,1035.107,1
1788058200000,11.38,11.404,11.38,11.403,171.0,171.0,1948.676,1
1788058500000,11.403,11.41,11.392,11.392,229.0,229.0,2610.5017,1
1788058800000,11.392,11.403,11.391,11.391,80.0,80.0,911.698,1
1788059100000,11.391,11.392,11.388,11.392,49.0,49.0,558.073,1
1788059400000,11.392,11.396,11.391,11.391,38.0,38.0,432.891,1
1788059700000,11.391,11.393,11.386,11.392,95.0,95.0,1081.951,1
1788060000000,11.392,11.392,11.371,11.377,68.0,68.4,778.2314,1
1788060300000,11.377,11.388,11.377,11.388,57.0,57.0,648.869,1
1788060600000,11.388,11.397,11.382,11.395,314.0,314.8,3586.8186,1
1788060900000,11.4,11.4,11.379,11.379,333.0,333.4,3794.6816,1
1788061200000,11.379,11.392,11.379,11.379,61.0,61.0,694.495,1
1788061500000,11.379,11.381,11.376,11.38,47.0,47.0,534.73,1
1788061800000,11.38,11.38,11.37,11.371,105.0,105.9,1204.2739,1
1788062100000,11.371,11.382,11.369,11.382,108.0,108.0,1228.33,1
1788062400000,11.382,11.39,11.379,11.389,543.0,543.6,6188.975,1
1788062700000,11.389,11.39,11.389,11.389,68.0,68.9,784.7243,1
1788063000000,11.389,11.389,11.387,11.387,27.0,27.0,307.449,1
1788063300000,11.387,11.39,11.387,11.39,46.0,46.5,529.596,1
1788063600000,11.39,11.391,11.39,11.39,232.0,232.0,2642.591,1
1788063900000,11.39,11.392,11.39,11.392,16.0,16.0,182.266,1
1788064200000,11.39,11.391,11.389,11.389,195.0,195.8,2230.1719,1
1788064500000,11.389,11.389,11.359,11.36,221.0,221.3,2514.8679,1
1788064800000,11.36,11.374,11.346,11.346,1134.0,1134.3,12879.088,1
1788065100000,11.346,11.354,11.336,11.34,249.0,249.5,2830.061,1
1788065400000,11.34,11.348,11.336,11.348,205.0,205.6,2331.7952,1
1788065700000,11.348,11.364,11.348,11.363,319.0,319.4,3627.853,1
1788066000000,11.363,11.406,11.361,11.406,700.0,700.1,7979.8732,1
1788066300000,11.406,11.409,11.391,11.4,53.0,53.0,604.156,1
1788066600000,11.4,11.4,11.384,11.386,65.0,65.0,740.122,1
1788066900000,11.386,11.386,11.382,11.382,23.0,23.0,261.798,1
1788067200000,11.382,11.384,11.377,11.378,72.0,72.0,819.38,1
1788067500000,11.378,11.381,11.377,11.377,54.0,54.0,614.396,1
1788067800000,11.377,11.378,11.372,11.372,32.0,32.0,364.018,1
1788068100000,11.372,11.381,11.372,11.381,79.0,79.0,898.628,1
1788068400000,11.381,11.387,11.381,11.385,34.0,34.0,387.112,1
1788068700000,11.385,11.392,11.381,11.389,59.0,59.0,672.014,1
1788069000000,11.397,11.397,11.393,11.393,80.0,80.7,919.6031,1
1788069300000,11.393,11.398,11.392,11.398,29.0,29.0,330.466,1
1788069600000,11.398,11.411,11.391,11.411,117.0,117.0,1333.899,1
1788069900000,11.411,11.411,11.393,11.394,70.0,70.0,797.801,1
1788070200000,11.394,11.394,11.39,11.391,98.0,98.0,1116.27,1
1788070500000,11.391,11.395,11.391,11.395,33.0,33.4,380.4824,1
1788070800000,11.395,11.405,11.395,11.405,58.0,58.0,661.219,1
1788071100000,11.405,11.413,11.403,11.413,60.0,60.0,684.49,1
1788071400000,11.413,11.415,11.4,11.41,48.0,48.1,548.71,1
1788071700000,11.41,11.425,11.41,11.424,160.0,160.8,1836.0478,1
1788072000000,11.426,11.439,11.426,11.433,150.0,150.9,1724.7183,1
1788072300000,11.433,11.439,11.428,11.437,89.0,89.0,1017.763,1
1788072600000,11.435,11.439,11.434,11.438,103.0,103.0,1177.951,1
1788072900000,11.438,11.438,11.433,11.438,60.0,60.0,686.161,1
1788073200000,11.438,11.438,11.425,11.425,69.0,69.0,788.748,1
1788073500000,11.425,11.433,11.425,11.429,13.0,13.0,148.585,1
1788073800000,11.429,11.437,11.424,11.43,81.0,81.0,925.946,1
1788074100000,11.436,11.436,11.422,11.423,42.0,42.0,480.072,1
1788074400000,11.421,11.421,11.416,11.416,31.0,31.0,353.986,1
1788074700000,11.416,11.416,11.407,11.411,55.0,55.0,627.515,1
1788075000000,11.411,11.416,11.405,11.406,90.0,90.3,1030.1799,1
1788075300000,11.406,11.409,11.399,11.399,67.0,67.0,764.04,1
1788075600000,11.399,11.404,11.395,11.395,186.0,186.3,2123.7959,1
1788075900000,11.395,11.397,11.38,11.392,151.0,151.5,1725.45,1
1788076200000,11.392,11.402,11.386,11.402,107.0,107.0,1219.111,1
1788076500000,11.402,11.402,11.39,11.392,61.0,61.0,694.962,1
1788076800000,11.392,11.393,11.378,11.386,116.0,116.0,1320.897,1
1788077100000,11.386,11.402,11.386,11.392,106.0,106.0,1208.055,1
1788077400000,11.395,11.395,11.379,11.381,75.0,75.0,853.909,1
1788077700000,11.381,11.392,11.381,11.392,69.0,69.0,785.787,1
1788078000000,11.395,11.397,11.381,11.381,55.0,55.0,626.468,1
1788078300000,11.381,11.393,11.381,11.392,78.0,78.0,888.302,1
1788078600000,11.392,11.392,11.383,11.383,32.0,32.0,364.31,1
1788078900000,11.391,11.391,11.374,11.375,121.0,121.0,1376.746,1
1788079200000,11.375,11.375,11.369,11.373,41.0,41.7,474.2354,1
1788079500000,11.373,11.376,11.362,11.37,577.0,577.6,6564.503,1
1788079800000,11.37,11.374,11.366,11.374,35.0,35.0,397.883,1
1788080100000,11.375,11.383,11.373,11.376,184.0,184.8,2102.9344,1
1788080400000,11.376,11.386,11.376,11.385,55.0,55.0,626.103,1
1788080700000,11.385,11.389,11.372,11.378,82.0,82.0,933.212,1
1788081000000,11.378,11.378,11.371,11.371,30.0,30.0,341.157,1
1788081300000,11.377,11.377,11.364,11.364,604.0,604.7,6873.2035,1
1788081600000,11.364,11.378,11.355,11.362,148.0,148.0,1682.154,1
1788081900000,11.362,11.362,11.336,11.336,937.0,937.2,10644.5577,1
1788082200000,11.336,11.361,11.336,11.344,159.0,159.0,1804.88,1
1788082500000,11.344,11.349,11.339,11.339,108.0,108.0,1225.311,1
1788082800000,11.339,11.349,11.335,11.338,135.0,135.0,1531.08,1
1788083100000,11.338,11.349,11.338,11.343,48.0,48.0,544.57,1
1788083400000,11.343,11.343,11.337,11.338,56.0,56.0,634.946,1
1788083700000,11.338,11.347,11.338,11.347,61.0,61.0,691.988,1
1788084000000,11.344,11.344,11.336,11.339,59.0,59.0,669.052,1
1788084300000,11.339,11.356,11.337,11.356,62.0,62.0,703.73,1
1788084600000,11.356,11.371,11.348,11.348,1098.0,1098.4,12486.3796,1
1788084900000,11.348,11.351,11.344,11.345,74.0,74.0,839.661,1
1788085200000,11.353,11.365,11.353,11.365,72.0,72.0,817.936,1
1788085500000,11.365,11.379,11.361,11.364,117.0,117.4,1334.7356,1
1788085800000,11.364,11.382,11.364,11.38,100.0,100.0,1137.776,1
1788086100000,11.38,11.38,11.367,11.368,90.0,90.4,1028.1552,1
1788086400000,11.368,11.376,11.368,11.372,70.0,70.0,796.126,1
1788086700000,11.372,11.379,11.372,11.373,46.0,46.2,525.6194,1
1788087000000,11.377,11.377,11.369,11.375,51.0,51.0,580.056,1
1788087300000,11.375,11.375,11.366,11.375,75.0,75.0,852.879,1
1788087600000,11.375,11.381,11.373,11.373,296.0,296.4,3372.597,1
1788087900000,11.373,11.386,11.373,11.385,56.0,56.2,639.594,1
1788088200000,11.383,11.39,11.379,11.387,111.0,111.0,1263.652,1
1788088500000,11.387,11.388,11.382,11.387,58.0,58.0,660.404,1
1788088800000,11.387,11.392,11.387,11.389,49.0,49.0,558.118,1
1788089100000,11.389,11.39,11.384,11.39,110.0,110.6,1259.4888,1
1788089400000,11.39,11.392,11.375,11.379,255.0,255.0,2902.265,1
1788089700000,11.378,11.379,11.359,11.379,154.0,154.0,1750.517,1
1788090000000,11.379,11.402,11.379,11.402,179.0,179.0,2039.1744,1
1788090300000,11.402,11.404,11.398,11.404,173.0,173.8,1981.5704,1
1788090600000,11.402,11.403,11.388,11.4,155.0,155.0,1766.112,1
1788090900000,11.4,11.404,11.399,11.403,81.0,81.0,923.483,1
1788091200000,11.403,11.431,11.403,11.43,313.0,313.7,3581.966,1
1788091500000,11.43,11.457,11.427,11.457,1477.0,1477.5,16912.456,1
1788091800000,11.457,11.498,11.457,11.467,2296.0,2296.7,26338.8609,1
1788092100000,11.467,11.467,11.451,11.456,477.0,477.5,5471.0056,1
1788092400000,11.455,11.463,11.44,11.44,643.0,643.7,7368.2554,1
1788092700000,11.44,11.451,11.439,11.451,798.0,798.5,9141.589,1
1788093000000,11.446,11.461,11.428,11.428,515.0,515.1,5896.5617,1
1788093300000,11.428,11.43,11.416,11.426,361.0,361.2,4125.8358,1
1788093600000,11.43,11.432,11.417,11.419,614.0,614.5,7023.1795,1
1788093900000,11.419,11.425,11.404,11.404,160.0,160.0,1825.747,1
1788094200000,11.405,11.428,11.404,11.428,182.0,182.0,2076.998,1
1788094500000,11.426,11.461,11.42,11.461,658.0,658.4,7534.0424,1
1788094800000,11.461,11.473,11.443,11.473,509.0,509.9,5841.5375,1
1788095100000,11.465,11.471,11.445,11.445,180.0,180.0,2062.411,1
1788095400000,11.445,11.453,11.444,11.445,131.0,131.0,1499.684,1
1788095700000,11.445,11.453,11.439,11.453,394.0,394.4,4513.5272,1
1788096000000,11.453,11.479,11.45,11.479,118.0,118.4,1357.7401,1
1788096300000,11.479,11.488,11.477,11.484,133.0,133.5,1532.7428,1
1788096600000,11.482,11.496,11.471,11.491,215.0,215.0,2469.6427,1
1788096900000,11.49,11.506,11.484,11.506,562.0,562.9,6473.5166,1
1788097200000,11.506,11.528,11.5,11.527,590.0,590.9,6808.444,1
1788097500000,11.526,11.534,11.523,11.533,522.0,522.4,6024.0963,1
1788097800000,11.533,11.537,11.522,11.525,247.0,247.1,2848.9973,1
1788098100000,11.525,11.569,11.525,11.552,6918.0,6918.6,79997.2191,1
1788098400000,11.552,11.554,11.534,11.538,260.0,260.4,3006.0788,1
1788098700000,11.538,11.541,11.51,11.531,201.0,201.4,2320.3034,1
1788099000000,11.531,11.546,11.523,11.543,358.0,358.9,4141.1706,1
1788099300000,11.541,11.546,11.518,11.518,394.0,394.6,4547.3097,1
1788099600000,11.518,11.521,11.508,11.519,268.0,268.8,3094.8023,1
1788099900000,11.521,11.529,11.52,11.525,482.0,482.1,5556.1819,1
1788100200000,11.53,11.544,11.518,11.539,218.0,218.9,2524.9186,1
1788100500000,11.53,11.538,11.518,11.523,324.0,324.4,3739.503,1
1788100800000,11.525,11.546,11.525,11.542,278.0,278.6,3214.0984,1
1788101100000,11.54,11.555,11.536,11.542,215.0,215.9,2493.2015,1
1788101400000,11.54,11.549,11.54,11.549,74.0,74.1,855.4956,1
1788101700000,11.553,11.557,11.537,11.546,667.0,667.8,7710.638,1
1788102000000,11.543,11.617,11.543,11.55,2135.0,2135.4,24757.593,1
1788102300000,11.548,11.617,11.548,11.6,1410.0,1410.3,16364.3306,1
1788102600000,11.605,11.607,11.536,11.545,350.0,350.4,4057.5627,1
1788102900000,11.545,11.601,11.538,11.583,628.0,628.7,7276.5142,1
1788103200000,11.585,11.6,11.56,11.565,451.0,451.5,5227.4002,1
1788103500000,11.567,11.57,11.546,11.551,288.0,288.8,3337.6259,1
1788103800000,11.555,11.581,11.55,11.578,272.0,272.0,3147.3752,1
1788104100000,11.584,11.596,11.573,11.575,285.0,285.0,3301.7613,1
1788104400000,11.573,11.583,11.568,11.576,133.0,133.9,1550.1142,1
1788104700000,11.572,11.574,11.549,11.552,345.0,345.9,4000.251,1
1788105000000,11.549,11.581,11.547,11.562,537.0,537.7,6215.6219,1
1788105300000,11.559,11.566,11.548,11.554,398.0,398.0,4598.498,1
1788105600000,11.558,11.577,11.547,11.57,432.0,432.0,4992.599,1
1788105900000,11.573,11.573,11.544,11.545,386.0,386.3,4461.6605,1
1788106200000,11.544,11.614,11.525,11.614,1432.0,1432.4,16548.6797,1
1788106500000,11.614,11.65,11.604,11.643,10343.0,10343.2,120250.1254,1
1788106800000,11.641,11.65,11.63,11.647,451.0,451.2,5252.1533,1
1788107100000,11.641,11.644,11.609,11.615,376.0,376.6,4379.1897,1
1788107400000,11.621,11.645,11.617,11.629,3542.0,3542.4,41220.894,1
1788107700000,11.629,11.661,11.629,11.639,700.0,700.0,8154.7922,1
1788108000000,11.642,11.682,11.639,11.682,714.0,714.6,8340.9257,1
1788108300000,11.676,11.747,11.674,11.735,907.0,907.9,10633.316,1
1788108600000,11.737,11.747,11.728,11.734,353.0,353.8,4151.9738,1
1788108900000,11.734,11.75,11.727,11.749,503.0,503.1,5906.9915,1
1788109200000,11.747,11.757,11.73,11.741,1788.0,1788.4,21004.8238,1
1788109500000,11.739,11.744,11.71,11.718,345.0,345.0,4044.895,1
1788109800000,11.711,11.775,11.711,11.753,6408.0,6408.5,75347.898,1
1788110100000,11.75,11.751,11.675,11.69,8240.0,8240.7,96470.4006,1
1788110400000,11.681,11.682,11.615,11.619,3517.0,3517.1,41031.0036,1
1788110700000,11.618,11.634,11.6,11.633,3234.0,3234.8,37566.7755,1
1788111000000,11.63,11.65,11.61,11.649,527.0,527.2,6134.6696,1
1788111300000,11.649,11.662,11.638,11.645,664.0,664.6,7746.173,1
1788111600000,11.645,11.657,11.643,11.651,335.0,335.6,3909.017,1
1788111900000,11.657,11.658,11.633,11.633,267.0,267.1,3110.4324,1
1788112200000,11.633,11.642,11.613,11.633,340.0,340.5,3959.2197,1
1788112500000,11.633,11.65,11.62,11.65,230.0,230.5,2682.6487,1
1788112800000,11.647,11.653,11.64,11.649,972.0,972.1,11322.7674,1
1788113100000,11.652,11.652,11.615,11.615,198.0,198.0,2301.756,1
1788113400000,11.616,11.618,11.598,11.616,364.0,364.1,4225.9611,1
1788113700000,11.616,11.648,11.616,11.648,404.0,404.6,4707.6668,1
1788114000000,11.65,11.652,11.64,11.647,830.0,830.5,9670.2258,1
1788114300000,11.647,11.653,11.629,11.653,358.0,358.5,4173.1545,1
1788114600000,11.671,11.685,11.654,11.669,2493.0,2493.3,29071.4321,1
1788114900000,11.669,11.681,11.661,11.67,441.0,441.4,5151.1724,1
1788115200000,11.669,11.67,11.652,11.652,188.0,188.5,2197.1999,1
1788115500000,11.654,11.665,11.63,11.665,17219.0,17219.5,200415.2179,1
1788115800000,11.665,11.665,11.649,11.649,171.0,171.9,2003.5669,1
1788116100000,11.649,11.673,11.648,11.662,462.0,462.5,5392.4025,1
1788116400000,11.658,11.658,11.63,11.638,284.0,284.7,3315.5208,1
1788116700000,11.634,11.647,11.623,11.643,85.0,85.1,989.9534,1
1788117000000,11.643,11.665,11.641,11.661,121.0,121.0,1410.065,1
1788117300000,11.663,11.67,11.644,11.652,144.0,144.0,1678.011,1
1788117600000,11.655,11.655,11.626,11.626,233.0,233.0,2712.272,1
1788117900000,11.628,11.631,11.622,11.626,172.0,172.3,2003.1992,1
1788118200000,11.625,11.642,11.621,11.622,414.0,414.5,4818.619,1
1788118500000,11.622,11.622,11.591,11.591,703.0,703.2,8161.9649,1
1788118800000,11.587,11.591,11.57,11.573,1101.0,1101.9,12755.4865,1
1788119100000,11.573,11.575,11.546,11.561,455.0,455.7,5270.384,1
1788119400000,11.565,11.574,11.561,11.572,370.0,370.9,4290.335,1
1788119700000,11.569,11.581,11.569,11.581,146.0,146.7,1698.4007,1
1788120000000,11.589,11.603,11.589,11.6,304.0,304.0,3525.0474,1
1788120300000,11.6,11.606,11.591,11.603,313.0,313.7,3637.3038,1
1788120600000,11.603,11.613,11.591,11.596,170.0,170.2,1975.6342,1
1788120900000,11.596,11.6,11.576,11.591,309.0,309.4,3587.33,1
1788121200000,11.59,11.596,11.584,11.595,138.0,138.0,1599.634,1
1788121500000,11.599,11.599,11.57,11.576,715.0,715.2,8285.1303,1
1788121800000,11.574,11.574,11.544,11.564,469.0,469.2,5419.6047,1
1788122100000,11.564,11.592,11.56,11.56,287.0,287.0,3320.755,1
1788122400000,11.56,11.56,11.481,11.486,3313.0,3313.9,38122.7686,1
1788122700000,11.486,11.522,11.48,11.521,532.0,532.5,6123.425,1
1788123000000,11.521,11.537,11.518,11.537,589.0,589.3,6795.7432,1
1788123300000,11.537,11.537,11.51,11.511,353.0,353.4,4070.9538,1
1788123600000,11.511,11.512,11.39,11.454,3028.0,3028.6,34688.6354,1
1788123900000,11.447,11.474,11.445,11.471,398.0,398.6,4567.7536,1
1788124200000,11.468,11.473,11.44,11.472,1718.0,1718.6,19710.2108,1
1788124500000,11.472,11.489,11.469,11.486,918.0,918.2,10541.766,1
1788124800000,11.486,11.491,11.46,11.482,561.0,561.9,6449.7459,1
1788125100000,11.482,11.493,11.479,11.492,140.0,140.0,1607.754,1
1788125400000,11.493,11.524,11.492,11.524,921.0,921.8,10610.5238,1
1788125700000,11.525,11.525,11.504,11.506,178.0,178.2,2051.9856,1
1788126000000,11.516,11.516,11.501,11.501,1061.0,1061.7,12219.8489,1
1788126300000,11.501,11.506,11.47,11.474,145.0,145.5,1671.4362,1
1788126600000,11.474,11.5,11.47,11.5,534.0,534.0,6127.301,1
1788126900000,11.493,11.517,11.493,11.517,190.0,190.9,2197.0007,1
1788127200000,11.518,11.544,11.488,11.544,808.0,808.9,9327.6104,1
1788127500000,11.544,11.544,11.523,11.523,874.0,874.4,10081.2943,1
1788127800000,11.523,11.523,11.486,11.487,234.0,234.0,2690.333,1
1788128100000,11.481,11.483,11.45,11.464,777.0,777.8,8917.4175,1
1788128400000,11.464,11.464,11.439,11.444,277.0,277.9,3182.2437,1
1788128700000,11.44,11.442,11.428,11.442,498.0,498.4,5700.7485,1
1788129000000,11.433,11.441,11.414,11.431,802.0,802.6,9169.6866,1
1788129300000,11.423,11.451,11.411,11.451,444.0,444.2,5076.5722,1
1788129600000,11.456,11.463,11.45,11.455,4709.0,4709.5,53971.918,1
1788129900000,11.453,11.453,11.428,11.432,1634.0,1634.3,18712.406,1
1788130200000,11.431,11.432,11.411,11.425,1255.0,1255.3,14340.7534,1
1788130500000,11.425,11.447,11.41,11.429,2871.0,2871.1,32795.8356,1
1788130800000,11.429,11.434,11.387,11.396,1061.0,1061.8,12108.0569,1
1788131100000,11.391,11.415,11.389,11.411,1347.0,1347.3,15364.7917,1
1788131400000,11.415,11.427,11.397,11.401,396.0,396.8,4527.7718,1
1788131700000,11.401,11.41,11.349,11.392,763.0,763.7,8683.0423,1
1788132000000,11.391,11.393,11.28,11.286,2931.0,2931.9,33175.802,1
1788132300000,11.286,11.307,11.141,11.186,28104.0,28104.1,315202.1092,1
1788132600000,11.159,11.237,11.159,11.178,1791.0,1791.6,20078.3343,1
1788132900000,11.175,11.181,11.1,11.121,1666.0,1666.7,18581.0831,1
1788133200000,11.113,11.144,11.021,11.081,10582.0,10582.6,116921.2569,1
1788133500000,11.086,11.091,10.976,11.057,11577.0,11577.9,127443.0821,1
1788133800000,11.061,11.127,11.046,11.103,1955.0,1955.3,21691.0883,1
1788134100000,11.103,11.16,11.103,11.136,900.0,900.0,10029.3196,1
1788134400000,11.133,11.158,11.085,11.156,2244.0,2244.0,24926.9534,1
1788134700000,11.154,11.159,11.09,11.095,595.0,595.2,6621.8132,1
1788135000000,11.09,11.137,11.09,11.132,424.0,424.6,4718.6783,1
1788135300000,11.132,11.178,11.126,11.175,757.0,757.4,8449.7246,1
1788135600000,11.175,11.203,11.175,11.198,612.0,612.4,6855.9389,1
1788135900000,11.2,11.2,11.182,11.196,561.0,561.7,6285.8945,1
1788136200000,11.192,11.206,11.185,11.201,295.0,295.2,3305.9496,1
1788136500000,11.201,11.231,11.201,11.208,467.0,467.8,5249.1643,1
1788136800000,11.218,11.227,11.212,11.212,499.0,499.3,5603.0647,1
1788137100000,11.209,11.209,11.188,11.188,380.0,380.8,4265.7113,1
1788137400000,11.19,11.211,11.186,11.211,819.0,819.8,9180.8726,1
1788137700000,11.211,11.211,11.18,11.188,175.0,175.0,1959.135,1
1788138000000,11.182,11.201,11.143,11.143,641.0,641.0,7164.0189,1
1788138300000,11.143,11.144,11.107,11.114,550.0,550.6,6120.339,1
1788138600000,11.109,11.13,11.083,11.116,1141.0,1141.6,12677.8569,1
1788138900000,11.116,11.128,11.102,11.128,420.0,420.8,4676.8952,1
1788139200000,11.129,11.16,11.126,11.159,1607.0,1607.3,17917.2771,1
1788139500000,11.16,11.17,11.154,11.154,408.0,408.2,4556.1233,1
1788139800000,11.157,11.165,11.13,11.132,574.0,574.0,6399.768,1
1788140100000,11.132,11.18,11.129,11.157,586.0,586.0,6527.786,1
1788140400000,11.15,11.156,11.13,11.131,970.0,970.2,10805.35,1
1788140700000,11.13,11.139,11.13,11.13,371.0,371.0,4129.551,1
1788141000000,11.132,11.135,11.099,11.099,545.0,545.9,6070.3177,1
1788141300000,11.095,11.106,11.073,11.079,409.0,409.1,4535.8389,1
1788141600000,11.077,11.095,11.062,11.095,512.0,512.2,5672.3184,1
1788141900000,11.095,11.127,11.095,11.126,310.0,310.0,3445.478,1
1788142200000,11.129,11.199,11.128,11.199,313.0,313.1,3495.6832,1
1788142500000,11.189,11.191,11.164,11.165,440.0,440.0,4919.9576,1
1788142800000,11.164,11.165,11.162,11.162,260.0,260.1,2903.8043,1
1788143100000,11.156,11.166,11.154,11.154,207.0,207.0,2310.115,1
1788143400000,11.157,11.177,11.145,11.145,312.0,312.6,3488.6806,1
1788143700000,11.144,11.145,11.129,11.129,392.0,392.4,4369.5946,1
1788144000000,11.129,11.135,11.112,11.114,189.0,189.1,2103.9729,1
1788144300000,11.116,11.121,11.096,11.096,219.0,219.9,2442.6533,1
1788144600000,11.095,11.095,11.044,11.044,658.0,658.5,7281.8876,1
1788144900000,11.047,11.078,11.041,11.078,306.0,306.8,3393.4628,1
1788145200000,11.071,11.098,11.06,11.093,692.0,692.0,7669.4668,1
1788145500000,11.087,11.123,11.087,11.116,343.0,343.2,3811.1171,1
1788145800000,11.118,11.125,11.116,11.119,356.0,356.3,3962.6474,1
1788146100000,11.119,11.134,11.102,11.102,489.0,489.7,5447.321,1
1788146400000,11.1,11.134,11.099,11.134,262.0,262.6,2919.3076,1
1788146700000,11.134,11.134,11.106,11.123,276.0,276.9,3079.0758,1
1788147000000,11.125,11.125,11.107,11.108,119.0,119.7,1330.7546,1
1788147300000,11.108,11.134,11.108,11.132,895.0,895.9,9958.3796,1
1788147600000,11.134,11.157,11.122,11.152,343.0,343.6,3828.4002,1
1788147900000,11.147,11.196,11.147,11.193,330.0,330.2,3684.8347,1
1788148200000,11.193,11.194,11.17,11.172,139.0,139.0,1553.54,1
1788148500000,11.172,11.172,11.158,11.164,89.0,89.0,993.646,1
1788148800000,11.158,11.165,11.142,11.142,336.0,336.6,3752.7172,1
1788149100000,11.142,11.148,11.114,11.128,215.0,215.1,2393.9139,1
1788149400000,11.128,11.133,11.11,11.115,163.0,163.0,1812.562,1
1788149700000,11.115,11.121,11.108,11.113,187.0,187.0,2078.124,1
1788150000000,11.11,11.116,11.095,11.108,629.0,629.2,6986.6382,1
1788150300000,11.102,11.123,11.102,11.116,185.0,185.0,2056.272,1
1788150600000,11.116,11.12,11.095,11.1,212.0,212.0,2355.212,1
1788150900000,11.097,11.115,11.096,11.114,124.0,124.5,1382.6475,1
1788151200000,11.114,11.121,11.097,11.121,298.0,298.0,3310.3055,1
1788151500000,11.115,11.121,11.1,11.1,418.0,418.1,4645.9816,1
1788151800000,11.099,11.132,11.099,11.132,351.0,351.6,3911.4302,1
1788152100000,11.135,11.139,11.125,11.135,480.0,480.6,5352.2531,1
1788152400000,11.128,11.137,11.116,11.132,1027.0,1027.9,11437.9137,1
1788152700000,11.145,11.19,11.145,11.184,1272.0,1272.9,14215.0566,1
1788153000000,11.191,11.209,11.179,11.202,647.0,647.4,7248.1603,1
1788153300000,11.201,11.232,11.201,11.232,724.0,724.9,8137.113,1
1788153600000,11.239,11.279,11.239,11.279,592.0,592.1,6664.4902,1
1788153900000,11.279,11.307,11.267,11.281,679.0,679.1,7666.0929,1
1788154200000,11.286,11.304,11.277,11.301,280.0,280.7,3168.1915,1
1788154500000,11.3,11.307,11.249,11.258,7662.0,7662.3,86307.4763,1
1788154800000,11.26,11.265,11.245,11.25,1014.0,1014.7,11419.8475,1
1788155100000,11.25,11.27,11.25,11.264,696.0,696.0,7839.579,1
1788155400000,11.264,11.28,11.251,11.264,574.0,574.9,6475.5705,1
1788155700000,11.264,11.269,11.247,11.258,192.0,192.0,2161.556,1
1788156000000,11.255,11.275,11.247,11.266,356.0,356.0,4009.045,1
1788156300000,11.27,11.27,11.243,11.249,355.0,355.5,3999.446,1
1788156600000,11.256,11.27,11.248,11.26,233.0,233.4,2628.0712,1
1788156900000,11.26,11.301,11.26,11.291,331.0,331.7,3744.4216,1
1788157200000,11.291,11.291,11.245,11.245,187.0,187.1,2107.8706,1
1788157500000,11.245,11.296,11.245,11.287,321.0,321.2,3622.8728,1
1788157800000,11.281,11.284,11.255,11.264,225.0,225.4,2539.211,1
1788158100000,11.259,11.277,11.249,11.273,245.0,245.0,2758.996,1
1788158400000,11.275,11.29,11.27,11.273,366.0,366.0,4126.284,1
1788158700000,11.273,11.284,11.269,11.273,242.0,242.2,2731.6906,1
1788159000000,11.273,11.273,11.261,11.268,331.0,331.9,3739.0955,1
1788159300000,11.27,11.272,11.261,11.266,149.0,149.7,1686.5967,1
1788159600000,11.255,11.284,11.252,11.254,296.0,296.9,3344.2996,1
1788159900000,11.262,11.271,11.256,11.261,341.0,341.6,3847.8884,1
1788160200000,11.261,11.286,11.249,11.252,300.0,300.0,3380.796,1
1788160500000,11.252,11.282,11.244,11.27,576.0,576.5,6500.1655,1
1788160800000,11.27,11.299,11.27,11.299,198.0,198.0,2235.773,1
1788161100000,11.299,11.312,11.282,11.282,628.0,628.9,7107.2974,1
1788161400000,11.282,11.282,11.266,11.268,218.0,218.1,2457.8819,1
1788161700000,11.268,11.279,11.266,11.279,394.0,394.6,4448.559,1
1788162000000,11.284,11.285,11.266,11.27,215.0,215.0,2423.623,1
1788162300000,11.27,11.275,11.266,11.266,158.0,158.0,1780.428,1
1788162600000,11.266,11.267,11.266,11.267,102.0,102.0,1149.16,1
1788162900000,11.267,11.267,11.264,11.264,107.0,107.1,1206.6566,1
1788163200000,11.265,11.279,11.248,11.248,2245.0,2245.2,25285.5039,1
1788163500000,11.257,11.257,11.218,11.249,9574.0,9574.9,107539.7951,1
1788163800000,11.252,11.29,11.25,11.251,3953.0,3953.4,44532.5093,1
1788164100000,11.259,11.259,11.231,11.233,2394.0,2394.2,26922.8749,1
1788164400000,11.233,11.233,11.214,11.214,262.0,262.1,2940.6671,1
1788164700000,11.219,11.231,11.216,11.231,349.0,349.7,3924.491,1
1788165000000,11.231,11.237,11.222,11.233,430.0,430.2,4832.2465,1
1788165300000,11.235,11.244,11.225,11.236,739.0,739.9,8312.2132,1
1788165600000,11.236,11.296,11.234,11.255,1549.0,1549.7,17474.1403,1
1788165900000,11.263,11.269,11.244,11.257,1634.0,1634.7,18398.3884,1
1788166200000,11.257,11.283,11.251,11.281,1650.0,1650.0,18589.4772,1
1788166500000,11.277,11.282,11.265,11.265,861.0,861.6,9707.013,1
1788166800000,11.269,11.27,11.248,11.248,1201.0,1201.0,13523.171,1
1788167100000,11.254,11.299,11.251,11.299,2093.0,2093.0,23620.8396,1
1788167400000,11.299,11.301,11.258,11.26,1788.0,1788.3,20179.0951,1
1788167700000,11.262,11.282,11.252,11.277,894.0,894.7,10086.0347,1
1788168000000,11.279,11.298,11.271,11.297,1718.0,1718.5,19390.0073,1
1788168300000,11.297,11.312,11.272,11.301,417.0,417.1,4711.898,1
1788168600000,11.298,11.312,11.293,11.311,196.0,196.0,2215.414,1
1788168900000,11.311,11.312,11.308,11.31,221.0,221.0,2499.648,1
1788169200000,11.311,11.312,11.304,11.312,191.0,191.0,2160.079,1
1788169500000,11.312,11.343,11.312,11.329,793.0,793.9,8996.4799,1
1788169800000,11.338,11.338,11.301,11.301,290.0,290.6,3289.1778,1
1788170100000,11.301,11.302,11.3,11.301,87.0,87.0,983.188,1
1788170400000,11.301,11.301,11.26,11.267,302.0,302.0,3405.172,1
1788170700000,11.267,11.277,11.243,11.25,445.0,445.2,5010.9828,1
1788171000000,11.254,11.296,11.251,11.288,576.0,576.8,6509.3126,1
1788171300000,11.293,11.293,11.257,11.273,261.0,261.0,2941.942,1
1788171600000,11.264,11.274,11.261,11.269,160.0,160.0,1802.938,1
1788171900000,11.269,11.284,11.265,11.279,262.0,262.0,2954.36,1
1788172200000,11.279,11.279,11.259,11.267,186.0,186.0,2095.395,1
1788172500000,11.267,11.304,11.267,11.304,651.0,651.4,7358.9869,1
1788172800000,11.304,11.31,11.294,11.308,234.0,234.7,2652.8101,1
1788173100000,11.305,11.318,11.305,11.312,417.0,417.9,4727.5015,1
1788173400000,11.313,11.335,11.303,11.323,353.0,353.9,4007.807,1
1788173700000,11.326,11.326,11.302,11.325,343.0,343.5,3885.7955,1
1788174000000,11.316,11.317,11.302,11.302,344.0,344.0,3890.241,1
1788174300000,11.307,11.315,11.292,11.298,521.0,521.0,5889.5522,1
1788174600000,11.3,11.312,11.299,11.299,301.0,301.5,3408.4815,1
1788174900000,11.295,11.313,11.289,11.309,255.0,255.0,2882.274,1
1788175200000,11.309,11.31,11.29,11.29,359.0,359.0,4054.624,1
1788175500000,11.291,11.295,11.277,11.277,652.0,652.1,7355.8019,1
1788175800000,11.282,11.284,11.265,11.265,190.0,190.2,2144.8609,1
1788176100000,11.265,11.274,11.26,11.268,90.0,90.0,1014.007,1
1788176400000,11.274,11.275,11.254,11.254,137.0,137.6,1549.5194,1
1788176700000,11.254,11.261,11.244,11.244,270.0,270.4,3043.5472,1
1788177000000,11.244,11.253,11.24,11.241,108.0,108.6,1221.0587,1
1788177300000,11.24,11.249,11.24,11.249,178.0,178.0,2001.42,1
1788177600000,11.249,11.292,11.231,11.292,407.0,407.7,4592.138,1
1788177900000,11.292,11.293,11.276,11.284,409.0,409.7,4624.7678,1
1788178200000,11.289,11.3,11.288,11.288,232.0,232.4,2624.7872,1
1788178500000,11.294,11.316,11.273,11.314,304.0,304.1,3432.924,1
1788178800000,11.314,11.32,11.283,11.289,546.0,546.5,6175.6541,1
1788179100000,11.292,11.292,11.243,11.278,1114.0,1114.3,12546.8979,1
1788179400000,11.273,11.288,11.249,11.277,806.0,806.7,9096.6574,1
1788179700000,11.278,11.297,11.251,11.251,348.0,348.2,3925.4252,1
1788180000000,11.251,11.26,11.22,11.26,449.0,449.1,5049.567,1
1788180300000,11.26,11.266,11.246,11.253,539.0,539.9,6077.4304,1
1788180600000,11.252,11.265,11.239,11.239,1333.0,1333.2,15001.4032,1
1788180900000,11.238,11.266,11.23,11.266,1236.0,1236.5,13924.154,1
1788181200000,11.263,11.293,11.262,11.268,540.0,540.6,6097.3699,1
1788181500000,11.263,11.276,11.262,11.266,406.0,406.0,4576.195,1
1788181800000,11.266,11.284,11.266,11.281,537.0,537.5,6060.2308,1
1788182100000,11.276,11.283,11.26,11.268,674.0,674.0,7598.2526,1
1788182400000,11.268,11.285,11.266,11.279,235.0,235.0,2650.402,1
1788182700000,11.273,11.293,11.248,11.274,1266.0,1266.2,14276.3275,1
1788183000000,11.282,11.3,11.23,11.234,994.0,994.4,11203.1992,1
1788183300000,11.238,11.246,11.216,11.242,1972.0,1972.5,22147.8844,1
1788183600000,11.236,11.258,11.214,11.216,590.0,590.1,6631.1979,1
1788183900000,11.216,11.229,11.186,11.186,1015.0,1015.0,11371.9998,1
1788184200000,11.187,11.206,11.163,11.189,17425.0,17425.4,194808.1657,1
1788184500000,11.174,11.216,11.174,11.188,464.0,464.8,5200.4289,1
1788184800000,11.184,11.21,11.182,11.206,448.0,448.7,5023.0438,1
1788185100000,11.206,11.206,11.164,11.188,621.0,621.4,6951.1502,1
1788185400000,11.187,11.195,11.163,11.179,464.0,464.4,5190.78,1
1788185700000,11.179,11.214,11.163,11.209,458.0,458.0,5122.302,1
1788186000000,11.209,11.216,11.18,11.183,402.0,402.0,4501.267,1
1788186300000,11.179,11.202,11.169,11.195,1618.0,1618.4,18108.6314,1
1788186600000,11.195,11.222,11.189,11.189,450.0,450.7,5048.0614,1
1788186900000,11.193,11.231,11.189,11.229,449.0,449.0,5038.392,1
1788187200000,11.223,11.334,11.223,11.32,2067.0,2067.9,23387.0953,1
1788187500000,11.33,11.339,11.295,11.301,3988.0,3988.3,45096.4292,1
1788187800000,11.301,11.301,11.276,11.292,710.0,710.2,8019.6216,1
1788188100000,11.288,11.33,11.274,11.325,1630.0,1630.5,18453.7228,1
1788188400000,11.33,11.348,11.315,11.316,3786.0,3786.1,42910.8549,1
1788188700000,11.325,11.341,11.311,11.319,1649.0,1649.5,18683.9382,1
1788189000000,11.317,11.318,11.267,11.273,12771.0,12771.3,144117.2346,1
1788189300000,11.292,11.292,11.261,11.285,532.0,532.4,6006.6253,1
1788189600000,11.277,11.3,11.273,11.299,1983.0,1983.9,22406.8545,1
1788189900000,11.299,11.369,11.299,11.354,4145.0,4145.3,47066.5264,1
1788190200000,11.361,11.369,11.327,11.348,4837.0,4837.6,54891.3988,1
1788190500000,11.345,11.359,11.336,11.336,664.0,664.9,7543.6589,1
1788190800000,11.336,11.39,11.336,11.383,962.0,962.5,10949.0189,1
1788191100000,11.383,11.383,11.367,11.382,697.0,697.5,7937.418,1
1788191400000,11.381,11.383,11.355,11.383,11036.0,11036.3,125363.3798,1
1788191700000,11.383,11.383,11.366,11.376,568.0,568.4,6463.3484,1
1788192000000,11.378,11.383,11.356,11.371,547.0,547.4,6224.4674,1
1788192300000,11.374,11.382,11.36,11.361,922.0,922.9,10499.7533,1
1788192600000,11.361,11.382,11.361,11.372,728.0,728.9,8291.9882,1
1788192900000,11.361,11.378,11.34,11.371,562.0,562.1,6383.5486,1
1788193200000,11.368,11.368,11.303,11.303,858.0,858.9,9721.5115,1
1788193500000,11.303,11.314,11.293,11.308,259.0,259.3,2931.094,1
1788193800000,11.314,11.327,11.306,11.318,430.0,430.0,4866.538,1
1788194100000,11.322,11.332,11.304,11.309,301.0,301.0,3407.37,1
1788194400000,11.308,11.35,11.308,11.345,232.0,232.1,2628.4205,1
1788194700000,11.341,11.355,11.323,11.346,366.0,366.0,4151.001,1
1788195000000,11.346,11.364,11.336,11.363,568.0,568.1,6450.5284,1
1788195300000,11.356,11.369,11.324,11.325,281.0,281.0,3188.89,1
1788195600000,11.325,11.334,11.316,11.317,276.0,276.6,3132.0578,1
1788195900000,11.32,11.325,11.313,11.316,248.0,248.0,2806.954,1
1788196200000,11.316,11.344,11.316,11.336,162.0,162.0,1836.631,1
1788196500000,11.336,11.342,11.305,11.329,461.0,461.0,5217.083,1
1788196800000,11.328,11.35,11.322,11.322,240.0,240.0,2720.642,1
1788197100000,11.323,11.324,11.289,11.299,529.0,529.0,5978.5607,1
1788197400000,11.307,11.332,11.305,11.323,243.0,243.0,2749.953,1
1788197700000,11.325,11.364,11.313,11.363,325.0,325.0,3684.1801,1
1788198000000,11.363,11.394,11.363,11.394,1151.0,1151.1,13102.9343,1
1788198300000,11.394,11.406,11.369,11.37,670.0,670.0,7631.5248,1
1788198600000,11.373,11.396,11.372,11.39,265.0,265.0,3017.968,1
1788198900000,11.39,11.393,11.382,11.382,248.0,248.4,2828.5956,1
1788199200000,11.382,11.387,11.37,11.387,574.0,574.9,6541.2913,1
1788199500000,11.387,11.403,11.383,11.398,372.0,372.3,4242.7514,1
1788199800000,11.398,11.4,11.384,11.397,142.0,142.3,1621.1765,1
1788200100000,11.4,11.444,11.399,11.441,927.0,927.8,10603.0714,1
1788200400000,11.436,11.439,11.391,11.394,14244.0,14244.0,162675.9421,1
1788200700000,11.39,11.421,11.39,11.406,280.0,280.6,3199.7568,1
1788201000000,11.404,11.415,11.398,11.409,522.0,522.1,5957.0045,1
1788201300000,11.416,11.439,11.416,11.436,541.0,541.5,6190.914,1
1788201600000,11.43,11.493,11.427,11.488,1102.0,1102.4,12642.4808,1
1788201900000,11.491,11.491,11.447,11.462,1536.0,1536.9,17614.5614,1
1788202200000,11.459,11.459,11.407,11.407,1972.0,1972.4,22521.4052,1
1788202500000,11.411,11.458,11.411,11.439,793.0,793.1,9079.0534,1
1788202800000,11.438,11.443,11.432,11.435,238.0,238.5,2727.763,1
1788203100000,11.439,11.453,11.429,11.442,1717.0,1717.5,19651.3965,1
1788203400000,11.45,11.474,11.45,11.474,230.0,230.2,2639.2818,1
1788203700000,11.474,11.474,11.438,11.438,601.0,601.0,6881.5041,1
1788204000000,11.435,11.446,11.417,11.441,280.0,280.2,3204.4307,1
1788204300000,11.439,11.453,11.437,11.445,662.0,662.5,7581.5785,1
1788204600000,11.446,11.449,11.427,11.435,322.0,322.1,3684.1878,1
1788204900000,11.437,11.452,11.43,11.442,258.0,258.9,2962.2673,1
1788205200000,11.442,11.442,11.412,11.422,214.0,214.3,2447.6454,1
1788205500000,11.418,11.444,11.416,11.444,199.0,199.4,2279.0518,1
1788205800000,11.444,11.447,11.404,11.407,353.0,353.0,4030.316,1
1788206100000,11.407,11.409,11.394,11.395,307.0,307.0,3499.8441,1
1788206400000,11.395,11.425,11.394,11.397,373.0,373.9,4265.4861,1
1788206700000,11.395,11.395,11.375,11.375,1060.0,1060.9,12075.6224,1
1788207000000,11.375,11.409,11.375,11.409,239.0,239.2,2725.1096,1
1788207300000,11.409,11.426,11.409,11.413,177.0,177.0,2020.902,1
1788207600000,11.421,11.435,11.405,11.408,152.0,152.0,1735.092,1
1788207900000,11.402,11.407,11.379,11.379,140.0,140.4,1599.2838,1
1788208200000,11.378,11.393,11.377,11.377,236.0,236.6,2693.6816,1
1788208500000,11.376,11.379,11.376,11.376,324.0,324.0,3685.931,1
1788208800000,11.378,11.41,11.378,11.404,156.0,156.1,1778.7078,1
1788209100000,11.404,11.408,11.375,11.377,1413.0,1413.0,16089.3195,1
1788209400000,11.377,11.396,11.376,11.395,249.0,249.0,2835.593,1
1788209700000,11.394,11.398,11.375,11.377,179.0,179.0,2037.443,1
1788210000000,11.375,11.379,11.339,11.361,993.0,993.1,11267.5547,1
1788210300000,11.361,11.361,11.35,11.357,1313.0,1313.1,14908.6456,1
1788210600000,11.362,11.365,11.35,11.36,151.0,151.4,1719.388,1
1788210900000,11.362,11.362,11.36,11.361,468.0,468.0,5316.629,1
1788211200000,11.361,11.37,11.361,11.369,523.0,523.3,5947.8583,1
1788211500000,11.369,11.4,11.369,11.389,339.0,339.8,3868.307,1
1788211800000,11.396,11.404,11.386,11.395,216.0,216.5,2466.7891,1
1788212100000,11.39,11.399,11.377,11.38,110.0,110.0,1252.539,1
1788212400000,11.385,11.392,11.372,11.382,284.0,284.6,3239.0698,1
1788212700000,11.379,11.388,11.377,11.386,193.0,193.2,2199.1004,1
1788213000000,11.386,11.386,11.368,11.372,160.0,160.3,1823.8814,1
1788213300000,11.372,11.376,11.365,11.365,110.0,110.0,1250.574,1
1788213600000,11.369,11.373,11.362,11.37,340.0,340.0,3864.842,1
1788213900000,11.37,11.4,11.365,11.394,1004.0,1004.3,11443.783,1
1788214200000,11.391,11.396,11.36,11.361,188.0,188.0,2138.87,1
1788214500000,11.361,11.361,11.36,11.361,3140.0,3140.2,35672.881,1
1788214800000,11.361,11.361,11.36,11.36,2747.0,2747.5,31211.718,1
1788215100000,11.36,11.362,11.36,11.361,6560.0,6560.9,74531.967,1
1788215400000,11.361,11.361,11.344,11.345,1439.0,1439.0,16345.467,1
1788215700000,11.345,11.345,11.335,11.336,304.0,304.4,3451.7416,1
1788216000000,11.336,11.336,11.317,11.322,145.0,145.5,1647.1875,1
1788216300000,11.322,11.332,11.312,11.332,184.0,184.0,2082.407,1
1788216600000,11.332,11.337,11.319,11.33,164.0,164.0,1857.75,1
1788216900000,11.33,11.33,11.319,11.319,165.0,165.2,1870.2428,1
1788217200000,11.317,11.32,11.3,11.301,1047.0,1047.8,11842.491,1
1788217500000,11.3,11.317,11.285,11.317,1163.0,1163.4,13136.4808,1
1788217800000,11.321,11.343,11.294,11.294,579.0,579.3,6559.3707,1
1788218100000,11.295,11.305,11.286,11.292,323.0,323.8,3657.0138,1
1788218400000,11.294,11.303,11.28,11.281,282.0,282.9,3195.4175,1
1788218700000,11.287,11.303,11.282,11.303,193.0,193.0,2179.234,1
1788219000000,11.303,11.304,11.289,11.292,88.0,88.5,999.9432,1
1788219300000,11.292,11.315,11.292,11.311,198.0,198.0,2237.959,1
1788219600000,11.311,11.32,11.311,11.312,59.0,59.0,667.57,1
1788219900000,11.312,11.312,11.308,11.312,22.0,22.6,255.5864,1
1788220200000,11.311,11.315,11.308,11.315,69.0,69.0,780.43,1
1788220500000,11.315,11.318,11.307,11.315,181.0,181.4,2052.1644,1
1788220800000,11.319,11.329,11.311,11.329,266.0,266.0,3010.741,1
1788221100000,11.334,11.364,11.333,11.358,820.0,820.6,9312.7157,1
1788221400000,11.367,11.374,11.341,11.341,2230.0,2230.9,25331.6382,1
1788221700000,11.341,11.352,11.335,11.35,468.0,468.5,5313.178,1
1788222000000,11.35,11.364,11.342,11.354,271.0,271.9,3086.8558,1
1788222300000,11.357,11.364,11.35,11.35,243.0,243.0,2759.899,1
1788222600000,11.35,11.359,11.335,11.341,262.0,262.9,2981.9454,1
1788222900000,11.344,11.355,11.335,11.347,166.0,166.0,1883.121,1
1788223200000,11.338,11.368,11.338,11.353,233.0,233.0,2646.493,1
1788223500000,11.353,11.389,11.353,11.389,76.0,76.1,865.2366,1
1788223800000,11.389,11.39,11.369,11.372,298.0,298.0,3391.04,1
1788224100000,11.372,11.372,11.36,11.371,252.0,252.0,2864.603,1
1788224400000,11.38,11.387,11.358,11.365,289.0,289.1,3287.5002,1
1788224700000,11.372,11.392,11.366,11.378,1011.0,1011.6,11517.6242,1
1788225000000,11.378,11.39,11.361,11.361,322.0,322.0,3663.184,1
1788225300000,11.361,11.384,11.356,11.384,206.0,206.0,2341.659,1
1788225600000,11.387,11.389,11.382,11.386,304.0,304.9,3471.3552,1
1788225900000,11.388,11.388,11.352,11.362,467.0,467.8,5315.9636,1
1788226200000,11.365,11.386,11.352,11.386,3487.0,3487.7,39692.9532,1
1788226500000,11.386,11.403,11.376,11.403,472.0,472.4,5383.2031,1
1788226800000,11.403,11.413,11.394,11.399,1184.0,1184.8,13512.5728,1
1788227100000,11.399,11.404,11.386,11.387,214.0,214.0,2438.194,1
1788227400000,11.384,11.387,11.369,11.369,272.0,272.0,3094.403,1
1788227700000,11.371,11.371,11.345,11.36,347.0,347.0,3938.96,1
1788228000000,11.351,11.365,11.344,11.361,264.0,264.5,3002.6495,1
1788228300000,11.366,11.372,11.345,11.349,280.0,280.8,3189.7058,1
1788228600000,11.344,11.345,11.3,11.31,1427.0,1427.0,16145.3894,1
1788228900000,11.31,11.315,11.283,11.296,3462.0,3462.3,39080.425,1
1788229200000,11.296,11.328,11.295,11.323,322.0,322.6,3648.2427,1
1788229500000,11.323,11.344,11.321,11.321,377.0,377.1,4275.7405,1
1788229800000,11.326,11.343,11.322,11.332,271.0,271.0,3071.247,1
1788230100000,11.332,11.332,11.301,11.305,951.0,951.2,10769.527,1
1788230400000,11.305,11.317,11.301,11.311,734.0,734.2,8305.3788,1
1788230700000,11.311,11.337,11.311,11.335,172.0,172.6,1954.8812,1
1788231000000,11.333,11.336,11.327,11.335,128.0,128.0,1450.366,1
1788231300000,11.335,11.343,11.333,11.343,117.0,117.2,1329.1502,1
1788231600000,11.343,11.357,11.339,11.342,85.0,85.0,964.3521,1
1788231900000,11.342,11.349,11.342,11.345,126.0,126.7,1437.3998,1
1788232200000,11.348,11.359,11.345,11.359,101.0,101.6,1153.161,1
1788232500000,11.359,11.365,11.355,11.365,105.0,105.0,1192.982,1
1788232800000,11.366,11.368,11.359,11.364,127.0,127.0,1443.293,1
1788233100000,11.364,11.369,11.354,11.368,159.0,159.0,1807.094,1
1788233400000,11.368,11.438,11.368,11.438,1613.0,1613.8,18411.2486,1
1788233700000,11.439,11.487,11.438,11.478,588.0,588.3,6748.0632,1
1788234000000,11.479,11.488,11.458,11.458,406.0,406.8,4669.3048,1
1788234300000,11.45,11.454,11.439,11.44,454.0,454.6,5203.0847,1
1788234600000,11.442,11.446,11.435,11.435,153.0,153.0,1750.479,1
1788234900000,11.433,11.433,11.427,11.428,95.0,95.0,1085.734,1
1788235200000,11.428,11.438,11.428,11.428,325.0,325.3,3718.431,1
1788235500000,11.428,11.431,11.427,11.43,96.0,96.0,1097.118,1
1788235800000,11.436,11.445,11.427,11.43,142.0,142.0,1623.882,1
1788236100000,11.436,11.455,11.43,11.455,3516.0,3516.7,40265.9834,1
1788236400000,11.455,11.467,11.441,11.458,5377.0,5377.8,61569.6358,1
1788236700000,11.46,11.473,11.455,11.461,153.0,153.0,1754.187,1
1788237000000,11.461,11.462,11.443,11.445,136.0,136.0,1557.522,1
1788237300000,11.439,11.445,11.437,11.438,65.0,65.0,743.632,1
1788237600000,11.436,11.439,11.429,11.433,85.0,85.4,976.4018,1
1788237900000,11.433,11.433,11.41,11.416,148.0,148.9,1700.6253,1
1788238200000,11.416,11.424,11.405,11.418,113.0,113.0,1290.109,1
1788238500000,11.418,11.422,11.404,11.413,190.0,190.0,2168.11,1
1788238800000,11.41,11.455,11.41,11.455,151.0,151.6,1732.493,1
1788239100000,11.454,11.472,11.45,11.458,282.0,282.9,3242.2973,1
1788239400000,11.453,11.455,11.434,11.437,382.0,382.0,4368.96,1
1788239700000,11.436,11.452,11.433,11.438,277.0,277.0,3169.404,1
1788240000000,11.438,11.438,11.42,11.42,82.0,82.0,937.323,1
1788240300000,11.417,11.442,11.415,11.442,241.0,241.0,2753.425,1
1788240600000,11.435,11.463,11.435,11.463,265.0,265.4,3039.556,1
1788240900000,11.463,11.485,11.463,11.475,948.0,948.4,10887.4006,1
1788241200000,11.474,11.5,11.47,11.5,21805.0,21805.8,250391.6004,1
1788241500000,11.5,11.5,11.488,11.5,266.0,266.8,3067.067,1
1788241800000,11.499,11.5,11.494,11.499,204.0,204.0,2345.712,1
1788242100000,11.499,11.509,11.498,11.507,332.0,332.1,3820.0569,1
1788242400000,11.507,11.507,11.487,11.492,577.0,577.4,6639.3812,1
1788242700000,11.498,11.498,11.465,11.465,249.0,249.9,2869.0216,1
1788243000000,11.465,11.474,11.46,11.473,332.0,332.4,3812.1046,1
1788243300000,11.474,11.476,11.458,11.465,145.0,145.0,1662.861,1
1788243600000,11.465,11.47,11.445,11.445,199.0,199.2,2281.7212,1
1788243900000,11.445,11.483,11.436,11.474,326.0,326.6,3741.2665,1
1788244200000,11.48,11.495,11.477,11.485,170.0,170.0,1952.68,1
1788244500000,11.49,11.494,11.479,11.494,118.0,118.0,1355.435,1
1788244800000,11.491,11.494,11.485,11.49,133.0,133.0,1528.134,1
1788245100000,11.49,11.495,11.482,11.488,187.0,187.0,2148.571,1
1788245400000,11.488,11.494,11.484,11.486,130.0,130.0,1493.459,1
1788245700000,11.482,11.485,11.477,11.481,69.0,69.4,796.7862,1
1788246000000,11.481,11.495,11.476,11.489,175.0,175.0,2010.417,1
1788246300000,11.489,11.494,11.481,11.492,104.0,104.0,1194.979,1
1788246600000,11.492,11.493,11.481,11.484,356.0,356.6,4095.492,1
1788246900000,11.484,11.494,11.481,11.482,119.0,119.0,1367.003,1
1788247200000,11.482,11.495,11.48,11.491,129.0,129.0,1482.02,1
1788247500000,11.491,11.495,11.477,11.488,141.0,141.0,1619.684,1
1788247800000,11.485,11.489,11.482,11.482,134.0,134.0,1539.006,1
1788248100000,11.487,11.487,11.439,11.449,309.0,309.4,3545.3846,1
1788248400000,11.442,11.459,11.428,11.454,250.0,250.4,2865.054,1
1788248700000,11.455,11.474,11.448,11.473,305.0,305.0,3494.5378,1
1788249000000,11.473,11.474,11.466,11.466,171.0,171.0,1961.7142,1
1788249300000,11.466,11.473,11.46,11.462,175.0,175.0,2006.6622,1
1788249600000,11.465,11.474,11.443,11.447,470.0,470.6,5390.8686,1
1788249900000,11.447,11.462,11.386,11.388,612.0,612.7,6992.2584,1
1788250200000,11.391,11.401,11.375,11.387,616.0,616.8,7021.055,1
1788250500000,11.385,11.399,11.348,11.371,1126.0,1126.7,12812.0248,1
1788250800000,11.374,11.385,11.335,11.336,625.0,625.7,7102.5802,1
1788251100000,11.335,11.341,11.295,11.296,674.0,674.5,7627.1907,1
1788251400000,11.296,11.333,11.295,11.333,2681.0,2681.2,30323.7282,1
1788251700000,11.333,11.358,11.328,11.335,382.0,382.1,4331.4655,1
1788252000000,11.335,11.336,11.301,11.336,663.0,663.5,7512.4079,1
1788252300000,11.331,11.358,11.331,11.345,459.0,459.0,5207.6887,1
1788252600000,11.341,11.353,11.32,11.344,548.0,548.5,6216.8495,1
1788252900000,11.344,11.363,11.338,11.338,21491.0,21491.2,243994.5864,1
1788253200000,11.338,11.354,11.307,11.327,315.0,315.4,3570.5552,1
1788253500000,11.332,11.335,11.3,11.331,461.0,461.6,5225.331,1
1788253800000,11.331,11.338,11.318,11.318,337.0,337.0,3817.679,1
1788254100000,11.314,11.324,11.299,11.309,440.0,440.0,4974.2681,1
1788254400000,11.308,11.342,11.305,11.342,210.0,210.4,2382.4549,1
1788254700000,11.341,11.344,11.329,11.331,238.0,238.2,2700.2772,1
1788255000000,11.331,11.332,11.317,11.332,909.0,909.7,10304.0463,1
1788255300000,11.331,11.338,11.323,11.331,212.0,212.0,2402.304,1
1788255600000,11.331,11.356,11.329,11.351,216.0,216.0,2450.934,1
1788255900000,11.351,11.355,11.331,11.331,137.0,137.0,1553.769,1
1788256200000,11.33,11.34,11.33,11.332,192.0,192.0,2176.213,1
1788256500000,11.332,11.341,11.332,11.335,99.0,99.5,1128.0605,1
1788256800000,11.327,11.346,11.324,11.33,172.0,172.0,1949.405,1
1788257100000,11.329,11.336,11.323,11.327,143.0,143.5,1625.8255,1
1788257400000,11.327,11.362,11.32,11.346,524.0,524.8,5951.6646,1
1788257700000,11.346,11.355,11.316,11.341,5804.0,5804.9,65828.171,1
1788258000000,11.349,11.394,11.349,11.393,1484.0,1484.6,16900.6373,1
1788258300000,11.393,11.404,11.393,11.402,178.0,178.9,2039.7726,1
1788258600000,11.402,11.445,11.402,11.432,3050.0,3050.4,34859.0412,1
1788258900000,11.435,11.444,11.424,11.444,340.0,340.5,3891.822,1
1788259200000,11.444,11.454,11.425,11.425,159.0,159.9,1828.8767,1
1788259500000,11.424,11.443,11.424,11.43,1198.0,1198.3,13699.9988,1
1788259800000,11.43,11.43,11.406,11.406,212.0,212.0,2421.079,1
1788260100000,11.404,11.433,11.404,11.427,358.0,358.2,4091.0116,1
1788260400000,11.426,11.427,11.404,11.425,232.0,232.2,2650.718,1
1788260700000,11.425,11.431,11.405,11.411,335.0,335.4,3828.9896,1
1788261000000,11.413,11.418,11.404,11.404,142.0,142.0,1619.617,1
1788261300000,11.405,11.418,11.405,11.412,120.0,120.0,1369.267,1
1788261600000,11.412,11.429,11.397,11.422,770.0,770.0,8784.3345,1
1788261900000,11.422,11.435,11.413,11.433,218.0,218.7,2497.723,1
1788262200000,11.43,11.474,11.422,11.464,459.0,459.4,5262.12,1
1788262500000,11.463,11.479,11.461,11.47,419.0,419.0,4807.3232,1
1788262800000,11.476,11.484,11.453,11.453,223.0,223.9,2568.028,1
1788263100000,11.453,11.475,11.453,11.453,297.0,297.1,3405.7183,1
1788263400000,11.453,11.491,11.453,11.478,428.0,428.5,4920.34,1
1788263700000,11.478,11.48,11.455,11.459,216.0,216.0,2476.273,1
1788264000000,11.463,11.463,11.426,11.438,1011.0,1011.2,11570.7802,1
1788264300000,11.439,11.464,11.439,11.46,306.0,306.7,3512.0702,1
1788264600000,11.46,11.515,11.46,11.486,838.0,838.9,9640.5503,1
1788264900000,11.495,11.517,11.449,11.449,898.0,898.2,10314.9578,1
1788265200000,11.448,11.466,11.435,11.451,797.0,797.0,9124.3119,1
1788265500000,11.454,11.47,11.454,11.458,315.0,315.5,3616.1165,1
1788265800000,11.456,11.461,11.415,11.421,654.0,654.2,7481.5245,1
1788266100000,11.421,11.421,11.351,11.362,3145.0,3145.4,35783.0373,1
1788266400000,11.367,11.383,11.335,11.38,608.0,608.7,6912.9349,1
1788266700000,11.377,11.41,11.375,11.391,1200.0,1200.5,13688.2267,1
1788267000000,11.391,11.401,11.381,11.398,436.0,436.8,4976.9696,1
1788267300000,11.398,11.408,11.383,11.384,524.0,524.0,5967.7841,1
1788267600000,11.384,11.386,11.344,11.345,724.0,724.6,8229.0475,1
1788267900000,11.346,11.404,11.322,11.378,1221.0,1221.0,13887.2541,1
1788268200000,11.384,11.413,11.381,11.387,418.0,418.8,4775.1276,1
1788268500000,11.388,11.409,11.369,11.379,467.0,467.5,5322.7458,1
1788268800000,11.383,11.389,11.369,11.378,341.0,341.2,3882.4202,1
1788269100000,11.377,11.396,11.371,11.39,444.0,444.3,5058.0059,1
1788269400000,11.388,11.427,11.383,11.387,734.0,734.7,8380.8126,1
1788269700000,11.392,11.399,11.335,11.342,812.0,812.2,9227.0023,1
1788270000000,11.338,11.385,11.321,11.379,1050.0,1050.8,11923.7734,1
1788270300000,11.379,11.406,11.369,11.406,857.0,857.2,9762.2354,1
1788270600000,11.404,11.43,11.391,11.406,877.0,877.0,10011.0556,1
1788270900000,11.405,11.409,11.382,11.396,310.0,310.0,3532.087,1
1788271200000,11.397,11.43,11.382,11.414,684.0,684.0,7805.096,1
1788271500000,11.412,11.47,11.411,11.461,1377.0,1377.4,15766.4234,1
1788271800000,11.461,11.467,11.437,11.446,411.0,411.0,4705.681,1
1788272100000,11.445,11.473,11.423,11.438,525.0,525.0,6011.712,1
1788272400000,11.433,11.451,11.429,11.451,408.0,408.0,4667.587,1
1788272700000,11.451,11.474,11.444,11.444,426.0,426.1,4882.9816,1
1788273000000,11.444,11.46,11.426,11.455,410.0,410.2,4694.891,1
1788273300000,11.452,11.465,11.446,11.453,440.0,440.0,5040.504,1
1788273600000,11.459,11.469,11.449,11.469,989.0,989.1,11334.7927,1
1788273900000,11.466,11.489,11.462,11.486,3252.0,3252.4,37353.8738,1
1788274200000,11.486,11.489,11.463,11.465,16295.0,16295.9,187137.2985,1
1788274500000,11.462,11.462,11.439,11.44,9735.0,9735.2,111522.448,1
1788274800000,11.445,11.445,11.382,11.392,36361.0,36361.7,414531.4072,1
1788275100000,11.394,11.394,11.341,11.358,6876.0,6876.9,78097.3109,1
1788275400000,11.358,11.372,11.344,11.365,1967.0,1967.5,22348.4314,1
1788275700000,11.36,11.374,11.351,11.37,413.0,413.7,4700.5918,1
1788276000000,11.37,11.38,11.37,11.378,308.0,308.1,3505.0438,1
1788276300000,11.379,11.393,11.376,11.389,183.0,183.9,2093.0933,1
1788276600000,11.394,11.403,11.376,11.403,544.0,544.6,6205.2219,1
1788276900000,11.403,11.417,11.402,11.413,207.0,207.1,2362.9134,1
1788277200000,11.413,11.427,11.413,11.424,1094.0,1094.0,12491.703,1
1788277500000,11.426,11.427,11.419,11.424,255.0,255.5,2919.1495,1
1788277800000,11.424,11.443,11.424,11.43,2297.0,2297.6,26261.3652,1
1788278100000,11.43,11.435,11.421,11.422,4888.0,4888.5,55875.0928,1
1788278400000,11.422,11.435,11.412,11.415,491.0,491.5,5615.4636,1
1788278700000,11.421,11.443,11.388,11.388,535.0,535.8,6114.2808,1
1788279000000,11.385,11.399,11.369,11.37,387.0,387.9,4416.2566,1
1788279300000,11.369,11.384,11.348,11.348,539.0,539.3,6130.7275,1
1788279600000,11.349,11.354,11.329,11.342,901.0,901.7,10222.7141,1
1788279900000,11.333,11.369,11.333,11.369,376.0,376.7,4278.9107,1
1788280200000,11.369,11.369,11.34,11.34,519.0,519.2,5893.2442,1
1788280500000,11.337,11.361,11.301,11.361,1439.0,1439.7,16301.7265,1
1788280800000,11.361,11.368,11.329,11.34,565.0,565.6,6420.4136,1
1788281100000,11.34,11.374,11.34,11.363,639.0,639.8,7271.8337,1
1788281400000,11.364,11.378,11.359,11.373,832.0,832.4,9462.9572,1
1788281700000,11.373,11.377,11.36,11.362,296.0,296.2,3367.4156,1
1788282000000,11.363,11.375,11.35,11.35,965.0,965.2,10967.1664,1
1788282300000,11.351,11.359,11.34,11.349,390.0,390.0,4425.759,1
1788282600000,11.349,11.357,11.345,11.353,202.0,202.0,2292.914,1
1788282900000,11.348,11.36,11.335,11.351,298.0,298.2,3383.6664,1
1788283200000,11.352,11.387,11.352,11.385,1139.0,1139.7,12968.8238,1
1788283500000,11.385,11.385,11.359,11.369,369.0,369.0,4196.469,1
1788283800000,11.371,11.394,11.365,11.393,428.0,428.0,4873.155,1
1788284100000,11.393,11.404,11.386,11.391,257.0,257.9,2938.8346,1
1788284400000,11.394,11.398,11.369,11.369,215.0,215.5,2453.791,1
1788284700000,11.367,11.373,11.333,11.352,458.0,458.0,5199.4211,1
1788285000000,11.357,11.357,11.32,11.32,738.0,738.5,8373.2965,1
1788285300000,11.32,11.321,11.3,11.301,662.0,662.9,7496.0824,1
1788285600000,11.308,11.325,11.3,11.304,783.0,783.7,8862.9299,1
1788285900000,11.301,11.304,11.24,11.241,2099.0,2099.7,23652.2543,1
1788286200000,11.241,11.256,11.24,11.248,2028.0,2028.8,22816.7763,1
1788286500000,11.251,11.259,11.214,11.216,1212.0,1212.6,13620.8407,1
1788286800000,11.22,11.23,11.214,11.224,264.0,264.0,2962.061,1
1788287100000,11.222,11.223,11.165,11.216,2019.0,2019.3,22574.0975,1
1788287400000,11.219,11.229,11.183,11.187,1685.0,1685.1,18891.7916,1
1788287700000,11.191,11.191,11.11,11.124,3968.0,3968.8,44239.9171,1
1788288000000,11.131,11.141,11.107,11.108,1553.0,1553.6,17294.6961,1
1788288300000,11.108,11.108,11.056,11.108,4402.0,4402.7,48718.3124,1
1788288600000,11.109,11.186,11.109,11.172,1062.0,1062.9,11855.8927,1
1788288900000,11.164,11.213,11.162,11.209,708.0,708.2,7924.5679,1
1788289200000,11.202,11.253,11.201,11.25,8242.0,8242.1,92534.5525,1
1788289500000,11.258,11.265,11.198,11.221,9640.0,9640.5,108031.0386,1
1788289800000,11.219,11.238,11.213,11.226,387.0,387.0,4344.712,1
1788290100000,11.227,11.247,11.21,11.228,481.0,481.0,5401.452,1
1788290400000,11.23,11.266,11.225,11.226,442.0,442.4,4973.0074,1
1788290700000,11.229,11.264,11.225,11.236,748.0,748.9,8415.0654,1
1788291000000,11.234,11.243,11.209,11.209,1489.0,1489.4,16711.8201,1
1788291300000,11.209,11.23,11.209,11.21,1086.0,1086.1,12184.0138,1
1788291600000,11.205,11.233,11.205,11.223,938.0,938.6,10537.7858,1
1788291900000,11.223,11.229,11.201,11.212,664.0,664.0,7444.87,1
1788292200000,11.206,11.206,11.191,11.191,338.0,338.9,3794.8904,1
1788292500000,11.191,11.215,11.19,11.215,7007.0,7007.1,78433.83,1
1788292800000,11.217,11.218,11.178,11.192,1535.0,1535.1,17166.0256,1
1788293100000,11.198,11.213,11.186,11.193,1539.0,1539.4,17252.8024,1
1788293400000,11.193,11.23,11.193,11.23,216.0,216.2,2426.1076,1
1788293700000,11.23,11.258,11.224,11.258,1296.0,1296.6,14567.0472,1
1788294000000,11.258,11.267,11.226,11.229,1439.0,1439.8,16200.5709,1
1788294300000,11.224,11.23,11.206,11.225,294.0,294.5,3304.4495,1
1788294600000,11.229,11.234,11.216,11.221,147.0,147.0,1650.048,1
1788294900000,11.223,11.238,11.223,11.235,456.0,456.4,5127.1444,1
1788295200000,11.229,11.229,11.205,11.208,206.0,206.0,2310.149,1
1788295500000,11.208,11.214,11.197,11.198,159.0,159.0,1781.339,1
1788295800000,11.201,11.231,11.19,11.23,245.0,245.1,2745.8655,1
1788296100000,11.229,11.243,11.227,11.24,7025.0,7025.1,78956.5361,1
1788296400000,11.24,11.253,11.217,11.241,612.0,612.5,6886.9485,1
1788296700000,11.241,11.241,11.185,11.185,249.0,249.0,2790.9435,1
1788297000000,11.183,11.183,11.097,11.138,8718.0,8718.4,96878.2237,1
1788297300000,11.138,11.145,11.101,11.13,1386.0,1386.0,15420.941,1
1788297600000,11.135,11.181,11.135,11.171,855.0,855.0,9538.1912,1
1788297900000,11.171,11.186,11.17,11.174,294.0,294.0,3287.627,1
1788298200000,11.174,11.176,11.15,11.157,266.0,266.0,2968.197,1
1788298500000,11.157,11.168,11.149,11.168,111.0,111.0,1238.358,1
1788298800000,11.168,11.17,11.158,11.166,98.0,98.0,1094.112,1
1788299100000,11.162,11.184,11.162,11.183,47.0,47.0,525.381,1
1788299400000,11.179,11.187,11.175,11.186,128.0,128.0,1431.303,1
1788299700000,11.185,11.187,11.165,11.168,128.0,128.1,1432.3416,1
1788300000000,11.168,11.194,11.161,11.194,325.0,325.3,3637.3406,1
1788300300000,11.194,11.197,11.178,11.193,181.0,181.0,2024.717,1
1788300600000,11.193,11.197,11.193,11.196,91.0,91.3,1022.1968,1
1788300900000,11.196,11.197,11.176,11.184,84.0,84.0,939.268,1
1788301200000,11.184,11.192,11.164,11.192,87.0,87.1,973.5476,1
1788301500000,11.179,11.181,11.171,11.174,84.0,84.0,938.908,1
1788301800000,11.166,11.176,11.16,11.164,639.0,639.1,7134.9362,1
1788302100000,11.168,11.176,11.168,11.17,245.0,245.8,2745.7755,1
1788302400000,11.17,11.17,11.145,11.153,185.0,185.8,2073.0483,1
1788302700000,11.155,11.194,11.153,11.194,205.0,205.0,2290.891,1
1788303000000,11.194,11.196,11.173,11.173,268.0,268.0,2999.324,1
1788303300000,11.175,11.175,11.163,11.167,169.0,169.0,1887.404,1
1788303600000,11.167,11.171,11.153,11.158,772.0,772.7,8622.9473,1
1788303900000,11.158,11.187,11.153,11.18,223.0,223.0,2492.081,1
1788304200000,11.185,11.185,11.171,11.178,199.0,199.9,2234.5978,1
1788304500000,11.181,11.182,11.169,11.176,171.0,171.0,1911.655,1
1788304800000,11.172,11.178,11.161,11.166,142.0,142.0,1585.932,1
1788305100000,11.166,11.194,11.153,11.191,622.0,622.6,6964.4904,1
1788305400000,11.191,11.209,11.183,11.208,793.0,793.8,8881.9096,1
1788305700000,11.208,11.239,11.204,11.229,434.0,434.3,4876.6959,1
1788306000000,11.236,11.24,11.225,11.225,186.0,186.0,2089.691,1
1788306300000,11.229,11.24,11.216,11.239,770.0,770.5,8656.5808,1
1788306600000,11.239,11.24,11.216,11.225,150.0,150.7,1691.955,1
1788306900000,11.225,11.228,11.223,11.228,88.0,88.0,987.915,1
1788307200000,11.228,11.24,11.219,11.227,153.0,153.0,1718.331,1
1788307500000,11.227,11.234,11.214,11.226,248.0,248.0,2783.98,1
1788307800000,11.226,11.227,11.217,11.222,148.0,148.0,1660.989,1
1788308100000,11.222,11.23,11.204,11.211,242.0,242.0,2715.448,1
1788308400000,11.211,11.218,11.197,11.212,148.0,148.0,1658.504,1
1788308700000,11.212,11.212,11.163,11.163,247.0,247.3,2766.1147,1
1788309000000,11.163,11.19,11.163,11.169,318.0,318.0,3552.9942,1
1788309300000,11.169,11.196,11.163,11.176,472.0,472.8,5283.6888,1
1788309600000,11.169,11.18,11.16,11.167,357.0,357.0,3986.5769,1
1788309900000,11.172,11.175,11.16,11.174,941.0,941.3,10515.6269,1
1788310200000,11.174,11.175,11.16,11.166,179.0,179.0,1999.464,1
1788310500000,11.171,11.175,11.158,11.158,221.0,221.7,2475.5503,1
1788310800000,11.152,11.161,11.139,11.14,363.0,363.9,4055.3198,1
1788311100000,11.14,11.141,11.129,11.141,213.0,213.0,2371.3246,1
1788311400000,11.148,11.176,11.145,11.173,640.0,640.9,7155.2121,1
1788311700000,11.165,11.174,11.152,11.167,317.0,317.1,3539.2463,1
1788312000000,11.17,11.176,11.161,11.175,235.0,235.0,2624.723,1
1788312300000,11.175,11.176,11.133,11.133,235.0,235.0,2622.289,1
1788312600000,11.138,11.163,11.132,11.136,324.0,324.0,3611.658,1
1788312900000,11.137,11.143,11.117,11.118,288.0,288.3,3208.8945,1
1788313200000,11.118,11.131,11.108,11.117,1128.0,1128.8,12554.9146,1
1788313500000,11.117,11.135,11.108,11.109,430.0,430.8,4790.094,1
1788313800000,11.108,11.109,11.067,11.074,701.0,701.2,7770.8984,1
1788314100000,11.074,11.119,11.074,11.117,404.0,404.2,4488.1852,1
1788314400000,11.114,11.124,11.092,11.094,379.0,379.3,4214.602,1
1788314700000,11.093,11.135,11.088,11.112,475.0,475.1,5281.8829,1
1788315000000,11.112,11.134,11.11,11.115,361.0,361.0,4014.21,1
1788315300000,11.114,11.135,11.114,11.133,355.0,355.0,3950.594,1
1788315600000,11.132,11.16,11.132,11.158,387.0,387.1,4314.168,1
1788315900000,11.16,11.176,11.149,11.176,287.0,287.0,3204.9413,1
1788316200000,11.173,11.176,11.153,11.175,385.0,385.5,4305.0926,1
1788316500000,11.175,11.215,11.174,11.19,14474.0,14474.3,162177.7244,1
1788316800000,11.19,11.19,11.163,11.173,6663.0,6663.1,74427.9106,1
1788317100000,11.17,11.181,11.168,11.176,369.0,369.0,4123.084,1
1788317400000,11.176,11.179,11.163,11.163,129.0,129.0,1441.03,1
1788317700000,11.163,11.17,11.163,11.17,171.0,171.0,1909.231,1
1788318000000,11.17,11.199,11.164,11.199,337.0,337.9,3778.1171,1
1788318300000,11.199,11.214,11.189,11.202,318.0,318.8,3570.3168,1
1788318600000,11.203,11.24,11.203,11.225,927.0,927.0,10407.0461,1
1788318900000,11.224,11.242,11.211,11.241,1121.0,1121.0,12580.4646,1
1788319200000,11.241,11.242,11.232,11.24,240.0,240.0,2697.398,1
1788319500000,11.242,11.284,11.242,11.261,936.0,936.1,10550.7355,1
1788319800000,11.261,11.261,11.234,11.238,190.0,190.4,2141.1344,1
1788320100000,11.234,11.248,11.231,11.247,216.0,216.0,2427.073,1
1788320400000,11.253,11.253,11.209,11.222,384.0,384.1,4312.7271,1
1788320700000,11.221,11.234,11.218,11.225,199.0,199.0,2234.127,1
1788321000000,11.225,11.225,11.197,11.198,255.0,255.0,2857.09,1
1788321300000,11.198,11.207,11.198,11.204,189.0,189.0,2116.653,1
1788321600000,11.204,11.222,11.19,11.22,358.0,358.9,4019.3553,1
1788321900000,11.22,11.223,11.177,11.18,996.0,996.6,11146.7038,1
1788322200000,11.177,11.178,11.16,11.168,166.0,166.6,1861.0017,1
1788322500000,11.168,11.18,11.161,11.173,832.0,832.2,9300.078,1
1788322800000,11.175,11.193,11.17,11.179,221.0,221.4,2475.5655,1
1788323100000,11.175,11.18,11.164,11.175,162.0,162.0,1809.636,1
1788323400000,11.176,11.203,11.172,11.202,214.0,214.0,2394.6584,1
1788323700000,11.202,11.214,11.19,11.214,168.0,168.8,1890.4218,1
1788324000000,11.212,11.224,11.208,11.218,195.0,195.3,2190.3252,1
1788324300000,11.22,11.224,11.206,11.222,143.0,143.0,1603.85,1
1788324600000,11.222,11.23,11.222,11.23,224.0,224.0,2515.487,1
1788324900000,11.23,11.251,11.23,11.251,806.0,806.3,9061.0334,1
1788325200000,11.247,11.251,11.223,11.223,200.0,200.0,2246.72,1
1788325500000,11.223,11.231,11.215,11.216,239.0,239.0,2681.714,1
1788325800000,11.216,11.252,11.215,11.249,235.0,235.0,2640.519,1
1788326100000,11.249,11.279,11.249,11.271,324.0,324.5,3656.0775,1
1788326400000,11.268,11.291,11.262,11.289,408.0,408.6,4605.8639,1
1788326700000,11.289,11.29,11.274,11.287,162.0,162.0,1827.9,1
1788327000000,11.284,11.29,11.277,11.278,259.0,259.0,2922.344,1
1788327300000,11.278,11.287,11.268,11.274,183.0,183.0,2063.858,1
1788327600000,11.274,11.274,11.252,11.257,177.0,177.0,1993.983,1
1788327900000,11.257,11.28,11.252,11.28,209.0,209.5,2359.9435,1
1788328200000,11.274,11.274,11.263,11.267,185.0,185.0,2084.554,1
1788328500000,11.267,11.287,11.264,11.283,270.0,270.5,3050.577,1
1788328800000,11.287,11.293,11.268,11.28,296.0,296.7,3347.6967,1
1788329100000,11.276,11.28,11.255,11.255,230.0,230.0,2590.444,1
1788329400000,11.255,11.258,11.232,11.232,337.0,337.7,3797.983,1
1788329700000,11.232,11.24,11.232,11.233,271.0,271.6,3051.0874,1
1788330000000,11.232,11.234,11.215,11.228,309.0,309.1,3469.6011,1
1788330300000,11.228,11.251,11.215,11.215,150.0,150.2,1687.3178,1
1788330600000,11.215,11.215,11.177,11.204,310.0,310.0,3471.3225,1
1788330900000,11.204,11.237,11.203,11.237,241.0,241.2,2704.789,1
1788331200000,11.239,11.267,11.239,11.26,738.0,738.9,8319.0233,1
1788331500000,11.259,11.262,11.25,11.25,249.0,249.0,2803.07,1
1788331800000,11.25,11.253,11.238,11.24,178.0,178.7,2009.4728,1
1788332100000,11.238,11.248,11.233,11.247,99.0,99.0,1112.745,1
1788332400000,11.251,11.252,11.244,11.252,126.0,126.0,1417.355,1
1788332700000,11.252,11.259,11.251,11.256,120.0,120.0,1350.75,1
1788333000000,11.256,11.29,11.256,11.278,223.0,223.9,2525.0253,1
1788333300000,11.278,11.278,11.255,11.261,156.0,156.0,1757.79,1
1788333600000,11.261,11.277,11.256,11.257,175.0,175.0,1971.524,1
1788333900000,11.254,11.262,11.246,11.247,190.0,190.0,2138.112,1
1788334200000,11.247,11.261,11.246,11.25,172.0,172.0,1935.439,1
1788334500000,11.25,11.252,11.245,11.245,52.0,52.0,584.933,1
1788334800000,11.245,11.256,11.232,11.232,129.0,129.0,1450.691,1
1788335100000,11.231,11.243,11.231,11.236,281.0,281.6,3163.8152,1
1788335400000,11.236,11.236,11.214,11.217,168.0,168.7,1893.5713,1
1788335700000,11.217,11.217,11.199,11.204,86.0,86.0,964.357,1
1788336000000,11.208,11.212,11.191,11.212,421.0,421.9,4724.1544,1
1788336300000,11.214,11.228,11.21,11.215,244.0,244.9,2748.1568,1
1788336600000,11.215,11.222,11.197,11.198,153.0,153.0,1714.78,1
1788336900000,11.202,11.218,11.202,11.205,188.0,188.0,2107.696,1
1788337200000,11.201,11.205,11.19,11.191,207.0,207.0,2317.313,1
1788337500000,11.191,11.192,11.177,11.18,158.0,158.8,1777.134,1
1788337800000,11.177,11.178,11.132,11.134,650.0,650.4,7255.8319,1
1788338100000,11.134,11.143,11.132,11.133,219.0,219.0,2438.345,1
1788338400000,11.133,11.133,11.09,11.09,882.0,882.2,9798.6934,1
1788338700000,11.09,11.116,11.09,11.094,2817.0,2817.5,31261.2206,1
1788339000000,11.098,11.1,11.068,11.081,1889.0,1889.4,20928.8468,1
1788339300000,11.085,11.094,11.075,11.086,442.0,442.2,4900.8252,1
1788339600000,11.091,11.132,11.084,11.132,874.0,874.4,9722.5894,1
1788339900000,11.132,11.143,11.132,11.143,141.0,141.0,1570.1937,1
1788340200000,11.143,11.145,11.123,11.126,349.0,349.2,3888.7591,1
1788340500000,11.126,11.126,11.118,11.118,1722.0,1722.1,19146.6938,1
1788340800000,11.118,11.124,11.064,11.086,652.0,652.2,7239.4192,1
1788341100000,11.086,11.109,11.086,11.109,351.0,351.0,3895.4435,1
1788341400000,11.109,11.109,11.041,11.048,1245.0,1245.1,13763.7069,1
1788341700000,11.048,11.051,11.008,11.008,10035.0,10035.2,110522.2851,1
1788342000000,11.025,11.028,11.008,11.025,486.0,486.9,5364.9101,1
1788342300000,11.02,11.051,11.008,11.042,1143.0,1143.4,12606.8254,1
1788342600000,11.041,11.061,11.041,11.053,257.0,257.0,2839.891,1
1788342900000,11.057,11.063,11.047,11.056,294.0,294.0,3250.861,1
1788343200000,11.061,11.061,11.029,11.03,393.0,393.7,4346.3788,1
1788343500000,11.029,11.034,11.007,11.025,482.0,482.6,5318.9042,1
1788343800000,11.017,11.027,11.007,11.027,310.0,310.1,3416.563,1
1788344100000,11.028,11.035,11.014,11.032,413.0,413.0,4553.755,1
1788344400000,11.031,11.033,11.007,11.008,216.0,216.0,2381.315,1
1788344700000,11.007,11.013,11.0,11.001,443.0,443.2,4876.5422,1
1788345000000,11.001,11.004,10.973,10.996,2922.0,2922.1,32131.796,1
1788345300000,10.993,11.014,10.988,10.988,330.0,330.4,3635.4022,1
1788345600000,10.985,10.994,10.958,10.994,706.0,706.7,7750.767,1
1788345900000,10.99,10.991,10.911,10.918,12427.0,12427.9,136208.8053,1
1788346200000,10.921,10.939,10.91,10.938,1576.0,1576.4,17208.7742,1
1788346500000,10.938,10.977,10.937,10.974,475.0,475.3,5205.3693,1
1788346800000,10.976,10.976,10.943,10.95,2729.0,2729.8,29883.2066,1
1788347100000,10.95,10.975,10.934,10.972,1676.0,1676.8,18358.1753,1
1788347400000,10.961,10.974,10.948,10.973,472.0,472.0,5172.0048,1
1788347700000,10.977,10.981,10.941,10.941,386.0,386.8,4240.5852,1
1788348000000,10.941,10.944,10.923,10.932,1892.0,1892.0,20682.1514,1
1788348300000,10.929,10.953,10.924,10.953,366.0,366.3,4006.6357,1
1788348600000,10.952,10.984,10.95,10.984,298.0,298.2,3270.6293,1
1788348900000,10.985,11.026,10.985,11.026,1053.0,1053.1,11594.6882,1
1788349200000,11.026,11.026,11.003,11.011,286.0,286.0,3151.303,1
1788349500000,11.014,11.014,10.987,10.996,256.0,256.0,2816.548,1
1788349800000,10.996,11.012,10.996,11.002,339.0,339.0,3730.589,1
1788350100000,11.002,11.018,11.002,11.018,171.0,171.0,1883.375,1
1788350400000,11.019,11.019,11.003,11.012,682.0,682.6,7515.5829,1
1788350700000,11.012,11.017,10.998,11.007,1001.0,1001.6,11026.4646,1
1788351000000,11.004,11.026,11.003,11.021,378.0,378.0,4164.433,1
1788351300000,11.025,11.041,11.006,11.028,568.0,568.5,6271.5143,1
1788351600000,11.023,11.074,11.017,11.055,1015.0,1015.6,11223.4786,1
1788351900000,11.05,11.065,11.046,11.057,263.0,263.9,2919.0136,1
1788352200000,11.056,11.059,11.041,11.049,241.0,241.0,2663.288,1
1788352500000,11.053,11.053,11.014,11.023,184.0,184.2,2030.9502,1
1788352800000,11.023,11.027,11.015,11.024,1953.0,1953.4,21529.1729,1
1788353100000,11.017,11.018,11.0,11.0,165.0,165.9,1825.7764,1
1788353400000,11.002,11.006,10.99,10.995,1927.0,1927.8,21195.9959,1
1788353700000,10.994,10.994,10.963,10.963,238.0,238.5,2618.2997,1
1788354000000,10.965,11.011,10.965,11.006,1542.0,1542.4,16976.7168,1
1788354300000,11.006,11.024,11.004,11.009,340.0,340.2,3746.6922,1
1788354600000,11.006,11.013,11.0,11.0,904.0,904.0,9951.1956,1
1788354900000,11.0,11.039,11.0,11.034,428.0,428.8,4725.5541,1
1788355200000,11.031,11.036,11.024,11.035,725.0,725.4,8001.1214,1
1788355500000,11.034,11.054,11.032,11.043,362.0,362.4,4002.8457,1
1788355800000,11.043,11.047,11.02,11.033,647.0,647.3,7142.602,1
1788356100000,11.03,11.037,11.0,11.024,843.0,843.3,9283.4447,1
1788356400000,11.024,11.197,11.016,11.196,2935.0,2935.3,32603.9682,1
1788356700000,11.196,11.2,11.125,11.125,3122.0,3122.8,34898.5463,1
1788357000000,11.128,11.163,11.119,11.147,2051.0,2051.3,22853.6442,1
1788357300000,11.149,11.151,11.122,11.145,457.0,457.6,5096.2896,1
1788357600000,11.154,11.155,11.112,11.129,678.0,678.2,7554.5116,1
1788357900000,11.135,11.158,11.123,11.123,634.0,634.7,7073.223,1
1788358200000,11.13,11.152,11.121,11.152,480.0,480.6,5351.2628,1
1788358500000,11.149,11.16,11.13,11.151,381.0,381.0,4246.15,1
1788358800000,11.158,11.18,11.129,11.14,4072.0,4072.0,45449.3231,1
1788359100000,11.14,11.14,11.115,11.123,9941.0,9941.8,110640.1331,1
1788359400000,11.128,11.128,11.084,11.103,1521.0,1521.8,16884.4099,1
1788359700000,11.102,11.102,11.084,11.097,454.0,454.8,5043.5596,1
1788360000000,11.098,11.129,11.098,11.128,679.0,679.0,7549.42,1
1788360300000,11.128,11.13,11.097,11.102,395.0,395.0,4390.7159,1
1788360600000,11.102,11.105,11.083,11.09,397.0,397.8,4413.7073,1
1788360900000,11.085,11.106,11.056,11.061,1237.0,1237.4,13696.3468,1
1788361200000,11.055,11.09,11.023,11.081,10298.0,10298.0,113611.6616,1
1788361500000,11.08,11.099,11.041,11.048,444.0,444.0,4915.3677,1
1788361800000,11.045,11.046,11.017,11.036,545.0,545.2,6014.4658,1
1788362100000,11.034,11.09,11.034,11.089,824.0,824.1,9111.9818,1
1788362400000,11.087,11.088,11.046,11.048,447.0,447.0,4945.017,1
1788362700000,11.05,11.075,11.04,11.061,490.0,490.6,5427.1118,1
1788363000000,11.064,11.091,11.041,11.09,602.0,602.4,6667.4386,1
1788363300000,11.09,11.105,11.084,11.084,495.0,495.0,5492.2364,1
1788363600000,11.077,11.107,11.075,11.106,463.0,463.0,5137.449,1
1788363900000,11.106,11.106,11.064,11.078,9801.0,9801.0,108634.136,1
1788364200000,11.069,11.084,11.055,11.068,373.0,373.5,4133.4682,1
1788364500000,11.069,11.086,11.068,11.086,248.0,248.0,2747.0,1
1788364800000,11.08,11.094,11.07,11.094,376.0,376.3,4169.4092,1
1788365100000,11.094,11.123,11.091,11.112,513.0,513.8,5708.4587,1
1788365400000,11.112,11.129,11.105,11.117,461.0,461.9,5134.0391,1
1788365700000,11.122,11.137,11.11,11.137,610.0,610.7,6790.7522,1
1788366000000,11.139,11.175,11.137,11.175,1106.0,1106.2,12351.5866,1
1788366300000,11.175,11.175,11.131,11.133,10150.0,10150.0,113215.4969,1
1788366600000,11.137,11.158,11.134,11.141,10542.0,10542.4,117478.3368,1
1788366900000,11.147,11.149,11.115,11.12,551.0,551.6,6139.4524,1
1788367200000,11.111,11.118,11.102,11.102,2289.0,2289.9,25432.1421,1
1788367500000,11.103,11.109,11.095,11.108,235.0,235.1,2610.1712,1
1788367800000,11.105,11.106,11.096,11.098,198.0,198.0,2198.001,1
1788368100000,11.103,11.106,11.066,11.067,399.0,399.1,4422.7867,1
1788368400000,11.064,11.082,11.054,11.06,551.0,551.5,6101.0336,1
1788368700000,11.065,11.071,11.033,11.038,10695.0,10695.4,118161.3977,1
1788369000000,11.048,11.067,11.035,11.054,401.0,401.0,4432.715,1
1788369300000,11.056,11.061,11.027,11.027,394.0,394.0,4350.656,1
1788369600000,11.032,11.044,11.019,11.035,512.0,512.6,5653.1407,1
1788369900000,11.035,11.051,11.034,11.049,284.0,284.5,3142.541,1
1788370200000,11.049,11.062,11.043,11.062,256.0,256.6,2836.9901,1
1788370500000,11.062,11.071,11.062,11.071,209.0,209.0,2312.6748,1
1788370800000,11.071,11.091,11.063,11.091,242.0,242.0,2680.4435,1
1788371100000,11.091,11.123,11.09,11.117,344.0,344.8,3832.4052,1
1788371400000,11.113,11.123,11.102,11.109,339.0,339.9,3776.562,1
1788371700000,11.109,11.118,11.102,11.112,505.0,505.3,5611.9208,1
1788372000000,11.115,11.122,11.1,11.108,260.0,260.6,2895.3642,1
1788372300000,11.108,11.124,11.104,11.124,255.0,255.4,2838.617,1
1788372600000,11.124,11.129,11.117,11.128,212.0,212.0,2358.358,1
1788372900000,11.128,11.16,11.127,11.135,646.0,646.2,7195.824,1
1788373200000,11.132,11.148,11.131,11.139,510.0,510.1,5679.0671,1
1788373500000,11.139,11.153,11.136,11.136,230.0,230.0,2563.197,1
1788373800000,11.14,11.151,11.136,11.141,167.0,167.9,1870.8439,1
1788374100000,11.145,11.148,11.113,11.113,316.0,316.2,3521.0385,1
1788374400000,11.112,11.124,11.107,11.116,515.0,515.0,5722.624,1
1788374700000,11.12,11.148,11.111,11.142,579.0,579.0,6444.1806,1
1788375000000,11.142,11.145,11.128,11.137,253.0,253.2,2819.466,1
1788375300000,11.135,11.138,11.124,11.125,130.0,130.9,1457.1213,1
1788375600000,11.129,11.129,11.108,11.117,172.0,172.0,1912.039,1
1788375900000,11.117,11.125,11.111,11.125,99.0,99.3,1103.9103,1
1788376200000,11.125,11.132,11.118,11.121,242.0,242.0,2692.186,1
1788376500000,11.121,11.131,11.101,11.107,259.0,259.0,2878.918,1
1788376800000,11.106,11.109,11.101,11.103,132.0,132.0,1465.838,1
1788377100000,11.103,11.104,11.091,11.091,131.0,131.1,1455.1525,1
1788377400000,11.077,11.085,11.068,11.072,726.0,726.8,8047.3173,1
1788377700000,11.072,11.079,11.063,11.079,187.0,187.3,2072.8981,1
1788378000000,11.073,11.089,11.071,11.083,219.0,219.0,2426.6,1
1788378300000,11.082,11.098,11.081,11.081,871.0,871.2,9664.276,1
1788378600000,11.086,11.099,11.074,11.078,416.0,416.7,4617.1308,1
1788378900000,11.077,11.107,11.072,11.1,199.0,199.0,2206.901,1
1788379200000,11.109,11.139,11.101,11.138,557.0,557.5,6205.4159,1
1788379500000,11.139,11.169,11.134,11.139,957.0,957.0,10667.271,1
1788379800000,11.141,11.142,11.113,11.13,235.0,235.4,2620.0688,1
1788380100000,11.133,11.133,11.091,11.109,633.0,633.9,7038.9535,1
1788380400000,11.109,11.139,11.107,11.139,320.0,320.9,3571.0147,1
1788380700000,11.13,11.13,11.106,11.106,528.0,528.7,5877.5862,1
1788381000000,11.106,11.129,11.104,11.112,170.0,170.0,1889.362,1
1788381300000,11.126,11.139,11.124,11.13,148.0,148.8,1656.3636,1
1788381600000,11.13,11.131,11.106,11.106,93.0,93.0,1033.569,1
1788381900000,11.109,11.117,11.095,11.115,151.0,151.0,1677.117,1
1788382200000,11.115,11.137,11.11,11.123,214.0,214.0,2380.107,1
1788382500000,11.119,11.134,11.118,11.121,182.0,182.6,2031.7694,1
1788382800000,11.121,11.124,11.105,11.105,540.0,540.3,6007.2517,1
1788383100000,11.098,11.1,11.095,11.096,108.0,108.0,1198.391,1
1788383400000,11.096,11.096,11.091,11.092,135.0,135.1,1498.5605,1
1788383700000,11.092,11.092,11.072,11.075,186.0,186.9,2071.4199,1
1788384000000,11.075,11.091,11.075,11.09,175.0,175.3,1942.9542,1
1788384300000,11.09,11.102,11.086,11.09,79.0,79.7,884.1298,1
1788384600000,11.086,11.093,11.073,11.073,107.0,107.1,1187.2524,1
1788384900000,11.073,11.107,11.07,11.107,120.0,120.0,1330.773,1
1788385200000,11.108,11.126,11.099,11.126,170.0,170.0,1888.955,1
1788385500000,11.126,11.126,11.105,11.105,88.0,88.0,978.06,1
1788385800000,11.105,11.107,11.099,11.107,232.0,232.9,2585.8747,1
1788386100000,11.099,11.113,11.096,11.096,108.0,108.0,1199.055,1
1788386400000,11.093,11.093,11.069,11.074,212.0,212.4,2354.2754,1
1788386700000,11.069,11.069,11.056,11.06,326.0,326.5,3610.8342,1
1788387000000,11.06,11.063,11.054,11.063,103.0,103.0,1138.864,1
1788387300000,11.06,11.071,11.055,11.057,126.0,126.0,1393.937,1
1788387600000,11.057,11.057,11.045,11.05,195.0,195.7,2162.3256,1
1788387900000,11.05,11.052,11.041,11.042,802.0,802.1,8863.6082,1
1788388200000,11.042,11.05,11.041,11.05,88.0,88.0,971.789,1
1788388500000,11.051,11.068,11.048,11.064,84.0,84.0,928.721,1
1788388800000,11.064,11.069,11.061,11.065,193.0,193.4,2139.7352,1
1788389100000,11.058,11.065,11.048,11.053,256.0,256.9,2839.7224,1
1788389400000,11.053,11.057,11.044,11.053,134.0,134.0,1480.554,1
1788389700000,11.053,11.053,11.033,11.036,229.0,229.4,2532.1534,1
1788390000000,11.036,11.039,11.021,11.039,2571.0,2571.1,28361.7458,1
1788390300000,11.039,11.083,11.039,11.083,1474.0,1474.9,16312.0423,1
1788390600000,11.083,11.084,11.072,11.081,669.0,669.2,7411.8227,1
1788390900000,11.081,11.081,11.063,11.07,486.0,486.8,5387.6374,1
1788391200000,11.074,11.082,11.068,11.082,1109.0,1109.0,12281.4112,1
1788391500000,11.08,11.085,11.072,11.083,401.0,401.9,4453.2345,1
1788391800000,11.083,11.09,11.067,11.068,195.0,195.2,2162.1576,1
1788392100000,11.067,11.072,11.062,11.063,270.0,270.0,2988.9702,1
1788392400000,11.063,11.07,11.06,11.063,407.0,407.5,4508.6226,1
1788392700000,11.069,11.088,11.069,11.088,160.0,160.0,1772.542,1
1788393000000,11.09,11.105,11.089,11.101,294.0,294.1,3263.2251,1
1788393300000,11.099,11.118,11.096,11.109,597.0,597.0,6632.293,1
1788393600000,11.109,11.109,11.097,11.107,249.0,249.7,2773.2172,1
1788393900000,11.107,11.11,11.072,11.074,279.0,279.7,3102.1413,1
1788394200000,11.074,11.092,11.068,11.068,115.0,115.0,1273.974,1
1788394500000,11.068,11.072,11.061,11.071,858.0,858.9,9505.0699,1
1788394800000,11.071,11.071,11.055,11.058,534.0,534.4,5910.7728,1
1788395100000,11.06,11.06,11.042,11.048,535.0,535.7,5921.9286,1
1788395400000,11.046,11.05,11.041,11.042,208.0,208.5,2302.4915,1
1788395700000,11.042,11.05,11.031,11.05,329.0,329.8,3642.0385,1
1788396000000,11.05,11.068,11.043,11.043,226.0,226.8,2508.0984,1
1788396300000,11.042,11.05,11.034,11.037,660.0,660.1,7290.6681,1
1788396600000,11.037,11.042,11.027,11.036,222.0,222.7,2457.7107,1
1788396900000,11.036,11.054,11.027,11.037,980.0,980.0,10815.0266,1
1788397200000,11.037,11.042,11.0,11.018,1527.0,1527.9,16836.1713,1
1788397500000,11.022,11.09,11.022,11.083,1407.0,1407.1,15568.3122,1
1788397800000,11.081,11.133,11.081,11.133,1628.0,1628.4,18092.5755,1
1788398100000,11.131,11.132,11.107,11.107,1060.0,1060.3,11789.2357,1
1788398400000,11.108,11.135,11.1,11.12,591.0,591.8,6575.0175,1
1788398700000,11.114,11.138,11.108,11.138,293.0,293.0,3258.944,1
1788399000000,11.138,11.156,11.135,11.146,406.0,406.4,4529.1407,1
1788399300000,11.146,11.154,11.116,11.145,379.0,379.0,4220.912,1
1788399600000,11.142,11.158,11.131,11.132,333.0,333.7,3719.1057,1
1788399900000,11.132,11.132,11.109,11.113,345.0,345.9,3844.8217,1
1788400200000,11.109,11.143,11.103,11.135,232.0,232.0,2579.388,1
1788400500000,11.116,11.126,11.102,11.102,842.0,842.6,9365.4635,1
1788400800000,11.102,11.103,11.081,11.081,504.0,504.9,5601.452,1
1788401100000,11.079,11.103,11.075,11.086,267.0,267.0,2961.145,1
1788401400000,11.087,11.125,11.087,11.122,323.0,323.4,3591.4628,1
1788401700000,11.125,11.129,11.116,11.128,219.0,219.0,2436.25,1
1788402000000,11.128,11.129,11.121,11.128,171.0,171.0,1902.786,1
1788402300000,11.127,11.138,11.125,11.138,342.0,342.1,3807.4089,1
1788402600000,11.138,11.205,11.136,11.205,2559.0,2559.2,28611.0486,1
1788402900000,11.2,11.205,11.17,11.177,1570.0,1570.3,17582.234,1
1788403200000,11.177,11.2,11.177,11.195,1199.0,1199.1,13426.8669,1
1788403500000,11.188,11.202,11.184,11.202,878.0,878.6,9833.4858,1
1788403800000,11.194,11.21,11.194,11.205,874.0,874.5,9799.6659,1
1788404100000,11.203,11.223,11.199,11.206,4380.0,4380.6,49152.2917,1
1788404400000,11.208,11.212,11.195,11.202,2162.0,2162.4,24218.5781,1
1788404700000,11.201,11.201,11.191,11.192,173.0,173.0,1936.599,1
1788405000000,11.192,11.204,11.174,11.199,436.0,436.4,4880.0413,1
1788405300000,11.199,11.2,11.168,11.185,697.0,697.1,7797.7898,1
1788405600000,11.185,11.188,11.154,11.163,1059.0,1059.8,11830.1338,1
1788405900000,11.163,11.182,11.163,11.178,239.0,239.4,2675.8014,1
1788406200000,11.172,11.182,11.168,11.168,406.0,406.6,4544.7444,1
1788406500000,11.168,11.169,11.156,11.161,555.0,555.8,6205.1852,1
1788406800000,11.16,11.171,11.154,11.169,875.0,875.7,9772.892,1
1788407100000,11.165,11.184,11.159,11.176,669.0,669.0,7477.0596,1
1788407400000,11.18,11.196,11.177,11.196,177.0,177.5,1984.9742,1
1788407700000,11.195,11.197,11.183,11.19,107.0,107.8,1206.2898,1
1788408000000,11.193,11.206,11.187,11.198,301.0,301.7,3379.7783,1
1788408300000,11.197,11.219,11.192,11.218,455.0,455.6,5107.2213,1
1788408600000,11.218,11.226,11.198,11.198,231.0,231.2,2591.6846,1
1788408900000,11.198,11.203,11.171,11.174,250.0,250.4,2799.6268,1
1788409200000,11.174,11.188,11.166,11.185,176.0,176.4,1971.7946,1
1788409500000,11.182,11.189,11.173,11.173,253.0,253.5,2834.8758,1
1788409800000,11.175,11.194,11.175,11.186,253.0,253.3,2834.0058,1
1788410100000,11.185,11.185,11.174,11.179,90.0,90.6,1012.9832,1
1788410400000,11.179,11.181,11.173,11.173,190.0,190.9,2133.6876,1
1788410700000,11.176,11.201,11.176,11.197,257.0,257.2,2878.8808,1
1788411000000,11.197,11.236,11.196,11.235,216.0,216.4,2427.6999,1
1788411300000,11.235,11.236,11.223,11.234,278.0,278.7,3130.4592,1
1788411600000,11.235,11.26,11.235,11.24,1898.0,1898.7,21371.7397,1
1788411900000,11.24,11.246,11.231,11.235,581.0,581.9,6540.8125,1
1788412200000,11.235,11.24,11.215,11.222,148.0,148.0,1661.42,1
1788412500000,11.222,11.224,11.197,11.2,314.0,314.0,3518.6513,1
1788412800000,11.2,11.2,11.132,11.149,1106.0,1106.9,12337.2929,1
1788413100000,11.147,11.147,11.109,11.12,713.0,713.4,7943.8994,1
1788413400000,11.112,11.162,11.112,11.155,869.0,869.4,9676.6196,1
1788413700000,11.154,11.189,11.154,11.188,248.0,248.9,2779.5015,1
1788414000000,11.188,11.192,11.17,11.192,507.0,507.0,5670.3298,1
1788414300000,11.192,11.192,11.173,11.191,268.0,268.7,3005.4221,1
1788414600000,11.191,11.238,11.191,11.225,504.0,504.0,5657.3248,1
1788414900000,11.225,11.24,11.217,11.224,2363.0,2363.7,26529.7116,1
1788415200000,11.224,11.234,11.199,11.199,7038.0,7038.2,78934.5949,1
1788415500000,11.209,11.215,11.197,11.197,223.0,223.0,2498.147,1
1788415800000,11.198,11.215,11.193,11.194,250.0,250.7,2807.9057,1
1788416100000,11.197,11.203,11.183,11.199,445.0,445.6,4987.6511,1
1788416400000,11.199,11.206,11.19,11.191,360.0,360.6,4038.0656,1
1788416700000,11.191,11.208,11.191,11.203,171.0,171.0,1915.388,1
1788417000000,11.205,11.206,11.188,11.2,4719.0,4719.5,52859.9455,1
1788417300000,11.199,11.227,11.199,11.221,645.0,645.8,7233.9602,1
1788417600000,11.222,11.226,11.214,11.223,552.0,552.8,6202.9409,1
1788417900000,11.223,11.229,11.217,11.224,129.0,129.0,1447.949,1
1788418200000,11.224,11.224,11.21,11.21,93.0,93.0,1042.992,1
1788418500000,11.21,11.217,11.207,11.21,82.0,82.0,919.471,1
1788418800000,11.214,11.252,11.205,11.251,353.0,353.0,3963.756,1
1788419100000,11.252,11.266,11.243,11.254,748.0,748.4,8427.1445,1
1788419400000,11.247,11.267,11.24,11.263,585.0,585.9,6597.5572,1
1788419700000,11.263,11.263,11.239,11.257,237.0,237.4,2670.6561,1
1788420000000,11.253,11.264,11.241,11.244,226.0,226.0,2543.727,1
1788420300000,11.242,11.249,11.231,11.237,276.0,276.0,3102.28,1
1788420600000,11.235,11.24,11.231,11.236,332.0,332.0,3729.354,1
1788420900000,11.233,11.254,11.233,11.254,820.0,820.7,9233.6784,1
1788421200000,11.258,11.27,11.236,11.236,482.0,482.8,5436.5884,1
1788421500000,11.232,11.241,11.176,11.177,956.0,956.6,10715.5501,1
1788421800000,11.176,11.177,11.153,11.154,500.0,500.8,5588.6136,1
1788422100000,11.154,11.18,11.143,11.175,260.0,260.0,2902.125,1
1788422400000,11.177,11.226,11.177,11.223,395.0,395.1,4425.3507,1
1788422700000,11.22,11.252,11.22,11.227,673.0,673.9,7576.2485,1
1788423000000,11.232,11.249,11.222,11.231,323.0,323.0,3628.846,1
1788423300000,11.231,11.239,11.219,11.229,473.0,473.0,5312.701,1
1788423600000,11.23,11.231,11.204,11.215,778.0,778.4,8737.2646,1
1788423900000,11.215,11.239,11.205,11.237,293.0,293.0,3287.439,1
1788424200000,11.235,11.237,11.22,11.236,884.0,884.4,9928.9922,1
1788424500000,11.227,11.249,11.226,11.227,219.0,219.4,2465.1368,1
1788424800000,11.22,11.228,11.207,11.211,388.0,388.0,4351.727,1
1788425100000,11.212,11.224,11.205,11.207,257.0,257.0,2882.973,1
1788425400000,11.206,11.214,11.195,11.202,260.0,260.1,2913.5957,1
1788425700000,11.202,11.212,11.202,11.208,171.0,171.4,1920.937,1
1788426000000,11.208,11.208,11.192,11.193,262.0,262.0,2933.26,1
1788426300000,11.193,11.212,11.183,11.212,319.0,319.4,3578.1338,1
1788426600000,11.211,11.235,11.207,11.214,402.0,402.9,4520.9502,1
1788426900000,11.214,11.229,11.205,11.205,286.0,286.0,3208.253,1
1788427200000,11.205,11.211,11.197,11.203,556.0,556.5,6234.4885,1
1788427500000,11.199,11.206,11.197,11.198,160.0,160.0,1791.983,1
1788427800000,11.198,11.198,11.178,11.178,249.0,249.2,2787.4042,1
1788428100000,11.177,11.186,11.17,11.182,440.0,440.7,4926.4716,1
1788428400000,11.182,11.182,11.165,11.177,205.0,205.0,2290.72,1
1788428700000,11.183,11.196,11.163,11.165,340.0,340.0,3802.078,1
1788429000000,11.164,11.174,11.16,11.16,232.0,232.7,2597.9235,1
1788429300000,11.16,11.162,11.152,11.153,243.0,243.2,2712.8476,1
1788429600000,11.153,11.16,11.142,11.159,266.0,266.0,2966.145,1
1788429900000,11.157,11.181,11.154,11.157,476.0,476.9,5325.4632,1
1788430200000,11.168,11.175,11.149,11.149,144.0,144.0,1607.538,1
1788430500000,11.15,11.177,11.147,11.177,391.0,391.1,4363.6135,1
1788430800000,11.177,11.197,11.177,11.18,164.0,164.0,1835.111,1
1788431100000,11.18,11.18,11.169,11.171,167.0,167.0,1865.987,1
1788431400000,11.166,11.18,11.154,11.154,500.0,500.2,5583.967,1
1788431700000,11.154,11.154,11.142,11.15,193.0,193.0,2151.492,1
1788432000000,11.145,11.145,11.12,11.125,1112.0,1112.3,12378.6846,1
1788432300000,11.125,11.148,11.124,11.148,617.0,617.2,6872.7383,1
1788432600000,11.148,11.175,11.143,11.171,181.0,181.1,2020.7233,1
1788432900000,11.173,11.188,11.173,11.185,249.0,249.0,2783.8622,1
1788433200000,11.19,11.192,11.178,11.191,211.0,211.0,2360.314,1
1788433500000,11.191,11.214,11.191,11.213,292.0,292.0,3272.1705,1
1788433800000,11.213,11.231,11.212,11.231,294.0,294.5,3304.487,1
1788434100000,11.228,11.252,11.228,11.251,367.0,367.1,4125.3828,1
1788434400000,11.251,11.252,11.239,11.252,215.0,215.0,2417.559,1
1788434700000,11.25,11.275,11.246,11.269,190.0,190.3,2143.1201,1
1788435000000,11.273,11.289,11.255,11.28,624.0,624.5,7044.9455,1
1788435300000,11.28,11.31,11.272,11.307,328.0,328.2,3704.1236,1
1788435600000,11.307,11.32,11.288,11.288,466.0,466.2,5269.8415,1
1788435900000,11.289,11.296,11.266,11.266,379.0,379.1,4276.4644,1
1788436200000,11.268,11.283,11.254,11.254,342.0,342.3,3856.989,1
1788436500000,11.258,11.271,11.258,11.267,239.0,239.0,2692.656,1
1788436800000,11.266,11.273,11.254,11.266,203.0,203.9,2296.9612,1
1788437100000,11.266,11.28,11.26,11.28,451.0,451.0,5084.6543,1
1788437400000,11.28,11.295,11.277,11.294,293.0,293.0,3307.348,1
1788437700000,11.286,11.299,11.267,11.272,275.0,275.1,3104.3587,1
1788438000000,11.276,11.282,11.269,11.278,156.0,156.0,1758.995,1
1788438300000,11.278,11.283,11.274,11.274,156.0,156.5,1765.0845,1
1788438600000,11.295,11.364,11.277,11.339,1946.0,1946.5,22050.7953,1
1788438900000,11.334,11.366,11.312,11.363,467.0,467.9,5312.0485,1
1788439200000,11.362,11.365,11.333,11.341,331.0,331.0,3756.05,1
1788439500000,11.342,11.372,11.341,11.371,694.0,694.6,7887.8178,1
1788439800000,11.371,11.395,11.371,11.395,891.0,891.8,10151.1009,1
1788440100000,11.395,11.427,11.395,11.418,4656.0,4656.6,53110.2454,1
1788440400000,11.417,11.424,11.379,11.391,1162.0,1162.7,13248.2897,1
1788440700000,11.39,11.396,11.378,11.387,254.0,254.0,2892.035,1
1788441000000,11.379,11.403,11.379,11.399,349.0,349.0,3975.256,1
1788441300000,11.401,11.413,11.378,11.378,538.0,538.1,6135.9003,1
1788441600000,11.384,11.387,11.365,11.379,7272.0,7272.7,82680.1415,1
1788441900000,11.377,11.382,11.363,11.373,1227.0,1227.9,13970.3807,1
1788442200000,11.372,11.418,11.364,11.406,6781.0,6781.0,77243.5903,1
1788442500000,11.394,11.43,11.369,11.427,946.0,946.7,10792.3207,1
1788442800000,11.431,11.456,11.418,11.455,1729.0,1729.9,19796.983,1
1788443100000,11.455,11.472,11.426,11.434,2471.0,2471.5,28269.0693,1
1788443400000,11.433,11.449,11.41,11.41,13225.0,13225.1,151002.2598,1
1788443700000,11.43,11.447,11.416,11.432,1085.0,1085.1,12403.3093,1
1788444000000,11.427,11.427,11.409,11.421,2217.0,2217.1,25311.6139,1
1788444300000,11.41,11.418,11.409,11.41,1262.0,1262.3,14404.6299,1
1788444600000,11.41,11.441,11.385,11.441,2135.0,2135.9,24394.8127,1
1788444900000,11.441,11.488,11.441,11.472,1531.0,1531.1,17555.2432,1
1788445200000,11.476,11.509,11.47,11.473,50577.0,50577.8,581052.1366,1
1788445500000,11.472,11.523,11.463,11.516,25930.0,25930.1,297489.1645,1
1788445800000,11.512,11.642,11.481,11.592,43116.0,43116.8,496578.3415,1
1788446100000,11.592,11.637,11.588,11.612,14759.0,14759.9,171494.6417,1
1788446400000,11.624,11.64,11.593,11.62,814.0,814.7,9463.1518,1
1788446700000,11.62,11.729,11.606,11.711,4440.0,4440.3,51886.2379,1
1788447000000,11.73,11.73,11.686,11.729,8634.0,8634.7,101147.3642,1
1788447300000,11.732,11.783,11.727,11.783,2226.0,2226.1,26178.4519,1
1788447600000,11.781,11.85,11.77,11.791,5215.0,5215.5,61633.1185,1
1788447900000,11.798,11.798,11.727,11.727,8919.0,8919.0,104891.5488,1
1788448200000,11.73,11.73,11.674,11.69,1306.0,1306.0,15289.4498,1
1788448500000,11.696,11.71,11.676,11.68,940.0,940.3,10995.6032,1
1788448800000,11.684,11.708,11.662,11.697,751.0,751.0,8777.0367,1
1788449100000,11.705,11.708,11.676,11.705,1187.0,1187.0,13882.9047,1
1788449400000,11.693,11.704,11.662,11.704,732.0,732.5,8556.6197,1
1788449700000,11.7,11.708,11.686,11.707,585.0,585.5,6848.5507,1
1788450000000,11.708,11.721,11.695,11.697,3397.0,3397.7,39780.2154,1
1788450300000,11.697,11.707,11.652,11.678,721.0,721.4,8425.9654,1
1788450600000,11.678,11.77,11.678,11.762,1126.0,1126.5,13228.6351,1
1788450900000,11.763,11.782,11.748,11.78,1155.0,1155.7,13593.855,1
1788451200000,11.779,11.782,11.687,11.689,1379.0,1379.2,16182.4528,1
1788451500000,11.687,11.722,11.668,11.715,1183.0,1183.4,13844.6194,1
1788451800000,11.71,11.731,11.696,11.7,594.0,594.6,6965.6127,1
1788452100000,11.696,11.7,11.651,11.662,567.0,567.4,6623.5444,1
1788452400000,11.66,11.685,11.651,11.651,1966.0,1966.7,22937.6491,1
1788452700000,11.652,11.662,11.624,11.659,1174.0,1174.8,13684.5978,1
1788453000000,11.656,11.694,11.656,11.694,732.0,732.6,8556.9159,1
1788453300000,11.693,11.708,11.688,11.696,1183.0,1183.7,13849.2321,1
1788453600000,11.695,11.706,11.687,11.696,668.0,668.4,7816.5826,1
1788453900000,11.699,11.722,11.698,11.716,422.0,422.9,4953.066,1
1788454200000,11.722,11.722,11.702,11.72,1238.0,1238.0,14498.602,1
1788454500000,11.72,11.733,11.716,11.716,632.0,632.1,7411.1102,1
1788454800000,11.718,11.719,11.691,11.716,458.0,458.5,5365.8947,1
1788455100000,11.71,11.738,11.7,11.73,1028.0,1028.9,12064.9482,1
1788455400000,11.734,11.738,11.72,11.733,760.0,760.7,8922.918,1
1788455700000,11.731,11.733,11.714,11.714,336.0,336.1,3941.0693,1
1788456000000,11.717,11.723,11.704,11.719,386.0,386.0,4521.526,1
1788456300000,11.723,11.726,11.71,11.72,472.0,472.2,5533.299,1
1788456600000,11.712,11.732,11.708,11.731,235.0,235.0,2754.826,1
1788456900000,11.732,11.737,11.72,11.736,1384.0,1384.8,16245.7586,1
1788457200000,11.737,11.742,11.73,11.731,594.0,594.3,6973.7207,1
1788457500000,11.727,11.751,11.722,11.745,833.0,833.7,9786.3344,1
1788457800000,11.749,11.749,11.713,11.713,664.0,664.3,7790.0936,1
1788458100000,11.717,11.743,11.717,11.733,380.0,380.1,4458.8687,1
1788458400000,11.74,11.772,11.733,11.766,267.0,267.7,3146.0466,1
1788458700000,11.768,11.788,11.763,11.788,508.0,508.9,5993.7837,1
1788459000000,11.785,11.794,11.766,11.79,849.0,849.7,10008.6734,1
1788459300000,11.792,11.794,11.772,11.779,2248.0,2248.5,26480.2706,1
1788459600000,11.772,11.78,11.759,11.78,765.0,765.1,9008.674,1
1788459900000,11.78,11.78,11.758,11.761,226.0,226.0,2658.478,1
1788460200000,11.761,11.773,11.745,11.766,1851.0,1851.1,21764.0443,1
1788460500000,11.764,11.77,11.75,11.755,294.0,294.6,3464.5926,1
1788460800000,11.754,11.754,11.745,11.749,192.0,192.0,2255.695,1
1788461100000,11.75,11.788,11.749,11.788,325.0,325.2,3827.0064,1
1788461400000,11.786,11.804,11.783,11.8,731.0,731.8,8631.4634,1
1788461700000,11.8,11.808,11.798,11.806,172.0,172.0,2030.076,1
1788462000000,11.807,11.844,11.8,11.843,610.0,610.8,7216.2907,1
1788462300000,11.847,11.859,11.803,11.815,689.0,689.7,8157.3993,1
1788462600000,11.815,11.819,11.798,11.799,261.0,261.3,3084.6636,1
1788462900000,11.799,11.84,11.799,11.84,482.0,482.2,5698.5898,1
1788463200000,11.843,11.868,11.843,11.861,1122.0,1122.9,13319.7577,1
1788463500000,11.862,11.864,11.849,11.861,2700.0,2700.0,32018.1808,1
1788463800000,11.861,11.87,11.832,11.851,4536.0,4536.2,53822.0937,1
1788464100000,11.851,11.853,11.835,11.851,1486.0,1486.5,17602.4149,1
1788464400000,11.845,11.864,11.845,11.851,273.0,273.0,3237.049,1
1788464700000,11.851,11.86,11.814,11.814,350.0,350.7,4151.2081,1
1788465000000,11.819,11.841,11.814,11.835,383.0,383.0,4530.251,1
1788465300000,11.832,11.854,11.828,11.851,326.0,326.6,3866.6758,1
1788465600000,11.853,11.866,11.808,11.865,859.0,859.9,10180.4273,1
1788465900000,11.866,11.885,11.863,11.88,529.0,529.1,6282.6094,1
1788466200000,11.877,11.877,11.844,11.851,356.0,356.1,4224.1733,1
1788466500000,11.845,11.876,11.845,11.862,971.0,971.1,11514.0407,1
1788466800000,11.86,11.87,11.831,11.846,421.0,421.4,4991.6683,1
1788467100000,11.846,11.876,11.836,11.871,214.0,214.3,2541.026,1
1788467400000,11.871,11.877,11.858,11.866,410.0,410.4,4869.412,1
1788467700000,11.863,11.901,11.855,11.896,723.0,723.4,8598.2809,1
1788468000000,11.896,11.91,11.858,11.858,8376.0,8376.5,99706.9016,1
1788468300000,11.855,11.897,11.855,11.896,364.0,364.9,4333.8675,1
1788468600000,11.897,11.901,11.872,11.875,275.0,275.7,3277.1159,1
1788468900000,11.875,11.887,11.864,11.884,837.0,837.3,9943.0699,1
1788469200000,11.884,11.884,11.849,11.853,665.0,665.9,7898.1126,1
1788469500000,11.853,11.889,11.853,11.889,601.0,601.4,7140.84,1
1788469800000,11.891,11.9,11.888,11.896,379.0,379.7,4516.683,1
1788470100000,11.898,11.902,11.888,11.899,232.0,232.9,2770.7274,1
1788470400000,11.899,11.902,11.888,11.888,245.0,245.0,2914.688,1
1788470700000,11.888,11.901,11.884,11.901,595.0,595.3,7076.8385,1
1788471000000,11.901,11.963,11.899,11.95,1732.0,1732.0,20679.2877,1
1788471300000,11.941,11.941,11.907,11.907,1045.0,1045.5,12460.6545,1
1788471600000,11.907,11.908,11.886,11.9,1367.0,1367.9,16276.4697,1
1788471900000,11.9,11.904,11.87,11.904,479.0,479.1,5695.502,1
1788472200000,11.909,11.933,11.909,11.928,362.0,362.3,4320.6259,1
1788472500000,11.928,11.935,11.928,11.933,147.0,147.0,1754.181,1
1788472800000,11.933,11.934,11.888,11.908,845.0,845.6,10067.2188,1
1788473100000,11.91,11.93,11.898,11.906,755.0,755.8,9004.6096,1
1788473400000,11.906,11.906,11.872,11.889,565.0,565.7,6725.2949,1
1788473700000,11.898,11.923,11.89,11.903,545.0,545.0,6487.667,1
1788474000000,11.902,11.926,11.896,11.896,379.0,379.1,4516.3048,1
1788474300000,11.891,11.893,11.846,11.853,676.0,676.0,8020.3601,1
1788474600000,11.849,11.849,11.78,11.8,1107.0,1107.2,13072.6492,1
1788474900000,11.797,11.831,11.792,11.808,297.0,297.9,3518.9475,1
1788475200000,11.809,11.817,11.796,11.8,734.0,734.0,8664.2542,1
1788475500000,11.806,11.84,11.806,11.819,843.0,843.3,9972.2613,1
1788475800000,11.819,11.821,11.805,11.815,241.0,241.7,2855.0146,1
1788476100000,11.815,11.841,11.808,11.831,402.0,402.9,4767.8366,1
1788476400000,11.831,11.831,11.805,11.81,383.0,383.6,4532.9606,1
1788476700000,11.818,11.831,11.807,11.815,786.0,786.7,9293.4704,1
1788477000000,11.815,11.822,11.795,11.798,243.0,243.0,2867.736,1
1788477300000,11.795,11.811,11.794,11.8,286.0,286.0,3375.363,1
1788477600000,11.802,11.803,11.783,11.785,313.0,313.3,3694.6396,1
1788477900000,11.784,11.821,11.784,11.821,284.0,284.0,3351.821,1
1788478200000,11.82,11.82,11.796,11.805,285.0,285.0,3365.507,1
1788478500000,11.802,11.848,11.802,11.847,427.0,427.8,5060.5415,1
1788478800000,11.848,11.848,11.83,11.83,269.0,269.1,3186.5708,1
1788479100000,11.83,11.844,11.823,11.84,299.0,299.0,3538.972,1
1788479400000,11.842,11.847,11.82,11.822,536.0,536.1,6344.6165,1
1788479700000,11.817,11.839,11.815,11.832,785.0,785.9,9297.4768,1
1788480000000,11.827,11.846,11.81,11.817,965.0,965.2,11411.6183,1
1788480300000,11.817,11.823,11.794,11.821,383.0,383.0,4522.895,1
1788480600000,11.824,11.835,11.805,11.826,254.0,254.6,3009.0994,1
1788480900000,11.829,11.849,11.824,11.829,588.0,588.0,6960.403,1
1788481200000,11.826,11.849,11.826,11.841,479.0,479.0,5671.316,1
1788481500000,11.841,11.841,11.818,11.823,236.0,236.0,2790.644,1
1788481800000,11.824,11.853,11.824,11.853,266.0,266.9,3160.3501,1
1788482100000,11.853,11.888,11.853,11.888,488.0,488.1,5795.3767,1
1788482400000,11.888,11.897,11.835,11.849,720.0,720.7,8564.7893,1
1788482700000,11.853,11.86,11.83,11.83,370.0,370.0,4380.931,1
1788483000000,11.83,11.841,11.814,11.82,620.0,620.2,7333.2501,1
1788483300000,11.82,11.82,11.787,11.787,268.0,268.9,3173.9168,1
1788483600000,11.79,11.823,11.762,11.762,1132.0,1132.5,13342.8861,1
1788483900000,11.769,11.821,11.753,11.82,651.0,651.2,7671.85,1
1788484200000,11.82,11.845,11.805,11.822,566.0,566.4,6702.0055,1
1788484500000,11.824,11.846,11.821,11.843,647.0,647.4,7663.4514,1
1788484800000,11.843,11.849,11.807,11.814,311.0,311.0,3681.101,1
1788485100000,11.814,11.831,11.807,11.814,414.0,414.5,4898.4439,1
1788485400000,11.813,11.837,11.794,11.795,363.0,363.5,4293.6107,1
1788485700000,11.794,11.815,11.794,11.801,207.0,207.0,2442.787,1
1788486000000,11.799,11.799,11.783,11.786,198.0,198.1,2335.3344,1
1788486300000,11.788,11.83,11.783,11.819,223.0,223.0,2633.007,1
1788486600000,11.818,11.854,11.815,11.852,299.0,299.3,3542.8748,1
1788486900000,11.853,11.893,11.853,11.889,780.0,780.0,9264.4076,1
1788487200000,11.895,11.895,11.84,11.841,417.0,417.0,4947.772,1
1788487500000,11.845,11.863,11.83,11.83,229.0,229.0,2712.15,1
1788487800000,11.836,11.84,11.83,11.832,166.0,166.0,1964.38,1
1788488100000,11.832,11.845,11.83,11.831,338.0,338.0,4000.322,1
1788488400000,11.831,11.831,11.809,11.816,205.0,205.2,2425.5391,1
1788488700000,11.819,11.825,11.808,11.81,212.0,212.0,2504.592,1
1788489000000,11.81,11.844,11.81,11.828,224.0,224.0,2650.602,1
1788489300000,11.824,11.862,11.81,11.859,690.0,690.5,8181.0143,1
1788489600000,11.858,11.86,11.839,11.839,190.0,190.0,2251.737,1
1788489900000,11.842,11.846,11.829,11.84,263.0,263.1,3114.1545,1
1788490200000,11.837,11.866,11.837,11.865,377.0,377.8,4479.2092,1
1788490500000,11.865,11.899,11.865,11.898,341.0,341.8,4065.0034,1
1788490800000,11.897,11.92,11.897,11.918,520.0,520.7,6200.9536,1
1788491100000,11.921,11.935,11.906,11.918,325.0,325.3,3878.176,1
1788491400000,11.92,11.928,11.902,11.921,283.0,283.0,3372.49,1
1788491700000,11.926,11.926,11.896,11.897,174.0,174.0,2070.887,1
1788492000000,11.898,11.918,11.898,11.908,235.0,235.0,2798.142,1
1788492300000,11.908,11.908,11.884,11.894,292.0,292.0,3473.141,1
1788492600000,11.894,11.904,11.88,11.88,745.0,745.2,8863.1992,1
1788492900000,11.885,11.895,11.878,11.879,348.0,348.3,4139.5769,1
1788493200000,11.879,11.883,11.866,11.877,270.0,270.0,3205.724,1
1788493500000,11.88,11.884,11.87,11.877,134.0,134.0,1591.742,1
1788493800000,11.877,11.895,11.877,11.885,161.0,161.0,1913.766,1
1788494100000,11.887,11.89,11.879,11.881,821.0,821.0,9758.2502,1
1788494400000,11.878,11.888,11.869,11.875,336.0,336.0,3990.731,1
1788494700000,11.875,11.887,11.87,11.87,183.0,183.0,2173.326,1
1788495000000,11.87,11.891,11.866,11.891,167.0,167.0,1983.366,1
1788495300000,11.891,11.922,11.891,11.921,1161.0,1161.3,13829.1546,1
1788495600000,11.926,11.95,11.926,11.95,171.0,171.2,2043.4174,1
1788495900000,11.948,11.995,11.942,11.977,7030.0,7030.8,84238.594,1
1788496200000,11.996,11.996,11.964,11.985,560.0,560.7,6716.6105,1
1788496500000,11.985,11.995,11.963,11.977,232.0,232.0,2779.044,1
1788496800000,11.977,11.978,11.939,11.941,678.0,678.1,8110.0955,1
1788497100000,11.941,11.941,11.939,11.94,215.0,215.0,2567.145,1
1788497400000,11.94,11.94,11.936,11.937,111.0,111.1,1326.2049,1
1788497700000,11.937,11.937,11.92,11.923,128.0,128.1,1528.3085,1
1788498000000,11.921,11.921,11.887,11.9,829.0,829.3,9873.6133,1
1788498300000,11.892,11.938,11.892,11.938,420.0,420.9,5020.7147,1
1788498600000,11.935,11.95,11.918,11.918,296.0,296.6,3541.2709,1
1788498900000,11.917,11.942,11.908,11.935,208.0,208.0,2481.512,1
1788499200000,11.937,11.94,11.921,11.94,230.0,230.0,2744.273,1
1788499500000,11.94,11.944,11.902,11.902,268.0,268.1,3195.8852,1
1788499800000,11.898,11.898,11.867,11.892,329.0,329.1,3910.7207,1
1788500100000,11.887,11.907,11.874,11.883,300.0,300.0,3567.926,1
1788500400000,11.886,11.908,11.875,11.903,689.0,689.8,8207.3694,1
1788500700000,11.903,11.92,11.857,11.857,481.0,481.1,5715.3776,1
1788501000000,11.854,11.855,11.83,11.838,270.0,270.4,3201.4713,1
1788501300000,11.837,11.885,11.837,11.88,279.0,279.0,3309.812,1
1788501600000,11.885,11.885,11.864,11.868,235.0,235.3,2793.7944,1
1788501900000,11.868,11.896,11.861,11.896,250.0,250.5,2974.7505,1
1788502200000,11.896,11.923,11.895,11.9,342.0,342.7,4078.5032,1
1788502500000,11.903,11.911,11.872,11.874,210.0,210.0,2496.869,1
1788502800000,11.87,11.87,11.855,11.856,403.0,403.5,4786.3495,1
1788503100000,11.856,11.856,11.83,11.835,278.0,278.8,3300.8337,1
1788503400000,11.833,11.842,11.831,11.837,241.0,241.0,2852.0,1
1788503700000,11.831,11.856,11.821,11.856,348.0,348.4,4122.7823,1
1788504000000,11.866,11.866,11.86,11.865,273.0,273.0,3238.985,1
1788504300000,11.865,11.866,11.857,11.866,220.0,220.0,2609.758,1
1788504600000,11.866,11.866,11.854,11.864,143.0,143.0,1695.995,1
1788504900000,11.865,11.866,11.859,11.865,611.0,611.1,7248.5689,1
1788505200000,11.866,11.906,11.865,11.906,230.0,230.1,2736.2088,1
1788505500000,11.906,11.959,11.906,11.95,877.0,877.9,10479.0771,1
1788505800000,11.957,11.961,11.945,11.955,348.0,348.3,4164.4294,1
1788506100000,11.954,11.96,11.927,11.955,826.0,826.4,9871.66,1
1788506400000,11.96,11.969,11.941,11.941,304.0,304.8,3644.4022,1
1788506700000,11.941,11.959,11.94,11.954,243.0,243.7,2911.5641,1
1788507000000,11.954,11.962,11.936,11.945,425.0,425.7,5087.1311,1
1788507300000,11.943,11.947,11.907,11.913,286.0,286.0,3409.747,1
1788507600000,11.915,11.935,11.915,11.935,235.0,235.1,2803.6698,1
1788507900000,11.933,11.946,11.924,11.946,281.0,281.0,3353.126,1
1788508200000,11.936,11.942,11.914,11.922,251.0,251.0,2993.837,1
1788508500000,11.916,11.936,11.913,11.919,245.0,245.2,2923.1356,1
1788508800000,11.923,11.93,11.907,11.913,303.0,303.8,3621.5393,1
1788509100000,11.907,11.931,11.881,11.925,480.0,480.9,5728.8966,1
1788509400000,11.925,11.929,11.913,11.921,289.0,289.0,3444.534,1
1788509700000,11.921,11.938,11.912,11.938,357.0,357.1,4258.6643,1
1788510000000,11.939,11.95,11.939,11.949,234.0,234.1,2796.8719,1
1788510300000,11.949,11.99,11.948,11.987,381.0,381.4,4567.3007,1
1788510600000,11.992,12.024,11.96,11.979,2808.0,2808.5,33739.1715,1
1788510900000,11.976,11.98,11.96,11.961,306.0,306.0,3661.391,1
1788511200000,11.961,11.982,11.95,11.963,1332.0,1332.9,15963.443,1
1788511500000,11.961,12.007,11.952,11.993,528.0,528.0,6324.261,1
1788511800000,11.992,12.057,11.989,12.057,23951.0,23951.2,288735.3958,1
1788512100000,12.057,12.074,12.037,12.074,459.0,459.5,5538.1681,1
1788512400000,12.084,12.101,12.046,12.087,845.0,845.6,10212.0068,1
1788512700000,12.087,12.105,12.074,12.087,432.0,432.0,5222.768,1
1788513000000,12.079,12.116,12.072,12.08,2404.0,2404.0,29077.7724,1
1788513300000,12.079,12.144,12.074,12.116,1391.0,1391.7,16849.5294,1
1788513600000,12.117,12.121,12.024,12.025,1196.0,1196.7,14427.6104,1
1788513900000,12.025,12.039,12.011,12.015,530.0,530.7,6380.1269,1
1788514200000,12.009,12.077,12.007,12.075,635.0,635.1,7645.7852,1
1788514500000,12.074,12.111,12.054,12.081,892.0,892.1,10777.0832,1
1788514800000,12.084,12.091,12.05,12.057,473.0,473.9,5719.8794,1
1788515100000,12.061,12.085,12.049,12.052,500.0,500.8,6040.5528,1
1788515400000,12.05,12.084,12.05,12.071,723.0,723.0,8721.214,1
1788515700000,12.071,12.093,12.049,12.05,268.0,268.0,3234.227,1
1788516000000,12.05,12.051,12.012,12.02,1937.0,1937.1,23295.088,1
1788516300000,12.02,12.02,11.96,11.96,2882.0,2882.9,34593.0559,1
1788516600000,11.972,11.98,11.95,11.966,1602.0,1602.6,19179.8652,1
1788516900000,11.971,11.971,11.939,11.939,1200.0,1200.4,14334.681,1
1788517200000,11.952,11.967,11.939,11.947,408.0,408.0,4876.17,1
1788517500000,11.943,11.964,11.939,11.964,562.0,562.8,6723.6282,1
1788517800000,11.953,11.993,11.951,11.981,455.0,455.9,5458.3052,1
1788518100000,11.981,12.011,11.976,12.011,266.0,266.3,3195.2328,1
1788518400000,12.011,12.06,12.011,12.06,433.0,433.3,5215.8416,1
1788518700000,12.064,12.067,12.041,12.056,312.0,312.0,3761.662,1
1788519000000,12.056,12.065,12.031,12.059,449.0,449.9,5418.0746,1
1788519300000,12.057,12.067,12.057,12.066,222.0,222.8,2688.1908,1
1788519600000,12.066,12.066,12.029,12.044,429.0,429.0,5169.672,1
1788519900000,12.051,12.067,12.035,12.045,592.0,592.1,7133.2272,1
1788520200000,12.044,12.044,12.022,12.025,481.0,481.6,5794.2874,1
1788520500000,12.031,12.043,12.016,12.027,234.0,234.5,2820.313,1
1788520800000,12.03,12.051,12.023,12.039,476.0,476.7,5737.863,1
1788521100000,12.039,12.064,12.039,12.055,325.0,325.7,3926.2017,1
1788521400000,12.054,12.066,12.042,12.046,302.0,302.1,3641.619,1
1788521700000,12.046,12.06,12.046,12.06,283.0,283.5,3417.3661,1
1788522000000,12.061,12.061,12.033,12.046,390.0,390.2,4699.8232,1
1788522300000,12.046,12.049,12.033,12.041,217.0,217.0,2612.437,1
1788522600000,12.049,12.049,12.025,12.032,183.0,183.0,2202.585,1
1788522900000,12.032,12.036,12.018,12.024,235.0,235.3,2829.6399,1
1788523200000,12.022,12.045,12.017,12.017,387.0,387.7,4663.3624,1
1788523500000,12.014,12.057,12.014,12.045,427.0,427.1,5136.4655,1
1788523800000,12.05,12.05,12.011,12.044,1494.0,1494.9,17973.5866,1
1788524100000,12.048,12.048,12.013,12.034,2455.0,2455.8,29531.4997,1
1788524400000,12.034,12.039,11.993,12.011,312.0,312.8,3758.195,1
1788524700000,12.011,12.028,11.986,12.026,770.0,770.2,9246.6897,1
1788525000000,12.002,12.002,11.464,11.66,12238.0,12238.8,142577.7988,1
1788525300000,11.664,11.695,11.619,11.684,2751.0,2751.1,32081.0822,1
1788525600000,11.685,11.739,11.65,11.65,2754.0,2754.0,32218.6799,1
1788525900000,11.651,11.654,11.568,11.646,2624.0,2624.3,30453.5071,1
1788526200000,11.644,11.692,11.626,11.683,1412.0,1412.4,16485.2578,1
1788526500000,11.681,11.681,11.632,11.649,1733.0,1733.8,20210.825,1
1788526800000,11.651,11.67,11.615,11.62,1070.0,1070.3,12455.6073,1
1788527100000,11.623,11.639,11.596,11.608,1111.0,1111.1,12906.0057,1
1788527400000,11.603,11.609,11.564,11.583,884.0,884.6,10249.0337,1
1788527700000,11.586,11.612,11.575,11.599,962.0,962.1,11159.8255,1
1788528000000,11.601,11.637,11.601,11.633,534.0,534.6,6215.5083,1
1788528300000,11.631,11.64,11.594,11.595,458.0,458.4,5322.6266,1
1788528600000,11.595,11.637,11.579,11.587,938.0,938.7,10902.012,1
1788528900000,11.578,11.615,11.545,11.614,1017.0,1017.0,11777.4678,1
1788529200000,11.614,11.632,11.589,11.63,789.0,789.9,9178.0871,1
1788529500000,11.626,11.719,11.608,11.701,2306.0,2306.4,26891.6507,1
1788529800000,11.702,11.704,11.626,11.631,1406.0,1406.4,16389.8139,1
1788530100000,11.622,11.662,11.622,11.647,516.0,516.4,6011.8174,1
1788530400000,11.645,11.677,11.634,11.652,1413.0,1413.7,16491.1389,1
1788530700000,11.653,11.668,11.617,11.617,566.0,566.1,6588.0832,1
1788531000000,11.617,11.634,11.596,11.632,876.0,876.1,10181.3207,1
1788531300000,11.631,11.642,11.596,11.596,693.0,693.1,8048.4894,1
1788531600000,11.595,11.613,11.561,11.61,645.0,645.4,7481.3609,1
1788531900000,11.61,11.615,11.591,11.615,523.0,523.2,6073.3864,1
1788532200000,11.612,11.615,11.598,11.611,509.0,509.3,5913.0936,1
1788532500000,11.612,11.632,11.589,11.598,1389.0,1389.0,16120.1192,1
1788532800000,11.606,11.606,11.518,11.528,1886.0,1886.0,21777.3161,1
1788533100000,11.526,11.554,11.467,11.5,29823.0,29823.4,342872.1092,1
1788533400000,11.466,11.521,11.466,11.494,753.0,753.1,8661.3161,1
1788533700000,11.494,11.528,11.494,11.519,1059.0,1059.7,12206.6318,1
1788534000000,11.52,11.555,11.493,11.548,1034.0,1034.4,11922.1016,1
1788534300000,11.55,11.577,11.535,11.57,495.0,495.6,5727.8841,1
1788534600000,11.562,11.585,11.557,11.58,1085.0,1085.1,12544.9226,1
1788534900000,11.582,11.589,11.568,11.568,837.0,837.2,9695.7197,1
1788535200000,11.576,11.593,11.576,11.593,358.0,358.5,4153.0363,1
1788535500000,11.593,11.657,11.593,11.623,15983.0,15983.2,185897.2296,1
1788535800000,11.646,11.669,11.628,11.645,612.0,612.8,7142.1726,1
1788536100000,11.648,11.664,11.643,11.664,476.0,476.3,5552.2326,1
1788536400000,11.664,11.676,11.65,11.669,16128.0,16128.0,188039.0475,1
1788536700000,11.669,11.679,11.644,11.645,467.0,467.8,5457.5842,1
1788537000000,11.649,11.667,11.643,11.656,181.0,181.0,2109.499,1
1788537300000,11.656,11.671,11.654,11.654,241.0,241.0,2810.093,1
1788537600000,11.648,11.665,11.64,11.641,627.0,627.3,7306.3585,1
1788537900000,11.641,11.669,11.641,11.662,288.0,288.6,3363.6292,1
1788538200000,11.662,11.671,11.66,11.66,426.0,426.9,4979.8758,1
1788538500000,11.651,11.668,11.651,11.667,368.0,368.8,4300.3935,1
1788538800000,11.659,11.678,11.659,11.674,495.0,495.6,5785.0152,1
1788539100000,11.665,11.678,11.657,11.676,249.0,249.7,2913.6971,1
1788539400000,11.676,11.72,11.672,11.692,848.0,848.1,9921.9293,1
1788539700000,11.697,11.708,11.69,11.69,680.0,680.1,7955.3294,1
1788540000000,11.69,11.715,11.681,11.715,264.0,264.1,3088.525,1
1788540300000,11.715,11.716,11.695,11.71,405.0,405.4,4744.809,1
1788540600000,11.71,11.724,11.707,11.711,431.0,431.5,5054.9297,1
1788540900000,11.711,11.715,11.691,11.694,277.0,277.4,3246.839,1
1788541200000,11.691,11.693,11.677,11.677,1649.0,1649.7,19284.2306,1
1788541500000,11.677,11.681,11.676,11.677,296.0,296.0,3456.489,1
1788541800000,11.677,11.677,11.65,11.651,469.0,469.4,5477.2094,1
1788542100000,11.651,11.651,11.618,11.618,364.0,364.4,4239.3256,1
1788542400000,11.622,11.631,11.617,11.624,208.0,208.0,2418.134,1
1788542700000,11.627,11.631,11.613,11.618,433.0,433.9,5043.1452,1
1788543000000,11.619,11.631,11.616,11.619,575.0,575.3,6688.1743,1
1788543300000,11.619,11.623,11.608,11.612,1311.0,1311.7,15228.8294,1
1788543600000,11.608,11.612,11.596,11.598,665.0,665.8,7726.8433,1
1788543900000,11.598,11.601,11.583,11.589,884.0,884.2,10248.8564,1
1788544200000,11.592,11.592,11.565,11.589,3787.0,3787.6,43818.3354,1
1788544500000,11.589,11.595,11.577,11.594,187.0,187.1,2168.4187,1
1788544800000,11.593,11.623,11.593,11.617,268.0,268.4,3116.5495,1
1788545100000,11.622,11.632,11.614,11.625,1159.0,1159.9,13481.5398,1
1788545400000,11.624,11.628,11.602,11.603,168.0,168.0,1951.159,1
1788545700000,11.605,11.622,11.605,11.622,220.0,220.0,2554.848,1
1788546000000,11.621,11.629,11.621,11.624,284.0,284.4,3306.3682,1
1788546300000,11.628,11.632,11.626,11.626,98.0,98.0,1139.656,1
1788546600000,11.626,11.631,11.624,11.631,134.0,134.0,1558.428,1
1788546900000,11.631,11.643,11.624,11.643,1566.0,1566.2,18224.71,1
1788547200000,11.635,11.661,11.635,11.659,159.0,159.8,1861.3111,1
1788547500000,11.66,11.66,11.651,11.654,136.0,136.0,1585.018,1
1788547800000,11.654,11.664,11.654,11.664,102.0,102.0,1189.259,1
1788548100000,11.664,11.664,11.653,11.657,99.0,99.1,1155.1689,1
1788548400000,11.656,11.672,11.655,11.67,271.0,271.0,3161.4038,1
1788548700000,11.67,11.676,11.665,11.668,183.0,183.2,2138.2274,1
1788549000000,11.668,11.668,11.646,11.66,89.0,89.8,1046.6438,1
1788549300000,11.66,11.688,11.65,11.684,165.0,165.9,1936.1657,1
1788549600000,11.688,11.694,11.68,11.694,227.0,227.0,2653.146,1
1788549900000,11.693,11.708,11.687,11.706,633.0,633.3,7411.4851,1
1788550200000,11.707,11.708,11.697,11.702,231.0,231.7,2711.1399,1
1788550500000,11.703,11.703,11.687,11.692,290.0,290.0,3392.0098,1
1788550800000,11.692,11.704,11.688,11.698,280.0,280.1,3276.8073,1
1788551100000,11.701,11.708,11.685,11.707,223.0,223.0,2608.801,1
1788551400000,11.707,11.708,11.701,11.701,235.0,235.0,2750.761,1
1788551700000,11.708,11.708,11.7,11.707,308.0,308.7,3612.8178,1
1788552000000,11.708,11.715,11.701,11.706,134.0,134.6,1575.7894,1
1788552300000,11.704,11.709,11.695,11.698,347.0,347.1,4061.2111,1
1788552600000,11.698,11.699,11.677,11.687,320.0,320.2,3744.562,1
1788552900000,11.681,11.699,11.676,11.696,216.0,216.4,2530.5226,1
1788553200000,11.696,11.699,11.688,11.688,131.0,131.8,1541.5584,1
1788553500000,11.688,11.692,11.682,11.684,191.0,191.5,2238.231,1
1788553800000,11.685,11.693,11.682,11.683,188.0,188.7,2204.9434,1
1788554100000,11.683,11.699,11.683,11.698,129.0,129.7,1516.7058,1
1788554400000,11.698,11.698,11.682,11.696,107.0,107.0,1250.977,1
1788554700000,11.692,11.693,11.672,11.685,290.0,290.3,3389.3856,1
1788555000000,11.691,11.691,11.67,11.679,237.0,237.0,2767.8706,1
1788555300000,11.679,11.679,11.668,11.669,167.0,167.4,1953.8764,1
1788555600000,11.669,11.68,11.664,11.678,150.0,150.9,1761.5151,1
1788555900000,11.677,11.687,11.674,11.679,152.0,152.0,1775.477,1
1788556200000,11.679,11.69,11.679,11.683,508.0,508.1,5938.4494,1
1788556500000,11.683,11.69,11.679,11.684,107.0,107.0,1250.21,1
1788556800000,11.684,11.686,11.674,11.674,44.0,44.1,515.1819,1
1788557100000,11.669,11.669,11.651,11.656,297.0,297.7,3470.2554,1
1788557400000,11.656,11.665,11.656,11.661,36.0,36.1,421.0223,1
1788557700000,11.656,11.666,11.654,11.66,109.0,109.0,1271.188,1
1788558000000,11.663,11.674,11.65,11.659,183.0,183.0,2134.298,1
1788558300000,11.658,11.669,11.651,11.651,59.0,59.0,688.003,1
1788558600000,11.651,11.651,11.616,11.617,302.0,302.0,3512.8955,1
1788558900000,11.616,11.616,11.608,11.609,265.0,265.1,3078.1615,1
1788559200000,11.609,11.624,11.608,11.617,164.0,164.0,1904.888,1
1788559500000,11.621,11.633,11.612,11.627,104.0,104.0,1208.699,1
1788559800000,11.627,11.631,11.619,11.626,154.0,154.0,1790.032,1
1788560100000,11.625,11.637,11.621,11.637,135.0,135.0,1569.499,1
1788560400000,11.637,11.638,11.63,11.634,100.0,100.0,1163.521,1
1788560700000,11.633,11.634,11.624,11.634,494.0,494.0,5747.04,1
1788561000000,11.634,11.637,11.627,11.628,132.0,132.0,1535.637,1
1788561300000,11.628,11.632,11.623,11.63,194.0,194.2,2258.5348,1
1788561600000,11.63,11.631,11.63,11.63,147.0,147.0,1709.611,1
1788561900000,11.63,11.631,11.609,11.612,1137.0,1137.1,13212.1811,1
1788562200000,11.612,11.621,11.61,11.612,112.0,112.1,1302.1494,1
1788562500000,11.612,11.612,11.609,11.612,38.0,38.0,441.201,1
1788562800000,11.609,11.609,11.596,11.597,478.0,478.6,5554.5429,1
1788563100000,11.597,11.603,11.597,11.599,59.0,59.0,684.343,1
1788563400000,11.599,11.604,11.596,11.597,98.0,98.3,1140.0601,1
1788563700000,11.597,11.6,11.596,11.597,125.0,125.0,1449.633,1
1788564000000,11.597,11.604,11.596,11.604,124.0,124.0,1438.444,1
1788564300000,11.604,11.625,11.601,11.617,80.0,80.0,928.854,1
1788564600000,11.617,11.623,11.614,11.618,108.0,108.1,1255.8983,1
1788564900000,11.618,11.633,11.614,11.626,549.0,549.0,6384.4165,1
1788565200000,11.626,11.631,11.626,11.63,50.0,50.0,581.398,1
1788565500000,11.63,11.641,11.63,11.635,117.0,117.8,1370.7148,1
1788565800000,11.635,11.644,11.627,11.627,119.0,119.0,1384.718,1
1788566100000,11.627,11.63,11.626,11.63,58.0,58.0,674.433,1
1788566400000,11.63,11.63,11.614,11.615,160.0,160.2,1861.3607,1
1788566700000,11.616,11.616,11.6,11.61,333.0,333.7,3874.1078,1
1788567000000,11.616,11.631,11.616,11.625,1609.0,1609.1,18705.2146,1
1788567300000,11.625,11.625,11.61,11.615,102.0,102.0,1184.969,1
1788567600000,11.615,11.616,11.606,11.609,110.0,110.0,1277.171,1
1788567900000,11.609,11.62,11.606,11.616,74.0,74.1,860.5434,1
1788568200000,11.616,11.627,11.607,11.614,148.0,148.0,1718.832,1
1788568500000,11.614,11.632,11.614,11.631,110.0,110.0,1278.893,1
1788568800000,11.631,11.646,11.626,11.638,160.0,160.0,1861.821,1
1788569100000,11.639,11.639,11.614,11.628,150.0,150.0,1743.766,1
1788569400000,11.628,11.649,11.627,11.641,110.0,110.5,1286.0195,1
1788569700000,11.641,11.641,11.608,11.616,164.0,164.0,1906.411,1
1788570000000,11.616,11.629,11.611,11.629,102.0,102.0,1185.394,1
1788570300000,11.625,11.65,11.625,11.65,107.0,107.1,1246.387,1
1788570600000,11.65,11.664,11.645,11.645,203.0,203.2,2368.2504,1
1788570900000,11.647,11.666,11.647,11.653,845.0,845.7,9855.8103,1
1788571200000,11.65,11.65,11.632,11.637,109.0,109.0,1268.65,1
1788571500000,11.637,11.654,11.631,11.654,168.0,168.4,1960.3842,1
1788571800000,11.654,11.658,11.639,11.648,229.0,229.7,2676.0008,1
1788572100000,11.648,11.661,11.637,11.652,1252.0,1252.5,14595.7515,1
1788572400000,11.652,11.663,11.648,11.651,2073.0,2073.5,24177.4195,1
1788572700000,11.651,11.655,11.637,11.643,842.0,842.2,9809.3044,1
1788573000000,11.636,11.644,11.631,11.636,151.0,151.0,1757.168,1
1788573300000,11.631,11.631,11.627,11.628,106.0,106.4,1237.2378,1
1788573600000,11.628,11.628,11.616,11.618,115.0,115.4,1341.4218,1
1788573900000,11.618,11.638,11.616,11.638,110.0,110.0,1278.492,1
1788574200000,11.638,11.646,11.637,11.645,944.0,944.7,10996.3463,1
1788574500000,11.645,11.664,11.645,11.664,115.0,115.8,1348.8016,1
1788574800000,11.664,11.669,11.654,11.669,82.0,82.8,965.8134,1
1788575100000,11.669,11.682,11.643,11.644,260.0,260.9,3041.8426,1
1788575400000,11.646,11.662,11.645,11.662,180.0,180.0,2098.069,1
1788575700000,11.659,11.686,11.659,11.685,176.0,176.8,2064.0824,1
1788576000000,11.685,11.686,11.682,11.682,329.0,329.0,3844.0972,1
1788576300000,11.682,11.688,11.675,11.682,491.0,491.1,5735.2239,1
1788576600000,11.682,11.682,11.648,11.664,490.0,490.6,5719.3781,1
1788576900000,11.664,11.678,11.664,11.678,109.0,109.0,1272.273,1
1788577200000,11.678,11.686,11.672,11.686,133.0,133.0,1553.653,1
1788577500000,11.686,11.686,11.662,11.662,78.0,78.0,910.659,1
1788577800000,11.661,11.677,11.657,11.676,198.0,198.8,2319.8536,1
1788578100000,11.676,11.694,11.674,11.68,183.0,183.8,2147.8024,1
1788578400000,11.679,11.685,11.671,11.685,253.0,253.6,2961.3942,1
1788578700000,11.683,11.686,11.676,11.68,315.0,315.1,3680.2143,1
1788579000000,11.683,11.693,11.676,11.693,321.0,321.5,3758.2655,1
1788579300000,11.693,11.694,11.693,11.694,220.0,220.0,2572.482,1
1788579600000,11.694,11.694,11.693,11.693,181.0,181.4,2121.1232,1
1788579900000,11.693,11.694,11.693,11.694,88.0,88.0,1029.006,1
1788580200000,11.694,11.694,11.671,11.671,153.0,153.6,1794.0218,1
1788580500000,11.671,11.673,11.658,11.658,127.0,127.8,1490.8696,1
1788580800000,11.658,11.665,11.651,11.651,204.0,204.4,2382.5048,1
1788581100000,11.652,11.664,11.651,11.651,244.0,244.7,2852.2245,1
1788581400000,11.651,11.652,11.648,11.648,61.0,61.1,711.869,1
1788581700000,11.647,11.657,11.635,11.657,250.0,250.7,2918.8658,1
1788582000000,11.653,11.666,11.653,11.657,202.0,202.7,2364.1025,1
1788582300000,11.659,11.666,11.658,11.658,95.0,95.0,1107.771,1
1788582600000,11.662,11.667,11.661,11.661,76.0,76.0,886.403,1
1788582900000,11.661,11.661,11.651,11.653,87.0,87.0,1014.109,1
1788583200000,11.652,11.663,11.648,11.658,113.0,113.0,1317.133,1
1788583500000,11.658,11.662,11.632,11.637,170.0,170.0,1979.257,1
1788583800000,11.637,11.643,11.632,11.643,103.0,103.0,1198.478,1
1788584100000,11.643,11.649,11.632,11.649,1507.0,1507.6,17549.0229,1
1788584400000,11.649,11.649,11.615,11.616,900.0,900.7,10470.5892,1
1788584700000,11.621,11.634,11.616,11.634,117.0,117.0,1360.416,1
1788585000000,11.634,11.668,11.634,11.666,2977.0,2977.2,34724.015,1
1788585300000,11.666,11.667,11.64,11.647,1935.0,1935.8,22549.3522,1
1788585600000,11.655,11.655,11.628,11.628,134.0,134.1,1561.3341,1
1788585900000,11.634,11.642,11.624,11.642,233.0,233.8,2719.8616,1
1788586200000,11.642,11.642,11.616,11.616,154.0,154.0,1790.935,1
1788586500000,11.616,11.62,11.615,11.616,83.0,83.0,964.17,1
1788586800000,11.616,11.642,11.616,11.624,149.0,149.0,1732.791,1
1788587100000,11.619,11.628,11.616,11.616,149.0,149.0,1731.369,1
1788587400000,11.616,11.637,11.616,11.637,458.0,458.0,5321.462,1
1788587700000,11.634,11.655,11.634,11.646,160.0,160.8,1872.3536,1
1788588000000,11.648,11.654,11.642,11.651,117.0,117.9,1373.3297,1
1788588300000,11.651,11.653,11.639,11.639,149.0,149.0,1735.441,1
1788588600000,11.639,11.665,11.639,11.652,133.0,133.0,1550.085,1
1788588900000,11.652,11.664,11.637,11.659,175.0,175.2,2042.1668,1
1788589200000,11.659,11.668,11.656,11.665,110.0,110.0,1282.854,1
1788589500000,11.665,11.669,11.661,11.669,117.0,117.8,1374.3464,1
1788589800000,11.669,11.686,11.668,11.685,322.0,322.4,3766.7085,1
1788590100000,11.684,11.699,11.684,11.699,473.0,473.0,5531.3606,1
1788590400000,11.699,11.708,11.695,11.706,325.0,325.6,3811.0176,1
1788590700000,11.706,11.707,11.706,11.707,93.0,93.0,1088.742,1
1788591000000,11.707,11.707,11.705,11.705,99.0,99.0,1158.907,1
1788591300000,11.705,11.708,11.702,11.706,151.0,151.0,1767.694,1
1788591600000,11.707,11.716,11.699,11.716,293.0,293.4,3435.0113,1
1788591900000,11.716,11.725,11.714,11.714,346.0,346.6,4062.7189,1
1788592200000,11.712,11.73,11.706,11.73,239.0,239.8,2811.1908,1
1788592500000,11.73,11.73,11.71,11.71,167.0,167.8,1967.1198,1
1788592800000,11.708,11.731,11.708,11.724,118.0,118.7,1391.3576,1
1788593100000,11.724,11.74,11.724,11.736,228.0,228.0,2675.4079,1
1788593400000,11.738,11.744,11.733,11.744,235.0,235.5,2764.5622,1
1788593700000,11.744,11.744,11.742,11.744,142.0,142.0,1667.619,1
1788594000000,11.745,11.756,11.739,11.751,269.0,269.1,3162.3997,1
1788594300000,11.756,11.766,11.745,11.747,250.0,250.0,2938.8398,1
1788594600000,11.747,11.747,11.732,11.734,64.0,64.0,751.355,1
1788594900000,11.734,11.742,11.722,11.741,178.0,178.7,2096.5604,1
1788595200000,11.735,11.752,11.728,11.73,275.0,275.8,3237.5013,1
1788595500000,11.73,11.738,11.722,11.723,164.0,164.0,1923.461,1
1788595800000,11.723,11.739,11.723,11.73,52.0,52.0,610.074,1
1788596100000,11.73,11.773,11.73,11.755,263.0,263.8,3103.2178,1
1788596400000,11.755,11.755,11.736,11.736,257.0,257.0,3019.39,1
1788596700000,11.73,11.757,11.722,11.755,151.0,151.0,1773.326,1
1788597000000,11.755,11.755,11.722,11.723,151.0,151.0,1772.11,1
1788597300000,11.723,11.746,11.715,11.746,227.0,227.0,2662.4611,1
1788597600000,11.746,11.756,11.739,11.749,94.0,94.0,1104.279,1
1788597900000,11.756,11.758,11.748,11.748,54.0,54.1,635.8641,1
1788598200000,11.748,11.758,11.746,11.758,68.0,68.0,799.139,1
1788598500000,11.758,11.784,11.757,11.784,698.0,698.6,8230.0006,1
1788598800000,11.778,11.803,11.778,11.803,345.0,345.2,4072.8136,1
1788599100000,11.801,11.817,11.791,11.817,354.0,354.9,4189.6683,1
1788599400000,11.815,11.817,11.801,11.801,176.0,176.0,2078.926,1
1788599700000,11.801,11.803,11.783,11.783,286.0,286.8,3382.679,1
1788600000000,11.782,11.867,11.782,11.861,1002.0,1002.1,11864.317,1
1788600300000,11.86,11.86,11.833,11.835,111.0,111.0,1314.921,1
1788600600000,11.835,11.844,11.834,11.835,302.0,302.6,3581.551,1
1788600900000,11.835,11.837,11.822,11.822,372.0,372.6,4408.425,1
1788601200000,11.822,11.824,11.801,11.819,617.0,617.7,7293.078,1
1788601500000,11.82,11.824,11.804,11.811,244.0,244.0,2882.818,1
1788601800000,11.811,11.815,11.805,11.805,910.0,910.3,10752.1884,1
1788602100000,11.805,11.812,11.801,11.801,96.0,96.0,1133.339,1
1788602400000,11.801,11.801,11.8,11.8,59.0,59.9,706.879,1
1788602700000,11.8,11.8,11.784,11.795,169.0,169.0,1992.0696,1
1788603000000,11.795,11.797,11.783,11.784,132.0,132.9,1566.6108,1
1788603300000,11.784,11.787,11.77,11.77,769.0,769.1,9054.7063,1
1788603600000,11.77,11.77,11.758,11.758,408.0,408.5,4803.754,1
1788603900000,11.767,11.768,11.758,11.759,167.0,167.0,1964.119,1
1788604200000,11.759,11.787,11.752,11.787,842.0,842.2,9905.4068,1
1788604500000,11.787,11.787,11.754,11.759,1060.0,1060.2,12475.3598,1
1788604800000,11.759,11.77,11.754,11.76,1882.0,1882.2,22128.264,1
1788605100000,11.755,11.758,11.75,11.75,46.0,46.0,540.702,1
1788605400000,11.75,11.756,11.748,11.756,111.0,111.3,1308.1119,1
1788605700000,11.756,11.768,11.748,11.749,907.0,907.1,10673.0148,1
1788606000000,11.749,11.749,11.745,11.745,162.0,162.8,1912.2065,1
1788606300000,11.746,11.753,11.739,11.749,411.0,411.0,4827.522,1
1788606600000,11.747,11.751,11.742,11.751,83.0,83.0,975.131,1
1788606900000,11.753,11.753,11.739,11.739,246.0,246.2,2891.9198,1
1788607200000,11.739,11.74,11.735,11.735,111.0,111.5,1308.863,1
1788607500000,11.735,11.736,11.735,11.735,92.0,92.0,1079.622,1
1788607800000,11.735,11.735,11.722,11.727,97.0,97.9,1148.2836,1
1788608100000,11.727,11.735,11.722,11.731,123.0,123.6,1449.5876,1
1788608400000,11.731,11.731,11.711,11.714,254.0,254.1,2977.7348,1
1788608700000,11.714,11.727,11.708,11.727,547.0,547.4,6413.4894,1
1788609000000,11.726,11.741,11.723,11.734,411.0,411.6,4830.044,1
1788609300000,11.734,11.734,11.72,11.72,113.0,113.0,1324.971,1
1788609600000,11.72,11.732,11.719,11.726,93.0,93.0,1090.598,1
1788609900000,11.726,11.726,11.722,11.724,114.0,114.2,1339.0552,1
1788610200000,11.725,11.746,11.722,11.746,795.0,795.4,9336.9551,1
1788610500000,11.743,11.743,11.733,11.733,84.0,84.9,996.5715,1
1788610800000,11.733,11.75,11.728,11.75,77.0,77.1,904.8529,1
1788611100000,11.747,11.75,11.741,11.745,162.0,162.0,1902.816,1
1788611400000,11.745,11.796,11.732,11.788,1282.0,1282.6,15113.3389,1
1788611700000,11.788,11.819,11.784,11.817,288.0,288.8,3408.4926,1
1788612000000,11.817,11.831,11.81,11.815,880.0,880.0,10404.8421,1
1788612300000,11.815,11.826,11.815,11.826,257.0,257.2,3040.617,1
1788612600000,11.828,11.833,11.817,11.833,122.0,122.0,1442.565,1
1788612900000,11.837,11.841,11.826,11.828,623.0,623.8,7383.7217,1
1788613200000,11.836,11.844,11.828,11.844,194.0,194.9,2306.4649,1
1788613500000,11.846,11.849,11.83,11.847,150.0,150.0,1776.628,1
1788613800000,11.848,11.848,11.838,11.848,167.0,167.1,1978.872,1
1788614100000,11.848,11.848,11.822,11.827,208.0,208.0,2461.761,1
1788614400000,11.827,11.849,11.827,11.839,245.0,245.0,2901.001,1
1788614700000,11.835,11.835,11.825,11.828,126.0,126.7,1498.9216,1
1788615000000,11.827,11.849,11.823,11.848,330.0,330.2,3907.9482,1
1788615300000,11.849,11.849,11.837,11.837,261.0,261.0,3091.729,1
1788615600000,11.837,11.885,11.837,11.859,419.0,419.5,4977.2492,1
1788615900000,11.859,11.881,11.859,11.87,274.0,274.0,3253.257,1
1788616200000,11.855,11.855,11.821,11.845,781.0,781.4,9247.9074,1
1788616500000,11.845,11.85,11.829,11.843,1221.0,1221.3,14452.765,1
1788616800000,11.838,11.864,11.838,11.848,234.0,234.8,2783.1904,1
1788617100000,11.848,11.866,11.847,11.864,168.0,168.0,1992.539,1
1788617400000,11.864,11.866,11.855,11.856,122.0,122.0,1446.558,1
1788617700000,11.859,11.864,11.856,11.859,150.0,150.6,1786.0734,1
1788618000000,11.859,11.864,11.852,11.861,406.0,406.0,4813.4135,1
1788618300000,11.857,11.885,11.857,11.878,198.0,198.8,2360.2257,1
1788618600000,11.878,11.884,11.874,11.879,146.0,146.0,1733.992,1
1788618900000,11.879,11.886,11.877,11.881,105.0,105.7,1255.9749,1
1788619200000,11.878,11.885,11.859,11.861,131.0,131.1,1556.4872,1
1788619500000,11.862,11.871,11.849,11.856,175.0,175.8,2085.1604,1
1788619800000,11.856,11.875,11.839,11.872,3405.0,3405.1,40321.1903,1
1788620100000,11.873,11.886,11.861,11.883,652.0,652.2,7741.4254,1
1788620400000,11.879,11.886,11.875,11.88,182.0,182.0,2162.294,1
1788620700000,11.881,11.896,11.88,11.896,235.0,235.8,2802.2648,1
1788621000000,11.895,11.921,11.888,11.914,3806.0,3806.7,45354.4161,1
1788621300000,11.914,11.916,11.876,11.881,241.0,241.0,2864.76,1
1788621600000,11.877,11.92,11.877,11.918,281.0,281.0,3345.047,1
1788621900000,11.918,11.955,11.916,11.928,2622.0,2622.8,31278.3483,1
1788622200000,11.917,11.919,11.893,11.9,383.0,383.3,4560.9839,1
1788622500000,11.9,11.925,11.895,11.921,253.0,253.3,3018.7183,1
1788622800000,11.917,11.958,11.915,11.95,1376.0,1376.8,16431.6238,1
1788623100000,11.95,11.95,11.925,11.932,191.0,191.0,2279.8533,1
1788623400000,11.932,11.953,11.92,11.953,236.0,236.0,2817.182,1
1788623700000,11.953,11.958,11.937,11.946,1717.0,1717.9,20518.7433,1
1788624000000,11.94,11.946,11.931,11.934,417.0,417.4,4982.494,1
1788624300000,11.934,11.939,11.922,11.931,1328.0,1328.7,15843.6144,1
1788624600000,11.924,11.932,11.91,11.929,1503.0,1503.4,17915.7872,1
1788624900000,11.931,11.938,11.913,11.913,385.0,385.6,4598.9157,1
1788625200000,11.918,11.923,11.912,11.917,263.0,263.4,3139.3068,1
1788625500000,11.92,11.931,11.91,11.916,163.0,163.9,1953.7804,1
1788625800000,11.92,11.943,11.915,11.924,395.0,395.9,4722.9251,1
1788626100000,11.924,11.924,11.902,11.903,198.0,198.1,2358.9973,1
1788626400000,11.903,11.908,11.893,11.903,342.0,342.2,4071.7407,1
1788626700000,11.903,11.935,11.903,11.934,268.0,268.7,3203.3347,1
1788627000000,11.934,11.95,11.926,11.947,341.0,341.8,4079.0092,1
1788627300000,11.95,11.987,11.949,11.967,4708.0,4708.2,56386.6708,1
1788627600000,11.963,11.986,11.952,11.979,289.0,289.8,3468.9466,1
1788627900000,11.979,12.048,11.979,12.046,852.0,852.2,10241.1351,1
1788628200000,12.046,12.118,12.046,12.111,1808.0,1808.7,21868.1442,1
1788628500000,12.114,12.114,12.068,12.081,665.0,665.8,8046.9273,1
1788628800000,12.089,12.247,12.089,12.234,22238.0,22238.6,271957.3739,1
1788629100000,12.207,12.244,12.12,12.152,839.0,839.0,10212.7426,1
1788629400000,12.146,12.152,12.067,12.069,11676.0,11676.0,141453.4667,1
1788629700000,12.068,12.068,12.014,12.014,946.0,946.1,11394.8252,1
1788630000000,12.026,12.042,12.019,12.039,393.0,393.4,4733.4331,1
1788630300000,12.042,12.048,12.027,12.032,339.0,339.6,4087.6192,1
1788630600000,12.032,12.053,12.032,12.048,285.0,285.3,3437.0012,1
1788630900000,12.048,12.09,12.039,12.089,1658.0,1658.8,20028.7919,1
1788631200000,12.089,12.107,12.064,12.064,1854.0,1854.5,22405.7475,1
1788631500000,12.07,12.085,12.05,12.05,604.0,604.0,7286.7708,1
1788631800000,12.049,12.059,12.049,12.051,229.0,229.1,2761.3036,1
1788632100000,12.059,12.071,12.049,12.07,253.0,253.0,3050.3944,1
1788632400000,12.07,12.084,12.063,12.065,384.0,384.1,4637.6897,1
1788632700000,12.07,12.072,12.036,12.036,384.0,384.7,4638.3002,1
1788633000000,12.041,12.069,12.028,12.029,1591.0,1591.3,19175.5078,1
1788633300000,12.043,12.044,12.03,12.036,657.0,657.0,7911.864,1
1788633600000,12.033,12.046,12.025,12.041,728.0,728.1,8763.7322,1
1788633900000,12.041,12.049,12.035,12.035,156.0,156.7,1887.2393,1
1788634200000,12.035,12.035,12.027,12.027,95.0,95.2,1145.372,1
1788634500000,12.027,12.045,12.027,12.039,154.0,154.6,1861.2952,1
1788634800000,12.035,12.035,11.988,12.001,509.0,509.5,6120.028,1
1788635100000,12.007,12.021,12.007,12.009,383.0,383.4,4606.2948,1
1788635400000,12.009,12.027,12.009,12.022,2296.0,2296.9,27616.0969,1
1788635700000,12.021,12.028,12.015,12.025,106.0,106.0,1274.013,1
1788636000000,12.025,12.034,12.022,12.034,237.0,237.0,2851.534,1
1788636300000,12.033,12.065,12.033,12.056,291.0,291.2,3507.8381,1
1788636600000,12.064,12.08,12.047,12.047,437.0,437.5,5278.9611,1
1788636900000,12.045,12.058,12.021,12.028,135.0,135.0,1625.748,1
1788637200000,12.038,12.052,12.038,12.047,186.0,186.0,2240.194,1
1788637500000,12.049,12.051,11.981,11.985,279.0,279.9,3363.4614,1
1788637800000,11.989,12.011,11.979,11.991,259.0,259.0,3106.687,1
1788638100000,11.991,12.021,11.991,12.008,188.0,188.0,2257.972,1
1788638400000,12.013,12.026,11.98,11.988,1504.0,1504.0,18044.0596,1
1788638700000,11.98,12.023,11.98,12.007,203.0,203.1,2439.1135,1
1788639000000,12.009,12.047,12.005,12.005,388.0,388.5,4673.339,1
1788639300000,12.011,12.011,11.976,11.981,584.0,584.2,7011.2482,1
1788639600000,11.975,11.997,11.974,11.997,788.0,788.6,9452.9141,1
1788639900000,11.999,12.012,11.973,11.988,361.0,361.1,4332.1669,1
1788640200000,11.984,11.984,11.969,11.97,308.0,308.9,3699.0745,1
1788640500000,11.971,12.001,11.969,11.993,299.0,299.0,3582.376,1
1788640800000,11.993,12.028,11.993,12.028,273.0,273.4,3283.473,1
1788641100000,12.027,12.041,12.021,12.041,256.0,256.4,3084.1894,1
1788641400000,12.038,12.041,12.009,12.009,300.0,300.7,3615.7657,1
1788641700000,12.009,12.021,12.009,12.016,209.0,209.4,2516.6064,1
1788642000000,12.016,12.027,12.01,12.013,4221.0,4221.6,50729.9274,1
1788642300000,12.017,12.028,12.005,12.027,632.0,632.0,7591.372,1
1788642600000,12.027,12.048,12.026,12.043,177.0,177.3,2134.5244,1
1788642900000,12.041,12.047,12.034,12.043,174.0,174.5,2100.8565,1
1788643200000,12.046,12.072,12.046,12.07,526.0,526.8,6355.676,1
1788643500000,12.075,12.077,12.062,12.072,231.0,231.5,2794.8096,1
1788643800000,12.072,12.082,12.062,12.062,83.0,83.5,1008.072,1
1788644100000,12.062,12.072,12.054,12.072,291.0,291.4,3516.6444,1
1788644400000,12.072,12.098,12.072,12.098,647.0,647.6,7826.4956,1
1788644700000,12.099,12.105,12.079,12.092,742.0,742.3,8977.6293,1
1788645000000,12.092,12.1,12.077,12.077,771.0,771.4,9325.3925,1
1788645300000,12.077,12.079,12.073,12.076,592.0,592.1,7150.8676,1
1788645600000,12.075,12.099,12.075,12.082,321.0,321.6,3885.8261,1
1788645900000,12.087,12.091,12.056,12.056,599.0,599.4,7244.2492,1
1788646200000,12.057,12.078,12.057,12.063,201.0,201.0,2426.237,1
1788646500000,12.063,12.076,12.049,12.049,276.0,276.0,3329.432,1
1788646800000,12.049,12.052,11.99,12.025,19936.0,19936.3,239359.4158,1
1788647100000,12.025,12.025,11.983,11.983,218.0,218.0,2615.549,1
1788647400000,11.996,12.033,11.996,12.032,547.0,547.0,6577.699,1
1788647700000,12.022,12.031,12.012,12.012,212.0,212.6,2555.5862,1
1788648000000,12.018,12.019,12.0,12.003,166.0,166.4,1998.3184,1
1788648300000,12.001,12.001,11.988,11.994,164.0,164.4,1972.0076,1
1788648600000,11.997,12.003,11.995,12.003,73.0,73.0,875.896,1
1788648900000,12.003,12.012,11.997,11.999,185.0,185.6,2227.9784,1
1788649200000,11.999,12.001,11.976,11.976,458.0,458.6,5499.1071,1
1788649500000,11.979,11.997,11.973,11.977,265.0,265.1,3176.5628,1
1788649800000,11.977,11.982,11.972,11.975,81.0,81.0,970.265,1
1788650100000,11.982,12.001,11.971,12.001,4227.0,4227.2,50687.7768,1
1788650400000,12.001,12.009,11.973,11.974,184.0,184.2,2210.2394,1
1788650700000,11.977,12.011,11.977,12.01,183.0,183.0,2195.345,1
1788651000000,12.01,12.048,12.01,12.046,253.0,253.4,3049.0811,1
1788651300000,12.047,12.066,12.012,12.028,306.0,306.8,3692.7329,1
1788651600000,12.028,12.036,12.024,12.032,236.0,236.9,2850.0407,1
1788651900000,12.024,12.052,12.019,12.05,156.0,156.6,1885.6498,1
1788652200000,12.044,12.071,12.044,12.067,431.0,431.4,5199.3487,1
1788652500000,12.066,12.068,12.03,12.042,229.0,229.2,2760.1429,1
1788652800000,12.046,12.071,12.042,12.069,253.0,253.8,3058.8784,1
1788653100000,12.066,12.072,12.05,12.05,128.0,128.0,1543.855,1
1788653400000,12.05,12.055,12.04,12.051,136.0,136.0,1638.294,1
1788653700000,12.051,12.066,12.05,12.065,138.0,138.0,1664.222,1
1788654000000,12.065,12.068,12.048,12.06,4602.0,4602.4,55477.7712,1
1788654300000,12.06,12.089,12.06,12.086,367.0,367.0,4435.4636,1
1788654600000,12.086,12.106,12.075,12.083,264.0,264.0,3191.648,1
1788654900000,12.081,12.093,12.058,12.073,647.0,647.3,7823.67,1
1788655200000,12.068,12.13,12.068,12.113,239.0,239.5,2898.7382,1
1788655500000,12.116,12.143,12.108,12.121,248.0,248.4,3012.2048,1
1788655800000,12.121,12.148,12.118,12.135,293.0,293.0,3554.38,1
1788656100000,12.134,12.159,12.126,12.148,504.0,504.8,6133.0594,1
1788656400000,12.15,12.187,12.129,12.176,841.0,841.5,10236.3735,1
1788656700000,12.176,12.196,12.161,12.194,520.0,520.3,6335.3628,1
1788657000000,12.189,12.227,12.189,12.207,943.0,943.4,11511.0258,1
1788657300000,12.213,12.223,12.185,12.186,292.0,292.8,3572.7966,1
1788657600000,12.186,12.198,12.168,12.193,498.0,498.9,6076.9232,1
1788657900000,12.188,12.214,12.184,12.192,362.0,362.0,4415.637,1
1788658200000,12.194,12.262,12.191,12.262,471.0,471.2,5763.0277,1
1788658500000,12.262,12.298,12.256,12.287,16206.0,16206.9,199233.8411,1
1788658800000,12.287,12.301,12.24,12.24,2486.0,2486.9,30522.1384,1
1788659100000,12.24,12.265,12.24,12.257,883.0,883.7,10824.6571,1
1788659400000,12.263,12.337,12.26,12.304,6204.0,6204.6,76456.1062,1
1788659700000,12.318,12.354,12.308,12.353,15704.0,15704.5,193967.2821,1
1788660000000,12.354,12.439,12.353,12.399,3027.0,3027.4,37572.8703,1
1788660300000,12.402,12.42,12.352,12.41,26171.0,26171.6,323801.3584,1
1788660600000,12.394,12.402,12.389,12.39,7063.0,7063.9,87516.2268,1
1788660900000,12.39,12.39,12.336,12.336,9535.0,9535.7,118075.0095,1
1788661200000,12.341,12.341,12.288,12.293,610.0,610.7,7517.7011,1
1788661500000,12.288,12.292,12.277,12.278,260.0,260.2,3196.8094,1
1788661800000,12.278,12.279,12.258,12.273,320.0,320.2,3927.6698,1
1788662100000,12.273,12.277,12.255,12.268,192.0,192.5,2360.774,1
1788662400000,12.267,12.27,12.222,12.225,8374.0,8374.9,102452.4874,1
1788662700000,12.241,12.269,12.232,12.242,528.0,528.0,6467.6832,1
1788663000000,12.239,12.251,12.233,12.234,994.0,994.8,12174.9994,1
1788663300000,12.234,12.242,12.22,12.235,186.0,186.3,2278.5183,1
1788663600000,12.23,12.238,12.222,12.233,391.0,391.6,4789.2696,1
1788663900000,12.236,12.244,12.209,12.211,697.0,697.1,8517.7087,1
1788664200000,12.211,12.242,12.208,12.24,333.0,333.5,4076.193,1
1788664500000,12.242,12.242,12.223,12.24,508.0,508.0,6213.8974,1
1788664800000,12.24,12.242,12.222,12.227,179.0,179.4,2193.7882,1
1788665100000,12.227,12.227,12.186,12.198,849.0,849.9,10362.6474,1
1788665400000,12.2,12.215,12.193,12.206,285.0,285.4,3483.2434,1
1788665700000,12.206,12.234,12.197,12.229,709.0,709.7,8669.7442,1
1788666000000,12.23,12.261,12.229,12.252,422.0,422.1,5168.2008,1
1788666300000,12.254,12.271,12.218,12.22,1026.0,1026.5,12586.8088,1
1788666600000,12.219,12.23,12.212,12.217,145.0,145.0,1772.11,1
1788666900000,12.224,12.225,12.207,12.219,181.0,181.3,2214.5621,1
1788667200000,12.219,12.219,12.191,12.192,279.0,279.1,3406.5183,1
1788667500000,12.192,12.203,12.17,12.189,226.0,226.5,2759.5021,1
1788667800000,12.195,12.203,12.183,12.183,615.0,615.0,7493.835,1
1788668100000,12.18,12.182,12.155,12.156,852.0,852.8,10369.6317,1
1788668400000,12.156,12.158,12.12,12.14,10106.0,10106.5,122777.575,1
1788668700000,12.139,12.144,12.131,12.137,155.0,155.0,1881.551,1
1788669000000,12.141,12.141,12.12,12.123,787.0,787.4,9545.4684,1
1788669300000,12.122,12.136,12.12,12.125,267.0,267.5,3244.3221,1
1788669600000,12.125,12.158,12.125,12.157,984.0,984.6,11967.4716,1
1788669900000,12.158,12.193,12.158,12.176,6642.0,6642.5,80886.6691,1
1788670200000,12.176,12.183,12.154,12.157,166.0,166.0,2019.862,1
1788670500000,12.162,12.162,12.143,12.146,515.0,515.0,6257.3507,1
1788670800000,12.149,12.166,12.14,12.166,240.0,240.0,2916.261,1
1788671100000,12.154,12.177,12.154,12.162,186.0,186.0,2262.808,1
1788671400000,12.159,12.165,12.133,12.133,192.0,192.2,2334.3,1
1788671700000,12.136,12.142,12.129,12.138,180.0,180.0,2184.408,1
1788672000000,12.141,12.172,12.135,12.169,210.0,210.0,2553.272,1
1788672300000,12.169,12.187,12.169,12.178,358.0,358.3,4364.1013,1
1788672600000,12.178,12.201,12.175,12.194,981.0,981.0,11964.2149,1
1788672900000,12.195,12.271,12.195,12.271,4808.0,4808.4,58922.4961,1
1788673200000,12.277,12.32,12.274,12.304,6863.0,6863.2,84339.5113,1
1788673500000,12.309,12.319,12.297,12.313,1771.0,1771.4,21800.7491,1
1788673800000,12.307,12.332,12.291,12.298,634.0,634.2,7815.3627,1
1788674100000,12.298,12.309,12.277,12.289,418.0,418.8,5145.8844,1
1788674400000,12.292,12.294,12.277,12.288,290.0,290.8,3572.2262,1
1788674700000,12.288,12.288,12.273,12.273,82.0,82.1,1008.0987,1
1788675000000,12.273,12.278,12.256,12.256,498.0,498.6,6117.9981,1
1788675300000,12.259,12.263,12.249,12.255,138.0,138.0,1691.344,1
1788675600000,12.254,12.254,12.239,12.24,197.0,197.0,2411.553,1
1788675900000,12.24,12.246,12.232,12.239,183.0,183.3,2243.4205,1
1788676200000,12.242,12.242,12.219,12.219,233.0,233.3,2854.3973,1
1788676500000,12.222,12.248,12.218,12.244,210.0,210.0,2568.253,1
1788676800000,12.233,12.27,12.233,12.268,440.0,440.6,5399.8924,1
1788677100000,12.271,12.284,12.245,12.255,1891.0,1891.8,23203.8113,1
1788677400000,12.25,12.269,12.242,12.269,951.0,951.7,11662.6582,1
1788677700000,12.269,12.269,12.24,12.245,743.0,743.6,9117.2684,1
1788678000000,12.245,12.281,12.245,12.269,201.0,201.9,2475.3769,1
1788678300000,12.269,12.273,12.24,12.24,208.0,208.0,2550.037,1
1788678600000,12.24,12.24,12.127,12.152,711.0,711.4,8656.0591,1
1788678900000,12.16,12.197,12.157,12.196,421.0,421.0,5129.532,1
1788679200000,12.197,12.233,12.195,12.204,1155.0,1155.3,14122.7353,1
1788679500000,12.201,12.225,12.197,12.211,1009.0,1009.7,12337.3501,1
1788679800000,12.207,12.219,12.2,12.207,1965.0,1965.5,23983.9591,1
1788680100000,12.207,12.218,12.194,12.218,381.0,381.7,4660.8901,1
1788680400000,12.218,12.22,12.2,12.216,1256.0,1256.2,15332.099,1
1788680700000,12.216,12.219,12.205,12.205,100.0,100.0,1221.273,1
1788681000000,12.208,12.212,12.199,12.21,757.0,757.0,9240.865,1
1788681300000,12.213,12.231,12.208,12.208,210.0,210.8,2575.7448,1
1788681600000,12.21,12.215,12.201,12.201,451.0,451.7,5514.1892,1
1788681900000,12.201,12.227,12.194,12.224,300.0,300.3,3668.4011,1
1788682200000,12.224,12.233,12.217,12.231,612.0,612.0,7484.291,1
1788682500000,12.233,12.234,12.218,12.233,317.0,317.0,3876.84,1
1788682800000,12.233,12.256,12.215,12.24,435.0,435.6,5327.5407,1
1788683100000,12.243,12.243,12.207,12.213,1256.0,1256.0,15341.5245,1
1788683400000,12.207,12.21,12.204,12.207,105.0,105.0,1281.761,1
1788683700000,12.207,12.207,12.177,12.197,203.0,203.2,2478.7948,1
1788684000000,12.201,12.201,12.174,12.176,164.0,164.0,1997.98,1
1788684300000,12.176,12.176,12.175,12.175,132.0,132.5,1613.2025,1
1788684600000,12.175,12.193,12.175,12.193,170.0,170.0,2070.836,1
1788684900000,12.191,12.218,12.191,12.191,106.0,106.0,1293.37,1
1788685200000,12.199,12.208,12.174,12.208,303.0,303.0,3694.64,1
1788685500000,12.202,12.231,12.202,12.228,202.0,202.0,2467.295,1
1788685800000,12.234,12.262,12.232,12.262,334.0,334.2,4092.5513,1
1788686100000,12.257,12.303,12.245,12.28,1441.0,1441.7,17725.086,1
1788686400000,12.273,12.309,12.273,12.298,377.0,377.0,4634.71,1
1788686700000,12.3,12.309,12.278,12.308,794.0,794.0,9758.5539,1
1788687000000,12.309,12.316,12.281,12.285,771.0,771.6,9485.9543,1
1788687300000,12.281,12.29,12.271,12.275,436.0,436.4,5358.9206,1
1788687600000,12.281,12.287,12.257,12.274,633.0,633.3,7767.1815,1
1788687900000,12.271,12.285,12.262,12.276,242.0,242.0,2969.998,1
1788688200000,12.276,12.298,12.276,12.29,152.0,152.0,1867.947,1
1788688500000,12.29,12.29,12.273,12.276,455.0,455.4,5593.685,1
1788688800000,12.273,12.297,12.273,12.294,693.0,693.2,8518.793,1
1788689100000,12.296,12.306,12.284,12.292,222.0,222.0,2729.406,1
1788689400000,12.291,12.291,12.264,12.264,899.0,899.6,11047.3838,1
1788689700000,12.265,12.282,12.257,12.27,757.0,757.2,9287.337,1
1788690000000,12.271,12.271,12.257,12.258,197.0,197.0,2415.173,1
1788690300000,12.258,12.258,12.232,12.239,2825.0,2825.0,34599.3235,1
1788690600000,12.239,12.24,12.227,12.24,184.0,184.2,2253.0709,1
1788690900000,12.24,12.261,12.24,12.242,162.0,162.6,1992.2666,1
1788691200000,12.242,12.277,12.242,12.275,395.0,395.3,4849.7203,1
1788691500000,12.275,12.277,12.27,12.276,223.0,223.0,2737.335,1
1788691800000,12.275,12.277,12.261,12.276,141.0,141.0,1730.553,1
1788692100000,12.276,12.309,12.276,12.301,244.0,244.0,3000.8787,1
1788692400000,12.301,12.306,12.283,12.293,334.0,334.3,4109.6029,1
1788692700000,12.293,12.3,12.269,12.269,199.0,199.0,2445.222,1
1788693000000,12.268,12.28,12.257,12.28,457.0,457.4,5612.4094,1
1788693300000,12.28,12.291,12.273,12.291,390.0,390.7,4799.6933,1
1788693600000,12.291,12.294,12.263,12.282,293.0,293.5,3603.0265,1
1788693900000,12.284,12.284,12.24,12.265,218.0,218.0,2674.158,1
1788694200000,12.265,12.3,12.254,12.3,224.0,224.0,2750.404,1
1788694500000,12.3,12.3,12.271,12.275,158.0,158.6,1947.367,1
1788694800000,12.272,12.277,12.254,12.272,153.0,153.0,1877.018,1
1788695100000,12.273,12.296,12.264,12.294,273.0,273.0,3353.974,1
1788695400000,12.294,12.294,12.262,12.268,125.0,125.0,1534.187,1
1788695700000,12.261,12.273,12.258,12.269,153.0,153.0,1876.258,1
1788696000000,12.274,12.279,12.259,12.263,312.0,312.6,3834.8498,1
1788696300000,12.258,12.28,12.247,12.279,150.0,150.0,1839.465,1
1788696600000,12.279,12.295,12.266,12.295,160.0,160.0,1965.135,1
1788696900000,12.295,12.299,12.29,12.299,154.0,154.0,1893.616,1
1788697200000,12.299,12.336,12.299,12.328,1150.0,1150.4,14186.8696,1
1788697500000,12.32,12.334,12.304,12.327,339.0,339.9,4187.1068,1
1788697800000,12.332,12.36,12.327,12.336,1011.0,1011.8,12490.3488,1
1788698100000,12.332,12.359,12.318,12.359,1240.0,1240.8,15297.2372,1
1788698400000,12.357,12.36,12.3,12.3,1236.0,1236.3,15265.2885,1
1788698700000,12.303,12.303,12.253,12.253,315.0,315.9,3881.6027,1
1788699000000,12.26,12.403,12.256,12.378,11563.0,11563.6,143207.1685,1
1788699300000,12.383,12.402,12.33,12.337,585.0,585.9,7237.7804,1
1788699600000,12.334,12.353,12.304,12.342,963.0,963.7,11870.6085,1
1788699900000,12.338,12.38,12.332,12.379,680.0,680.2,8396.5778,1
1788700200000,12.379,12.384,12.318,12.324,1806.0,1806.6,22290.119,1
1788700500000,12.324,12.324,12.28,12.281,386.0,386.2,4748.6401,1
1788700800000,12.281,12.292,12.258,12.258,406.0,406.0,4984.6334,1
1788701100000,12.256,12.289,12.252,12.264,429.0,429.0,5265.598,1
1788701400000,12.264,12.282,12.243,12.248,1100.0,1100.6,13490.9881,1
1788701700000,12.249,12.301,12.249,12.278,542.0,542.0,6652.1739,1
1788702000000,12.276,12.298,12.276,12.281,499.0,499.4,6136.3978,1
1788702300000,12.279,12.295,12.271,12.271,208.0,208.0,2555.194,1
1788702600000,12.27,12.309,12.27,12.308,269.0,269.0,3307.597,1
1788702900000,12.306,12.334,12.302,12.322,585.0,585.8,7218.1271,1
1788703200000,12.32,12.358,12.32,12.348,8347.0,8347.7,103008.8399,1
1788703500000,12.349,12.384,12.324,12.324,928.0,928.2,11472.3315,1
1788703800000,12.324,12.33,12.299,12.31,478.0,478.4,5890.6002,1
1788704100000,12.308,12.327,12.239,12.301,628.0,628.1,7719.9978,1
1788704400000,12.281,12.292,12.217,12.22,1747.0,1747.7,21403.1418,1
1788704700000,12.222,12.225,12.181,12.186,1352.0,1352.8,16516.2483,1
1788705000000,12.19,12.19,12.053,12.162,4152.0,4152.1,50271.8499,1
1788705300000,12.162,12.197,12.162,12.19,4502.0,4502.7,54869.7636,1
1788705600000,12.186,12.204,12.184,12.204,610.0,610.3,7444.4374,1
1788705900000,12.204,12.204,12.153,12.18,3959.0,3959.8,48258.3932,1
1788706200000,12.18,12.205,12.18,12.192,397.0,397.5,4847.9814,1
1788706500000,12.19,12.193,12.164,12.164,398.0,398.6,4853.4416,1
1788706800000,12.164,12.164,12.097,12.128,3649.0,3649.9,44228.627,1
1788707100000,12.138,12.169,12.125,12.128,3948.0,3948.6,47957.139,1
1788707400000,12.133,12.156,12.126,12.144,10546.0,10546.6,128113.3813,1
1788707700000,12.144,12.173,12.137,12.173,524.0,524.9,6384.2768,1
1788708000000,12.173,12.197,12.171,12.175,691.0,691.4,8424.8129,1
1788708300000,12.175,12.191,12.174,12.183,249.0,249.6,3040.2469,1
1788708600000,12.175,12.183,12.151,12.175,572.0,572.1,6963.9169,1
1788708900000,12.169,12.205,12.152,12.197,1442.0,1442.8,17596.745,1
1788709200000,12.192,12.211,12.191,12.207,225.0,225.5,2751.0088,1
1788709500000,12.207,12.215,12.194,12.206,229.0,229.9,2805.6651,1
1788709800000,12.209,12.239,12.202,12.208,4549.0,4549.9,55567.5053,1
1788710100000,12.208,12.219,12.208,12.213,177.0,177.4,2166.5446,1
1788710400000,12.216,12.218,12.198,12.198,3372.0,3372.9,41170.8242,1
1788710700000,12.198,12.225,12.198,12.205,310.0,310.0,3785.069,1
1788711000000,12.205,12.239,12.205,12.237,906.0,906.2,11077.249,1
1788711300000,12.237,12.249,12.237,12.249,196.0,196.1,2400.0705,1
1788711600000,12.249,12.255,12.238,12.238,424.0,424.4,5197.9695,1
1788711900000,12.24,12.335,12.238,12.314,7030.0,7030.4,86542.7763,1
1788712200000,12.327,12.37,12.302,12.365,729.0,729.3,8997.7136,1
1788712500000,12.359,12.37,12.323,12.366,430.0,430.9,5318.4536,1
1788712800000,12.366,12.368,12.339,12.346,745.0,745.6,9210.0892,1
1788713100000,12.345,12.348,12.315,12.316,1273.0,1273.0,15683.119,1
1788713400000,12.316,12.366,12.316,12.36,1426.0,1426.9,17606.118,1
1788713700000,12.353,12.353,12.324,12.331,210.0,210.0,2590.234,1
1788714000000,12.34,12.345,12.291,12.293,453.0,453.0,5583.0181,1
1788714300000,12.288,12.295,12.261,12.261,1661.0,1661.5,20403.752,1
1788714600000,12.262,12.287,12.261,12.281,239.0,239.6,2941.3136,1
1788714900000,12.285,12.306,12.279,12.304,552.0,552.0,6786.9661,1
1788715200000,12.309,12.314,12.284,12.311,412.0,412.7,5078.5165,1
1788715500000,12.305,12.329,12.274,12.275,3159.0,3159.1,38839.0855,1
1788715800000,12.272,12.301,12.261,12.285,423.0,423.8,5201.4996,1
1788716100000,12.285,12.309,12.284,12.303,340.0,340.0,4182.42,1
1788716400000,12.303,12.309,12.29,12.297,248.0,248.3,3054.0352,1
1788716700000,12.297,12.32,12.296,12.304,406.0,406.9,5009.1114,1
1788717000000,12.306,12.313,12.288,12.296,188.0,188.3,2316.1008,1
1788717300000,12.306,12.329,12.304,12.309,1570.0,1570.5,19328.8242,1
1788717600000,12.311,12.315,12.298,12.298,1303.0,1303.2,16045.197,1
1788717900000,12.297,12.316,12.296,12.312,195.0,195.1,2400.5402,1
1788718200000,12.321,12.326,12.308,12.313,390.0,390.5,4811.1765,1
1788718500000,12.313,12.332,12.306,12.325,474.0,474.7,5851.7352,1
1788718800000,12.324,12.341,12.321,12.341,613.0,613.9,7570.9226,1
1788719100000,12.335,12.377,12.335,12.377,1442.0,1442.3,17823.8834,1
1788719400000,12.369,12.421,12.369,12.382,1215.0,1215.0,15074.5517,1
1788719700000,12.386,12.386,12.373,12.385,274.0,274.3,3395.5862,1
1788720000000,12.39,12.413,12.344,12.402,33725.0,33725.8,417338.87,1
1788720300000,12.398,12.417,12.395,12.399,385.0,385.3,4780.7353,1
1788720600000,12.392,12.422,12.352,12.362,2715.0,2715.2,33644.9206,1
1788720900000,12.362,12.39,12.359,12.378,419.0,419.8,5196.3735,1
1788721200000,12.378,12.382,12.353,12.357,190.0,190.0,2349.583,1
1788721500000,12.357,12.358,12.342,12.35,421.0,421.3,5201.1436,1
1788721800000,12.35,12.37,12.343,12.355,719.0,719.0,8883.6269,1
1788722100000,12.355,12.357,12.325,12.325,873.0,873.3,10778.3055,1
1788722400000,12.325,12.342,12.321,12.342,332.0,332.2,4095.3302,1
1788722700000,12.346,12.354,12.336,12.341,143.0,143.0,1765.111,1
1788723000000,12.341,12.341,12.316,12.316,212.0,212.0,2613.781,1
1788723300000,12.316,12.318,12.306,12.306,427.0,427.6,5263.6992,1
1788723600000,12.306,12.337,12.306,12.329,137.0,137.0,1688.392,1
1788723900000,12.334,12.37,12.327,12.37,269.0,269.8,3331.7189,1
1788724200000,12.363,12.384,12.363,12.382,323.0,323.1,3997.3031,1
1788724500000,12.382,12.384,12.369,12.372,173.0,173.7,2149.7424,1
1788724800000,12.372,12.381,12.342,12.351,302.0,302.6,3740.9527,1
1788725100000,12.351,12.354,12.333,12.34,130.0,130.0,1604.547,1
1788725400000,12.34,12.346,12.328,12.346,191.0,191.1,2357.3151,1
1788725700000,12.346,12.36,12.338,12.36,240.0,240.2,2966.0733,1
1788726000000,12.36,12.41,12.36,12.401,588.0,588.3,7288.6047,1
1788726300000,12.41,12.425,12.401,12.425,428.0,428.9,5325.4746,1
1788726600000,12.425,12.498,12.415,12.491,1220.0,1220.4,15221.103,1
1788726900000,12.492,12.634,12.486,12.631,4060.0,4060.5,51048.8038,1
1788727200000,12.633,12.76,12.566,12.76,5368.0,5368.6,68000.2087,1
1788727500000,12.766,13.089,12.723,13.089,9074.0,9074.5,117183.686,1
1788727800000,13.089,13.114,13.015,13.072,3018.0,3018.9,39415.9656,1
1788728100000,13.067,13.139,13.053,13.084,2363.0,2363.8,30973.6534,1
1788728400000,13.084,13.323,13.068,13.313,11924.0,11924.6,157450.7585,1
1788728700000,13.323,13.349,13.193,13.226,24278.0,24278.0,323088.3122,1
1788729000000,13.231,13.24,13.085,13.085,5591.0,5591.9,73738.8445,1
1788729300000,13.085,13.221,13.085,13.192,2087.0,2087.6,27437.8223,1
1788729600000,13.191,13.233,13.063,13.068,11057.0,11057.5,145811.6315,1
1788729900000,13.063,13.103,12.958,12.959,4892.0,4892.3,63729.9388,1
1788730200000,12.964,12.981,12.905,12.977,20118.0,20118.7,260716.8114,1
1788730500000,12.976,12.977,12.925,12.935,3301.0,3301.3,42815.3771,1
1788730800000,12.942,12.957,12.915,12.935,951.0,951.2,12301.2766,1
1788731100000,12.929,13.001,12.926,12.997,1288.0,1288.9,16736.0253,1
1788731400000,12.986,12.998,12.861,12.879,42741.0,42741.3,550907.0551,1
1788731700000,12.879,12.913,12.837,12.885,43045.0,43045.9,553511.968,1
1788732000000,12.885,12.885,12.829,12.872,706.0,706.8,9088.3968,1
1788732300000,12.867,12.882,12.82,12.82,765.0,765.9,9831.4208,1
1788732600000,12.821,12.864,12.815,12.864,1922.0,1922.5,24688.2158,1
1788732900000,12.861,12.865,12.78,12.782,1902.0,1902.7,24385.7551,1
1788733200000,12.786,12.899,12.782,12.891,41563.0,41563.3,534979.7641,1
1788733500000,12.885,12.89,12.848,12.865,659.0,659.1,8479.723,1
1788733800000,12.865,12.95,12.863,12.949,1107.0,1107.1,14294.6273,1
1788734100000,12.949,12.959,12.94,12.946,578.0,578.5,7491.3669,1
1788734400000,12.934,12.999,12.934,12.971,963.0,963.5,12508.2342,1
1788734700000,12.97,13.003,12.963,13.002,660.0,660.6,8574.7433,1
1788735000000,13.0,13.088,12.987,13.055,41635.0,41635.8,543743.8704,1
1788735300000,13.055,13.077,13.024,13.052,1391.0,1391.6,18169.841,1
1788735600000,13.041,13.111,13.028,13.08,671.0,671.4,8781.7904,1
1788735900000,13.075,13.163,13.054,13.162,2417.0,2417.6,31644.2635,1
1788736200000,13.151,13.16,13.113,13.126,770.0,770.3,10121.4158,1
1788736500000,13.126,13.182,13.111,13.171,17545.0,17545.7,230267.7203,1
1788736800000,13.171,13.182,13.152,13.163,751.0,751.1,9890.1033,1
1788737100000,13.16,13.205,13.15,13.169,1479.0,1479.5,19488.7352,1
1788737400000,13.174,13.244,13.174,13.242,1424.0,1424.2,18834.5049,1
1788737700000,13.242,13.244,13.209,13.215,598.0,598.9,7922.0169,1
1788738000000,13.207,13.225,13.165,13.216,1317.0,1317.7,17394.1508,1
1788738300000,13.221,13.258,13.201,13.244,3507.0,3507.4,46388.9182,1
1788738600000,13.239,13.241,13.206,13.215,4633.0,4633.5,61258.4601,1
1788738900000,13.215,13.242,13.208,13.23,1787.0,1787.2,23635.2038,1
1788739200000,13.235,13.251,13.16,13.176,6092.0,6092.6,80511.536,1
1788739500000,13.167,13.28,13.167,13.263,2084.0,2084.5,27631.1354,1
1788739800000,13.253,13.292,13.253,13.274,2047.0,2047.5,27147.9531,1
1788740100000,13.274,13.278,13.243,13.256,3067.0,3067.5,40692.4944,1
1788740400000,13.253,13.311,13.243,13.29,1221.0,1221.0,16217.9655,1
1788740700000,13.287,13.297,13.264,13.264,347.0,347.0,4608.44,1
1788741000000,13.265,13.317,13.245,13.271,5621.0,5621.9,74612.5826,1
1788741300000,13.269,13.291,13.247,13.262,484.0,484.2,6426.831,1
1788741600000,13.262,13.285,13.238,13.267,1759.0,1759.8,23313.4855,1
1788741900000,13.265,13.274,13.211,13.229,3854.0,3854.5,50986.7139,1
1788742200000,13.229,13.23,13.172,13.172,2191.0,2191.4,28931.9154,1
1788742500000,13.179,13.189,13.091,13.135,5239.0,5239.2,68798.9799,1
1788742800000,13.143,13.187,13.115,13.187,967.0,967.7,12732.0782,1
1788743100000,13.181,13.184,13.1,13.101,3347.0,3347.3,43875.7515,1
1788743400000,13.101,13.157,13.1,13.111,1228.0,1228.9,16133.4169,1
1788743700000,13.116,13.116,13.1,13.101,16270.0,16270.5,213164.1842,1
1788744000000,13.1,13.102,13.031,13.055,8783.0,8783.4,114905.3209,1
1788744300000,13.061,13.066,13.029,13.066,694.0,694.6,9060.7257,1
1788744600000,13.064,13.105,13.038,13.101,1476.0,1476.8,19302.4671,1
1788744900000,13.099,13.105,13.069,13.092,569.0,569.0,7448.0137,1
1788745200000,13.092,13.092,13.027,13.035,1616.0,1616.8,21091.2744,1
1788745500000,13.046,13.063,13.002,13.013,1961.0,1961.0,25513.9571,1
1788745800000,13.014,13.028,12.997,13.028,402.0,402.2,5231.6498,1
1788746100000,13.019,13.028,13.003,13.003,377.0,377.2,4910.4652,1
1788746400000,13.003,13.02,13.0,13.002,1551.0,1551.8,20190.3754,1
1788746700000,13.0,13.004,12.955,12.955,4645.0,4645.1,60207.8621,1
1788747000000,12.955,12.973,12.95,12.954,735.0,735.6,9531.7954,1
1788747300000,12.954,12.984,12.952,12.982,636.0,636.8,8255.1904,1
1788747600000,12.975,12.988,12.95,12.97,391.0,391.4,5077.4732,1
1788747900000,12.969,13.023,12.959,12.987,40379.0,40379.7,523332.1236,1
1788748200000,12.977,13.084,12.971,13.084,766.0,766.7,9995.3297,1
1788748500000,13.083,13.273,13.083,13.269,4687.0,4687.9,61826.4181,1
1788748800000,13.277,13.299,13.242,13.247,2397.0,2397.8,31846.0845,1
1788749100000,13.253,13.289,13.247,13.289,1003.0,1003.7,13316.8229,1
1788749400000,13.289,13.289,13.188,13.188,917.0,917.3,12130.1911,1
1788749700000,13.188,13.208,13.073,13.076,6837.0,6837.9,89719.8373,1
1788750000000,13.085,13.121,13.074,13.095,754.0,754.4,9883.2353,1
1788750300000,13.103,13.103,13.073,13.074,531.0,531.0,6944.633,1
1788750600000,13.074,13.082,13.059,13.059,1078.0,1078.9,14096.7974,1
1788750900000,13.061,13.069,13.052,13.059,365.0,365.8,4777.2371,1
1788751200000,13.06,13.075,13.052,13.054,1472.0,1472.9,19236.7878,1
1788751500000,13.053,13.054,13.009,13.018,572.0,572.3,7452.9829,1
1788751800000,13.008,13.019,12.979,12.994,1095.0,1095.9,14232.881,1
1788752100000,12.996,13.001,12.955,12.96,328.0,328.5,4263.8484,1
1788752400000,12.956,12.983,12.939,12.98,9056.0,9056.5,117457.922,1
1788752700000,12.984,13.026,12.984,13.023,441.0,441.4,5744.2197,1
1788753000000,13.019,13.041,13.008,13.041,1108.0,1108.5,14445.476,1
1788753300000,13.041,13.043,13.036,13.038,374.0,374.0,4876.8088,1
1788753600000,13.038,13.074,13.029,13.058,5008.0,5008.4,65396.6851,1
1788753900000,13.048,13.06,13.017,13.058,339.0,339.1,4422.4325,1
1788754200000,13.063,13.11,13.063,13.086,773.0,773.6,10129.2155,1
1788754500000,13.086,13.141,13.086,13.122,6707.0,6707.4,88081.4287,1
1788754800000,13.127,13.201,13.12,13.182,4064.0,4064.9,53610.8661,1
1788755100000,13.184,13.203,13.106,13.117,10448.0,10448.5,137220.9538,1
1788755400000,13.109,13.132,13.073,13.076,1075.0,1075.3,14076.1066,1
1788755700000,13.077,13.077,13.05,13.051,352.0,352.7,4607.4245,1
1788756000000,13.051,13.083,13.028,13.083,838.0,838.0,10933.457,1
1788756300000,13.083,13.083,13.062,13.069,246.0,246.0,3216.412,1
1788756600000,13.066,13.066,13.035,13.036,397.0,397.6,5186.9228,1
1788756900000,13.036,13.084,13.036,13.07,651.0,651.2,8511.4654,1
1788757200000,13.073,13.149,13.059,13.149,997.0,997.7,13074.9603,1
1788757500000,13.149,13.182,13.148,13.169,1243.0,1243.8,16371.9436,1
1788757800000,13.179,13.181,13.143,13.159,437.0,437.3,5754.1091,1
1788758100000,13.153,13.187,13.153,13.187,934.0,934.9,12310.7482,1
1788758400000,13.187,13.32,13.185,13.3,1378.0,1378.8,18317.6825,1
1788758700000,13.297,13.322,13.204,13.242,9734.0,9734.0,128788.2929,1
1788759000000,13.242,13.367,13.209,13.367,23470.0,23470.7,312039.0033,1
1788759300000,13.347,13.508,13.347,13.496,3474.0,3474.8,46836.2356,1
1788759600000,13.497,13.514,13.461,13.514,1575.0,1575.9,21265.9369,1
1788759900000,13.514,13.571,13.429,13.429,7225.0,7225.0,97277.1638,1
1788760200000,13.427,13.535,13.351,13.463,81766.0,81766.0,1099344.8067,1
1788760500000,13.463,13.463,13.395,13.431,929.0,929.3,12474.496,1
1788760800000,13.426,13.496,13.426,13.495,2875.0,2875.9,38709.7655,1
1788761100000,13.503,13.612,13.466,13.606,1668.0,1668.6,22606.6734,1
1788761400000,13.603,13.671,13.585,13.602,3245.0,3245.8,44265.0053,1
1788761700000,13.602,13.648,13.579,13.61,1682.0,1682.9,22900.8851,1
1788762000000,13.592,13.618,13.517,13.536,10038.0,10038.1,135978.2857,1
1788762300000,13.553,13.553,13.472,13.49,3251.0,3251.8,43887.696,1
1788762600000,13.478,13.504,13.435,13.483,1695.0,1695.8,22842.0411,1
1788762900000,13.485,13.52,13.449,13.49,36866.0,36866.7,497535.7424,1
1788763200000,13.489,13.49,13.398,13.398,23024.0,23024.9,309991.957,1
1788763500000,13.395,13.403,13.355,13.363,7959.0,7959.4,106399.9148,1
1788763800000,13.367,13.374,13.347,13.348,945.0,945.2,12627.2474,1
1788764100000,13.348,13.35,13.34,13.34,363.0,363.7,4853.4545,1
1788764400000,13.343,13.357,13.301,13.303,23899.0,23899.9,318282.5617,1
1788764700000,13.303,13.401,13.302,13.401,5845.0,5845.4,78266.7125,1
1788765000000,13.381,13.391,13.352,13.352,2304.0,2304.7,30808.1382,1
1788765300000,13.351,13.367,13.313,13.324,21604.0,21604.8,288144.1951,1
1788765600000,13.336,13.345,13.2,13.213,8460.0,8460.8,112239.9321,1
1788765900000,13.235,13.29,13.218,13.25,1528.0,1528.6,20280.3285,1
1788766200000,13.257,13.298,13.171,13.221,3961.0,3961.0,52394.2093,1
1788766500000,13.222,13.222,13.118,13.119,7860.0,7860.3,103272.5462,1
1788766800000,13.118,13.123,13.034,13.123,23671.0,23671.9,309275.3618,1
1788767100000,13.123,13.187,13.122,13.186,1130.0,1130.3,14874.847,1
1788767400000,13.185,13.186,13.15,13.163,2235.0,2235.2,29428.171,1
1788767700000,13.154,13.187,13.151,13.182,1429.0,1429.8,18842.2808,1
1788768000000,13.187,13.247,13.175,13.24,3432.0,3432.6,45426.3647,1
1788768300000,13.226,13.249,13.222,13.247,1260.0,1260.7,16691.6774,1
1788768600000,13.246,13.27,13.239,13.249,1404.0,1404.9,18608.5851,1
1788768900000,13.249,13.269,13.235,13.267,439.0,439.7,5827.633,1
1788769200000,13.271,13.276,13.259,13.265,554.0,554.3,7355.0934,1
1788769500000,13.262,13.276,13.247,13.273,388.0,388.7,5155.161,1
1788769800000,13.273,13.325,13.271,13.321,1571.0,1571.3,20903.0339,1
1788770100000,13.322,13.322,13.254,13.283,711.0,711.9,9457.0839,1
1788770400000,13.288,13.345,13.288,13.33,380.0,380.1,5063.2097,1
1788770700000,13.337,13.366,13.321,13.331,571.0,571.2,7623.7335,1
1788771000000,13.334,13.367,13.329,13.342,675.0,675.7,9016.3666,1
1788771300000,13.351,13.365,13.324,13.36,690.0,690.2,9209.7741,1
1788771600000,13.367,13.41,13.346,13.386,612.0,612.9,8196.5097,1
1788771900000,13.392,13.442,13.392,13.414,1629.0,1629.2,21856.9688,1
1788772200000,13.418,13.518,13.414,13.514,1089.0,1089.1,14678.9357,1
1788772500000,13.515,13.515,13.446,13.447,828.0,828.6,11151.3304,1
1788772800000,13.448,13.448,13.398,13.398,2585.0,2585.9,34668.8254,1
1788773100000,13.398,13.433,13.385,13.429,583.0,583.8,7826.277,1
1788773400000,13.42,13.448,13.408,13.418,367.0,367.3,4931.4905,1
1788773700000,13.418,13.424,13.364,13.388,7971.0,7971.6,106613.1793,1
1788774000000,13.388,13.412,13.388,13.392,1366.0,1366.5,18300.8265,1
1788774300000,13.392,13.405,13.386,13.393,869.0,869.6,11647.3116,1
1788774600000,13.401,13.432,13.383,13.383,20582.0,20582.0,275494.039,1
1788774900000,13.384,13.386,13.368,13.368,482.0,482.3,6451.5736,1
1788775200000,13.368,13.407,13.262,13.329,2144.0,2144.6,28524.9823,1
1788775500000,13.327,13.347,13.302,13.304,426.0,426.4,5682.067,1
1788775800000,13.307,13.309,13.276,13.28,564.0,564.8,7502.4843,1
1788776100000,13.28,13.323,13.277,13.317,397.0,397.0,5276.252,1
1788776400000,13.319,13.343,13.299,13.343,9489.0,9489.1,126409.4417,1
1788776700000,13.345,13.353,13.325,13.327,1037.0,1037.1,13837.2672,1
1788777000000,13.338,13.349,13.302,13.304,254.0,254.2,3387.2333,1
1788777300000,13.303,13.327,13.295,13.309,336.0,336.8,4481.9287,1
1788777600000,13.309,13.32,13.295,13.299,886.0,886.5,11797.0868,1
1788777900000,13.295,13.302,13.286,13.295,249.0,249.0,3310.0888,1
1788778200000,13.287,13.294,13.275,13.278,714.0,714.2,9488.1335,1
1788778500000,13.278,13.278,13.224,13.232,2994.0,2994.2,39633.8902,1
1788778800000,13.232,13.252,13.224,13.225,301.0,301.0,3984.029,1
1788779100000,13.225,13.225,13.207,13.209,656.0,656.1,8668.7863,1
1788779400000,13.217,13.269,13.213,13.265,264.0,264.1,3496.3425,1
1788779700000,13.265,13.266,13.244,13.25,907.0,907.6,12031.5204,1
1788780000000,13.255,13.255,13.217,13.226,415.0,415.8,5504.2204,1
1788780300000,13.226,13.226,13.207,13.214,656.0,656.9,8681.4414,1
1788780600000,13.212,13.216,13.196,13.198,430.0,430.9,5689.8112,1
1788780900000,13.197,13.198,13.168,13.182,1658.0,1658.2,21860.0159,1
1788781200000,13.182,13.182,13.165,13.165,389.0,389.9,5136.7352,1
1788781500000,13.165,13.185,13.143,13.173,417.0,417.2,5491.1547,1
1788781800000,13.173,13.188,13.149,13.175,324.0,324.9,4279.9623,1
1788782100000,13.175,13.18,13.168,13.172,359.0,359.1,4729.7483,1
1788782400000,13.172,13.195,13.168,13.168,274.0,274.1,3611.3794,1
1788782700000,13.169,13.211,13.168,13.204,426.0,426.2,5622.4601,1
1788783000000,13.209,13.211,13.192,13.203,800.0,800.4,10568.5784,1
1788783300000,13.203,13.235,13.196,13.224,918.0,918.5,12143.5999,1
1788783600000,13.226,13.232,13.209,13.219,717.0,717.0,9479.582,1
1788783900000,13.217,13.247,13.217,13.247,1790.0,1790.0,23706.1741,1
1788784200000,13.246,13.246,13.207,13.21,1878.0,1878.5,24858.5403,1
1788784500000,13.21,13.218,13.173,13.173,1108.0,1108.8,14641.4439,1
1788784800000,13.175,13.207,13.174,13.196,576.0,576.7,7609.4651,1
1788785100000,13.196,13.237,13.196,13.237,520.0,520.4,6878.7576,1
1788785400000,13.24,13.265,13.235,13.265,512.0,512.8,6795.1118,1
1788785700000,13.262,13.276,13.251,13.267,548.0,548.1,7270.4916,1
1788786000000,13.258,13.313,13.252,13.311,1424.0,1424.9,18921.8417,1
1788786300000,13.312,13.32,13.286,13.318,2520.0,2520.5,33518.6585,1
1788786600000,13.318,13.318,13.276,13.297,4278.0,4278.4,56918.0904,1
1788786900000,13.301,13.326,13.28,13.285,474.0,474.5,6312.4563,1
1788787200000,13.285,13.293,13.277,13.278,340.0,340.3,4520.0164,1
1788787500000,13.277,13.278,13.229,13.252,4712.0,4712.0,62379.3698,1
1788787800000,13.243,13.255,13.205,13.205,1078.0,1078.3,14260.0494,1
1788788100000,13.197,13.2,13.143,13.195,1531.0,1531.5,20186.7249,1
1788788400000,13.195,13.205,13.169,13.169,1174.0,1174.4,15486.4076,1
1788788700000,13.169,13.176,13.134,13.136,1114.0,1114.8,14671.8508,1
1788789000000,13.135,13.187,13.11,13.183,1756.0,1756.9,23062.2643,1
1788789300000,13.182,13.184,13.137,13.138,532.0,532.2,7001.6436,1
1788789600000,13.141,13.156,13.124,13.126,483.0,483.4,6352.3936,1
1788789900000,13.125,13.128,13.003,13.012,2409.0,2409.3,31424.0545,1
1788790200000,13.015,13.03,12.93,13.004,5210.0,5210.7,67650.189,1
1788790500000,13.004,13.054,13.002,13.01,1411.0,1411.7,18403.1254,1
1788790800000,13.01,13.022,12.985,12.999,10613.0,10613.5,137986.3223,1
1788791100000,12.999,13.056,12.995,13.015,40439.0,40439.0,527357.4313,1
1788791400000,13.011,13.013,12.851,12.91,45526.0,45526.1,587113.7609,1
1788791700000,12.908,12.967,12.908,12.963,1466.0,1466.3,18966.0072,1
1788792000000,12.958,12.961,12.924,12.944,1185.0,1185.1,15342.348,1
1788792300000,12.951,12.988,12.942,12.979,1546.0,1546.7,20060.7522,1
1788792600000,12.978,13.063,12.978,13.045,2113.0,2113.2,27499.7801,1
1788792900000,13.05,13.058,13.032,13.048,856.0,856.3,11175.3116,1
1788793200000,13.045,13.054,13.004,13.004,439.0,439.7,5730.248,1
1788793500000,13.005,13.007,12.966,12.996,687.0,687.4,8923.3103,1
1788793800000,13.001,13.001,12.966,12.966,356.0,356.2,4623.2764,1
1788794100000,12.966,13.004,12.906,13.002,1366.0,1366.7,17673.4629,1
1788794400000,13.002,13.004,12.967,12.97,1886.0,1886.7,24485.9796,1
1788794700000,12.969,12.991,12.949,12.95,1085.0,1085.0,14074.2733,1
1788795000000,12.95,12.95,12.87,12.903,2831.0,2831.7,36503.2922,1
1788795300000,12.904,12.936,12.898,12.91,2122.0,2122.0,27419.6378,1
1788795600000,12.914,12.928,12.878,12.903,2188.0,2188.9,28225.4459,1
1788795900000,12.902,12.917,12.878,12.91,5599.0,5599.0,72215.7742,1
1788796200000,12.906,12.918,12.881,12.881,1671.0,1671.0,21542.5184,1
1788796500000,12.881,12.894,12.843,12.861,7221.0,7221.6,92864.1447,1
1788796800000,12.865,12.921,12.854,12.889,2007.0,2007.5,25863.127,1
1788797100000,12.887,12.898,12.879,12.886,609.0,609.0,7847.477,1
1788797400000,12.886,12.886,12.863,12.867,506.0,506.0,6513.0445,1
1788797700000,12.867,12.867,12.817,12.853,10418.0,10418.6,133608.711,1
1788798000000,12.846,12.846,12.826,12.837,758.0,758.2,9728.7924,1
1788798300000,12.835,12.849,12.8,12.823,1529.0,1529.4,19595.4589,1
1788798600000,12.818,12.847,12.815,12.846,1431.0,1431.1,18376.7848,1
1788798900000,12.846,12.904,12.846,12.903,2050.0,2050.2,26384.5222,1
1788799200000,12.903,12.919,12.903,12.907,1256.0,1256.6,16226.3221,1
1788799500000,12.911,12.926,12.908,12.919,808.0,808.2,10440.7122,1
1788799800000,12.919,12.92,12.912,12.919,809.0,809.5,10454.4332,1
1788800100000,12.919,12.92,12.903,12.912,703.0,703.6,9085.5789,1
1788800400000,12.916,12.918,12.897,12.906,624.0,624.3,8058.0721,1
1788800700000,12.904,12.93,12.904,12.93,437.0,437.0,5645.335,1
1788801000000,12.931,12.938,12.929,12.938,410.0,410.1,5304.1444,1
1788801300000,12.938,12.938,12.921,12.934,330.0,330.3,4271.0005,1
1788801600000,12.931,12.938,12.924,12.93,381.0,381.2,4928.7954,1
1788801900000,12.929,12.936,12.913,12.927,1118.0,1118.6,14458.7504,1
1788802200000,12.929,12.934,12.908,12.912,910.0,910.6,11774.1585,1
1788802500000,12.914,12.914,12.876,12.904,2397.0,2397.6,30886.5604,1
1788802800000,12.921,12.94,12.916,12.937,1458.0,1458.9,18860.8839,1
1788803100000,12.935,12.947,12.92,12.932,258.0,258.0,3336.51,1
1788803400000,12.932,12.957,12.932,12.955,2041.0,2041.4,26440.0032,1
1788803700000,12.948,12.957,12.942,12.942,420.0,420.0,5438.3815,1
1788804000000,12.947,12.959,12.885,12.894,2664.0,2664.7,34510.335,1
1788804300000,12.895,12.902,12.878,12.879,222.0,222.0,2861.787,1
1788804600000,12.879,12.886,12.769,12.775,5405.0,5405.2,69282.9189,1
1788804900000,12.775,12.801,12.756,12.798,1251.0,1251.2,15978.1334,1
1788805200000,12.798,12.798,12.768,12.772,1189.0,1189.4,15213.6458,1
1788805500000,12.78,12.792,12.735,12.745,2053.0,2053.0,26193.8269,1
1788805800000,12.745,12.748,12.73,12.741,341.0,341.4,4348.007,1
1788806100000,12.744,12.763,12.743,12.755,995.0,995.8,12700.2528,1
1788806400000,12.763,12.763,12.691,12.728,3862.0,3862.0,49107.8439,1
1788806700000,12.728,12.746,12.728,12.744,139.0,139.0,1770.739,1
1788807000000,12.743,12.759,12.723,12.754,608.0,608.5,7755.3329,1
1788807300000,12.757,12.757,12.729,12.744,205.0,205.0,2612.797,1
1788807600000,12.744,12.75,12.724,12.729,245.0,245.4,3125.352,1
1788807900000,12.729,12.744,12.722,12.722,572.0,572.5,7291.1545,1
1788808200000,12.722,12.744,12.721,12.744,244.0,244.8,3116.1558,1
1788808500000,12.744,12.752,12.743,12.747,271.0,271.7,3463.1148,1
1788808800000,12.753,12.777,12.74,12.772,11427.0,11427.9,145890.9162,1
1788809100000,12.772,12.774,12.758,12.758,307.0,307.6,3926.522,1
1788809400000,12.758,12.799,12.758,12.792,3077.0,3077.4,39342.5928,1
1788809700000,12.8,12.813,12.783,12.813,16249.0,16249.0,207880.0717,1
1788810000000,12.813,12.813,12.793,12.799,430.0,430.1,5503.8691,1
1788810300000,12.799,12.809,12.797,12.805,348.0,348.2,4458.38,1
1788810600000,12.805,12.831,12.805,12.819,255.0,255.9,3280.2458,1
1788810900000,12.819,12.825,12.808,12.82,190.0,190.6,2442.7006,1
1788811200000,12.819,12.826,12.798,12.8,340.0,340.7,4365.2203,1
1788811500000,12.8,12.8,12.773,12.789,437.0,437.6,5593.5316,1
1788811800000,12.775,12.78,12.677,12.741,8465.0,8465.8,107588.8231,1
1788812100000,12.74,12.759,12.72,12.759,1166.0,1166.9,14874.5692,1
1788812400000,12.759,12.773,12.753,12.773,846.0,846.6,10809.5459,1
1788812700000,12.773,12.774,12.757,12.762,150.0,150.8,1924.6926,1
1788813000000,12.762,12.785,12.75,12.785,319.0,319.3,4076.8367,1
1788813300000,12.785,12.785,12.766,12.771,118.0,118.4,1512.4154,1
1788813600000,12.77,12.778,12.766,12.774,154.0,154.0,1967.063,1
1788813900000,12.774,12.778,12.759,12.774,388.0,388.3,4958.1904,1
1788814200000,12.774,12.795,12.768,12.77,203.0,203.7,2603.7621,1
1788814500000,12.77,12.79,12.769,12.775,200.0,200.0,2555.981,1
1788814800000,12.773,12.801,12.773,12.792,1019.0,1019.3,13035.1448,1
1788815100000,12.792,12.792,12.775,12.78,1140.0,1140.6,14576.1962,1
1788815400000,12.78,12.793,12.774,12.787,179.0,179.1,2289.1897,1
1788815700000,12.791,12.795,12.771,12.774,348.0,348.8,4457.7129,1
1788816000000,12.774,12.778,12.772,12.772,38.0,38.0,485.481,1
1788816300000,12.772,12.776,12.758,12.758,134.0,134.0,1711.5815,1
1788816600000,12.755,12.765,12.755,12.756,568.0,568.9,7260.329,1
1788816900000,12.759,12.762,12.745,12.758,136.0,136.2,1736.8692,1
1788817200000,12.758,12.766,12.753,12.763,84.0,84.0,1071.861,1
1788817500000,12.756,12.764,12.749,12.749,89.0,89.0,1135.351,1
1788817800000,12.749,12.75,12.746,12.746,63.0,63.0,803.093,1
1788818100000,12.746,12.761,12.745,12.745,117.0,117.0,1492.001,1
1788818400000,12.745,12.753,12.707,12.732,1909.0,1909.8,24290.5452,1
1788818700000,12.738,12.744,12.724,12.744,288.0,288.4,3672.4224,1
1788819000000,12.744,12.75,12.733,12.734,673.0,673.7,8585.9849,1
1788819300000,12.734,12.734,12.707,12.707,678.0,678.1,8627.1484,1
1788819600000,12.708,12.734,12.697,12.733,322.0,322.9,4104.8663,1
1788819900000,12.738,12.745,12.718,12.718,293.0,293.5,3735.1195,1
1788820200000,12.718,12.718,12.692,12.694,440.0,440.7,5595.9688,1
1788820500000,12.693,12.693,12.628,12.642,2332.0,2332.8,29500.9296,1
1788820800000,12.636,12.649,12.612,12.642,1565.0,1565.6,19778.4576,1
1788821100000,12.64,12.686,12.64,12.673,2401.0,2401.6,30443.6854,1
1788821400000,12.663,12.691,12.663,12.685,252.0,252.7,3205.2996,1
1788821700000,12.688,12.696,12.679,12.694,196.0,196.1,2488.3319,1
1788822000000,12.69,12.717,12.686,12.713,201.0,201.9,2564.9993,1
1788822300000,12.712,12.736,12.709,12.736,637.0,637.1,8102.4038,1
1788822600000,12.736,12.757,12.73,12.757,559.0,559.0,7122.4,1
1788822900000,12.757,12.759,12.719,12.738,460.0,460.0,5857.633,1
1788823200000,12.736,12.736,12.698,12.707,249.0,249.3,3170.3024,1
1788823500000,12.709,12.723,12.709,12.718,156.0,156.0,1983.817,1
1788823800000,12.718,12.729,12.711,12.712,918.0,918.7,11691.7098,1
1788824100000,12.717,12.735,12.712,12.719,323.0,323.5,4115.539,1
1788824400000,12.719,12.745,12.719,12.745,139.0,139.0,1769.566,1
1788824700000,12.745,12.745,12.739,12.745,183.0,183.3,2335.8985,1
1788825000000,12.745,12.759,12.745,12.751,109.0,109.2,1392.7778,1
1788825300000,12.747,12.759,12.738,12.738,524.0,524.6,6688.5659,1
1788825600000,12.74,12.749,12.72,12.731,409.0,409.8,5220.439,1
1788825900000,12.728,12.759,12.72,12.745,2263.0,2263.7,28847.1879,1
1788826200000,12.747,12.759,12.722,12.757,208.0,208.3,2653.1253,1
1788826500000,12.76,12.764,12.738,12.738,504.0,504.1,6430.9483,1
1788826800000,12.738,12.742,12.695,12.715,819.0,819.7,10419.6176,1
1788827100000,12.717,12.728,12.704,12.711,988.0,988.0,12556.144,1
1788827400000,12.709,12.742,12.692,12.737,581.0,581.0,7386.5304,1
1788827700000,12.737,12.76,12.737,12.758,1086.0,1086.0,13846.1345,1
1788828000000,12.756,12.778,12.756,12.766,421.0,421.6,5383.4371,1
1788828300000,12.766,12.775,12.751,12.774,196.0,196.0,2501.687,1
1788828600000,12.774,12.787,12.769,12.771,672.0,672.5,8589.7033,1
1788828900000,12.771,12.785,12.769,12.785,271.0,271.0,3463.5407,1
1788829200000,12.785,12.807,12.768,12.798,40386.0,40386.5,516725.9754,1
1788829500000,12.798,12.798,12.775,12.78,251.0,251.1,3209.1741,1
1788829800000,12.78,12.795,12.777,12.783,605.0,605.2,7737.897,1
1788830100000,12.784,12.798,12.774,12.787,329.0,329.5,4212.2815,1
1788830400000,12.787,12.801,12.778,12.791,303.0,303.9,3888.0756,1
1788830700000,12.792,12.804,12.792,12.801,907.0,907.6,11615.9187,1
1788831000000,12.798,12.798,12.772,12.772,302.0,302.3,3862.7542,1
1788831300000,12.772,12.773,12.772,12.772,2405.0,2405.3,30721.029,1
1788831600000,12.772,12.772,12.772,12.772,158.0,158.0,2017.976,1
1788831900000,12.772,12.772,12.753,12.758,117.0,117.4,1497.9721,1
1788832200000,12.764,12.764,12.747,12.758,873.0,873.1,11136.1494,1
1788832500000,12.76,12.79,12.76,12.785,674.0,674.5,8615.8132,1
1788832800000,12.785,12.791,12.769,12.769,280.0,280.5,3585.5177,1
1788833100000,12.768,12.768,12.748,12.753,102.0,102.0,1300.97,1
1788833400000,12.753,12.771,12.732,12.771,808.0,808.6,10312.3079,1
1788833700000,12.771,12.781,12.762,12.777,5221.0,5221.5,66706.1468,1
1788834000000,12.77,12.798,12.77,12.798,377.0,377.1,4822.8336,1
1788834300000,12.798,12.798,12.706,12.709,5592.0,5592.9,71138.0048,1
1788834600000,12.713,12.732,12.691,12.708,992.0,992.0,12599.3343,1
1788834900000,12.707,12.716,12.677,12.679,755.0,755.9,9587.7557,1
1788835200000,12.674,12.683,12.665,12.682,186.0,186.0,2356.594,1
1788835500000,12.685,12.689,12.666,12.672,321.0,321.5,4076.166,1
1788835800000,12.67,12.67,12.627,12.627,3647.0,3647.8,46099.8619,1
1788836100000,12.624,12.642,12.621,12.621,270.0,270.1,3411.0324,1
1788836400000,12.623,12.647,12.586,12.603,5757.0,5757.3,72687.4881,1
1788836700000,12.6,12.632,12.6,12.632,964.0,964.5,12169.7268,1
1788837000000,12.634,12.638,12.605,12.609,326.0,326.7,4123.2787,1
1788837300000,12.609,12.619,12.6,12.6,2385.0,2385.6,30073.1878,1
1788837600000,12.6,12.606,12.575,12.584,459.0,459.0,5777.1128,1
1788837900000,12.581,12.598,12.562,12.579,3389.0,3389.9,42618.865,1
1788838200000,12.571,12.612,12.571,12.608,352.0,352.0,4436.639,1
1788838500000,12.611,12.648,12.611,12.622,9050.0,9050.5,114402.4926,1
1788838800000,12.619,12.632,12.612,12.632,264.0,264.0,3331.959,1
1788839100000,12.632,12.647,12.619,12.631,191.0,191.0,2412.6,1
1788839400000,12.635,12.653,12.635,12.64,212.0,212.4,2685.9875,1
1788839700000,12.64,12.658,12.64,12.655,135.0,135.5,1714.2084,1
1788840000000,12.655,12.657,12.633,12.633,627.0,627.6,7939.8967,1
1788840300000,12.633,12.644,12.629,12.636,177.0,177.5,2242.897,1
1788840600000,12.64,12.646,12.628,12.632,178.0,178.5,2255.7145,1
1788840900000,12.632,12.663,12.625,12.663,310.0,310.2,3922.8775,1
1788841200000,12.663,12.665,12.623,12.629,155.0,155.2,1961.3165,1
1788841500000,12.629,12.649,12.622,12.637,254.0,254.0,3210.081,1
1788841800000,12.637,12.66,12.632,12.656,215.0,215.0,2719.619,1
1788842100000,12.656,12.67,12.648,12.67,375.0,375.7,4756.7806,1
1788842400000,12.67,12.67,12.651,12.655,119.0,119.0,1506.084,1
1788842700000,12.649,12.666,12.649,12.662,121.0,121.0,1531.755,1
1788843000000,12.658,12.66,12.643,12.65,172.0,172.0,2176.246,1
1788843300000,12.65,12.65,12.634,12.639,398.0,398.6,5038.4005,1
1788843600000,12.639,12.683,12.63,12.646,1110.0,1110.1,14046.0988,1
1788843900000,12.646,12.664,12.634,12.646,458.0,458.8,5802.1356,1
1788844200000,12.646,12.665,12.646,12.647,404.0,404.0,5114.898,1
1788844500000,12.644,12.678,12.635,12.677,2648.0,2648.8,33538.5517,1
1788844800000,12.681,12.689,12.675,12.689,313.0,313.0,3969.723,1
1788845100000,12.687,12.709,12.687,12.702,209.0,209.3,2657.752,1
1788845400000,12.695,12.703,12.675,12.677,310.0,310.0,3934.36,1
1788845700000,12.68,12.699,12.665,12.686,461.0,461.9,5855.1662,1
1788846000000,12.689,12.696,12.667,12.671,752.0,752.5,9543.0657,1
1788846300000,12.67,12.703,12.67,12.698,282.0,282.0,3578.609,1
1788846600000,12.699,12.703,12.673,12.676,315.0,315.0,3997.16,1
1788846900000,12.673,12.673,12.645,12.651,1820.0,1820.4,23038.6859,1
1788847200000,12.651,12.653,12.612,12.638,41171.0,41171.1,519862.3434,1
1788847500000,12.638,12.664,12.634,12.664,365.0,365.4,4618.9979,1
1788847800000,12.665,12.691,12.656,12.69,353.0,353.9,4484.7283,1
1788848100000,12.691,12.691,12.639,12.639,392.0,392.0,4965.229,1
1788848400000,12.64,12.651,12.609,12.65,5641.0,5641.1,71157.5742,1
1788848700000,12.65,12.665,12.637,12.644,359.0,359.1,4543.9212,1
1788849000000,12.643,12.663,12.639,12.65,464.0,464.4,5876.717,1
1788849300000,12.649,12.658,12.617,12.617,686.0,686.1,8671.1759,1
1788849600000,12.614,12.629,12.575,12.593,283.0,283.6,3574.6007,1
1788849900000,12.593,12.609,12.58,12.58,383.0,383.4,4828.9768,1
1788850200000,12.583,12.606,12.577,12.588,365.0,365.0,4594.576,1
1788850500000,12.588,12.612,12.58,12.61,322.0,322.0,4057.837,1
1788850800000,12.61,12.633,12.608,12.627,337.0,337.3,4255.7256,1
1788851100000,12.627,12.639,12.626,12.626,255.0,255.8,3231.8856,1
1788851400000,12.626,12.645,12.624,12.633,364.0,364.5,4602.9391,1
1788851700000,12.633,12.633,12.618,12.628,299.0,299.8,3784.8288,1
1788852000000,12.627,12.65,12.627,12.639,112.0,112.0,1415.366,1
1788852300000,12.638,12.665,12.635,12.662,403.0,403.0,5099.4158,1
1788852600000,12.659,12.665,12.659,12.664,449.0,449.5,5692.204,1
1788852900000,12.664,12.713,12.664,12.7,972.0,972.9,12341.4968,1
1788853200000,12.7,12.713,12.673,12.674,326.0,326.2,4139.806,1
1788853500000,12.671,12.673,12.663,12.664,699.0,699.7,8863.3033,1
1788853800000,12.664,12.679,12.654,12.67,630.0,630.0,7975.142,1
1788854100000,12.676,12.681,12.661,12.67,259.0,259.0,3281.742,1
1788854400000,12.673,12.675,12.639,12.64,537.0,537.0,6792.8838,1
1788854700000,12.64,12.657,12.619,12.62,314.0,314.3,3973.0217,1
1788855000000,12.62,12.642,12.613,12.63,566.0,566.6,7154.292,1
1788855300000,12.632,12.642,12.615,12.62,3560.0,3560.0,44988.617,1
1788855600000,12.62,12.636,12.615,12.633,1181.0,1181.0,14908.622,1
1788855900000,12.633,12.638,12.614,12.63,225.0,225.0,2840.391,1
1788856200000,12.625,12.661,12.617,12.655,348.0,348.2,4402.2249,1
1788856500000,12.659,12.681,12.659,12.681,258.0,258.3,3271.2615,1
1788856800000,12.681,12.686,12.676,12.684,420.0,420.8,5336.3718,1
1788857100000,12.684,12.691,12.682,12.682,273.0,273.0,3463.807,1
1788857400000,12.682,12.686,12.682,12.682,29950.0,29950.0,379826.032,1
1788857700000,12.656,12.664,12.642,12.643,120.0,120.0,1518.552,1
1788858000000,12.643,12.66,12.642,12.657,409.0,409.7,5185.3863,1
1788858300000,12.657,12.658,12.625,12.634,220.0,220.3,2785.5157,1
1788858600000,12.641,12.689,12.624,12.674,10238.0,10238.0,129808.1718,1
1788858900000,12.663,12.68,12.653,12.656,212.0,212.0,2685.505,1
1788859200000,12.656,12.663,12.648,12.657,206.0,206.0,2606.283,1
1788859500000,12.657,12.664,12.65,12.655,122.0,122.0,1543.944,1
1788859800000,12.655,12.7,12.648,12.698,339.0,339.5,4303.9337,1
1788860100000,12.698,12.736,12.698,12.736,3675.0,3675.4,46705.1916,1
1788860400000,12.736,12.745,12.727,12.744,578.0,578.0,7363.117,1
1788860700000,12.744,12.768,12.744,12.757,1263.0,1263.1,16119.4833,1
1788861000000,12.76,12.76,12.72,12.73,1556.0,1556.0,19838.6323,1
1788861300000,12.73,12.747,12.718,12.721,617.0,617.6,7860.1283,1
1788861600000,12.721,12.723,12.707,12.707,315.0,315.3,4008.8359,1
1788861900000,12.707,12.715,12.684,12.684,704.0,704.9,8959.1342,1
1788862200000,12.684,12.694,12.681,12.693,187.0,187.9,2384.4617,1
1788862500000,12.693,12.708,12.693,12.708,167.0,167.3,2125.1726,1
1788862800000,12.716,12.76,12.713,12.719,424.0,424.7,5410.5148,1
1788863100000,12.719,12.733,12.719,12.719,279.0,279.6,3556.9454,1
1788863400000,12.719,12.725,12.692,12.692,1062.0,1062.1,13500.8056,1
1788863700000,12.692,12.692,12.658,12.668,3863.0,3863.7,48920.682,1
1788864000000,12.668,12.668,12.656,12.657,1781.0,1781.0,22540.684,1
1788864300000,12.657,12.659,12.637,12.641,6865.0,6865.8,86877.6852,1
1788864600000,12.641,12.66,12.635,12.652,8408.0,8408.0,106400.81,1
1788864900000,12.652,12.654,12.637,12.637,128.0,128.0,1618.637,1
1788865200000,12.639,12.639,12.579,12.579,37912.0,37912.6,477537.5418,1
1788865500000,12.579,12.58,12.576,12.576,5010.0,5010.9,63035.5922,1
1788865800000,12.576,12.576,12.514,12.524,1066.0,1066.5,13369.6054,1
1788866100000,12.522,12.536,12.518,12.53,422.0,422.3,5290.4936,1
1788866400000,12.529,12.548,12.504,12.533,14687.0,14687.4,183752.5171,1
1788866700000,12.533,12.553,12.53,12.531,886.0,886.2,11121.8967,1
1788867000000,12.536,12.536,12.482,12.51,4381.0,4381.9,54776.8351,1
1788867300000,12.511,12.532,12.505,12.521,4590.0,4590.0,57450.7848,1
1788867600000,12.522,12.532,12.512,12.531,294.0,294.0,3682.08,1
1788867900000,12.532,12.532,12.485,12.509,452.0,452.5,5661.0701,1
1788868200000,12.513,12.514,12.47,12.47,918.0,918.9,11468.5812,1
1788868500000,12.47,12.502,12.47,12.496,322.0,322.0,4020.567,1
1788868800000,12.501,12.503,12.432,12.444,5310.0,5310.9,66095.1364,1
1788869100000,12.443,12.532,12.43,12.507,534.0,534.0,6661.085,1
1788869400000,12.507,12.523,12.483,12.504,561.0,561.6,7024.1716,1
1788869700000,12.504,12.532,12.504,12.532,237.0,237.9,2979.2362,1
1788870000000,12.532,12.536,12.523,12.535,319.0,319.3,4001.678,1
1788870300000,12.535,12.536,12.512,12.535,228.0,228.0,2856.369,1
1788870600000,12.534,12.549,12.522,12.534,460.0,460.8,5778.1401,1
1788870900000,12.54,12.545,12.53,12.539,164.0,164.9,2067.4655,1
1788871200000,12.534,12.536,12.512,12.512,263.0,263.7,3302.9034,1
1788871500000,12.512,12.526,12.501,12.526,230.0,230.6,2885.5141,1
1788871800000,12.526,12.532,12.511,12.531,261.0,261.0,3269.105,1
1788872100000,12.531,12.549,12.52,12.526,276.0,276.3,3461.6566,1
1788872400000,12.527,12.532,12.51,12.528,303.0,303.1,3795.7484,1
1788872700000,12.525,12.549,12.521,12.53,599.0,599.9,7524.3932,1
1788873000000,12.53,12.542,12.519,12.527,313.0,313.2,3924.375,1
1788873300000,12.527,12.538,12.507,12.507,191.0,191.0,2392.611,1
1788873600000,12.507,12.513,12.472,12.473,543.0,543.7,6787.0271,1
1788873900000,12.471,12.484,12.461,12.461,357.0,357.0,4452.196,1
1788874200000,12.462,12.472,12.414,12.423,1092.0,1092.8,13592.8611,1
1788874500000,12.427,12.435,12.366,12.368,2912.0,2912.0,36087.5849,1
1788874800000,12.372,12.375,12.31,12.354,9349.0,9349.3,115351.3736,1
1788875100000,12.354,12.394,12.339,12.394,3044.0,3044.8,37641.545,1
1788875400000,12.392,12.4,12.361,12.4,1178.0,1178.8,14591.0801,1
1788875700000,12.4,12.479,12.399,12.45,816.0,816.1,10155.5779,1
1788876000000,12.452,12.464,12.4,12.426,1845.0,1845.6,22952.3871,1
1788876300000,12.426,12.46,12.426,12.453,2001.0,2001.6,24908.3949,1
1788876600000,12.444,12.492,12.434,12.476,708.0,708.2,8832.7364,1
1788876900000,12.481,12.523,12.48,12.516,915.0,915.1,11441.4656,1
1788877200000,12.521,12.532,12.506,12.511,858.0,858.0,10738.3712,1
1788877500000,12.506,12.517,12.486,12.504,348.0,348.0,4349.349,1
1788877800000,12.502,12.542,12.495,12.534,1023.0,1023.5,12823.1593,1
1788878100000,12.538,12.541,12.512,12.523,652.0,652.0,8168.877,1
1788878400000,12.524,12.538,12.521,12.527,422.0,422.0,5287.777,1
1788878700000,12.527,12.575,12.523,12.573,907.0,907.8,11403.2736,1
1788879000000,12.573,12.583,12.559,12.56,1373.0,1373.6,17255.7935,1
1788879300000,12.56,12.581,12.555,12.579,354.0,354.0,4449.072,1
1788879600000,12.58,12.598,12.575,12.585,1953.0,1953.8,24588.144,1
1788879900000,12.584,12.613,12.573,12.612,887.0,887.9,11180.1318,1
1788880200000,12.612,12.631,12.608,12.618,420.0,420.2,5302.685,1
1788880500000,12.624,12.641,12.624,12.635,1235.0,1235.8,15614.6784,1
1788880800000,12.637,12.637,12.612,12.63,434.0,434.6,5486.3902,1
1788881100000,12.63,12.63,12.593,12.595,443.0,443.4,5592.5465,1
1788881400000,12.596,12.626,12.595,12.625,1417.0,1417.5,17861.9664,1
1788881700000,12.625,12.664,12.622,12.663,740.0,740.7,9363.9432,1
1788882000000,12.662,12.692,12.646,12.692,4615.0,4615.1,58413.3236,1
1788882300000,12.688,12.692,12.675,12.675,473.0,473.5,6004.2502,1
1788882600000,12.676,12.686,12.666,12.681,292.0,292.2,3703.9421,1
1788882900000,12.682,12.703,12.675,12.685,1414.0,1414.1,17949.8563,1
1788883200000,12.681,12.689,12.666,12.682,2527.0,2527.6,32038.5782,1
1788883500000,12.683,12.683,12.666,12.667,340.0,340.9,4319.3189,1
1788883800000,12.667,12.668,12.636,12.646,2568.0,2568.3,32487.9738,1
1788884100000,12.652,12.652,12.619,12.641,499.0,499.4,6308.5157,1
1788884400000,12.642,12.642,12.633,12.639,297.0,297.0,3753.741,1
1788884700000,12.642,12.655,12.64,12.645,479.0,479.6,6064.3587,1
1788885000000,12.642,12.677,12.642,12.677,384.0,384.6,4865.8295,1
1788885300000,12.677,12.716,12.675,12.716,766.0,766.0,9724.9879,1
1788885600000,12.717,12.757,12.712,12.719,11209.0,11209.8,142871.8896,1
1788885900000,12.728,12.749,12.72,12.739,221.0,221.5,2820.2013,1
1788886200000,12.739,12.757,12.723,12.74,449.0,449.4,5724.532,1
1788886500000,12.74,12.743,12.726,12.735,560.0,560.4,7137.5546,1
1788886800000,12.737,12.766,12.737,12.751,438.0,438.7,5595.3328,1
1788887100000,12.754,12.768,12.742,12.742,1443.0,1443.8,18408.149,1
1788887400000,12.742,12.742,12.702,12.724,874.0,874.2,11110.2772,1
1788887700000,12.724,12.733,12.702,12.711,483.0,483.5,6145.5746,1
1788888000000,12.704,12.704,12.676,12.68,316.0,316.3,4014.9327,1
1788888300000,12.68,12.691,12.669,12.691,418.0,418.8,5307.8929,1
1788888600000,12.688,12.692,12.685,12.691,264.0,264.0,3350.219,1
1788888900000,12.692,12.717,12.692,12.704,429.0,429.0,5451.5296,1
1788889200000,12.706,12.706,12.682,12.682,373.0,373.4,4739.875,1
1788889500000,12.68,12.69,12.665,12.666,267.0,267.0,3385.2752,1
1788889800000,12.671,12.692,12.665,12.68,249.0,249.0,3157.365,1
1788890100000,12.679,12.683,12.671,12.671,129.0,129.3,1639.1141,1
1788890400000,12.671,12.687,12.665,12.673,385.0,385.5,4885.6553,1
1788890700000,12.679,12.718,12.672,12.702,397.0,397.3,5047.8153,1
1788891000000,12.702,12.715,12.7,12.706,170.0,170.3,2163.93,1
1788891300000,12.709,12.724,12.706,12.724,762.0,762.6,9697.3126,1
1788891600000,12.724,12.764,12.723,12.76,722.0,722.9,9210.5352,1
1788891900000,12.761,12.762,12.741,12.747,332.0,332.2,4236.1859,1
1788892200000,12.747,12.759,12.741,12.741,214.0,214.0,2728.553,1
1788892500000,12.742,12.742,12.692,12.692,285.0,285.4,3627.4384,1
1788892800000,12.693,12.702,12.693,12.702,341.0,341.4,4333.5742,1
1788893100000,12.702,12.72,12.614,12.625,1907.0,1907.8,24123.1821,1
1788893400000,12.626,12.655,12.605,12.625,943.0,943.5,11915.8199,1
1788893700000,12.615,12.636,12.611,12.624,559.0,559.4,7059.662,1
1788894000000,12.631,12.649,12.611,12.649,518.0,518.4,6548.1339,1
1788894300000,12.649,12.649,12.626,12.627,317.0,317.8,4013.8856,1
1788894600000,12.626,12.627,12.605,12.607,269.0,269.5,3399.3861,1
1788894900000,12.607,12.626,12.604,12.607,379.0,379.0,4779.872,1
1788895200000,12.607,12.607,12.568,12.59,1754.0,1754.8,22082.6176,1
1788895500000,12.591,12.593,12.573,12.592,479.0,479.3,6032.2189,1
1788895800000,12.592,12.593,12.568,12.592,373.0,373.8,4704.8214,1
1788896100000,12.592,12.645,12.59,12.626,14757.0,14757.3,186259.0409,1
1788896400000,12.629,12.638,12.556,12.563,13444.0,13444.3,168935.7829,1
1788896700000,12.563,12.576,12.547,12.567,4470.0,4470.1,56142.4376,1
1788897000000,12.567,12.572,12.536,12.543,817.0,817.7,10260.3246,1
1788897300000,12.552,12.558,12.537,12.558,894.0,894.2,11215.2068,1
1788897600000,12.559,12.579,12.558,12.561,1133.0,1133.7,14244.0923,1
1788897900000,12.561,12.602,12.561,12.602,486.0,486.8,6123.4633,1
1788898200000,12.602,12.609,12.591,12.606,169.0,169.0,2129.647,1
1788898500000,12.606,12.606,12.561,12.561,623.0,623.9,7855.9788,1
1788898800000,12.561,12.561,12.538,12.554,322.0,322.9,4053.0895,1
1788899100000,12.554,12.56,12.54,12.552,514.0,514.7,6459.7629,1
1788899400000,12.552,12.552,12.527,12.527,229.0,229.5,2876.1624,1
1788899700000,12.527,12.542,12.527,12.541,410.0,410.0,5140.399,1
1788900000000,12.541,12.542,12.527,12.535,178.0,178.0,2231.45,1
1788900300000,12.537,12.553,12.526,12.526,4414.0,4414.9,55394.0877,1
1788900600000,12.519,12.528,12.511,12.526,442.0,442.0,5532.0173,1
1788900900000,12.527,12.529,12.511,12.511,464.0,464.3,5811.8332,1
1788901200000,12.515,12.525,12.507,12.514,502.0,502.2,6288.4233,1
1788901500000,12.514,12.533,12.514,12.521,498.0,498.3,6243.3476,1
1788901800000,12.521,12.543,12.521,12.542,129.0,129.1,1617.6848,1
1788902100000,12.543,12.552,12.534,12.537,238.0,238.8,2995.0767,1
1788902400000,12.537,12.542,12.51,12.51,1272.0,1272.3,15919.5672,1
1788902700000,12.511,12.532,12.51,12.514,337.0,337.8,4228.0416,1
1788903000000,12.514,12.533,12.501,12.506,391.0,391.9,4904.3482,1
1788903300000,12.502,12.502,12.48,12.498,1221.0,1221.4,15246.9577,1
1788903600000,12.489,12.489,12.479,12.48,137.0,137.7,1718.6917,1
1788903900000,12.48,12.48,12.46,12.461,371.0,371.8,4635.1592,1
1788904200000,12.46,12.461,12.432,12.437,1099.0,1099.8,13678.4887,1
1788904500000,12.437,12.459,12.436,12.459,601.0,601.7,7488.6101,1
1788904800000,12.459,12.526,12.459,12.525,1110.0,1110.5,13871.7779,1
1788905100000,12.524,12.526,12.495,12.497,209.0,209.0,2614.78,1
1788905400000,12.497,12.503,12.494,12.495,160.0,160.0,1999.649,1
1788905700000,12.51,12.52,12.498,12.498,486.0,486.2,6083.1875,1
1788906000000,12.498,12.525,12.498,12.506,760.0,760.8,9514.3838,1
1788906300000,12.506,12.51,12.499,12.503,910.0,910.5,11383.1945,1
1788906600000,12.503,12.506,12.496,12.498,184.0,184.4,2305.1977,1
1788906900000,12.498,12.504,12.491,12.491,287.0,287.8,3595.7332,1
1788907200000,12.492,12.51,12.492,12.499,115.0,115.0,1437.385,1
1788907500000,12.499,12.523,12.499,12.523,155.0,155.1,1941.069,1
1788907800000,12.523,12.526,12.522,12.525,88.0,88.0,1102.107,1
1788908100000,12.525,12.539,12.521,12.533,210.0,210.2,2633.0058,1
1788908400000,12.533,12.548,12.52,12.52,738.0,738.8,9262.7346,1
1788908700000,12.52,12.523,12.51,12.51,135.0,135.0,1689.791,1
1788909000000,12.51,12.512,12.498,12.504,386.0,386.5,4834.8125,1
1788909300000,12.498,12.509,12.495,12.505,157.0,157.0,1962.834,1
1788909600000,12.505,12.508,12.496,12.497,85.0,85.0,1062.533,1
1788909900000,12.497,12.526,12.497,12.525,117.0,117.0,1464.714,1
1788910200000,12.525,12.529,12.524,12.527,134.0,134.9,1689.7118,1
1788910500000,12.527,12.532,12.518,12.531,577.0,577.1,7230.3141,1
1788910800000,12.531,12.532,12.523,12.523,102.0,102.0,1277.826,1
1788911100000,12.523,12.532,12.514,12.527,969.0,969.6,12145.1503,1
1788911400000,12.527,12.527,12.511,12.511,633.0,633.7,7936.6065,1
1788911700000,12.511,12.511,12.499,12.507,214.0,214.7,2684.9021,1
1788912000000,12.507,12.546,12.507,12.544,318.0,318.7,3993.068,1
1788912300000,12.544,12.567,12.542,12.556,522.0,522.1,6559.9116,1
1788912600000,12.552,12.559,12.544,12.549,315.0,315.8,3964.8548,1
1788912900000,12.549,12.549,12.532,12.533,227.0,227.1,2847.3293,1
1788913200000,12.533,12.537,12.509,12.509,206.0,206.5,2587.1054,1
1788913500000,12.508,12.513,12.494,12.496,235.0,235.4,2942.1866,1
1788913800000,12.496,12.496,12.463,12.472,337.0,337.9,4216.1367,1
1788914100000,12.478,12.492,12.459,12.492,181.0,181.6,2264.9494,1
1788914400000,12.492,12.493,12.476,12.493,191.0,191.5,2391.278,1
1788914700000,12.493,12.523,12.493,12.523,3226.0,3226.6,40337.1999,1
1788915000000,12.523,12.526,12.512,12.523,359.0,359.4,4499.2496,1
1788915300000,12.523,12.525,12.513,12.524,417.0,417.6,5229.5305,1
1788915600000,12.518,12.528,12.5,12.5,925.0,925.7,11583.541,1
1788915900000,12.502,12.516,12.502,12.512,285.0,285.9,3575.6594,1
1788916200000,12.512,12.529,12.5,12.503,413.0,413.4,5174.1329,1
1788916500000,12.503,12.504,12.457,12.457,2675.0,2675.3,33409.7475,1
1788916800000,12.457,12.476,12.456,12.462,553.0,553.6,6901.8937,1
1788917100000,12.461,12.482,12.46,12.471,478.0,478.6,5971.0743,1
1788917400000,12.465,12.471,12.447,12.471,607.0,607.6,7567.5814,1
1788917700000,12.471,12.5,12.471,12.5,812.0,812.6,10152.1221,1
1788918000000,12.5,12.513,12.477,12.482,343.0,343.3,4288.4057,1
1788918300000,12.482,12.505,12.482,12.496,747.0,747.4,9335.9068,1
1788918600000,12.496,12.506,12.48,12.497,480.0,480.7,6008.4141,1
1788918900000,12.493,12.495,12.479,12.495,122.0,122.4,1528.1916,1
1788919200000,12.492,12.498,12.477,12.489,282.0,282.0,3522.384,1
1788919500000,12.489,12.506,12.478,12.502,563.0,563.8,7037.9424,1
1788919800000,12.502,12.506,12.462,12.468,1275.0,1275.0,15915.3924,1
1788920100000,12.468,12.474,12.43,12.461,1511.0,1511.5,18835.6381,1
1788920400000,12.451,12.477,12.436,12.476,327.0,327.2,4074.6294,1
1788920700000,12.462,12.468,12.454,12.461,693.0,693.2,8639.3542,1
1788921000000,12.464,12.468,12.452,12.457,194.0,194.0,2417.395,1
1788921300000,12.453,12.462,12.445,12.455,1179.0,1179.6,14683.1765,1
1788921600000,12.458,12.469,12.456,12.466,175.0,175.3,2184.3024,1
1788921900000,12.464,12.471,12.452,12.455,182.0,182.6,2275.448,1
1788922200000,12.455,12.473,12.445,12.447,869.0,869.0,10823.2853,1
1788922500000,12.444,12.447,12.438,12.438,120.0,120.4,1498.3641,1
1788922800000,12.44,12.44,12.411,12.42,330.0,330.7,4109.6375,1
1788923100000,12.421,12.435,12.4,12.411,5609.0,5609.3,69566.8783,1
1788923400000,12.408,12.42,12.4,12.4,492.0,492.3,6106.8477,1
1788923700000,12.4,12.409,12.4,12.401,227.0,227.0,2815.339,1
1788924000000,12.401,12.402,12.363,12.387,9828.0,9828.6,121664.7747,1
1788924300000,12.385,12.386,12.37,12.374,227.0,227.3,2813.0738,1
1788924600000,12.376,12.387,12.37,12.385,255.0,255.0,3156.884,1
1788924900000,12.379,12.398,12.379,12.398,568.0,568.4,7042.9424,1
1788925200000,12.398,12.405,12.396,12.399,153.0,153.6,1904.6932,1
1788925500000,12.399,12.411,12.396,12.4,354.0,354.4,4396.4136,1
1788925800000,12.4,12.4,12.376,12.391,174.0,174.5,2161.3622,1
1788926100000,12.392,12.394,12.382,12.387,221.0,221.6,2745.5862,1
1788926400000,12.392,12.477,12.387,12.469,1021.0,1021.3,12710.0679,1
1788926700000,12.473,12.48,12.46,12.463,446.0,446.6,5570.6484,1
1788927000000,12.461,12.467,12.453,12.465,319.0,319.1,3975.393,1
1788927300000,12.465,12.468,12.453,12.46,227.0,227.0,2828.762,1
1788927600000,12.461,12.501,12.461,12.501,263.0,263.3,3285.5959,1
1788927900000,12.501,12.506,12.492,12.501,207.0,207.0,2587.131,1
1788928200000,12.501,12.501,12.479,12.484,264.0,264.0,3297.354,1
1788928500000,12.479,12.488,12.479,12.485,203.0,203.6,2541.841,1
1788928800000,12.479,12.526,12.479,12.525,345.0,345.4,4319.1378,1
1788929100000,12.526,12.57,12.513,12.555,1056.0,1056.7,13252.8934,1
1788929400000,12.552,12.575,12.552,12.574,310.0,310.0,3895.872,1
1788929700000,12.575,12.588,12.569,12.581,658.0,658.6,8286.1225,1
1788930000000,12.581,12.581,12.539,12.558,817.0,817.4,10267.9084,1
1788930300000,12.558,12.558,12.536,12.542,173.0,173.0,2169.708,1
1788930600000,12.542,12.575,12.542,12.575,303.0,303.6,3811.1524,1
1788930900000,12.575,12.587,12.554,12.582,395.0,395.3,4971.0327,1
1788931200000,12.582,12.585,12.56,12.567,226.0,226.9,2851.2725,1
1788931500000,12.567,12.573,12.56,12.56,223.0,223.0,2801.704,1
1788931800000,12.56,12.562,12.506,12.515,446.0,446.7,5599.0526,1
1788932100000,12.514,12.525,12.506,12.507,320.0,320.0,4004.487,1
1788932400000,12.507,12.511,12.498,12.499,212.0,212.3,2655.1178,1
1788932700000,12.499,12.499,12.46,12.461,367.0,367.5,4582.1451,1
1788933000000,12.461,12.482,12.461,12.478,130.0,130.0,1621.246,1
1788933300000,12.478,12.488,12.476,12.488,133.0,133.0,1659.979,1
1788933600000,12.492,12.506,12.477,12.477,664.0,664.0,8296.7824,1
1788933900000,12.479,12.492,12.474,12.491,222.0,222.0,2771.997,1
1788934200000,12.491,12.531,12.491,12.531,322.0,322.6,4037.9747,1
1788934500000,12.531,12.558,12.531,12.556,458.0,458.1,5749.93,1
1788934800000,12.557,12.593,12.556,12.584,588.0,588.9,7405.9647,1
1788935100000,12.583,12.589,12.576,12.577,234.0,234.8,2954.3226,1
1788935400000,12.582,12.585,12.567,12.58,196.0,196.5,2471.4575,1
1788935700000,12.582,12.592,12.579,12.579,191.0,191.5,2410.4008,1
1788936000000,12.579,12.585,12.572,12.576,78.0,78.0,981.119,1
1788936300000,12.576,12.578,12.562,12.564,419.0,419.4,5271.239,1
1788936600000,12.561,12.567,12.549,12.549,1208.0,1208.6,15174.551,1
1788936900000,12.549,12.577,12.549,12.56,11859.0,11859.6,149070.1056,1
1788937200000,12.561,12.57,12.561,12.57,232.0,232.0,2914.724,1
1788937500000,12.57,12.631,12.57,12.602,1495.0,1495.7,18874.9451,1
1788937800000,12.602,12.618,12.587,12.587,1333.0,1333.9,16815.1976,1
1788938100000,12.587,12.59,12.576,12.576,487.0,487.7,6136.8868,1
1788938400000,12.576,12.577,12.555,12.572,271.0,271.1,3406.5998,1
1788938700000,12.572,12.576,12.554,12.565,271.0,271.8,3415.4238,1
1788939000000,12.571,12.577,12.563,12.567,299.0,299.1,3759.4108,1
1788939300000,12.569,12.574,12.56,12.56,237.0,237.1,2980.2173,1
1788939600000,12.565,12.565,12.547,12.548,152.0,152.9,1920.0594,1
1788939900000,12.548,12.553,12.547,12.548,141.0,141.0,1769.245,1
1788940200000,12.548,12.548,12.479,12.48,425.0,425.3,5322.5026,1
1788940500000,12.481,12.483,12.479,12.479,184.0,184.0,2296.409,1
1788940800000,12.484,12.498,12.463,12.494,1108.0,1108.3,13838.4886,1
1788941100000,12.496,12.501,12.484,12.501,5223.0,5223.8,65277.4918,1
1788941400000,12.501,12.505,12.5,12.501,1867.0,1867.5,23344.648,1
1788941700000,12.5,12.502,12.484,12.493,2719.0,2719.1,33984.8457,1
1788942000000,12.497,12.502,12.491,12.501,3791.0,3791.0,47382.527,1
1788942300000,12.502,12.502,12.501,12.502,166.0,166.0,2075.233,1
1788942600000,12.502,12.503,12.502,12.502,222.0,222.1,2776.7062,1
1788942900000,12.502,12.503,12.482,12.482,5264.0,5264.2,65802.3102,1
1788943200000,12.482,12.492,12.479,12.485,395.0,395.7,4941.9037,1
1788943500000,12.485,12.491,12.479,12.48,52.0,52.0,649.22,1
1788943800000,12.48,12.498,12.478,12.49,280.0,280.6,3503.9318,1
1788944100000,12.49,12.495,12.487,12.491,1448.0,1448.3,18090.2777,1
1788944400000,12.495,12.495,12.481,12.49,644.0,644.6,8049.5518,1
1788944700000,12.49,12.491,12.454,12.454,259.0,259.1,3231.0167,1
1788945000000,12.454,12.46,12.435,12.46,676.0,676.2,8410.4663,1
1788945300000,12.46,12.46,12.444,12.453,361.0,361.8,4506.283,1
1788945600000,12.453,12.453,12.434,12.434,165.0,165.0,2052.5156,1
1788945900000,12.431,12.444,12.43,12.43,4982.0,4982.0,61977.0888,1
1788946200000,12.43,12.434,12.411,12.411,1929.0,1929.9,23974.545,1
1788946500000,12.411,12.416,12.378,12.387,940.0,940.6,11655.9425,1
1788946800000,12.385,12.388,12.34,12.357,932.0,932.0,11515.2378,1
1788947100000,12.356,12.357,12.31,12.31,2028.0,2028.5,24985.3466,1
1788947400000,12.31,12.32,12.225,12.228,13706.0,13706.7,167945.6002,1
1788947700000,12.243,12.243,12.227,12.235,1009.0,1009.5,12348.523,1
1788948000000,12.237,12.257,12.229,12.249,830.0,830.6,10166.4652,1
1788948300000,12.248,12.26,12.193,12.194,659.0,659.9,8074.9837,1
1788948600000,12.194,12.194,12.13,12.133,3621.0,3621.4,44046.6334,1
1788948900000,12.136,12.158,12.0,12.042,8488.0,8488.8,102165.8628,1
1788949200000,12.047,12.08,11.969,11.998,8197.0,8197.9,98369.7773,1
1788949500000,12.001,12.06,11.98,12.008,10168.0,10168.8,122464.2692,1
1788949800000,12.012,12.029,11.975,12.01,709.0,709.0,8509.5233,1
1788950100000,12.009,12.067,12.006,12.061,1031.0,1031.3,12409.7839,1
1788950400000,12.067,12.067,12.047,12.061,1416.0,1416.2,17077.6028,1
1788950700000,12.061,12.077,12.05,12.066,1007.0,1007.9,12158.6779,1
1788951000000,12.06,12.06,12.026,12.037,1114.0,1114.9,13421.7434,1
1788951300000,12.04,12.055,12.036,12.053,225.0,225.0,2711.437,1
1788951600000,12.054,12.054,12.037,12.053,382.0,382.0,4603.909,1
1788951900000,12.047,12.053,12.031,12.048,2354.0,2354.5,28334.951,1
1788952200000,12.05,12.055,12.0,12.052,27887.0,27887.8,335314.5121,1
1788952500000,12.052,12.052,12.006,12.052,36869.0,36869.5,443608.6861,1
1788952800000,12.051,12.066,12.051,12.065,359.0,359.3,4330.9076,1
1788953100000,12.067,12.095,12.063,12.068,580.0,580.3,7012.8359,1
1788953400000,12.067,12.097,12.067,12.085,258.0,258.0,3117.095,1
1788953700000,12.085,12.092,12.03,12.054,1808.0,1808.0,21786.7587,1
1788954000000,12.055,12.059,12.035,12.051,12814.0,12814.7,154360.7531,1
1788954300000,12.05,12.083,12.05,12.064,1160.0,1160.0,13999.7307,1
1788954600000,12.073,12.122,12.067,12.113,2705.0,2705.5,32740.6424,1
1788954900000,12.113,12.119,12.099,12.107,2214.0,2214.7,26832.0609,1
1788955200000,12.114,12.131,12.103,12.118,2390.0,2390.2,28969.5772,1
1788955500000,12.112,12.152,12.112,12.152,3627.0,3627.6,44046.3425,1
1788955800000,12.145,12.151,12.132,12.134,308.0,308.0,3738.4118,1
1788956100000,12.141,12.158,12.13,12.143,480.0,480.6,5837.2311,1
1788956400000,12.15,12.179,12.143,12.176,19913.0,19913.0,242121.2844,1
1788956700000,12.176,12.179,12.175,12.177,6674.0,6674.0,81256.34,1
1788957000000,12.178,12.2,12.176,12.199,669.0,669.5,8163.6926,1
1788957300000,12.2,12.212,12.19,12.203,769.0,769.6,9392.747,1
1788957600000,12.2,12.212,12.198,12.202,452.0,452.2,5518.3998,1
1788957900000,12.198,12.212,12.187,12.2,382.0,382.0,4661.729,1
1788958200000,12.2,12.211,12.18,12.206,428.0,428.8,5231.6672,1
1788958500000,12.206,12.212,12.186,12.198,452.0,452.0,5513.856,1
1788958800000,12.201,12.212,12.183,12.209,470.0,470.5,5736.8524,1
1788959100000,12.206,12.222,12.202,12.202,1005.0,1005.2,12277.3172,1
1788959400000,12.202,12.205,12.184,12.197,250.0,250.3,3051.6238,1
1788959700000,12.197,12.198,12.179,12.198,1174.0,1174.1,14311.0847,1
1788960000000,12.194,12.211,12.194,12.199,341.0,341.8,4171.9141,1
1788960300000,12.199,12.208,12.196,12.207,609.0,609.0,7433.586,1
1788960600000,12.207,12.208,12.195,12.207,1087.0,1087.0,13263.371,1
1788960900000,12.205,12.207,12.115,12.13,9687.0,9687.8,117841.6612,1
1788961200000,12.122,12.145,12.06,12.1,6285.0,6285.5,75958.706,1
1788961500000,12.089,12.164,12.089,12.157,971.0,971.0,11777.3191,1
1788961800000,12.158,12.174,12.135,12.135,555.0,555.8,6756.6906,1
1788962100000,12.135,12.14,12.114,12.118,1053.0,1053.9,12781.7702,1
1788962400000,12.115,12.139,12.097,12.124,1346.0,1346.2,16307.2293,1
1788962700000,12.129,12.159,12.081,12.087,1597.0,1597.8,19391.8515,1
1788963000000,12.087,12.096,12.063,12.096,703.0,703.2,8492.9008,1
1788963300000,12.096,12.112,12.085,12.086,469.0,469.8,5685.9881,1
1788963600000,12.085,12.096,12.074,12.077,2974.0,2974.0,35927.9285,1
1788963900000,12.074,12.134,12.074,12.134,1242.0,1242.8,15025.8423,1
1788964200000,12.139,12.173,12.134,12.139,1501.0,1501.4,18241.4511,1
1788964500000,12.138,12.156,12.131,12.131,1040.0,1040.9,12639.5634,1
1788964800000,12.131,12.133,12.082,12.082,536.0,536.0,6495.1763,1
1788965100000,12.082,12.108,12.081,12.107,574.0,574.7,6949.5261,1
1788965400000,12.108,12.108,12.061,12.061,433.0,433.1,5232.8313,1
1788965700000,12.061,12.065,12.055,12.065,458.0,458.1,5523.663,1
1788966000000,12.069,12.116,12.03,12.045,8671.0,8671.7,104501.9471,1
1788966300000,12.039,12.058,11.979,12.009,3928.0,3928.0,47130.8043,1
1788966600000,12.007,12.009,11.933,11.993,10642.0,10642.7,127333.7278,1
1788966900000,11.977,11.997,11.962,11.996,2839.0,2839.7,34006.1755,1
1788967200000,11.991,11.996,11.821,11.821,9301.0,9301.7,110768.4284,1
1788967500000,11.83,11.921,11.82,11.92,1092.0,1092.7,12968.5824,1
1788967800000,11.921,11.97,11.899,11.963,2312.0,2312.9,27645.0123,1
1788968100000,11.963,11.981,11.955,11.981,3514.0,3514.8,42099.8536,1
1788968400000,11.991,11.994,11.964,11.994,498.0,498.0,5966.1689,1
1788968700000,11.994,11.994,11.974,11.982,818.0,818.1,9803.6049,1
1788969000000,11.979,11.997,11.975,11.997,1579.0,1579.4,18935.583,1
1788969300000,11.998,12.001,11.986,11.992,1279.0,1279.7,15350.4493,1
1788969600000,11.992,12.036,11.988,12.032,2220.0,2220.0,26640.7044,1
1788969900000,12.032,12.036,11.971,11.971,2273.0,2273.9,27301.5472,1
1788970200000,11.971,11.988,11.964,11.988,646.0,646.9,7747.4545,1
1788970500000,11.988,11.988,11.95,11.956,524.0,524.8,6279.1399,1
1788970800000,11.955,11.981,11.949,11.949,415.0,415.9,4973.8065,1
1788971100000,11.956,11.98,11.953,11.973,353.0,353.5,4230.5938,1
1788971400000,11.975,12.05,11.974,12.033,1141.0,1141.6,13728.2529,1
1788971700000,12.03,12.05,12.03,12.031,731.0,731.6,8805.4913,1
1788972000000,12.032,12.032,12.017,12.022,316.0,316.5,3806.8342,1
1788972300000,12.021,12.034,12.016,12.016,434.0,434.2,5220.1536,1
1788972600000,12.019,12.022,12.002,12.002,256.0,256.8,3084.8524,1
1788972900000,12.002,12.007,11.985,12.002,6213.0,6213.4,74511.9849,1
1788973200000,12.002,12.027,11.998,11.999,541.0,541.3,6501.6679,1
1788973500000,11.999,12.023,11.999,12.011,453.0,453.7,5448.7173,1
1788973800000,12.01,12.047,12.01,12.025,6306.0,6306.0,75919.728,1
1788974100000,12.025,12.031,12.003,12.014,1060.0,1060.9,12742.8603,1
1788974400000,12.014,12.026,12.009,12.015,541.0,541.5,6507.7821,1
1788974700000,12.015,12.03,12.015,12.02,283.0,283.1,3403.6425,1
1788975000000,12.02,12.021,12.003,12.007,249.0,249.7,2998.784,1
1788975300000,12.007,12.014,11.997,11.997,247.0,247.3,2968.5793,1
1788975600000,11.998,11.998,11.978,11.989,1156.0,1156.6,13860.6074,1
1788975900000,11.989,11.99,11.984,11.987,1163.0,1163.9,13953.7775,1
1788976200000,11.987,11.997,11.976,11.996,209.0,209.4,2510.3212,1
1788976500000,11.996,11.996,11.992,11.993,222.0,222.6,2670.0904,1
1788976800000,11.991,12.002,11.989,12.0,411.0,411.6,4937.5244,1
1788977100000,12.0,12.004,11.981,11.983,530.0,530.6,6364.9916,1
1788977400000,11.981,11.981,11.97,11.979,1949.0,1949.6,23347.6811,1
1788977700000,11.979,11.979,11.952,11.962,692.0,692.2,8281.4523,1
1788978000000,11.962,11.981,11.961,11.969,2060.0,2060.0,24649.0266,1
1788978300000,11.969,11.97,11.969,11.97,198.0,198.0,2370.0512,1
1788978600000,11.97,11.971,11.955,11.964,1032.0,1032.0,12345.8075,1
1788978900000,11.964,11.971,11.957,11.957,241.0,241.2,2886.2806,1
1788979200000,11.957,11.97,11.956,11.97,528.0,528.2,6320.5729,1
1788979500000,11.964,11.964,11.939,11.944,367.0,367.7,4393.0282,1
1788979800000,11.95,11.952,11.923,11.923,2088.0,2088.6,24946.9463,1
1788980100000,11.923,11.942,11.922,11.925,287.0,287.8,3432.8814,1
1788980400000,11.924,11.936,11.911,11.922,4493.0,4493.1,53574.6702,1
1788980700000,11.922,11.924,11.907,11.915,1132.0,1132.6,13494.0243,1
1788981000000,11.915,11.93,11.915,11.93,863.0,863.3,10295.7666,1
1788981300000,11.93,11.962,11.93,11.957,1788.0,1788.5,21371.0831,1
1788981600000,11.957,11.965,11.947,11.964,189.0,189.3,2263.1856,1
1788981900000,11.958,11.965,11.948,11.948,683.0,683.5,8175.4735,1
1788982200000,11.948,11.955,11.942,11.952,1604.0,1604.6,19174.0241,1
1788982500000,11.952,11.952,11.913,11.918,1071.0,1071.7,12775.843,1
1788982800000,11.915,11.924,11.909,11.912,619.0,619.3,7380.9604,1
1788983100000,11.912,11.918,11.912,11.917,115.0,115.0,1370.341,1
1788983400000,11.914,11.914,11.863,11.875,2684.0,2684.1,31882.6415,1
1788983700000,11.876,11.881,11.854,11.863,589.0,589.7,6996.9443,1
1788984000000,11.858,11.886,11.858,11.866,863.0,863.5,10254.2942,1
1788984300000,11.866,11.881,11.858,11.875,383.0,383.2,4549.2783,1
1788984600000,11.875,11.882,11.834,11.848,656.0,656.6,7775.4807,1
1788984900000,11.845,11.881,11.844,11.857,289.0,289.3,3430.4228,1
1788985200000,11.85,11.853,11.759,11.776,4769.0,4769.8,56229.053,1
1788985500000,11.781,11.799,11.729,11.747,2318.0,2318.2,27260.2715,1
1788985800000,11.747,11.8,11.746,11.8,1428.0,1428.7,16814.8662,1
1788986100000,11.794,11.816,11.793,11.807,647.0,647.8,7648.9381,1
1788986400000,11.807,11.808,11.778,11.785,1673.0,1673.3,19722.6085,1
1788986700000,11.785,11.795,11.753,11.758,394.0,394.9,4651.8873,1
1788987000000,11.764,11.782,11.75,11.779,750.0,750.5,8836.8472,1
1788987300000,11.778,11.805,11.778,11.804,223.0,223.3,2633.2038,1
1788987600000,11.803,11.803,11.769,11.783,636.0,636.5,7499.531,1
1788987900000,11.784,11.797,11.771,11.773,1171.0,1171.8,13801.1978,1
1788988200000,11.769,11.788,11.76,11.788,1070.0,1070.4,12599.1197,1
1788988500000,11.788,11.788,11.749,11.766,2211.0,2211.0,26045.5171,1
1788988800000,11.766,11.789,11.751,11.789,260.0,260.1,3061.1622,1
1788989100000,11.787,11.816,11.787,11.8,4218.0,4218.7,49802.4233,1
1788989400000,11.8,11.8,11.75,11.75,2999.0,2999.4,35277.0797,1
1788989700000,11.75,11.753,11.736,11.745,297.0,297.5,3493.6731,1
1788990000000,11.751,11.755,11.737,11.737,601.0,601.2,7059.7036,1
1788990300000,11.737,11.741,11.695,11.702,2597.0,2597.4,30407.5427,1
1788990600000,11.694,11.715,11.694,11.715,1488.0,1488.5,17426.8788,1
1788990900000,11.715,11.736,11.712,11.736,537.0,537.0,6293.321,1
1788991200000,11.745,11.749,11.719,11.728,614.0,614.2,7210.7832,1
1788991500000,11.732,11.732,11.603,11.659,6129.0,6129.2,71474.3438,1
1788991800000,11.659,11.719,11.659,11.684,2747.0,2747.4,32134.7994,1
1788992100000,11.684,11.684,11.648,11.666,609.0,609.4,7107.4229,1
1788992400000,11.666,11.709,11.666,11.702,1324.0,1324.0,15485.4914,1
1788992700000,11.702,11.756,11.702,11.734,958.0,958.1,11245.9932,1
1788993000000,11.734,11.734,11.705,11.714,317.0,317.8,3723.5424,1
1788993300000,11.714,11.736,11.704,11.736,1365.0,1365.7,16011.8839,1
1788993600000,11.736,11.74,11.723,11.736,910.0,910.8,10684.5181,1
1788993900000,11.736,11.74,11.717,11.718,501.0,501.4,5879.4192,1
1788994200000,11.717,11.717,11.701,11.701,597.0,597.9,6997.7004,1
1788994500000,11.701,11.701,11.67,11.673,2059.0,2059.9,24059.0364,1
1788994800000,11.669,11.735,11.666,11.732,568.0,568.7,6655.3991,1
1788995100000,11.732,11.748,11.732,11.744,768.0,768.4,9021.3914,1
1788995400000,11.74,11.749,11.74,11.748,266.0,266.1,3125.5438,1
1788995700000,11.748,11.763,11.746,11.763,889.0,889.1,10448.3401,1
1788996000000,11.763,11.769,11.751,11.758,592.0,592.5,6971.7517,1
1788996300000,11.758,11.774,11.756,11.774,159.0,159.4,1875.2844,1
1788996600000,11.769,11.781,11.765,11.781,835.0,835.7,9837.7736,1
1788996900000,11.781,11.782,11.776,11.781,363.0,363.7,4283.8656,1
1788997200000,11.781,11.782,11.776,11.78,438.0,438.5,5164.9272,1
1788997500000,11.775,11.803,11.775,11.802,310.0,310.5,3661.6463,1
1788997800000,11.802,11.807,11.795,11.802,217.0,217.5,2567.0596,1
1788998100000,11.802,11.805,11.794,11.798,158.0,158.3,1867.8795,1
1788998400000,11.797,11.804,11.782,11.8,972.0,972.8,11474.8589,1
1788998700000,11.8,11.816,11.789,11.792,540.0,540.9,6381.3785,1
1788999000000,11.792,11.8,11.767,11.769,260.0,260.1,3065.5965,1
1788999300000,11.769,11.77,11.759,11.759,182.0,182.4,2146.1555,1
1788999600000,11.759,11.759,11.731,11.746,1444.0,1444.3,16956.413,1
1788999900000,11.741,11.763,11.736,11.758,670.0,670.9,7877.6701,1
1789000200000,11.758,11.758,11.722,11.73,490.0,490.6,5755.5308,1
1789000500000,11.73,11.763,11.73,11.745,949.0,949.9,11149.1948,1
1789000800000,11.739,11.739,11.703,11.708,765.0,765.1,8959.7031,1
1789001100000,11.703,11.733,11.701,11.721,419.0,419.4,4915.0184,1
1789001400000,11.717,11.733,11.702,11.714,346.0,346.0,4053.586,1
1789001700000,11.711,11.715,11.7,11.715,284.0,284.6,3332.2096,1
1789002000000,11.71,11.757,11.704,11.757,383.0,383.5,4499.859,1
1789002300000,11.757,11.798,11.757,11.776,592.0,592.9,6986.9162,1
1789002600000,11.779,11.785,11.763,11.763,235.0,235.1,2767.7196,1
1789002900000,11.764,11.764,11.733,11.759,395.0,395.8,4649.1094,1
1789003200000,11.758,11.763,11.733,11.759,303.0,303.0,3558.706,1
1789003500000,11.753,11.757,11.733,11.734,217.0,217.0,2548.67,1
1789003800000,11.734,11.738,11.717,11.717,385.0,385.2,4517.9085,1
1789004100000,11.717,11.717,11.667,11.668,654.0,654.6,7651.2012,1
1789004400000,11.668,11.733,11.668,11.703,630.0,630.6,7381.7325,1
1789004700000,11.707,11.729,11.7,11.709,393.0,393.0,4602.707,1
1789005000000,11.709,11.714,11.668,11.673,358.0,358.6,4192.2368,1
1789005300000,11.673,11.709,11.673,11.706,410.0,410.0,4796.866,1
1789005600000,11.699,11.715,11.696,11.715,285.0,285.3,3339.7467,1
1789005900000,11.715,11.733,11.711,11.732,304.0,304.2,3567.3058,1
1789006200000,11.732,11.747,11.73,11.746,542.0,542.1,6363.8598,1
1789006500000,11.746,11.757,11.733,11.741,373.0,373.9,4391.0494,1
1789006800000,11.742,11.757,11.742,11.745,298.0,298.0,3501.675,1
1789007100000,11.75,11.756,11.747,11.755,435.0,435.1,5113.8478,1
1789007400000,11.756,11.782,11.752,11.782,222.0,222.6,2620.0145,1
1789007700000,11.788,11.797,11.775,11.788,2768.0,2768.8,32653.6865,1
1789008000000,11.788,11.799,11.788,11.798,2551.0,2551.7,30096.5136,1
1789008300000,11.798,11.84,11.798,11.836,440.0,440.3,5207.0746,1
1789008600000,11.834,11.842,11.828,11.835,230.0,230.0,2721.9134,1
1789008900000,11.84,11.845,11.835,11.839,1051.0,1051.6,12453.2777,1
1789009200000,11.839,11.868,11.839,11.86,444.0,444.9,5273.8956,1
1789009500000,11.865,11.865,11.849,11.851,222.0,222.0,2631.299,1
1789009800000,11.852,11.882,11.85,11.863,80259.0,80259.9,953257.3384,1
1789010100000,11.864,11.864,11.836,11.846,1842.0,1842.6,21814.5273,1
1789010400000,11.846,11.856,11.819,11.819,3861.0,3861.8,45714.7956,1
1789010700000,11.819,11.826,11.799,11.814,2398.0,2398.2,28310.5015,1
1789011000000,11.814,11.842,11.804,11.816,1988.0,1988.1,23526.1147,1
1789011300000,11.816,11.817,11.793,11.806,4056.0,4056.3,47852.0719,1
1789011600000,11.806,11.818,11.793,11.816,414.0,414.2,4891.4772,1
1789011900000,11.816,11.844,11.816,11.842,8774.0,8774.1,103882.3264,1
1789012200000,11.825,11.835,11.795,11.803,885.0,885.0,10449.4726,1
1789012500000,11.794,11.809,11.794,11.808,251.0,251.7,2969.5525,1
1789012800000,11.803,11.814,11.796,11.814,792.0,792.7,9360.6139,1
1789013100000,11.809,11.818,11.803,11.814,380.0,380.4,4492.8874,1
1789013400000,11.818,11.818,11.811,11.812,131.0,131.0,1547.751,1
1789013700000,11.812,11.818,11.81,11.818,382.0,382.7,4520.6814,1
1789014000000,11.818,11.818,11.816,11.816,149.0,149.6,1767.8952,1
1789014300000,11.816,11.818,11.816,11.817,94.0,94.0,1110.754,1
1789014600000,11.817,11.827,11.816,11.82,543.0,543.9,6430.6539,1
1789014900000,11.826,11.826,11.811,11.817,1019.0,1019.1,12044.2841,1
1789015200000,11.821,11.823,11.812,11.812,546.0,546.0,6452.7775,1
1789015500000,11.812,11.825,11.81,11.814,245.0,245.0,2894.5094,1
1789015800000,11.814,11.82,11.799,11.813,409.0,409.5,4836.1546,1
1789016100000,11.813,11.83,11.806,11.806,245.0,245.6,2902.0566,1
1789016400000,11.806,11.818,11.789,11.79,209.0,209.2,2469.0903,1
1789016700000,11.79,11.799,11.771,11.796,229.0,229.4,2703.4228,1
1789017000000,11.796,11.841,11.796,11.841,303.0,303.9,3593.8571,1
1789017300000,11.841,11.848,11.816,11.828,727.0,727.6,8607.9648,1
1789017600000,11.828,11.828,11.812,11.821,268.0,268.3,3171.314,1
1789017900000,11.815,11.84,11.812,11.835,390.0,390.0,4612.6988,1
1789018200000,11.83,11.842,11.821,11.839,998.0,998.2,11816.4529,1
1789018500000,11.839,11.856,11.838,11.843,1151.0,1151.8,13644.0835,1
1789018800000,11.841,11.846,11.832,11.843,136.0,136.7,1618.4478,1
1789019100000,11.841,11.849,11.836,11.843,208.0,208.2,2465.8084,1
1789019400000,11.846,11.855,11.842,11.855,179.0,179.0,2120.528,1
1789019700000,11.855,11.865,11.853,11.861,123.0,123.8,1468.1545,1
1789020000000,11.865,11.865,11.847,11.847,144.0,144.2,1709.7102,1
1789020300000,11.847,11.847,11.832,11.833,126.0,126.7,1499.7801,1
1789020600000,11.833,11.833,11.8,11.8,187.0,187.2,2211.959,1
1789020900000,11.8,11.801,11.769,11.784,694.0,694.3,8177.8932,1
1789021200000,11.784,11.801,11.776,11.789,3823.0,3823.2,45083.0697,1
1789021500000,11.791,11.808,11.791,11.806,188.0,188.4,2222.8532,1
1789021800000,11.806,11.815,11.803,11.805,249.0,249.5,2946.2172,1
1789022100000,11.805,11.832,11.805,11.83,123.0,123.8,1462.5766,1
1789022400000,11.831,11.842,11.819,11.819,114.0,114.4,1354.0212,1
1789022700000,11.824,11.853,11.824,11.853,381.0,381.4,4515.9647,1
1789023000000,11.853,11.89,11.853,11.869,1864.0,1864.5,22156.1875,1
1789023300000,11.869,11.875,11.866,11.866,102.0,102.2,1212.9962,1
1789023600000,11.866,11.866,11.816,11.816,442.0,442.5,5240.5241,1
1789023900000,11.816,11.82,11.8,11.802,368.0,368.5,4351.7504,1
1789024200000,11.802,11.82,11.802,11.812,123.0,123.2,1455.43,1
1789024500000,11.812,11.813,11.8,11.803,130.0,130.0,1534.968,1
1789024800000,11.804,11.804,11.769,11.769,326.0,326.1,3846.1167,1
1789025100000,11.769,11.778,11.759,11.762,698.0,698.3,8215.4147,1
1789025400000,11.762,11.77,11.737,11.741,1398.0,1398.4,16426.0899,1
1789025700000,11.741,11.756,11.736,11.739,197.0,197.0,2313.654,1
1789026000000,11.738,11.758,11.737,11.758,220.0,220.0,2583.77,1
1789026300000,11.758,11.771,11.758,11.764,3684.0,3684.9,43362.7058,1
1789026600000,11.764,11.808,11.764,11.808,30283.0,30283.8,357250.788,1
1789026900000,11.804,11.804,11.683,11.786,118646.0,118646.8,1390570.6932,1
1789027200000,11.779,11.785,11.746,11.771,376.0,376.0,4424.6743,1
1789027500000,11.771,11.788,11.754,11.788,265.0,265.3,3122.1316,1
1789027800000,11.782,11.789,11.767,11.767,501.0,501.2,5905.8524,1
1789028100000,11.767,11.772,11.751,11.772,206.0,206.5,2428.47,1
1789028400000,11.766,11.787,11.766,11.784,130.0,130.1,1532.3318,1
1789028700000,11.786,11.788,11.766,11.778,191.0,191.0,2248.748,1
1789029000000,11.778,11.779,11.749,11.77,230.0,230.3,2710.4362,1
1789029300000,11.77,11.773,11.759,11.761,294.0,294.6,3466.5002,1
1789029600000,11.761,11.761,11.749,11.753,96.0,96.1,1129.4127,1
1789029900000,11.753,11.771,11.749,11.765,179.0,179.0,2105.162,1
1789030200000,11.763,11.786,11.763,11.781,951.0,951.0,11202.7203,1
1789030500000,11.776,11.777,11.766,11.767,147.0,147.0,1730.444,1
1789030800000,11.768,11.787,11.766,11.786,274.0,274.3,3229.4988,1
1789031100000,11.787,11.794,11.775,11.775,313.0,313.4,3694.3727,1
1789031400000,11.776,11.789,11.774,11.789,367.0,367.4,4328.5094,1
1789031700000,11.789,11.794,11.785,11.793,125.0,125.0,1473.912,1
1789032000000,11.793,11.815,11.793,11.813,125.0,125.0,1475.1965,1
1789032300000,11.812,11.82,11.807,11.814,232.0,232.2,2743.1985,1
1789032600000,11.818,11.818,11.782,11.793,172.0,172.6,2035.6743,1
1789032900000,11.793,11.794,11.782,11.782,243.0,243.0,2863.9032,1
1789033200000,11.782,11.783,11.766,11.776,209.0,209.1,2461.1722,1
1789033500000,11.775,11.781,11.769,11.781,238.0,238.0,2802.455,1
1789033800000,11.779,11.799,11.779,11.798,394.0,394.2,4649.4158,1
1789034100000,11.798,11.799,11.783,11.798,125.0,125.0,1474.247,1
1789034400000,11.797,11.825,11.788,11.818,493.0,493.5,5821.2934,1
1789034700000,11.818,11.824,11.8,11.8,187.0,187.0,2208.349,1
1789035000000,11.8,11.814,11.786,11.809,1015.0,1015.2,11978.7606,1
1789035300000,11.809,11.815,11.806,11.809,436.0,436.0,5149.181,1
1789035600000,11.809,11.827,11.805,11.805,1825.0,1825.8,21563.5511,1
1789035900000,11.805,11.806,11.8,11.8,187.0,187.3,2210.5105,1
1789036200000,11.8,11.801,11.782,11.782,1179.0,1179.7,13905.0741,1
1789036500000,11.782,11.802,11.782,11.799,261.0,261.1,3078.3701,1
1789036800000,11.794,11.801,11.788,11.788,126.0,126.0,1486.055,1
1789037100000,11.788,11.797,11.786,11.792,518.0,518.7,6114.9009,1
1789037400000,11.792,11.796,11.782,11.782,139.0,139.0,1638.0,1
1789037700000,11.782,11.81,11.782,11.783,298.0,298.0,3513.781,1
1789038000000,11.783,11.785,11.744,11.754,466.0,466.8,5491.0963,1
1789038300000,11.753,11.781,11.753,11.78,443.0,443.7,5220.6934,1
1789038600000,11.78,11.794,11.78,11.794,267.0,267.2,3149.0875,1
1789038900000,11.793,11.83,11.793,11.823,564.0,564.6,6672.384,1
1789039200000,11.828,11.829,11.826,11.829,132.0,132.0,1561.365,1
1789039500000,11.829,11.849,11.829,11.845,1947.0,1947.8,23073.8035,1
1789039800000,11.848,11.863,11.837,11.85,802.0,802.9,9516.0104,1
1789040100000,11.855,11.869,11.848,11.869,957.0,957.3,11355.1199,1
1789040400000,11.865,11.875,11.849,11.853,1927.0,1927.9,22852.0161,1
1789040700000,11.853,11.857,11.824,11.845,1164.0,1164.2,13777.8179,1
1789041000000,11.845,11.848,11.827,11.828,851.0,851.1,10069.9662,1
1789041300000,11.835,11.835,11.816,11.821,199.0,199.0,2352.607,1
1789041600000,11.821,11.839,11.815,11.822,1064.0,1064.2,12586.2501,1
1789041900000,11.827,11.836,11.803,11.805,1126.0,1126.5,13321.5391,1
1789042200000,11.802,11.807,11.802,11.803,394.0,394.7,4658.9291,1
1789042500000,11.803,11.806,11.78,11.781,519.0,519.4,6123.4007,1
1789042800000,11.774,11.783,11.769,11.769,327.0,327.9,3860.393,1
1789043100000,11.769,11.776,11.763,11.77,403.0,403.3,4746.81,1
1789043400000,11.77,11.805,11.722,11.723,3095.0,3095.0,36402.2152,1
1789043700000,11.723,11.77,11.661,11.682,2655.0,2655.4,31083.5737,1
1789044000000,11.681,11.719,11.677,11.711,1425.0,1425.3,16666.3546,1
1789044300000,11.703,11.712,11.525,11.682,8168.0,8168.0,94859.6977,1
1789044600000,11.682,11.697,11.63,11.63,3664.0,3664.7,42744.0569,1
1789044900000,11.632,11.634,11.589,11.609,2977.0,2977.8,34564.7454,1
1789045200000,11.606,11.683,11.604,11.663,1412.0,1412.8,16471.0322,1
1789045500000,11.651,11.663,11.621,11.628,2542.0,2542.0,29590.5133,1
1789045800000,11.627,11.648,11.6,11.621,792.0,792.8,9215.287,1
1789046100000,11.619,11.647,11.61,11.618,729.0,729.2,8478.1203,1
1789046400000,11.618,11.683,11.616,11.668,1028.0,1028.3,11987.176,1
1789046700000,11.67,11.681,11.663,11.67,1057.0,1057.5,12341.1007,1
1789047000000,11.669,11.679,11.651,11.665,2673.0,2673.2,31170.9064,1
1789047300000,11.658,11.683,11.65,11.682,1204.0,1204.5,14064.571,1
1789047600000,11.682,11.693,11.682,11.69,832.0,832.8,9733.1337,1
1789047900000,11.683,11.714,11.681,11.701,931.0,931.6,10896.6754,1
1789048200000,11.696,11.709,11.661,11.695,1416.0,1416.5,16534.2703,1
1789048500000,11.695,11.71,11.691,11.702,515.0,515.8,6034.603,1
1789048800000,11.709,11.723,11.7,11.701,1413.0,1413.5,16552.9689,1
1789049100000,11.701,11.702,11.642,11.642,466.0,466.1,5439.6266,1
1789049400000,11.641,11.664,11.64,11.641,1282.0,1282.8,14935.4622,1
1789049700000,11.641,11.641,11.587,11.617,2831.0,2831.0,32820.3806,1
1789050000000,11.614,11.685,11.614,11.679,583.0,583.4,6790.0501,1
1789050300000,11.672,11.694,11.67,11.673,1348.0,1348.0,15751.9895,1
1789050600000,11.674,11.68,11.667,11.667,712.0,712.9,8319.1542,1
1789050900000,11.667,11.684,11.667,11.667,369.0,369.0,4307.908,1
1789051200000,11.668,11.676,11.656,11.656,730.0,730.0,8514.9904,1
1789051500000,11.656,11.682,11.65,11.651,440.0,440.4,5136.2259,1
1789051800000,11.651,11.654,11.634,11.654,410.0,410.7,4780.0098,1
1789052100000,11.656,11.66,11.644,11.66,214.0,214.3,2496.8875,1
1789052400000,11.658,11.658,11.617,11.638,493.0,493.3,5738.8406,1
1789052700000,11.638,11.681,11.637,11.671,502.0,502.4,5858.1075,1
1789053000000,11.671,11.683,11.664,11.672,292.0,292.2,3410.936,1
1789053300000,11.672,11.682,11.635,11.639,364.0,364.6,4250.953,1
1789053600000,11.639,11.646,11.618,11.631,329.0,329.2,3829.8605,1
1789053900000,11.628,11.63,11.603,11.607,412.0,412.0,4785.6118,1
1789054200000,11.61,11.629,11.598,11.622,606.0,606.1,7036.2348,1
1789054500000,11.617,11.661,11.617,11.642,578.0,578.2,6733.2136,1
1789054800000,11.645,11.645,11.617,11.618,320.0,320.2,3721.2363,1
1789055100000,11.618,11.628,11.588,11.607,923.0,923.5,10713.4825,1
1789055400000,11.607,11.616,11.594,11.601,246.0,246.0,2854.83,1
1789055700000,11.598,11.634,11.589,11.632,1476.0,1476.0,17131.3973,1
1789056000000,11.629,11.646,11.599,11.599,324.0,324.3,3767.4521,1
1789056300000,11.601,11.611,11.551,11.551,5631.0,5631.4,65107.3292,1
1789056600000,11.551,11.587,11.551,11.582,6640.0,6640.4,76746.866,1
1789056900000,11.582,11.582,11.525,11.535,1500.0,1500.1,17314.5061,1
1789057200000,11.535,11.577,11.535,11.56,787.0,787.9,9106.49,1
1789057500000,11.56,11.561,11.536,11.548,1513.0,1513.2,17478.9766,1
1789057800000,11.543,11.549,11.512,11.512,7741.0,7741.9,89287.9252,1
1789058100000,11.511,11.549,11.484,11.547,5155.0,5155.2,59310.0008,1
1789058400000,11.549,11.562,11.519,11.558,1785.0,1785.0,20613.5182,1
1789058700000,11.566,11.627,11.566,11.606,3610.0,3610.5,41811.8777,1
1789059000000,11.606,11.607,11.592,11.592,363.0,363.6,4216.9925,1
1789059300000,11.592,11.614,11.588,11.609,1094.0,1094.0,12689.0007,1
1789059600000,11.616,11.617,11.597,11.613,293.0,293.0,3400.853,1
1789059900000,11.613,11.627,11.613,11.626,177.0,177.4,2061.3592,1
1789060200000,11.626,11.639,11.617,11.618,944.0,944.7,10988.0948,1
1789060500000,11.618,11.63,11.617,11.626,271.0,271.6,3156.7094,1
1789060800000,11.626,11.647,11.626,11.647,667.0,667.6,7771.7132,1
1789061100000,11.647,11.649,11.628,11.649,465.0,465.0,5414.3629,1
1789061400000,11.649,11.719,11.649,11.716,938.0,938.8,10986.4679,1
1789061700000,11.716,11.719,11.683,11.686,2676.0,2676.6,31328.5856,1
1789062000000,11.684,11.697,11.667,11.692,423.0,423.4,4946.4402,1
1789062300000,11.7,11.701,11.671,11.698,1683.0,1683.4,19670.3181,1
1789062600000,11.698,11.706,11.689,11.699,332.0,332.5,3889.864,1
1789062900000,11.699,11.699,11.684,11.684,319.0,319.0,3728.447,1
1789063200000,11.684,11.688,11.635,11.642,445.0,445.8,5200.2066,1
1789063500000,11.642,11.642,11.616,11.616,484.0,484.5,5635.6762,1
1789063800000,11.616,11.616,11.594,11.601,448.0,448.4,5200.8714,1
1789064100000,11.601,11.613,11.601,11.601,474.0,474.0,5499.713,1
1789064400000,11.601,11.645,11.601,11.625,5761.0,5761.3,67052.8296,1
1789064700000,11.625,11.629,11.617,11.62,534.0,534.1,6207.4018,1
1789065000000,11.618,11.619,11.618,11.618,253.0,253.8,2948.8052,1
1789065300000,11.618,11.634,11.601,11.633,124.0,124.9,1451.4593,1
1789065600000,11.633,11.634,11.623,11.629,154.0,154.5,1796.7525,1
1789065900000,11.629,11.642,11.621,11.642,240.0,240.7,2799.4186,1
1789066200000,11.637,11.667,11.625,11.667,500.0,500.4,5829.0471,1
1789066500000,11.667,11.67,11.656,11.668,231.0,231.5,2700.3577,1
1789066800000,11.665,11.668,11.651,11.651,265.0,265.6,3095.9792,1
1789067100000,11.651,11.657,11.651,11.654,175.0,175.8,2048.3148,1
1789067400000,11.654,11.654,11.634,11.638,112.0,112.1,1304.79,1
1789067700000,11.638,11.64,11.634,11.635,271.0,271.0,3153.51,1
1789068000000,11.635,11.645,11.622,11.645,190.0,190.7,2218.7778,1
1789068300000,11.649,11.649,11.625,11.625,137.0,137.1,1596.1535,1
1789068600000,11.625,11.632,11.608,11.614,263.0,263.4,3060.6298,1
1789068900000,11.614,11.632,11.609,11.621,1683.0,1683.7,19574.4327,1
1789069200000,11.624,11.667,11.624,11.64,557.0,557.8,6501.5422,1
1789069500000,11.647,11.647,11.617,11.617,153.0,153.1,1780.2004,1
1789069800000,11.624,11.628,11.603,11.603,1021.0,1021.5,11856.8421,1
1789070100000,11.608,11.622,11.604,11.605,153.0,153.1,1777.7802,1
1789070400000,11.605,11.614,11.597,11.6,289.0,289.0,3353.8231,1
1789070700000,11.6,11.617,11.596,11.614,171.0,171.1,1986.4066,1
1789071000000,11.616,11.641,11.613,11.641,3248.0,3248.9,37764.31,1
1789071300000,11.641,11.644,11.626,11.63,245.0,245.5,2856.242,1
1789071600000,11.624,11.632,11.619,11.619,134.0,134.0,1558.206,1
1789071900000,11.619,11.631,11.619,11.625,49.0,49.8,579.0404,1
1789072200000,11.628,11.629,11.611,11.613,327.0,327.1,3800.1117,1
1789072500000,11.613,11.615,11.608,11.608,96.0,96.1,1115.9648,1
1789072800000,11.609,11.611,11.6,11.611,222.0,222.0,2576.75,1
1789073100000,11.611,11.611,11.59,11.591,94.0,94.5,1095.8043,1
1789073400000,11.592,11.602,11.588,11.591,5384.0,5384.4,62443.3788,1
1789073700000,11.593,11.593,11.588,11.591,94.0,94.9,1099.8851,1
1789074000000,11.591,11.591,11.579,11.579,654.0,654.2,7576.1432,1
1789074300000,11.58,11.606,11.578,11.606,3210.0,3210.0,37247.1323,1
1789074600000,11.606,11.608,11.591,11.591,112.0,112.1,1300.4974,1
1789074900000,11.591,11.591,11.563,11.563,186.0,186.0,2152.1588,1
1789075200000,11.563,11.571,11.562,11.563,62.0,62.0,717.095,1
1789075500000,11.563,11.566,11.563,11.566,113.0,113.0,1306.691,1
1789075800000,11.57,11.579,11.562,11.579,132.0,132.7,1535.5479,1
1789076100000,11.582,11.582,11.562,11.568,190.0,190.0,2197.784,1
1789076400000,11.566,11.577,11.563,11.572,215.0,215.1,2488.7795,1
1789076700000,11.572,11.598,11.572,11.597,185.0,185.3,2147.2956,1
1789077000000,11.597,11.597,11.577,11.577,55.0,55.0,637.293,1
1789077300000,11.575,11.578,11.568,11.576,91.0,91.1,1054.3166,1
1789077600000,11.576,11.602,11.562,11.6,4294.0,4294.2,49794.8272,1
1789077900000,11.6,11.6,11.572,11.596,2284.0,2284.5,26443.617,1
1789078200000,11.596,11.603,11.567,11.578,400.0,400.5,4642.7935,1
1789078500000,11.581,11.594,11.574,11.594,140.0,140.3,1625.3443,1
1789078800000,11.594,11.614,11.589,11.614,940.0,940.7,10914.7283,1
1789079100000,11.614,11.616,11.601,11.605,2274.0,2274.2,26411.0815,1
1789079400000,11.605,11.605,11.562,11.563,2410.0,2410.6,27897.2182,1
1789079700000,11.565,11.567,11.537,11.555,316.0,316.5,3656.4584,1
1789080000000,11.555,11.555,11.535,11.542,122.0,122.0,1407.824,1
1789080300000,11.546,11.568,11.538,11.568,1152.0,1152.7,13321.1263,1
1789080600000,11.568,11.568,11.534,11.536,112.0,112.0,1292.619,1
1789080900000,11.536,11.536,11.519,11.52,222.0,222.3,2563.2411,1
1789081200000,11.52,11.533,11.497,11.503,533.0,533.2,6139.4315,1
1789081500000,11.506,11.516,11.448,11.461,1162.0,1162.0,13340.1475,1
1789081800000,11.461,11.494,11.445,11.445,704.0,704.1,8077.338,1
1789082100000,11.446,11.471,11.439,11.463,1282.0,1282.0,14692.5472,1
1789082400000,11.462,11.495,11.462,11.476,505.0,505.9,5809.3093,1
1789082700000,11.476,11.495,11.476,11.492,713.0,713.8,8195.6747,1
1789083000000,11.492,11.495,11.492,11.492,267.0,267.3,3072.0315,1
1789083300000,11.488,11.494,11.487,11.492,195.0,195.0,2240.781,1
1789083600000,11.488,11.49,11.475,11.487,314.0,314.7,3613.9905,1
1789083900000,11.487,11.489,11.472,11.475,213.0,213.8,2454.4184,1
1789084200000,11.472,11.481,11.456,11.456,215.0,215.0,2466.157,1
1789084500000,11.457,11.457,11.44,11.446,888.0,888.8,10173.9746,1
1789084800000,11.444,11.479,11.441,11.475,494.0,494.2,5661.196,1
1789085100000,11.475,11.509,11.47,11.509,641.0,641.8,7368.8239,1
1789085400000,11.506,11.522,11.503,11.503,267.0,267.9,3083.9318,1
1789085700000,11.503,11.509,11.485,11.495,274.0,274.9,3160.3918,1
1789086000000,11.495,11.514,11.483,11.497,958.0,958.9,11032.8162,1
1789086300000,11.497,11.499,11.486,11.495,198.0,198.0,2275.588,1
1789086600000,11.495,11.495,11.468,11.485,371.0,371.6,4264.8269,1
1789086900000,11.478,11.496,11.474,11.476,204.0,204.2,2344.4492,1
1789087200000,11.483,11.488,11.469,11.471,323.0,323.4,3712.3046,1
1789087500000,11.468,11.48,11.468,11.48,1268.0,1268.0,14546.919,1
1789087800000,11.479,11.509,11.479,11.509,270.0,270.4,3109.0946,1
1789088100000,11.509,11.514,11.501,11.504,254.0,254.5,2928.8165,1
1789088400000,11.505,11.523,11.5,11.522,250.0,250.4,2883.4078,1
1789088700000,11.522,11.522,11.504,11.504,700.0,700.8,8066.3474,1
1789089000000,11.503,11.514,11.491,11.491,209.0,209.0,2404.232,1
1789089300000,11.487,11.497,11.483,11.493,308.0,308.5,3544.3535,1
1789089600000,11.493,11.507,11.474,11.485,282.0,282.4,3244.1356,1
1789089900000,11.485,11.488,11.469,11.469,616.0,616.7,7077.0258,1
1789090200000,11.469,11.469,11.445,11.452,350.0,350.1,4012.0463,1
1789090500000,11.456,11.485,11.443,11.443,296.0,296.7,3401.6685,1
1789090800000,11.444,11.444,11.41,11.441,4661.0,4661.7,53227.093,1
1789091100000,11.443,11.443,11.391,11.443,8326.0,8326.8,94897.6641,1
1789091400000,11.444,11.476,11.444,11.476,384.0,384.4,4410.3026,1
1789091700000,11.476,11.482,11.471,11.482,216.0,216.7,2487.1375,1
1789092000000,11.482,11.488,11.465,11.487,257.0,257.3,2952.4147,1
1789092300000,11.494,11.499,11.469,11.479,835.0,835.7,9603.5011,1
1789092600000,11.479,11.497,11.472,11.497,167.0,167.0,1917.809,1
1789092900000,11.491,11.494,11.481,11.483,244.0,244.7,2811.066,1
1789093200000,11.481,11.49,11.475,11.477,224.0,224.0,2572.31,1
1789093500000,11.477,11.478,11.454,11.464,155.0,155.0,1777.377,1
1789093800000,11.459,11.467,11.451,11.456,186.0,186.0,2131.076,1
1789094100000,11.455,11.487,11.453,11.487,219.0,219.0,2512.686,1
1789094400000,11.487,11.487,11.462,11.462,90.0,90.0,1033.072,1
1789094700000,11.462,11.481,11.45,11.475,187.0,187.0,2144.075,1
1789095000000,11.475,11.487,11.459,11.47,176.0,176.0,2019.368,1
1789095300000,11.47,11.479,11.462,11.477,122.0,122.0,1399.529,1
1789095600000,11.477,11.484,11.47,11.473,132.0,132.8,1524.4802,1
1789095900000,11.475,11.475,11.455,11.46,199.0,199.0,2280.858,1
1789096200000,11.467,11.493,11.451,11.493,226.0,226.0,2591.732,1
1789096500000,11.494,11.494,11.46,11.482,253.0,253.1,2905.74,1
1789096800000,11.48,11.484,11.46,11.461,244.0,244.0,2798.726,1
1789097100000,11.463,11.474,11.458,11.474,147.0,147.7,1693.3883,1
1789097400000,11.473,11.473,11.454,11.463,212.0,212.0,2430.151,1
1789097700000,11.463,11.494,11.457,11.486,182.0,182.0,2089.646,1
1789098000000,11.486,11.491,11.476,11.485,225.0,225.3,2587.3853,1
1789098300000,11.485,11.487,11.476,11.481,121.0,121.0,1389.337,1
1789098600000,11.481,11.482,11.476,11.479,276.0,276.0,3167.852,1
1789098900000,11.477,11.495,11.476,11.493,156.0,156.0,1791.741,1
1789099200000,11.493,11.497,11.479,11.488,170.0,170.0,1952.569,1
1789099500000,11.488,11.498,11.485,11.493,111.0,111.0,1275.501,1
1789099800000,11.493,11.499,11.479,11.495,292.0,292.4,3361.0302,1
1789100100000,11.495,11.512,11.489,11.498,548.0,548.1,6302.2961,1
1789100400000,11.496,11.515,11.491,11.514,267.0,267.0,3071.575,1
1789100700000,11.513,11.524,11.513,11.523,239.0,239.1,2754.3245,1
1789101000000,11.523,11.523,11.514,11.52,283.0,283.0,3260.571,1
1789101300000,11.514,11.52,11.508,11.52,211.0,211.0,2429.448,1
1789101600000,11.52,11.523,11.51,11.514,319.0,319.7,3681.8867,1
1789101900000,11.514,11.514,11.507,11.507,225.0,225.8,2598.4026,1
1789102200000,11.507,11.543,11.507,11.543,1152.0,1152.3,13293.2814,1
1789102500000,11.543,11.543,11.532,11.532,456.0,456.6,5270.3348,1
1789102800000,11.537,11.537,11.518,11.52,104.0,104.4,1203.2458,1
1789103100000,11.519,11.529,11.515,11.527,567.0,567.7,6539.3788,1
1789103400000,11.527,11.538,11.519,11.537,162.0,162.0,1868.006,1
1789103700000,11.537,11.544,11.528,11.543,123.0,123.0,1419.193,1
1789104000000,11.543,11.543,11.519,11.531,131.0,131.0,1510.302,1
1789104300000,11.522,11.527,11.514,11.52,173.0,173.0,1993.129,1
1789104600000,11.521,11.542,11.515,11.516,291.0,291.0,3354.58,1
1789104900000,11.52,11.536,11.514,11.532,296.0,296.0,3411.134,1
1789105200000,11.532,11.544,11.532,11.542,166.0,166.8,1924.6188,1
1789105500000,11.542,11.559,11.539,11.559,743.0,743.5,8585.7873,1
1789105800000,11.559,11.572,11.559,11.568,1776.0,1776.7,20555.8053,1
1789106100000,11.568,11.575,11.568,11.575,106.0,106.7,1234.7718,1
1789106400000,11.572,11.576,11.565,11.576,103.0,103.7,1199.9244,1
1789106700000,11.575,11.585,11.569,11.578,220.0,220.0,2547.4082,1
1789107000000,11.575,11.587,11.574,11.581,142.0,142.1,1645.5255,1
1789107300000,11.581,11.584,11.567,11.567,670.0,670.7,7764.5113,1
1789107600000,11.567,11.569,11.545,11.545,715.0,715.5,8273.761,1
1789107900000,11.545,11.545,11.512,11.522,1474.0,1474.7,17003.0976,1
1789108200000,11.522,11.525,11.5,11.51,716.0,716.0,8237.4489,1
1789108500000,11.507,11.522,11.506,11.522,126.0,126.0,1450.713,1
1789108800000,11.522,11.522,11.505,11.509,67.0,67.3,774.9543,1
1789109100000,11.509,11.53,11.509,11.525,1342.0,1342.2,15472.199,1
1789109400000,11.515,11.524,11.513,11.513,90.0,90.0,1036.682,1
1789109700000,11.513,11.52,11.513,11.52,50.0,50.0,575.844,1
1789110000000,11.52,11.525,11.52,11.521,61.0,61.0,702.807,1
1789110300000,11.521,11.54,11.521,11.54,120.0,120.0,1383.669,1
1789110600000,11.54,11.543,11.524,11.524,172.0,172.5,1990.0613,1
1789110900000,11.526,11.54,11.526,11.534,109.0,109.0,1257.263,1
1789111200000,11.534,11.551,11.534,11.547,139.0,139.2,1606.7493,1
1789111500000,11.547,11.547,11.525,11.525,1987.0,1987.0,22905.573,1
1789111800000,11.525,11.528,11.51,11.514,220.0,220.1,2535.4021,1
1789112100000,11.509,11.517,11.509,11.511,180.0,180.0,2072.034,1
1789112400000,11.511,11.516,11.496,11.496,138.0,138.1,1588.6829,1
1789112700000,11.496,11.498,11.496,11.497,91.0,91.0,1046.25,1
1789113000000,11.497,11.497,11.471,11.472,625.0,625.9,7191.7231,1
1789113300000,11.472,11.479,11.467,11.47,747.0,747.6,8580.3718,1
1789113600000,11.471,11.472,11.46,11.46,172.0,172.0,1972.4985,1
1789113900000,11.46,11.466,11.453,11.455,279.0,279.5,3202.6609,1
1789114200000,11.455,11.456,11.434,11.442,1205.0,1205.1,13782.0837,1
1789114500000,11.442,11.475,11.441,11.475,136.0,136.7,1566.9553,1
1789114800000,11.475,11.496,11.463,11.495,1593.0,1593.3,18307.1277,1
1789115100000,11.497,11.497,11.467,11.485,331.0,331.0,3800.208,1
1789115400000,11.485,11.534,11.483,11.519,1525.0,1525.0,17554.893,1
1789115700000,11.515,11.52,11.499,11.499,179.0,179.7,2067.8677,1
1789116000000,11.499,11.506,11.499,11.502,108.0,108.0,1242.273,1
1789116300000,11.502,11.507,11.499,11.502,137.0,137.1,1576.9413,1
1789116600000,11.502,11.502,11.491,11.491,353.0,353.1,4060.1863,1
1789116900000,11.491,11.501,11.491,11.501,93.0,93.0,1069.156,1
1789117200000,11.501,11.501,11.481,11.49,1591.0,1591.3,18284.792,1
1789117500000,11.49,11.49,11.476,11.481,131.0,131.6,1511.1354,1
1789117800000,11.481,11.481,11.475,11.476,98.0,98.0,1124.887,1
1789118100000,11.475,11.481,11.474,11.474,251.0,251.7,2888.7799,1
1789118400000,11.474,11.482,11.474,11.475,109.0,109.0,1251.012,1
1789118700000,11.475,11.475,11.454,11.458,214.0,214.7,2459.9776,1
1789119000000,11.458,11.467,11.447,11.447,327.0,327.1,3750.0307,1
1789119300000,11.447,11.447,11.41,11.41,641.0,641.4,7322.2389,1
1789119600000,11.41,11.41,11.384,11.406,2858.0,2858.0,32562.0249,1
1789119900000,11.406,11.425,11.406,11.42,173.0,173.0,1975.53,1
1789120200000,11.41,11.434,11.409,11.432,200.0,200.1,2284.8272,1
1789120500000,11.433,11.434,11.423,11.43,200.0,200.0,2285.772,1
1789120800000,11.426,11.453,11.413,11.453,290.0,290.1,3316.2363,1
1789121100000,11.453,11.457,11.437,11.44,142.0,142.0,1625.532,1
1789121400000,11.44,11.445,11.42,11.435,186.0,186.0,2126.527,1
1789121700000,11.438,11.455,11.433,11.451,216.0,216.0,2471.986,1
1789122000000,11.444,11.444,11.411,11.415,1498.0,1498.8,17116.05,1
1789122300000,11.416,11.416,11.397,11.407,175.0,175.9,2005.9904,1
1789122600000,11.407,11.407,11.375,11.396,929.0,929.7,10585.0916,1
1789122900000,11.397,11.398,11.385,11.392,151.0,151.0,1719.828,1
1789123200000,11.393,11.395,11.376,11.38,1048.0,1048.7,11933.9154,1
1789123500000,11.38,11.384,11.371,11.378,921.0,921.4,10479.119,1
1789123800000,11.378,11.381,11.37,11.376,188.0,188.0,2138.721,1
1789124100000,11.376,11.381,11.369,11.37,131.0,131.4,1494.439,1
1789124400000,11.37,11.371,11.324,11.335,1045.0,1045.5,11859.4634,1
1789124700000,11.335,11.344,11.317,11.318,554.0,554.5,6282.1304,1
1789125000000,11.318,11.318,11.294,11.308,4457.0,4457.5,50377.6827,1
1789125300000,11.308,11.334,11.296,11.333,442.0,442.7,5010.5777,1
1789125600000,11.333,11.337,11.329,11.337,2080.0,2080.3,23573.5277,1
1789125900000,11.337,11.364,11.337,11.364,674.0,674.3,7661.2654,1
1789126200000,11.363,11.376,11.356,11.363,398.0,398.2,4525.8427,1
1789126500000,11.362,11.385,11.356,11.374,242.0,242.6,2759.1365,1
1789126800000,11.381,11.409,11.381,11.405,556.0,556.9,6347.3179,1
1789127100000,11.405,11.414,11.402,11.406,467.0,467.6,5335.7974,1
1789127400000,11.406,11.406,11.395,11.402,524.0,524.4,5977.9692,1
1789127700000,11.402,11.403,11.387,11.39,6822.0,6822.9,77739.4681,1
1789128000000,11.394,11.402,11.388,11.39,1483.0,1483.7,16906.8215,1
1789128300000,11.389,11.394,11.359,11.359,366.0,366.3,4167.3996,1
1789128600000,11.361,11.385,11.354,11.369,843.0,843.3,9589.5906,1
1789128900000,11.365,11.385,11.336,11.361,19063.0,19063.3,216197.104,1
1789129200000,11.359,11.382,11.337,11.337,520.0,520.3,5911.7841,1
1789129500000,11.345,11.478,11.34,11.407,9000.0,9000.5,103160.2541,1
1789129800000,11.446,11.532,11.29,11.523,3322.0,3322.9,37905.7612,1
1789130100000,11.508,11.673,11.492,11.571,4934.0,4934.8,57225.937,1
1789130400000,11.577,11.604,11.515,11.53,1770.0,1770.1,20442.9403,1
1789130700000,11.528,11.609,11.521,11.591,2260.0,2260.9,26173.6303,1
1789131000000,11.586,11.664,11.584,11.65,1560.0,1560.9,18163.8298,1
1789131300000,11.648,11.686,11.634,11.68,7163.0,7163.9,83666.4839,1
1789131600000,11.671,11.671,11.634,11.634,904.0,904.4,10534.0484,1
1789131900000,11.639,11.681,11.634,11.635,826.0,826.2,9634.8727,1
1789132200000,11.635,11.659,11.634,11.659,424.0,424.0,4938.382,1
1789132500000,11.659,11.667,11.634,11.667,6507.0,6507.2,75812.8598,1
1789132800000,11.667,11.697,11.662,11.688,1444.0,1444.3,16876.8066,1
1789133100000,11.69,11.697,11.615,11.62,1334.0,1334.5,15552.5078,1
1789133400000,11.615,11.656,11.595,11.616,1064.0,1064.7,12373.2495,1
1789133700000,11.613,11.647,11.587,11.647,977.0,977.8,11368.3608,1
1789134000000,11.647,11.726,11.647,11.719,1820.0,1820.6,21297.1992,1
1789134300000,11.719,11.861,11.7,11.861,2370.0,2370.0,27887.0399,1
1789134600000,11.859,11.95,11.845,11.933,8500.0,8500.2,101066.2943,1
1789134900000,11.945,12.086,11.939,12.067,14953.0,14953.9,179029.0788,1
1789135200000,12.067,12.18,12.032,12.135,4258.0,4258.1,51630.8329,1
1789135500000,12.127,12.135,11.982,12.01,3716.0,3716.6,44736.9228,1
1789135800000,12.008,12.013,11.947,11.984,2355.0,2355.9,28218.2871,1
1789136100000,11.985,12.008,11.951,11.976,5366.0,5366.0,64245.9523,1
1789136400000,11.976,11.992,11.964,11.979,1202.0,1202.8,14410.8966,1
1789136700000,11.99,12.022,11.968,12.001,1860.0,1860.8,22317.331,1
1789137000000,12.002,12.006,11.947,11.947,918.0,918.5,11002.0617,1
1789137300000,11.947,11.948,11.898,11.912,8354.0,8354.1,99479.4284,1
1789137600000,11.912,11.93,11.869,11.895,1198.0,1198.6,14255.5345,1
1789137900000,11.894,11.935,11.839,11.879,1109.0,1109.0,13183.6635,1
1789138200000,11.88,11.908,11.848,11.906,1512.0,1512.4,17967.0963,1
1789138500000,11.907,11.922,11.894,11.917,1682.0,1682.1,20038.1494,1
1789138800000,11.92,11.922,11.858,11.894,1092.0,1092.2,12986.3694,1
1789139100000,11.894,11.915,11.882,11.884,968.0,968.5,11518.3491,1
1789139400000,11.882,11.882,11.816,11.838,2131.0,2131.9,25217.4181,1
1789139700000,11.833,11.882,11.827,11.881,1151.0,1151.1,13644.0054,1
1789140000000,11.882,11.907,11.878,11.906,1754.0,1754.7,20873.8093,1
1789140300000,11.906,11.947,11.906,11.943,873.0,873.8,10430.4574,1
1789140600000,11.943,11.98,11.931,11.98,1420.0,1420.7,16979.3192,1
1789140900000,11.974,11.981,11.955,11.98,1092.0,1092.7,13074.619,1
1789141200000,11.979,11.991,11.956,11.956,856.0,856.2,10257.0753,1
1789141500000,11.956,11.957,11.93,11.936,878.0,878.0,10486.6705,1
1789141800000,11.935,11.939,11.679,11.679,7604.0,7604.6,89528.0271,1
1789142100000,11.688,11.731,11.64,11.708,4852.0,4852.3,56788.1528,1
1789142400000,11.708,11.766,11.696,11.74,1040.0,1040.5,12226.3167,1
1789142700000,11.749,11.782,11.747,11.781,3251.0,3251.2,38281.5991,1
1789143000000,11.781,11.782,11.74,11.75,1109.0,1109.1,13045.0036,1
1789143300000,11.75,11.765,11.697,11.72,2737.0,2737.4,32068.8445,1
1789143600000,11.72,11.72,11.67,11.687,2431.0,2431.0,28404.3946,1
1789143900000,11.683,11.747,11.683,11.718,1160.0,1160.1,13597.1744,1
1789144200000,11.72,11.76,11.687,11.76,2613.0,2613.3,30652.6758,1
1789144500000,11.749,11.762,11.707,11.72,1050.0,1050.2,12332.6778,1
1789144800000,11.713,11.757,11.711,11.755,324.0,324.5,3806.2141,1
1789145100000,11.751,11.81,11.751,11.789,804.0,804.0,9480.866,1
1789145400000,11.787,11.803,11.782,11.794,2547.0,2547.0,30023.5422,1
1789145700000,11.794,11.806,11.774,11.787,3279.0,3279.3,38634.094,1
1789146000000,11.787,11.799,11.772,11.79,516.0,516.3,6083.9352,1
1789146300000,11.788,11.798,11.758,11.758,432.0,432.2,5090.9988,1
1789146600000,11.758,11.768,11.748,11.748,864.0,864.9,10164.8368,1
1789146900000,11.749,11.766,11.736,11.761,426.0,426.5,5010.3537,1
1789147200000,11.761,11.767,11.717,11.757,7776.0,7776.2,91399.3115,1
1789147500000,11.757,11.762,11.757,11.758,271.0,271.5,3192.5282,1
1789147800000,11.763,11.763,11.752,11.762,191.0,191.1,2247.3932,1
1789148100000,11.762,11.762,11.716,11.717,342.0,342.4,4019.6483,1
1789148400000,11.717,11.73,11.709,11.711,338.0,338.1,3961.3296,1
1789148700000,11.709,11.723,11.709,11.722,275.0,275.0,3221.033,1
1789149000000,11.722,11.725,11.695,11.695,262.0,262.6,3074.7825,1
1789149300000,11.696,11.7,11.673,11.694,356.0,356.2,4163.6189,1
1789149600000,11.693,11.699,11.597,11.61,6700.0,6700.8,77904.0881,1
1789149900000,11.609,11.65,11.576,11.603,5489.0,5489.6,63723.2675,1
1789150200000,11.608,11.625,11.6,11.62,1321.0,1321.7,15345.4825,1
1789150500000,11.615,11.671,11.614,11.669,512.0,512.9,5967.9431,1
1789150800000,11.667,11.667,11.643,11.644,991.0,991.9,11559.0604,1
1789151100000,11.644,11.647,11.617,11.633,1009.0,1009.1,11734.0629,1
1789151400000,11.641,11.644,11.617,11.629,382.0,382.6,4446.5206,1
1789151700000,11.627,11.639,11.605,11.618,1773.0,1773.4,20623.0349,1
1789152000000,11.619,11.627,11.579,11.579,1719.0,1719.9,19925.4103,1
1789152300000,11.579,11.611,11.554,11.569,427.0,427.2,4942.0938,1
1789152600000,11.574,11.574,11.507,11.508,1735.0,1735.3,19991.8217,1
1789152900000,11.509,11.537,11.504,11.529,408.0,408.8,4711.214,1
1789153200000,11.529,11.544,11.511,11.542,336.0,336.5,3878.3445,1
1789153500000,11.543,11.582,11.543,11.556,2856.0,2856.4,33067.8716,1
1789153800000,11.562,11.575,11.546,11.566,1434.0,1434.0,16574.8864,1
1789154100000,11.566,11.575,11.544,11.571,380.0,380.9,4400.3562,1
1789154400000,11.571,11.596,11.552,11.595,1191.0,1191.4,13805.9082,1
1789154700000,11.596,11.625,11.595,11.617,1216.0,1216.8,14137.0054,1
1789155000000,11.605,11.62,11.602,11.618,4510.0,4510.3,52374.9747,1
1789155300000,11.607,11.623,11.585,11.619,2064.0,2064.7,23941.7307,1
1789155600000,11.618,11.632,11.61,11.615,9585.0,9585.7,111430.2639,1
1789155900000,11.622,11.622,11.605,11.608,667.0,667.7,7751.9166,1
1789156200000,11.613,11.616,11.602,11.608,823.0,823.8,9561.0621,1
1789156500000,11.612,11.613,11.601,11.608,422.0,422.7,4906.173,1
1789156800000,11.606,11.633,11.6,11.633,2128.0,2128.4,24715.9609,1
1789157100000,11.633,11.634,11.629,11.629,232.0,232.9,2709.1557,1
1789157400000,11.629,11.64,11.62,11.634,4414.0,4414.1,51305.133,1
1789157700000,11.634,11.637,11.604,11.604,242.0,242.0,2811.6069,1
1789158000000,11.604,11.609,11.603,11.609,187.0,187.0,2170.043,1
1789158300000,11.609,11.624,11.6,11.6,220.0,220.3,2557.9499,1
1789158600000,11.6,11.6,11.546,11.599,521.0,521.3,6034.5626,1
1789158900000,11.59,11.615,11.59,11.613,181.0,181.2,2102.5908,1
1789159200000,11.613,11.63,11.604,11.608,207.0,207.0,2403.609,1
1789159500000,11.608,11.613,11.559,11.564,225.0,225.0,2606.1399,1
1789159800000,11.564,11.584,11.546,11.555,482.0,482.2,5576.9377,1
1789160100000,11.555,11.587,11.55,11.58,344.0,344.6,3984.2954,1
1789160400000,11.58,11.584,11.573,11.583,178.0,178.0,2060.977,1
1789160700000,11.583,11.606,11.583,11.603,327.0,327.0,3792.746,1
1789161000000,11.603,11.63,11.599,11.612,440.0,440.2,5113.7516,1
1789161300000,11.62,11.63,11.617,11.626,332.0,332.0,3859.234,1
1789161600000,11.626,11.629,11.625,11.626,103.0,103.0,1197.629,1
1789161900000,11.626,11.63,11.625,11.625,209.0,209.6,2436.749,1
1789162200000,11.614,11.619,11.6,11.619,97.0,97.0,1126.078,1
1789162500000,11.619,11.62,11.6,11.601,137.0,137.1,1591.1275,1
1789162800000,11.601,11.601,11.582,11.582,106.0,106.1,1230.072,1
1789163100000,11.582,11.584,11.556,11.556,192.0,192.0,2221.0567,1
1789163400000,11.556,11.556,11.516,11.533,2294.0,2294.1,26430.8987,1
1789163700000,11.516,11.526,11.503,11.503,4180.0,4180.9,48122.732,1
1789164000000,11.514,11.548,11.481,11.542,3221.0,3221.7,37053.8095,1
1789164300000,11.549,11.549,11.497,11.505,641.0,641.0,7378.6363,1
1789164600000,11.504,11.544,11.504,11.537,1067.0,1067.0,12308.0481,1
1789164900000,11.537,11.537,11.511,11.531,608.0,608.2,7010.4882,1
1789165200000,11.531,11.544,11.519,11.537,203.0,203.3,2345.253,1
1789165500000,11.537,11.542,11.503,11.512,350.0,350.5,4038.997,1
1789165800000,11.503,11.516,11.48,11.48,797.0,797.9,9175.1095,1
1789166100000,11.48,11.523,11.48,11.523,431.0,431.3,4961.3265,1
1789166400000,11.516,11.527,11.492,11.499,287.0,287.9,3315.3182,1
1789166700000,11.499,11.505,11.487,11.487,1227.0,1227.0,14096.919,1
1789167000000,11.487,11.488,11.457,11.476,1278.0,1278.4,14661.3029,1
1789167300000,11.476,11.494,11.464,11.482,852.0,852.2,9784.2529,1
1789167600000,11.477,11.498,11.47,11.498,1375.0,1375.4,15786.3176,1
1789167900000,11.498,11.507,11.484,11.5,193.0,193.8,2227.6196,1
1789168200000,11.502,11.509,11.483,11.488,242.0,242.0,2783.117,1
1789168500000,11.488,11.509,11.484,11.509,244.0,244.2,2808.4899,1
1789168800000,11.522,11.522,11.49,11.492,86.0,86.0,990.138,1
1789169100000,11.492,11.509,11.492,11.494,1074.0,1074.1,12347.6926,1
1789169400000,11.494,11.508,11.494,11.501,59.0,59.0,678.764,1
1789169700000,11.504,11.517,11.504,11.517,50.0,50.7,583.6274,1
1789170000000,11.517,11.523,11.507,11.512,200.0,200.6,2309.6262,1
1789170300000,11.512,11.524,11.512,11.52,105.0,105.0,1209.724,1
1789170600000,11.52,11.538,11.52,11.534,217.0,217.7,2510.74,1
1789170900000,11.534,11.546,11.534,11.542,67.0,67.4,777.8822,1
1789171200000,11.541,11.546,11.535,11.541,170.0,170.5,1968.098,1
1789171500000,11.539,11.539,11.522,11.527,153.0,153.0,1763.855,1
1789171800000,11.523,11.532,11.513,11.532,139.0,139.6,1608.4154,1
1789172100000,11.534,11.534,11.522,11.524,127.0,127.6,1470.6488,1
1789172400000,11.524,11.527,11.522,11.524,36.0,36.0,414.882,1
1789172700000,11.524,11.53,11.524,11.53,1748.0,1748.0,20152.094,1
1789173000000,11.53,11.531,11.513,11.531,348.0,348.6,4015.051,1
1789173300000,11.531,11.532,11.52,11.527,195.0,195.4,2251.9782,1
1789173600000,11.527,11.527,11.514,11.517,80.0,80.0,921.407,1
1789173900000,11.519,11.519,11.509,11.513,91.0,91.0,1047.8,1
1789174200000,11.513,11.517,11.51,11.514,90.0,90.0,1036.266,1
1789174500000,11.514,11.514,11.501,11.506,44.0,44.9,516.5125,1
1789174800000,11.499,11.519,11.494,11.515,215.0,215.0,2473.239,1
1789175100000,11.515,11.546,11.515,11.543,239.0,239.2,2759.4778,1
1789175400000,11.548,11.55,11.539,11.55,331.0,331.4,3825.1271,1
1789175700000,11.551,11.554,11.544,11.546,412.0,412.1,4760.3673,1
1789176000000,11.546,11.553,11.542,11.548,78.0,78.8,910.036,1
1789176300000,11.548,11.548,11.522,11.522,153.0,153.8,1774.263,1
1789176600000,11.528,11.528,11.516,11.518,288.0,288.0,3317.776,1
1789176900000,11.518,11.525,11.509,11.515,204.0,204.0,2349.248,1
1789177200000,11.518,11.542,11.513,11.539,1215.0,1215.7,14020.8968,1
1789177500000,11.539,11.567,11.539,11.567,207.0,207.0,2391.889,1
1789177800000,11.567,11.567,11.536,11.541,226.0,226.0,2608.678,1
1789178100000,11.541,11.541,11.526,11.531,42.0,42.0,484.39,1
1789178400000,11.531,11.551,11.526,11.536,120.0,120.0,1384.952,1
1789178700000,11.536,11.542,11.529,11.538,126.0,126.0,1453.396,1
1789179000000,11.538,11.546,11.529,11.529,106.0,106.0,1223.149,1
1789179300000,11.529,11.536,11.529,11.531,67.0,67.0,772.645,1
1789179600000,11.531,11.537,11.531,11.535,48.0,48.0,553.62,1
1789179900000,11.535,11.539,11.53,11.533,121.0,121.0,1395.576,1
1789180200000,11.533,11.534,11.517,11.517,116.0,116.0,1337.205,1
1789180500000,11.515,11.526,11.515,11.521,120.0,120.0,1382.636,1
1789180800000,11.526,11.538,11.508,11.508,234.0,234.9,2705.3911,1
1789181100000,11.51,11.523,11.506,11.514,675.0,675.8,7778.1446,1
1789181400000,11.514,11.527,11.505,11.505,126.0,126.3,1454.2601,1
1789181700000,11.505,11.511,11.49,11.511,638.0,638.7,7343.4726,1
1789182000000,11.509,11.509,11.49,11.498,346.0,346.1,3980.0532,1
1789182300000,11.498,11.503,11.48,11.481,167.0,167.0,1918.072,1
1789182600000,11.48,11.488,11.472,11.472,138.0,138.8,1593.4864,1
1789182900000,11.475,11.505,11.475,11.484,760.0,760.2,8733.731,1
1789183200000,11.484,11.484,11.447,11.452,1206.0,1206.4,13816.5642,1
1789183500000,11.452,11.489,11.452,11.489,150.0,150.9,1731.95,1
1789183800000,11.489,11.489,11.475,11.477,33.0,33.0,378.795,1
1789184100000,11.477,11.484,11.477,11.484,97.0,97.0,1113.616,1
1789184400000,11.484,11.484,11.474,11.478,129.0,129.8,1489.6472,1
1789184700000,11.475,11.475,11.467,11.473,639.0,639.8,7339.0202,1
1789185000000,11.473,11.479,11.466,11.477,120.0,120.3,1380.4637,1
1789185300000,11.474,11.488,11.474,11.477,675.0,675.8,7762.4762,1
1789185600000,11.479,11.504,11.478,11.5,268.0,268.3,3084.1904,1
1789185900000,11.502,11.508,11.495,11.502,128.0,128.0,1472.358,1
1789186200000,11.502,11.509,11.5,11.504,83.0,83.0,954.958,1
1789186500000,11.504,11.509,11.48,11.485,291.0,291.1,3344.228,1
1789186800000,11.485,11.493,11.479,11.485,141.0,141.0,1619.671,1
1789187100000,11.485,11.504,11.485,11.5,82.0,82.7,950.8186,1
1789187400000,11.509,11.525,11.505,11.52,116.0,116.1,1336.6089,1
1789187700000,11.52,11.527,11.517,11.527,31.0,31.0,357.186,1
1789188000000,11.528,11.528,11.512,11.517,178.0,178.5,2056.125,1
1789188300000,11.512,11.512,11.488,11.488,145.0,145.0,1666.819,1
1789188600000,11.488,11.503,11.488,11.494,57.0,57.0,655.225,1
1789188900000,11.494,11.5,11.488,11.5,113.0,113.9,1308.9486,1
1789189200000,11.5,11.508,11.488,11.501,159.0,159.0,1828.097,1
1789189500000,11.501,11.513,11.497,11.506,137.0,137.8,1585.6508,1
1789189800000,11.506,11.508,11.505,11.505,124.0,124.0,1426.706,1
1789190100000,11.505,11.508,11.491,11.508,78.0,78.6,904.056,1
1789190400000,11.508,11.524,11.493,11.499,221.0,221.1,2542.7903,1
1789190700000,11.499,11.499,11.482,11.485,237.0,237.1,2724.7992,1
1789191000000,11.484,11.502,11.484,11.502,101.0,101.0,1161.097,1
1789191300000,11.502,11.528,11.502,11.51,395.0,395.5,4556.0413,1
1789191600000,11.509,11.515,11.506,11.512,166.0,166.2,1912.5942,1
1789191900000,11.512,11.514,11.511,11.513,25.0,25.0,287.812,1
1789192200000,11.513,11.517,11.513,11.514,76.0,76.0,875.109,1
1789192500000,11.514,11.52,11.514,11.514,79.0,79.8,918.862,1
1789192800000,11.514,11.514,11.513,11.514,89.0,89.4,1029.2872,1
1789193100000,11.514,11.514,11.5,11.5,172.0,172.3,1983.4179,1
1789193400000,11.5,11.509,11.5,11.506,130.0,130.0,1495.526,1
1789193700000,11.506,11.527,11.506,11.511,130.0,130.0,1497.537,1
1789194000000,11.517,11.517,11.511,11.515,105.0,105.0,1208.847,1
1789194300000,11.515,11.52,11.515,11.516,82.0,82.0,944.423,1
1789194600000,11.52,11.534,11.519,11.519,87.0,87.0,1002.728,1
1789194900000,11.519,11.52,11.517,11.52,40.0,40.0,460.73,1
1789195200000,11.523,11.533,11.523,11.526,89.0,89.0,1026.084,1
1789195500000,11.526,11.535,11.523,11.529,996.0,996.3,11490.0782,1
1789195800000,11.529,11.529,11.52,11.521,74.0,74.0,852.754,1
1789196100000,11.522,11.522,11.511,11.514,205.0,205.0,2360.644,1
1789196400000,11.514,11.518,11.513,11.518,37.0,37.0,426.066,1
1789196700000,11.518,11.533,11.513,11.533,80.0,80.0,921.5828,1
1789197000000,11.533,11.544,11.533,11.544,491.0,491.5,5669.8639,1
1789197300000,11.544,11.548,11.539,11.548,346.0,346.1,3995.8596,1
1789197600000,11.548,11.558,11.548,11.551,32.0,32.0,369.787,1
1789197900000,11.551,11.554,11.548,11.548,54.0,54.0,623.669,1
1789198200000,11.548,11.548,11.538,11.544,125.0,125.4,1447.334,1
1789198500000,11.544,11.559,11.538,11.559,1209.0,1209.1,13974.9621,1
1789198800000,11.559,11.571,11.559,11.562,91.0,91.7,1060.377,1
1789199100000,11.562,11.569,11.562,11.565,83.0,83.7,968.0557,1
1789199400000,11.565,11.58,11.565,11.58,3839.0,3839.0,44447.3811,1
1789199700000,11.58,11.581,11.576,11.576,1820.0,1820.9,21085.903,1
1789200000000,11.576,11.576,11.545,11.545,2441.0,2441.1,28248.896,1
1789200300000,11.544,11.564,11.544,11.562,120.0,120.3,1390.6362,1
1789200600000,11.562,11.566,11.54,11.54,474.0,474.5,5484.1136,1
1789200900000,11.54,11.562,11.536,11.55,250.0,250.5,2892.5405,1
1789201200000,11.55,11.551,11.536,11.537,96.0,96.4,1112.5368,1
1789201500000,11.537,11.537,11.52,11.526,1324.0,1324.9,15272.5337,1
1789201800000,11.526,11.526,11.518,11.519,49.0,49.0,564.518,1
1789202100000,11.519,11.544,11.513,11.544,155.0,155.0,1786.356,1
1789202400000,11.541,11.549,11.539,11.544,107.0,107.5,1241.0447,1
1789202700000,11.544,11.549,11.534,11.549,157.0,157.9,1822.6811,1
1789203000000,11.549,11.551,11.537,11.537,357.0,357.6,4127.848,1
1789203300000,11.536,11.536,11.527,11.531,194.0,194.4,2241.8458,1
1789203600000,11.531,11.552,11.526,11.546,415.0,415.1,4787.6941,1
1789203900000,11.546,11.547,11.535,11.538,109.0,109.0,1257.942,1
1789204200000,11.538,11.561,11.538,11.556,146.0,146.7,1694.6476,1
1789204500000,11.556,11.571,11.55,11.552,209.0,209.2,2417.6062,1
1789204800000,11.552,11.559,11.539,11.558,126.0,126.0,1454.633,1
1789205100000,11.558,11.574,11.552,11.552,178.0,178.1,2059.3448,1
1789205400000,11.556,11.565,11.545,11.545,91.0,91.0,1051.584,1
1789205700000,11.545,11.564,11.538,11.559,160.0,160.0,1847.759,1
1789206000000,11.559,11.572,11.548,11.554,76.0,76.0,878.329,1
1789206300000,11.554,11.554,11.541,11.541,91.0,91.0,1050.7,1
1789206600000,11.541,11.563,11.541,11.542,140.0,140.6,1623.8758,1
1789206900000,11.542,11.551,11.534,11.535,99.0,99.0,1142.951,1
1789207200000,11.535,11.556,11.535,11.548,331.0,331.0,3823.391,1
1789207500000,11.548,11.555,11.546,11.546,34.0,34.0,392.678,1
1789207800000,11.546,11.547,11.545,11.545,11.0,11.0,127.013,1
1789208100000,11.545,11.545,11.537,11.54,44.0,44.6,514.6062,1
1789208400000,11.54,11.548,11.54,11.544,37.0,37.0,427.148,1
1789208700000,11.544,11.553,11.544,11.553,28.0,28.0,323.409,1
1789209000000,11.553,11.553,11.543,11.543,39.0,39.1,451.5384,1
1789209300000,11.543,11.543,11.538,11.541,20.0,20.0,230.811,1
1789209600000,11.541,11.553,11.54,11.547,54.0,54.0,623.554,1
1789209900000,11.547,11.551,11.53,11.534,95.0,95.0,1096.145,1
1789210200000,11.534,11.538,11.524,11.525,97.0,97.0,1118.249,1
1789210500000,11.525,11.539,11.525,11.526,119.0,119.0,1372.437,1
1789210800000,11.526,11.538,11.524,11.528,64.0,64.0,737.945,1
1789211100000,11.528,11.532,11.525,11.528,72.0,72.0,830.08,1
1789211400000,11.528,11.544,11.528,11.544,65.0,65.0,749.89,1
1789211700000,11.544,11.544,11.534,11.534,357.0,357.6,4124.7764,1
1789212000000,11.534,11.534,11.524,11.524,49.0,49.2,567.0528,1
1789212300000,11.524,11.526,11.524,11.525,49.0,49.0,564.726,1
1789212600000,11.525,11.526,11.525,11.525,36.0,36.0,414.901,1
1789212900000,11.525,11.539,11.525,11.536,25.0,25.0,288.377,1
1789213200000,11.536,11.561,11.532,11.557,55.0,55.0,635.524,1
1789213500000,11.557,11.559,11.556,11.558,80.0,80.0,924.548,1
1789213800000,11.558,11.558,11.555,11.555,916.0,916.1,10587.3307,1
1789214100000,11.555,11.565,11.55,11.565,585.0,585.5,6768.4342,1
1789214400000,11.565,11.565,11.554,11.554,54.0,54.5,630.072,1
1789214700000,11.563,11.569,11.556,11.569,89.0,89.0,1028.92,1
1789215000000,11.569,11.569,11.551,11.557,105.0,105.0,1213.187,1
1789215300000,11.557,11.563,11.543,11.543,299.0,299.9,3464.318,1
1789215600000,11.543,11.552,11.543,11.551,445.0,445.8,5148.954,1
1789215900000,11.551,11.555,11.55,11.55,84.0,84.0,970.35,1
1789216200000,11.55,11.56,11.55,11.556,41.0,41.0,473.782,1
1789216500000,11.556,11.57,11.556,11.57,63.0,63.0,728.543,1
1789216800000,11.57,11.574,11.557,11.557,82.0,82.6,955.4018,1
1789217100000,11.557,11.566,11.557,11.559,56.0,56.0,647.519,1
1789217400000,11.559,11.559,11.535,11.535,90.0,90.3,1042.8123,1
1789217700000,11.535,11.539,11.527,11.536,151.0,151.3,1745.1337,1
1789218000000,11.536,11.543,11.53,11.539,74.0,74.5,859.5665,1
1789218300000,11.539,11.558,11.536,11.541,206.0,206.0,2377.995,1
1789218600000,11.541,11.554,11.537,11.538,211.0,211.0,2436.09,1
1789218900000,11.538,11.544,11.526,11.543,184.0,184.1,2124.0266,1
1789219200000,11.543,11.544,11.534,11.544,498.0,498.4,5753.0606,1
1789219500000,11.544,11.545,11.526,11.537,101.0,101.0,1165.369,1
1789219800000,11.537,11.541,11.527,11.539,109.0,109.0,1257.475,1
1789220100000,11.539,11.541,11.533,11.539,58.0,58.6,676.1032,1
1789220400000,11.539,11.554,11.539,11.552,77.0,77.0,889.404,1
1789220700000,11.552,11.552,11.528,11.533,149.0,149.2,1721.181,1
1789221000000,11.533,11.541,11.526,11.541,81.0,81.0,934.271,1
1789221300000,11.537,11.548,11.537,11.548,76.0,76.0,877.259,1
1789221600000,11.549,11.551,11.541,11.549,130.0,130.9,1511.6172,1
1789221900000,11.549,11.569,11.548,11.562,154.0,154.8,1789.3086,1
1789222200000,11.559,11.564,11.55,11.55,76.0,76.4,882.8323,1
1789222500000,11.553,11.568,11.551,11.563,281.0,281.3,3252.7542,1
1789222800000,11.561,11.574,11.561,11.561,194.0,194.5,2249.4209,1
1789223100000,11.561,11.569,11.561,11.563,65.0,65.0,751.656,1
1789223400000,11.563,11.578,11.563,11.567,129.0,129.7,1500.6591,1
1789223700000,11.563,11.575,11.563,11.571,173.0,173.0,2002.023,1
1789224000000,11.571,11.576,11.562,11.562,71.0,71.3,824.8609,1
1789224300000,11.567,11.575,11.567,11.575,97.0,97.0,1122.366,1
1789224600000,11.575,11.58,11.57,11.573,992.0,992.3,11489.7389,1
1789224900000,11.572,11.575,11.568,11.568,336.0,336.7,3896.2906,1
1789225200000,11.57,11.578,11.57,11.573,741.0,741.6,8584.3458,1
1789225500000,11.573,11.578,11.565,11.571,1295.0,1295.5,14993.9405,1
1789225800000,11.567,11.6,11.567,11.594,252.0,252.2,2921.7213,1
1789226100000,11.594,11.615,11.592,11.594,603.0,603.6,7001.588,1
1789226400000,11.595,11.6,11.595,11.598,64.0,64.0,742.224,1
1789226700000,11.598,11.609,11.586,11.605,173.0,173.1,2008.5645,1
1789227000000,11.606,11.617,11.583,11.605,137.0,137.8,1598.498,1
1789227300000,11.608,11.608,11.58,11.601,159.0,159.3,1846.5336,1
1789227600000,11.594,11.605,11.584,11.596,249.0,249.8,2895.9758,1
1789227900000,11.596,11.599,11.572,11.58,1771.0,1771.2,20520.7501,1
1789228200000,11.58,11.58,11.562,11.568,191.0,191.0,2209.2628,1
1789228500000,11.568,11.591,11.568,11.58,142.0,142.1,1645.7345,1
1789228800000,11.58,11.599,11.578,11.594,281.0,281.2,3260.4139,1
1789229100000,11.597,11.598,11.566,11.576,349.0,349.6,4046.1957,1
1789229400000,11.576,11.582,11.572,11.577,56.0,56.8,657.4976,1
1789229700000,11.577,11.58,11.573,11.574,90.0,90.0,1041.859,1
1789230000000,11.574,11.574,11.57,11.57,68.0,68.0,786.844,1
1789230300000,11.57,11.577,11.565,11.577,37.0,37.0,428.098,1
1789230600000,11.577,11.578,11.566,11.566,46.0,46.0,532.254,1
1789230900000,11.566,11.569,11.549,11.549,949.0,949.5,10975.7794,1
1789231200000,11.547,11.554,11.532,11.543,7767.0,7767.9,89611.5474,1
1789231500000,11.543,11.543,11.519,11.519,1834.0,1834.6,21138.5908,1
1789231800000,11.519,11.519,11.518,11.519,231.0,231.6,2667.6138,1
1789232100000,11.519,11.534,11.519,11.521,462.0,462.0,5324.382,1
1789232400000,11.521,11.536,11.514,11.536,243.0,243.6,2806.1094,1
1789232700000,11.536,11.543,11.532,11.542,1737.0,1737.0,20048.304,1
1789233000000,11.538,11.547,11.52,11.525,219.0,219.6,2534.0854,1
1789233300000,11.525,11.528,11.516,11.523,123.0,123.9,1427.4632,1
1789233600000,11.52,11.527,11.51,11.511,574.0,574.8,6617.9224,1
1789233900000,11.511,11.511,11.51,11.511,112.0,112.0,1289.199,1
1789234200000,11.511,11.511,11.51,11.51,101.0,101.5,1168.299,1
1789234500000,11.51,11.51,11.51,11.51,165.0,165.0,1899.15,1
1789234800000,11.51,11.51,11.491,11.504,1396.0,1396.1,16049.3344,1
1789235100000,11.504,11.508,11.495,11.498,106.0,106.0,1219.386,1
1789235400000,11.498,11.513,11.498,11.513,73.0,73.6,846.923,1
1789235700000,11.514,11.522,11.513,11.518,429.0,429.9,4952.6148,1
1789236000000,11.518,11.518,11.509,11.509,86.0,86.8,999.3356,1
1789236300000,11.509,11.513,11.506,11.508,43.0,43.0,494.865,1
1789236600000,11.502,11.51,11.49,11.502,193.0,193.0,2220.06,1
1789236900000,11.502,11.517,11.479,11.484,5382.0,5382.3,61818.5886,1
1789237200000,11.484,11.525,11.484,11.515,3731.0,3731.4,42972.677,1
1789237500000,11.515,11.522,11.507,11.522,881.0,881.0,10143.9355,1
1789237800000,11.516,11.523,11.495,11.508,2319.0,2319.8,26674.4534,1
1789238100000,11.508,11.526,11.494,11.519,352.0,352.2,4055.0418,1
1789238400000,11.519,11.523,11.512,11.52,2293.0,2293.0,26417.579,1
1789238700000,11.52,11.533,11.513,11.514,1713.0,1713.8,19763.5624,1
1789239000000,11.514,11.519,11.499,11.508,1876.0,1876.6,21585.3262,1
1789239300000,11.508,11.51,11.506,11.506,70.0,70.0,805.578,1
1789239600000,11.506,11.518,11.506,11.518,430.0,430.5,4956.0905,1
1789239900000,11.518,11.522,11.514,11.522,78.0,78.0,898.41,1
1789240200000,11.516,11.516,11.501,11.511,110.0,110.7,1274.2147,1
1789240500000,11.511,11.511,11.494,11.51,133.0,133.3,1533.5076,1
1789240800000,11.503,11.503,11.481,11.481,2865.0,2865.9,32910.3789,1
1789241100000,11.491,11.5,11.484,11.495,146.0,146.9,1687.9396,1
1789241400000,11.495,11.495,11.473,11.485,295.0,295.6,3392.2816,1
1789241700000,11.485,11.489,11.459,11.46,6111.0,6111.9,70134.6415,1
1789242000000,11.46,11.475,11.451,11.455,14110.0,14110.9,161681.0782,1
1789242300000,11.455,11.481,11.455,11.476,7422.0,7422.3,85165.5171,1
1789242600000,11.476,11.476,11.463,11.463,50.0,50.0,573.368,1
1789242900000,11.463,11.477,11.463,11.474,74.0,74.5,854.8319,1
1789243200000,11.472,11.474,11.465,11.473,935.0,935.1,10727.4551,1
1789243500000,11.474,11.511,11.473,11.497,13738.0,13738.8,158086.2417,1
1789243800000,11.497,11.516,11.497,11.503,268.0,268.9,3094.6782,1
1789244100000,11.508,11.513,11.508,11.509,80.0,80.7,928.9091,1
1789244400000,11.509,11.519,11.508,11.519,1802.0,1802.4,20744.8801,1
1789244700000,11.519,11.531,11.51,11.531,1726.0,1726.0,19897.9402,1
1789245000000,11.531,11.534,11.51,11.515,153.0,153.0,1763.183,1
1789245300000,11.515,11.516,11.508,11.508,37.0,37.0,425.963,1
1789245600000,11.508,11.516,11.501,11.507,8328.0,8328.6,95857.1794,1
1789245900000,11.507,11.523,11.503,11.523,533.0,533.6,6140.9004,1
1789246200000,11.52,11.526,11.495,11.511,12164.0,12164.7,140025.4294,1
1789246500000,11.51,11.511,11.496,11.496,8885.0,8885.8,102249.0498,1
1789246800000,11.496,11.513,11.494,11.504,4737.0,4737.4,54496.233,1
1789247100000,11.507,11.525,11.507,11.523,100.0,100.0,1151.839,1
1789247400000,11.523,11.53,11.51,11.516,133.0,133.6,1538.7576,1
1789247700000,11.516,11.52,11.494,11.494,62.0,62.9,723.8375,1
1789248000000,11.493,11.502,11.491,11.502,184.0,184.4,2120.112,1
1789248300000,11.502,11.513,11.502,11.512,157.0,157.6,1813.5026,1
1789248600000,11.512,11.514,11.51,11.51,1838.0,1838.6,21164.7146,1
1789248900000,11.51,11.519,11.51,11.514,44.0,44.0,506.702,1
1789249200000,11.514,11.52,11.507,11.519,45.0,45.1,519.2269,1
1789249500000,11.519,11.521,11.498,11.498,112.0,112.0,1288.894,1
1789249800000,11.503,11.506,11.497,11.506,102.0,102.4,1177.7811,1
1789250100000,11.506,11.506,11.497,11.497,146.0,146.9,1689.5618,1
1789250400000,11.497,11.502,11.484,11.498,96.0,96.8,1112.5362,1
1789250700000,11.5,11.506,11.492,11.498,134.0,134.0,1540.611,1
1789251000000,11.498,11.502,11.489,11.49,77.0,77.7,893.1654,1
1789251300000,11.505,11.51,11.502,11.51,192.0,192.3,2212.6878,1
1789251600000,11.51,11.521,11.509,11.521,44.0,44.0,506.659,1
1789251900000,11.521,11.522,11.502,11.502,157.0,157.3,1809.9218,1
1789252200000,11.487,11.496,11.474,11.474,1612.0,1612.0,18512.2809,1
1789252500000,11.475,11.488,11.475,11.488,123.0,123.0,1412.301,1
1789252800000,11.481,11.488,11.479,11.479,73.0,73.0,838.283,1
1789253100000,11.479,11.487,11.479,11.485,41.0,41.1,472.0387,1
1789253400000,11.485,11.486,11.483,11.486,26.0,26.0,298.597,1
1789253700000,11.486,11.486,11.479,11.479,38.0,38.0,436.202,1
1789254000000,11.479,11.479,11.43,11.45,42206.0,42206.4,483404.9458,1
1789254300000,11.45,11.483,11.45,11.476,427.0,427.3,4905.5877,1
1789254600000,11.476,11.489,11.476,11.485,143.0,143.7,1650.2006,1
1789254900000,11.485,11.494,11.484,11.49,1471.0,1471.7,16909.6188,1
1789255200000,11.49,11.493,11.485,11.49,60.0,60.0,689.287,1
1789255500000,11.49,11.499,11.49,11.496,256.0,256.9,2953.9155,1
1789255800000,11.496,11.502,11.496,11.501,89.0,89.0,1023.27,1
1789256100000,11.501,11.501,11.493,11.493,21.0,21.0,241.407,1
1789256400000,11.493,11.497,11.489,11.493,44.0,44.0,505.7,1
1789256700000,11.493,11.497,11.493,11.497,21.0,21.0,241.377,1
1789257000000,11.497,11.498,11.496,11.498,17.0,17.0,195.462,1
1789257300000,11.498,11.545,11.498,11.513,40065.0,40065.0,461593.1058,1
1789257600000,11.513,11.513,11.489,11.496,57.0,57.0,655.3383,1
1789257900000,11.496,11.501,11.496,11.497,40.0,40.0,459.919,1
1789258200000,11.497,11.505,11.495,11.496,44.0,44.0,505.935,1
1789258500000,11.491,11.495,11.491,11.495,47.0,47.0,540.105,1
1789258800000,11.495,11.495,11.488,11.493,1415.0,1415.0,16259.687,1
1789259100000,11.493,11.502,11.488,11.491,37.0,37.0,425.325,1
1789259400000,11.491,11.495,11.491,11.495,20.0,20.6,236.7688,1
1789259700000,11.495,11.503,11.492,11.503,62.0,62.9,723.2447,1
1789260000000,11.503,11.503,11.49,11.494,102.0,102.0,1172.352,1
1789260300000,11.494,11.495,11.49,11.494,36.0,36.0,413.79,1
1789260600000,11.494,11.506,11.494,11.503,88.0,88.3,1015.5928,1
1789260900000,11.499,11.503,11.499,11.499,24.0,24.0,275.999,1
1789261200000,11.499,11.502,11.494,11.5,40.0,40.0,459.988,1
1789261500000,11.5,11.502,11.485,11.502,82.0,82.5,947.986,1
1789261800000,11.502,11.51,11.49,11.493,101.0,101.0,1161.508,1
1789262100000,11.493,11.494,11.481,11.481,67.0,67.0,769.469,1
1789262400000,11.481,11.517,11.481,11.517,76.0,76.6,881.6886,1
1789262700000,11.517,11.524,11.5,11.501,290.0,290.2,3340.4224,1
1789263000000,11.501,11.501,11.491,11.491,91.0,91.0,1045.921,1
1789263300000,11.491,11.505,11.487,11.505,47.0,47.0,540.259,1
1789263600000,11.501,11.507,11.5,11.5,26.0,26.0,299.091,1
1789263900000,11.5,11.513,11.5,11.513,115.0,115.9,1333.8301,1
1789264200000,11.506,11.519,11.503,11.513,211.0,211.5,2435.2645,1
1789264500000,11.516,11.52,11.507,11.519,11668.0,11668.0,134330.716,1
1789264800000,11.519,11.519,11.506,11.506,19.0,19.3,222.1025,1
1789265100000,11.506,11.507,11.498,11.502,70.0,70.6,812.121,1
1789265400000,11.502,11.502,11.499,11.499,7.0,7.0,80.493,1
1789265700000,11.499,11.506,11.499,11.501,933.0,933.4,10738.3854,1
1789266000000,11.504,11.506,11.499,11.504,114.0,114.0,1311.271,1
1789266300000,11.504,11.504,11.487,11.496,168.0,168.0,1930.897,1
1789266600000,11.496,11.508,11.49,11.501,29.0,29.0,333.499,1
1789266900000,11.501,11.527,11.5,11.5,143.0,143.5,1651.582,1
1789267200000,11.5,11.512,11.489,11.512,104.0,104.0,1195.68,1
1789267500000,11.512,11.515,11.509,11.514,53.0,53.0,610.16,1
1789267800000,11.514,11.529,11.501,11.504,116.0,116.0,1335.583,1
1789268100000,11.504,11.508,11.5,11.503,68.0,68.0,782.296,1
1789268400000,11.504,11.516,11.498,11.514,92.0,92.0,1058.388,1
1789268700000,11.51,11.516,11.508,11.516,96.0,96.0,1105.195,1
1789269000000,11.509,11.522,11.509,11.513,105.0,105.0,1209.025,1
1789269300000,11.513,11.513,11.496,11.501,70.0,70.0,805.017,1
1789269600000,11.501,11.503,11.501,11.503,15.0,15.0,172.545,1
1789269900000,11.504,11.514,11.494,11.496,187.0,187.0,2151.256,1
1789270200000,11.496,11.496,11.476,11.476,174.0,174.9,2007.939,1
1789270500000,11.483,11.485,11.476,11.476,94.0,94.0,1079.283,1
1789270800000,11.476,11.487,11.476,11.487,44.0,44.0,505.218,1
1789271100000,11.49,11.492,11.47,11.476,349.0,349.7,4016.0441,1
1789271400000,11.476,11.481,11.465,11.481,536.0,536.0,6152.0096,1
1789271700000,11.481,11.496,11.473,11.477,209.0,209.1,2400.8911,1
1789272000000,11.479,11.479,11.465,11.467,148.0,148.3,1701.0477,1
1789272300000,11.467,11.486,11.467,11.482,187.0,187.2,2148.8298,1
1789272600000,11.482,11.498,11.477,11.481,107.0,107.0,1229.191,1
1789272900000,11.481,11.493,11.481,11.49,60.0,60.4,694.0678,1
1789273200000,11.49,11.494,11.48,11.49,125.0,125.1,1437.1773,1
1789273500000,11.49,11.495,11.49,11.49,20.0,20.0,229.84,1
1789273800000,11.49,11.501,11.489,11.501,441.0,441.4,5074.7577,1
1789274100000,11.501,11.501,11.489,11.489,48.0,48.0,551.697,1
1789274400000,11.489,11.493,11.488,11.488,54.0,54.2,622.7966,1
1789274700000,11.488,11.489,11.488,11.489,35.0,35.0,402.096,1
1789275000000,11.489,11.489,11.487,11.488,19.0,19.0,218.254,1
1789275300000,11.488,11.492,11.488,11.489,59.0,59.0,677.982,1
1789275600000,11.489,11.495,11.489,11.492,51.0,51.0,586.13,1
1789275900000,11.492,11.505,11.492,11.505,315.0,315.0,3621.326,1
1789276200000,11.505,11.508,11.505,11.508,40.0,40.0,460.305,1
1789276500000,11.508,11.508,11.508,11.508,40.0,40.0,460.32,1
1789276800000,11.508,11.52,11.508,11.52,71.0,71.9,828.1509,1
1789277100000,11.52,11.522,11.511,11.522,93.0,93.9,1081.679,1
1789277400000,11.522,11.536,11.519,11.531,113.0,113.3,1306.3526,1
1789277700000,11.531,11.54,11.528,11.54,88.0,88.1,1016.177,1
1789278000000,11.54,11.546,11.539,11.544,196.0,196.6,2269.5829,1
1789278300000,11.544,11.552,11.543,11.549,109.0,109.8,1268.1042,1
1789278600000,11.549,11.557,11.549,11.555,2263.0,2263.2,26150.7782,1
1789278900000,11.555,11.555,11.534,11.534,44.0,44.0,507.968,1
1789279200000,11.534,11.539,11.534,11.537,51.0,51.1,589.4354,1
1789279500000,11.537,11.538,11.521,11.521,103.0,103.0,1187.639,1
1789279800000,11.521,11.527,11.52,11.527,34.0,34.0,391.813,1
1789280100000,11.528,11.528,11.518,11.52,169.0,169.9,1957.64,1
1789280400000,11.52,11.52,11.509,11.51,113.0,113.0,1300.677,1
1789280700000,11.51,11.51,11.501,11.508,466.0,466.3,5364.7053,1
1789281000000,11.508,11.508,11.489,11.498,2171.0,2171.0,24949.741,1
1789281300000,11.498,11.498,11.49,11.49,120.0,120.1,1380.4876,1
1789281600000,11.49,11.49,11.48,11.484,59.0,59.0,677.434,1
1789281900000,11.484,11.484,11.469,11.472,126.0,126.6,1452.5162,1
1789282200000,11.472,11.472,11.44,11.441,619.0,619.7,7097.8616,1
1789282500000,11.44,11.443,11.44,11.443,260.0,260.4,2979.0344,1
1789282800000,11.442,11.451,11.442,11.445,99.0,99.4,1137.6154,1
1789283100000,11.445,11.452,11.441,11.448,97.0,97.0,1110.446,1
1789283400000,11.447,11.453,11.445,11.451,102.0,102.0,1167.929,1
1789283700000,11.451,11.452,11.444,11.45,107.0,107.1,1226.1497,1
1789284000000,11.45,11.453,11.446,11.45,72.0,72.0,824.476,1
1789284300000,11.45,11.454,11.442,11.451,133.0,133.6,1529.3192,1
1789284600000,11.45,11.455,11.447,11.448,3051.0,3051.2,34940.6671,1
1789284900000,11.448,11.448,11.427,11.438,155.0,155.2,1775.2096,1
1789285200000,11.438,11.452,11.436,11.438,289.0,289.1,3309.0178,1
1789285500000,11.438,11.447,11.433,11.444,81.0,81.0,926.516,1
1789285800000,11.439,11.439,11.43,11.43,115.0,115.6,1321.729,1
1789286100000,11.43,11.43,11.415,11.424,263.0,263.1,3004.4589,1
1789286400000,11.425,11.435,11.424,11.431,132.0,132.0,1508.655,1
1789286700000,11.431,11.432,11.424,11.424,86.0,86.0,982.824,1
1789287000000,11.424,11.424,11.415,11.415,1701.0,1701.9,19429.4529,1
1789287300000,11.415,11.415,11.383,11.393,1715.0,1715.8,19546.3263,1
1789287600000,11.393,11.399,11.392,11.393,140.0,140.8,1604.4504,1
1789287900000,11.393,11.397,11.388,11.39,82.0,82.7,942.1231,1
1789288200000,11.387,11.389,11.32,11.34,14191.0,14191.2,160861.067,1
1789288500000,11.34,11.355,11.317,11.318,372.0,372.4,4223.1416,1
1789288800000,11.318,11.324,11.29,11.306,1333.0,1333.5,15077.999,1
1789289100000,11.304,11.319,11.304,11.319,617.0,617.2,6981.6694,1
1789289400000,11.319,11.325,11.308,11.314,235.0,235.0,2659.206,1
1789289700000,11.313,11.313,11.3,11.313,112.0,112.1,1267.3833,1
1789290000000,11.314,11.333,11.311,11.332,235.0,235.0,2660.933,1
1789290300000,11.333,11.338,11.332,11.334,1000.0,1000.6,11339.5103,1
1789290600000,11.334,11.334,11.331,11.332,142.0,142.2,1611.4084,1
1789290900000,11.332,11.334,11.332,11.332,268.0,268.7,3045.0551,1
1789291200000,11.332,11.338,11.291,11.291,285.0,285.9,3239.5063,1
1789291500000,11.291,11.308,11.272,11.293,712.0,712.3,8042.4326,1
1789291800000,11.293,11.295,11.251,11.262,2996.0,2996.6,33767.1525,1
1789292100000,11.261,11.32,11.261,11.305,622.0,622.3,7029.2046,1
1789292400000,11.311,11.335,11.308,11.323,243.0,243.0,2751.7642,1
1789292700000,11.323,11.356,11.321,11.355,400.0,400.8,4544.861,1
1789293000000,11.355,11.364,11.352,11.364,92.0,92.1,1045.978,1
1789293300000,11.363,11.364,11.355,11.364,147.0,147.0,1670.05,1
1789293600000,11.364,11.364,11.358,11.363,131.0,131.6,1495.2676,1
1789293900000,11.362,11.363,11.358,11.359,105.0,105.0,1192.925,1
1789294200000,11.359,11.362,11.352,11.356,158.0,158.8,1803.1766,1
1789294500000,11.356,11.357,11.349,11.349,128.0,128.3,1456.6708,1
1789294800000,11.349,11.355,11.348,11.355,54.0,54.0,612.931,1
1789295100000,11.355,11.355,11.329,11.354,23106.0,23106.1,261959.8202,1
1789295400000,11.354,11.361,11.342,11.361,10971.0,10971.0,124576.078,1
1789295700000,11.361,11.37,11.341,11.341,11697.0,11697.6,132934.0367,1
1789296000000,11.341,11.341,11.313,11.315,91.0,91.1,1031.6795,1
1789296300000,11.315,11.325,11.311,11.313,222.0,222.4,2516.4438,1
1789296600000,11.313,11.315,11.294,11.299,180.0,180.9,2044.6692,1
1789296900000,11.299,11.313,11.293,11.295,812.0,812.1,9181.8221,1
1789297200000,11.297,11.317,11.292,11.317,415.0,415.7,4699.6528,1
1789297500000,11.319,11.324,11.306,11.309,962.0,962.7,10897.0244,1
1789297800000,11.305,11.309,11.287,11.291,1652.0,1652.2,18661.3052,1
1789298100000,11.291,11.3,11.288,11.296,213.0,213.0,2406.095,1
1789298400000,11.292,11.3,11.289,11.3,114.0,114.8,1296.6638,1
1789298700000,11.3,11.3,11.29,11.29,519.0,519.4,5864.213,1
1789299000000,11.29,11.296,11.289,11.293,101.0,101.0,1140.666,1
1789299300000,11.293,11.297,11.291,11.297,78.0,78.0,881.041,1
1789299600000,11.294,11.298,11.292,11.298,292.0,292.7,3306.483,1
1789299900000,11.298,11.299,11.293,11.293,69.0,69.0,779.372,1
1789300200000,11.293,11.298,11.293,11.296,24.0,24.0,271.071,1
1789300500000,11.296,11.299,11.288,11.288,1724.0,1724.5,19479.085,1
1789300800000,11.288,11.292,11.281,11.282,237.0,237.0,2674.673,1
1789301100000,11.282,11.282,11.275,11.277,27.0,27.0,304.513,1
1789301400000,11.276,11.296,11.276,11.278,292.0,292.4,3298.9654,1
1789301700000,11.278,11.291,11.278,11.291,658.0,658.3,7428.9835,1
1789302000000,11.291,11.291,11.277,11.279,89.0,89.8,1012.9852,1
1789302300000,11.278,11.281,11.269,11.269,1079.0,1079.3,12169.3354,1
1789302600000,11.271,11.289,11.267,11.268,373.0,373.0,4205.531,1
1789302900000,11.273,11.273,11.218,11.243,4417.0,4417.1,49643.4689,1
1789303200000,11.253,11.253,11.231,11.237,1552.0,1552.7,17447.1592,1
1789303500000,11.238,11.252,11.232,11.246,186.0,186.2,2092.1026,1
1789303800000,11.246,11.255,11.242,11.255,107.0,107.4,1207.9154,1
1789304100000,11.255,11.255,11.246,11.255,99.0,99.0,1113.875,1
1789304400000,11.255,11.255,11.241,11.244,93.0,93.2,1048.1892,1
1789304700000,11.244,11.245,11.227,11.24,146.0,146.4,1645.276,1
1789305000000,11.24,11.248,11.237,11.248,62.0,62.0,697.054,1
1789305300000,11.247,11.247,11.223,11.223,108.0,108.0,1213.42,1
1789305600000,11.223,11.228,11.214,11.216,929.0,929.0,10423.31,1
1789305900000,11.215,11.217,11.189,11.195,4283.0,4283.3,47951.4033,1
1789306200000,11.195,11.228,11.195,11.226,667.0,667.5,7478.9535,1
1789306500000,11.227,11.238,11.226,11.238,185.0,185.8,2086.7359,1
1789306800000,11.234,11.247,11.233,11.245,174.0,174.0,1956.0309,1
1789307100000,11.249,11.305,11.249,11.299,1244.0,1244.2,14053.5946,1
1789307400000,11.305,11.306,11.282,11.288,468.0,468.9,5297.2264,1
1789307700000,11.289,11.297,11.289,11.297,868.0,868.0,9805.0352,1
1789308000000,11.297,11.304,11.294,11.304,1166.0,1166.6,13180.3918,1
1789308300000,11.304,11.331,11.304,11.331,160.0,160.1,1811.8437,1
1789308600000,11.328,11.331,11.316,11.322,568.0,568.3,6432.2398,1
1789308900000,11.322,11.336,11.317,11.323,491.0,491.0,5562.7607,1
1789309200000,11.323,11.331,11.312,11.312,170.0,170.2,1928.0318,1
1789309500000,11.313,11.322,11.313,11.319,342.0,342.0,3870.892,1
1789309800000,11.32,11.32,11.303,11.303,409.0,409.5,4633.884,1
1789310100000,11.303,11.321,11.303,11.315,133.0,133.2,1506.7076,1
1789310400000,11.308,11.323,11.301,11.318,1588.0,1588.7,17969.2534,1
1789310700000,11.322,11.328,11.32,11.321,530.0,530.8,6009.5238,1
1789311000000,11.321,11.322,11.32,11.321,389.0,389.2,4406.1276,1
1789311300000,11.321,11.321,11.303,11.308,174.0,174.2,1970.711,1
1789311600000,11.308,11.308,11.266,11.266,598.0,598.1,6749.5253,1
1789311900000,11.266,11.286,11.254,11.286,290.0,290.1,3266.2285,1
1789312200000,11.286,11.287,11.272,11.272,89.0,89.9,1014.1328,1
1789312500000,11.272,11.272,11.253,11.254,171.0,171.6,1932.3856,1
1789312800000,11.257,11.283,11.255,11.283,112.0,112.0,1261.452,1
1789313100000,11.279,11.281,11.257,11.257,205.0,205.0,2310.292,1
1789313400000,11.257,11.272,11.256,11.27,208.0,208.3,2346.7285,1
1789313700000,11.27,11.272,11.258,11.259,122.0,122.6,1380.8279,1
1789314000000,11.259,11.278,11.259,11.277,197.0,197.9,2231.0182,1
1789314300000,11.272,11.274,11.253,11.259,257.0,257.3,2897.3457,1
1789314600000,11.257,11.261,11.253,11.261,487.0,487.1,5483.6918,1
1789314900000,11.259,11.259,11.253,11.255,42.0,42.0,472.751,1
1789315200000,11.255,11.277,11.255,11.27,129.0,129.8,1462.4843,1
1789315500000,11.27,11.3,11.268,11.298,1642.0,1642.0,18541.911,1
1789315800000,11.298,11.332,11.298,11.31,969.0,969.2,10963.1727,1
1789316100000,11.31,11.311,11.302,11.306,126.0,126.2,1426.9362,1
1789316400000,11.311,11.316,11.309,11.311,105.0,105.0,1187.713,1
1789316700000,11.311,11.327,11.311,11.323,228.0,228.0,2581.392,1
1789317000000,11.323,11.326,11.317,11.318,61.0,61.0,690.505,1
1789317300000,11.318,11.332,11.318,11.33,1049.0,1049.0,11878.541,1
1789317600000,11.33,11.335,11.324,11.334,287.0,287.5,3258.2445,1
1789317900000,11.334,11.334,11.333,11.334,96.0,96.0,1088.051,1
1789318200000,11.334,11.35,11.333,11.346,694.0,694.4,7879.8076,1
1789318500000,11.346,11.352,11.345,11.349,240.0,240.0,2723.42,1
1789318800000,11.349,11.384,11.349,11.378,1369.0,1369.6,15576.8923,1
1789319100000,11.378,11.402,11.378,11.397,628.0,628.6,7161.2923,1
1789319400000,11.397,11.414,11.397,11.4,423.0,423.2,4826.6024,1
1789319700000,11.4,11.413,11.399,11.399,204.0,204.7,2334.3715,1
1789320000000,11.404,11.409,11.398,11.403,326.0,326.4,3721.2357,1
1789320300000,11.408,11.409,11.398,11.398,457.0,457.9,5222.1912,1
1789320600000,11.4,11.4,11.371,11.377,2187.0,2187.6,24904.3514,1
1789320900000,11.377,11.396,11.371,11.387,152.0,152.6,1737.4796,1
1789321200000,11.387,11.401,11.387,11.393,551.0,551.4,6284.8364,1
1789321500000,11.393,11.397,11.39,11.392,119.0,119.0,1355.779,1
1789321800000,11.393,11.398,11.388,11.391,113.0,113.0,1287.445,1
1789322100000,11.391,11.4,11.391,11.4,31.0,31.0,353.342,1
1789322400000,11.4,11.409,11.389,11.389,447.0,447.0,5093.6538,1
1789322700000,11.389,11.398,11.388,11.391,58.0,58.0,660.792,1
1789323000000,11.391,11.401,11.391,11.401,168.0,168.3,1917.8707,1
1789323300000,11.401,11.414,11.399,11.414,140.0,140.4,1602.0528,1
1789323600000,11.414,11.421,11.411,11.421,277.0,277.5,3167.856,1
1789323900000,11.421,11.421,11.404,11.404,377.0,377.8,4310.2673,1
1789324200000,11.404,11.426,11.404,11.412,196.0,196.6,2244.7818,1
1789324500000,11.412,11.426,11.412,11.423,302.0,302.7,3458.382,1
1789324800000,11.423,11.424,11.415,11.42,163.0,163.8,1870.8094,1
1789325100000,11.424,11.449,11.424,11.438,198.0,198.6,2270.4515,1
1789325400000,11.438,11.498,11.438,11.455,2357.0,2357.4,27027.9715,1
1789325700000,11.455,11.455,11.439,11.439,68.0,68.9,788.5695,1
1789326000000,11.44,11.45,11.439,11.45,424.0,424.9,4862.3886,1
1789326300000,11.452,11.469,11.439,11.439,398.0,398.3,4561.649,1
1789326600000,11.44,11.44,11.416,11.426,1225.0,1225.2,14002.4285,1
1789326900000,11.426,11.468,11.426,11.439,821.0,821.8,9405.6714,1
1789327200000,11.439,11.444,11.422,11.44,1010.0,1010.7,11561.1536,1
1789327500000,11.44,11.447,11.435,11.437,3010.0,3010.9,34440.5833,1
1789327800000,11.434,11.442,11.407,11.41,437.0,437.2,4993.3089,1
1789328100000,11.407,11.412,11.406,11.408,176.0,176.8,2016.8444,1
1789328400000,11.408,11.408,11.396,11.403,266.0,266.0,3032.8689,1
1789328700000,11.403,11.404,11.397,11.398,91.0,91.0,1037.543,1
1789329000000,11.398,11.406,11.398,11.398,54.0,54.0,615.748,1
1789329300000,11.398,11.409,11.398,11.407,111.0,111.0,1266.023,1
1789329600000,11.411,11.42,11.404,11.411,668.0,668.6,7633.5778,1
1789329900000,11.419,11.433,11.417,11.433,117.0,117.0,1336.93,1
1789330200000,11.433,11.433,11.429,11.433,114.0,114.8,1312.3874,1
1789330500000,11.433,11.433,11.427,11.427,71.0,71.5,817.286,1
1789330800000,11.427,11.45,11.427,11.449,226.0,226.3,2589.087,1
1789331100000,11.449,11.449,11.449,11.449,97.0,97.0,1110.553,1
1789331400000,11.449,11.45,11.448,11.449,168.0,168.6,1930.2562,1
1789331700000,11.449,11.45,11.442,11.442,135.0,135.3,1548.6806,1
1789332000000,11.446,11.464,11.439,11.464,112.0,112.8,1291.7558,1
1789332300000,11.466,11.476,11.457,11.457,2020.0,2020.0,23174.7696,1
1789332600000,11.457,11.461,11.449,11.457,339.0,339.9,3893.3847,1
1789332900000,11.456,11.46,11.454,11.455,167.0,167.6,1920.1584,1
1789333200000,11.454,11.458,11.441,11.441,291.0,291.7,3338.5185,1
1789333500000,11.441,11.444,11.429,11.437,1195.0,1195.3,13666.7805,1
1789333800000,11.441,11.448,11.438,11.442,132.0,132.0,1510.514,1
1789334100000,11.442,11.455,11.442,11.45,156.0,156.3,1789.7889,1
1789334400000,11.45,11.452,11.442,11.447,101.0,101.8,1165.4737,1
1789334700000,11.447,11.447,11.436,11.436,151.0,151.4,1731.9966,1
1789335000000,11.435,11.449,11.435,11.443,77.0,77.7,889.0484,1
1789335300000,11.443,11.443,11.432,11.433,55.0,55.6,635.8412,1
1789335600000,11.44,11.449,11.433,11.449,151.0,151.1,1728.9549,1
1789335900000,11.449,11.45,11.424,11.426,607.0,607.0,6947.97,1
1789336200000,11.426,11.426,11.409,11.417,507.0,507.0,5789.8318,1
1789336500000,11.417,11.419,11.406,11.406,67.0,67.7,772.6816,1
1789336800000,11.404,11.404,11.305,11.306,2934.0,2934.5,33281.8239,1
1789337100000,11.316,11.325,11.235,11.262,3592.0,3592.7,40509.939,1
1789337400000,11.265,11.281,11.251,11.254,649.0,649.0,7312.3167,1
1789337700000,11.259,11.259,11.198,11.221,1371.0,1371.0,15374.1485,1
1789338000000,11.221,11.223,11.197,11.198,482.0,482.0,5403.31,1
1789338300000,11.197,11.208,11.163,11.204,2129.0,2129.8,23839.7472,1
1789338600000,11.205,11.225,11.174,11.208,716.0,716.5,8023.7429,1
1789338900000,11.202,11.216,11.184,11.192,564.0,564.2,6319.3164,1
1789339200000,11.192,11.193,11.163,11.166,1779.0,1779.2,19893.8321,1
1789339500000,11.166,11.187,11.166,11.182,387.0,387.9,4335.639,1
1789339800000,11.181,11.196,11.164,11.188,273.0,273.0,3051.966,1
1789340100000,11.188,11.188,11.163,11.166,307.0,307.1,3429.4782,1
1789340400000,11.164,11.192,11.163,11.173,268.0,268.0,2993.949,1
1789340700000,11.178,11.182,11.174,11.181,4191.0,4191.5,46857.8875,1
1789341000000,11.181,11.189,11.18,11.182,261.0,261.3,2922.1105,1
1789341300000,11.184,11.19,11.18,11.181,2559.0,2559.6,28617.6654,1
1789341600000,11.181,11.225,11.181,11.225,357.0,357.3,4000.816,1
1789341900000,11.223,11.23,11.199,11.212,341.0,341.3,3827.7763,1
1789342200000,11.204,11.238,11.204,11.223,433.0,433.3,4865.6095,1
1789342500000,11.223,11.228,11.211,11.212,730.0,730.6,8193.1818,1
1789342800000,11.209,11.225,11.208,11.213,327.0,327.3,3670.9603,1
1789343100000,11.213,11.22,11.206,11.208,164.0,164.0,1838.967,1
1789343400000,11.208,11.208,11.199,11.199,230.0,230.3,2579.6943,1
1789343700000,11.201,11.201,11.184,11.2,118.0,118.1,1322.3247,1
1789344000000,11.201,11.212,11.201,11.206,294.0,294.6,3301.5808,1
1789344300000,11.206,11.285,11.206,11.253,2216.0,2216.9,24955.9545,1
1789344600000,11.253,11.253,11.231,11.234,409.0,409.3,4600.2451,1
1789344900000,11.231,11.24,11.227,11.24,613.0,613.0,6886.2222,1
1789345200000,11.241,11.241,11.209,11.213,325.0,325.6,3654.0267,1
1789345500000,11.213,11.213,11.114,11.142,5377.0,5377.5,60039.8922,1
1789345800000,11.132,11.213,11.132,11.207,1817.0,1817.6,20329.9236,1
1789346100000,11.213,11.214,11.203,11.211,371.0,371.0,4159.051,1
1789346400000,11.211,11.23,11.211,11.23,216.0,216.9,2435.3496,1
1789346700000,11.23,11.266,11.23,11.255,1670.0,1670.7,18811.409,1
1789347000000,11.257,11.266,11.254,11.265,308.0,308.9,3478.1146,1
1789347300000,11.266,11.275,11.264,11.264,184.0,184.3,2076.7623,1
1789347600000,11.265,11.275,11.25,11.25,529.0,529.6,5964.4358,1
1789347900000,11.245,11.265,11.231,11.265,450.0,450.6,5064.3645,1
1789348200000,11.265,11.28,11.245,11.251,359.0,359.9,4053.5794,1
1789348500000,11.247,11.247,11.231,11.231,323.0,323.2,3631.5866,1
1789348800000,11.231,11.258,11.225,11.252,383.0,383.0,4303.3926,1
1789349100000,11.249,11.274,11.243,11.267,1080.0,1080.5,12173.7327,1
1789349400000,11.26,11.262,11.214,11.215,301.0,301.7,3392.1841,1
1789349700000,11.214,11.256,11.201,11.255,358.0,358.4,4022.3946,1
1789350000000,11.255,11.266,11.243,11.243,317.0,317.3,3571.4894,1
1789350300000,11.243,11.266,11.237,11.263,243.0,243.0,2734.049,1
1789350600000,11.263,11.266,11.243,11.265,231.0,231.0,2600.23,1
1789350900000,11.266,11.311,11.266,11.311,1526.0,1526.7,17248.5172,1
1789351200000,11.311,11.311,11.293,11.295,689.0,689.0,7787.3149,1
1789351500000,11.299,11.32,11.293,11.319,278.0,278.7,3151.6722,1
1789351800000,11.319,11.356,11.319,11.356,475.0,475.2,5389.7937,1
1789352100000,11.358,11.358,11.329,11.336,5589.0,5589.0,63352.1094,1
1789352400000,11.336,11.356,11.329,11.356,2427.0,2427.8,27547.2399,1
1789352700000,11.367,11.385,11.363,11.37,882.0,882.2,10031.265,1
1789353000000,11.363,11.395,11.361,11.365,5421.0,5421.2,61751.9206,1
1789353300000,11.365,11.365,11.344,11.345,209.0,209.9,2382.4306,1
1789353600000,11.345,11.345,11.335,11.335,139.0,139.3,1579.4304,1
1789353900000,11.335,11.366,11.335,11.349,288.0,288.9,3279.2794,1
1789354200000,11.349,11.375,11.349,11.375,832.0,832.8,9464.0148,1
1789354500000,11.366,11.374,11.36,11.366,1847.0,1847.1,20986.81,1
1789354800000,11.362,11.381,11.357,11.377,558.0,558.4,6351.7382,1
1789355100000,11.374,11.433,11.374,11.426,1611.0,1611.2,18390.1055,1
1789355400000,11.425,11.43,11.416,11.425,443.0,443.4,5065.403,1
1789355700000,11.425,11.43,11.396,11.396,279.0,279.6,3193.0524,1
1789356000000,11.4,11.411,11.395,11.395,323.0,323.6,3689.6034,1
1789356300000,11.399,11.407,11.391,11.404,202.0,202.0,2303.016,1
1789356600000,11.404,11.404,11.375,11.375,280.0,280.0,3187.651,1
1789356900000,11.375,11.393,11.374,11.374,323.0,323.0,3675.0411,1
1789357200000,11.37,11.37,11.344,11.354,271.0,271.5,3081.5785,1
1789357500000,11.354,11.355,11.347,11.354,150.0,150.0,1702.65,1
1789357800000,11.354,11.37,11.347,11.367,186.0,186.0,2113.108,1
1789358100000,11.37,11.374,11.359,11.374,114.0,114.0,1295.749,1
1789358400000,11.374,11.383,11.36,11.367,118.0,118.0,1341.674,1
1789358700000,11.367,11.395,11.367,11.386,142.0,142.0,1616.227,1
1789359000000,11.386,11.386,11.366,11.371,134.0,134.0,1523.577,1
1789359300000,11.371,11.375,11.366,11.374,53.0,53.0,602.699,1
1789359600000,11.373,11.404,11.373,11.403,279.0,279.0,3178.209,1
1789359900000,11.399,11.404,11.384,11.384,124.0,124.0,1412.936,1
1789360200000,11.384,11.384,11.361,11.374,146.0,146.6,1667.5028,1
1789360500000,11.381,11.385,11.378,11.384,357.0,357.9,4073.4368,1
1789360800000,11.384,11.392,11.383,11.388,142.0,142.0,1617.058,1
1789361100000,11.388,11.403,11.382,11.39,145.0,145.0,1651.62,1
1789361400000,11.39,11.392,11.38,11.39,261.0,261.5,2977.967,1
1789361700000,11.39,11.396,11.381,11.392,103.0,103.0,1172.957,1
1789362000000,11.394,11.396,11.374,11.374,116.0,116.3,1324.2562,1
1789362300000,11.374,11.39,11.374,11.38,214.0,214.9,2446.5865,1
1789362600000,11.379,11.383,11.368,11.383,104.0,104.0,1182.77,1
1789362900000,11.383,11.384,11.372,11.376,74.0,74.0,841.883,1
1789363200000,11.376,11.376,11.363,11.363,315.0,315.3,3584.2041,1
1789363500000,11.367,11.372,11.359,11.365,188.0,188.0,2136.222,1
1789363800000,11.365,11.366,11.355,11.359,61.0,61.0,693.021,1
1789364100000,11.359,11.388,11.354,11.388,979.0,979.3,11148.5854,1
1789364400000,11.384,11.391,11.374,11.375,127.0,127.0,1445.663,1
1789364700000,11.375,11.385,11.375,11.378,131.0,131.7,1498.8733,1
1789365000000,11.378,11.381,11.373,11.381,96.0,96.0,1092.08,1
1789365300000,11.381,11.403,11.379,11.403,88.0,88.0,1002.524,1
1789365600000,11.403,11.427,11.402,11.426,757.0,757.0,8640.2571,1
1789365900000,11.426,11.451,11.426,11.437,413.0,413.3,4728.4997,1
1789366200000,11.441,11.465,11.436,11.447,270.0,270.8,3099.9737,1
1789366500000,11.447,11.455,11.437,11.451,953.0,953.8,10915.6428,1
1789366800000,11.447,11.457,11.445,11.449,108.0,108.0,1236.761,1
1789367100000,11.449,11.449,11.426,11.426,607.0,607.2,6941.0607,1
1789367400000,11.418,11.421,11.378,11.401,465.0,465.8,5311.3432,1
1789367700000,11.401,11.424,11.397,11.424,465.0,465.3,5313.3161,1
1789368000000,11.424,11.439,11.424,11.438,164.0,164.0,1875.293,1
1789368300000,11.438,11.439,11.422,11.43,199.0,199.0,2275.457,1
1789368600000,11.435,11.435,11.412,11.413,578.0,578.3,6604.7738,1
1789368900000,11.413,11.423,11.403,11.403,139.0,139.0,1586.095,1
1789369200000,11.403,11.421,11.39,11.421,350.0,350.6,3998.7586,1
1789369500000,11.421,11.426,11.401,11.403,445.0,445.8,5086.1716,1
1789369800000,11.403,11.41,11.401,11.407,106.0,106.0,1209.091,1
1789370100000,11.407,11.423,11.4,11.419,217.0,217.0,2476.169,1
1789370400000,11.414,11.419,11.405,11.406,294.0,294.3,3358.0889,1
1789370700000,11.406,11.407,11.387,11.387,218.0,218.4,2489.5306,1
1789371000000,11.387,11.389,11.374,11.375,84.0,84.0,955.987,1
1789371300000,11.377,11.395,11.376,11.39,135.0,135.0,1537.439,1
1789371600000,11.39,11.414,11.39,11.414,626.0,626.8,7144.1158,1
1789371900000,11.412,11.413,11.387,11.403,313.0,313.9,3579.4549,1
1789372200000,11.403,11.403,11.389,11.392,148.0,148.0,1686.6,1
1789372500000,11.388,11.405,11.388,11.404,105.0,105.0,1196.993,1
1789372800000,11.404,11.404,11.38,11.381,265.0,265.0,3017.03,1
1789373100000,11.381,11.395,11.375,11.387,324.0,324.1,3689.159,1
1789373400000,11.387,11.415,11.383,11.384,810.0,810.2,9229.682,1
1789373700000,11.385,11.386,11.375,11.379,153.0,153.0,1741.033,1
1789374000000,11.379,11.425,11.379,11.425,259.0,259.7,2961.2507,1
1789374300000,11.422,11.433,11.383,11.383,562.0,562.7,6420.0883,1
1789374600000,11.382,11.391,11.374,11.375,342.0,342.7,3899.7982,1
1789374900000,11.375,11.388,11.375,11.386,203.0,203.3,2314.0087,1
1789375200000,11.393,11.395,11.386,11.386,577.0,577.0,6572.6547,1
1789375500000,11.386,11.386,11.353,11.356,283.0,283.5,3222.0672,1
1789375800000,11.356,11.372,11.356,11.357,133.0,133.2,1513.8546,1
1789376100000,11.364,11.371,11.362,11.371,154.0,154.0,1750.612,1
1789376400000,11.371,11.382,11.367,11.378,144.0,144.0,1638.243,1
1789376700000,11.378,11.378,11.365,11.365,163.0,163.0,1853.762,1
1789377000000,11.365,11.379,11.353,11.355,1183.0,1183.4,13438.4212,1
1789377300000,11.354,11.354,11.344,11.346,340.0,340.0,3857.723,1
1789377600000,11.346,11.359,11.317,11.318,2037.0,2037.4,23073.3589,1
1789377900000,11.318,11.358,11.313,11.358,254.0,254.3,2881.4077,1
1789378200000,11.355,11.374,11.353,11.361,505.0,505.4,5744.1732,1
1789378500000,11.36,11.362,11.35,11.354,192.0,192.2,2182.7372,1
1789378800000,11.354,11.372,11.354,11.368,158.0,158.8,1804.665,1
1789379100000,11.37,11.424,11.369,11.424,388.0,388.6,4427.7776,1
1789379400000,11.422,11.483,11.42,11.471,1665.0,1665.2,19087.0236,1
1789379700000,11.472,11.472,11.426,11.433,1132.0,1132.5,12960.1491,1
1789380000000,11.434,11.443,11.408,11.43,379.0,379.1,4332.669,1
1789380300000,11.425,11.427,11.403,11.403,711.0,711.9,8122.7085,1
1789380600000,11.406,11.406,11.394,11.402,1110.0,1110.9,12665.1788,1
1789380900000,11.402,11.405,11.373,11.382,351.0,351.8,4008.0941,1
1789381200000,11.382,11.389,11.375,11.384,185.0,185.0,2105.87,1
1789381500000,11.384,11.389,11.377,11.383,129.0,129.0,1468.44,1
1789381800000,11.383,11.389,11.379,11.384,140.0,140.0,1593.71,1
1789382100000,11.382,11.406,11.382,11.386,904.0,904.3,10311.0636,1
1789382400000,11.386,11.411,11.384,11.403,537.0,537.6,6131.8934,1
1789382700000,11.402,11.411,11.402,11.41,1351.0,1351.6,15417.5164,1
1789383000000,11.409,11.414,11.381,11.381,285.0,285.4,3252.3525,1
1789383300000,11.381,11.384,11.373,11.373,116.0,116.0,1320.014,1
1789383600000,11.373,11.388,11.356,11.366,1835.0,1835.6,20868.6668,1
1789383900000,11.366,11.372,11.344,11.362,431.0,431.4,4899.8426,1
1789384200000,11.364,11.377,11.359,11.365,304.0,304.2,3459.1179,1
1789384500000,11.37,11.376,11.367,11.368,217.0,217.3,2471.1292,1
1789384800000,11.368,11.382,11.368,11.382,167.0,167.0,1900.048,1
1789385100000,11.39,11.404,11.388,11.402,197.0,197.0,2245.5273,1
1789385400000,11.404,11.404,11.379,11.38,389.0,389.1,4430.9689,1
1789385700000,11.38,11.393,11.365,11.386,408.0,408.0,4641.716,1
1789386000000,11.386,11.391,11.382,11.385,162.0,162.0,1844.44,1
1789386300000,11.385,11.395,11.381,11.389,182.0,182.4,2076.962,1
1789386600000,11.389,11.389,11.365,11.368,222.0,222.1,2527.5854,1
1789386900000,11.368,11.379,11.368,11.373,236.0,236.8,2693.522,1
1789387200000,11.381,11.392,11.372,11.392,223.0,223.4,2543.5714,1
1789387500000,11.385,11.404,11.385,11.401,250.0,250.1,2849.3304,1
1789387800000,11.398,11.401,11.378,11.386,1019.0,1019.2,11600.0258,1
1789388100000,11.386,11.399,11.383,11.397,190.0,190.0,2164.072,1
1789388400000,11.397,11.399,11.378,11.392,1033.0,1033.1,11771.5945,1
1789388700000,11.392,11.394,11.38,11.394,205.0,205.0,2334.558,1
1789389000000,11.391,11.404,11.387,11.39,137.0,137.0,1561.134,1
1789389300000,11.387,11.387,11.34,11.348,727.0,727.3,8257.8366,1
1789389600000,11.349,11.364,11.335,11.355,766.0,766.8,8697.854,1
1789389900000,11.351,11.366,11.339,11.34,316.0,316.8,3595.4382,1
1789390200000,11.338,11.346,11.321,11.321,250.0,250.1,2835.1045,1
1789390500000,11.321,11.321,11.309,11.314,1141.0,1141.9,12915.6622,1
1789390800000,11.306,11.314,11.282,11.283,754.0,754.7,8523.3587,1
1789391100000,11.283,11.286,11.243,11.267,744.0,744.0,8375.6659,1
1789391400000,11.271,11.319,11.271,11.308,520.0,520.7,5883.8922,1
1789391700000,11.308,11.344,11.308,11.336,421.0,421.0,4771.4415,1
1789392000000,11.336,11.341,11.32,11.329,547.0,547.2,6201.8982,1
1789392300000,11.324,11.343,11.323,11.341,310.0,310.5,3519.5328,1
1789392600000,11.344,11.394,11.338,11.389,1306.0,1306.5,14844.3085,1
1789392900000,11.389,11.393,11.305,11.361,1131.0,1131.9,12846.9824,1
1789393200000,11.355,11.373,11.338,11.371,1762.0,1762.3,20028.1103,1
1789393500000,11.371,11.414,11.368,11.414,588.0,588.0,6701.0681,1
1789393800000,11.413,11.414,11.373,11.38,673.0,673.5,7673.6183,1
1789394100000,11.369,11.378,11.33,11.344,930.0,930.1,10555.8503,1
1789394400000,11.34,11.401,11.337,11.389,689.0,689.9,7843.4979,1
1789394700000,11.393,11.394,11.366,11.375,412.0,412.0,4688.6613,1
1789395000000,11.37,11.435,11.37,11.419,445.0,445.7,5084.8101,1
1789395300000,11.424,11.439,11.421,11.438,761.0,761.0,8699.832,1
1789395600000,11.434,11.436,11.376,11.377,1277.0,1277.5,14566.0644,1
1789395900000,11.376,11.404,11.347,11.399,1271.0,1271.7,14452.6075,1
1789396200000,11.399,11.435,11.399,11.426,12212.0,12212.9,139366.6894,1
1789396500000,11.426,11.426,11.374,11.376,2170.0,2170.3,24702.2909,1
1789396800000,11.374,11.384,11.37,11.378,318.0,318.9,3627.6176,1
1789397100000,11.384,11.42,11.383,11.417,391.0,391.0,4457.295,1
1789397400000,11.422,11.422,11.386,11.417,484.0,484.2,5520.1021,1
1789397700000,11.418,11.418,11.384,11.4,379.0,379.2,4321.3088,1
1789398000000,11.389,11.406,11.37,11.383,564.0,564.2,6423.8932,1
1789398300000,11.383,11.439,11.38,11.429,1170.0,1170.8,13377.3183,1
1789398600000,11.429,11.437,11.405,11.423,387.0,387.9,4431.0356,1
1789398900000,11.423,11.442,11.412,11.434,255.0,255.0,2913.0997,1
1789399200000,11.434,11.434,11.41,11.422,977.0,977.2,11163.5566,1
1789399500000,11.423,11.431,11.409,11.412,538.0,538.4,6148.9044,1
1789399800000,11.411,11.439,11.406,11.435,614.0,614.6,7017.6124,1
1789400100000,11.427,11.437,11.404,11.43,775.0,775.6,8851.256,1
1789400400000,11.438,11.481,11.426,11.463,12694.0,12694.7,145635.4378,1
1789400700000,11.467,11.467,11.417,11.445,10670.0,10670.7,122065.964,1
1789401000000,11.439,11.466,11.435,11.452,1339.0,1339.3,15342.7258,1
1789401300000,11.45,11.465,11.444,11.455,920.0,920.2,10540.6208,1
1789401600000,11.455,11.458,11.436,11.436,227.0,227.5,2604.8337,1
1789401900000,11.436,11.461,11.436,11.461,456.0,456.1,5221.9694,1
1789402200000,11.461,11.466,11.459,11.465,255.0,255.4,2928.0838,1
1789402500000,11.465,11.562,11.464,11.537,3448.0,3448.9,39719.7906,1
1789402800000,11.537,11.538,11.477,11.525,11757.0,11757.4,135154.0424,1
1789403100000,11.521,11.521,11.482,11.488,3069.0,3069.9,35293.6086,1
1789403400000,11.488,11.518,11.488,11.503,315.0,315.5,3630.2785,1
1789403700000,11.5,11.508,11.484,11.504,344.0,344.0,3954.0474,1
1789404000000,11.504,11.504,11.487,11.489,203.0,203.0,2332.961,1
1789404300000,11.489,11.534,11.489,11.526,326.0,326.0,3754.36,1
1789404600000,11.529,11.553,11.524,11.548,634.0,634.2,7318.2731,1
1789404900000,11.548,11.549,11.509,11.509,225.0,225.9,2603.2848,1
1789405200000,11.509,11.51,11.496,11.497,328.0,328.6,3778.5959,1
1789405500000,11.497,11.515,11.496,11.5,728.0,728.5,8376.618,1
1789405800000,11.495,11.517,11.495,11.512,1039.0,1039.3,11964.5479,1
1789406100000,11.511,11.523,11.496,11.501,371.0,371.0,4267.7707,1
1789406400000,11.501,11.561,11.501,11.561,1034.0,1034.3,11942.924,1
1789406700000,11.559,11.585,11.555,11.585,913.0,913.0,10569.3425,1
1789407000000,11.585,11.587,11.554,11.564,1294.0,1294.4,14987.7948,1
1789407300000,11.567,11.587,11.562,11.576,366.0,366.8,4245.8386,1
1789407600000,11.576,11.594,11.567,11.58,240.0,240.3,2781.8314,1
1789407900000,11.586,11.602,11.585,11.602,551.0,551.3,6393.8011,1
1789408200000,11.602,11.614,11.586,11.613,1186.0,1186.1,13766.6642,1
1789408500000,11.614,11.614,11.597,11.602,8991.0,8991.1,104391.632,1
1789408800000,11.602,11.619,11.579,11.586,1453.0,1453.9,16859.7972,1
1789409100000,11.586,11.627,11.579,11.613,1481.0,1481.4,17199.0769,1
1789409400000,11.613,11.616,11.586,11.596,609.0,609.2,7064.5933,1
1789409700000,11.595,11.638,11.577,11.638,11972.0,11972.1,138739.518,1
1789410000000,11.635,11.661,11.624,11.64,18356.0,18356.6,213842.0966,1
1789410300000,11.64,11.661,11.63,11.653,1718.0,1718.3,20003.8916,1
1789410600000,11.653,11.686,11.653,11.684,2078.0,2078.8,24263.9728,1
1789410900000,11.685,11.686,11.667,11.678,460.0,460.7,5378.9694,1
1789411200000,11.681,11.693,11.667,11.691,535.0,535.9,6259.4214,1
1789411500000,11.691,11.712,11.681,11.711,909.0,909.7,10639.7387,1
1789411800000,11.695,11.7,11.693,11.696,385.0,385.3,4506.3035,1
1789412100000,11.696,11.702,11.693,11.697,227.0,227.6,2662.1452,1
1789412400000,11.7,11.7,11.667,11.668,2832.0,2832.0,33101.7993,1
1789412700000,11.668,11.673,11.645,11.651,448.0,448.1,5223.2372,1
1789413000000,11.651,11.683,11.651,11.678,1679.0,1679.8,19614.1998,1
1789413300000,11.683,11.708,11.678,11.708,9251.0,9251.6,108167.1694,1
1789413600000,11.708,11.724,11.708,11.723,2125.0,2125.0,24896.0141,1
1789413900000,11.717,11.755,11.715,11.727,482.0,482.8,5665.3201,1
1789414200000,11.727,11.74,11.716,11.724,541.0,541.6,6351.4258,1
1789414500000,11.719,11.719,11.683,11.692,1221.0,1221.7,14291.1769,1
1789414800000,11.689,11.715,11.689,11.715,243.0,243.5,2850.5686,1
1789415100000,11.715,11.743,11.715,11.735,741.0,741.7,8702.9281,1
1789415400000,11.734,11.735,11.723,11.732,500.0,500.8,5874.3918,1
1789415700000,11.73,11.736,11.716,11.736,255.0,255.1,2990.6817,1
1789416000000,11.735,11.748,11.735,11.748,295.0,295.6,3471.5968,1
1789416300000,11.748,11.757,11.748,11.757,196.0,196.7,2311.9246,1
1789416600000,11.757,11.842,11.757,11.829,2899.0,2899.0,34263.0865,1
1789416900000,11.831,11.915,11.83,11.915,2604.0,2604.8,30980.1764,1
1789417200000,11.9,11.948,11.898,11.937,1839.0,1839.6,21923.9391,1
1789417500000,11.946,11.946,11.878,11.898,3209.0,3209.0,38212.5403,1
1789417800000,11.898,11.918,11.89,11.916,8178.0,8178.2,97298.4239,1
1789418100000,11.918,11.919,11.875,11.875,1213.0,1213.3,14432.1087,1
1789418400000,11.871,11.892,11.851,11.851,2389.0,2389.2,28332.6399,1
1789418700000,11.851,11.864,11.812,11.812,2878.0,2878.1,34041.5201,1
1789419000000,11.811,11.83,11.801,11.801,7581.0,7581.1,89641.749,1
1789419300000,11.801,11.802,11.763,11.764,701.0,701.2,8256.5842,1
1789419600000,11.764,11.764,11.651,11.706,12521.0,12521.7,146803.4567,1
1789419900000,11.692,11.733,11.692,11.723,1066.0,1066.4,12501.1998,1
1789420200000,11.72,11.728,11.683,11.683,492.0,492.9,5768.7718,1
1789420500000,11.684,11.701,11.668,11.693,1778.0,1778.8,20803.3398,1
1789420800000,11.688,11.703,11.688,11.701,814.0,814.2,9522.062,1
1789421100000,11.701,11.732,11.684,11.702,60660.0,60660.9,710413.3783,1
1789421400000,11.702,11.72,11.686,11.686,10232.0,10232.6,119897.8805,1
1789421700000,11.689,11.696,11.656,11.656,705.0,705.0,8222.4431,1
1789422000000,11.656,11.67,11.656,11.663,125.0,125.0,1457.912,1
1789422300000,11.663,11.665,11.636,11.652,567.0,567.8,6610.7329,1
1789422600000,11.656,11.656,11.628,11.628,1285.0,1285.7,14955.4629,1
1789422900000,11.628,11.644,11.628,11.641,57.0,57.4,668.18,1
1789423200000,11.641,11.645,11.617,11.623,278.0,278.0,3231.3586,1
1789423500000,11.623,11.656,11.623,11.656,844.0,844.3,9832.5488,1
1789423800000,11.655,11.67,11.648,11.669,313.0,313.4,3653.934,1
1789424100000,11.669,11.682,11.634,11.634,393.0,393.4,4589.246,1
1789424400000,11.634,11.635,11.607,11.608,276.0,276.3,3210.9926,1
1789424700000,11.609,11.621,11.604,11.606,737.0,737.3,8561.9252,1
1789425000000,11.609,11.612,11.58,11.588,3931.0,3931.6,45582.2762,1
1789425300000,11.594,11.601,11.581,11.581,377.0,377.8,4378.0814,1
1789425600000,11.581,11.601,11.581,11.593,225.0,225.0,2607.744,1
1789425900000,11.593,11.594,11.578,11.578,298.0,298.8,3460.5295,1
1789426200000,11.578,11.581,11.577,11.578,137.0,137.0,1586.15,1
1789426500000,11.578,11.578,11.532,11.556,39724.0,39724.3,458591.4804,1
1789426800000,11.559,11.567,11.545,11.553,515.0,515.9,5960.7851,1
1789427100000,11.551,11.559,11.545,11.547,299.0,299.5,3458.715,1
1789427400000,11.547,11.552,11.542,11.543,585.0,585.3,6758.5274,1
1789427700000,11.544,11.55,11.536,11.542,103.0,103.0,1188.775,1
1789428000000,11.542,11.553,11.534,11.553,143.0,143.0,1650.313,1
1789428300000,11.555,11.571,11.54,11.544,175.0,175.0,2021.789,1
1789428600000,11.541,11.541,11.523,11.531,2539.0,2539.5,29277.9199,1
1789428900000,11.531,11.531,11.515,11.527,902.0,902.7,10397.5302,1
1789429200000,11.527,11.532,11.526,11.529,456.0,456.3,5259.9184,1
1789429500000,11.529,11.529,11.515,11.517,193.0,193.4,2227.6628,1
1789429800000,11.517,11.517,11.503,11.51,690.0,690.9,7951.9056,1
1789430100000,11.504,11.514,11.5,11.514,183.0,183.6,2111.826,1
1789430400000,11.509,11.525,11.506,11.508,332.0,332.4,3827.1192,1
1789430700000,11.508,11.529,11.5,11.529,313.0,313.1,3604.1655,1
1789431000000,11.526,11.532,11.516,11.521,200.0,200.3,2308.1012,1
1789431300000,11.521,11.523,11.513,11.518,107.0,107.6,1239.3072,1
1789431600000,11.513,11.537,11.51,11.519,292.0,292.0,3362.515,1
1789431900000,11.518,11.533,11.514,11.528,276.0,276.0,3181.688,1
1789432200000,11.528,11.549,11.528,11.549,845.0,845.8,9763.5321,1
1789432500000,11.549,11.568,11.54,11.563,121.0,121.2,1400.369,1
1789432800000,11.563,11.563,11.53,11.537,385.0,385.2,4445.3965,1
1789433100000,11.537,11.549,11.531,11.549,124.0,124.0,1430.675,1
1789433400000,11.549,11.573,11.546,11.563,150.0,150.7,1742.3075,1
1789433700000,11.563,11.571,11.554,11.562,145.0,145.0,1676.561,1
1789434000000,11.562,11.567,11.547,11.562,301.0,301.5,3484.4898,1
1789434300000,11.559,11.572,11.537,11.537,179.0,179.0,2068.858,1
1789434600000,11.537,11.556,11.536,11.548,162.0,162.2,1873.2702,1
1789434900000,11.546,11.567,11.546,11.556,213.0,213.0,2461.66,1
1789435200000,11.556,11.588,11.556,11.588,537.0,537.1,6220.1462,1
1789435500000,11.588,11.588,11.551,11.551,805.0,805.1,9321.6419,1
1789435800000,11.551,11.58,11.55,11.56,30253.0,30253.0,349629.856,1
1789436100000,11.56,11.58,11.558,11.58,313.0,313.0,3619.34,1
1789436400000,11.58,11.582,11.573,11.58,107.0,107.0,1238.882,1
1789436700000,11.577,11.588,11.563,11.588,356.0,356.2,4124.5793,1
1789437000000,11.595,11.6,11.585,11.6,202.0,202.1,2343.4602,1
1789437300000,11.598,11.601,11.579,11.585,213.0,213.0,2468.311,1
1789437600000,11.589,11.602,11.584,11.601,256.0,256.5,2973.7415,1
1789437900000,11.601,11.603,11.582,11.603,237.0,237.6,2754.3528,1
1789438200000,11.602,11.62,11.601,11.611,258.0,258.6,3003.4778,1
1789438500000,11.618,11.618,11.606,11.612,351.0,351.7,4083.9031,1
1789438800000,11.612,11.613,11.6,11.61,178.0,178.9,2076.0533,1
1789439100000,11.61,11.621,11.601,11.604,324.0,324.3,3767.2973,1
1789439400000,11.601,11.619,11.6,11.61,137.0,137.0,1589.875,1
1789439700000,11.61,11.611,11.582,11.594,257.0,257.7,2988.2394,1
1789440000000,11.594,11.604,11.585,11.599,413.0,413.2,4790.6766,1
1789440300000,11.594,11.598,11.58,11.58,125.0,125.0,1448.611,1
1789440600000,11.58,11.582,11.579,11.579,148.0,148.1,1715.0169,1
1789440900000,11.566,11.581,11.561,11.561,277.0,277.8,3214.5476,1
1789441200000,11.555,11.556,11.509,11.53,725.0,725.3,8366.3596,1
1789441500000,11.532,11.539,11.513,11.518,740.0,740.8,8538.0049,1
1789441800000,11.515,11.517,11.475,11.477,1929.0,1929.6,22166.7102,1
1789442100000,11.485,11.485,11.446,11.481,1588.0,1588.8,18216.0511,1
1789442400000,11.478,11.49,11.478,11.484,299.0,299.6,3440.853,1
1789442700000,11.479,11.496,11.477,11.494,101.0,101.0,1160.507,1
1789443000000,11.494,11.533,11.494,11.533,189.0,189.8,2184.544,1
1789443300000,11.533,11.544,11.529,11.529,314.0,314.2,3625.8305,1
1789443600000,11.529,11.538,11.527,11.529,131.0,131.0,1510.787,1
1789443900000,11.529,11.539,11.523,11.524,117.0,117.0,1348.989,1
1789444200000,11.519,11.526,11.495,11.495,187.0,187.1,2154.9586,1
1789444500000,11.495,11.501,11.489,11.489,836.0,836.7,9614.6593,1
1789444800000,11.489,11.504,11.489,11.498,743.0,743.8,8548.25,1
1789445100000,11.498,11.507,11.481,11.483,116.0,116.0,1333.184,1
1789445400000,11.481,11.485,11.471,11.478,567.0,567.0,6507.7341,1
1789445700000,11.476,11.485,11.474,11.485,370.0,370.7,4255.0229,1
1789446000000,11.483,11.496,11.471,11.471,289.0,289.0,3318.2954,1
1789446300000,11.471,11.474,11.451,11.458,202.0,202.5,2321.439,1
1789446600000,11.458,11.461,11.445,11.446,242.0,242.4,2775.3926,1
1789446900000,11.449,11.452,11.437,11.442,277.0,277.7,3177.8897,1
1789447200000,11.438,11.454,11.437,11.454,181.0,181.0,2072.033,1
1789447500000,11.456,11.46,11.444,11.455,126.0,126.0,1443.236,1
1789447800000,11.455,11.455,11.442,11.449,166.0,166.7,1908.2194,1
1789448100000,11.454,11.454,11.445,11.445,88.0,88.1,1008.6881,1
1789448400000,11.445,11.455,11.444,11.447,134.0,134.1,1535.6419,1
1789448700000,11.447,11.454,11.437,11.437,142.0,142.6,1631.7774,1
1789449000000,11.438,11.438,11.386,11.406,4673.0,4673.6,53279.2459,1
1789449300000,11.406,11.411,11.386,11.392,744.0,744.0,8480.2532,1
1789449600000,11.394,11.411,11.393,11.396,657.0,657.5,7494.0734,1
1789449900000,11.396,11.417,11.394,11.416,154.0,154.0,1756.879,1
1789450200000,11.413,11.417,11.403,11.413,238.0,238.0,2715.485,1
1789450500000,11.413,11.413,11.402,11.408,110.0,110.4,1259.3372,1
1789450800000,11.408,11.433,11.408,11.433,464.0,464.3,5305.7681,1
1789451100000,11.433,11.444,11.433,11.443,176.0,176.7,2021.1547,1
1789451400000,11.443,11.488,11.443,11.486,1656.0,1656.0,18988.1168,1
1789451700000,11.486,11.492,11.486,11.486,125.0,125.9,1446.5561,1
1789452000000,11.487,11.495,11.483,11.494,251.0,251.0,2884.479,1
1789452300000,11.494,11.494,11.478,11.478,271.0,271.0,3113.692,1
1789452600000,11.478,11.478,11.464,11.464,115.0,115.0,1319.012,1
1789452900000,11.464,11.472,11.46,11.46,100.0,100.0,1146.415,1
1789453200000,11.459,11.459,11.439,11.44,139.0,139.0,1591.119,1
1789453500000,11.44,11.442,11.417,11.428,2002.0,2002.4,22888.4072,1
1789453800000,11.425,11.436,11.42,11.433,260.0,260.0,2971.255,1
1789454100000,11.433,11.443,11.432,11.438,515.0,515.0,5889.396,1
1789454400000,11.438,11.44,11.437,11.438,1116.0,1116.7,12772.9014,1
1789454700000,11.438,11.44,11.406,11.414,926.0,926.2,10573.376,1
1789455000000,11.41,11.415,11.401,11.401,489.0,489.7,5585.3006,1
1789455300000,11.401,11.406,11.384,11.406,274.0,274.6,3128.3462,1
1789455600000,11.403,11.415,11.396,11.415,242.0,242.0,2760.372,1
1789455900000,11.415,11.415,11.39,11.399,266.0,266.9,3041.5013,1
1789456200000,11.405,11.408,11.392,11.408,170.0,170.0,1937.939,1
1789456500000,11.408,11.417,11.393,11.416,311.0,311.5,3553.4685,1
1789456800000,11.415,11.417,11.412,11.416,1250.0,1250.0,14270.634,1
1789457100000,11.416,11.417,11.403,11.403,241.0,241.4,2755.3468,1
1789457400000,11.402,11.408,11.369,11.37,3450.0,3450.8,39327.6729,1
1789457700000,11.369,11.39,11.353,11.379,2982.0,2982.0,33870.1955,1
1789458000000,11.379,11.379,11.362,11.37,243.0,243.2,2765.138,1
1789458300000,11.363,11.374,11.357,11.365,700.0,700.0,7953.4937,1
1789458600000,11.365,11.365,11.338,11.339,1187.0,1187.8,13481.3143,1
1789458900000,11.338,11.339,11.336,11.336,182.0,182.3,2066.6897,1
1789459200000,11.337,11.339,11.317,11.319,3685.0,3685.3,41740.6199,1
1789459500000,11.316,11.321,11.3,11.308,1204.0,1204.7,13620.565,1
1789459800000,11.308,11.354,11.303,11.35,1013.0,1013.3,11474.5236,1
1789460100000,11.355,11.367,11.336,11.356,380.0,380.5,4318.5782,1
1789460400000,11.356,11.374,11.356,11.373,272.0,272.2,3094.5498,1
1789460700000,11.373,11.376,11.361,11.366,159.0,159.5,1813.2218,1
1789461000000,11.359,11.374,11.354,11.374,249.0,249.8,2839.7226,1
1789461300000,11.374,11.376,11.369,11.376,121.0,121.0,1376.216,1
1789461600000,11.376,11.385,11.37,11.378,99.0,99.7,1134.4536,1
1789461900000,11.378,11.391,11.374,11.38,176.0,176.3,2007.008,1
1789462200000,11.38,11.384,11.37,11.383,165.0,165.0,1877.0696,1
1789462500000,11.383,11.391,11.383,11.39,178.0,178.0,2027.381,1
1789462800000,11.39,11.391,11.39,11.391,497.0,497.0,5661.004,1
1789463100000,11.391,11.392,11.367,11.374,2184.0,2184.6,24881.551,1
1789463400000,11.374,11.376,11.363,11.364,129.0,129.8,1475.6644,1
1789463700000,11.366,11.378,11.365,11.366,421.0,421.9,4797.3249,1
1789464000000,11.365,11.374,11.363,11.369,109.0,109.0,1239.167,1
1789464300000,11.369,11.376,11.367,11.376,171.0,171.0,1944.309,1
1789464600000,11.376,11.394,11.376,11.394,145.0,145.0,1651.031,1
1789464900000,11.394,11.394,11.381,11.392,154.0,154.4,1758.5198,1
1789465200000,11.391,11.393,11.37,11.386,8955.0,8955.9,101985.0547,1
1789465500000,11.386,11.4,11.385,11.399,285.0,285.4,3252.0524,1
1789465800000,11.399,11.417,11.398,11.414,109.0,109.4,1247.6926,1
1789466100000,11.407,11.407,11.378,11.385,225.0,225.0,2562.956,1
1789466400000,11.385,11.396,11.37,11.385,251.0,251.0,2857.411,1
1789466700000,11.385,11.385,11.373,11.379,105.0,105.0,1194.819,1
1789467000000,11.384,11.384,11.371,11.372,142.0,142.0,1615.803,1
1789467300000,11.37,11.379,11.37,11.376,1152.0,1152.0,13101.72,1
1789467600000,11.376,11.378,11.376,11.378,96.0,96.0,1092.167,1
1789467900000,11.378,11.378,11.37,11.37,168.0,168.2,1913.149,1
1789468200000,11.37,11.37,11.364,11.368,155.0,155.1,1762.7189,1
1789468500000,11.368,11.382,11.363,11.37,402.0,402.7,4581.7914,1
1789468800000,11.369,11.384,11.369,11.382,330.0,330.0,3754.49,1
1789469100000,11.382,11.391,11.378,11.385,84.0,84.4,960.7956,1
1789469400000,11.391,11.391,11.372,11.372,161.0,161.0,1832.745,1
1789469700000,11.372,11.385,11.372,11.375,257.0,257.0,2924.366,1
1789470000000,11.379,11.386,11.374,11.378,378.0,378.8,4311.6557,1
1789470300000,11.378,11.386,11.378,11.386,130.0,130.0,1479.938,1
1789470600000,11.386,11.386,11.375,11.383,139.0,139.5,1588.014,1
1789470900000,11.383,11.386,11.374,11.374,131.0,131.0,1491.176,1
1789471200000,11.374,11.374,11.352,11.355,144.0,144.5,1641.5113,1
1789471500000,11.357,11.359,11.351,11.354,250.0,250.6,2845.7348,1
1789471800000,11.354,11.355,11.323,11.326,389.0,389.4,4416.9545,1
1789472100000,11.326,11.347,11.323,11.341,256.0,256.2,2904.676,1
1789472400000,11.341,11.348,11.325,11.347,249.0,249.0,2822.849,1
1789472700000,11.345,11.346,11.328,11.334,118.0,118.0,1338.193,1
1789473000000,11.335,11.362,11.331,11.359,935.0,935.5,10613.9515,1
1789473300000,11.359,11.369,11.356,11.368,111.0,111.6,1267.9898,1
1789473600000,11.369,11.385,11.366,11.381,179.0,179.1,2037.4779,1
1789473900000,11.381,11.381,11.373,11.377,212.0,212.8,2420.491,1
1789474200000,11.377,11.386,11.369,11.386,155.0,155.8,1773.3658,1
1789474500000,11.386,11.409,11.386,11.403,260.0,260.2,2965.979,1
1789474800000,11.403,11.417,11.391,11.402,629.0,629.2,7180.9444,1
1789475100000,11.402,11.417,11.395,11.395,738.0,738.4,8419.1874,1
1789475400000,11.395,11.405,11.382,11.396,336.0,336.9,3838.4918,1
1789475700000,11.396,11.397,11.382,11.384,300.0,300.2,3418.8586,1
1789476000000,11.387,11.39,11.37,11.373,132.0,132.9,1512.0578,1
1789476300000,11.376,11.398,11.369,11.394,297.0,297.0,3380.116,1
1789476600000,11.394,11.438,11.392,11.43,3079.0,3079.6,35177.8381,1
1789476900000,11.433,11.442,11.404,11.412,379.0,379.6,4336.5169,1
1789477200000,11.411,11.444,11.409,11.444,266.0,266.0,3039.833,1
1789477500000,11.444,11.473,11.443,11.454,417.0,417.4,4782.4011,1
1789477800000,11.451,11.49,11.448,11.449,460.0,460.4,5279.4466,1
1789478100000,11.45,11.475,11.442,11.463,586.0,586.4,6722.3451,1
1789478400000,11.463,11.471,11.459,11.467,251.0,251.0,2877.868,1
1789478700000,11.464,11.48,11.463,11.47,224.0,224.8,2578.4696,1
1789479000000,11.475,11.475,11.429,11.433,2787.0,2787.4,31908.9093,1
1789479300000,11.433,11.439,11.285,11.309,6652.0,6652.5,75380.1969,1
1789479600000,11.314,11.363,11.307,11.362,1077.0,1077.3,12223.126,1
1789479900000,11.362,11.374,11.348,11.36,701.0,701.7,7972.8277,1
1789480200000,11.354,11.354,11.335,11.346,936.0,936.0,10615.1844,1
1789480500000,11.338,11.385,11.338,11.385,960.0,960.2,10912.1252,1
1789480800000,11.385,11.393,11.345,11.345,661.0,661.7,7524.742,1
1789481100000,11.342,11.349,11.317,11.349,937.0,937.9,10626.4497,1
1789481400000,11.347,11.352,11.317,11.318,298.0,298.6,3384.9482,1
1789481700000,11.318,11.338,11.303,11.319,333.0,333.5,3774.7195,1
1789482000000,11.322,11.343,11.243,11.282,43869.0,43869.5,494194.3789,1
1789482300000,11.282,11.319,11.28,11.291,478.0,478.8,5411.8801,1
1789482600000,11.294,11.306,11.277,11.283,1278.0,1278.1,14422.5217,1
1789482900000,11.285,11.301,11.219,11.228,43396.0,43396.0,489937.2757,1
1789483200000,11.228,11.228,11.17,11.191,3782.0,3782.0,42314.3274,1
1789483500000,11.193,11.205,11.139,11.14,10230.0,10230.3,114184.6602,1
1789483800000,11.139,11.141,11.057,11.111,7841.0,7841.6,87015.0595,1
1789484100000,11.119,11.176,11.105,11.176,4928.0,4928.7,54993.4664,1
1789484400000,11.176,11.205,11.142,11.196,16132.0,16132.0,180329.9822,1
1789484700000,11.196,11.236,11.194,11.202,2959.0,2959.0,33153.5271,1
1789485000000,11.202,11.208,11.187,11.197,1014.0,1014.4,11361.6602,1
1789485300000,11.197,11.207,11.183,11.204,526.0,526.5,5895.5461,1
1789485600000,11.204,11.269,11.197,11.264,2061.0,2061.2,23149.8736,1
1789485900000,11.264,11.293,11.262,11.269,8177.0,8177.6,92223.3667,1
1789486200000,11.269,11.286,11.258,11.282,3051.0,3051.4,34396.0825,1
1789486500000,11.282,11.298,11.263,11.275,439.0,439.3,4955.1187,1
1789486800000,11.275,11.285,11.254,11.273,860.0,860.6,9702.1186,1
1789487100000,11.273,11.287,11.255,11.263,356.0,356.0,4011.764,1
1789487400000,11.269,11.3,11.237,11.237,657.0,657.9,7416.4361,1
1789487700000,11.242,11.288,11.235,11.27,1086.0,1086.0,12225.3383,1
1789488000000,11.27,11.28,11.246,11.246,655.0,655.0,7381.5372,1
1789488300000,11.253,11.261,11.231,11.232,565.0,565.9,6362.2512,1
1789488600000,11.232,11.235,11.193,11.194,1180.0,1180.5,13237.5161,1
1789488900000,11.194,11.25,11.194,11.235,361.0,361.1,4054.4061,1
1789489200000,11.235,11.281,11.235,11.274,547.0,547.7,6169.8704,1
1789489500000,11.274,11.283,11.258,11.275,266.0,266.1,2999.01,1
1789489800000,11.28,11.287,11.252,11.252,402.0,402.1,4530.3765,1
1789490100000,11.251,11.281,11.251,11.263,250.0,250.0,2815.321,1
1789490400000,11.26,11.26,11.244,11.259,188.0,188.0,2115.349,1
1789490700000,11.258,11.275,11.255,11.269,234.0,234.0,2636.228,1
1789491000000,11.273,11.293,11.273,11.292,253.0,253.8,2864.028,1
1789491300000,11.292,11.293,11.26,11.263,350.0,350.6,3954.8789,1
1789491600000,11.262,11.267,11.231,11.231,346.0,346.6,3898.1832,1
1789491900000,11.231,11.242,11.197,11.2,410.0,410.0,4598.6677,1
1789492200000,11.2,11.228,11.199,11.224,219.0,219.2,2457.8098,1
1789492500000,11.222,11.228,11.209,11.212,407.0,407.0,4565.5202,1
1789492800000,11.212,11.228,11.205,11.224,434.0,434.2,4870.0431,1
1789493100000,11.221,11.252,11.218,11.247,269.0,269.0,3022.687,1
1789493400000,11.248,11.343,11.247,11.343,7234.0,7234.5,81802.5818,1
1789493700000,11.34,11.4,11.321,11.321,2395.0,2395.6,27193.4277,1
1789494000000,11.323,11.325,11.3,11.303,1206.0,1206.0,13640.4313,1
1789494300000,11.303,11.362,11.303,11.357,706.0,706.0,8006.461,1
1789494600000,11.357,11.362,11.333,11.338,1279.0,1279.4,14518.9283,1
1789494900000,11.338,11.338,11.306,11.306,245.0,245.2,2774.1814,1
1789495200000,11.304,11.329,11.288,11.293,1279.0,1279.0,14467.3803,1
1789495500000,11.291,11.312,11.288,11.288,418.0,418.3,4725.2527,1
1789495800000,11.289,11.304,11.273,11.294,364.0,364.2,4112.4274,1
1789496100000,11.291,11.296,11.243,11.25,1386.0,1386.4,15615.1297,1
1789496400000,11.247,11.264,11.243,11.243,361.0,361.0,4061.208,1
1789496700000,11.244,11.334,11.231,11.3,697.0,697.6,7860.4961,1
1789497000000,11.295,11.298,11.213,11.26,1063.0,1063.6,11973.4414,1
1789497300000,11.264,11.266,11.08,11.15,2156.0,2156.0,24059.6884,1
1789497600000,11.152,11.161,11.008,11.022,11515.0,11515.8,127114.3777,1
1789497900000,11.008,11.033,10.8,10.8,27294.0,27294.2,297650.1879,1
1789498200000,10.814,11.077,10.8,11.077,5499.0,5499.9,60307.7003,1
1789498500000,11.083,11.138,11.077,11.095,2510.0,2510.0,27892.7673,1
1789498800000,11.102,11.159,11.049,11.141,2469.0,2469.7,27380.1012,1
1789499100000,11.129,11.151,11.1,11.107,1104.0,1104.7,12286.5189,1
1789499400000,11.115,11.143,11.064,11.081,856.0,856.0,9502.5888,1
1789499700000,11.082,11.154,11.066,11.128,1638.0,1638.4,18206.9254,1
1789500000000,11.125,11.157,11.095,11.117,811.0,811.6,9022.9406,1
1789500300000,11.113,11.133,11.07,11.079,663.0,663.1,7362.707,1
1789500600000,11.08,11.103,11.049,11.069,1298.0,1298.1,14385.2176,1
1789500900000,11.063,11.095,11.061,11.095,722.0,722.3,7998.4691,1
1789501200000,11.091,11.1,11.044,11.044,968.0,968.0,10708.5708,1
1789501500000,11.045,11.068,11.043,11.062,455.0,455.2,5032.161,1
1789501800000,11.06,11.086,11.053,11.086,429.0,429.1,4747.1001,1
1789502100000,11.08,11.105,11.066,11.072,10040.0,10040.2,111154.1906,1
1789502400000,11.074,11.107,11.061,11.062,1075.0,1075.9,11926.859,1
1789502700000,11.062,11.062,11.027,11.04,13648.0,13648.9,150634.2425,1
1789503000000,11.04,11.063,11.029,11.048,816.0,816.3,9012.917,1
1789503300000,11.048,11.048,11.012,11.02,600.0,600.9,6626.0677,1
1789503600000,11.016,11.023,10.947,10.969,1386.0,1386.4,15207.2841,1
1789503900000,10.971,10.979,10.94,10.941,770.0,770.6,8436.177,1
1789504200000,10.941,10.972,10.927,10.937,614.0,614.2,6722.4175,1
1789504500000,10.942,10.988,10.938,10.951,555.0,555.7,6094.5392,1
1789504800000,10.957,10.974,10.944,10.971,692.0,692.0,7586.428,1
1789505100000,10.976,11.018,10.97,11.018,659.0,659.3,7245.0106,1
1789505400000,11.018,11.02,10.986,10.999,676.0,676.3,7445.3791,1
1789505700000,10.997,11.009,10.983,10.99,176.0,176.3,1938.9102,1
1789506000000,10.987,10.987,10.947,10.95,569.0,569.6,6246.2544,1
1789506300000,10.95,10.972,10.947,10.949,199.0,199.4,2184.5081,1
1789506600000,10.95,10.993,10.947,10.971,766.0,766.5,8417.1019,1
1789506900000,10.967,10.975,10.951,10.973,569.0,569.2,6242.8893,1
1789507200000,10.978,10.981,10.94,10.945,370.0,370.8,4060.0966,1
1789507500000,10.941,10.941,10.91,10.917,343.0,343.8,3755.5365,1
1789507800000,10.918,10.947,10.906,10.936,4667.0,4667.2,50935.5369,1
1789508100000,10.936,10.95,10.911,10.944,310.0,310.0,3388.943,1
1789508400000,10.946,10.956,10.943,10.949,966.0,966.0,10581.2716,1
1789508700000,10.949,10.949,10.918,10.921,116.0,116.0,1268.433,1
1789509000000,10.921,10.921,10.882,10.901,1088.0,1088.7,11851.9389,1
1789509300000,10.901,10.904,10.869,10.879,148.0,148.5,1616.5205,1
1789509600000,10.872,10.904,10.86,10.885,1120.0,1120.9,12190.6025,1
1789509900000,10.886,10.89,10.86,10.86,415.0,415.0,4512.0311,1
1789510200000,10.86,10.879,10.828,10.848,13363.0,13363.9,144795.3934,1
1789510500000,10.848,10.858,10.808,10.823,6688.0,6688.2,72494.5549,1
1789510800000,10.823,10.838,10.809,10.824,1393.0,1393.5,15093.9358,1
1789511100000,10.824,10.882,10.824,10.867,1109.0,1109.5,12057.0696,1
1789511400000,10.867,10.898,10.867,10.895,876.0,876.6,9540.5245,1
1789511700000,10.892,10.91,10.884,10.902,401.0,401.1,4369.8401,1
1789512000000,10.902,10.902,10.874,10.876,519.0,519.6,5654.3641,1
1789512300000,10.877,10.909,10.872,10.897,2492.0,2492.1,27176.1739,1
1789512600000,10.897,10.913,10.89,10.91,244.0,244.8,2669.246,1
1789512900000,10.91,10.912,10.891,10.891,149.0,149.0,1624.843,1
1789513200000,10.898,10.927,10.89,10.927,304.0,304.8,3325.0166,1
1789513500000,10.922,10.939,10.921,10.938,443.0,443.2,4845.1311,1
1789513800000,10.939,10.971,10.939,10.971,217.0,217.8,2385.8234,1
1789514100000,10.983,10.984,10.973,10.973,245.0,245.0,2689.796,1
1789514400000,10.975,10.982,10.958,10.964,677.0,677.9,7436.3867,1
1789514700000,10.961,10.965,10.932,10.933,1093.0,1093.5,11971.259,1
1789515000000,10.929,10.929,10.886,10.906,1069.0,1069.7,11672.2241,1
1789515300000,10.907,10.907,10.876,10.88,1136.0,1136.6,12376.7834,1
1789515600000,10.88,10.92,10.877,10.915,276.0,276.5,3014.28,1
1789515900000,10.915,10.922,10.896,10.897,208.0,208.0,2269.242,1
1789516200000,10.897,10.901,10.897,10.897,221.0,221.0,2408.382,1
1789516500000,10.897,10.897,10.874,10.879,179.0,179.7,1956.0462,1
1789516800000,10.878,10.904,10.87,10.901,388.0,388.5,4227.9223,1
1789517100000,10.902,10.92,10.893,10.897,273.0,273.0,2977.682,1
1789517400000,10.897,10.908,10.887,10.893,176.0,176.0,1917.802,1
1789517700000,10.893,10.917,10.884,10.916,332.0,332.3,3624.455,1
1789518000000,10.913,10.924,10.902,10.917,253.0,253.0,2761.528,1
1789518300000,10.916,10.927,10.903,10.918,623.0,623.0,6799.1812,1
1789518600000,10.923,10.927,10.91,10.91,117.0,117.0,1277.645,1
1789518900000,10.91,10.926,10.904,10.926,575.0,575.4,6280.8054,1
1789519200000,10.926,10.926,10.904,10.909,193.0,193.7,2113.8627,1
1789519500000,10.915,10.92,10.893,10.908,408.0,408.0,4450.364,1
1789519800000,10.908,10.919,10.896,10.896,214.0,214.0,2334.156,1
1789520100000,10.896,10.911,10.894,10.904,266.0,266.8,2908.5992,1
1789520400000,10.9,10.922,10.88,10.889,364.0,364.6,3975.5496,1
1789520700000,10.889,10.897,10.882,10.886,234.0,234.0,2547.771,1
1789521000000,10.89,10.905,10.879,10.899,339.0,339.0,3693.032,1
1789521300000,10.895,10.896,10.883,10.888,221.0,221.3,2410.1258,1
1789521600000,10.892,10.909,10.885,10.906,1060.0,1060.7,11555.9184,1
1789521900000,10.911,10.917,10.897,10.9,271.0,271.4,2960.4105,1
1789522200000,10.9,10.9,10.85,10.852,413.0,413.5,4493.0556,1
1789522500000,10.855,10.868,10.804,10.81,2687.0,2687.5,29093.8543,1
1789522800000,10.812,10.843,10.806,10.842,2336.0,2336.4,25307.7826,1
1789523100000,10.839,10.848,10.812,10.815,885.0,885.9,9591.5562,1
1789523400000,10.815,10.815,10.774,10.782,4185.0,4185.5,45161.3116,1
1789523700000,10.782,10.792,10.774,10.782,986.0,986.4,10640.7559,1
1789524000000,10.781,10.817,10.778,10.802,1664.0,1664.2,17972.3057,1
1789524300000,10.807,10.814,10.79,10.793,2083.0,2083.5,22513.508,1
1789524600000,10.795,10.812,10.771,10.812,311.0,311.0,3355.69,1
1789524900000,10.809,10.86,10.809,10.859,540.0,540.9,5862.9271,1
1789525200000,10.859,10.86,10.847,10.849,299.0,299.3,3249.0636,1
1789525500000,10.857,10.86,10.855,10.859,1874.0,1874.0,20348.328,1
1789525800000,10.86,10.909,10.86,10.908,476.0,476.9,5196.9524,1
1789526100000,10.909,10.926,10.907,10.92,467.0,467.4,5103.1146,1
1789526400000,10.92,10.92,10.888,10.89,212.0,212.0,2311.965,1
1789526700000,10.888,10.894,10.884,10.893,267.0,267.1,2908.7272,1
1789527000000,10.893,10.893,10.868,10.87,748.0,748.7,8140.9107,1
1789527300000,10.87,10.87,10.839,10.856,2545.0,2545.0,27594.384,1
1789527600000,10.856,10.884,10.849,10.868,946.0,946.7,10284.1493,1
1789527900000,10.866,10.869,10.845,10.855,298.0,298.4,3239.0618,1
1789528200000,10.861,10.893,10.851,10.893,167.0,167.0,1815.789,1
1789528500000,10.893,10.925,10.892,10.908,329.0,329.0,3590.3603,1
1789528800000,10.909,10.915,10.905,10.912,231.0,231.0,2520.211,1
1789529100000,10.904,10.904,10.864,10.864,313.0,313.4,3409.4114,1
1789529400000,10.863,10.879,10.85,10.86,302.0,302.6,3287.8004,1
1789529700000,10.86,10.86,10.827,10.829,269.0,269.4,2921.0441,1
1789530000000,10.829,10.842,10.812,10.836,181.0,181.1,1961.7567,1
1789530300000,10.836,10.84,10.823,10.825,582.0,582.7,6314.839,1
1789530600000,10.827,10.833,10.818,10.826,201.0,201.8,2184.4602,1
1789530900000,10.826,10.835,10.82,10.823,87.0,87.0,942.025,1
1789531200000,10.82,10.844,10.811,10.839,725.0,725.7,7855.1666,1
1789531500000,10.843,10.843,10.833,10.837,117.0,117.4,1272.3844,1
1789531800000,10.837,10.853,10.834,10.852,164.0,164.0,1778.535,1
1789532100000,10.841,10.841,10.806,10.806,227.0,227.9,2466.7901,1
1789532400000,10.806,10.86,10.805,10.847,9179.0,9179.9,99602.0955,1
1789532700000,10.847,10.852,10.826,10.838,266.0,266.1,2883.1759,1
1789533000000,10.832,10.834,10.815,10.834,186.0,186.0,2013.337,1
1789533300000,10.838,10.86,10.83,10.859,216.0,216.6,2347.9587,1
1789533600000,10.859,10.874,10.845,10.845,255.0,255.0,2770.3071,1
1789533900000,10.843,10.858,10.832,10.832,211.0,211.8,2296.998,1
1789534200000,10.832,10.837,10.827,10.828,234.0,234.1,2534.9547,1
1789534500000,10.828,10.844,10.817,10.84,206.0,206.2,2233.5685,1
1789534800000,10.843,10.848,10.804,10.817,493.0,493.8,5343.6243,1
1789535100000,10.817,10.838,10.805,10.838,437.0,437.7,4735.5914,1
1789535400000,10.843,10.85,10.834,10.845,128.0,128.0,1387.748,1
1789535700000,10.845,10.876,10.838,10.876,433.0,433.7,4711.9865,1
1789536000000,10.867,10.889,10.864,10.881,478.0,478.6,5204.9254,1
1789536300000,10.887,10.888,10.867,10.879,207.0,207.0,2252.009,1
1789536600000,10.879,10.879,10.862,10.868,410.0,410.3,4458.9204,1
1789536900000,10.868,10.883,10.867,10.881,167.0,167.7,1824.0271,1
1789537200000,10.881,10.893,10.876,10.892,245.0,245.1,2668.1895,1
1789537500000,10.892,10.893,10.869,10.871,205.0,205.0,2231.3423,1
1789537800000,10.871,10.873,10.859,10.859,74.0,74.0,804.179,1
1789538100000,10.859,10.882,10.859,10.882,189.0,189.0,2054.412,1
1789538400000,10.879,10.901,10.861,10.861,339.0,339.1,3692.1287,1
1789538700000,10.861,10.872,10.86,10.868,206.0,206.0,2238.589,1
1789539000000,10.862,10.881,10.86,10.861,177.0,177.0,1923.479,1
1789539300000,10.861,10.865,10.861,10.862,119.0,119.0,1292.572,1
1789539600000,10.867,10.869,10.811,10.815,236.0,236.0,2560.5068,1
1789539900000,10.809,10.812,10.788,10.796,382.0,382.8,4133.485,1
1789540200000,10.799,10.801,10.789,10.79,687.0,687.6,7424.9908,1
1789540500000,10.79,10.79,10.765,10.767,270.0,270.2,2911.678,1
1789540800000,10.768,10.783,10.763,10.78,185.0,185.0,1992.817,1
1789541100000,10.78,10.798,10.78,10.793,170.0,170.0,1834.062,1
1789541400000,10.793,10.793,10.772,10.773,143.0,143.0,1540.939,1
1789541700000,10.773,10.812,10.773,10.81,206.0,206.0,2221.852,1
1789542000000,10.812,10.843,10.801,10.831,685.0,685.3,7419.5312,1
1789542300000,10.831,10.843,10.812,10.812,787.0,787.8,8531.6084,1
1789542600000,10.811,10.811,10.788,10.798,348.0,348.0,3755.5466,1
1789542900000,10.804,10.812,10.778,10.778,341.0,341.2,3683.8854,1
1789543200000,10.778,10.793,10.771,10.789,188.0,188.0,2026.59,1
1789543500000,10.791,10.809,10.77,10.773,249.0,249.4,2689.5234,1
1789543800000,10.772,10.78,10.764,10.776,351.0,351.0,3781.5623,1
1789544100000,10.772,10.782,10.769,10.778,863.0,863.3,9302.0932,1
1789544400000,10.784,10.784,10.764,10.768,149.0,149.0,1604.901,1
1789544700000,10.766,10.767,10.745,10.747,2208.0,2208.7,23753.4005,1
1789545000000,10.747,10.753,10.744,10.745,123.0,123.8,1330.7868,1
1789545300000,10.745,10.757,10.745,10.754,107.0,107.0,1150.428,1
1789545600000,10.748,10.756,10.715,10.715,655.0,655.5,7034.3014,1
1789545900000,10.715,10.721,10.688,10.711,2446.0,2446.3,26187.5588,1
1789546200000,10.707,10.723,10.707,10.717,331.0,331.9,3557.1766,1
1789546500000,10.716,10.752,10.712,10.728,488.0,488.8,5247.5541,1
1789546800000,10.724,10.73,10.699,10.704,548.0,548.1,5874.3356,1
1789547100000,10.699,10.709,10.681,10.69,340.0,340.9,3645.1834,1
1789547400000,10.685,10.69,10.655,10.684,16617.0,16617.3,177263.1461,1
1789547700000,10.69,10.696,10.686,10.69,223.0,223.0,2384.47,1
1789548000000,10.692,10.707,10.692,10.704,296.0,296.1,3167.6644,1
1789548300000,10.706,10.706,10.695,10.703,124.0,124.1,1328.1564,1
1789548600000,10.699,10.711,10.699,10.708,119.0,119.5,1279.0895,1
1789548900000,10.716,10.754,10.715,10.754,274.0,274.5,2946.5846,1
1789549200000,10.754,10.785,10.749,10.785,462.0,462.8,4983.6146,1
1789549500000,10.785,10.799,10.785,10.799,309.0,309.0,3335.4597,1
1789549800000,10.799,10.806,10.797,10.802,255.0,255.2,2756.5978,1
1789550100000,10.802,10.803,10.77,10.789,426.0,426.8,4603.3672,1
1789550400000,10.797,10.824,10.797,10.819,192.0,192.7,2083.5278,1
1789550700000,10.819,10.82,10.798,10.812,316.0,316.4,3420.2876,1
1789551000000,10.814,10.815,10.802,10.802,115.0,115.6,1249.4898,1
1789551300000,10.811,10.827,10.809,10.823,184.0,184.3,1994.0857,1
1789551600000,10.823,10.827,10.81,10.813,1116.0,1116.3,12073.8456,1
1789551900000,10.813,10.824,10.805,10.824,376.0,376.8,4073.8972,1
1789552200000,10.824,10.839,10.821,10.838,133.0,133.8,1449.278,1
1789552500000,10.838,10.839,10.834,10.836,284.0,284.4,3082.0356,1
1789552800000,10.836,10.839,10.823,10.826,539.0,539.5,5844.3939,1
1789553100000,10.826,10.826,10.808,10.821,153.0,153.0,1654.897,1
1789553400000,10.821,10.829,10.8,10.805,162.0,162.7,1759.9959,1
1789553700000,10.804,10.821,10.8,10.821,481.0,481.3,5200.6252,1
1789554000000,10.821,10.824,10.8,10.801,583.0,583.2,6309.3424,1
1789554300000,10.801,10.804,10.789,10.803,259.0,259.0,2795.4475,1
1789554600000,10.803,10.803,10.788,10.799,273.0,273.2,2950.7806,1
1789554900000,10.799,10.806,10.792,10.799,132.0,132.0,1425.382,1
1789555200000,10.799,10.827,10.799,10.822,135.0,135.0,1460.519,1
1789555500000,10.826,10.826,10.806,10.813,123.0,123.0,1330.421,1
1789555800000,10.813,10.816,10.801,10.801,258.0,258.5,2793.953,1
1789556100000,10.801,10.814,10.795,10.814,106.0,106.1,1146.1139,1
1789556400000,10.816,10.837,10.808,10.828,1089.0,1089.5,11796.3932,1
1789556700000,10.836,10.836,10.806,10.806,152.0,152.0,1644.274,1
1789557000000,10.806,10.819,10.804,10.804,141.0,141.1,1525.5301,1
1789557300000,10.804,10.819,10.796,10.819,401.0,401.4,4341.3207,1
1789557600000,10.819,10.826,10.806,10.811,196.0,196.2,2121.783,1
1789557900000,10.811,10.827,10.809,10.826,86.0,86.0,930.598,1
1789558200000,10.826,10.85,10.826,10.838,396.0,396.8,4302.3421,1
1789558500000,10.839,10.873,10.839,10.852,459.0,459.3,4984.59,1
1789558800000,10.852,10.899,10.845,10.899,1230.0,1230.4,13395.2624,1
1789559100000,10.9,10.902,10.875,10.878,360.0,360.2,3919.619,1
1789559400000,10.877,10.89,10.871,10.871,777.0,777.0,8450.5574,1
1789559700000,10.871,10.875,10.865,10.869,236.0,236.9,2575.1556,1
1789560000000,10.873,10.878,10.851,10.869,774.0,774.6,8412.4487,1
1789560300000,10.87,10.87,10.827,10.83,249.0,249.0,2700.5301,1
1789560600000,10.83,10.834,10.813,10.815,152.0,152.1,1646.5537,1
1789560900000,10.809,10.841,10.806,10.824,267.0,267.3,2892.8607,1
1789561200000,10.824,10.824,10.801,10.802,200.0,200.0,2162.682,1
1789561500000,10.807,10.812,10.788,10.788,301.0,301.9,3260.2742,1
1789561800000,10.789,10.794,10.748,10.794,558.0,558.0,6008.5824,1
1789562100000,10.792,10.8,10.766,10.766,422.0,422.0,4551.0017,1
1789562400000,10.773,10.777,10.765,10.767,696.0,696.1,7497.9543,1
1789562700000,10.765,10.778,10.762,10.77,234.0,234.2,2523.0058,1
1789563000000,10.77,10.77,10.752,10.752,178.0,178.1,1916.8771,1
1789563300000,10.748,10.767,10.738,10.764,600.0,600.2,6447.7436,1
1789563600000,10.756,10.762,10.702,10.714,575.0,575.7,6174.8148,1
1789563900000,10.716,10.728,10.713,10.721,277.0,277.0,2970.1009,1
1789564200000,10.721,10.724,10.7,10.72,390.0,390.7,4182.9528,1
1789564500000,10.721,10.749,10.713,10.719,566.0,566.3,6078.6628,1
1789564800000,10.719,10.73,10.705,10.72,307.0,307.0,3290.297,1
1789565100000,10.715,10.745,10.707,10.729,576.0,576.5,6189.1135,1
1789565400000,10.73,10.747,10.707,10.714,1150.0,1150.3,12336.6729,1
1789565700000,10.714,10.727,10.683,10.69,612.0,612.9,6559.4337,1
1789566000000,10.684,10.728,10.684,10.725,983.0,983.5,10534.8607,1
1789566300000,10.723,10.758,10.7,10.743,748.0,748.8,8029.706,1
1789566600000,10.751,10.76,10.7,10.712,876.0,876.6,9401.2926,1
1789566900000,10.712,10.726,10.696,10.7,402.0,402.0,4307.39,1
1789567200000,10.701,10.706,10.659,10.678,803.0,803.9,8586.7171,1
1789567500000,10.675,10.695,10.661,10.673,1281.0,1281.2,13668.6062,1
1789567800000,10.673,10.674,10.625,10.665,1247.0,1247.0,13284.9401,1
1789568100000,10.664,10.693,10.648,10.653,1925.0,1925.8,20548.7601,1
1789568400000,10.652,10.678,10.651,10.669,528.0,528.2,5633.0992,1
1789568700000,10.667,10.726,10.667,10.715,1313.0,1313.4,14065.0263,1
1789569000000,10.719,10.72,10.662,10.682,511.0,511.7,5469.336,1
1789569300000,10.681,10.693,10.657,10.66,1060.0,1060.8,11327.6854,1
1789569600000,10.66,10.689,10.654,10.684,1700.0,1700.7,18138.4055,1
1789569900000,10.679,10.679,10.635,10.651,2354.0,2354.2,25090.1321,1
1789570200000,10.655,10.676,10.627,10.664,794.0,794.0,8455.431,1
1789570500000,10.666,10.669,10.649,10.667,842.0,842.5,8977.9264,1
1789570800000,10.669,10.695,10.669,10.69,2130.0,2130.4,22758.8233,1
1789571100000,10.69,10.709,10.661,10.704,691.0,691.9,7391.7108,1
1789571400000,10.711,10.742,10.708,10.736,1139.0,1139.4,12221.8177,1
1789571700000,10.736,10.736,10.702,10.711,1198.0,1198.1,12845.4762,1
1789572000000,10.704,10.729,10.704,10.711,703.0,703.0,7532.6424,1
1789572300000,10.71,10.717,10.687,10.691,1658.0,1658.0,17748.9737,1
1789572600000,10.688,10.697,10.663,10.686,671.0,671.9,7174.5968,1
1789572900000,10.693,10.728,10.693,10.72,740.0,740.2,7932.4362,1
1789573200000,10.719,10.724,10.704,10.704,222.0,222.0,2378.593,1
1789573500000,10.704,10.754,10.704,10.718,854.0,854.1,9162.6786,1
1789573800000,10.717,10.727,10.697,10.697,773.0,773.9,8284.2407,1
1789574100000,10.697,10.697,10.663,10.673,686.0,686.7,7332.0573,1
1789574400000,10.675,10.7,10.668,10.685,348.0,348.0,3717.255,1
1789574700000,10.683,10.701,10.668,10.7,420.0,420.1,4488.3774,1
1789575000000,10.699,10.728,10.699,10.725,345.0,345.0,3698.045,1
1789575300000,10.725,10.749,10.708,10.746,3031.0,3031.6,32550.7612,1
1789575600000,10.746,10.747,10.719,10.724,288.0,288.5,3096.4715,1
1789575900000,10.724,10.732,10.71,10.731,284.0,284.0,3045.11,1
1789576200000,10.732,10.739,10.706,10.714,926.0,926.6,9928.0899,1
1789576500000,10.715,10.726,10.702,10.707,310.0,310.0,3321.545,1
1789576800000,10.705,10.709,10.696,10.699,326.0,326.9,3497.7818,1
1789577100000,10.699,10.732,10.697,10.721,266.0,266.1,2852.64,1
1789577400000,10.721,10.744,10.713,10.739,285.0,285.2,3059.7482,1
1789577700000,10.741,10.741,10.725,10.727,174.0,174.0,1867.332,1
1789578000000,10.726,10.732,10.709,10.727,208.0,208.7,2237.1537,1
1789578300000,10.729,10.73,10.705,10.705,315.0,315.7,3383.5268,1
1789578600000,10.702,10.725,10.702,10.725,271.0,271.0,2903.363,1
1789578900000,10.725,10.74,10.71,10.719,541.0,541.0,5799.459,1
1789579200000,10.719,10.724,10.687,10.707,3555.0,3555.5,38076.7817,1
1789579500000,10.707,10.714,10.697,10.706,237.0,237.6,2543.4958,1
1789579800000,10.709,10.709,10.67,10.67,305.0,305.8,3270.7937,1
1789580100000,10.674,10.68,10.631,10.645,1194.0,1194.5,12735.4105,1
1789580400000,10.644,10.653,10.627,10.637,921.0,921.1,9794.8194,1
1789580700000,10.635,10.663,10.611,10.611,1670.0,1670.3,17742.1348,1
1789581000000,10.614,10.68,10.614,10.661,1149.0,1149.8,12227.1022,1
1789581300000,10.662,10.738,10.66,10.685,1443.0,1443.6,15451.6565,1
1789581600000,10.71,10.793,10.637,10.788,4876.0,4876.4,52409.6235,1
1789581900000,10.774,10.907,10.774,10.861,4027.0,4027.5,43734.8029,1
1789582200000,10.862,10.886,10.768,10.775,1904.0,1904.5,20611.8533,1
1789582500000,10.774,10.811,10.77,10.8,1297.0,1297.8,14001.9118,1
1789582800000,10.807,10.838,10.78,10.809,1488.0,1488.7,16101.3298,1
1789583100000,10.807,10.86,10.782,10.854,950.0,950.6,10275.6388,1
1789583400000,10.856,10.86,10.787,10.804,1501.0,1501.8,16234.5232,1
1789583700000,10.799,10.853,10.69,10.824,14196.0,14196.8,152308.135,1
1789584000000,10.826,10.943,10.821,10.863,6165.0,6165.9,67160.7853,1
1789584300000,10.863,10.875,10.84,10.841,1237.0,1237.1,13426.0976,1
1789584600000,10.844,10.853,10.794,10.794,966.0,966.0,10451.1442,1
1789584900000,10.795,10.815,10.762,10.799,937.0,937.1,10106.2903,1
1789585200000,10.8,10.94,10.8,10.92,2982.0,2982.3,32526.3146,1
1789585500000,10.919,10.939,10.893,10.916,2545.0,2545.5,27774.8522,1
1789585800000,10.914,10.914,10.863,10.895,4660.0,4660.1,50710.5545,1
1789586100000,10.906,10.927,10.84,10.856,1147.0,1147.5,12483.0465,1
1789586400000,10.856,10.865,10.814,10.814,2453.0,2453.5,26608.7218,1
1789586700000,10.821,10.834,10.77,10.814,3834.0,3834.2,41376.9067,1
1789587000000,10.822,10.889,10.798,10.889,918.0,918.6,9956.4446,1
1789587300000,10.888,10.904,10.843,10.86,966.0,966.5,10507.6671,1
1789587600000,10.866,10.917,10.853,10.91,1130.0,1130.6,12316.3254,1
1789587900000,10.91,10.947,10.91,10.94,723.0,723.8,7915.5921,1
1789588200000,10.94,10.947,10.921,10.921,741.0,741.5,8106.2835,1
1789588500000,10.929,10.929,10.905,10.927,641.0,641.7,7006.2411,1
1789588800000,10.93,10.974,10.893,10.974,4127.0,4127.4,45139.5866,1
1789589100000,10.97,10.988,10.95,10.954,3960.0,3960.4,43419.7886,1
1789589400000,10.956,10.981,10.938,10.972,1686.0,1686.4,18458.8535,1
1789589700000,10.966,10.987,10.947,10.986,409.0,409.0,4485.495,1
1789590000000,10.988,11.021,10.974,10.979,923.0,923.1,10154.6522,1
1789590300000,10.979,10.985,10.927,10.959,395.0,395.3,4330.7685,1
1789590600000,10.956,10.987,10.955,10.987,1026.0,1026.1,11248.6341,1
1789590900000,10.988,10.99,10.95,10.95,803.0,803.1,8804.5652,1
1789591200000,10.944,10.946,10.919,10.939,432.0,432.7,4732.0773,1
1789591500000,10.942,10.99,10.933,10.974,535.0,535.3,5869.9802,1
1789591800000,10.976,10.98,10.951,10.957,213.0,213.0,2334.968,1
1789592100000,10.966,10.994,10.961,10.994,185.0,185.9,2041.023,1
1789592400000,10.993,10.993,10.969,10.979,247.0,247.0,2711.206,1
1789592700000,10.98,10.997,10.961,10.972,238.0,238.0,2613.186,1
1789593000000,10.967,10.968,10.95,10.951,183.0,183.1,2006.446,1
1789593300000,10.957,10.959,10.94,10.94,264.0,264.6,2897.215,1
1789593600000,10.94,10.95,10.927,10.928,290.0,290.8,3180.1286,1
1789593900000,10.928,10.944,10.92,10.936,274.0,274.1,2996.6037,1
1789594200000,10.926,10.953,10.926,10.928,189.0,189.1,2068.8245,1
1789594500000,10.928,10.933,10.905,10.906,187.0,187.6,2047.4138,1
1789594800000,10.908,10.909,10.894,10.894,179.0,179.1,1953.0615,1
1789595100000,10.894,10.906,10.894,10.906,40.0,40.0,436.04,1
1789595400000,10.906,10.944,10.901,10.935,1242.0,1242.7,13593.0935,1
1789595700000,10.936,10.946,10.915,10.936,131.0,131.0,1432.355,1
1789596000000,10.938,10.945,10.858,10.869,2204.0,2204.8,24025.3235,1
1789596300000,10.862,10.88,10.845,10.871,1239.0,1239.4,13449.7672,1
1789596600000,10.871,10.911,10.871,10.91,297.0,297.1,3233.5203,1
1789596900000,10.907,10.918,10.878,10.882,228.0,228.0,2485.339,1
1789597200000,10.876,10.882,10.86,10.863,2038.0,2038.6,22163.232,1
1789597500000,10.863,10.886,10.861,10.873,187.0,187.0,2033.75,1
1789597800000,10.868,10.883,10.868,10.878,651.0,651.0,7077.314,1
1789598100000,10.874,10.895,10.868,10.895,357.0,357.0,3883.578,1
1789598400000,10.896,10.914,10.887,10.914,1552.0,1552.0,16916.606,1
1789598700000,10.914,10.922,10.895,10.895,616.0,616.2,6719.137,1
1789599000000,10.895,10.895,10.873,10.883,1847.0,1847.1,20102.0332,1
1789599300000,10.883,10.887,10.878,10.883,1616.0,1616.2,17593.5804,1
1789599600000,10.878,10.893,10.863,10.88,1540.0,1540.4,16743.2509,1
1789599900000,10.883,10.899,10.877,10.895,253.0,253.0,2754.574,1
1789600200000,10.897,10.905,10.89,10.902,282.0,282.9,3083.7489,1
1789600500000,10.905,10.975,10.903,10.971,2610.0,2610.3,28512.0456,1
1789600800000,10.971,11.0,10.971,10.998,507.0,507.6,5578.827,1
1789601100000,10.996,11.006,10.985,11.004,707.0,707.2,7777.1982,1
1789601400000,11.003,11.013,10.992,11.013,270.0,270.0,2971.3048,1
1789601700000,11.02,11.039,11.013,11.038,1976.0,1976.5,21772.3229,1
1789602000000,11.037,11.063,11.037,11.054,1694.0,1694.5,18727.9671,1
1789602300000,11.06,11.069,11.04,11.055,1561.0,1561.6,17270.293,1
1789602600000,11.06,11.073,11.045,11.064,1245.0,1245.7,13789.1506,1
1789602900000,11.064,11.064,11.04,11.047,203.0,203.1,2243.8211,1
1789603200000,11.054,11.059,11.041,11.045,1314.0,1314.4,14529.235,1
1789603500000,11.04,11.064,11.031,11.064,280.0,280.0,3093.492,1
1789603800000,11.064,11.089,11.061,11.078,48762.0,48762.5,540391.7286,1
1789604100000,11.078,11.09,11.065,11.089,372.0,372.9,4132.049,1
1789604400000,11.088,11.107,11.082,11.104,1478.0,1478.0,16408.1736,1
1789604700000,11.104,11.107,11.073,11.074,862.0,862.9,9562.0267,1
1789605000000,11.073,11.09,11.073,11.079,2408.0,2408.5,26687.5965,1
1789605300000,11.077,11.094,11.073,11.078,717.0,717.0,7947.8153,1
1789605600000,11.078,11.082,11.067,11.071,517.0,517.9,5736.4504,1
1789605900000,11.071,11.073,11.036,11.038,535.0,535.8,5917.5847,1
1789606200000,11.039,11.039,11.017,11.019,605.0,605.5,6676.5433,1
1789606500000,11.019,11.019,11.007,11.01,1560.0,1560.6,17182.7452,1
1789606800000,11.007,11.014,10.978,10.99,2017.0,2017.4,22167.3053,1
1789607100000,10.99,11.046,10.987,11.006,41107.0,41107.0,453358.556,1
1789607400000,10.999,11.001,10.994,11.001,257.0,257.5,2831.4839,1
1789607700000,11.001,11.018,10.994,11.011,410.0,410.0,4510.272,1
1789608000000,11.014,11.025,11.008,11.016,2409.0,2409.4,26558.2365,1
1789608300000,11.024,11.091,11.024,11.088,578.0,578.6,6400.3935,1
1789608600000,11.091,11.144,11.089,11.1,1133.0,1133.6,12604.9734,1
1789608900000,11.1,11.133,11.1,11.104,1723.0,1723.9,19163.4538,1
1789609200000,11.103,11.129,11.08,11.121,457.0,457.6,5081.4254,1
1789609500000,11.121,11.129,11.113,11.128,346.0,346.8,3857.1848,1
1789609800000,11.127,11.128,11.106,11.115,189.0,189.7,2109.8108,1
1789610100000,11.115,11.117,11.1,11.102,240.0,240.6,2672.1154,1
1789610400000,11.107,11.117,11.096,11.11,259.0,259.0,2876.282,1
1789610700000,11.111,11.112,11.06,11.06,354.0,354.0,3923.6129,1
1789611000000,11.06,11.085,11.056,11.083,234.0,234.6,2596.141,1
1789611300000,11.082,11.083,11.062,11.071,183.0,183.0,2026.231,1
1789611600000,11.066,11.066,11.041,11.054,288.0,288.7,3190.6158,1
1789611900000,11.048,11.095,11.048,11.09,356.0,356.1,3946.4885,1
1789612200000,11.086,11.1,11.072,11.099,229.0,229.0,2537.939,1
1789612500000,11.1,11.138,11.093,11.126,311.0,311.4,3461.9025,1
1789612800000,11.126,11.141,11.111,11.141,338.0,338.6,3770.2498,1
1789613100000,11.141,11.141,11.101,11.132,412.0,412.7,4590.3076,1
1789613400000,11.133,11.141,11.119,11.12,233.0,233.0,2593.815,1
1789613700000,11.12,11.136,11.12,11.129,334.0,334.2,3718.8006,1
1789614000000,11.133,11.16,11.131,11.159,689.0,689.0,7679.9249,1
1789614300000,11.158,11.175,11.139,11.139,616.0,616.7,6874.1575,1
1789614600000,11.139,11.14,11.13,11.133,592.0,592.2,6594.9088,1
1789614900000,11.131,11.136,11.115,11.115,212.0,212.7,2367.1445,1
1789615200000,11.119,11.138,11.118,11.134,853.0,853.9,9496.2222,1
1789615500000,11.134,11.152,11.134,11.144,2480.0,2480.1,27645.9258,1
1789615800000,11.136,11.163,11.131,11.162,249.0,249.0,2776.064,1
1789616100000,11.159,11.175,11.138,11.14,436.0,436.2,4868.2752,1
1789616400000,11.148,11.148,11.136,11.144,165.0,165.0,1838.127,1
1789616700000,11.139,11.146,11.115,11.132,4161.0,4161.7,46273.1697,1
1789617000000,11.13,11.141,11.115,11.125,890.0,890.8,9909.5424,1
1789617300000,11.125,11.135,11.114,11.129,115.0,115.0,1279.381,1
1789617600000,11.126,11.127,11.1,11.11,217.0,217.7,2419.1713,1
1789617900000,11.11,11.116,11.098,11.098,450.0,450.3,4999.813,1
1789618200000,11.098,11.099,11.095,11.095,114.0,114.0,1265.051,1
1789618500000,11.095,11.098,11.095,11.096,110.0,110.0,1220.576,1
1789618800000,11.095,11.095,11.056,11.056,1707.0,1707.1,18901.1448,1
1789619100000,11.06,11.073,11.046,11.049,4688.0,4688.2,51884.6971,1
1789619400000,11.049,11.065,11.042,11.05,204.0,204.0,2255.194,1
1789619700000,11.061,11.106,11.058,11.105,434.0,434.3,4811.7361,1
1789620000000,11.105,11.125,11.097,11.105,220.0,220.9,2453.2023,1
1789620300000,11.102,11.138,11.098,11.138,256.0,256.1,2846.9639,1
1789620600000,11.138,11.146,11.127,11.127,283.0,283.1,3153.4213,1
1789620900000,11.125,11.16,11.125,11.143,276.0,276.9,3085.2116,1
1789621200000,11.139,11.159,11.138,11.143,333.0,333.2,3714.5219,1
1789621500000,11.143,11.159,11.133,11.147,360.0,360.0,4011.6127,1
1789621800000,11.146,11.148,11.128,11.131,186.0,186.1,2073.0524,1
1789622100000,11.131,11.133,11.12,11.13,158.0,158.9,1768.119,1
1789622400000,11.13,11.14,11.127,11.14,260.0,260.8,2903.5098,1
1789622700000,11.14,11.156,11.13,11.13,348.0,348.7,3884.3071,1
1789623000000,11.13,11.131,11.103,11.131,1525.0,1525.4,16945.7168,1
1789623300000,11.13,11.136,11.111,11.111,386.0,386.2,4295.8566,1
1789623600000,11.114,11.122,11.107,11.107,280.0,280.6,3116.8932,1
1789623900000,11.109,11.122,11.107,11.115,140.0,140.0,1556.012,1
1789624200000,11.115,11.13,11.115,11.122,467.0,467.8,5202.155,1
1789624500000,11.122,11.122,11.107,11.11,155.0,155.3,1725.5841,1
1789624800000,11.106,11.136,11.104,11.132,167.0,167.9,1867.0576,1
1789625100000,11.128,11.152,11.126,11.141,274.0,274.0,3051.46,1
1789625400000,11.141,11.16,11.141,11.157,183.0,183.1,2042.5447,1
1789625700000,11.157,11.16,11.134,11.145,159.0,159.0,1771.8,1
1789626000000,11.145,11.15,11.14,11.143,718.0,718.1,8005.5689,1
1789626300000,11.139,11.147,11.133,11.145,79.0,79.8,888.8696,1
1789626600000,11.154,11.164,11.147,11.154,364.0,364.6,4067.6304,1
1789626900000,11.154,11.184,11.154,11.184,403.0,403.3,4504.5077,1
1789627200000,11.182,11.192,11.181,11.191,235.0,235.4,2633.8661,1
1789627500000,11.191,11.192,11.18,11.18,618.0,618.7,6923.4301,1
1789627800000,11.18,11.183,11.163,11.163,134.0,134.9,1507.4277,1
1789628100000,11.163,11.163,11.147,11.149,119.0,119.9,1337.3478,1
1789628400000,11.147,11.197,11.147,11.197,405.0,405.3,4526.8176,1
1789628700000,11.197,11.225,11.196,11.214,817.0,817.4,9164.918,1
1789629000000,11.22,11.234,11.186,11.198,757.0,757.8,8502.9832,1
1789629300000,11.199,11.217,11.187,11.198,291.0,291.8,3269.1326,1
1789629600000,11.197,11.21,11.19,11.204,245.0,245.0,2743.883,1
1789629900000,11.202,11.204,11.187,11.187,196.0,196.0,2193.891,1
1789630200000,11.19,11.197,11.174,11.192,1782.0,1782.2,19919.9284,1
1789630500000,11.192,11.197,11.178,11.185,150.0,150.0,1678.097,1
1789630800000,11.187,11.211,11.184,11.188,179.0,179.0,2004.114,1
1789631100000,11.188,11.205,11.171,11.189,756.0,756.5,8458.6133,1
1789631400000,11.189,11.191,11.17,11.17,276.0,276.2,3089.2434,1
1789631700000,11.17,11.177,11.164,11.171,223.0,223.0,2491.106,1
1789632000000,11.172,11.198,11.172,11.192,291.0,291.0,3253.589,1
1789632300000,11.194,11.194,11.169,11.173,245.0,245.0,2740.128,1
1789632600000,11.173,11.198,11.163,11.166,292.0,292.8,3271.7658,1
1789632900000,11.166,11.202,11.164,11.198,309.0,309.0,3454.891,1
1789633200000,11.196,11.213,11.187,11.189,187.0,187.8,2103.0986,1
1789633500000,11.189,11.204,11.178,11.183,195.0,195.0,2182.584,1
1789633800000,11.179,11.205,11.172,11.199,320.0,320.0,3581.424,1
1789634100000,11.198,11.213,11.192,11.212,236.0,236.0,2644.405,1
1789634400000,11.212,11.212,11.193,11.205,239.0,239.1,2678.3453,1
1789634700000,11.208,11.213,11.202,11.204,146.0,146.0,1636.239,1
1789635000000,11.204,11.226,11.2,11.223,215.0,215.6,2416.9728,1
1789635300000,11.223,11.229,11.216,11.223,216.0,216.0,2424.221,1
1789635600000,11.227,11.231,11.217,11.226,204.0,204.7,2297.8881,1
1789635900000,11.226,11.226,11.212,11.212,115.0,115.0,1289.921,1
1789636200000,11.212,11.23,11.212,11.217,612.0,612.4,6872.15,1
1789636500000,11.217,11.217,11.199,11.201,259.0,259.3,2906.0888,1
1789636800000,11.199,11.202,11.193,11.193,198.0,198.1,2218.2134,1
1789637100000,11.193,11.201,11.181,11.181,248.0,248.0,2775.018,1
1789637400000,11.181,11.183,11.16,11.178,352.0,352.8,3942.6582,1
1789637700000,11.178,11.193,11.172,11.181,201.0,201.0,2247.814,1
1789638000000,11.18,11.18,11.159,11.159,54.0,54.0,602.876,1
1789638300000,11.156,11.169,11.139,11.141,488.0,488.3,5444.6842,1
1789638600000,11.141,11.147,11.118,11.13,1575.0,1575.8,17536.5698,1
1789638900000,11.129,11.13,11.117,11.122,2552.0,2552.5,28389.3225,1
1789639200000,11.122,11.133,11.1,11.106,384.0,384.9,4276.4369,1
1789639500000,11.11,11.142,11.11,11.128,152.0,152.0,1691.753,1
1789639800000,11.128,11.151,11.125,11.142,316.0,316.6,3526.7864,1
1789640100000,11.142,11.144,11.113,11.125,323.0,323.8,3604.473,1
1789640400000,11.125,11.125,11.108,11.108,142.0,142.0,1578.728,1
1789640700000,11.111,11.128,11.108,11.118,429.0,429.6,4775.5669,1
1789641000000,11.118,11.127,11.116,11.125,177.0,177.2,1970.5734,1
1789641300000,11.128,11.137,11.127,11.134,177.0,177.0,1970.59,1
1789641600000,11.132,11.132,11.114,11.114,235.0,235.3,2615.9572,1
1789641900000,11.109,11.11,11.096,11.105,196.0,196.7,2184.0206,1
1789642200000,11.105,11.112,11.099,11.112,161.0,161.0,1788.214,1
1789642500000,11.112,11.118,11.099,11.114,571.0,571.1,6341.0869,1
1789642800000,11.115,11.147,11.114,11.141,276.0,276.6,3078.7188,1
1789643100000,11.141,11.154,11.132,11.153,444.0,444.6,4954.6361,1
1789643400000,11.153,11.175,11.153,11.174,1272.0,1272.7,14207.2641,1
1789643700000,11.174,11.186,11.163,11.168,438.0,438.7,4899.6946,1
1789644000000,11.169,11.185,11.168,11.168,169.0,169.8,1898.121,1
1789644300000,11.167,11.176,11.164,11.171,488.0,488.5,5455.611,1
1789644600000,11.171,11.171,11.138,11.141,213.0,213.6,2381.391,1
1789644900000,11.147,11.149,11.125,11.128,264.0,264.2,2942.2278,1
1789645200000,11.124,11.125,11.107,11.107,924.0,924.0,10266.1503,1
1789645500000,11.101,11.108,11.095,11.097,1333.0,1333.7,14802.7083,1
1789645800000,11.097,11.129,11.097,11.129,177.0,177.0,1967.585,1
1789646100000,11.129,11.174,11.129,11.174,392.0,392.0,4371.9283,1
1789646400000,11.174,11.197,11.158,11.187,740.0,740.9,8279.863,1
1789646700000,11.187,11.21,11.17,11.204,842.0,842.3,9417.1121,1
1789647000000,11.204,11.242,11.201,11.232,1384.0,1384.8,15555.4466,1
1789647300000,11.239,11.243,11.223,11.241,519.0,519.8,5839.6426,1
1789647600000,11.243,11.259,11.243,11.256,1109.0,1109.5,12484.9502,1
1789647900000,11.256,11.293,11.256,11.287,2138.0,2138.8,24132.7816,1
1789648200000,11.29,11.335,11.275,11.321,2997.0,2997.7,33889.6663,1
1789648500000,11.328,11.328,11.3,11.308,799.0,799.8,9048.454,1
1789648800000,11.305,11.315,11.289,11.29,684.0,684.2,7735.349,1
1789649100000,11.294,11.303,11.25,11.251,483.0,483.6,5454.603,1
1789649400000,11.25,11.282,11.25,11.261,1077.0,1077.7,12139.4357,1
1789649700000,11.261,11.3,11.253,11.277,1055.0,1055.1,11896.7202,1
1789650000000,11.268,11.311,11.268,11.271,1194.0,1194.7,13476.8595,1
1789650300000,11.272,11.272,11.243,11.243,967.0,967.7,10900.342,1
1789650600000,11.239,11.266,11.212,11.259,41022.0,41022.1,460372.7373,1
1789650900000,11.264,11.282,11.26,11.262,683.0,683.2,7695.8179,1
1789651200000,11.262,11.277,11.245,11.252,610.0,610.7,6876.0778,1
1789651500000,11.249,11.259,11.232,11.234,951.0,951.0,10691.5882,1
1789651800000,11.234,11.262,11.198,11.215,1753.0,1753.7,19665.7155,1
1789652100000,11.219,11.222,11.142,11.142,4542.0,4542.1,50848.4091,1
1789652400000,11.143,11.187,11.139,11.165,43099.0,43099.0,480590.0205,1
1789652700000,11.145,11.227,11.141,11.211,2172.0,2172.5,24325.9934,1
1789653000000,11.211,11.271,11.204,11.248,9555.0,9555.1,107361.7385,1
1789653300000,11.248,11.286,11.248,11.286,1243.0,1243.8,14010.0702,1
1789653600000,11.286,11.288,11.218,11.228,7462.0,7462.8,84030.4195,1
1789653900000,11.231,11.317,11.221,11.299,3487.0,3487.0,39300.4125,1
1789654200000,11.295,11.396,11.295,11.396,2523.0,2523.8,28620.6848,1
1789654500000,11.393,11.394,11.335,11.345,2382.0,2382.4,27083.8463,1
1789654800000,11.345,11.391,11.337,11.389,2224.0,2224.2,25312.7668,1
1789655100000,11.39,11.426,11.386,11.412,2481.0,2481.6,28314.2765,1
1789655400000,11.411,11.42,11.369,11.386,1155.0,1155.9,13176.4455,1
1789655700000,11.395,11.398,11.365,11.368,6560.0,6560.8,74609.3918,1
1789656000000,11.365,11.373,11.301,11.301,8830.0,8830.0,99977.469,1
1789656300000,11.312,11.338,11.293,11.314,1277.0,1277.7,14471.4268,1
1789656600000,11.314,11.324,11.295,11.313,1054.0,1054.3,11918.6678,1
1789656900000,11.313,11.313,11.267,11.267,1495.0,1495.0,16870.1096,1
1789657200000,11.267,11.278,11.233,11.235,1232.0,1232.4,13867.5472,1
1789657500000,11.235,11.258,11.221,11.253,590.0,590.7,6638.5671,1
1789657800000,11.258,11.258,11.232,11.252,4631.0,4631.2,52089.7362,1
1789658100000,11.256,11.286,11.245,11.27,971.0,971.7,10952.056,1
1789658400000,11.267,11.282,11.254,11.257,541.0,541.5,6101.209,1
1789658700000,11.254,11.288,11.254,11.288,790.0,790.7,8914.7636,1
1789659000000,11.288,11.305,11.283,11.298,1970.0,1970.6,22268.6485,1
1789659300000,11.29,11.343,11.29,11.343,972.0,972.8,11019.7557,1
1789659600000,11.344,11.4,11.344,11.376,4215.0,4215.5,47968.7525,1
1789659900000,11.38,11.381,11.354,11.356,370.0,370.8,4214.2707,1
1789660200000,11.363,11.387,11.352,11.362,521.0,521.8,5930.8294,1
1789660500000,11.364,11.376,11.349,11.366,556.0,556.4,6321.3622,1
1789660800000,11.371,11.399,11.37,11.392,349.0,349.3,3976.9163,1
1789661100000,11.392,11.398,11.372,11.395,346.0,346.7,3947.6252,1
1789661400000,11.395,11.397,11.379,11.384,597.0,597.7,6805.5739,1
1789661700000,11.385,11.388,11.363,11.37,687.0,687.2,7815.7107,1
1789662000000,11.369,11.395,11.358,11.381,320.0,320.7,3649.2102,1
1789662300000,11.385,11.391,11.37,11.382,388.0,388.6,4422.0658,1
1789662600000,11.384,11.384,11.309,11.322,2892.0,2892.7,32810.2617,1
1789662900000,11.324,11.351,11.32,11.336,386.0,386.7,4383.1928,1
1789663200000,11.34,11.357,11.318,11.357,624.0,624.3,7075.6948,1
1789663500000,11.349,11.354,11.304,11.311,313.0,313.7,3553.7159,1
1789663800000,11.309,11.343,11.306,11.322,739.0,739.4,8366.5444,1
1789664100000,11.322,11.362,11.304,11.362,954.0,954.8,10823.0394,1
1789664400000,11.363,11.392,11.354,11.39,511.0,511.7,5821.0661,1
1789664700000,11.393,11.414,11.39,11.41,1117.0,1117.1,12740.6358,1
1789665000000,11.41,11.412,11.378,11.378,586.0,586.2,6680.5347,1
1789665300000,11.376,11.397,11.37,11.394,313.0,313.6,3568.8288,1
1789665600000,11.394,11.427,11.389,11.408,294.0,294.4,3359.1965,1
1789665900000,11.408,11.418,11.4,11.404,624.0,624.1,7121.1274,1
1789666200000,11.412,11.412,11.39,11.393,575.0,575.9,6563.3243,1
1789666500000,11.393,11.396,11.373,11.375,1254.0,1254.8,14288.9678,1
1789666800000,11.374,11.388,11.364,11.364,578.0,578.6,6581.2569,1
1789667100000,11.364,11.364,11.346,11.36,407.0,407.6,4626.2658,1
1789667400000,11.36,11.366,11.346,11.351,227.0,227.8,2586.255,1
1789667700000,11.353,11.369,11.353,11.357,254.0,254.2,2887.8177,1
1789668000000,11.361,11.362,11.346,11.352,201.0,201.0,2281.626,1
1789668300000,11.352,11.359,11.345,11.345,400.0,400.2,4543.2134,1
1789668600000,11.345,11.348,11.335,11.342,347.0,347.5,3940.4264,1
1789668900000,11.342,11.351,11.341,11.347,609.0,609.8,6919.2626,1
1789669200000,11.347,11.358,11.346,11.346,238.0,238.9,2711.8746,1
1789669500000,11.347,11.369,11.347,11.365,216.0,216.4,2458.582,1
1789669800000,11.365,11.369,11.325,11.325,975.0,975.0,11053.408,1
1789670100000,11.332,11.34,11.305,11.305,1140.0,1140.6,12915.6203,1
1789670400000,11.318,11.347,11.31,11.344,213.0,213.0,2413.592,1
1789670700000,11.344,11.362,11.329,11.345,408.0,408.2,4631.5,1
1789671000000,11.345,11.347,11.331,11.333,220.0,220.0,2494.223,1
1789671300000,11.333,11.334,11.31,11.31,113.0,113.1,1280.2816,1
1789671600000,11.31,11.329,11.309,11.328,122.0,122.1,1381.8962,1
1789671900000,11.328,11.341,11.322,11.327,301.0,301.6,3418.9692,1
1789672200000,11.327,11.327,11.315,11.317,130.0,130.0,1471.49,1
1789672500000,11.317,11.317,11.288,11.289,400.0,400.6,4527.5613,1
1789672800000,11.29,11.328,11.29,11.31,221.0,221.9,2509.6428,1
1789673100000,11.313,11.326,11.308,11.317,210.0,210.0,2376.704,1
1789673400000,11.317,11.331,11.3,11.312,184.0,184.0,2081.451,1
1789673700000,11.312,11.312,11.289,11.302,206.0,206.0,2327.424,1
1789674000000,11.302,11.322,11.3,11.312,297.0,297.2,3360.998,1
1789674300000,11.312,11.313,11.275,11.291,1065.0,1065.8,12025.7412,1
1789674600000,11.298,11.351,11.296,11.342,938.0,938.5,10642.3555,1
1789674900000,11.336,11.341,11.307,11.313,326.0,326.6,3698.1175,1
1789675200000,11.312,11.327,11.302,11.323,168.0,168.3,1904.2492,1
1789675500000,11.323,11.337,11.323,11.331,921.0,921.4,10441.5582,1
1789675800000,11.331,11.347,11.329,11.344,121.0,121.0,1372.027,1
1789676100000,11.344,11.353,11.335,11.347,158.0,158.0,1792.9013,1
1789676400000,11.347,11.374,11.342,11.372,1012.0,1012.8,11512.5053,1
1789676700000,11.372,11.372,11.361,11.361,169.0,169.1,1922.0838,1
1789677000000,11.361,11.366,11.352,11.352,61.0,61.0,692.935,1
1789677300000,11.353,11.359,11.346,11.351,404.0,404.9,4595.9041,1
1789677600000,11.35,11.351,11.335,11.341,204.0,204.3,2316.7875,1
1789677900000,11.343,11.348,11.336,11.336,201.0,201.5,2285.7455,1
1789678200000,11.336,11.356,11.336,11.356,135.0,135.6,1538.6044,1
1789678500000,11.356,11.364,11.354,11.362,87.0,87.0,988.282,1
1789678800000,11.362,11.374,11.348,11.349,227.0,227.2,2581.6453,1
1789679100000,11.349,11.352,11.338,11.338,72.0,72.0,816.874,1
1789679400000,11.338,11.338,11.33,11.33,93.0,93.8,1063.2645,1
1789679700000,11.33,11.344,11.329,11.334,207.0,207.5,2352.2155,1
1789680000000,11.334,11.34,11.328,11.338,103.0,103.0,1167.37,1
1789680300000,11.333,11.345,11.333,11.341,89.0,89.0,1009.359,1
1789680600000,11.341,11.357,11.341,11.356,378.0,378.0,4291.5895,1
1789680900000,11.356,11.366,11.349,11.366,120.0,120.0,1363.331,1
1789681200000,11.366,11.38,11.352,11.352,140.0,140.0,1591.6505,1
1789681500000,11.352,11.354,11.337,11.341,65.0,65.0,737.321,1
1789681800000,11.341,11.341,11.336,11.337,44.0,44.0,498.801,1
1789682100000,11.342,11.346,11.32,11.32,548.0,548.8,6215.1661,1
1789682400000,11.321,11.332,11.302,11.306,673.0,673.1,7620.5096,1
1789682700000,11.306,11.342,11.305,11.305,664.0,664.9,7524.4098,1
1789683000000,11.305,11.31,11.289,11.289,272.0,272.0,3073.9817,1
1789683300000,11.289,11.293,11.25,11.265,837.0,837.0,9424.463,1
1789683600000,11.267,11.284,11.26,11.278,249.0,249.8,2815.3818,1
1789683900000,11.278,11.282,11.268,11.274,216.0,216.1,2436.3116,1
1789684200000,11.267,11.3,11.265,11.299,865.0,865.9,9767.2792,1
1789684500000,11.299,11.343,11.299,11.343,202.0,202.7,2296.9555,1
1789684800000,11.343,11.357,11.343,11.351,1474.0,1474.8,16738.7882,1
1789685100000,11.351,11.356,11.333,11.346,848.0,848.2,9628.9788,1
1789685400000,11.343,11.343,11.323,11.331,116.0,116.0,1314.373,1
1789685700000,11.331,11.358,11.324,11.358,153.0,153.0,1734.854,1
1789686000000,11.358,11.368,11.345,11.364,271.0,271.2,3080.5514,1
1789686300000,11.364,11.384,11.344,11.344,213.0,213.5,2425.525,1
1789686600000,11.348,11.369,11.341,11.353,201.0,201.0,2281.781,1
1789686900000,11.353,11.38,11.353,11.379,302.0,302.1,3432.5408,1
1789687200000,11.38,11.391,11.379,11.39,670.0,670.1,7627.5417,1
1789687500000,11.388,11.395,11.384,11.391,222.0,222.3,2532.0746,1
1789687800000,11.391,11.391,11.379,11.382,114.0,114.0,1297.973,1
1789688100000,11.382,11.39,11.375,11.39,115.0,115.0,1308.948,1
1789688400000,11.39,11.393,11.373,11.393,250.0,250.4,2851.5214,1
1789688700000,11.392,11.407,11.387,11.389,246.0,246.6,2810.0165,1
1789689000000,11.389,11.401,11.384,11.401,109.0,109.0,1241.798,1
1789689300000,11.398,11.403,11.38,11.38,171.0,171.0,1948.528,1
1789689600000,11.38,11.395,11.378,11.392,145.0,145.0,1650.9147,1
1789689900000,11.392,11.397,11.379,11.393,186.0,186.1,2119.2199,1
1789690200000,11.393,11.393,11.375,11.387,321.0,321.8,3664.9364,1
1789690500000,11.387,11.39,11.359,11.36,1155.0,1155.0,13127.7008,1
1789690800000,11.362,11.37,11.36,11.364,329.0,329.8,3747.5508,1
1789691100000,11.364,11.367,11.344,11.354,151.0,151.7,1722.0299,1
1789691400000,11.354,11.398,11.354,11.398,447.0,447.0,5089.6075,1
1789691700000,11.398,11.4,11.384,11.389,294.0,294.6,3355.696,1
1789692000000,11.389,11.4,11.377,11.4,126.0,126.9,1445.4131,1
1789692300000,11.4,11.404,11.378,11.404,518.0,518.7,5909.7723,1
1789692600000,11.403,11.414,11.387,11.414,612.0,612.5,6984.8701,1
1789692900000,11.413,11.437,11.413,11.43,302.0,302.9,3460.595,1
1789693200000,11.432,11.445,11.417,11.42,344.0,344.0,3932.2509,1
1789693500000,11.42,11.445,11.418,11.445,380.0,380.9,4355.1041,1
1789693800000,11.445,11.445,11.438,11.439,211.0,211.0,2414.473,1
1789694100000,11.445,11.445,11.428,11.444,308.0,308.2,3525.0756,1
1789694400000,11.445,11.47,11.445,11.454,375.0,375.6,4303.0875,1
1789694700000,11.453,11.457,11.443,11.456,751.0,751.1,8598.2576,1
1789695000000,11.456,11.467,11.452,11.455,372.0,372.5,4268.822,1
1789695300000,11.454,11.488,11.452,11.472,659.0,659.9,7572.5207,1
1789695600000,11.471,11.494,11.471,11.482,950.0,950.2,10912.2153,1
1789695900000,11.482,11.51,11.48,11.51,1070.0,1070.8,12318.8761,1
1789696200000,11.498,11.54,11.498,11.537,870.0,870.2,10030.5756,1
1789696500000,11.537,11.54,11.522,11.535,398.0,398.8,4599.9138,1
1789696800000,11.533,11.585,11.53,11.544,4316.0,4316.8,49888.6185,1
1789697100000,11.544,11.552,11.533,11.534,501.0,501.1,5781.9014,1
1789697400000,11.529,11.545,11.513,11.537,750.0,750.4,8653.2851,1
1789697700000,11.534,11.563,11.531,11.531,887.0,887.2,10241.6086,1
1789698000000,11.531,11.534,11.517,11.528,274.0,274.0,3158.396,1
1789698300000,11.535,11.542,11.519,11.537,295.0,295.0,3401.793,1
1789698600000,11.54,11.564,11.54,11.564,282.0,282.4,3262.447,1
1789698900000,11.564,11.616,11.552,11.601,49205.0,49205.3,570455.1223,1
1789699200000,11.601,11.601,11.555,11.555,21669.0,21669.1,251348.3466,1
1789699500000,11.555,11.572,11.551,11.559,10263.0,10263.6,118686.1936,1
1789699800000,11.559,11.6,11.556,11.6,302.0,302.6,3500.4596,1
1789700100000,11.602,11.613,11.589,11.598,309.0,309.8,3594.4117,1
1789700400000,11.593,11.612,11.584,11.612,292.0,292.7,3393.5585,1
1789700700000,11.614,11.643,11.611,11.636,851.0,851.3,9904.3904,1
1789701000000,11.633,11.682,11.632,11.681,642.0,642.4,7489.3724,1
1789701300000,11.681,11.736,11.678,11.71,1838.0,1838.3,21543.409,1
1789701600000,11.712,11.716,11.652,11.659,42285.0,42285.1,493363.6773,1
1789701900000,11.663,11.709,11.659,11.709,462.0,462.1,5399.0422,1
1789702200000,11.708,11.726,11.7,11.714,1042.0,1042.6,12213.9871,1
1789702500000,11.714,11.715,11.686,11.686,1727.0,1727.5,20222.1141,1
1789702800000,11.686,11.715,11.686,11.715,244.0,244.5,2860.7095,1
1789703100000,11.716,11.756,11.716,11.754,1375.0,1375.0,16148.3782,1
1789703400000,11.753,11.782,11.743,11.771,1624.0,1624.2,19115.2624,1
1789703700000,11.772,11.772,11.747,11.754,2529.0,2529.8,29724.404,1
1789704000000,11.755,11.804,11.755,11.789,934.0,934.4,11015.2531,1
1789704300000,11.785,11.785,11.738,11.74,1396.0,1396.4,16418.9053,1
1789704600000,11.742,11.763,11.738,11.741,346.0,346.9,4075.666,1
1789704900000,11.746,11.757,11.725,11.741,907.0,907.3,10650.2684,1
1789705200000,11.734,11.749,11.722,11.723,342.0,342.1,4014.9963,1
1789705500000,11.724,11.73,11.686,11.69,2350.0,2350.7,27489.1428,1
1789705800000,11.686,11.693,11.657,11.676,811.0,811.9,9476.6808,1
1789706100000,11.683,11.718,11.683,11.707,899.0,899.4,10526.9153,1
1789706400000,11.703,11.747,11.7,11.746,464.0,464.8,5449.1825,1
1789706700000,11.747,11.782,11.747,11.78,2494.0,2494.6,29371.1104,1
1789707000000,11.772,11.788,11.769,11.774,881.0,881.0,10377.2479,1
1789707300000,11.778,11.8,11.778,11.786,399.0,399.8,4713.8543,1
1789707600000,11.788,11.788,11.738,11.739,562.0,562.6,6619.4096,1
1789707900000,11.74,11.794,11.738,11.767,530.0,530.6,6240.3303,1
1789708200000,11.766,11.813,11.751,11.785,3002.0,3002.7,35420.2881,1
1789708500000,11.787,11.8,11.766,11.776,586.0,586.2,6907.3449,1
1789708800000,11.78,11.782,11.748,11.748,1542.0,1542.6,18135.5214,1
1789709100000,11.748,11.762,11.725,11.756,460.0,460.0,5402.1831,1
1789709400000,11.758,11.766,11.747,11.766,376.0,376.6,4428.5399,1
1789709700000,11.766,11.768,11.733,11.755,934.0,934.3,10985.3097,1
1789710000000,11.755,11.76,11.737,11.748,528.0,528.3,6205.1272,1
1789710300000,11.748,11.751,11.733,11.744,264.0,264.1,3100.6694,1
1789710600000,11.738,11.738,11.707,11.714,915.0,915.4,10725.9995,1
1789710900000,11.713,11.725,11.706,11.718,239.0,239.6,2807.0399,1
1789711200000,11.715,11.767,11.715,11.767,505.0,505.1,5935.05,1
1789711500000,11.766,11.775,11.749,11.75,542.0,542.0,6371.125,1
1789711800000,11.75,11.773,11.75,11.756,229.0,229.8,2702.9464,1
1789712100000,11.761,11.775,11.751,11.762,784.0,784.0,9220.805,1
1789712400000,11.753,11.794,11.749,11.793,399.0,399.2,4699.1063,1
1789712700000,11.794,11.798,11.773,11.773,379.0,379.4,4473.805,1
1789713000000,11.775,11.798,11.774,11.79,259.0,259.5,3059.3735,1
1789713300000,11.791,11.829,11.791,11.824,1982.0,1982.6,23433.1035,1
1789713600000,11.821,11.83,11.814,11.83,230.0,230.0,2719.932,1
1789713900000,11.83,11.83,11.806,11.813,264.0,264.6,3127.6744,1
1789714200000,11.813,11.823,11.799,11.8,258.0,258.8,3056.6028,1
1789714500000,11.8,11.811,11.764,11.808,1677.0,1677.3,19757.2683,1
1789714800000,11.804,11.82,11.785,11.813,752.0,752.6,8882.2963,1
1789715100000,11.815,11.842,11.8,11.8,556.0,556.0,6572.3578,1
1789715400000,11.808,11.815,11.795,11.8,646.0,646.4,7628.6548,1
1789715700000,11.8,11.83,11.795,11.82,361.0,361.1,4263.0605,1
1789716000000,11.819,11.849,11.814,11.824,476.0,476.1,5633.6414,1
1789716300000,11.824,11.841,11.818,11.822,594.0,594.8,7035.3362,1
1789716600000,11.822,11.837,11.815,11.837,583.0,583.5,6899.825,1
1789716900000,11.837,11.837,11.826,11.833,753.0,753.9,8917.3612,1
1789717200000,11.831,11.833,11.822,11.825,365.0,365.1,4317.8155,1
1789717500000,11.825,11.829,11.815,11.816,255.0,255.0,3014.523,1
1789717800000,11.816,11.835,11.815,11.833,710.0,710.9,8403.5798,1
1789718100000,11.833,11.833,11.806,11.821,604.0,604.2,7139.0797,1
1789718400000,11.823,11.85,11.815,11.815,20600.0,20600.2,243603.7228,1
1789718700000,11.816,11.828,11.778,11.778,695.0,695.6,8209.0252,1
1789719000000,11.777,11.815,11.775,11.804,536.0,536.4,6326.0101,1
1789719300000,11.804,11.83,11.804,11.827,853.0,853.4,10091.4293,1
1789719600000,11.821,11.883,11.821,11.875,1977.0,1977.7,23470.0332,1
1789719900000,11.875,11.875,11.851,11.851,313.0,313.2,3715.1771,1
1789720200000,11.85,11.858,11.834,11.853,563.0,563.9,6680.058,1
1789720500000,11.855,11.857,11.82,11.821,305.0,305.7,3618.3667,1
1789720800000,11.821,11.835,11.821,11.833,189.0,189.5,2241.219,1
1789721100000,11.831,11.846,11.827,11.835,721.0,721.4,8540.2574,1
1789721400000,11.832,11.837,11.82,11.823,634.0,634.3,7502.0809,1
1789721700000,11.823,11.83,11.813,11.82,750.0,750.7,8874.2335,1
1789722000000,11.82,11.839,11.813,11.821,930.0,930.4,10997.8164,1
1789722300000,11.823,11.865,11.821,11.854,504.0,504.4,5973.2035,1
1789722600000,11.848,11.85,11.817,11.843,420.0,420.3,4973.917,1
1789722900000,11.846,11.864,11.832,11.859,549.0,549.1,6506.9549,1
1789723200000,11.859,11.861,11.835,11.835,216.0,216.5,2565.922,1
1789723500000,11.832,11.834,11.818,11.829,345.0,345.6,4087.7173,1
1789723800000,11.829,11.833,11.819,11.82,193.0,193.5,2288.2885,1
1789724100000,11.82,11.832,11.816,11.824,587.0,587.8,6947.7032,1
1789724400000,11.822,11.832,11.815,11.831,1262.0,1262.5,14920.1173,1
1789724700000,11.831,11.872,11.831,11.855,685.0,685.1,8121.4642,1
1789725000000,11.848,11.892,11.848,11.872,1621.0,1621.4,19259.4601,1
1789725300000,11.875,11.896,11.873,11.89,2097.0,2097.4,24934.3785,1
1789725600000,11.89,11.898,11.885,11.897,562.0,562.1,6683.9369,1
1789725900000,11.897,11.914,11.882,11.882,974.0,974.3,11593.6028,1
1789726200000,11.882,11.911,11.882,11.911,1838.0,1838.7,21885.8517,1
1789726500000,11.911,11.915,11.893,11.915,1273.0,1273.5,15166.472,1
1789726800000,11.913,11.915,11.89,11.893,354.0,354.0,4214.865,1
1789727100000,11.893,11.949,11.893,11.941,2077.0,2077.5,24800.002,1
1789727400000,11.936,11.949,11.932,11.943,249.0,249.6,2980.6749,1
1789727700000,11.943,11.947,11.933,11.941,510.0,510.4,6092.8968,1
1789728000000,11.941,11.95,11.934,11.944,181.0,181.9,2172.4622,1
1789728300000,11.944,11.957,11.931,11.956,210.0,210.9,2518.539,1
1789728600000,11.956,11.961,11.922,11.923,288.0,288.8,3447.8714,1
1789728900000,11.924,11.924,11.88,11.889,1044.0,1044.4,12416.916,1
1789729200000,11.89,11.897,11.857,11.874,516.0,516.4,6132.8015,1
1789729500000,11.874,11.878,11.758,11.768,4998.0,4998.9,58918.9227,1
1789729800000,11.768,11.781,11.738,11.754,744.0,744.6,8749.0369,1
1789730100000,11.754,11.76,11.732,11.754,537.0,537.7,6316.1591,1
1789730400000,11.756,11.772,11.745,11.767,3064.0,3064.1,36021.179,1
1789730700000,11.768,11.775,11.758,11.769,309.0,309.0,3636.117,1
1789731000000,11.769,11.819,11.764,11.819,1415.0,1415.2,16679.8437,1
1789731300000,11.819,11.842,11.811,11.827,573.0,573.9,6789.0157,1
1789731600000,11.827,11.831,11.802,11.804,211.0,211.1,2494.4995,1
1789731900000,11.804,11.827,11.801,11.823,962.0,962.4,11360.9504,1
1789732200000,11.82,11.849,11.818,11.849,212.0,212.7,2516.7216,1
1789732500000,11.846,11.849,11.816,11.824,306.0,306.1,3621.919,1
1789732800000,11.829,11.835,11.81,11.835,275.0,275.0,3250.79,1
1789733100000,11.838,11.838,11.8,11.801,264.0,264.1,3119.2055,1
1789733400000,11.799,11.814,11.789,11.803,303.0,303.4,3579.2771,1
1789733700000,11.803,11.817,11.799,11.8,1691.0,1691.6,19980.3787,1
1789734000000,11.799,11.814,11.783,11.808,1877.0,1877.4,22130.1476,1
1789734300000,11.807,11.812,11.79,11.808,812.0,812.5,9583.287,1
1789734600000,11.803,11.846,11.79,11.846,472.0,472.5,5583.3006,1
1789734900000,11.849,11.865,11.839,11.865,493.0,493.1,5844.5417,1
1789735200000,11.865,11.868,11.85,11.85,440.0,440.1,5217.9185,1
1789735500000,11.85,11.868,11.849,11.851,303.0,303.1,3593.025,1
1789735800000,11.851,11.862,11.833,11.841,470.0,470.9,5578.2747,1
1789736100000,11.835,11.835,11.815,11.82,287.0,287.5,3399.649,1
1789736400000,11.822,11.825,11.776,11.797,2172.0,2172.6,25628.2122,1
1789736700000,11.798,11.799,11.79,11.798,347.0,347.3,4097.2014,1
1789737000000,11.798,11.803,11.787,11.797,1795.0,1795.0,21172.4555,1
1789737300000,11.792,11.821,11.792,11.819,2286.0,2286.5,27022.5258,1
1789737600000,11.821,11.822,11.793,11.802,1047.0,1047.8,12377.2512,1
1789737900000,11.798,11.83,11.789,11.828,911.0,911.0,10759.3267,1
1789738200000,11.826,11.849,11.816,11.849,858.0,858.8,10164.0497,1
1789738500000,11.85,11.925,11.843,11.92,3833.0,3833.4,45562.3561,1
1789738800000,11.92,11.987,11.897,11.973,13237.0,13237.7,158108.9368,1
1789739100000,11.969,12.031,11.958,12.023,3865.0,3865.2,46358.3953,1
1789739400000,12.032,12.084,12.028,12.031,5162.0,5162.4,62261.8515,1
1789739700000,12.03,12.034,11.95,11.991,3116.0,3116.6,37401.9927,1
1789740000000,12.0,12.042,11.972,12.011,30324.0,30324.8,363582.8566,1
1789740300000,12.021,12.047,11.997,12.016,1228.0,1228.2,14764.2769,1
1789740600000,12.016,12.016,11.985,12.008,1685.0,1685.2,20228.5139,1
1789740900000,12.002,12.06,12.002,12.06,1183.0,1183.8,14257.0608,1
1789741200000,12.06,12.113,12.051,12.098,10199.0,10199.0,123355.4377,1
1789741500000,12.101,12.11,12.03,12.042,2018.0,2018.6,24350.4085,1
1789741800000,12.039,12.048,12.014,12.037,1873.0,1873.8,22552.1085,1
1789742100000,12.036,12.063,12.03,12.05,2964.0,2964.3,35712.0718,1
1789742400000,12.05,12.08,12.043,12.08,2571.0,2571.4,31008.1122,1
1789742700000,12.08,12.107,12.071,12.093,829.0,829.6,10031.3332,1
1789743000000,12.091,12.152,12.083,12.148,6883.0,6883.3,83522.3021,1
1789743300000,12.152,12.187,12.141,12.174,3222.0,3222.8,39198.1845,1
1789743600000,12.171,12.178,12.13,12.13,1245.0,1245.1,15142.797,1
1789743900000,12.131,12.179,12.123,12.136,1472.0,1472.1,17892.7828,1
1789744200000,12.134,12.143,12.092,12.13,7288.0,7288.7,88398.6512,1
1789744500000,12.129,12.179,12.126,12.164,7361.0,7361.2,89495.5316,1
1789744800000,12.165,12.215,12.145,12.214,6900.0,6900.5,84138.7662,1
1789745100000,12.215,12.233,12.199,12.213,4247.0,4247.1,51889.041,1
1789745400000,12.214,12.219,12.164,12.186,1547.0,1547.0,18847.4343,1
1789745700000,12.185,12.207,12.139,12.139,6899.0,6899.5,83819.3981,1
1789746000000,12.139,12.142,12.089,12.089,32904.0,32904.9,398562.4769,1
1789746300000,12.09,12.145,12.09,12.141,13693.0,13693.3,165848.3769,1
1789746600000,12.139,12.146,12.115,12.115,3311.0,3311.0,40185.072,1
1789746900000,12.115,12.162,12.114,12.143,3722.0,3722.4,45196.9805,1
1789747200000,12.145,12.173,12.14,12.163,680.0,680.2,8266.2175,1
1789747500000,12.166,12.21,12.159,12.173,5080.0,5080.4,61969.2143,1
1789747800000,12.175,12.187,12.163,12.184,432.0,432.4,5263.2218,1
1789748100000,12.186,12.196,12.17,12.187,462.0,462.1,5630.8695,1
1789748400000,12.184,12.212,12.159,12.167,572.0,572.8,6980.6401,1
1789748700000,12.167,12.197,12.147,12.191,1110.0,1110.4,13507.6324,1
1789749000000,12.191,12.226,12.18,12.215,3520.0,3520.1,42979.0087,1
1789749300000,12.22,12.221,12.189,12.202,1299.0,1299.9,15868.1922,1
1789749600000,12.199,12.211,12.176,12.193,841.0,841.7,10256.3484,1
1789749900000,12.187,12.187,12.134,12.153,6422.0,6422.7,78006.2658,1
1789750200000,12.153,12.159,12.119,12.159,593.0,593.9,7209.4889,1
1789750500000,12.159,12.176,12.145,12.147,1551.0,1551.0,18877.2241,1
1789750800000,12.146,12.147,12.084,12.122,719.0,719.2,8706.9927,1
1789751100000,12.126,12.133,12.113,12.113,775.0,775.0,9394.8327,1
1789751400000,12.113,12.134,12.098,12.133,2398.0,2398.1,29054.626,1
1789751700000,12.133,12.146,12.121,12.124,441.0,441.4,5356.5536,1
1789752000000,12.124,12.143,12.097,12.122,507.0,507.3,6148.6216,1
1789752300000,12.122,12.146,12.122,12.137,948.0,948.5,11509.7187,1
1789752600000,12.145,12.146,12.121,12.126,903.0,903.7,10961.8911,1
1789752900000,12.126,12.149,12.124,12.14,377.0,377.8,4585.3997,1
1789753200000,12.143,12.17,12.142,12.17,6051.0,6051.0,73578.9545,1
1789753500000,12.174,12.187,12.167,12.178,352.0,352.1,4286.9505,1
1789753800000,12.185,12.212,12.181,12.212,878.0,878.0,10709.5639,1
1789754100000,12.209,12.227,12.198,12.22,260.0,260.4,3180.1044,1
1789754400000,12.223,12.223,12.196,12.196,468.0,468.3,5715.9953,1
1789754700000,12.196,12.207,12.189,12.19,6203.0,6203.2,75620.5782,1
1789755000000,12.19,12.227,12.19,12.222,403.0,403.2,4922.7544,1
1789755300000,12.222,12.222,12.2,12.215,998.0,998.1,12181.5092,1
1789755600000,12.212,12.221,12.204,12.206,454.0,454.7,5554.0403,1
1789755900000,12.199,12.216,12.197,12.199,2311.0,2311.6,28209.243,1
1789756200000,12.196,12.225,12.163,12.224,2637.0,2637.6,32108.8529,1
1789756500000,12.224,12.257,12.207,12.236,5731.0,5731.2,70188.7022,1
1789756800000,12.231,12.242,12.193,12.213,10329.0,10329.1,126166.2082,1
1789757100000,12.213,12.224,12.212,12.212,2516.0,2516.3,30738.9841,1
1789757400000,12.212,12.241,12.212,12.233,4284.0,4284.4,52368.9157,1
1789757700000,12.222,12.222,12.21,12.213,4143.0,4143.3,50597.1486,1
1789758000000,12.212,12.239,12.211,12.239,425.0,425.4,5199.5323,1
1789758300000,12.239,12.267,12.237,12.263,681.0,681.9,8358.8148,1
1789758600000,12.266,12.294,12.266,12.292,2036.0,2036.1,25011.7382,1
1789758900000,12.294,12.333,12.285,12.333,13198.0,13198.1,162518.8212,1
1789759200000,12.333,12.333,12.298,12.302,6627.0,6627.7,81665.1831,1
1789759500000,12.302,12.359,12.302,12.334,2363.0,2363.8,29184.9955,1
1789759800000,12.333,12.338,12.299,12.302,540.0,540.1,6656.6652,1
1789760100000,12.302,12.306,12.263,12.306,11371.0,11371.7,139561.2008,1
1789760400000,12.306,12.36,12.304,12.36,472.0,472.0,5826.3573,1
1789760700000,12.356,12.372,12.33,12.345,1544.0,1544.5,19074.7277,1
1789761000000,12.345,12.359,12.333,12.337,829.0,829.5,10242.5463,1
1789761300000,12.336,12.375,12.336,12.374,986.0,986.9,12190.9405,1
1789761600000,12.374,12.375,12.338,12.36,803.0,803.6,9924.6016,1
1789761900000,12.36,12.37,12.329,12.335,471.0,471.1,5816.0003,1
1789762200000,12.339,12.378,12.337,12.374,361.0,361.0,4462.24,1
1789762500000,12.372,12.408,12.365,12.396,2131.0,2131.9,26424.2586,1
1789762800000,12.396,12.411,12.378,12.382,611.0,611.9,7586.9861,1
1789763100000,12.382,12.382,12.347,12.368,8422.0,8422.6,104039.7407,1
1789763400000,12.368,12.373,12.351,12.365,1349.0,1349.1,16681.1055,1
1789763700000,12.365,12.384,12.361,12.377,573.0,573.4,7091.1297,1
1789764000000,12.374,12.4,12.362,12.39,316.0,316.6,3920.5659,1
1789764300000,12.389,12.4,12.364,12.368,287.0,287.7,3564.1558,1
1789764600000,12.368,12.38,12.36,12.363,639.0,639.6,7908.0107,1
1789764900000,12.363,12.363,12.346,12.346,6823.0,6823.7,84340.2007,1
1789765200000,12.349,12.371,12.346,12.368,607.0,607.6,7508.5355,1
1789765500000,12.368,12.373,12.35,12.352,544.0,544.9,6738.2336,1
1789765800000,12.352,12.384,12.349,12.382,324.0,324.5,4013.6532,1
1789766100000,12.383,12.389,12.363,12.368,427.0,427.2,5287.7519,1
1789766400000,12.368,12.394,12.368,12.388,200.0,200.5,2482.1145,1
1789766700000,12.388,12.404,12.384,12.397,235.0,235.4,2918.1004,1
1789767000000,12.392,12.398,12.362,12.362,325.0,325.9,4033.1447,1
1789767300000,12.362,12.399,12.362,12.399,174.0,174.2,2157.0624,1
1789767600000,12.399,12.399,12.393,12.395,143.0,143.7,1781.4496,1
1789767900000,12.395,12.395,12.38,12.386,443.0,443.0,5485.9106,1
1789768200000,12.386,12.386,12.361,12.373,234.0,234.5,2901.5219,1
1789768500000,12.373,12.386,12.373,12.376,89.0,89.1,1103.1629,1
1789768800000,12.376,12.393,12.37,12.384,236.0,236.0,2922.245,1
1789769100000,12.384,12.411,12.38,12.411,4164.0,4164.4,51569.0244,1
1789769400000,12.411,12.411,12.398,12.411,658.0,658.4,8168.4734,1
1789769700000,12.411,12.411,12.401,12.402,226.0,226.0,2804.193,1
1789770000000,12.406,12.406,12.381,12.385,313.0,313.5,3883.2453,1
1789770300000,12.385,12.388,12.373,12.373,464.0,464.9,5753.397,1
1789770600000,12.373,12.373,12.321,12.321,662.0,662.6,8182.8028,1
1789770900000,12.32,12.322,12.278,12.302,1363.0,1363.4,16765.3171,1
1789771200000,12.305,12.309,12.278,12.294,323.0,323.7,3981.0922,1
1789771500000,12.294,12.303,12.29,12.3,208.0,208.6,2565.0254,1
1789771800000,12.3,12.301,12.278,12.279,157.0,157.0,1928.533,1
1789772100000,12.279,12.299,12.279,12.287,840.0,840.0,10325.0617,1
1789772400000,12.3,12.31,12.279,12.283,430.0,430.3,5293.3005,1
1789772700000,12.283,12.288,12.267,12.278,491.0,491.4,6030.8587,1
1789773000000,12.278,12.295,12.278,12.292,654.0,654.2,8037.6298,1
1789773300000,12.294,12.295,12.269,12.279,241.0,241.1,2961.2644,1
1789773600000,12.279,12.279,12.267,12.267,802.0,802.4,9845.5212,1
1789773900000,12.267,12.271,12.26,12.26,462.0,462.0,5666.2835,1
1789774200000,12.26,12.264,12.245,12.264,712.0,712.4,8728.3612,1
1789774500000,12.264,12.264,12.245,12.261,270.0,270.0,3307.446,1
1789774800000,12.254,12.254,12.24,12.241,128.0,128.2,1569.4965,1
1789775100000,12.241,12.243,12.234,12.239,144.0,144.4,1767.0387,1
1789775400000,12.239,12.242,12.226,12.234,165.0,165.7,2027.0733,1
1789775700000,12.238,12.242,12.225,12.229,193.0,193.3,2364.492,1
1789776000000,12.23,12.241,12.218,12.22,527.0,527.6,6452.8783,1
1789776300000,12.22,12.244,12.22,12.238,266.0,266.0,3254.0823,1
1789776600000,12.238,12.262,12.234,12.262,292.0,292.8,3585.1686,1
1789776900000,12.261,12.308,12.261,12.299,431.0,431.5,5305.3601,1
1789777200000,12.301,12.309,12.286,12.294,277.0,277.2,3408.4928,1
1789777500000,12.289,12.318,12.288,12.318,460.0,460.7,5671.5011,1
1789777800000,12.318,12.353,12.317,12.35,491.0,491.4,6062.927,1
1789778100000,12.353,12.362,12.351,12.36,400.0,400.8,4953.7384,1
1789778400000,12.36,12.37,12.358,12.37,224.0,224.7,2778.5478,1
1789778700000,12.37,12.373,12.353,12.359,248.0,248.5,3072.594,1
1789779000000,12.358,12.394,12.358,12.386,456.0,456.4,5650.8994,1
1789779300000,12.386,12.403,12.364,12.371,928.0,928.6,11505.0392,1
1789779600000,12.378,12.394,12.347,12.349,653.0,653.2,8076.667,1
1789779900000,12.348,12.36,12.327,12.345,6211.0,6211.1,76603.4567,1
1789780200000,12.34,12.361,12.328,12.332,686.0,686.8,8476.5312,1
1789780500000,12.331,12.332,12.28,12.281,499.0,499.5,6145.8515,1
1789780800000,12.281,12.289,12.245,12.283,587.0,587.0,7204.7836,1
1789781100000,12.283,12.29,12.267,12.28,386.0,386.8,4751.0938,1
1789781400000,12.28,12.28,12.241,12.241,447.0,447.5,5487.1437,1
1789781700000,12.241,12.278,12.218,12.278,6749.0,6749.9,82780.0888,1
1789782000000,12.272,12.309,12.272,12.309,2244.0,2244.9,27620.7342,1
1789782300000,12.312,12.359,12.312,12.359,1161.0,1161.3,14330.4776,1
1789782600000,12.359,12.368,12.335,12.34,2053.0,2053.7,25379.8496,1
1789782900000,12.345,12.347,12.329,12.337,530.0,530.1,6539.9257,1
1789783200000,12.339,12.352,12.331,12.343,687.0,687.0,8478.413,1
1789783500000,12.343,12.367,12.343,12.363,255.0,255.1,3152.6481,1
1789783800000,12.367,12.4,12.367,12.388,1789.0,1789.3,22158.928,1
1789784100000,12.388,12.409,12.378,12.409,481.0,481.3,5962.9505,1
1789784400000,12.409,12.443,12.409,12.432,4930.0,4930.5,61275.278,1
1789784700000,12.432,12.44,12.412,12.412,345.0,345.1,4289.4179,1
1789785000000,12.412,12.448,12.401,12.438,427.0,427.3,5313.1583,1
1789785300000,12.433,12.459,12.427,12.451,314.0,314.1,3909.3647,1
1789785600000,12.46,12.46,12.442,12.443,1207.0,1207.6,15029.0931,1
1789785900000,12.443,12.459,12.427,12.459,489.0,489.6,6091.7182,1
1789786200000,12.459,12.459,12.44,12.446,398.0,398.9,4966.2671,1
1789786500000,12.446,12.46,12.438,12.451,206.0,206.0,2564.502,1
1789786800000,12.454,12.479,12.44,12.479,2841.0,2841.0,35405.1867,1
1789787100000,12.48,12.48,12.458,12.462,2011.0,2011.6,25083.9458,1
1789787400000,12.462,12.462,12.445,12.458,302.0,302.3,3763.9509,1
1789787700000,12.458,12.458,12.4,12.403,6872.0,6872.3,85373.836,1
1789788000000,12.403,12.42,12.4,12.403,251.0,251.0,3113.3099,1
1789788300000,12.402,12.402,12.386,12.386,244.0,244.4,3029.1667,1
1789788600000,12.386,12.386,12.361,12.37,6700.0,6700.9,82866.3073,1
1789788900000,12.37,12.396,12.361,12.361,559.0,559.6,6928.0479,1
1789789200000,12.368,12.388,12.368,12.388,228.0,228.0,2822.562,1
1789789500000,12.382,12.418,12.369,12.401,12469.0,12469.7,154778.9282,1
1789789800000,12.418,12.418,12.385,12.393,278.0,278.4,3450.7669,1
1789790100000,12.391,12.41,12.391,12.399,197.0,197.0,2443.265,1
1789790400000,12.401,12.416,12.395,12.401,571.0,571.3,7088.1997,1
1789790700000,12.401,12.421,12.394,12.418,509.0,509.5,6322.2741,1
1789791000000,12.418,12.439,12.418,12.419,166.0,166.5,2068.8737,1
1789791300000,12.423,12.423,12.384,12.385,534.0,534.0,6619.502,1
1789791600000,12.385,12.399,12.358,12.368,1059.0,1059.7,13109.4912,1
1789791900000,12.368,12.378,12.354,12.37,103.0,103.0,1273.559,1
1789792200000,12.368,12.368,12.334,12.334,743.0,743.0,9173.1555,1
1789792500000,12.33,12.346,12.275,12.289,2627.0,2627.4,32298.2385,1
1789792800000,12.289,12.31,12.279,12.289,544.0,544.2,6689.5874,1
1789793100000,12.282,12.287,12.271,12.287,354.0,354.2,4349.4715,1
1789793400000,12.29,12.319,12.289,12.319,457.0,457.4,5626.6152,1
1789793700000,12.319,12.345,12.319,12.336,565.0,565.1,6972.5626,1
1789794000000,12.335,12.348,12.33,12.348,181.0,181.5,2239.3054,1
1789794300000,12.348,12.394,12.346,12.394,537.0,537.3,6647.054,1
1789794600000,12.394,12.42,12.386,12.386,7549.0,7549.9,93554.8312,1
1789794900000,12.397,12.429,12.385,12.429,408.0,408.3,5065.4277,1
1789795200000,12.429,12.436,12.42,12.436,452.0,452.5,5625.1812,1
1789795500000,12.436,12.453,12.416,12.416,713.0,713.4,8878.3444,1
1789795800000,12.416,12.416,12.401,12.402,564.0,564.8,7006.1575,1
1789796100000,12.402,12.411,12.388,12.404,264.0,264.4,3278.5274,1
1789796400000,12.404,12.404,12.35,12.35,253.0,253.5,3137.714,1
1789796700000,12.355,12.373,12.354,12.358,468.0,468.5,5792.4955,1
1789797000000,12.36,12.376,12.36,12.367,236.0,236.0,2919.303,1
1789797300000,12.364,12.375,12.347,12.352,254.0,254.9,3150.6349,1
1789797600000,12.357,12.362,12.32,12.321,412.0,412.7,5094.756,1
1789797900000,12.321,12.346,12.312,12.334,2466.0,2466.8,30382.3061,1
1789798200000,12.333,12.34,12.316,12.316,205.0,205.1,2528.7408,1
1789798500000,12.313,12.336,12.313,12.314,252.0,252.4,3110.2236,1
1789798800000,12.313,12.322,12.301,12.312,1614.0,1614.1,19864.4143,1
1789799100000,12.312,12.312,12.295,12.305,360.0,360.1,4429.962,1
1789799400000,12.306,12.341,12.304,12.341,295.0,295.1,3634.0848,1
1789799700000,12.345,12.36,12.342,12.36,236.0,236.6,2923.5202,1
1789800000000,12.36,12.365,12.349,12.361,275.0,275.3,3402.5756,1
1789800300000,12.354,12.369,12.351,12.354,242.0,242.0,2991.249,1
1789800600000,12.354,12.362,12.345,12.347,802.0,802.0,9908.0904,1
1789800900000,12.347,12.35,12.345,12.346,202.0,202.0,2494.157,1
1789801200000,12.346,12.346,12.325,12.325,297.0,297.9,3674.9861,1
1789801500000,12.325,12.354,12.32,12.354,287.0,287.6,3550.6255,1
1789801800000,12.354,12.359,12.345,12.35,209.0,209.0,2581.594,1
1789802100000,12.353,12.36,12.338,12.343,374.0,374.0,4618.084,1
1789802400000,12.342,12.344,12.312,12.313,355.0,355.8,4385.9428,1
1789802700000,12.313,12.325,12.312,12.322,338.0,338.6,4170.6076,1
1789803000000,12.322,12.333,12.316,12.331,197.0,197.0,2427.749,1
1789803300000,12.331,12.331,12.293,12.294,504.0,504.4,6203.7162,1
1789803600000,12.296,12.306,12.291,12.296,2769.0,2769.9,34067.1149,1
1789803900000,12.296,12.304,12.294,12.296,110.0,110.0,1352.717,1
1789804200000,12.293,12.311,12.284,12.311,234.0,234.4,2882.0958,1
1789804500000,12.308,12.313,12.295,12.3,272.0,272.1,3348.2832,1
1789804800000,12.307,12.313,12.29,12.307,450.0,450.6,5542.7855,1
1789805100000,12.307,12.361,12.305,12.361,586.0,586.3,7235.3227,1
1789805400000,12.372,12.389,12.37,12.389,661.0,661.8,8194.6362,1
1789805700000,12.393,12.42,12.386,12.417,431.0,431.6,5353.5295,1
1789806000000,12.42,12.46,12.411,12.412,1561.0,1561.4,19426.0739,1
1789806300000,12.411,12.416,12.4,12.41,349.0,349.1,4331.0541,1
1789806600000,12.411,12.426,12.403,12.421,985.0,985.2,12227.7903,1
1789806900000,12.422,12.439,12.41,12.416,709.0,709.2,8806.0828,1
1789807200000,12.413,12.422,12.409,12.409,1372.0,1372.7,17048.5727,1
1789807500000,12.409,12.416,12.408,12.41,157.0,157.0,1948.751,1
1789807800000,12.41,12.432,12.402,12.416,850.0,850.6,10568.9211,1
1789808100000,12.416,12.416,12.4,12.407,250.0,250.1,3103.9141,1
1789808400000,12.407,12.438,12.405,12.43,281.0,281.1,3491.8045,1
1789808700000,12.43,12.453,12.424,12.435,537.0,537.1,6681.3614,1
1789809000000,12.431,12.448,12.427,12.447,314.0,314.0,3905.429,1
1789809300000,12.444,12.457,12.427,12.439,4434.0,4434.5,55172.4853,1
1789809600000,12.439,12.472,12.439,12.472,2230.0,2230.8,27810.588,1
1789809900000,12.468,12.492,12.458,12.482,312.0,312.5,3898.0657,1
1789810200000,12.482,12.493,12.433,12.446,1278.0,1278.1,15931.7734,1
1789810500000,12.446,12.446,12.421,12.444,478.0,478.6,5951.2318,1
1789810800000,12.444,12.453,12.431,12.438,295.0,295.1,3671.4454,1
1789811100000,12.438,12.49,12.438,12.479,258.0,258.9,3228.6043,1
1789811400000,12.475,12.494,12.46,12.494,373.0,373.5,4658.2112,1
1789811700000,12.496,12.498,12.488,12.491,232.0,232.4,2903.719,1
1789812000000,12.491,12.517,12.479,12.48,16240.0,16240.9,202943.254,1
1789812300000,12.481,12.493,12.464,12.492,333.0,333.2,4158.826,1
1789812600000,12.492,12.534,12.489,12.521,480.0,480.6,6012.9087,1
1789812900000,12.53,12.53,12.514,12.528,790.0,790.4,9898.6809,1
1789813200000,12.523,12.559,12.523,12.558,866.0,866.8,10881.0299,1
1789813500000,12.558,12.572,12.55,12.572,332.0,332.3,4175.3322,1
1789813800000,12.572,12.604,12.565,12.601,1853.0,1853.5,23330.766,1
1789814100000,12.605,12.605,12.565,12.565,346.0,346.8,4362.7167,1
1789814400000,12.564,12.605,12.561,12.605,379.0,379.3,4773.6553,1
1789814700000,12.602,12.605,12.56,12.564,1730.0,1730.5,21778.3193,1
1789815000000,12.559,12.573,12.543,12.561,2817.0,2817.3,35382.7347,1
1789815300000,12.561,12.562,12.505,12.514,19309.0,19309.4,242236.065,1
1789815600000,12.504,12.558,12.504,12.554,405.0,405.0,5074.4035,1
1789815900000,12.556,12.57,12.531,12.554,304.0,304.7,3825.4956,1
1789816200000,12.543,12.543,12.495,12.495,796.0,796.7,9961.5428,1
1789816500000,12.495,12.509,12.479,12.502,1570.0,1570.1,19601.9951,1
1789816800000,12.502,12.547,12.498,12.545,606.0,606.2,7599.3331,1
1789817100000,12.54,12.54,12.504,12.504,132.0,132.8,1661.8836,1
1789817400000,12.508,12.526,12.498,12.508,455.0,455.7,5701.122,1
1789817700000,12.516,12.524,12.505,12.524,297.0,297.2,3720.2028,1
1789818000000,12.521,12.526,12.513,12.525,187.0,187.0,2340.959,1
1789818300000,12.525,12.543,12.522,12.532,303.0,303.4,3802.5732,1
1789818600000,12.532,12.541,12.526,12.528,339.0,339.0,4248.326,1
1789818900000,12.528,12.541,12.519,12.519,211.0,211.0,2643.842,1
1789819200000,12.528,12.539,12.517,12.525,1671.0,1671.7,20930.7968,1
1789819500000,12.525,12.552,12.51,12.513,372.0,372.9,4672.5448,1
1789819800000,12.51,12.523,12.506,12.506,700.0,700.6,8770.7835,1
1789820100000,12.507,12.543,12.507,12.517,564.0,564.1,7064.8842,1
1789820400000,12.512,12.512,12.481,12.481,726.0,726.3,9071.9523,1
1789820700000,12.481,12.525,12.481,12.505,241.0,241.1,3014.357,1
1789821000000,12.503,12.525,12.502,12.525,233.0,233.0,2915.822,1
1789821300000,12.525,12.539,12.51,12.514,439.0,439.8,5509.8736,1
1789821600000,12.514,12.535,12.51,12.516,921.0,921.9,11547.7337,1
1789821900000,12.522,12.522,12.498,12.514,309.0,309.4,3870.7358,1
1789822200000,12.514,12.532,12.512,12.526,442.0,442.2,5540.356,1
1789822500000,12.523,12.531,12.511,12.527,303.0,303.2,3797.2708,1
1789822800000,12.528,12.535,12.514,12.529,479.0,479.1,6003.3976,1
1789823100000,12.536,12.541,12.498,12.501,431.0,431.4,5398.6958,1
1789823400000,12.501,12.502,12.444,12.474,3166.0,3166.3,39479.1143,1
1789823700000,12.477,12.52,12.476,12.501,419.0,419.0,5235.4753,1
1789824000000,12.502,12.502,12.463,12.47,1219.0,1219.9,15218.0897,1
1789824300000,12.47,12.47,12.45,12.45,675.0,675.6,8414.0936,1
1789824600000,12.452,12.477,12.441,12.473,756.0,756.6,9421.3276,1
1789824900000,12.476,12.492,12.462,12.481,1740.0,1740.6,21718.0639,1
1789825200000,12.481,12.484,12.444,12.445,257.0,257.2,3203.3462,1
1789825500000,12.445,12.467,12.441,12.461,1910.0,1910.2,23809.93,1
1789825800000,12.46,12.469,12.447,12.461,342.0,342.0,4259.579,1
1789826100000,12.457,12.481,12.449,12.481,822.0,822.3,10259.0571,1
1789826400000,12.481,12.51,12.469,12.496,1648.0,1648.9,20571.0079,1
1789826700000,12.496,12.507,12.488,12.501,571.0,571.9,7145.9633,1
1789827000000,12.501,12.51,12.487,12.494,342.0,342.6,4280.5672,1
1789827300000,12.494,12.526,12.491,12.525,782.0,782.1,9779.239,1
1789827600000,12.522,12.565,12.519,12.556,2492.0,2492.2,31299.3573,1
1789827900000,12.56,12.573,12.549,12.567,1026.0,1026.8,12899.9004,1
1789828200000,12.567,12.567,12.533,12.538,1859.0,1859.7,23350.2026,1
1789828500000,12.538,12.541,12.52,12.529,6178.0,6178.9,77402.411,1
1789828800000,12.529,12.543,12.525,12.542,389.0,389.8,4886.2588,1
1789829100000,12.542,12.559,12.524,12.527,342.0,342.3,4292.6027,1
1789829400000,12.521,12.543,12.52,12.54,631.0,631.4,7914.2254,1
1789829700000,12.543,12.559,12.533,12.533,699.0,699.6,8781.9758,1
1789830000000,12.533,12.586,12.53,12.585,377.0,377.3,4738.8443,1
1789830300000,12.585,12.61,12.585,12.606,967.0,967.7,12190.5144,1
1789830600000,12.605,12.606,12.576,12.578,415.0,415.0,5225.322,1
1789830900000,12.584,12.597,12.568,12.568,561.0,561.4,7064.6156,1
1789831200000,12.57,12.62,12.568,12.61,1768.0,1768.4,22291.0923,1
1789831500000,12.601,12.633,12.576,12.576,1904.0,1904.3,23993.0289,1
1789831800000,12.576,12.59,12.538,12.541,816.0,816.8,10249.98,1
1789832100000,12.546,12.576,12.546,12.575,273.0,273.9,3442.668,1
1789832400000,12.576,12.612,12.576,12.6,809.0,809.5,10202.4944,1
1789832700000,12.606,12.606,12.563,12.565,307.0,307.9,3874.0948,1
1789833000000,12.565,12.589,12.562,12.575,796.0,796.0,10010.8979,1
1789833300000,12.567,12.57,12.547,12.568,1571.0,1571.3,19737.404,1
1789833600000,12.57,12.573,12.501,12.504,3192.0,3192.6,40012.5637,1
1789833900000,12.501,12.596,12.498,12.581,3481.0,3481.9,43794.8971,1
1789834200000,12.585,12.639,12.576,12.638,884.0,884.0,11161.7578,1
1789834500000,12.636,12.638,12.585,12.608,2873.0,2873.5,36179.7147,1
1789834800000,12.608,12.64,12.598,12.633,7374.0,7374.8,93151.4033,1
1789835100000,12.635,12.688,12.635,12.639,2153.0,2153.9,27292.9684,1
1789835400000,12.628,12.634,12.614,12.616,4765.0,4765.5,60137.2081,1
1789835700000,12.624,12.628,12.594,12.594,1738.0,1738.7,21908.9458,1
1789836000000,12.593,12.605,12.563,12.574,1765.0,1765.1,22204.9048,1
1789836300000,12.57,12.585,12.56,12.566,279.0,279.0,3506.671,1
1789836600000,12.568,12.588,12.561,12.581,243.0,243.4,3061.066,1
1789836900000,12.579,12.607,12.572,12.594,403.0,403.0,5076.2116,1
1789837200000,12.598,12.611,12.585,12.604,345.0,345.6,4353.9166,1
1789837500000,12.608,12.635,12.603,12.616,3644.0,3644.3,46031.9752,1
1789837800000,12.618,12.636,12.61,12.62,469.0,469.5,5928.5065,1
1789838100000,12.619,12.652,12.617,12.621,1145.0,1145.0,14462.789,1
1789838400000,12.62,12.634,12.55,12.552,981.0,981.5,12363.5844,1
1789838700000,12.552,12.568,12.513,12.537,601.0,601.0,7539.0416,1
1789839000000,12.533,12.56,12.531,12.55,1278.0,1278.5,16042.7902,1
1789839300000,12.54,12.54,12.492,12.509,3637.0,3637.3,45483.0356,1
1789839600000,12.506,12.542,12.505,12.538,612.0,612.4,7667.9975,1
1789839900000,12.54,12.558,12.535,12.558,251.0,251.6,3156.4386,1
1789840200000,12.556,12.558,12.527,12.527,208.0,208.0,2609.718,1
1789840500000,12.527,12.543,12.526,12.532,430.0,430.9,5401.7368,1
1789840800000,12.535,12.575,12.532,12.552,343.0,343.0,4309.0857,1
1789841100000,12.555,12.572,12.526,12.531,501.0,501.9,6299.8764,1
1789841400000,12.538,12.538,12.485,12.498,897.0,897.2,11212.9671,1
1789841700000,12.495,12.506,12.471,12.492,567.0,567.7,7089.6679,1
1789842000000,12.494,12.51,12.486,12.495,383.0,383.3,4792.7588,1
1789842300000,12.495,12.502,12.485,12.493,295.0,295.5,3691.104,1
1789842600000,12.493,12.506,12.46,12.502,826.0,826.2,10315.4432,1
1789842900000,12.502,12.546,12.502,12.546,957.0,957.8,12001.1706,1
1789843200000,12.546,12.547,12.51,12.511,452.0,452.6,5671.7071,1
1789843500000,12.51,12.519,12.498,12.498,325.0,325.7,4072.9501,1
1789843800000,12.499,12.51,12.486,12.51,315.0,315.2,3939.7376,1
1789844100000,12.507,12.531,12.504,12.531,311.0,311.8,3905.9062,1
1789844400000,12.531,12.575,12.531,12.575,533.0,533.3,6699.5648,1
1789844700000,12.575,12.575,12.514,12.54,362.0,362.8,4552.9753,1
1789845000000,12.54,12.541,12.51,12.51,257.0,257.3,3223.0882,1
1789845300000,12.51,12.524,12.486,12.504,868.0,868.3,10859.3243,1
1789845600000,12.504,12.53,12.504,12.53,256.0,256.3,3208.9664,1
1789845900000,12.53,12.536,12.521,12.532,271.0,271.3,3399.6246,1
1789846200000,12.526,12.542,12.52,12.542,1240.0,1240.9,15553.3055,1
1789846500000,12.541,12.541,12.511,12.524,332.0,332.6,4166.4296,1
1789846800000,12.524,12.532,12.511,12.511,134.0,134.0,1677.841,1
1789847100000,12.514,12.53,12.512,12.518,120.0,120.6,1510.0528,1
1789847400000,12.522,12.522,12.509,12.509,252.0,252.6,3161.7652,1
1789847700000,12.509,12.509,12.485,12.497,502.0,502.5,6277.3433,1
1789848000000,12.497,12.505,12.477,12.477,319.0,319.7,3991.6376,1
1789848300000,12.48,12.499,12.477,12.492,520.0,520.9,6505.9085,1
1789848600000,12.49,12.505,12.477,12.504,302.0,302.9,3783.4516,1
1789848900000,12.504,12.504,12.477,12.486,267.0,267.8,3345.358,1
1789849200000,12.488,12.58,12.488,12.536,40378.0,40378.1,506625.7515,1
1789849500000,12.534,12.536,12.48,12.482,381.0,381.5,4771.5369,1
1789849800000,12.481,12.492,12.451,12.491,40257.0,40257.0,501712.3946,1
1789850100000,12.491,12.505,12.488,12.505,164.0,164.2,2051.6581,1
1789850400000,12.505,12.52,12.504,12.519,176.0,176.4,2206.5448,1
1789850700000,12.517,12.52,12.493,12.498,485.0,485.5,6068.2935,1
1789851000000,12.509,12.509,12.48,12.488,345.0,345.2,4311.3549,1
1789851300000,12.488,12.5,12.467,12.491,776.0,776.4,9697.6035,1
1789851600000,12.491,12.527,12.487,12.512,551.0,551.3,6895.3121,1
1789851900000,12.512,12.522,12.461,12.461,370.0,370.4,4626.1995,1
1789852200000,12.461,12.461,12.401,12.413,2175.0,2175.7,27023.4016,1
1789852500000,12.413,12.425,12.387,12.394,2185.0,2185.1,27096.2519,1
1789852800000,12.399,12.399,12.33,12.378,7964.0,7964.0,98489.5186,1
1789853100000,12.377,12.392,12.369,12.376,2002.0,2002.4,24788.6897,1
1789853400000,12.387,12.388,12.347,12.348,5338.0,5338.3,65999.5433,1
1789853700000,12.347,12.35,12.301,12.345,5609.0,5609.9,69163.1388,1
1789854000000,12.345,12.345,12.313,12.319,1179.0,1179.4,14542.1525,1
1789854300000,12.319,12.345,12.319,12.345,1440.0,1440.1,17764.5626,1
1789854600000,12.345,12.346,12.337,12.343,519.0,519.8,6416.0838,1
1789854900000,12.343,12.346,12.343,12.346,39.0,39.0,481.494,1
1789855200000,12.345,12.345,12.295,12.306,3261.0,3261.0,40188.4978,1
1789855500000,12.306,12.345,12.306,12.344,811.0,811.9,10006.4179,1
1789855800000,12.341,12.341,12.317,12.318,1274.0,1274.3,15703.0725,1
1789856100000,12.318,12.336,12.304,12.306,700.0,700.4,8628.1678,1
1789856400000,12.306,12.32,12.303,12.315,157.0,157.0,1932.746,1
1789856700000,12.311,12.327,12.309,12.32,169.0,169.0,2080.991,1
1789857000000,12.32,12.328,12.319,12.326,602.0,602.0,7418.778,1
1789857300000,12.326,12.372,12.326,12.372,787.0,787.7,9734.4861,1
1789857600000,12.372,12.396,12.37,12.388,711.0,711.0,8808.1501,1
1789857900000,12.388,12.4,12.387,12.399,255.0,255.8,3170.3882,1
1789858200000,12.4,12.417,12.4,12.415,871.0,871.9,10821.7625,1
1789858500000,12.415,12.418,12.405,12.413,86.0,86.5,1073.777,1
1789858800000,12.413,12.415,12.4,12.412,203.0,203.0,2518.794,1
1789859100000,12.412,12.422,12.408,12.421,157.0,157.1,1950.827,1
1789859400000,12.42,12.43,12.42,12.429,144.0,144.5,1795.2597,1
1789859700000,12.429,12.453,12.413,12.426,3776.0,3776.5,46893.4731,1
1789860000000,12.426,12.426,12.4,12.401,402.0,402.4,4995.5872,1
1789860300000,12.401,12.41,12.395,12.409,816.0,816.9,10130.5602,1
1789860600000,12.41,12.442,12.401,12.436,310.0,310.4,3852.9025,1
1789860900000,12.436,12.449,12.42,12.42,3278.0,3278.9,40810.2545,1
1789861200000,12.42,12.431,12.412,12.427,170.0,170.0,2111.546,1
1789861500000,12.431,12.438,12.418,12.431,4696.0,4696.5,58336.893,1
1789861800000,12.432,12.44,12.428,12.44,344.0,344.1,4278.0471,1
1789862100000,12.44,12.44,12.418,12.418,205.0,205.9,2558.4624,1
1789862400000,12.416,12.416,12.384,12.385,699.0,699.1,8673.0914,1
1789862700000,12.385,12.386,12.374,12.383,117.0,117.2,1450.9242,1
1789863000000,12.382,12.409,12.381,12.409,684.0,684.3,8488.081,1
1789863300000,12.409,12.422,12.387,12.4,330.0,330.3,4097.6387,1
1789863600000,12.404,12.404,12.378,12.382,439.0,439.7,5445.8878,1
1789863900000,12.382,12.409,12.378,12.404,269.0,269.0,3335.509,1
1789864200000,12.404,12.44,12.394,12.438,4959.0,4959.3,61583.4447,1
1789864500000,12.437,12.439,12.408,12.427,350.0,350.5,4355.193,1
1789864800000,12.426,12.443,12.425,12.426,267.0,267.5,3326.8182,1
1789865100000,12.415,12.417,12.4,12.402,289.0,289.3,3590.4161,1
1789865400000,12.402,12.411,12.4,12.402,183.0,183.0,2270.092,1
1789865700000,12.401,12.401,12.388,12.398,491.0,491.0,6085.5404,1
1789866000000,12.395,12.405,12.374,12.374,214.0,214.2,2654.0036,1
1789866300000,12.374,12.374,12.335,12.336,454.0,454.2,5613.0064,1
1789866600000,12.334,12.337,12.313,12.314,1415.0,1415.2,17434.0184,1
1789866900000,12.315,12.345,12.312,12.344,452.0,452.4,5573.824,1
1789867200000,12.342,12.358,12.332,12.332,532.0,532.5,6575.5887,1
1789867500000,12.33,12.33,12.306,12.307,201.0,201.7,2484.5656,1
1789867800000,12.3,12.302,12.271,12.274,700.0,700.0,8600.4101,1
1789868100000,12.277,12.28,12.255,12.276,587.0,587.9,7210.8464,1
1789868400000,12.276,12.278,12.267,12.276,365.0,365.0,4480.449,1
1789868700000,12.276,12.306,12.262,12.292,1114.0,1114.0,13681.4187,1
1789869000000,12.295,12.309,12.283,12.306,811.0,811.1,9973.9625,1
1789869300000,12.303,12.314,12.298,12.298,1209.0,1209.4,14882.5961,1
1789869600000,12.304,12.347,12.295,12.336,314.0,314.1,3870.4197,1
1789869900000,12.335,12.342,12.328,12.336,203.0,203.0,2504.117,1
1789870200000,12.336,12.353,12.333,12.353,162.0,162.0,1999.269,1
1789870500000,12.35,12.36,12.312,12.328,570.0,570.2,7036.7408,1
1789870800000,12.331,12.332,12.286,12.286,5449.0,5449.7,67000.4438,1
1789871100000,12.286,12.286,12.264,12.264,269.0,269.4,3307.107,1
1789871400000,12.263,12.275,12.227,12.227,956.0,956.3,11709.6024,1
1789871700000,12.227,12.227,12.179,12.179,2490.0,2490.5,30385.639,1
1789872000000,12.179,12.19,12.095,12.101,3465.0,3465.7,42117.4183,1
1789872300000,12.095,12.141,12.068,12.091,1877.0,1877.5,22753.4742,1
1789872600000,12.095,12.112,12.039,12.064,3309.0,3309.9,39944.4974,1
1789872900000,12.071,12.078,11.95,11.974,5812.0,5812.1,69673.4545,1
1789873200000,11.968,11.996,11.939,11.995,4413.0,4413.9,52832.7088,1
1789873500000,11.997,12.09,11.997,12.056,6876.0,6876.4,83059.938,1
1789873800000,12.055,12.067,11.982,11.982,2010.0,2010.7,24166.7495,1
1789874100000,11.984,12.067,11.949,12.059,1155.0,1155.7,13881.7692,1
1789874400000,12.065,12.118,12.065,12.089,1411.0,1411.3,17086.1876,1
1789874700000,12.1,12.1,12.056,12.066,719.0,719.9,8688.8794,1
1789875000000,12.062,12.079,12.062,12.077,305.0,305.0,3682.265,1
1789875300000,12.07,12.072,12.019,12.026,1051.0,1051.2,12661.1379,1
1789875600000,12.03,12.046,12.017,12.045,442.0,442.2,5319.1196,1
1789875900000,12.045,12.058,12.019,12.054,702.0,702.9,8466.5661,1
1789876200000,12.057,12.08,12.052,12.079,208.0,208.6,2517.0623,1
1789876500000,12.079,12.093,12.076,12.076,160.0,160.5,1939.0648,1
1789876800000,12.076,12.083,12.055,12.081,324.0,324.2,3912.6363,1
1789877100000,12.081,12.081,12.055,12.062,275.0,275.6,3326.6663,1
1789877400000,12.063,12.066,12.022,12.047,2285.0,2285.6,27500.9527,1
1789877700000,12.047,12.079,12.032,12.034,969.0,969.0,11688.9844,1
1789878000000,12.03,12.042,12.014,12.035,348.0,348.9,4195.4542,1
1789878300000,12.035,12.063,12.035,12.052,880.0,880.1,10606.6236,1
1789878600000,12.052,12.052,12.034,12.048,211.0,211.0,2541.417,1
1789878900000,12.048,12.076,12.036,12.076,963.0,963.1,11627.6843,1
1789879200000,12.074,12.077,12.036,12.036,5603.0,5603.6,67476.1914,1
1789879500000,12.036,12.038,12.003,12.023,1103.0,1103.7,13263.7526,1
1789879800000,12.024,12.055,12.017,12.054,362.0,362.3,4360.6705,1
1789880100000,12.055,12.063,12.047,12.047,919.0,919.9,11088.2748,1
1789880400000,12.054,12.054,12.03,12.047,343.0,343.0,4130.922,1
1789880700000,12.041,12.047,12.016,12.018,429.0,429.3,5165.4158,1
1789881000000,12.018,12.047,12.018,12.036,340.0,340.0,4092.829,1
1789881300000,12.035,12.036,12.002,12.008,433.0,433.4,5207.3474,1
1789881600000,12.008,12.018,11.985,11.988,402.0,402.5,4831.316,1
1789881900000,11.99,12.014,11.989,12.006,356.0,356.0,4272.061,1
1789882200000,12.006,12.03,12.0,12.03,329.0,329.4,3959.7638,1
1789882500000,12.03,12.03,12.001,12.012,426.0,426.0,5116.778,1
1789882800000,12.012,12.012,12.001,12.002,164.0,164.0,1968.531,1
1789883100000,12.002,12.016,12.001,12.008,246.0,246.0,2953.039,1
1789883400000,12.008,12.008,11.993,11.998,266.0,266.4,3196.5084,1
1789883700000,11.992,12.014,11.991,12.007,714.0,714.7,8580.5668,1
1789884000000,12.006,12.015,11.997,11.998,284.0,284.6,3416.5368,1
1789884300000,11.998,12.024,11.998,12.015,279.0,279.2,3351.9894,1
1789884600000,12.015,12.025,11.997,12.019,390.0,390.0,4682.142,1
1789884900000,12.021,12.047,12.014,12.022,389.0,389.9,4689.3904,1
1789885200000,12.023,12.026,12.006,12.014,328.0,328.1,3941.4524,1
1789885500000,12.014,12.014,12.003,12.006,212.0,212.0,2545.975,1
1789885800000,12.005,12.011,12.001,12.003,311.0,311.4,3738.4304,1
1789886100000,12.002,12.004,11.979,11.983,468.0,468.8,5623.3858,1
1789886400000,11.979,11.98,11.948,11.973,748.0,748.7,8952.8675,1
1789886700000,11.981,11.997,11.959,11.986,520.0,520.5,6234.3478,1
1789887000000,11.985,11.99,11.967,11.97,203.0,203.2,2434.0278,1
1789887300000,11.97,11.981,11.952,11.977,284.0,284.0,3397.8083,1
1789887600000,11.977,11.995,11.973,11.991,110.0,110.1,1319.7361,1
1789887900000,11.988,11.996,11.978,11.989,206.0,206.0,2469.383,1
1789888200000,11.991,11.997,11.983,11.996,207.0,207.0,2482.401,1
1789888500000,11.99,11.996,11.977,11.979,286.0,286.2,3430.1408,1
1789888800000,11.978,11.999,11.971,11.998,202.0,202.1,2422.6657,1
1789889100000,11.999,12.012,11.999,12.005,177.0,177.2,2127.1823,1
1789889400000,11.999,12.009,11.992,11.992,610.0,610.9,7334.7171,1
1789889700000,11.992,11.992,11.981,11.981,523.0,523.0,6267.653,1
1789890000000,11.981,11.991,11.981,11.982,198.0,198.3,2376.3341,1
1789890300000,11.985,11.987,11.982,11.982,222.0,222.7,2668.9718,1
1789890600000,11.982,11.986,11.975,11.977,141.0,141.1,1690.1281,1
1789890900000,11.977,11.98,11.975,11.976,656.0,656.3,7861.5228,1
1789891200000,11.976,12.041,11.967,12.036,5010.0,5010.7,60294.028,1
1789891500000,12.036,12.036,12.001,12.023,368.0,368.3,4426.7943,1
1789891800000,12.023,12.028,12.012,12.017,332.0,332.6,3997.0796,1
1789892100000,12.014,12.02,12.001,12.002,355.0,355.1,4264.7923,1
1789892400000,12.002,12.003,11.982,11.987,145.0,145.4,1743.708,1
1789892700000,11.987,11.993,11.981,11.981,181.0,181.2,2171.9924,1
1789893000000,11.981,11.99,11.976,11.976,122.0,122.1,1463.0191,1
1789893300000,11.976,11.992,11.965,11.965,255.0,255.8,3064.0432,1
1789893600000,11.964,11.969,11.941,11.943,445.0,445.8,5329.6558,1
1789893900000,11.942,11.956,11.933,11.946,996.0,996.4,11898.4431,1
1789894200000,11.946,11.948,11.911,11.934,888.0,888.5,10595.9047,1
1789894500000,11.932,11.944,11.928,11.944,151.0,151.0,1802.158,1
1789894800000,11.941,11.981,11.94,11.98,273.0,273.5,3272.2882,1
1789895100000,11.979,11.99,11.964,11.974,647.0,647.2,7756.4579,1
1789895400000,11.976,11.985,11.969,11.969,179.0,179.0,2143.525,1
1789895700000,11.969,11.992,11.964,11.987,303.0,303.6,3635.2354,1
1789896000000,11.987,12.026,11.987,12.022,240.0,240.7,2890.2712,1
1789896300000,12.02,12.028,12.018,12.025,179.0,179.4,2157.3901,1
1789896600000,12.027,12.058,12.026,12.052,568.0,568.0,6841.6285,1
1789896900000,12.052,12.06,12.05,12.059,142.0,142.0,1711.771,1
1789897200000,12.059,12.088,12.056,12.057,1201.0,1201.6,14499.2007,1
1789897500000,12.06,12.06,12.045,12.046,282.0,282.9,3409.1989,1
1789897800000,12.046,12.046,12.03,12.031,200.0,200.0,2407.0414,1
1789898100000,12.03,12.03,12.001,12.003,734.0,734.5,8824.6518,1
1789898400000,12.002,12.02,12.002,12.002,167.0,167.3,2009.5288,1
1789898700000,12.002,12.002,11.96,11.96,1093.0,1093.6,13091.8114,1
1789899000000,11.961,11.97,11.948,11.97,358.0,358.9,4290.67,1
1789899300000,11.973,11.999,11.966,11.972,333.0,333.3,3994.7039,1
1789899600000,11.972,11.989,11.965,11.979,342.0,342.6,4102.4764,1
1789899900000,11.979,11.99,11.974,11.982,145.0,145.0,1737.227,1
1789900200000,11.982,12.0,11.977,11.993,299.0,299.6,3593.0659,1
1789900500000,11.988,11.995,11.97,11.97,286.0,286.7,3434.3303,1
1789900800000,11.971,11.983,11.964,11.983,210.0,210.0,2513.961,1
1789901100000,11.985,11.985,11.965,11.981,193.0,193.0,2311.013,1
1789901400000,11.977,12.0,11.977,11.99,182.0,182.1,2183.7097,1
1789901700000,11.99,11.992,11.981,11.982,235.0,235.0,2816.044,1
1789902000000,11.982,11.999,11.981,11.989,259.0,259.4,3109.2852,1
1789902300000,11.989,12.028,11.989,12.01,341.0,341.9,4106.3099,1
1789902600000,12.01,12.012,11.997,12.003,217.0,217.0,2604.462,1
1789902900000,12.003,12.012,11.981,12.003,595.0,595.0,7135.7697,1
1789903200000,12.002,12.013,11.99,12.012,257.0,257.0,3083.969,1
1789903500000,12.009,12.014,12.005,12.008,194.0,194.0,2330.032,1
1789903800000,12.006,12.03,12.006,12.024,531.0,531.0,6380.9598,1
1789904100000,12.014,12.033,12.014,12.021,229.0,229.0,2752.776,1
1789904400000,12.021,12.047,12.021,12.039,215.0,215.1,2588.7424,1
1789904700000,12.038,12.048,12.031,12.048,161.0,161.2,1941.3475,1
1789905000000,12.053,12.073,12.048,12.072,810.0,810.9,9786.0466,1
1789905300000,12.072,12.072,12.058,12.066,153.0,153.2,1848.3848,1
1789905600000,12.065,12.079,12.042,12.075,503.0,503.0,6069.167,1
1789905900000,12.079,12.12,12.077,12.114,531.0,531.3,6430.0801,1
1789906200000,12.112,12.124,12.09,12.091,776.0,776.9,9408.394,1
1789906500000,12.095,12.101,12.065,12.065,424.0,424.4,5125.5371,1
1789906800000,12.072,12.073,12.051,12.051,252.0,252.6,3047.6978,1
1789907100000,12.049,12.063,12.036,12.041,297.0,297.4,3582.9139,1
1789907400000,12.039,12.063,12.034,12.063,259.0,259.0,3120.071,1
1789907700000,12.057,12.08,12.056,12.079,499.0,499.9,6031.0934,1
1789908000000,12.079,12.08,12.055,12.061,732.0,732.3,8834.0769,1
1789908300000,12.061,12.079,12.06,12.068,327.0,327.3,3949.2713,1
1789908600000,12.072,12.081,12.07,12.081,415.0,415.1,5013.3577,1
1789908900000,12.084,12.094,12.063,12.075,704.0,704.9,8515.3187,1
1789909200000,12.075,12.108,12.075,12.106,190.0,190.1,2298.1477,1
1789909500000,12.106,12.118,12.1,12.104,394.0,394.9,4781.4452,1
1789909800000,12.101,12.107,12.097,12.101,225.0,225.0,2722.694,1
1789910100000,12.101,12.101,12.081,12.084,249.0,249.0,3010.3786,1
1789910400000,12.084,12.095,12.067,12.081,233.0,233.1,2817.084,1
1789910700000,12.087,12.108,12.083,12.097,259.0,259.1,3134.3667,1
1789911000000,12.097,12.102,12.064,12.064,277.0,277.1,3347.948,1
1789911300000,12.064,12.065,12.047,12.047,350.0,350.0,4219.9835,1
1789911600000,12.048,12.068,12.034,12.068,718.0,718.2,8661.304,1
1789911900000,12.068,12.079,12.047,12.048,285.0,285.4,3440.3392,1
1789912200000,12.048,12.076,12.048,12.064,577.0,577.0,6959.606,1
1789912500000,12.072,12.074,12.053,12.066,255.0,255.3,3079.9516,1
1789912800000,12.058,12.146,12.058,12.133,549.0,549.1,6651.9272,1
1789913100000,12.133,12.146,12.113,12.113,486.0,486.6,5903.1384,1
1789913400000,12.114,12.115,12.067,12.068,848.0,848.0,10254.186,1
1789913700000,12.067,12.069,12.034,12.044,565.0,565.6,6816.1346,1
1789914000000,12.044,12.072,12.034,12.07,458.0,458.1,5523.5383,1
1789914300000,12.077,12.084,12.065,12.065,282.0,282.2,3407.1259,1
1789914600000,12.069,12.113,12.063,12.098,317.0,317.3,3835.56,1
1789914900000,12.09,12.12,12.089,12.109,1302.0,1302.6,15782.6568,1
1789915200000,12.112,12.141,12.107,12.13,1935.0,1935.9,23471.7646,1
1789915500000,12.133,12.146,12.113,12.142,778.0,778.0,9435.379,1
1789915800000,12.142,12.163,12.142,12.163,708.0,708.8,8614.1437,1
1789916100000,12.165,12.168,12.131,12.135,957.0,957.8,11631.3502,1
1789916400000,12.137,12.226,12.137,12.213,2778.0,2778.3,33878.8169,1
1789916700000,12.213,12.249,12.198,12.21,1272.0,1272.8,15549.4219,1
1789917000000,12.229,12.242,12.216,12.228,1035.0,1035.7,12665.4729,1
1789917300000,12.238,12.283,12.234,12.265,2794.0,2794.0,34290.7816,1
1789917600000,12.263,12.263,12.223,12.258,1457.0,1457.5,17837.374,1
1789917900000,12.25,12.259,12.216,12.223,1204.0,1204.2,14735.2946,1
1789918200000,12.224,12.257,12.224,12.24,1635.0,1635.7,20026.0261,1
1789918500000,12.239,12.28,12.237,12.28,973.0,973.6,11934.7402,1
1789918800000,12.28,12.295,12.267,12.294,1029.0,1029.1,12646.4919,1
1789919100000,12.294,12.318,12.287,12.307,665.0,665.7,8191.5027,1
1789919400000,12.308,12.327,12.293,12.327,1808.0,1808.0,22261.055,1
1789919700000,12.327,12.367,12.325,12.366,1241.0,1241.7,15335.7685,1
1789920000000,12.365,12.367,12.32,12.326,1210.0,1210.4,14925.2243,1
1789920300000,12.326,12.392,12.32,12.372,690.0,690.9,8537.4299,1
1789920600000,12.377,12.406,12.361,12.379,2151.0,2151.1,26653.9614,1
1789920900000,12.379,12.394,12.362,12.37,639.0,639.0,7911.845,1
1789921200000,12.371,12.371,12.334,12.348,664.0,664.0,8199.5005,1
1789921500000,12.361,12.399,12.35,12.394,1184.0,1184.8,14671.2458,1
1789921800000,12.394,12.448,12.383,12.437,10922.0,10922.6,135596.1181,1
1789922100000,12.443,12.498,12.433,12.498,1145.0,1145.8,14290.8227,1
1789922400000,12.498,12.551,12.497,12.522,1335.0,1335.3,16716.2663,1
1789922700000,12.531,12.543,12.515,12.543,1079.0,1079.1,13525.7104,1
1789923000000,12.541,12.559,12.53,12.553,815.0,815.9,10235.0642,1
1789923300000,12.56,12.574,12.552,12.573,686.0,686.0,8619.9088,1
1789923600000,12.575,12.576,12.543,12.576,900.0,900.7,11311.8416,1
1789923900000,12.579,12.593,12.51,12.52,1529.0,1529.1,19205.6409,1
1789924200000,12.52,12.52,12.46,12.479,1630.0,1630.6,20367.7117,1
1789924500000,12.479,12.505,12.461,12.461,647.0,647.2,8078.871,1
1789924800000,12.461,12.461,12.422,12.442,648.0,648.3,8069.0858,1
1789925100000,12.44,12.444,12.374,12.378,1387.0,1387.8,17207.786,1
1789925400000,12.386,12.42,12.378,12.411,1618.0,1618.5,20060.0277,1
1789925700000,12.402,12.498,12.402,12.478,1409.0,1409.3,17554.6115,1
1789926000000,12.482,12.498,12.461,12.498,827.0,827.0,10323.7055,1
1789926300000,12.498,12.51,12.455,12.455,998.0,998.3,12449.7741,1
1789926600000,12.455,12.468,12.435,12.435,668.0,668.5,8326.7667,1
1789926900000,12.437,12.444,12.422,12.444,549.0,549.8,6836.6161,1
1789927200000,12.444,12.453,12.427,12.427,387.0,387.1,4816.0664,1
1789927500000,12.427,12.453,12.4,12.436,375.0,375.4,4665.3569,1
1789927800000,12.438,12.439,12.41,12.412,842.0,842.7,10468.4744,1
1789928100000,12.412,12.493,12.409,12.493,8479.0,8479.3,105724.6827,1
1789928400000,12.493,12.498,12.46,12.46,339.0,339.1,4232.6361,1
1789928700000,12.461,12.51,12.46,12.51,336.0,336.8,4206.3137,1
1789929000000,12.51,12.526,12.479,12.48,1433.0,1433.7,17945.0253,1
1789929300000,12.48,12.486,12.429,12.429,1187.0,1187.6,14804.6278,1
1789929600000,12.429,12.457,12.429,12.446,290.0,290.0,3608.954,1
1789929900000,12.447,12.453,12.419,12.433,1589.0,1589.0,19766.1333,1
1789930200000,12.435,12.435,12.378,12.402,8786.0,8786.9,108831.4655,1
1789930500000,12.405,12.426,12.392,12.423,880.0,880.0,10927.9168,1
1789930800000,12.426,12.453,12.416,12.453,415.0,415.5,5169.414,1
1789931100000,12.453,12.479,12.446,12.479,293.0,293.9,3663.6486,1
1789931400000,12.479,12.49,12.453,12.454,1031.0,1031.8,12872.5712,1
1789931700000,12.454,12.465,12.453,12.46,199.0,199.8,2488.9508,1
1789932000000,12.46,12.465,12.439,12.455,634.0,634.1,7893.9295,1
1789932300000,12.451,12.46,12.439,12.46,396.0,396.7,4939.1115,1
1789932600000,12.46,12.52,12.46,12.516,504.0,504.5,6306.8336,1
1789932900000,12.516,12.532,12.503,12.53,646.0,646.2,8090.216,1
1789933200000,12.531,12.546,12.515,12.523,1774.0,1774.3,22239.3546,1
1789933500000,12.517,12.558,12.515,12.548,571.0,571.9,7175.6427,1
1789933800000,12.548,12.574,12.548,12.563,981.0,981.5,12331.8753,1
1789934100000,12.563,12.563,12.526,12.534,338.0,338.8,4248.3257,1
1789934400000,12.541,12.567,12.531,12.567,344.0,344.2,4321.7359,1
1789934700000,12.566,12.569,12.532,12.54,875.0,875.2,10990.2257,1
1789935000000,12.538,12.538,12.51,12.515,314.0,314.4,3936.3123,1
1789935300000,12.514,12.532,12.5,12.506,198.0,198.2,2480.6454,1
1789935600000,12.505,12.506,12.498,12.502,248.0,248.0,3101.065,1
1789935900000,12.498,12.536,12.49,12.535,799.0,799.3,9993.8847,1
1789936200000,12.535,12.535,12.51,12.513,354.0,354.3,4434.7427,1
1789936500000,12.51,12.521,12.493,12.519,653.0,653.1,8166.0006,1
1789936800000,12.519,12.543,12.503,12.536,669.0,669.7,8383.5421,1
1789937100000,12.536,12.562,12.512,12.525,920.0,920.3,11554.179,1
1789937400000,12.525,12.525,12.499,12.503,274.0,274.2,3430.6272,1
1789937700000,12.508,12.513,12.488,12.494,425.0,425.6,5318.8614,1
1789938000000,12.494,12.503,12.373,12.4,4856.0,4856.6,60316.3778,1
1789938300000,12.404,12.44,12.404,12.413,224.0,224.3,2786.9379,1
1789938600000,12.413,12.413,12.346,12.394,1017.0,1017.5,12574.3365,1
1789938900000,12.394,12.439,12.389,12.439,179.0,179.2,2225.242,1
1789939200000,12.439,12.444,12.4,12.401,192.0,192.0,2384.0561,1
1789939500000,12.401,12.431,12.4,12.431,388.0,388.0,4816.0177,1
1789939800000,12.437,12.444,12.429,12.438,203.0,203.1,2526.4626,1
1789940100000,12.438,12.444,12.429,12.44,219.0,219.0,2724.197,1
1789940400000,12.434,12.434,12.411,12.411,364.0,364.6,4527.4911,1
1789940700000,12.411,12.44,12.4,12.44,104.0,104.2,1294.364,1
1789941000000,12.44,12.462,12.433,12.445,573.0,573.3,7142.0729,1
1789941300000,12.445,12.457,12.438,12.445,647.0,647.7,8064.3862,1
1789941600000,12.45,12.473,12.406,12.453,278.0,278.9,3465.3817,1
1789941900000,12.447,12.506,12.447,12.506,448.0,448.6,5595.6526,1
1789942200000,12.5,12.526,12.489,12.526,276.0,276.4,3457.8788,1
1789942500000,12.526,12.526,12.495,12.496,128.0,128.0,1600.0664,1
1789942800000,12.496,12.497,12.468,12.497,734.0,734.1,9167.8147,1
1789943100000,12.491,12.51,12.489,12.51,323.0,323.0,4037.4882,1
1789943400000,12.51,12.526,12.497,12.506,1411.0,1411.6,17645.984,1
1789943700000,12.506,12.55,12.506,12.55,1236.0,1236.5,15479.9194,1
1789944000000,12.55,12.55,12.5,12.501,3271.0,3271.8,40974.1207,1
1789944300000,12.498,12.516,12.498,12.507,314.0,314.0,3926.091,1
1789944600000,12.5,12.521,12.494,12.494,867.0,867.3,10854.912,1
1789944900000,12.494,12.514,12.494,12.502,167.0,167.1,2089.1799,1
1789945200000,12.501,12.501,12.46,12.46,746.0,746.0,9314.8709,1
1789945500000,12.465,12.493,12.46,12.492,182.0,182.0,2269.788,1
1789945800000,12.492,12.493,12.466,12.47,263.0,263.6,3289.7288,1
1789946100000,12.47,12.493,12.463,12.493,137.0,137.2,1711.3016,1
1789946400000,12.493,12.506,12.492,12.505,133.0,133.1,1663.8733,1
1789946700000,12.506,12.506,12.466,12.466,87.0,87.4,1091.2743,1
1789947000000,12.474,12.493,12.467,12.493,371.0,371.6,4635.9388,1
1789947300000,12.493,12.522,12.493,12.508,98.0,98.5,1232.1831,1
1789947600000,12.508,12.526,12.494,12.523,136.0,136.0,1701.98,1
1789947900000,12.524,12.552,12.494,12.522,40350.0,40350.4,506028.3123,1
1789948200000,12.522,12.563,12.51,12.526,40149.0,40149.2,503805.3091,1
1789948500000,12.523,12.524,12.51,12.512,327.0,327.8,4103.691,1
1789948800000,12.512,12.57,12.51,12.567,522.0,522.9,6564.0506,1
1789949100000,12.567,12.624,12.567,12.595,1034.0,1034.4,13041.3535,1
1789949400000,12.595,12.675,12.56,12.662,910.0,910.0,11469.0425,1
1789949700000,12.67,12.741,12.617,12.735,15731.0,15731.1,199118.6609,1
1789950000000,12.734,12.78,12.733,12.758,30266.0,30266.3,385808.9465,1
1789950300000,12.747,12.772,12.718,12.724,11485.0,11485.8,146582.0603,1
1789950600000,12.724,12.736,12.675,12.675,319.0,319.1,4054.3804,1
1789950900000,12.675,12.687,12.606,12.626,40831.0,40831.8,515295.365,1
1789951200000,12.626,12.664,12.626,12.658,590.0,590.0,7460.7183,1
1789951500000,12.658,12.729,12.658,12.685,208.0,208.1,2643.0804,1
1789951800000,12.675,12.718,12.675,12.702,1383.0,1383.4,17548.951,1
1789952100000,12.708,12.725,12.705,12.725,732.0,732.6,9318.966,1
1789952400000,12.725,12.73,12.64,12.659,38666.0,38666.9,490545.3363,1
1789952700000,12.659,12.703,12.653,12.7,137.0,137.9,1748.8036,1
1789953000000,12.707,12.718,12.704,12.707,111.0,111.0,1411.1141,1
1789953300000,12.709,12.729,12.692,12.729,492.0,492.8,6262.1862,1
1789953600000,12.729,12.788,12.729,12.733,1074.0,1074.0,13714.3037,1
1789953900000,12.733,12.771,12.646,12.721,1286.0,1286.3,16414.6736,1
1789954200000,12.721,12.766,12.665,12.701,113.0,113.6,1445.4417,1
1789954500000,12.701,12.716,12.654,12.691,22187.0,22187.5,280941.2734,1
1789954800000,12.692,12.708,12.691,12.705,399.0,399.4,5071.7808,1
1789955100000,12.692,12.699,12.62,12.62,1597.0,1597.1,20213.8333,1
1789955400000,12.62,12.62,12.493,12.493,1917.0,1917.4,24109.8421,1
1789955700000,12.493,12.517,12.451,12.475,842.0,842.6,10509.0622,1
1789956000000,12.475,12.532,12.461,12.512,225.0,225.5,2814.2072,1
1789956300000,12.512,12.524,12.481,12.524,913.0,913.0,11420.2059,1
1789956600000,12.524,12.575,12.52,12.572,288.0,288.5,3621.3532,1
1789956900000,12.572,12.575,12.551,12.567,263.0,263.0,3303.562,1
1789957200000,12.567,12.615,12.567,12.605,329.0,329.8,4151.4011,1
1789957500000,12.607,12.642,12.607,12.61,241.0,241.7,3054.2557,1
1789957800000,12.614,12.614,12.528,12.529,1052.0,1052.4,13224.6306,1
1789958100000,12.529,12.6,12.527,12.6,304.0,304.5,3828.3434,1
1789958400000,12.599,12.6,12.59,12.599,75.0,75.1,946.0307,1
1789958700000,12.598,12.62,12.569,12.592,1147.0,1147.8,14458.6122,1
1789959000000,12.592,12.609,12.59,12.608,531.0,531.5,6699.8414,1
1789959300000,12.609,12.626,12.576,12.577,104.0,104.9,1322.0469,1
1789959600000,12.577,12.659,12.577,12.654,833.0,833.9,10511.3721,1
1789959900000,12.653,12.66,12.6,12.606,71.0,71.7,905.2026,1
1789960200000,12.606,12.611,12.586,12.607,230.0,230.8,2907.2785,1
1789960500000,12.609,12.658,12.609,12.658,67.0,67.6,854.0802,1
1789960800000,12.658,12.659,12.641,12.659,451.0,451.2,5705.3483,1
1789961100000,12.659,12.675,12.642,12.65,190.0,190.6,2413.3041,1
1789961400000,12.65,12.687,12.65,12.673,483.0,483.6,6128.351,1
1789961700000,12.673,12.68,12.659,12.661,65.0,65.4,828.395,1
1789962000000,12.661,12.674,12.659,12.662,77.0,77.0,975.353,1
1789962300000,12.662,12.682,12.662,12.675,66.0,66.0,836.467,1
1789962600000,12.675,12.675,12.66,12.665,63.0,63.1,799.1828,1
1789962900000,12.664,12.681,12.655,12.672,145.0,145.1,1838.0776,1
1789963200000,12.679,12.687,12.63,12.63,840.0,840.2,10624.5419,1
1789963500000,12.626,12.634,12.609,12.628,251.0,251.5,3174.6225,1
1789963800000,12.618,12.625,12.602,12.614,476.0,476.8,6015.769,1
1789964100000,12.616,12.626,12.593,12.593,383.0,383.4,4838.5884,1
1789964400000,12.593,12.609,12.586,12.593,224.0,224.4,2827.2466,1
1789964700000,12.595,12.596,12.586,12.593,236.0,236.0,2971.707,1
1789965000000,12.594,12.626,12.576,12.622,527.0,527.7,6646.9913,1
1789965300000,12.625,12.675,12.613,12.664,315.0,315.3,3985.0073,1
1789965600000,12.664,12.675,12.659,12.668,141.0,141.2,1788.5974,1
1789965900000,12.668,12.691,12.658,12.689,186.0,186.9,2368.6399,1
1789966200000,12.687,12.693,12.665,12.665,187.0,187.0,2371.1257,1
1789966500000,12.665,12.665,12.629,12.632,289.0,289.9,3665.5235,1
1789966800000,12.632,12.636,12.612,12.612,312.0,312.0,3939.933,1
1789967100000,12.609,12.609,12.562,12.569,783.0,783.3,9854.4202,1
1789967400000,12.561,12.575,12.56,12.57,403.0,403.0,5064.497,1
1789967700000,12.57,12.593,12.57,12.589,210.0,210.0,2643.271,1
1789968000000,12.585,12.609,12.579,12.604,180.0,180.9,2278.8017,1
1789968300000,12.6,12.639,12.594,12.625,304.0,304.6,3842.2184,1
1789968600000,12.619,12.652,12.597,12.652,345.0,345.0,4356.6724,1
1789968900000,12.652,12.652,12.586,12.587,417.0,417.6,5265.5724,1
1789969200000,12.586,12.586,12.56,12.568,461.0,461.0,5795.1754,1
1789969500000,12.568,12.59,12.54,12.56,625.0,625.5,7851.2717,1
1789969800000,12.572,12.581,12.56,12.563,257.0,257.5,3236.989,1
1789970100000,12.563,12.563,12.54,12.542,291.0,291.8,3661.2365,1
1789970400000,12.546,12.577,12.54,12.567,297.0,297.6,3738.6831,1
1789970700000,12.562,12.565,12.524,12.534,351.0,351.4,4407.0447,1
1789971000000,12.533,12.567,12.53,12.543,493.0,493.9,6194.5389,1
1789971300000,12.548,12.609,12.548,12.609,1641.0,1641.0,20627.2359,1
1789971600000,12.609,12.612,12.593,12.608,784.0,784.0,9880.286,1
1789971900000,12.603,12.609,12.58,12.585,290.0,290.1,3654.1673,1
1789972200000,12.583,12.599,12.576,12.576,490.0,490.6,6176.2496,1
1789972500000,12.578,12.578,12.511,12.515,860.0,860.5,10783.5829,1
1789972800000,12.514,12.514,12.478,12.478,381.0,381.1,4762.3722,1
1789973100000,12.478,12.567,12.478,12.567,762.0,762.8,9567.9853,1
1789973400000,12.568,12.568,12.532,12.536,344.0,344.3,4321.1307,1
1789973700000,12.533,12.56,12.533,12.545,337.0,337.8,4237.8696,1
1789974000000,12.534,12.56,12.532,12.559,358.0,358.0,4492.77,1
1789974300000,12.559,12.572,12.549,12.557,383.0,383.1,4811.843,1
1789974600000,12.559,12.562,12.51,12.527,390.0,390.5,4893.3215,1
1789974900000,12.527,12.541,12.511,12.524,303.0,303.0,3795.611,1
1789975200000,12.524,12.541,12.523,12.526,364.0,364.5,4569.047,1
1789975500000,12.526,12.555,12.526,12.532,365.0,365.3,4580.6663,1
1789975800000,12.532,12.532,12.482,12.489,865.0,865.9,10824.0954,1
1789976100000,12.487,12.51,12.485,12.496,537.0,537.6,6721.6378,1
1789976400000,12.502,12.502,12.48,12.484,1484.0,1484.7,18546.0912,1
1789976700000,12.481,12.51,12.48,12.509,1608.0,1608.0,20087.9895,1
1789977000000,12.5,12.526,12.498,12.525,645.0,645.0,8070.8001,1
1789977300000,12.525,12.558,12.525,12.554,265.0,265.5,3329.5204,1
1789977600000,12.554,12.589,12.554,12.582,735.0,735.1,9243.4294,1
