ts,open,high,low,close,vol,volCurrency,volCurrencyQuote,confirm
1785427800000,74.73,74.81,74.69,74.7,1026.0,1026.99,76748.2493,1
1785428100000,74.7,74.76,74.66,74.73,503.0,503.92,37655.0842,1
1785428400000,74.71,74.71,74.64,74.69,440.0,440.84,32917.8571,1
1785428700000,74.69,74.69,74.63,74.69,232.0,232.39,17348.4346,1
1785429000000,74.69,74.69,74.64,74.65,112.0,112.0,8362.02,1
1785429300000,74.65,74.66,74.56,74.56,509.0,509.44,38001.8386,1
1785429600000,74.55,74.56,74.42,74.42,341.0,341.48,25437.0539,1
1785429900000,74.42,74.5,74.42,74.47,208.0,208.36,15516.5791,1
1785430200000,74.49,74.57,74.46,74.54,673.0,673.51,50182.5967,1
1785430500000,74.54,74.59,74.54,74.54,543.0,543.09,40504.6173,1
1785430800000,74.57,74.6,74.53,74.57,194.0,194.81,14525.5302,1
1785431100000,74.57,74.6,74.49,74.5,1992.0,1992.2,148515.4969,1
1785431400000,74.5,74.55,74.39,74.44,381.0,381.46,28407.9339,1
1785431700000,74.44,74.57,74.44,74.56,875.0,875.3,65235.0119,1
1785432000000,74.56,74.6,74.54,74.58,1276.0,1276.93,95248.2415,1
1785432300000,74.56,74.59,74.52,74.53,1154.0,1154.94,86097.2315,1
1785432600000,74.53,74.57,74.47,74.48,668.0,668.22,49787.9263,1
1785432900000,74.48,74.6,74.48,74.57,1336.0,1336.48,99622.7541,1
1785433200000,74.6,74.77,74.6,74.73,798.0,798.31,59643.6088,1
1785433500000,74.74,74.83,74.72,74.77,336.0,336.0,25120.3176,1
1785433800000,74.76,74.79,74.68,74.69,368.0,368.34,27522.4786,1
1785434100000,74.69,74.75,74.66,74.73,197.0,197.53,14751.7609,1
1785434400000,74.73,74.85,74.73,74.81,294.0,294.36,22023.6793,1
1785434700000,74.81,74.94,74.79,74.8,2450.0,2450.36,183427.0043,1
1785435000000,74.8,74.8,74.71,74.75,350.0,350.1,26176.1508,1
1785435300000,74.75,74.76,74.64,74.74,1267.0,1267.22,94689.1647,1
1785435600000,74.74,74.79,74.73,74.74,264.0,264.69,19787.1452,1
1785435900000,74.74,74.75,74.7,74.7,204.0,204.85,15310.3976,1
1785436200000,74.7,74.71,74.61,74.61,95.0,95.37,7119.9367,1
1785436500000,74.61,74.64,74.53,74.54,194.0,194.29,14489.4154,1
1785436800000,74.54,74.57,74.54,74.56,79.0,79.77,5948.0355,1
1785437100000,74.56,74.58,74.51,74.51,304.0,304.85,22719.0195,1
1785437400000,74.52,74.55,74.48,74.48,621.0,621.65,46318.6175,1
1785437700000,74.48,74.5,74.45,74.5,1435.0,1435.85,106910.6158,1
1785438000000,74.49,74.6,74.49,74.6,1317.0,1317.3,98141.7576,1
1785438300000,74.6,74.69,74.59,74.68,672.0,672.23,50192.0924,1
1785438600000,74.68,74.72,74.68,74.7,154.0,154.94,11573.2633,1
1785438900000,74.7,74.7,74.63,74.64,2115.0,2115.8,157936.2671,1
1785439200000,74.66,74.68,74.61,74.64,365.0,365.71,27298.3899,1
1785439500000,74.64,74.71,74.64,74.65,355.0,355.41,26537.6923,1
1785439800000,74.65,74.65,74.59,74.61,288.0,288.4,21519.6418,1
1785440100000,74.61,74.63,74.58,74.6,70.0,70.15,5232.91,1
1785440400000,74.6,74.6,74.55,74.6,76.0,76.79,5726.7655,1
1785440700000,74.6,74.62,74.51,74.55,313.0,313.83,23394.1246,1
1785441000000,74.56,74.62,74.52,74.58,1600.0,1600.85,119408.323,1
1785441300000,74.58,74.79,74.53,74.75,443.0,443.13,33072.6586,1
1785441600000,74.72,74.89,74.7,74.79,693.0,693.42,51878.1705,1
1785441900000,74.79,74.8,74.66,74.66,278.0,278.41,20803.9225,1
1785442200000,74.66,74.67,74.63,74.64,412.0,412.33,30783.2648,1
1785442500000,74.64,74.64,74.57,74.6,240.0,240.1,17909.951,1
1785442800000,74.6,74.65,74.6,74.63,896.0,896.34,66889.5125,1
1785443100000,74.63,74.63,74.56,74.56,163.0,163.13,12166.3017,1
1785443400000,74.56,74.6,74.44,74.52,1752.0,1752.65,130528.5326,1
1785443700000,74.52,74.52,74.47,74.49,3751.0,3751.57,279406.3555,1
1785444000000,74.49,74.57,74.49,74.52,341.0,341.6,25462.7141,1
1785444300000,74.53,74.55,74.48,74.54,224.0,224.96,16761.8522,1
1785444600000,74.54,74.54,74.47,74.47,36.0,36.0,2681.16,1
1785444900000,74.47,74.48,74.42,74.44,321.0,321.84,23957.0489,1
1785445200000,74.44,74.53,74.44,74.49,136.0,136.09,10136.7731,1
1785445500000,74.49,74.56,74.45,74.56,162.0,162.71,12117.405,1
1785445800000,74.56,74.56,74.43,74.49,111.0,111.63,8317.2939,1
1785446100000,74.49,74.55,74.49,74.52,150.0,150.75,11236.2651,1
1785446400000,74.52,74.52,74.45,74.45,83.0,83.83,6244.7859,1
1785446700000,74.45,74.47,74.4,74.42,763.0,763.34,56805.7673,1
1785447000000,74.42,74.45,74.42,74.43,457.0,457.73,34068.6645,1
1785447300000,74.43,74.5,74.43,74.5,1254.0,1254.64,93435.262,1
1785447600000,74.51,74.53,74.45,74.46,1104.0,1104.8,82288.9146,1
1785447900000,74.46,74.48,74.44,74.44,42.0,42.46,3161.133,1
1785448200000,74.44,74.44,74.41,74.41,168.0,168.27,12524.0161,1
1785448500000,74.41,74.53,74.41,74.48,101.0,101.7,7573.5248,1
1785448800000,74.43,74.62,74.39,74.6,727.0,727.39,54203.5,1
1785449100000,74.61,74.75,74.58,74.7,2102.0,2102.88,157089.2992,1
1785449400000,74.69,74.72,74.6,74.68,2480.0,2480.18,185118.9247,1
1785449700000,74.68,74.73,74.65,74.65,2086.0,2086.95,155937.0963,1
1785450000000,74.69,74.74,74.65,74.72,397.0,397.55,29684.1045,1
1785450300000,74.74,74.84,74.74,74.81,1433.0,1433.05,107190.7808,1
1785450600000,74.82,74.85,74.73,74.78,1635.0,1635.92,122405.9367,1
1785450900000,74.78,74.8,74.76,74.76,80.0,80.0,5982.94,1
1785451200000,74.76,74.81,74.72,74.81,1537.0,1537.73,114935.0439,1
1785451500000,74.82,74.82,74.77,74.81,405.0,405.71,30348.352,1
1785451800000,74.8,74.8,74.74,74.74,1056.0,1056.12,78935.539,1
1785452100000,74.76,74.76,74.71,74.72,273.0,273.51,20441.4979,1
1785452400000,74.72,74.72,74.65,74.66,420.0,420.78,31427.4105,1
1785452700000,74.66,74.74,74.66,74.69,370.0,370.36,27674.7765,1
1785453000000,74.69,74.74,74.65,74.74,434.0,434.63,32461.909,1
1785453300000,74.74,74.74,74.69,74.69,669.0,669.71,50029.9127,1
1785453600000,74.67,74.68,74.64,74.68,253.0,253.93,18956.8357,1
1785453900000,74.68,74.7,74.63,74.64,63.0,63.56,4744.9178,1
1785454200000,74.63,74.89,74.63,74.89,409.0,409.9,30643.0891,1
1785454500000,74.89,74.92,74.85,74.87,1356.0,1356.19,101584.809,1
1785454800000,74.91,74.93,74.66,74.66,326.0,326.09,24374.7384,1
1785455100000,74.69,74.69,74.54,74.64,1759.0,1759.74,131319.4149,1
1785455400000,74.64,74.64,74.42,74.47,1436.0,1436.46,107026.1575,1
1785455700000,74.5,74.51,74.48,74.49,610.0,610.21,45464.4583,1
1785456000000,74.47,74.59,74.47,74.57,1077.0,1077.44,80282.3688,1
1785456300000,74.56,74.6,74.5,74.5,232.0,232.41,17326.0332,1
1785456600000,74.5,74.58,74.48,74.57,235.0,235.05,17519.2359,1
1785456900000,74.57,74.57,74.48,74.48,112.0,112.0,8346.7,1
1785457200000,74.48,74.55,74.48,74.52,184.0,184.48,13745.604,1
1785457500000,74.52,74.53,74.48,74.51,54.0,54.88,4088.829,1
1785457800000,74.54,74.59,74.43,74.49,171.0,171.44,12774.2504,1
1785458100000,74.48,74.52,74.44,74.47,129.0,129.27,9626.906,1
1785458400000,74.47,74.49,74.42,74.49,2970.0,2970.85,221165.5456,1
1785458700000,74.49,74.51,74.43,74.45,515.0,515.03,38364.345,1
1785459000000,74.44,74.47,74.4,74.41,1008.0,1008.98,75090.5227,1
1785459300000,74.41,74.46,74.41,74.46,257.0,257.81,19186.0343,1
1785459600000,74.46,74.72,74.46,74.71,2512.0,2512.68,187562.2942,1
1785459900000,74.7,75.08,74.7,75.02,5685.0,5685.43,426169.9133,1
1785460200000,75.04,75.29,74.94,75.18,6222.0,6222.25,467449.3406,1
1785460500000,75.16,75.17,74.95,74.95,1704.0,1704.49,127875.0365,1
1785460800000,74.95,74.99,74.87,74.98,339.0,339.3,25420.8958,1
1785461100000,74.98,75.1,74.98,75.08,1678.0,1678.94,126014.8294,1
1785461400000,75.08,75.08,74.93,74.96,558.0,558.36,41858.7139,1
1785461700000,74.96,74.96,74.75,74.82,2397.0,2397.98,179400.519,1
1785462000000,74.83,74.88,74.7,74.72,315.0,315.23,23575.2804,1
1785462300000,74.72,74.76,74.47,74.51,3080.0,3080.22,229600.606,1
1785462600000,74.51,74.51,74.32,74.32,3568.0,3568.11,265523.9264,1
1785462900000,74.32,74.41,74.25,74.37,2281.0,2281.21,169487.1502,1
1785463200000,74.35,74.4,74.3,74.32,610.0,610.58,45397.9726,1
1785463500000,74.33,74.52,74.33,74.52,2293.0,2293.44,170823.9607,1
1785463800000,74.52,74.53,74.3,74.3,1045.0,1045.02,77728.9953,1
1785464100000,74.3,74.32,74.17,74.2,2564.0,2564.38,190321.505,1
1785464400000,74.19,74.24,74.17,74.17,555.0,555.34,41202.2801,1
1785464700000,74.17,74.24,74.16,74.16,510.0,510.92,37921.2608,1
1785465000000,74.16,74.26,74.11,74.22,359.0,359.32,26657.2743,1
1785465300000,74.22,74.23,74.1,74.11,837.0,837.46,62113.3592,1
1785465600000,74.11,74.13,74.04,74.06,775.0,775.17,57420.757,1
1785465900000,74.06,74.18,74.04,74.1,561.0,561.88,41635.4662,1
1785466200000,74.1,74.19,74.08,74.16,718.0,718.96,53321.4855,1
1785466500000,74.14,74.14,74.09,74.11,238.0,238.01,17637.9839,1
1785466800000,74.11,74.11,73.95,74.03,1593.0,1593.83,117979.6218,1
1785467100000,74.03,74.03,73.94,73.99,446.0,446.05,32998.8154,1
1785467400000,73.96,73.97,73.84,73.96,1608.0,1608.65,118891.2121,1
1785467700000,73.96,74.14,73.92,74.14,484.0,484.47,35883.7507,1
1785468000000,74.15,74.23,74.15,74.23,813.0,813.1,60316.6024,1
1785468300000,74.23,74.28,74.18,74.18,309.0,309.49,22974.6864,1
1785468600000,74.18,74.22,74.11,74.13,997.0,997.01,73905.6746,1
1785468900000,74.13,74.15,74.06,74.08,534.0,534.58,39609.4401,1
1785469200000,74.08,74.15,74.06,74.14,161.0,161.92,11997.06,1
1785469500000,74.14,74.15,74.09,74.12,145.0,145.19,10759.7899,1
1785469800000,74.12,74.24,74.1,74.23,614.0,614.1,45572.9328,1
1785470100000,74.22,74.22,74.11,74.12,169.0,169.48,12573.5303,1
1785470400000,74.11,74.11,74.05,74.08,1426.0,1426.74,105719.9504,1
1785470700000,74.08,74.1,74.02,74.09,695.0,695.6,51500.79,1
1785471000000,74.07,74.07,73.97,73.97,630.0,630.83,46683.9775,1
1785471300000,73.97,73.98,73.84,73.88,1542.0,1542.1,113919.7041,1
1785471600000,73.89,73.89,73.7,73.72,1254.0,1254.3,92523.2425,1
1785471900000,73.72,73.85,73.72,73.81,175.0,175.6,12957.6436,1
1785472200000,73.81,73.83,73.75,73.79,381.0,381.18,28118.4588,1
1785472500000,73.79,73.81,73.73,73.75,202.0,202.25,14917.9181,1
1785472800000,73.75,73.75,73.7,73.74,405.0,405.47,29888.5291,1
1785473100000,73.78,73.81,73.72,73.72,167.0,167.46,12351.8932,1
1785473400000,73.72,73.74,73.71,73.73,65.0,65.41,4822.6958,1
1785473700000,73.73,73.82,73.73,73.81,940.0,940.92,69405.1744,1
1785474000000,73.81,74.03,73.79,74.0,474.0,474.26,35059.7805,1
1785474300000,74.0,74.06,74.0,74.01,150.0,150.68,11155.0407,1
1785474600000,74.01,74.06,74.01,74.05,82.0,82.1,6079.6834,1
1785474900000,74.05,74.1,74.05,74.08,281.0,281.13,20829.8527,1
1785475200000,74.08,74.28,74.08,74.25,1333.0,1333.71,98975.5634,1
1785475500000,74.25,74.25,74.12,74.13,179.0,179.05,13277.7892,1
1785475800000,74.13,74.21,74.11,74.12,172.0,172.79,12814.1702,1
1785476100000,74.12,74.15,74.09,74.13,1111.0,1111.52,82373.242,1
1785476400000,74.13,74.16,74.04,74.05,247.0,247.73,18353.6827,1
1785476700000,74.05,74.07,74.04,74.07,202.0,202.67,15007.6498,1
1785477000000,74.05,74.16,74.05,74.16,303.0,303.71,22505.5711,1
1785477300000,74.16,74.2,74.13,74.19,1009.0,1009.74,74882.0848,1
1785477600000,74.19,74.22,74.16,74.19,199.0,199.44,14799.2293,1
1785477900000,74.19,74.37,74.19,74.37,1171.0,1171.66,87085.6174,1
1785478200000,74.37,74.38,74.31,74.31,494.0,494.05,36736.9719,1
1785478500000,74.31,74.37,74.25,74.37,1251.0,1251.44,92981.5104,1
1785478800000,74.37,74.37,74.28,74.28,114.0,114.64,8519.3376,1
1785479100000,74.3,74.42,74.3,74.42,621.0,621.72,46202.4926,1
1785479400000,74.4,74.51,74.35,74.36,1965.0,1965.27,146291.9972,1
1785479700000,74.35,74.35,74.23,74.26,766.0,766.16,56913.9871,1
1785480000000,74.26,74.26,74.11,74.11,817.0,817.93,60699.3486,1
1785480300000,74.1,74.1,73.98,74.08,325.0,325.88,24119.4615,1
1785480600000,74.1,74.17,74.07,74.11,165.0,165.64,12279.0025,1
1785480900000,74.11,74.14,74.06,74.07,60.0,60.5,4483.625,1
1785481200000,74.05,74.05,73.83,73.86,3350.0,3350.2,247681.3925,1
1785481500000,73.86,73.86,73.63,73.85,1996.0,1996.89,147261.1725,1
1785481800000,73.85,73.86,73.72,73.75,763.0,763.52,56328.6686,1
1785482100000,73.73,73.81,73.67,73.79,493.0,493.71,36394.6977,1
1785482400000,73.79,73.79,73.54,73.57,1277.0,1277.56,94013.739,1
1785482700000,73.57,73.58,73.5,73.5,861.0,861.7,63370.0068,1
1785483000000,73.5,73.68,73.48,73.62,614.0,614.91,45266.9202,1
1785483300000,73.62,73.68,73.6,73.63,374.0,374.91,27603.0533,1
1785483600000,73.63,73.63,73.57,73.63,101.0,101.28,7455.122,1
1785483900000,73.63,73.7,73.63,73.69,480.0,480.72,35408.1937,1
1785484200000,73.69,73.73,73.66,73.66,992.0,992.72,73179.1547,1
1785484500000,73.66,73.66,73.64,73.65,853.0,853.94,62894.3061,1
1785484800000,73.63,73.71,73.59,73.67,957.0,957.12,70493.599,1
1785485100000,73.67,73.69,73.57,73.58,300.0,300.44,22115.228,1
1785485400000,73.59,73.74,73.59,73.71,760.0,760.38,56044.8532,1
1785485700000,73.71,73.75,73.64,73.66,247.0,247.23,18217.9658,1
1785486000000,73.66,73.68,73.58,73.6,676.0,676.82,49824.9547,1
1785486300000,73.6,73.73,73.6,73.7,127.0,127.97,9429.5835,1
1785486600000,73.66,73.7,73.64,73.7,256.0,256.28,18879.7893,1
1785486900000,73.7,73.7,73.52,73.52,120.0,120.78,8890.2396,1
1785487200000,73.52,73.62,73.49,73.61,111.0,111.01,8167.2546,1
1785487500000,73.61,73.75,73.61,73.73,152.0,152.85,11263.2337,1
1785487800000,73.73,73.73,73.63,73.63,420.0,420.24,30972.7759,1
1785488100000,73.59,73.66,73.57,73.63,825.0,825.99,60813.5891,1
1785488400000,73.65,73.67,73.62,73.62,247.0,247.42,18219.6497,1
1785488700000,73.62,73.64,73.59,73.63,1234.0,1234.61,90871.725,1
1785489000000,73.64,73.66,73.61,73.63,86.0,86.31,6355.5551,1
1785489300000,73.63,73.63,73.51,73.51,561.0,561.37,41309.1999,1
1785489600000,73.53,73.54,73.42,73.49,784.0,784.24,57628.7085,1
1785489900000,73.49,73.51,73.41,73.43,268.0,268.31,19711.5617,1
1785490200000,73.43,73.49,73.37,73.44,2655.0,2655.01,194926.0431,1
1785490500000,73.44,73.49,73.4,73.44,472.0,472.05,34666.9052,1
1785490800000,73.47,73.51,73.46,73.47,740.0,740.9,54437.007,1
1785491100000,73.47,73.5,73.41,73.5,518.0,518.88,38116.2607,1
1785491400000,73.49,73.54,73.48,73.48,196.0,196.06,14411.0943,1
1785491700000,73.48,73.48,73.42,73.43,424.0,424.43,31171.5654,1
1785492000000,73.43,73.5,73.39,73.4,285.0,285.19,20945.4554,1
1785492300000,73.4,73.5,73.27,73.5,2619.0,2619.1,192270.8596,1
1785492600000,73.5,73.52,73.45,73.51,235.0,235.48,17304.8045,1
1785492900000,73.51,73.53,73.46,73.52,227.0,227.54,16720.8246,1
1785493200000,73.52,73.6,73.52,73.58,311.0,311.15,22887.9584,1
1785493500000,73.58,73.62,73.55,73.58,736.0,736.9,54223.4517,1
1785493800000,73.58,73.62,73.54,73.56,1180.0,1180.7,86876.2143,1
1785494100000,73.56,73.58,73.51,73.51,471.0,471.09,34636.0063,1
1785494400000,73.51,73.59,73.5,73.56,991.0,991.04,72853.5061,1
1785494700000,73.57,73.59,73.47,73.47,464.0,464.31,34127.5741,1
1785495000000,73.49,73.58,73.49,73.57,271.0,271.31,19957.5933,1
1785495300000,73.57,73.59,73.51,73.51,942.0,942.14,69288.3319,1
1785495600000,73.55,73.65,73.53,73.65,1198.0,1198.06,88180.1254,1
1785495900000,73.67,73.67,73.56,73.58,419.0,419.89,30909.976,1
1785496200000,73.58,73.58,73.52,73.54,94.0,94.16,6925.3751,1
1785496500000,73.54,73.57,73.47,73.57,107.0,107.35,7892.6954,1
1785496800000,73.57,73.65,73.57,73.65,647.0,647.59,47664.8183,1
1785497100000,73.65,73.65,73.57,73.57,232.0,232.09,17084.8986,1
1785497400000,73.57,73.57,73.49,73.49,13.0,13.89,1021.123,1
1785497700000,73.49,73.51,73.45,73.47,293.0,293.65,21579.523,1
1785498000000,73.47,73.51,73.46,73.46,233.0,233.35,17147.3368,1
1785498300000,73.46,73.48,73.44,73.45,392.0,392.45,28824.1925,1
1785498600000,73.45,73.53,73.45,73.53,349.0,349.75,25704.545,1
1785498900000,73.5,73.53,73.49,73.53,227.0,227.45,16718.9995,1
1785499200000,73.53,73.53,73.46,73.46,42.0,42.01,3087.555,1
1785499500000,73.46,73.46,73.4,73.41,189.0,189.37,13907.2887,1
1785499800000,73.41,73.46,73.37,73.44,258.0,258.76,18997.8683,1
1785500100000,73.44,73.47,73.41,73.43,139.0,139.38,10237.5516,1
1785500400000,73.46,73.53,73.44,73.52,574.0,574.83,42251.1274,1
1785500700000,73.53,73.61,73.53,73.58,688.0,688.28,50636.3264,1
1785501000000,73.51,73.55,73.4,73.44,499.0,499.37,36691.722,1
1785501300000,73.44,73.49,73.4,73.44,929.0,929.97,68314.1478,1
1785501600000,73.44,73.49,73.43,73.45,118.0,118.03,8671.3248,1
1785501900000,73.45,73.48,73.43,73.47,192.0,192.86,14164.9777,1
1785502200000,73.47,73.54,73.46,73.53,445.0,445.78,32774.4593,1
1785502500000,73.53,73.57,73.53,73.57,275.0,275.85,20290.4719,1
1785502800000,73.58,73.68,73.58,73.65,474.0,474.11,34907.4601,1
1785503100000,73.65,73.7,73.64,73.64,291.0,291.26,21454.2096,1
1785503400000,73.65,73.69,73.6,73.64,224.0,224.79,16549.3441,1
1785503700000,73.68,73.75,73.68,73.73,333.0,333.05,24556.9521,1
1785504000000,73.72,73.77,73.66,73.76,405.0,405.54,29906.01,1
1785504300000,73.76,73.78,73.75,73.77,839.0,839.12,61900.2093,1
1785504600000,73.76,73.76,73.51,73.69,2720.0,2720.28,200181.5752,1
1785504900000,73.69,73.73,73.5,73.54,1046.0,1046.26,77046.4365,1
1785505200000,73.56,73.57,73.35,73.35,1815.0,1815.25,133270.3621,1
1785505500000,73.35,73.44,73.15,73.32,3578.0,3578.03,262192.2118,1
1785505800000,73.32,73.32,73.13,73.18,7005.0,7005.33,512987.8027,1
1785506100000,73.18,73.3,73.15,73.25,3804.0,3804.32,278649.3291,1
1785506400000,73.26,73.3,73.07,73.11,2183.0,2183.98,159865.3138,1
1785506700000,73.06,73.16,72.8,72.97,6527.0,6527.85,476216.3435,1
1785507000000,72.95,73.47,72.77,73.45,13799.0,13799.33,1012246.9728,1
1785507300000,73.45,73.62,73.41,73.62,3761.0,3761.18,276621.9018,1
1785507600000,73.6,73.67,73.45,73.51,2370.0,2370.31,174472.0957,1
1785507900000,73.5,73.55,73.23,73.27,2066.0,2066.94,151561.9441,1
1785508200000,73.3,73.32,73.19,73.29,885.0,885.16,64842.4639,1
1785508500000,73.26,73.32,73.0,73.04,1224.0,1224.13,89574.0176,1
1785508800000,73.04,73.07,72.88,72.95,3279.0,3279.76,239214.8073,1
1785509100000,72.94,73.11,72.91,73.09,514.0,514.87,37598.2906,1
1785509400000,73.09,73.15,72.82,72.83,1018.0,1018.15,74283.4334,1
1785509700000,72.86,73.03,72.81,73.0,706.0,706.51,51518.6412,1
1785510000000,73.0,73.03,72.89,73.02,1086.0,1086.73,79272.5621,1
1785510300000,73.02,73.05,72.96,72.97,348.0,348.39,25434.8991,1
1785510600000,72.96,72.98,72.86,72.95,219.0,219.47,16000.1697,1
1785510900000,72.97,73.07,72.85,72.91,553.0,553.06,40350.7704,1
1785511200000,72.92,72.95,72.86,72.89,191.0,191.37,13951.5915,1
1785511500000,72.88,72.94,72.85,72.94,762.0,762.09,55555.1381,1
1785511800000,72.94,72.96,72.86,72.96,529.0,529.75,38634.0924,1
1785512100000,72.97,73.19,72.91,73.13,3488.0,3488.95,255179.2856,1
1785512400000,73.11,73.11,72.98,73.01,369.0,369.53,26984.7513,1
1785512700000,73.01,73.06,72.9,73.0,798.0,798.37,58254.7878,1
1785513000000,73.01,73.09,73.01,73.09,201.0,201.39,14714.2797,1
1785513300000,73.09,73.12,73.05,73.06,786.0,786.61,57501.3033,1
1785513600000,73.06,73.17,73.04,73.15,254.0,254.22,18587.1557,1
1785513900000,73.15,73.26,73.14,73.19,341.0,341.81,25018.2813,1
1785514200000,73.19,73.25,73.13,73.13,532.0,532.71,38972.4418,1
1785514500000,73.13,73.13,72.95,73.1,853.0,853.03,62298.7877,1
1785514800000,73.1,73.17,73.09,73.16,230.0,230.19,16834.2716,1
1785515100000,73.17,73.19,73.12,73.18,182.0,182.51,13352.9747,1
1785515400000,73.17,73.18,73.14,73.18,1078.0,1078.78,78929.0598,1
1785515700000,73.18,73.18,73.06,73.08,335.0,335.72,24547.6247,1
1785516000000,73.08,73.16,73.03,73.1,833.0,833.89,60924.9397,1
1785516300000,73.1,73.15,73.1,73.15,349.0,349.39,25549.383,1
1785516600000,73.15,73.3,73.15,73.27,2920.0,2920.84,213789.5137,1
1785516900000,73.29,73.32,73.27,73.3,347.0,347.75,25488.6394,1
1785517200000,73.3,73.32,73.16,73.22,1044.0,1044.47,76439.3826,1
1785517500000,73.22,73.22,73.16,73.21,123.0,123.39,9030.5792,1
1785517800000,73.22,73.31,73.22,73.28,123.0,123.26,9033.2936,1
1785518100000,73.28,73.34,73.22,73.31,326.0,326.81,23953.5317,1
1785518400000,73.32,73.33,73.23,73.32,164.0,164.3,12041.2306,1
1785518700000,73.28,73.3,73.22,73.3,597.0,597.42,43775.1525,1
1785519000000,73.29,73.39,73.25,73.36,540.0,540.86,39671.5838,1
1785519300000,73.38,73.41,73.31,73.31,919.0,919.25,67443.1259,1
1785519600000,73.31,73.31,73.28,73.28,119.0,119.15,8732.5851,1
1785519900000,73.31,73.36,73.3,73.34,337.0,337.94,24786.1442,1
1785520200000,73.34,73.42,73.34,73.37,2112.0,2112.04,154967.7085,1
1785520500000,73.37,73.4,73.34,73.34,80.0,80.3,5891.4995,1
1785520800000,73.34,73.45,73.34,73.39,600.0,600.31,44061.261,1
1785521100000,73.38,73.38,73.32,73.33,1057.0,1057.44,77547.1267,1
1785521400000,73.34,73.34,73.25,73.26,146.0,146.33,10721.5436,1
1785521700000,73.26,73.31,73.22,73.29,253.0,253.13,18538.6905,1
1785522000000,73.29,73.4,73.29,73.33,249.0,249.91,18328.8866,1
1785522300000,73.33,73.33,73.18,73.18,2003.0,2003.63,146719.219,1
1785522600000,73.19,73.19,73.14,73.14,313.0,313.95,22968.3958,1
1785522900000,73.14,73.19,72.92,72.92,578.0,578.79,42280.5402,1
1785523200000,72.93,73.05,72.92,73.05,392.0,392.09,28609.1419,1
1785523500000,73.05,73.07,73.03,73.07,794.0,794.3,58021.8783,1
1785523800000,73.08,73.18,73.08,73.13,977.0,977.99,71539.9839,1
1785524100000,73.12,73.12,73.07,73.07,867.0,867.06,63391.5637,1
1785524400000,73.09,73.16,73.04,73.04,145.0,145.75,10655.77,1
1785524700000,73.05,73.08,73.02,73.08,245.0,245.17,17914.2096,1
1785525000000,73.08,73.08,73.02,73.05,115.0,115.79,8456.7006,1
1785525300000,73.05,73.06,72.99,72.99,273.0,273.92,20000.2999,1
1785525600000,72.98,72.99,72.94,72.94,388.0,388.41,28336.3636,1
1785525900000,72.94,72.98,72.9,72.97,539.0,539.72,39355.4358,1
1785526200000,72.98,72.98,72.9,72.93,314.0,314.86,22959.8914,1
1785526500000,72.95,72.99,72.94,72.99,171.0,171.24,12495.5911,1
1785526800000,72.99,73.05,72.96,73.05,120.0,120.72,8812.0828,1
1785527100000,73.04,73.17,73.04,73.17,150.0,150.94,11032.4657,1
1785527400000,73.17,73.17,73.13,73.15,279.0,279.13,20418.1268,1
1785527700000,73.14,73.24,73.03,73.03,238.0,238.72,17463.3792,1
1785528000000,73.06,73.11,73.05,73.1,856.0,856.77,62598.3607,1
1785528300000,73.1,73.13,73.05,73.13,378.0,378.64,27681.5303,1
1785528600000,73.13,73.18,73.06,73.08,265.0,265.61,19422.4785,1
1785528900000,73.08,73.13,73.06,73.11,274.0,274.3,20054.455,1
1785529200000,73.11,73.14,73.09,73.09,215.0,215.73,15773.5806,1
1785529500000,73.08,73.08,73.06,73.08,23.0,23.88,1744.9512,1
1785529800000,73.08,73.08,72.98,72.98,119.0,119.65,8738.0715,1
1785530100000,72.97,73.05,72.93,72.99,132.0,132.68,9685.2674,1
1785530400000,72.99,73.03,72.96,72.98,815.0,815.07,59477.4946,1
1785530700000,72.98,73.0,72.93,72.93,88.0,88.63,6465.3033,1
1785531000000,72.93,73.01,72.92,72.94,1655.0,1655.44,120793.7771,1
1785531300000,72.95,72.99,72.92,72.94,211.0,211.08,15399.4246,1
1785531600000,72.94,72.95,72.84,72.95,1359.0,1359.5,99080.7614,1
1785531900000,72.95,73.01,72.95,73.01,1583.0,1583.13,115562.8469,1
1785532200000,73.0,73.03,72.95,73.02,258.0,258.81,18891.7587,1
1785532500000,73.03,73.05,73.0,73.05,160.0,160.54,11725.0895,1
1785532800000,73.05,73.07,73.03,73.03,1376.0,1376.54,100569.8586,1
1785533100000,73.01,73.02,72.96,73.0,28.0,28.46,2077.3827,1
1785533400000,73.0,73.0,72.92,72.99,584.0,584.75,42652.8377,1
1785533700000,73.0,73.02,72.96,73.02,309.0,309.97,22622.6236,1
1785534000000,73.02,73.02,72.98,73.01,244.0,244.98,17879.4715,1
1785534300000,73.01,73.05,73.01,73.05,465.0,465.41,33991.2611,1
1785534600000,73.03,73.04,72.93,72.93,145.0,145.84,10642.5541,1
1785534900000,72.93,72.94,72.52,72.68,7971.0,7971.01,579152.4827,1
1785535200000,72.66,72.76,72.63,72.73,911.0,911.73,66262.2633,1
1785535500000,72.73,72.83,72.73,72.83,678.0,678.35,49394.6104,1
1785535800000,72.81,72.87,72.79,72.79,706.0,706.18,51424.9732,1
1785536100000,72.79,72.83,72.79,72.82,154.0,154.28,11232.5929,1
1785536400000,72.82,72.84,72.81,72.81,212.0,212.11,15445.9183,1
1785536700000,72.81,72.83,72.8,72.83,848.0,848.78,61814.6362,1
1785537000000,72.83,72.9,72.83,72.88,805.0,805.04,58680.7905,1
1785537300000,72.89,72.89,72.81,72.87,586.0,586.0,42677.7484,1
1785537600000,72.87,72.91,72.87,72.9,801.0,801.25,58412.9094,1
1785537900000,72.9,72.9,72.87,72.87,79.0,79.68,5807.5546,1
1785538200000,72.87,72.87,72.84,72.85,1100.0,1100.75,80189.3583,1
1785538500000,72.85,72.89,72.82,72.83,414.0,414.34,30197.9281,1
1785538800000,72.83,72.9,72.82,72.9,138.0,138.8,10111.9635,1
1785539100000,72.9,72.91,72.88,72.91,193.0,193.27,14086.4203,1
1785539400000,72.91,72.91,72.88,72.88,56.0,56.06,4086.2584,1
1785539700000,72.88,72.92,72.87,72.9,179.0,179.99,13123.5008,1
1785540000000,72.9,72.91,72.87,72.87,256.0,256.49,18693.6863,1
1785540300000,72.87,72.87,72.85,72.85,62.0,62.49,4552.4765,1
1785540600000,72.85,72.88,72.85,72.87,180.0,180.31,13138.7142,1
1785540900000,72.86,72.88,72.84,72.85,142.0,142.77,10400.9032,1
1785541200000,72.85,72.85,72.81,72.84,508.0,508.15,36999.5432,1
1785541500000,72.84,72.84,72.8,72.8,23.0,23.04,1677.6736,1
1785541800000,72.8,72.87,72.76,72.8,149.0,149.69,10900.913,1
1785542100000,72.8,72.83,72.8,72.83,101.0,101.95,7424.9523,1
1785542400000,72.83,72.93,72.83,72.91,704.0,704.17,51339.9368,1
1785542700000,72.91,72.95,72.89,72.93,75.0,75.86,5530.6862,1
1785543000000,72.93,72.94,72.92,72.94,527.0,527.54,38475.9633,1
1785543300000,72.94,72.95,72.89,72.95,57.0,57.35,4182.5278,1
1785543600000,72.95,72.96,72.92,72.93,16.0,16.44,1198.9797,1
1785543900000,72.93,73.0,72.93,72.97,202.0,202.2,14754.7875,1
1785544200000,72.97,72.97,72.93,72.93,47.0,47.44,3460.6403,1
1785544500000,72.93,72.95,72.92,72.94,395.0,395.22,28824.452,1
1785544800000,72.95,73.02,72.94,73.01,103.0,103.86,7578.3527,1
1785545100000,73.02,73.1,73.02,73.1,249.0,249.34,18215.721,1
1785545400000,73.09,73.11,73.0,73.02,174.0,174.87,12776.055,1
1785545700000,73.02,73.02,72.93,72.96,318.0,318.27,23221.2885,1
1785546000000,72.96,73.05,72.96,73.04,207.0,207.66,15167.3938,1
1785546300000,73.04,73.05,73.02,73.03,53.0,53.14,3881.562,1
1785546600000,73.03,73.07,72.99,73.07,1056.0,1056.74,77193.7217,1
1785546900000,73.07,73.1,73.03,73.03,59.0,59.08,4316.6135,1
1785547200000,73.03,73.1,73.03,73.08,67.0,67.4,4925.4126,1
1785547500000,73.08,73.08,73.01,73.05,290.0,290.32,21204.7219,1
1785547800000,73.05,73.06,73.04,73.04,43.0,43.43,3172.4192,1
1785548100000,73.04,73.06,73.01,73.06,56.0,56.63,4136.8173,1
1785548400000,73.06,73.06,73.03,73.04,66.0,66.66,4869.5264,1
1785548700000,73.04,73.04,73.01,73.01,175.0,175.0,12776.84,1
1785549000000,73.01,73.03,72.95,73.02,113.0,113.94,8317.4048,1
1785549300000,73.02,73.02,72.98,72.99,276.0,276.33,20175.2471,1
1785549600000,73.01,73.05,73.01,73.05,127.0,127.93,9344.4163,1
1785549900000,73.04,73.04,72.99,73.01,105.0,105.82,7727.0646,1
1785550200000,73.03,73.1,73.01,73.03,493.0,493.71,36082.9319,1
1785550500000,73.03,73.05,73.03,73.05,360.0,360.56,26337.4381,1
1785550800000,73.05,73.11,73.05,73.11,58.0,58.74,4293.4832,1
1785551100000,73.1,73.13,73.1,73.12,93.0,93.01,6800.2171,1
1785551400000,73.12,73.13,73.1,73.1,447.0,447.14,32686.848,1
1785551700000,73.1,73.1,73.05,73.05,40.0,40.91,2989.5687,1
1785552000000,73.05,73.05,73.0,73.0,154.0,154.3,11264.02,1
1785552300000,73.01,73.05,72.97,73.01,204.0,204.17,14909.1458,1
1785552600000,73.02,73.05,73.02,73.04,250.0,250.28,18282.604,1
1785552900000,73.04,73.07,73.04,73.05,64.0,64.29,4696.7566,1
1785553200000,73.05,73.06,73.05,73.05,397.0,397.0,29004.68,1
1785553500000,73.03,73.06,73.01,73.06,518.0,518.28,37840.2665,1
1785553800000,73.06,73.06,72.94,72.95,174.0,174.95,12765.1397,1
1785554100000,72.95,72.95,72.93,72.95,50.0,50.82,3706.4722,1
1785554400000,72.95,72.97,72.89,72.97,155.0,155.98,11373.7512,1
1785554700000,72.97,72.97,72.89,72.9,597.0,597.14,43526.0954,1
1785555000000,72.9,72.91,72.85,72.85,585.0,585.14,42652.1101,1
1785555300000,72.85,72.92,72.85,72.89,61.0,61.05,4450.0234,1
1785555600000,72.9,72.9,72.88,72.9,44.0,44.0,3207.38,1
1785555900000,72.9,72.95,72.88,72.9,103.0,103.12,7518.8056,1
1785556200000,72.9,72.97,72.9,72.97,21.0,21.1,1538.7987,1
1785556500000,72.97,73.02,72.97,73.02,26.0,26.42,1928.5488,1
1785556800000,73.02,73.07,73.02,73.05,34.0,34.43,2515.0342,1
1785557100000,73.05,73.05,73.01,73.04,378.0,378.88,27670.4048,1
1785557400000,73.04,73.08,73.03,73.08,140.0,140.74,10284.9366,1
1785557700000,73.08,73.08,73.04,73.08,144.0,144.3,10541.1702,1
1785558000000,73.08,73.1,73.05,73.08,5162.0,5162.68,377288.3535,1
1785558300000,73.08,73.09,73.07,73.09,244.0,244.18,17844.7244,1
1785558600000,73.07,73.1,73.06,73.06,218.0,218.79,15988.6608,1
1785558900000,73.06,73.06,73.05,73.05,24.0,24.0,1753.2,1
1785559200000,73.05,73.1,73.05,73.1,120.0,120.0,8771.47,1
1785559500000,73.1,73.12,73.1,73.12,88.0,88.66,6482.0215,1
1785559800000,73.12,73.17,73.12,73.17,192.0,192.1,14051.8265,1
1785560100000,73.17,73.17,73.12,73.13,59.0,59.36,4341.0016,1
1785560400000,73.13,73.15,73.13,73.13,91.0,91.96,6725.89,1
1785560700000,73.13,73.15,73.13,73.14,49.0,49.38,3611.7832,1
1785561000000,73.14,73.16,73.14,73.16,86.0,86.45,6324.4293,1
1785561300000,73.16,73.16,73.08,73.08,36.0,36.05,2635.2542,1
1785561600000,73.08,73.08,73.03,73.03,16.0,16.32,1192.0513,1
1785561900000,73.05,73.06,73.0,73.03,156.0,156.73,11449.352,1
1785562200000,73.01,73.07,73.01,73.04,61.0,61.85,4517.3153,1
1785562500000,73.04,73.04,72.92,72.92,475.0,475.77,34709.0766,1
1785562800000,72.92,72.92,72.9,72.92,76.0,76.17,5553.7028,1
1785563100000,72.91,72.91,72.87,72.88,888.0,888.2,64739.1258,1
1785563400000,72.88,72.91,72.83,72.9,183.0,183.81,13389.7587,1
1785563700000,72.9,72.91,72.89,72.91,206.0,206.05,15022.8247,1
1785564000000,72.91,72.92,72.89,72.89,55.0,55.75,4064.6129,1
1785564300000,72.89,72.89,72.85,72.88,48.0,48.02,3499.837,1
1785564600000,72.88,72.94,72.88,72.94,21.0,21.37,1558.2774,1
1785564900000,72.94,72.96,72.92,72.95,350.0,350.03,25532.9817,1
1785565200000,72.95,72.98,72.95,72.97,515.0,515.61,37624.8791,1
1785565500000,72.97,72.99,72.95,72.98,808.0,808.67,59023.0666,1
1785565800000,72.97,72.99,72.92,72.95,184.0,184.31,13446.1958,1
1785566100000,72.95,72.96,72.93,72.96,1040.0,1040.88,75936.844,1
1785566400000,72.96,72.96,72.94,72.94,195.0,195.19,14241.041,1
1785566700000,72.94,72.95,72.91,72.95,34.0,34.0,2479.57,1
1785567000000,72.96,72.99,72.96,72.98,61.0,61.19,4465.7427,1
1785567300000,72.98,72.98,72.94,72.94,15.0,15.0,1094.34,1
1785567600000,72.94,72.96,72.94,72.94,131.0,131.59,9598.191,1
1785567900000,72.94,72.99,72.94,72.99,51.0,51.07,3727.0493,1
1785568200000,72.99,73.06,72.99,73.06,43.0,43.33,3164.0316,1
1785568500000,73.06,73.06,72.97,72.97,755.0,755.11,55117.3428,1
1785568800000,72.98,73.02,72.98,73.02,152.0,152.06,11101.5665,1
1785569100000,73.02,73.02,72.97,72.97,117.0,117.92,8608.6771,1
1785569400000,72.97,72.97,72.9,72.93,50.0,50.93,3713.9594,1
1785569700000,72.93,72.96,72.91,72.91,20.0,20.0,1458.6,1
1785570000000,72.91,72.94,72.91,72.93,28.0,28.06,2046.4253,1
1785570300000,72.93,72.93,72.92,72.92,108.0,108.31,7897.9652,1
1785570600000,72.92,72.94,72.92,72.94,41.0,41.55,3030.2415,1
1785570900000,72.94,72.96,72.93,72.94,282.0,282.41,20598.6936,1
1785571200000,72.94,72.98,72.94,72.94,48.0,48.26,3520.7041,1
1785571500000,72.94,72.96,72.91,72.91,40.0,40.9,2983.2114,1
1785571800000,72.91,72.94,72.91,72.94,20.0,20.0,1458.41,1
1785572100000,72.94,72.97,72.94,72.97,83.0,83.8,6114.2378,1
1785572400000,72.97,72.97,72.97,72.97,37.0,37.67,2748.7799,1
1785572700000,72.97,73.05,72.97,73.02,157.0,157.6,11506.967,1
1785573000000,73.02,73.03,73.0,73.01,337.0,337.32,24628.1753,1
1785573300000,73.01,73.01,72.95,72.95,645.0,645.78,47124.8175,1
1785573600000,72.95,72.96,72.95,72.96,14.0,14.01,1022.1696,1
1785573900000,72.96,72.96,72.93,72.96,65.0,65.85,4804.1755,1
1785574200000,72.96,73.02,72.96,73.02,195.0,195.12,14239.347,1
1785574500000,73.02,73.02,73.01,73.02,28.0,28.97,2115.3294,1
1785574800000,73.02,73.05,72.97,73.0,1565.0,1565.24,114294.4432,1
1785575100000,73.0,73.0,72.95,72.96,56.0,56.91,4153.2244,1
1785575400000,72.98,72.99,72.93,72.93,170.0,170.0,12407.6,1
1785575700000,72.93,72.97,72.92,72.94,232.0,232.15,16933.2495,1
1785576000000,72.94,72.98,72.93,72.93,95.0,95.72,6983.8556,1
1785576300000,72.93,72.93,72.9,72.9,539.0,539.46,39327.1636,1
1785576600000,72.9,72.92,72.89,72.92,235.0,235.03,17134.8527,1
1785576900000,72.92,72.94,72.92,72.94,16.0,16.0,1166.91,1
1785577200000,72.94,72.94,72.92,72.92,26.0,26.7,1947.1578,1
1785577500000,72.92,72.93,72.89,72.9,40.0,40.33,2940.797,1
1785577800000,72.9,72.91,72.86,72.86,112.0,112.83,8223.1617,1
1785578100000,72.86,72.86,72.82,72.82,228.0,228.31,16631.2877,1
1785578400000,72.83,72.84,72.63,72.65,1847.0,1847.98,134367.7719,1
1785578700000,72.66,72.73,72.66,72.72,301.0,301.53,21913.2817,1
1785579000000,72.71,72.78,72.7,72.76,960.0,960.02,69842.7375,1
1785579300000,72.76,72.85,72.73,72.84,541.0,541.42,39410.6595,1
1785579600000,72.84,72.85,72.81,72.82,290.0,290.69,21173.4383,1
1785579900000,72.8,72.8,72.77,72.79,60.0,60.56,4408.6046,1
1785580200000,72.79,72.79,72.76,72.78,62.0,62.45,4544.6347,1
1785580500000,72.78,72.78,72.76,72.76,26.0,26.45,1924.5865,1
1785580800000,72.76,72.85,72.76,72.83,213.0,213.65,15560.5525,1
1785581100000,72.83,72.84,72.78,72.83,722.0,722.22,52590.6672,1
1785581400000,72.83,72.83,72.8,72.81,37.0,37.44,2726.245,1
1785581700000,72.81,72.81,72.77,72.8,122.0,122.24,8896.1048,1
1785582000000,72.79,72.8,72.75,72.8,286.0,286.45,20848.6163,1
1785582300000,72.79,72.8,72.77,72.8,123.0,123.7,9003.9439,1
1785582600000,72.8,72.82,72.8,72.81,192.0,192.46,14012.4353,1
1785582900000,72.81,72.83,72.79,72.79,49.0,49.0,3568.11,1
1785583200000,72.79,72.85,72.79,72.81,132.0,132.72,9667.0198,1
1785583500000,72.81,72.83,72.81,72.83,62.0,62.91,4581.2362,1
1785583800000,72.83,72.85,72.82,72.83,60.0,60.21,4385.8843,1
1785584100000,72.83,72.84,72.83,72.84,34.0,34.85,2538.3255,1
1785584400000,72.84,72.84,72.83,72.83,44.0,44.4,3233.882,1
1785584700000,72.83,72.85,72.83,72.85,7.0,7.68,559.4812,1
1785585000000,72.85,72.86,72.84,72.86,738.0,738.92,53835.3514,1
1785585300000,72.86,72.86,72.82,72.85,14.0,14.2,1034.3413,1
1785585600000,72.85,72.9,72.85,72.9,786.0,786.42,57321.5884,1
1785585900000,72.9,72.9,72.85,72.85,793.0,793.93,57847.5016,1
1785586200000,72.85,72.88,72.83,72.88,948.0,948.58,69108.8329,1
1785586500000,72.88,72.88,72.83,72.83,54.0,54.56,3973.7378,1
1785586800000,72.83,72.87,72.83,72.87,47.0,47.11,3431.977,1
1785587100000,72.87,72.9,72.87,72.9,26.0,26.82,1954.5216,1
1785587400000,72.9,72.9,72.86,72.89,623.0,623.8,45461.1314,1
1785587700000,72.89,72.89,72.85,72.85,172.0,172.88,12598.6195,1
1785588000000,72.85,72.88,72.84,72.84,1480.0,1480.8,107867.4554,1
1785588300000,72.84,72.89,72.84,72.89,630.0,630.34,45921.431,1
1785588600000,72.89,72.9,72.88,72.9,535.0,535.44,39032.9642,1
1785588900000,72.9,72.9,72.89,72.89,41.0,41.65,3035.8685,1
1785589200000,72.89,72.91,72.87,72.9,244.0,244.91,17853.5892,1
1785589500000,72.9,72.91,72.89,72.91,137.0,137.43,10018.5652,1
1785589800000,72.92,72.96,72.91,72.94,176.0,176.17,12845.5757,1
1785590100000,72.94,72.94,72.91,72.93,53.0,53.55,3904.7497,1
1785590400000,72.93,72.93,72.9,72.92,37.0,37.54,2737.2668,1
1785590700000,72.92,72.92,72.89,72.89,807.0,807.08,58844.4691,1
1785591000000,72.89,72.92,72.86,72.92,992.0,992.72,72340.1964,1
1785591300000,72.92,72.96,72.92,72.95,1306.0,1306.19,95275.0193,1
1785591600000,72.95,72.95,72.93,72.94,48.0,48.62,3546.1539,1
1785591900000,72.94,72.94,72.88,72.89,335.0,335.54,24461.7025,1
1785592200000,72.89,72.92,72.89,72.91,68.0,68.97,5028.6613,1
1785592500000,72.91,72.96,72.91,72.96,116.0,116.0,8459.4392,1
1785592800000,72.94,72.98,72.93,72.97,205.0,205.31,14982.2724,1
1785593100000,72.95,72.99,72.93,72.94,261.0,261.43,19071.638,1
1785593400000,72.94,72.94,72.86,72.86,95.0,95.73,6976.6729,1
1785593700000,72.86,72.86,72.83,72.86,220.0,220.25,16046.5994,1
1785594000000,72.86,72.89,72.86,72.89,159.0,159.16,11600.4455,1
1785594300000,72.89,72.95,72.88,72.95,510.0,510.59,37233.1067,1
1785594600000,72.95,72.95,72.93,72.93,417.0,417.54,30454.0822,1
1785594900000,72.93,72.97,72.93,72.95,66.0,66.51,4851.4894,1
1785595200000,72.95,72.97,72.94,72.94,410.0,410.86,29970.8203,1
1785595500000,72.95,72.95,72.93,72.94,41.0,41.51,3027.6345,1
1785595800000,72.94,72.94,72.91,72.92,401.0,401.54,29280.9392,1
1785596100000,72.91,72.99,72.91,72.99,46.0,46.35,3381.7115,1
1785596400000,72.99,73.0,72.95,72.97,1174.0,1174.04,85685.5276,1
1785596700000,72.97,72.97,72.93,72.93,1142.0,1142.75,83376.1072,1
1785597000000,72.96,72.97,72.95,72.97,1226.0,1226.72,89499.6772,1
1785597300000,72.97,72.97,72.88,72.88,47.0,47.95,3496.221,1
1785597600000,72.86,72.87,72.85,72.85,45.0,45.73,3331.8695,1
1785597900000,72.85,72.85,72.8,72.8,1252.0,1252.13,91190.6914,1
1785598200000,72.8,72.81,72.75,72.75,1869.0,1869.87,136055.9437,1
1785598500000,72.74,72.78,72.69,72.78,367.0,367.48,26734.2442,1
1785598800000,72.78,72.82,72.77,72.8,919.0,919.78,66952.6841,1
1785599100000,72.8,72.8,72.77,72.79,125.0,125.85,9159.9856,1
1785599400000,72.79,72.81,72.76,72.81,205.0,205.72,14971.3314,1
1785599700000,72.82,72.82,72.76,72.76,251.0,251.27,18293.1814,1
1785600000000,72.77,72.85,72.7,72.83,518.0,518.84,37767.0532,1
1785600300000,72.83,72.83,72.75,72.75,12.0,12.1,880.741,1
1785600600000,72.76,72.79,72.75,72.79,24.0,24.42,1777.4513,1
1785600900000,72.79,72.83,72.79,72.79,319.0,319.67,23276.9582,1
1785601200000,72.79,72.84,72.78,72.83,198.0,198.71,14471.8147,1
1785601500000,72.83,72.88,72.83,72.85,96.0,96.17,7005.5746,1
1785601800000,72.85,72.9,72.83,72.88,302.0,302.12,22019.4745,1
1785602100000,72.88,72.9,72.85,72.87,964.0,964.2,70262.0953,1
1785602400000,72.86,72.86,72.79,72.79,93.0,93.74,6828.9515,1
1785602700000,72.82,72.82,72.77,72.77,83.0,83.05,6045.3439,1
1785603000000,72.77,72.77,72.7,72.7,125.0,125.85,9156.8589,1
1785603300000,72.7,72.7,72.41,72.66,4624.0,4624.11,335473.3621,1
1785603600000,72.65,72.72,72.62,72.71,583.0,583.31,42380.6729,1
1785603900000,72.71,72.74,72.68,72.68,318.0,318.67,23169.9808,1
1785604200000,72.68,72.68,72.34,72.46,1657.0,1657.6,120047.781,1
1785604500000,72.44,72.46,72.36,72.45,483.0,483.99,35048.5545,1
1785604800000,72.45,72.46,72.36,72.43,892.0,892.52,64616.7497,1
1785605100000,72.43,72.43,72.0,72.12,9037.0,9037.29,651534.8714,1
1785605400000,72.09,72.09,71.65,71.69,13579.0,13579.58,975863.2273,1
1785605700000,71.7,71.86,71.58,71.7,3136.0,3136.93,224902.3599,1
1785606000000,71.69,71.89,71.68,71.89,644.0,644.62,46265.6951,1
1785606300000,71.88,71.89,71.78,71.83,1379.0,1379.89,99126.5688,1
1785606600000,71.83,71.86,71.65,71.85,1335.0,1335.31,95890.1118,1
1785606900000,71.86,71.89,71.85,71.88,1785.0,1785.56,128339.3619,1
1785607200000,71.87,71.87,71.66,71.78,2318.0,2318.62,166400.8916,1
1785607500000,71.77,71.93,71.76,71.93,1394.0,1394.59,100255.482,1
1785607800000,71.91,71.93,71.79,71.8,1216.0,1216.51,87475.8024,1
1785608100000,71.77,71.78,71.7,71.74,1284.0,1284.84,92163.4499,1
1785608400000,71.74,71.78,71.39,71.44,9063.0,9063.39,649383.3154,1
1785608700000,71.45,71.59,71.44,71.48,1040.0,1040.14,74405.1092,1
1785609000000,71.48,71.48,70.94,71.17,15071.0,15071.99,1071993.7643,1
1785609300000,71.19,71.31,71.17,71.24,1908.0,1908.96,136019.4647,1
1785609600000,71.24,71.34,71.12,71.13,1500.0,1500.05,106919.1733,1
1785609900000,71.13,71.13,70.54,70.54,9619.0,9619.63,681436.3318,1
1785610200000,70.54,70.84,70.54,70.78,7508.0,7508.0,530651.4016,1
1785610500000,70.8,71.06,70.8,71.05,1852.0,1852.37,131417.6289,1
1785610800000,71.03,71.24,71.01,71.24,1305.0,1305.43,92797.7422,1
1785611100000,71.24,71.27,71.17,71.26,1406.0,1406.01,100144.1555,1
1785611400000,71.25,71.26,71.2,71.2,1056.0,1056.0,75225.435,1
1785611700000,71.22,71.27,71.19,71.23,568.0,568.88,40521.5978,1
1785612000000,71.24,71.24,71.08,71.14,1193.0,1193.05,84883.9322,1
1785612300000,71.14,71.21,71.14,71.21,388.0,388.53,27659.1694,1
1785612600000,71.2,71.29,71.19,71.22,639.0,639.27,45553.9298,1
1785612900000,71.24,71.25,71.12,71.15,1054.0,1054.72,75062.0595,1
1785613200000,71.18,71.19,71.14,71.17,528.0,528.68,37630.0578,1
1785613500000,71.17,71.27,71.17,71.27,85.0,85.54,6091.6125,1
1785613800000,71.27,71.33,71.22,71.23,1009.0,1009.13,71918.1915,1
1785614100000,71.22,71.27,71.22,71.22,407.0,407.47,29023.8905,1
1785614400000,71.21,71.3,71.17,71.28,1753.0,1753.26,124951.473,1
1785614700000,71.28,71.32,71.26,71.26,2554.0,2554.18,182120.3454,1
1785615000000,71.26,71.38,71.26,71.34,410.0,410.02,29259.0517,1
1785615300000,71.34,71.4,71.34,71.39,3402.0,3402.81,242895.4449,1
1785615600000,71.39,71.48,71.38,71.43,963.0,963.09,68804.7354,1
1785615900000,71.42,71.42,71.35,71.37,876.0,876.42,62577.5101,1
1785616200000,71.37,71.41,71.29,71.41,1579.0,1579.11,112622.4508,1
1785616500000,71.41,71.48,71.39,71.39,937.0,937.78,67001.7509,1
1785616800000,71.4,71.43,71.4,71.42,2678.0,2678.46,191297.1453,1
1785617100000,71.41,71.48,71.38,71.46,374.0,374.95,26782.4312,1
1785617400000,71.47,71.49,71.42,71.46,6611.0,6611.73,472510.7989,1
1785617700000,71.47,71.52,71.47,71.52,294.0,294.27,21040.8963,1
1785618000000,71.51,71.75,71.5,71.65,2700.0,2700.13,193538.0334,1
1785618300000,71.65,71.67,71.61,71.62,1326.0,1326.31,94992.1856,1
1785618600000,71.61,71.66,71.59,71.66,292.0,292.16,20920.4366,1
1785618900000,71.68,71.73,71.65,71.73,691.0,691.37,49552.0751,1
1785619200000,71.73,71.73,71.61,71.61,240.0,240.85,17264.7193,1
1785619500000,71.6,71.64,71.55,71.64,1761.0,1761.02,126025.7671,1
1785619800000,71.64,71.73,71.64,71.73,143.0,143.44,10281.0295,1
1785620100000,71.75,71.76,71.68,71.7,647.0,647.92,46478.5092,1
1785620400000,71.7,71.77,71.66,71.75,208.0,208.5,14954.7909,1
1785620700000,71.75,71.82,71.75,71.79,479.0,479.92,34449.6799,1
1785621000000,71.79,71.8,71.74,71.74,363.0,363.79,26119.3379,1
1785621300000,71.74,71.8,71.74,71.8,261.0,261.18,18747.7008,1
1785621600000,71.8,71.98,71.8,71.91,496.0,496.07,35657.7429,1
1785621900000,71.9,71.93,71.87,71.9,342.0,342.8,24651.8067,1
1785622200000,71.91,71.92,71.85,71.9,789.0,789.19,56724.9335,1
1785622500000,71.9,71.94,71.89,71.89,431.0,431.15,31006.1795,1
1785622800000,71.89,71.89,71.83,71.85,1057.0,1057.77,76001.7772,1
1785623100000,71.85,71.96,71.85,71.96,616.0,616.7,44333.9318,1
1785623400000,71.95,71.96,71.92,71.92,358.0,358.59,25798.5424,1
1785623700000,71.92,71.94,71.87,71.93,171.0,171.57,12333.607,1
1785624000000,71.93,71.95,71.91,71.92,61.0,61.6,4430.9545,1
1785624300000,71.93,71.93,71.9,71.91,52.0,52.73,3792.3345,1
1785624600000,71.91,71.91,71.87,71.87,75.0,75.08,5396.6478,1
1785624900000,71.87,71.88,71.86,71.88,72.0,72.29,5195.1246,1
1785625200000,71.91,72.06,71.91,72.0,2667.0,2667.77,192119.615,1
1785625500000,72.0,72.0,71.96,71.99,674.0,674.9,48573.1243,1
1785625800000,71.97,71.98,71.95,71.95,486.0,486.5,35008.3274,1
1785626100000,71.96,71.96,71.88,71.88,516.0,516.38,37130.363,1
1785626400000,71.88,71.89,71.8,71.82,1019.0,1019.36,73258.8162,1
1785626700000,71.83,71.84,71.79,71.79,1242.0,1242.92,89240.2663,1
1785627000000,71.79,71.87,71.79,71.83,346.0,346.79,24914.6341,1
1785627300000,71.83,71.87,71.82,71.84,152.0,152.61,10963.9881,1
1785627600000,71.84,71.88,71.84,71.84,539.0,539.7,38782.8588,1
1785627900000,71.84,71.91,71.84,71.89,595.0,595.2,42798.8958,1
1785628200000,71.89,71.89,71.87,71.88,67.0,67.33,4840.0115,1
1785628500000,71.88,71.92,71.88,71.9,316.0,316.78,22774.0877,1
1785628800000,71.92,71.99,71.89,71.99,549.0,549.5,39547.2743,1
1785629100000,71.98,72.05,71.94,71.96,6192.0,6192.76,446115.7498,1
1785629400000,71.96,72.07,71.96,72.07,930.0,930.66,67035.2748,1
1785629700000,72.07,72.11,72.06,72.07,1366.0,1366.42,98500.8023,1
1785630000000,72.07,72.09,72.05,72.07,284.0,284.47,20499.5316,1
1785630300000,72.05,72.09,71.98,72.01,730.0,730.12,52581.461,1
1785630600000,72.03,72.07,72.01,72.02,343.0,343.78,24770.5356,1
1785630900000,72.02,72.02,71.97,71.98,98.0,98.75,7108.525,1
1785631200000,72.0,72.03,72.0,72.03,48.0,48.48,3491.9596,1
1785631500000,72.02,72.05,72.01,72.02,65.0,65.81,4740.4805,1
1785631800000,72.02,72.02,71.98,71.99,424.0,424.82,30583.1612,1
1785632100000,71.99,72.08,71.99,72.08,73.0,73.26,5277.7462,1
1785632400000,72.08,72.23,72.08,72.23,1618.0,1618.06,116756.9674,1
1785632700000,72.23,72.35,72.2,72.32,3237.0,3237.6,234003.0732,1
1785633000000,72.31,72.47,72.31,72.47,1519.0,1519.86,110051.9222,1
1785633300000,72.47,72.59,72.42,72.43,3592.0,3592.71,260549.5025,1
1785633600000,72.43,72.47,72.4,72.45,769.0,769.49,55734.6343,1
1785633900000,72.46,72.51,72.46,72.5,367.0,367.28,26625.9557,1
1785634200000,72.5,72.53,72.46,72.51,255.0,255.82,18548.7102,1
1785634500000,72.52,72.71,72.52,72.68,6893.0,6893.29,500679.1912,1
1785634800000,72.68,72.69,72.61,72.61,606.0,606.19,44046.8205,1
1785635100000,72.61,72.64,72.6,72.61,526.0,526.5,38232.4839,1
1785635400000,72.61,72.63,72.6,72.6,209.0,209.73,15230.9388,1
1785635700000,72.62,72.66,72.6,72.6,79.0,79.87,5801.3265,1
1785636000000,72.64,72.64,72.55,72.55,371.0,371.0,26932.6086,1
1785636300000,72.55,73.38,72.55,73.09,9599.0,9599.59,701547.3515,1
1785636600000,73.09,73.23,73.09,73.2,853.0,853.92,62475.4407,1
1785636900000,73.21,73.3,73.1,73.25,1952.0,1952.07,142880.8051,1
1785637200000,73.28,73.29,73.1,73.18,5300.0,5300.67,387775.5063,1
1785637500000,73.2,73.21,73.08,73.09,1083.0,1083.82,79231.8062,1
1785637800000,73.08,73.08,72.95,72.95,229.0,229.72,16777.4669,1
1785638100000,72.95,72.98,72.91,72.95,496.0,496.57,36222.3844,1
1785638400000,72.95,72.99,72.9,72.97,110.0,110.37,8049.5083,1
1785638700000,72.97,73.09,72.96,73.06,920.0,920.82,67284.8579,1
1785639000000,73.06,73.13,73.0,73.11,167.0,167.18,12216.3532,1
1785639300000,73.11,73.11,73.06,73.1,702.0,702.2,51321.6418,1
1785639600000,73.11,73.2,73.11,73.11,398.0,398.88,29166.8303,1
1785639900000,73.11,73.12,73.06,73.06,520.0,520.43,38036.8444,1
1785640200000,73.06,73.1,73.04,73.08,1856.0,1856.47,135674.3119,1
1785640500000,73.08,73.12,73.07,73.1,419.0,419.63,30674.6605,1
1785640800000,73.08,73.18,73.08,73.12,138.0,138.64,10139.9739,1
1785641100000,73.12,73.12,73.07,73.08,62.0,62.41,4561.3562,1
1785641400000,73.08,73.15,73.07,73.15,10452.0,10452.95,764176.6565,1
1785641700000,73.17,73.2,73.16,73.17,193.0,193.58,14164.6324,1
1785642000000,73.17,73.19,73.16,73.17,710.0,710.08,51956.8699,1
1785642300000,73.2,73.2,73.18,73.18,66.0,66.04,4833.8398,1
1785642600000,73.18,73.18,73.12,73.12,10866.0,10866.97,794957.8399,1
1785642900000,73.13,73.16,73.13,73.16,76.0,76.15,5570.2396,1
1785643200000,73.21,73.25,73.2,73.21,202.0,202.53,14830.3557,1
1785643500000,73.21,73.24,73.19,73.2,1628.0,1628.7,119272.4949,1
1785643800000,73.2,73.23,73.2,73.2,105.0,105.79,7744.7743,1
1785644100000,73.2,73.3,73.2,73.28,460.0,460.67,33737.9456,1
1785644400000,73.28,73.33,73.28,73.32,1056.0,1056.37,77446.068,1
1785644700000,73.32,73.41,73.32,73.32,629.0,629.44,46173.2354,1
1785645000000,73.32,73.38,73.32,73.37,145.0,145.27,10656.3611,1
1785645300000,73.37,73.37,73.27,73.33,226.0,226.27,16589.3755,1
1785645600000,73.33,73.33,73.27,73.27,276.0,276.42,20261.0019,1
1785645900000,73.27,73.34,73.27,73.34,316.0,316.39,23196.1455,1
1785646200000,73.34,73.38,73.33,73.38,263.0,263.47,19324.1894,1
1785646500000,73.38,73.52,73.37,73.5,1883.0,1883.04,138365.6672,1
1785646800000,73.5,73.62,73.44,73.44,2417.0,2417.26,177818.0762,1
1785647100000,73.46,73.53,73.45,73.47,1386.0,1386.19,101854.0588,1
1785647400000,73.47,73.49,73.45,73.46,884.0,884.07,64944.2766,1
1785647700000,73.49,73.5,73.43,73.48,372.0,372.2,27342.5014,1
1785648000000,73.48,73.62,73.48,73.55,975.0,975.81,71777.3788,1
1785648300000,73.56,73.56,73.5,73.5,10389.0,10389.86,763735.2294,1
1785648600000,73.51,73.55,73.48,73.55,150.0,150.11,11036.9474,1
1785648900000,73.51,73.51,73.46,73.47,2106.0,2106.47,154806.782,1
1785649200000,73.47,73.5,73.42,73.48,330.0,330.41,24280.4449,1
1785649500000,73.46,73.52,73.46,73.52,512.0,512.96,37703.6359,1
1785649800000,73.52,73.58,73.52,73.58,424.0,424.29,31209.9208,1
1785650100000,73.58,73.6,73.56,73.56,800.0,800.0,58877.6974,1
1785650400000,73.56,73.63,73.56,73.57,199.0,199.88,14707.7765,1
1785650700000,73.57,73.57,73.49,73.5,378.0,378.32,27806.8113,1
1785651000000,73.5,73.51,73.47,73.47,74.0,74.61,5481.7673,1
1785651300000,73.49,73.5,73.46,73.46,932.0,932.66,68535.2438,1
1785651600000,73.46,73.54,73.46,73.54,685.0,685.96,50430.9505,1
1785651900000,73.54,73.57,73.54,73.55,52.0,52.53,3863.8583,1
1785652200000,73.52,73.57,73.51,73.51,290.0,290.67,21379.591,1
1785652500000,73.51,73.54,73.48,73.48,835.0,835.54,61429.5226,1
1785652800000,73.48,73.54,73.48,73.53,43.0,43.3,3183.607,1
1785653100000,73.5,73.51,73.47,73.48,145.0,145.18,10670.5696,1
1785653400000,73.48,73.48,73.4,73.4,973.0,973.77,71493.4555,1
1785653700000,73.45,73.45,73.42,73.42,1017.0,1017.88,74748.2309,1
1785654000000,73.42,73.43,73.39,73.4,115.0,115.38,8469.6189,1
1785654300000,73.4,73.43,73.4,73.42,64.0,64.84,4760.2968,1
1785654600000,73.42,73.44,73.39,73.4,238.0,238.08,17475.8906,1
1785654900000,73.39,73.41,73.39,73.41,75.0,75.38,5532.4634,1
1785655200000,73.41,73.48,73.41,73.47,92.0,92.1,6766.7183,1
1785655500000,73.47,73.47,73.45,73.45,2.0,2.0,146.9,1
1785655800000,73.45,73.47,73.43,73.43,23.0,23.24,1706.7804,1
1785656100000,73.43,73.45,73.43,73.45,18.0,18.57,1363.6908,1
1785656400000,73.45,73.46,73.42,73.45,1532.0,1532.91,112579.7946,1
1785656700000,73.45,73.46,73.43,73.46,268.0,268.5,19721.282,1
1785657000000,73.46,73.48,73.46,73.46,43.0,43.06,3163.6562,1
1785657300000,73.46,73.46,73.41,73.43,751.0,751.38,55167.6163,1
1785657600000,73.46,73.49,73.4,73.45,428.0,428.55,31471.6402,1
1785657900000,73.4,73.41,73.37,73.39,673.0,673.45,49429.8665,1
1785658200000,73.39,73.45,73.38,73.38,92.0,92.01,6754.849,1
1785658500000,73.38,73.39,73.38,73.39,9.0,9.0,660.51,1
1785658800000,73.4,73.41,73.36,73.36,50.0,50.9,3735.6311,1
1785659100000,73.37,73.37,73.29,73.3,943.0,943.86,69187.1501,1
1785659400000,73.3,73.36,73.3,73.31,801.0,801.47,58779.6423,1
1785659700000,73.31,73.33,73.14,73.15,1385.0,1385.88,101431.7282,1
1785660000000,73.14,73.26,73.14,73.22,298.0,298.27,21831.4091,1
1785660300000,73.22,73.28,73.22,73.24,131.0,131.05,9599.9527,1
1785660600000,73.24,73.24,73.2,73.23,179.0,179.2,13119.7491,1
1785660900000,73.23,73.23,73.14,73.15,107.0,107.78,7886.2963,1
1785661200000,73.15,73.17,72.95,72.95,2011.0,2011.87,146983.9304,1
1785661500000,72.95,73.21,72.94,73.21,759.0,759.5,55525.883,1
1785661800000,73.21,73.3,73.21,73.3,489.0,489.16,35839.5441,1
1785662100000,73.3,73.32,73.26,73.26,156.0,156.6,11478.4996,1
1785662400000,73.26,73.31,73.26,73.31,61.0,61.7,4521.876,1
1785662700000,73.31,73.33,73.27,73.27,287.0,287.71,21090.7064,1
1785663000000,73.26,73.34,73.26,73.32,204.0,204.83,15017.2556,1
1785663300000,73.32,73.33,73.26,73.27,59.0,59.02,4325.9062,1
1785663600000,73.27,73.28,73.25,73.28,76.0,76.92,5635.8065,1
1785663900000,73.28,73.33,73.27,73.33,44.0,44.64,3272.3428,1
1785664200000,73.33,73.39,73.33,73.39,41.0,41.72,3061.0722,1
1785664500000,73.39,73.39,73.35,73.35,52.0,52.11,3823.4974,1
1785664800000,73.35,73.35,73.3,73.3,544.0,544.98,39962.2982,1
1785665100000,73.31,73.32,73.28,73.28,26.0,26.06,1910.1792,1
1785665400000,73.28,73.29,73.21,73.21,1118.0,1118.41,81912.3844,1
1785665700000,73.21,73.32,73.2,73.32,1190.0,1190.41,87232.938,1
1785666000000,73.32,73.32,73.13,73.14,766.0,766.4,56094.9619,1
1785666300000,73.16,73.18,73.12,73.17,1398.0,1398.99,102336.2733,1
1785666600000,73.17,73.21,73.17,73.21,57.0,57.0,4172.81,1
1785666900000,73.19,73.23,73.19,73.23,173.0,173.87,12730.3514,1
1785667200000,73.23,73.25,73.23,73.23,50.0,50.36,3688.3564,1
1785667500000,73.23,73.26,73.23,73.26,191.0,191.0,13989.3373,1
1785667800000,73.26,73.28,73.24,73.26,127.0,127.19,9318.6148,1
1785668100000,73.26,73.26,73.21,73.23,68.0,68.13,4990.2934,1
1785668400000,73.23,73.26,73.23,73.23,48.0,48.85,3578.1519,1
1785668700000,73.23,73.26,73.21,73.21,290.0,290.83,21299.1444,1
1785669000000,73.21,73.21,73.17,73.21,49.0,49.0,3586.4,1
1785669300000,73.21,73.27,73.21,73.23,70.0,70.47,5161.6987,1
1785669600000,73.23,73.23,73.15,73.18,400.0,400.96,29345.8252,1
1785669900000,73.18,73.22,73.16,73.16,83.0,83.99,6148.5918,1
1785670200000,73.16,73.18,73.12,73.15,218.0,218.52,15980.9979,1
1785670500000,73.17,73.19,73.15,73.15,792.0,792.19,57950.1662,1
1785670800000,73.15,73.19,73.0,73.04,1036.0,1036.72,75723.3492,1
1785671100000,73.06,73.14,73.03,73.05,1298.0,1298.44,94895.5945,1
1785671400000,73.05,73.13,72.96,72.99,821.0,821.48,60011.7948,1
1785671700000,72.99,73.04,72.91,72.96,5110.0,5110.12,372821.6876,1
1785672000000,72.99,73.06,72.99,73.05,590.0,590.43,43110.2446,1
1785672300000,73.05,73.08,73.03,73.08,2659.0,2659.4,194304.1144,1
1785672600000,73.08,73.16,73.05,73.15,683.0,683.93,49974.0861,1
1785672900000,73.15,73.2,73.1,73.13,1122.0,1122.29,82046.4772,1
1785673200000,73.13,73.18,73.11,73.11,614.0,614.87,44974.719,1
1785673500000,73.11,73.13,73.1,73.12,121.0,121.96,8917.738,1
1785673800000,73.12,73.15,73.1,73.1,104.0,104.88,7670.0861,1
1785674100000,73.1,73.1,72.96,73.0,298.0,298.75,21811.4409,1
1785674400000,73.02,73.03,73.0,73.0,479.0,479.89,35041.659,1
1785674700000,73.0,73.03,72.97,72.99,86.0,86.11,6285.4589,1
1785675000000,72.99,72.99,72.93,72.97,227.0,227.41,16588.8587,1
1785675300000,72.97,72.98,72.86,72.87,255.0,255.22,18607.2942,1
1785675600000,72.86,72.94,72.83,72.91,886.0,886.38,64643.3093,1
1785675900000,72.87,72.93,72.87,72.9,218.0,218.96,15961.214,1
1785676200000,72.91,72.94,72.9,72.93,116.0,116.03,8460.1412,1
1785676500000,72.95,72.95,72.88,72.88,61.0,61.09,4455.121,1
1785676800000,72.88,72.96,72.88,72.94,38.0,38.5,2808.6,1
1785677100000,72.94,72.96,72.88,72.88,70.0,70.08,5111.2154,1
1785677400000,72.87,72.92,72.83,72.83,145.0,145.39,10597.6665,1
1785677700000,72.83,72.83,72.67,72.67,667.0,667.96,48585.078,1
1785678000000,72.69,72.81,72.68,72.81,738.0,738.79,53779.9039,1
1785678300000,72.84,72.98,72.84,72.95,255.0,255.02,18591.2135,1
1785678600000,72.95,72.95,72.9,72.93,154.0,154.63,11275.4346,1
1785678900000,72.93,72.95,72.91,72.93,400.0,400.53,29211.2707,1
1785679200000,72.93,72.94,72.9,72.93,123.0,123.33,8993.4369,1
1785679500000,72.93,73.01,72.91,73.01,2602.0,2602.66,189866.6548,1
1785679800000,73.0,73.05,73.0,73.03,424.0,424.52,31004.8027,1
1785680100000,73.03,73.12,73.03,73.1,1395.0,1395.79,102028.2607,1
1785680400000,73.08,73.09,73.03,73.08,224.0,224.64,16415.6519,1
1785680700000,73.1,73.1,73.07,73.1,2099.0,2099.21,153431.6605,1
1785681000000,73.1,73.11,73.05,73.11,738.0,738.1,53950.819,1
1785681300000,73.09,73.18,73.09,73.17,1893.0,1893.54,138481.1522,1
1785681600000,73.17,73.19,73.14,73.18,259.0,259.17,18966.6485,1
1785681900000,73.19,73.19,73.11,73.12,301.0,301.99,22089.9741,1
1785682200000,73.11,73.12,73.05,73.05,387.0,387.04,28290.8207,1
1785682500000,73.06,73.06,73.03,73.05,180.0,180.25,13168.1284,1
1785682800000,73.05,73.07,73.03,73.03,228.0,228.81,16714.7405,1
1785683100000,73.03,73.13,73.03,73.11,534.0,534.79,39088.8797,1
1785683400000,73.11,73.16,73.09,73.16,70.0,70.41,5148.6192,1
1785683700000,73.17,73.17,73.11,73.11,225.0,225.04,16461.9008,1
1785684000000,73.11,73.13,73.08,73.08,78.0,78.11,5709.8699,1
1785684300000,73.08,73.12,73.08,73.08,389.0,389.85,28498.3238,1
1785684600000,73.08,73.15,73.07,73.15,121.0,121.34,8868.669,1
1785684900000,73.13,73.13,73.03,73.03,396.0,396.2,28954.9997,1
1785685200000,73.03,73.05,73.01,73.04,238.0,238.2,17397.3022,1
1785685500000,73.04,73.06,73.01,73.01,298.0,298.29,21784.6428,1
1785685800000,73.01,73.01,72.99,73.0,2198.0,2198.61,160499.5697,1
1785686100000,73.03,73.03,72.97,72.98,2357.0,2357.07,172062.3462,1
1785686400000,72.98,73.0,72.89,72.9,207.0,207.06,15099.939,1
1785686700000,72.9,72.97,72.88,72.96,777.0,777.47,56690.1542,1
1785687000000,72.96,72.96,72.89,72.89,476.0,476.29,34739.682,1
1785687300000,72.89,72.94,72.89,72.91,189.0,189.88,13842.6362,1
1785687600000,72.91,73.01,72.89,72.99,773.0,773.21,56431.5261,1
1785687900000,72.99,72.99,72.93,72.99,126.0,126.65,9239.6679,1
1785688200000,72.99,73.11,72.99,73.09,167.0,167.55,12243.5897,1
1785688500000,73.09,73.15,73.06,73.13,366.0,366.57,26796.2963,1
1785688800000,73.13,73.25,73.11,73.19,3307.0,3307.45,242132.3909,1
1785689100000,73.2,73.21,73.18,73.19,78.0,78.11,5717.242,1
1785689400000,73.19,73.19,73.14,73.14,116.0,116.03,8486.6377,1
1785689700000,73.13,73.16,73.11,73.11,76.0,76.05,5561.8278,1
1785690000000,73.11,73.15,73.08,73.15,46.0,46.01,3363.5203,1
1785690300000,73.15,73.15,73.11,73.11,94.0,94.5,6910.335,1
1785690600000,73.11,73.23,73.11,73.2,69.0,69.09,5056.5886,1
1785690900000,73.23,73.23,73.18,73.19,328.0,328.48,24044.7181,1
1785691200000,73.19,73.36,73.19,73.34,681.0,681.06,49897.848,1
1785691500000,73.33,73.33,73.2,73.2,486.0,486.33,35639.3106,1
1785691800000,73.2,73.25,73.2,73.24,235.0,235.43,17244.0732,1
1785692100000,73.24,73.33,73.24,73.3,833.0,833.37,61079.9289,1
1785692400000,73.3,73.33,73.27,73.33,74.0,74.09,5429.9271,1
1785692700000,73.33,73.36,73.32,73.32,245.0,245.62,18014.788,1
1785693000000,73.32,73.34,73.3,73.33,198.0,198.0,14517.53,1
1785693300000,73.33,73.33,73.28,73.29,42.0,42.52,3116.8954,1
1785693600000,73.28,73.36,73.28,73.36,288.0,288.64,21163.9006,1
1785693900000,73.36,73.36,73.22,73.24,208.0,208.44,15273.7475,1
1785694200000,73.24,73.29,73.23,73.29,112.0,112.14,8215.7233,1
1785694500000,73.29,73.3,73.25,73.28,133.0,133.02,9747.5422,1
1785694800000,73.28,73.35,73.28,73.34,149.0,149.17,10938.3729,1
1785695100000,73.34,73.36,73.33,73.35,613.0,613.89,45017.3454,1
1785695400000,73.34,73.44,73.33,73.43,634.0,634.71,46593.7803,1
1785695700000,73.44,73.55,73.44,73.51,20845.0,20845.24,1531852.9908,1
1785696000000,73.51,73.8,73.51,73.65,1892.0,1892.79,139467.2887,1
1785696300000,73.67,73.72,73.58,73.58,1086.0,1086.49,79963.7211,1
1785696600000,73.58,73.62,73.51,73.54,20766.0,20766.05,1528420.3253,1
1785696900000,73.54,73.56,73.52,73.52,97.0,97.0,7134.2926,1
1785697200000,73.52,73.59,73.5,73.58,827.0,827.46,60843.1281,1
1785697500000,73.59,73.63,73.56,73.56,163.0,163.25,12016.4569,1
1785697800000,73.58,73.58,73.53,73.53,623.0,623.78,45871.3469,1
1785698100000,73.53,73.6,73.52,73.59,150.0,150.22,11047.5881,1
1785698400000,73.59,73.59,73.57,73.59,81.0,81.63,6005.8055,1
1785698700000,73.57,73.62,73.57,73.59,431.0,431.19,31734.5042,1
1785699000000,73.59,73.63,73.58,73.63,20.0,20.36,1498.9323,1
1785699300000,73.63,73.67,73.63,73.65,114.0,114.05,8400.0113,1
1785699600000,73.66,73.66,73.61,73.61,720.0,720.43,53039.2166,1
1785699900000,73.61,73.74,73.61,73.74,289.0,289.24,21315.5335,1
1785700200000,73.75,73.76,73.71,73.71,429.0,429.07,31639.1968,1
1785700500000,73.71,73.71,73.67,73.67,107.0,107.21,7898.8824,1
1785700800000,73.69,73.7,73.58,73.58,1039.0,1039.14,76533.0205,1
1785701100000,73.58,73.6,73.54,73.58,457.0,457.76,33667.9837,1
1785701400000,73.58,73.6,73.55,73.6,337.0,337.07,24796.5684,1
1785701700000,73.62,73.63,73.59,73.63,42.0,42.72,3144.607,1
1785702000000,73.63,73.64,73.53,73.53,7633.0,7633.9,561462.2008,1
1785702300000,73.53,73.55,73.5,73.54,12690.0,12690.91,932985.3494,1
1785702600000,73.54,73.58,73.54,73.58,392.0,392.4,28857.8236,1
1785702900000,73.59,73.6,73.56,73.56,118.0,118.86,8745.5669,1
1785703200000,73.56,73.6,73.56,73.6,685.0,685.95,50460.0405,1
1785703500000,73.6,73.68,73.58,73.66,178.0,178.07,13113.2455,1
1785703800000,73.66,73.66,73.62,73.64,887.0,887.9,65387.3546,1
1785704100000,73.64,73.69,73.64,73.67,496.0,496.82,36601.5136,1
1785704400000,73.67,73.77,73.64,73.77,498.0,498.29,36741.2136,1
1785704700000,73.76,73.77,73.69,73.69,397.0,397.78,29333.7549,1
1785705000000,73.69,73.71,73.68,73.68,251.0,251.26,18518.7621,1
1785705300000,73.68,73.7,73.65,73.66,549.0,549.55,40479.5015,1
1785705600000,73.71,73.74,73.71,73.73,575.0,575.0,42394.8,1
1785705900000,73.73,73.77,73.73,73.74,38.0,38.0,2802.48,1
1785706200000,73.74,73.78,73.73,73.77,942.0,942.74,69526.299,1
1785706500000,73.77,73.89,73.73,73.76,1319.0,1319.6,97426.3401,1
1785706800000,73.73,74.07,73.72,73.97,4161.0,4161.8,307839.2034,1
1785707100000,74.02,74.3,74.02,74.02,4170.0,4170.64,309375.4225,1
1785707400000,74.02,74.02,73.92,73.94,31014.0,31014.8,2294872.0795,1
1785707700000,73.93,73.95,73.88,73.95,246.0,246.5,18219.4189,1
1785708000000,73.98,74.14,73.98,74.08,51057.0,51057.21,3781429.924,1
1785708300000,74.1,74.13,74.01,74.07,540.0,540.04,39987.9059,1
1785708600000,74.09,74.18,74.03,74.03,1009.0,1009.69,74828.1135,1
1785708900000,74.02,74.17,74.02,74.06,1023.0,1023.77,75852.5557,1
1785709200000,74.06,74.06,73.99,73.99,1757.0,1757.22,130069.7118,1
1785709500000,74.02,74.02,73.85,73.92,41799.0,41799.99,3088646.8337,1
1785709800000,73.92,73.93,73.78,73.79,1175.0,1175.41,86857.178,1
1785710100000,73.79,73.8,73.68,73.68,1377.0,1377.97,101635.0259,1
1785710400000,73.67,73.8,73.66,73.79,264.0,264.81,19517.4005,1
1785710700000,73.79,73.84,73.67,73.67,164.0,164.5,12135.1122,1
1785711000000,73.67,73.67,73.63,73.64,4634.0,4634.33,341360.5849,1
1785711300000,73.63,73.64,73.61,73.61,2814.0,2814.1,207175.1644,1
1785711600000,73.6,73.63,73.54,73.55,1476.0,1476.0,108617.2562,1
1785711900000,73.54,73.55,73.46,73.52,20915.0,20915.19,1538221.0615,1
1785712200000,73.52,73.56,73.49,73.5,10386.0,10386.69,763987.7867,1
1785712500000,73.5,73.62,73.45,73.6,20992.0,20992.26,1544888.3723,1
1785712800000,73.6,73.6,73.52,73.56,167.0,167.25,12301.7901,1
1785713100000,73.56,73.6,73.54,73.54,4599.0,4599.76,338377.7326,1
1785713400000,73.54,73.59,73.52,73.59,5595.0,5595.95,411528.3647,1
1785713700000,73.59,73.6,73.51,73.52,187.0,187.07,13761.2954,1
1785714000000,73.52,73.52,73.49,73.51,120.0,120.2,8836.0963,1
1785714300000,73.52,73.55,73.49,73.49,93.0,93.67,6886.3449,1
1785714600000,73.49,73.51,73.45,73.45,20096.0,20096.02,1476690.7131,1
1785714900000,73.45,73.61,73.44,73.61,461.0,461.88,33978.3168,1
1785715200000,73.58,73.63,73.45,73.45,20927.0,20927.42,1538258.17,1
1785715500000,73.45,73.45,73.38,73.45,1234.0,1234.92,90641.0039,1
1785715800000,73.45,73.46,73.4,73.42,196.0,196.13,14401.3749,1
1785716100000,73.42,73.46,73.41,73.44,335.0,335.18,24617.0118,1
1785716400000,73.44,73.44,73.34,73.34,312.0,312.67,22934.6352,1
1785716700000,73.33,73.35,73.22,73.25,593.0,593.19,43481.6307,1
1785717000000,73.24,73.29,73.19,73.27,972.0,972.54,71209.6717,1
1785717300000,73.27,73.33,73.27,73.31,736.0,736.41,53984.0945,1
1785717600000,73.31,73.34,73.16,73.19,541.0,541.72,39660.5016,1
1785717900000,73.19,73.22,73.13,73.2,677.0,677.11,49552.7308,1
1785718200000,73.23,73.23,73.16,73.19,558.0,558.64,40897.7544,1
1785718500000,73.19,73.21,73.19,73.19,1988.0,1988.88,145586.282,1
1785718800000,73.17,73.23,73.1,73.23,647.0,647.75,47382.3874,1
1785719100000,73.23,73.23,73.08,73.15,978.0,978.25,71565.5915,1
1785719400000,73.14,73.16,72.97,73.08,1840.0,1840.52,134383.9735,1
1785719700000,73.08,73.1,73.02,73.06,1153.0,1153.77,84320.3799,1
1785720000000,73.06,73.06,73.0,73.04,274.0,274.87,20076.8516,1
1785720300000,73.04,73.13,72.96,73.0,232.0,232.16,16951.9132,1
1785720600000,73.0,73.07,72.98,73.01,615.0,615.35,44934.5833,1
1785720900000,73.01,73.01,72.92,72.96,400.0,400.75,29239.0402,1
1785721200000,72.95,73.01,72.93,73.0,210.0,210.62,15365.8801,1
1785721500000,73.02,73.02,72.97,72.98,1346.0,1346.55,98279.0618,1
1785721800000,72.98,72.98,72.9,72.9,461.0,461.99,33704.8414,1
1785722100000,72.91,73.01,72.91,72.98,219.0,219.46,16015.0816,1
1785722400000,72.98,73.02,72.92,73.02,278.0,278.07,20295.9858,1
1785722700000,73.01,73.01,72.87,72.96,695.0,695.06,50720.2709,1
1785723000000,72.96,72.96,72.89,72.95,398.0,398.54,29068.5486,1
1785723300000,72.95,73.04,72.95,73.04,287.0,287.37,20986.5133,1
1785723600000,73.04,73.11,73.04,73.06,290.0,290.59,21241.6073,1
1785723900000,73.08,73.09,72.93,72.93,90.0,90.48,6606.8506,1
1785724200000,72.95,73.02,72.92,73.02,160.0,160.72,11727.5484,1
1785724500000,73.06,73.08,73.0,73.07,257.0,257.12,18782.066,1
1785724800000,73.07,73.09,73.06,73.07,3083.0,3083.95,225399.4611,1
1785725100000,73.07,73.07,73.04,73.06,64.0,64.46,4709.3233,1
1785725400000,73.04,73.07,72.98,72.98,101.0,101.59,7418.4163,1
1785725700000,72.98,72.99,72.96,72.99,121.0,121.64,8875.7385,1
1785726000000,72.98,73.07,72.97,73.06,163.0,163.2,11918.6179,1
1785726300000,73.04,73.08,72.99,73.02,186.0,186.46,13615.0638,1
1785726600000,73.02,73.05,72.97,72.99,146.0,146.93,10728.401,1
1785726900000,72.99,73.04,72.96,72.99,160.0,160.36,11706.0715,1
1785727200000,73.0,73.01,72.95,72.95,1792.0,1792.95,130844.3938,1
1785727500000,72.96,73.03,72.96,73.0,4156.0,4156.62,303535.7052,1
1785727800000,73.0,73.0,72.94,72.95,500.0,500.84,36533.153,1
1785728100000,72.97,72.98,72.92,72.93,439.0,439.69,32066.9901,1
1785728400000,72.91,72.92,72.9,72.92,17.0,17.85,1301.5805,1
1785728700000,72.92,72.93,72.63,72.84,5196.0,5196.5,378271.6271,1
1785729000000,72.84,72.95,72.84,72.93,321.0,321.64,23453.1118,1
1785729300000,72.92,72.96,72.86,72.86,212.0,212.41,15489.2109,1
1785729600000,72.86,72.92,72.86,72.88,104.0,104.15,7590.6613,1
1785729900000,72.88,72.94,72.87,72.87,195.0,195.83,14279.2853,1
1785730200000,72.86,72.88,72.79,72.87,516.0,516.38,37608.9891,1
1785730500000,72.87,72.96,72.87,72.95,113.0,113.81,8299.5705,1
1785730800000,72.95,73.02,72.95,73.0,201.0,201.19,14686.7897,1
1785731100000,73.0,73.0,72.93,72.93,51.0,51.52,3758.3025,1
1785731400000,72.91,73.01,72.91,73.01,199.0,199.18,14533.2452,1
1785731700000,73.01,73.01,72.99,73.01,60.0,60.2,4394.852,1
1785732000000,73.01,73.02,73.0,73.01,234.0,234.31,17106.6332,1
1785732300000,73.02,73.02,72.94,72.95,66.0,66.71,4868.5829,1
1785732600000,72.95,72.95,72.83,72.87,255.0,255.15,18589.7471,1
1785732900000,72.87,72.87,72.81,72.81,976.0,976.2,71084.842,1
1785733200000,72.81,72.88,72.81,72.82,954.0,954.11,69524.1157,1
1785733500000,72.82,72.95,72.82,72.95,352.0,352.35,25686.4297,1
1785733800000,72.95,73.0,72.95,73.0,447.0,447.57,32660.6237,1
1785734100000,73.0,73.0,72.87,72.92,289.0,289.94,21133.0626,1
1785734400000,72.92,72.92,72.86,72.9,33.0,33.34,2429.8858,1
1785734700000,72.88,72.91,72.87,72.87,70.0,70.37,5129.2993,1
1785735000000,72.87,72.89,72.83,72.84,968.0,968.93,70590.2733,1
1785735300000,72.84,72.87,72.82,72.87,1502.0,1502.1,109399.2196,1
1785735600000,72.85,72.89,72.81,72.81,387.0,387.12,28210.1298,1
1785735900000,72.81,72.86,72.79,72.86,47.0,47.9,3487.969,1
1785736200000,72.86,72.87,72.83,72.84,481.0,481.32,35060.8646,1
1785736500000,72.85,72.88,72.85,72.88,41.0,41.3,3009.384,1
1785736800000,72.88,72.91,72.87,72.91,79.0,79.29,5779.777,1
1785737100000,72.91,72.95,72.91,72.91,212.0,212.72,15512.0968,1
1785737400000,72.92,72.92,72.87,72.89,90.0,90.71,6611.442,1
1785737700000,72.89,72.91,72.86,72.86,613.0,613.05,44674.523,1
1785738000000,72.86,72.86,72.82,72.84,57.0,57.24,4169.2392,1
1785738300000,72.84,72.85,72.8,72.81,109.0,109.0,7937.12,1
1785738600000,72.81,72.84,72.79,72.79,39.0,39.01,2840.7967,1
1785738900000,72.75,72.75,72.61,72.62,886.0,886.13,64405.8164,1
1785739200000,72.61,72.62,72.52,72.52,1514.0,1514.5,109946.0778,1
1785739500000,72.52,72.58,72.48,72.58,1044.0,1044.15,75722.398,1
1785739800000,72.59,72.65,72.59,72.61,2012.0,2012.1,146161.9161,1
1785740100000,72.6,72.63,72.56,72.57,398.0,398.4,28919.1672,1
1785740400000,72.57,72.59,72.52,72.57,723.0,723.52,52492.4376,1
1785740700000,72.57,72.6,72.52,72.56,495.0,495.15,35937.3577,1
1785741000000,72.56,72.59,72.54,72.54,445.0,445.71,32349.5582,1
1785741300000,72.51,72.52,72.41,72.51,2517.0,2517.4,182388.0348,1
1785741600000,72.51,72.58,72.51,72.58,955.0,955.4,69301.7292,1
1785741900000,72.58,72.59,72.56,72.56,612.0,612.82,44475.7319,1
1785742200000,72.56,72.65,72.56,72.65,538.0,538.57,39116.0784,1
1785742500000,72.65,72.65,72.56,72.57,116.0,116.06,8425.868,1
1785742800000,72.57,72.58,72.52,72.53,245.0,245.55,17810.6235,1
1785743100000,72.53,72.54,72.51,72.51,167.0,167.59,12155.7847,1
1785743400000,72.5,72.51,72.47,72.51,212.0,212.8,15424.7519,1
1785743700000,72.51,72.53,72.45,72.48,143.0,143.54,10405.7738,1
1785744000000,72.48,72.51,72.42,72.42,188.0,188.42,13651.8903,1
1785744300000,72.42,72.48,72.4,72.43,468.0,468.04,33898.2845,1
1785744600000,72.43,72.5,72.43,72.48,100.0,100.06,7251.203,1
1785744900000,72.48,72.49,72.36,72.39,587.0,587.81,42557.2886,1
1785745200000,72.39,72.39,72.17,72.25,3216.0,3216.56,232383.1314,1
1785745500000,72.25,72.25,72.0,72.03,1543.0,1543.99,111286.5838,1
1785745800000,72.03,72.09,71.97,72.07,1562.0,1562.53,112593.7861,1
1785746100000,72.07,72.17,72.04,72.11,342.0,342.52,24712.5317,1
1785746400000,72.13,72.2,72.12,72.2,452.0,452.33,32640.2932,1
1785746700000,72.19,72.21,72.17,72.18,486.0,486.13,35092.7272,1
1785747000000,72.18,72.33,72.18,72.33,315.0,315.57,22808.6178,1
1785747300000,72.33,72.36,72.32,72.33,187.0,187.68,13575.5863,1
1785747600000,72.32,72.33,72.29,72.32,435.0,435.58,31489.5781,1
1785747900000,72.32,72.34,72.32,72.33,466.0,466.53,33746.5913,1
1785748200000,72.33,72.35,72.31,72.31,1643.0,1643.6,118908.265,1
1785748500000,72.31,72.38,72.31,72.37,564.0,564.18,40822.8115,1
1785748800000,72.37,72.42,72.37,72.39,283.0,283.39,20514.0479,1
1785749100000,72.39,72.43,72.39,72.43,164.0,164.51,11914.401,1
1785749400000,72.43,72.49,72.41,72.46,1054.0,1054.53,76379.1126,1
1785749700000,72.47,72.48,72.44,72.47,197.0,197.96,14344.2289,1
1785750000000,72.47,72.53,72.47,72.53,7752.0,7752.87,562235.2099,1
1785750300000,72.51,72.57,72.51,72.56,722.0,722.59,52421.2652,1
1785750600000,72.56,72.61,72.56,72.6,1139.0,1139.74,82737.5883,1
1785750900000,72.61,72.77,72.61,72.71,1939.0,1939.67,141053.2631,1
1785751200000,72.7,72.77,72.65,72.66,849.0,849.36,61735.4274,1
1785751500000,72.66,72.68,72.62,72.64,846.0,846.27,61471.2811,1
1785751800000,72.64,72.68,72.64,72.65,421.0,421.13,30597.9471,1
1785752100000,72.65,72.66,72.6,72.64,123.0,123.7,8984.5796,1
1785752400000,72.64,72.71,72.62,72.62,1112.0,1112.18,80826.885,1
1785752700000,72.62,72.63,72.57,72.57,1471.0,1471.13,106772.2026,1
1785753000000,72.57,72.57,72.53,72.56,534.0,534.76,38797.0296,1
1785753300000,72.57,72.6,72.56,72.6,319.0,319.42,23182.7388,1
1785753600000,72.6,72.63,72.59,72.63,398.0,398.97,28973.6196,1
1785753900000,72.63,72.64,72.54,72.54,393.0,393.73,28569.0598,1
1785754200000,72.54,72.55,72.5,72.55,93.0,93.59,6787.7687,1
1785754500000,72.55,72.62,72.53,72.58,1135.0,1135.62,82437.888,1
1785754800000,72.6,72.6,72.48,72.49,881.0,881.56,63949.5708,1
1785755100000,72.49,72.49,72.38,72.38,1161.0,1161.6,84108.9967,1
1785755400000,72.41,72.41,72.35,72.4,1007.0,1007.32,72919.0473,1
1785755700000,72.4,72.55,72.39,72.54,1437.0,1437.77,104169.0112,1
1785756000000,72.54,72.57,72.52,72.56,133.0,133.68,9698.0882,1
1785756300000,72.55,72.55,72.45,72.45,47.0,47.58,3450.2258,1
1785756600000,72.46,72.58,72.45,72.58,2424.0,2424.83,175898.8668,1
1785756900000,72.57,72.62,72.57,72.6,857.0,857.17,62222.614,1
1785757200000,72.6,72.6,72.52,72.54,563.0,563.57,40875.0412,1
1785757500000,72.54,72.54,72.49,72.51,1926.0,1926.47,139706.4174,1
1785757800000,72.51,72.51,72.45,72.45,370.0,370.92,26890.768,1
1785758100000,72.45,72.46,72.37,72.43,561.0,561.26,40661.7456,1
1785758400000,72.43,72.45,72.37,72.37,204.0,204.7,14821.6567,1
1785758700000,72.37,72.4,72.3,72.38,385.0,385.85,27916.0243,1
1785759000000,72.36,72.47,72.35,72.47,2358.0,2358.26,170863.3826,1
1785759300000,72.47,72.53,72.41,72.51,635.0,635.33,46032.5872,1
1785759600000,72.51,72.51,72.46,72.48,449.0,449.41,32565.1483,1
1785759900000,72.48,72.48,72.42,72.44,4854.0,4854.47,351610.7142,1
1785760200000,72.44,72.45,72.41,72.43,513.0,513.5,37197.3553,1
1785760500000,72.42,72.45,72.4,72.41,309.0,309.02,22376.3078,1
1785760800000,72.42,72.47,72.4,72.47,512.0,512.13,37093.6512,1
1785761100000,72.48,72.49,72.42,72.42,356.0,356.5,25830.2161,1
1785761400000,72.42,72.44,72.42,72.43,77.0,77.61,5621.2988,1
1785761700000,72.43,72.45,72.38,72.38,641.0,641.27,46434.8972,1
1785762000000,72.38,72.43,72.36,72.36,959.0,959.73,69474.9633,1
1785762300000,72.35,72.41,72.35,72.4,1295.0,1295.18,93743.2946,1
1785762600000,72.4,72.45,72.39,72.41,136.0,136.82,9907.7144,1
1785762900000,72.41,72.67,72.41,72.67,3045.0,3045.84,221031.7661,1
1785763200000,72.68,72.74,72.62,72.62,2626.0,2626.28,190893.4718,1
1785763500000,72.61,72.62,72.4,72.47,3751.0,3751.15,271932.7832,1
1785763800000,72.47,72.5,72.31,72.44,4693.0,4693.16,339802.9335,1
1785764100000,72.43,72.83,72.42,72.77,5639.0,5639.58,409811.386,1
1785764400000,72.78,72.82,72.68,72.75,2461.0,2461.35,179164.256,1
1785764700000,72.75,72.9,72.64,72.8,2553.0,2553.16,185709.4734,1
1785765000000,72.8,73.05,72.72,73.05,6434.0,6434.91,469465.0261,1
1785765300000,73.05,73.25,73.05,73.23,6126.0,6126.57,448221.1628,1
1785765600000,73.24,73.29,73.03,73.24,3790.0,3790.46,277283.7121,1
1785765900000,73.23,73.32,73.08,73.13,2475.0,2475.9,181252.5709,1
1785766200000,73.14,73.33,73.08,73.13,2575.0,2575.3,188519.1243,1
1785766500000,73.13,73.31,73.07,73.2,2142.0,2142.81,156861.3285,1
1785766800000,73.16,73.26,72.98,73.26,2938.0,2938.0,214750.6077,1
1785767100000,73.28,73.67,73.26,73.63,4195.0,4195.11,308134.2247,1
1785767400000,73.64,73.67,73.47,73.56,4647.0,4647.7,341933.0428,1
1785767700000,73.51,73.72,73.45,73.59,2880.0,2880.91,211947.9579,1
1785768000000,73.63,73.69,73.49,73.58,3311.0,3311.26,243603.7818,1
1785768300000,73.58,73.58,73.41,73.49,6710.0,6710.56,493031.3702,1
1785768600000,73.49,73.65,73.49,73.61,1051.0,1051.69,77350.9998,1
1785768900000,73.62,73.75,73.62,73.75,2928.0,2928.18,215771.4482,1
1785769200000,73.76,73.78,73.62,73.63,5515.0,5515.57,406313.2319,1
1785769500000,73.64,73.66,73.54,73.59,1828.0,1828.43,134581.912,1
1785769800000,73.58,73.65,73.48,73.54,531.0,531.11,39062.3731,1
1785770100000,73.58,73.61,73.5,73.6,1542.0,1542.66,113476.4612,1
1785770400000,73.6,73.66,73.55,73.63,597.0,597.93,44005.5745,1
1785770700000,73.63,73.67,73.55,73.59,1115.0,1115.73,82103.1502,1
1785771000000,73.6,73.67,73.54,73.54,400.0,400.14,29458.8996,1
1785771300000,73.52,73.68,73.52,73.68,810.0,810.59,59664.1352,1
1785771600000,73.7,73.7,73.52,73.56,1139.0,1139.18,83817.4595,1
1785771900000,73.59,73.66,73.58,73.61,388.0,388.52,28609.4217,1
1785772200000,73.61,73.66,73.59,73.63,244.0,244.81,18026.5555,1
1785772500000,73.63,73.63,73.44,73.57,1816.0,1816.73,133599.7246,1
1785772800000,73.6,73.78,73.51,73.63,865.0,865.82,63772.3288,1
1785773100000,73.63,73.63,73.42,73.53,728.0,728.38,53576.9044,1
1785773400000,73.51,73.56,73.47,73.54,923.0,923.78,67916.4446,1
1785773700000,73.54,73.69,73.54,73.6,861.0,861.32,63413.8489,1
1785774000000,73.6,73.64,73.55,73.6,834.0,834.78,61433.6348,1
1785774300000,73.6,73.63,73.51,73.52,159.0,159.6,11743.3202,1
1785774600000,73.54,73.54,73.43,73.49,517.0,517.41,38009.0572,1
1785774900000,73.48,73.51,73.37,73.38,2870.0,2870.99,210845.9384,1
1785775200000,73.39,73.39,73.2,73.29,1200.0,1200.03,87911.9195,1
1785775500000,73.3,73.5,73.29,73.46,1051.0,1051.38,77207.8636,1
1785775800000,73.45,73.45,73.3,73.3,3287.0,3287.27,241344.8495,1
1785776100000,73.3,73.39,73.3,73.38,1018.0,1018.81,74720.7438,1
1785776400000,73.39,73.39,73.28,73.38,498.0,498.35,36547.1218,1
1785776700000,73.39,73.48,73.39,73.47,622.0,622.64,45734.7983,1
1785777000000,73.47,73.64,73.46,73.59,909.0,909.2,66898.4241,1
1785777300000,73.59,73.63,73.57,73.57,291.0,291.52,21452.8702,1
1785777600000,73.56,73.84,73.51,73.78,4237.0,4237.3,312192.1907,1
1785777900000,73.76,73.77,73.57,73.59,3144.0,3144.09,231445.8309,1
1785778200000,73.59,73.66,73.57,73.66,217.0,217.77,16026.6445,1
1785778500000,73.66,73.75,73.61,73.62,317.0,317.1,23353.8569,1
1785778800000,73.62,73.73,73.6,73.69,1070.0,1070.14,78869.5055,1
1785779100000,73.71,73.77,73.68,73.68,222.0,222.63,16415.3791,1
1785779400000,73.7,73.7,73.62,73.62,157.0,157.0,11562.6813,1
1785779700000,73.62,73.67,73.58,73.67,222.0,222.01,16350.1047,1
1785780000000,73.67,73.76,73.66,73.76,397.0,397.25,29274.7005,1
1785780300000,73.76,74.01,73.76,73.92,3429.0,3429.59,253405.275,1
1785780600000,73.93,74.09,73.92,74.06,1692.0,1692.14,125217.711,1
1785780900000,74.04,74.24,74.04,74.07,4752.0,4752.08,352408.7567,1
1785781200000,74.07,74.16,74.06,74.07,1247.0,1247.75,92463.4321,1
1785781500000,74.07,74.08,73.93,73.95,5782.0,5782.9,428046.0718,1
1785781800000,73.95,74.05,73.92,73.96,519.0,519.91,38476.1939,1
1785782100000,73.96,74.0,73.95,73.96,452.0,452.85,33502.0733,1
1785782400000,73.98,73.98,73.91,73.97,363.0,363.39,26871.2211,1
1785782700000,73.97,73.99,73.85,73.99,404.0,404.66,29915.6856,1
1785783000000,73.99,74.04,73.95,74.04,656.0,656.76,48595.806,1
1785783300000,74.04,74.04,73.94,73.95,360.0,360.98,26716.418,1
1785783600000,73.97,74.03,73.94,74.01,344.0,344.8,25504.8322,1
1785783900000,74.01,74.04,73.94,73.99,355.0,355.33,26292.0522,1
1785784200000,73.99,74.01,73.93,73.98,86.0,86.94,6432.7312,1
1785784500000,74.01,74.08,73.99,73.99,1343.0,1343.96,99539.1358,1
1785784800000,73.99,74.05,73.98,74.05,205.0,205.84,15234.7983,1
1785785100000,74.05,74.12,74.03,74.07,566.0,566.15,41952.465,1
1785785400000,74.07,74.15,74.07,74.14,899.0,899.26,66636.2087,1
1785785700000,74.14,74.16,73.99,73.99,420.0,420.41,31126.2919,1
1785786000000,73.97,74.03,73.97,74.02,166.0,166.16,12295.9937,1
1785786300000,74.04,74.06,74.0,74.01,698.0,698.73,51720.0804,1
1785786600000,74.02,74.05,74.01,74.04,465.0,465.55,34467.0135,1
1785786900000,74.0,74.08,73.97,73.98,310.0,310.33,22965.3305,1
1785787200000,73.98,73.99,73.88,73.94,988.0,988.34,73051.4474,1
1785787500000,73.94,74.01,73.94,74.0,188.0,188.67,13957.1212,1
1785787800000,74.01,74.01,73.98,73.98,159.0,159.53,11806.1738,1
1785788100000,73.97,74.1,73.97,74.08,490.0,490.16,36297.736,1
1785788400000,74.08,74.11,74.0,74.0,800.0,800.54,59262.7922,1
1785788700000,74.0,74.02,73.96,73.99,369.0,369.65,27345.4066,1
1785789000000,73.99,74.0,73.93,73.95,187.0,187.19,13844.5879,1
1785789300000,73.98,73.98,73.95,73.95,957.0,957.36,70811.302,1
1785789600000,73.95,73.97,73.95,73.96,93.0,93.01,6878.9969,1
1785789900000,73.96,73.97,73.79,73.8,971.0,971.3,71748.4675,1
1785790200000,73.82,73.84,73.75,73.79,1986.0,1986.07,146585.1852,1
1785790500000,73.79,73.83,73.79,73.83,47.0,47.21,3484.5782,1
1785790800000,73.84,73.85,73.75,73.75,259.0,259.44,19138.425,1
1785791100000,73.75,73.8,73.75,73.76,137.0,137.44,10140.3809,1
1785791400000,73.76,73.77,73.71,73.76,396.0,396.44,29227.0129,1
1785791700000,73.75,73.81,73.71,73.74,334.0,334.08,24638.7974,1
1785792000000,73.74,73.76,73.71,73.72,300.0,300.22,22134.6348,1
1785792300000,73.72,73.76,73.69,73.76,271.0,271.47,20014.2142,1
1785792600000,73.76,73.79,73.74,73.75,462.0,462.77,34139.1551,1
1785792900000,73.73,73.74,73.73,73.74,213.0,213.67,15755.5436,1
1785793200000,73.8,73.8,73.73,73.76,254.0,254.85,18801.3122,1
1785793500000,73.74,73.75,73.69,73.69,408.0,408.34,30097.6638,1
1785793800000,73.69,73.72,73.65,73.65,155.0,155.7,11471.2178,1
1785794100000,73.65,73.7,73.65,73.69,814.0,814.72,60035.7123,1
1785794400000,73.69,73.7,73.46,73.49,1090.0,1090.45,80180.5539,1
1785794700000,73.45,73.49,73.33,73.48,3192.0,3192.61,234308.6767,1
1785795000000,73.5,73.54,73.46,73.52,5141.0,5141.86,378064.3763,1
1785795300000,73.53,73.68,73.51,73.61,856.0,856.02,63026.3315,1
1785795600000,73.61,73.61,73.52,73.55,798.0,798.91,58762.9357,1
1785795900000,73.55,73.55,73.51,73.53,86.0,86.11,6331.1774,1
1785796200000,73.5,73.53,73.49,73.53,316.0,316.41,23255.9131,1
1785796500000,73.5,73.5,73.4,73.4,165.0,165.14,12127.6857,1
1785796800000,73.4,73.42,73.39,73.41,212.0,212.59,15604.8719,1
1785797100000,73.41,73.48,73.38,73.48,937.0,937.16,68787.9029,1
1785797400000,73.48,73.53,73.48,73.53,95.0,95.33,7006.8158,1
1785797700000,73.53,73.53,73.5,73.51,34.0,34.08,2505.1204,1
1785798000000,73.51,73.51,73.4,73.45,108.0,108.49,7968.8613,1
1785798300000,73.45,73.45,73.37,73.44,375.0,375.43,27555.427,1
1785798600000,73.44,73.44,73.38,73.38,66.0,66.77,4902.3534,1
1785798900000,73.38,73.48,73.38,73.43,290.0,290.24,21315.5754,1
1785799200000,73.43,73.47,73.41,73.45,17.0,17.68,1298.4124,1
1785799500000,73.43,73.48,73.42,73.47,132.0,132.84,9754.7788,1
1785799800000,73.47,73.47,73.43,73.44,77.0,77.0,5655.0,1
1785800100000,73.44,73.44,73.38,73.41,2002.0,2002.77,147033.7603,1
1785800400000,73.38,73.46,73.38,73.45,167.0,167.8,12317.8696,1
1785800700000,73.43,73.51,73.43,73.49,164.0,164.74,12106.2292,1
1785801000000,73.49,73.5,73.47,73.48,34.0,34.0,2498.55,1
1785801300000,73.48,73.54,73.48,73.53,520.0,520.37,38265.0667,1
1785801600000,73.48,73.57,73.47,73.57,751.0,751.81,55291.7998,1
1785801900000,73.57,73.6,73.54,73.57,284.0,284.11,20907.3405,1
1785802200000,73.57,73.59,73.44,73.51,319.0,319.21,23466.8479,1
1785802500000,73.49,73.5,73.44,73.48,171.0,171.96,12635.2295,1
1785802800000,73.48,73.56,73.44,73.48,224.0,224.62,16505.7628,1
1785803100000,73.47,73.49,73.4,73.44,362.0,362.88,26650.6378,1
1785803400000,73.44,73.44,73.25,73.26,1817.0,1817.61,133232.6291,1
1785803700000,73.24,73.25,73.11,73.16,2268.0,2268.01,165942.1893,1
1785804000000,73.16,73.18,73.06,73.18,694.0,694.79,50804.5481,1
1785804300000,73.19,73.19,73.11,73.18,181.0,181.1,13247.0514,1
1785804600000,73.17,73.23,73.1,73.11,346.0,346.85,25376.4947,1
1785804900000,73.13,73.13,73.01,73.04,984.0,984.79,71940.1831,1
1785805200000,73.04,73.16,73.02,73.03,793.0,793.68,57996.0988,1
1785805500000,73.03,73.18,73.03,73.16,186.0,186.57,13643.8185,1
1785805800000,73.16,73.19,73.06,73.1,121.0,121.81,8906.8889,1
1785806100000,73.1,73.15,73.06,73.15,205.0,205.13,14995.5292,1
1785806400000,73.16,73.24,73.13,73.13,132.0,132.48,9696.7805,1
1785806700000,73.13,73.15,73.08,73.15,139.0,139.98,10236.0858,1
1785807000000,73.15,73.51,73.15,73.48,1941.0,1941.95,142373.7561,1
1785807300000,73.52,73.55,73.45,73.47,583.0,583.18,42870.5381,1
1785807600000,73.47,73.72,73.47,73.65,761.0,761.68,56092.0753,1
1785807900000,73.65,73.75,73.58,73.62,1073.0,1073.8,79136.6304,1
1785808200000,73.62,73.75,73.59,73.73,881.0,881.84,65013.8853,1
1785808500000,73.72,73.74,73.67,73.72,269.0,269.74,19875.0398,1
1785808800000,73.76,73.82,73.74,73.77,1180.0,1180.53,87126.1766,1
1785809100000,73.77,73.77,73.69,73.76,740.0,740.4,54581.9946,1
1785809400000,73.78,73.79,73.73,73.73,209.0,209.34,15437.3822,1
1785809700000,73.73,73.79,73.71,73.73,191.0,191.26,14102.8419,1
1785810000000,73.73,73.73,73.66,73.69,309.0,309.16,22776.8759,1
1785810300000,73.7,73.79,73.69,73.72,254.0,254.95,18805.8415,1
1785810600000,73.73,73.93,73.71,73.93,721.0,721.09,53292.3178,1
1785810900000,73.92,74.07,73.91,73.95,2097.0,2097.84,155196.0448,1
1785811200000,73.94,73.94,73.9,73.94,217.0,217.0,16041.073,1
1785811500000,73.94,73.96,73.9,73.9,322.0,322.29,23827.0626,1
1785811800000,73.9,73.93,73.86,73.86,943.0,943.47,69732.1304,1
1785812100000,73.86,73.86,73.82,73.85,144.0,144.59,10677.7898,1
1785812400000,73.87,73.87,73.79,73.81,107.0,107.98,7972.3743,1
1785812700000,73.82,73.82,73.7,73.74,1321.0,1321.8,97454.9767,1
1785813000000,73.74,73.74,73.56,73.56,857.0,857.15,63069.0916,1
1785813300000,73.55,73.55,73.47,73.47,626.0,626.69,46070.8534,1
1785813600000,73.47,73.55,73.47,73.47,134.0,134.33,9872.8097,1
1785813900000,73.46,73.57,73.46,73.53,464.0,464.8,34167.5494,1
1785814200000,73.52,73.67,73.52,73.61,503.0,503.53,37050.2926,1
1785814500000,73.61,73.7,73.61,73.69,309.0,309.42,22795.469,1
1785814800000,73.69,73.72,73.67,73.7,227.0,227.32,16755.1452,1
1785815100000,73.7,73.74,73.65,73.72,618.0,618.23,45552.9487,1
1785815400000,73.72,73.76,73.72,73.72,172.0,172.88,12749.1112,1
1785815700000,73.72,73.72,73.66,73.66,120.0,120.71,8893.3912,1
1785816000000,73.66,73.69,73.63,73.65,47.0,47.04,3465.0326,1
1785816300000,73.65,73.65,73.57,73.61,273.0,273.0,20094.6028,1
1785816600000,73.63,73.66,73.61,73.61,210.0,210.95,15535.0542,1
1785816900000,73.63,73.76,73.62,73.76,147.0,147.82,10892.7788,1
1785817200000,73.76,73.78,73.74,73.74,68.0,68.5,5052.7494,1
1785817500000,73.74,73.74,73.69,73.69,241.0,241.49,17797.9438,1
1785817800000,73.69,73.76,73.68,73.75,208.0,208.73,15386.5332,1
1785818100000,73.75,73.9,73.71,73.9,368.0,368.31,27178.1619,1
1785818400000,73.9,73.9,73.84,73.89,8983.0,8983.8,663697.028,1
1785818700000,73.89,74.07,73.87,73.96,9100.0,9100.39,672370.5815,1
1785819000000,73.96,73.97,73.91,73.93,535.0,535.0,39561.6068,1
1785819300000,73.93,73.95,73.8,73.8,350.0,350.27,25868.4357,1
1785819600000,73.81,73.85,73.75,73.79,144.0,144.13,10636.0495,1
1785819900000,73.79,73.8,73.75,73.75,127.0,127.03,9369.5479,1
1785820200000,73.75,73.77,73.67,73.68,886.0,886.84,65375.8284,1
1785820500000,73.68,73.74,73.68,73.74,557.0,557.3,41071.5475,1
1785820800000,73.74,73.79,73.73,73.75,50.0,50.39,3716.4803,1
1785821100000,73.73,73.73,73.69,73.7,118.0,118.24,8713.5642,1
1785821400000,73.7,73.75,73.7,73.74,269.0,269.73,19886.7599,1
1785821700000,73.74,73.76,73.73,73.76,85.0,85.8,6326.832,1
1785822000000,73.76,73.76,73.72,73.75,188.0,188.96,13935.1173,1
1785822300000,73.75,73.75,73.71,73.71,105.0,105.12,7751.0557,1
1785822600000,73.71,73.73,73.71,73.73,32.0,32.43,2390.7839,1
1785822900000,73.73,73.73,73.7,73.72,41.0,41.53,3061.2216,1
1785823200000,73.72,73.73,73.65,73.73,628.0,628.42,46291.9627,1
1785823500000,73.75,73.76,73.75,73.76,46.0,46.18,3405.9631,1
1785823800000,73.76,73.8,73.74,73.78,870.0,870.26,64218.925,1
1785824100000,73.78,73.88,73.73,73.88,696.0,696.73,51402.6562,1
1785824400000,73.85,73.85,73.76,73.76,1921.0,1921.93,141819.4864,1
1785824700000,73.76,73.76,73.65,73.65,1613.0,1613.86,118971.6937,1
1785825000000,73.65,73.66,73.63,73.66,939.0,939.95,69221.8878,1
1785825300000,73.66,73.66,73.51,73.51,392.0,392.66,28888.6561,1
1785825600000,73.5,73.5,73.41,73.42,306.0,306.68,22523.1203,1
1785825900000,73.41,73.44,73.39,73.41,117.0,117.88,8654.0058,1
1785826200000,73.41,73.41,73.4,73.4,258.0,258.45,18972.4587,1
1785826500000,73.4,73.4,73.37,73.39,309.0,309.67,22726.2763,1
1785826800000,73.39,73.39,73.36,73.37,101.0,101.97,7480.7885,1
1785827100000,73.37,73.45,73.37,73.38,804.0,804.92,59073.9163,1
1785827400000,73.38,73.38,73.32,73.34,362.0,362.7,26606.4336,1
1785827700000,73.34,73.34,73.24,73.24,551.0,551.65,40416.1555,1
1785828000000,73.22,73.23,73.17,73.2,2078.0,2078.78,152193.0899,1
1785828300000,73.2,73.36,73.2,73.36,931.0,931.43,68271.7108,1
1785828600000,73.36,73.61,73.36,73.59,2190.0,2190.23,160818.8919,1
1785828900000,73.56,73.59,73.51,73.53,600.0,600.87,44186.4414,1
1785829200000,73.53,73.55,73.53,73.53,10.0,10.0,735.34,1
1785829500000,73.55,73.68,73.55,73.68,181.0,181.97,13401.3447,1
1785829800000,73.68,73.7,73.66,73.67,199.0,199.08,14668.9924,1
1785830100000,73.68,73.71,73.66,73.66,778.0,778.1,57338.4389,1
1785830400000,73.66,73.72,73.63,73.63,229.0,229.19,16886.2013,1
1785830700000,73.62,73.68,73.55,73.56,146.0,146.43,10778.6677,1
1785831000000,73.56,73.58,73.54,73.55,27.0,27.28,2006.3712,1
1785831300000,73.55,73.55,73.4,73.41,628.0,628.44,46159.5311,1
1785831600000,73.41,73.42,73.36,73.42,221.0,221.5,16251.8327,1
1785831900000,73.41,73.49,73.41,73.42,107.0,107.49,7894.8752,1
1785832200000,73.42,73.42,73.27,73.35,339.0,339.25,24878.4645,1
1785832500000,73.34,73.39,73.33,73.39,221.0,221.12,16223.0152,1
1785832800000,73.39,73.42,73.35,73.42,240.0,240.9,17675.231,1
1785833100000,73.42,73.42,73.3,73.37,165.0,165.33,12126.189,1
1785833400000,73.37,73.39,73.36,73.36,208.0,208.08,15268.5912,1
1785833700000,73.36,73.38,73.34,73.34,181.0,181.83,13338.3126,1
1785834000000,73.33,73.33,73.26,73.29,110.0,110.5,8097.432,1
1785834300000,73.29,73.29,73.22,73.23,600.0,600.94,44027.314,1
1785834600000,73.23,73.24,73.22,73.22,294.0,294.36,21555.6178,1
1785834900000,73.22,73.24,73.14,73.14,96.0,96.98,7098.3314,1
1785835200000,73.14,73.25,73.14,73.25,644.0,644.33,47177.0947,1
1785835500000,73.25,73.26,73.22,73.22,179.0,179.09,13114.1195,1
1785835800000,73.22,73.25,73.16,73.25,878.0,878.7,64326.9163,1
1785836100000,73.25,73.29,73.21,73.21,91.0,91.29,6685.8637,1
1785836400000,73.21,73.27,73.21,73.24,37.0,37.1,2717.664,1
1785836700000,73.22,73.23,73.2,73.22,331.0,331.9,24301.7276,1
1785837000000,73.22,73.24,73.2,73.23,1449.0,1449.68,106161.3752,1
1785837300000,73.23,73.27,73.22,73.26,480.0,480.0,35164.08,1
1785837600000,73.27,73.27,73.16,73.17,659.0,659.01,48257.7401,1
1785837900000,73.15,73.23,73.15,73.2,515.0,515.27,37727.5438,1
1785838200000,73.2,73.22,73.16,73.18,137.0,137.86,10091.5072,1
1785838500000,73.15,73.18,73.1,73.18,1869.0,1869.59,136738.3459,1
1785838800000,73.18,73.25,73.18,73.21,258.0,258.95,18961.1347,1
1785839100000,73.21,73.21,73.07,73.08,3580.0,3580.8,261792.6048,1
1785839400000,73.09,73.14,73.08,73.14,412.0,412.72,30170.3442,1
1785839700000,73.12,73.13,73.07,73.13,592.0,592.53,43323.5898,1
1785840000000,73.13,73.33,73.13,73.32,3982.0,3982.02,291311.4695,1
1785840300000,73.32,73.61,73.29,73.53,2353.0,2353.62,173044.4627,1
1785840600000,73.51,73.66,73.47,73.54,1273.0,1273.25,93634.8478,1
1785840900000,73.55,73.59,73.54,73.58,263.0,263.18,19365.035,1
1785841200000,73.62,73.65,73.55,73.59,457.0,457.27,33652.602,1
1785841500000,73.61,73.61,73.51,73.58,888.0,888.81,65361.8153,1
1785841800000,73.57,73.57,73.55,73.57,174.0,174.47,12833.6091,1
1785842100000,73.57,73.57,73.52,73.52,1125.0,1125.4,82755.1894,1
1785842400000,73.55,73.71,73.55,73.61,1719.0,1719.91,126677.6462,1
1785842700000,73.59,73.67,73.59,73.67,394.0,394.83,29070.8897,1
1785843000000,73.67,73.7,73.65,73.69,1187.0,1187.34,87472.4858,1
1785843300000,73.7,73.7,73.66,73.68,251.0,251.15,18502.9483,1
1785843600000,73.68,73.8,73.65,73.79,1006.0,1006.45,74232.7717,1
1785843900000,73.8,73.86,73.76,73.81,862.0,862.73,63690.9916,1
1785844200000,73.81,73.94,73.81,73.92,1145.0,1145.68,84672.2722,1
1785844500000,73.92,73.94,73.89,73.93,195.0,195.73,14469.5663,1
1785844800000,73.91,73.91,73.76,73.78,1957.0,1957.17,144466.4295,1
1785845100000,73.78,73.82,73.75,73.81,3186.0,3186.24,235173.3316,1
1785845400000,73.81,73.84,73.78,73.79,2148.0,2148.44,158597.7703,1
1785845700000,73.79,73.79,73.72,73.74,508.0,508.53,37500.846,1
1785846000000,73.73,73.85,73.73,73.8,787.0,787.47,58127.876,1
1785846300000,73.8,73.92,73.8,73.88,2702.0,2702.06,199599.0247,1
1785846600000,73.88,73.94,73.84,73.94,2298.0,2298.91,169835.1235,1
1785846900000,73.94,74.04,73.94,73.97,2761.0,2761.0,204249.6442,1
1785847200000,73.94,73.98,73.93,73.93,1563.0,1563.43,115598.0383,1
1785847500000,73.93,73.93,73.81,73.81,3469.0,3469.83,256210.5885,1
1785847800000,73.81,73.87,73.81,73.81,419.0,419.56,30976.2054,1
1785848100000,73.81,73.83,73.78,73.78,152.0,152.47,11250.9536,1
1785848400000,73.77,73.82,73.68,73.79,1315.0,1315.0,97010.9451,1
1785848700000,73.79,73.85,73.79,73.8,3398.0,3398.86,250958.1399,1
1785849000000,73.8,73.84,73.8,73.83,209.0,209.65,15478.9852,1
1785849300000,73.83,73.83,73.71,73.71,149.0,149.0,10994.1053,1
1785849600000,73.72,73.9,73.72,73.76,3340.0,3340.48,246442.976,1
1785849900000,73.75,73.84,73.75,73.81,223.0,223.98,16529.1556,1
1785850200000,73.82,73.98,73.74,73.95,6483.0,6483.78,479192.2358,1
1785850500000,73.94,74.01,73.85,73.92,3715.0,3715.88,274703.279,1
1785850800000,73.96,73.99,73.92,73.92,2000.0,2000.92,148008.3695,1
1785851100000,73.91,73.94,73.64,73.76,4981.0,4981.62,367483.3858,1
1785851400000,73.74,73.82,73.69,73.72,903.0,903.39,66606.5597,1
1785851700000,73.73,73.73,73.55,73.6,4321.0,4321.68,318026.7819,1
1785852000000,73.62,73.67,73.41,73.67,5563.0,5563.0,409023.2954,1
1785852300000,73.66,73.8,73.6,73.61,2549.0,2549.5,187825.998,1
1785852600000,73.61,73.62,73.47,73.61,1373.0,1373.7,101060.2873,1
1785852900000,73.61,73.61,73.29,73.37,8524.0,8524.22,625286.6951,1
1785853200000,73.4,73.45,73.3,73.39,410.0,410.74,30140.8309,1
1785853500000,73.39,73.54,73.39,73.53,672.0,672.54,49429.8678,1
1785853800000,73.52,73.69,73.49,73.6,1513.0,1513.59,111361.7862,1
1785854100000,73.62,73.66,73.51,73.64,459.0,459.72,33827.7976,1
1785854400000,73.64,73.9,73.64,73.83,4281.0,4281.88,316147.7991,1
1785854700000,73.85,73.87,73.74,73.74,1827.0,1827.13,134917.5111,1
1785855000000,73.75,73.8,73.72,73.75,1283.0,1283.0,94624.0362,1
1785855300000,73.75,73.85,73.72,73.82,1017.0,1017.87,75096.9804,1
1785855600000,73.82,73.94,73.79,73.9,1310.0,1310.42,96787.487,1
1785855900000,73.87,73.89,73.79,73.81,768.0,768.8,56791.5092,1
1785856200000,73.81,73.85,73.71,73.83,1274.0,1274.01,94001.8668,1
1785856500000,73.8,73.86,73.73,73.73,548.0,548.36,40479.2321,1
1785856800000,73.73,73.77,73.71,73.71,655.0,655.19,48315.4158,1
1785857100000,73.72,73.78,73.54,73.58,2950.0,2950.3,217181.4863,1
1785857400000,73.58,73.64,73.44,73.48,972.0,972.27,71483.637,1
1785857700000,73.47,73.56,73.37,73.53,1696.0,1696.81,124681.2015,1
1785858000000,73.53,73.89,73.53,73.89,5556.0,5556.04,409530.7061,1
1785858300000,73.9,74.13,73.88,74.01,5484.0,5484.22,405921.3083,1
1785858600000,74.0,74.18,73.98,74.04,4241.0,4241.64,314283.4354,1
1785858900000,74.02,74.04,73.94,73.94,2877.0,2877.72,212894.0997,1
1785859200000,73.97,73.98,73.8,73.84,2098.0,2098.46,155068.588,1
1785859500000,73.83,73.91,73.78,73.84,1122.0,1122.55,82868.7142,1
1785859800000,73.83,73.94,73.81,73.87,708.0,708.28,52337.1581,1
1785860100000,73.87,73.94,73.81,73.92,1642.0,1642.74,121416.6431,1
1785860400000,73.92,73.97,73.87,73.91,627.0,627.25,46359.3373,1
1785860700000,73.85,73.98,73.83,73.83,1485.0,1485.39,109758.1942,1
1785861000000,73.82,73.88,73.76,73.84,1050.0,1050.98,77581.0683,1
1785861300000,73.83,73.83,73.66,73.75,2174.0,2174.2,160238.6727,1
1785861600000,73.74,73.76,73.62,73.7,1241.0,1241.47,91439.6538,1
1785861900000,73.69,73.75,73.68,73.73,494.0,494.61,36452.8751,1
1785862200000,73.73,73.76,73.59,73.59,439.0,439.65,32373.7641,1
1785862500000,73.59,73.71,73.58,73.71,2574.0,2574.1,189650.5607,1
1785862800000,73.71,74.03,73.69,74.03,1883.0,1883.5,139086.2899,1
1785863100000,74.01,74.22,73.97,74.06,3353.0,3353.54,248485.1992,1
1785863400000,74.05,74.05,73.98,73.99,2422.0,2422.39,179265.8301,1
1785863700000,74.02,74.02,73.93,73.94,946.0,946.72,70013.4816,1
1785864000000,73.94,74.08,73.92,73.92,2085.0,2085.27,154384.2832,1
1785864300000,73.92,74.1,73.92,74.08,1453.0,1453.98,107590.7982,1
1785864600000,74.08,74.09,74.0,74.06,2153.0,2153.53,159506.84,1
1785864900000,74.06,74.1,74.01,74.06,1464.0,1464.32,108453.9815,1
1785865200000,74.08,74.09,74.02,74.05,292.0,292.99,21698.5042,1
1785865500000,74.03,74.07,73.9,73.91,3124.0,3124.89,231371.828,1
1785865800000,73.9,73.9,73.74,73.82,2699.0,2699.45,199266.8951,1
1785866100000,73.8,73.8,73.71,73.74,1295.0,1295.85,95575.6045,1
1785866400000,73.74,73.93,73.74,73.91,2670.0,2670.37,197321.4484,1
1785866700000,73.93,74.09,73.93,73.98,4146.0,4146.87,306871.7293,1
1785867000000,73.98,74.1,73.94,74.1,2770.0,2770.27,204957.9452,1
1785867300000,74.12,74.2,74.08,74.19,12403.0,12403.14,919645.6201,1
1785867600000,74.19,74.29,74.19,74.27,5897.0,5897.68,437868.2448,1
1785867900000,74.28,74.38,74.24,74.28,9955.0,9955.74,739670.3713,1
1785868200000,74.28,74.31,74.2,74.2,6175.0,6175.67,458636.7319,1
1785868500000,74.21,74.22,74.06,74.07,1267.0,1267.28,93979.6849,1
1785868800000,74.07,74.12,74.02,74.12,2752.0,2752.84,203867.0672,1
1785869100000,74.14,74.2,74.11,74.11,2849.0,2849.98,211389.2907,1
1785869400000,74.09,74.12,74.09,74.1,639.0,639.43,47385.5367,1
1785869700000,74.1,74.12,74.07,74.1,1887.0,1887.43,139878.2585,1
1785870000000,74.1,74.17,74.08,74.15,1597.0,1597.66,118434.1009,1
1785870300000,74.15,74.21,74.11,74.21,3455.0,3455.72,256217.837,1
1785870600000,74.23,74.33,74.21,74.32,5215.0,5215.19,387353.0395,1
1785870900000,74.32,74.36,74.21,74.21,4315.0,4315.56,320692.6019,1
1785871200000,74.19,74.21,74.13,74.13,2467.0,2467.24,183057.307,1
1785871500000,74.14,74.19,74.12,74.13,182.0,182.57,13537.7101,1
1785871800000,74.13,74.23,74.13,74.18,332.0,332.51,24662.0849,1
1785872100000,74.18,74.33,74.14,74.19,211.0,211.96,15737.8274,1
1785872400000,74.2,74.25,74.16,74.22,158.0,158.25,11744.1904,1
1785872700000,74.22,74.27,74.18,74.21,253.0,253.73,18833.2624,1
1785873000000,74.19,74.22,74.11,74.14,620.0,620.47,46003.5312,1
1785873300000,74.12,74.24,74.11,74.15,160.0,160.87,11932.5636,1
1785873600000,74.14,74.2,74.06,74.13,979.0,979.31,72597.0747,1
1785873900000,74.07,74.15,74.06,74.12,162.0,162.98,12080.287,1
1785874200000,74.12,74.2,74.12,74.2,973.0,973.41,72211.5081,1
1785874500000,74.15,74.15,73.85,73.85,1164.0,1164.23,86125.8584,1
1785874800000,73.93,74.03,73.92,74.02,976.0,976.96,72239.5902,1
1785875100000,74.02,74.06,74.02,74.05,595.0,595.28,44075.8822,1
1785875400000,74.05,74.17,74.04,74.04,872.0,872.41,64676.5858,1
1785875700000,74.04,74.25,74.04,74.25,503.0,503.66,37358.9534,1
1785876000000,74.25,74.43,74.25,74.38,3314.0,3314.2,246501.1378,1
1785876300000,74.35,74.35,74.31,74.32,1939.0,1939.74,144168.1671,1
1785876600000,74.32,74.32,74.24,74.24,1792.0,1792.16,133124.9043,1
1785876900000,74.23,74.25,74.16,74.25,1206.0,1206.97,89545.7968,1
1785877200000,74.25,74.25,74.15,74.16,741.0,741.28,54987.6757,1
1785877500000,74.14,74.15,74.07,74.13,61.0,61.57,4563.2111,1
1785877800000,74.13,74.13,74.02,74.02,324.0,324.68,24049.0877,1
1785878100000,74.02,74.04,74.01,74.01,87.0,87.58,6482.1334,1
1785878400000,74.0,74.11,74.0,74.11,159.0,159.76,11829.4976,1
1785878700000,74.11,74.11,74.02,74.02,143.0,143.89,10658.3917,1
1785879000000,74.01,74.03,73.99,74.03,279.0,279.56,20691.4834,1
1785879300000,74.03,74.08,74.02,74.08,131.0,131.5,9738.75,1
1785879600000,74.08,74.11,74.01,74.05,146.0,146.68,10863.6229,1
1785879900000,74.05,74.09,74.02,74.09,458.0,458.07,33912.0116,1
1785880200000,74.09,74.11,74.05,74.06,121.0,121.77,9022.8163,1
1785880500000,74.06,74.1,74.03,74.1,180.0,180.75,13386.8388,1
1785880800000,74.08,74.12,73.94,74.03,462.0,462.16,34194.2812,1
1785881100000,74.05,74.1,74.04,74.05,141.0,141.76,10498.6802,1
1785881400000,74.05,74.11,74.05,74.1,58.0,58.82,4358.7109,1
1785881700000,74.1,74.11,74.07,74.08,69.0,69.65,5160.3355,1
1785882000000,74.08,74.16,74.05,74.06,103.0,103.17,7643.7562,1
1785882300000,74.06,74.16,74.04,74.13,70.0,70.9,5253.087,1
1785882600000,74.13,74.19,74.09,74.09,193.0,193.75,14365.1241,1
1785882900000,74.09,74.12,74.06,74.06,669.0,669.16,49584.8127,1
1785883200000,74.06,74.06,74.02,74.02,51.0,51.89,3842.0615,1
1785883500000,74.04,74.06,74.04,74.04,36.0,36.0,2665.7,1
1785883800000,74.04,74.04,73.98,74.02,66.0,66.61,4929.4311,1
1785884100000,74.02,74.07,74.02,74.07,59.0,59.02,4369.6083,1
1785884400000,74.08,74.08,73.94,74.01,148.0,148.26,10971.2212,1
1785884700000,74.01,74.18,74.01,74.13,182.0,182.87,13550.4677,1
1785885000000,74.13,74.22,74.13,74.21,75.0,75.49,5598.9741,1
1785885300000,74.21,74.24,74.17,74.21,254.0,254.1,18855.5741,1
1785885600000,74.18,74.18,73.99,73.99,552.0,552.84,40982.8334,1
1785885900000,73.99,73.99,73.85,73.85,449.0,449.17,33191.3857,1
1785886200000,73.82,73.85,73.75,73.76,545.0,545.35,40246.4577,1
1785886500000,73.77,73.78,73.74,73.77,121.0,121.66,8974.1049,1
1785886800000,73.77,73.91,73.77,73.83,206.0,206.04,15214.0668,1
1785887100000,73.84,73.85,73.7,73.78,485.0,485.95,35828.8097,1
1785887400000,73.77,73.78,73.72,73.75,216.0,216.52,15968.9104,1
1785887700000,73.75,73.75,73.72,73.72,206.0,206.59,15233.8152,1
1785888000000,73.71,73.76,73.68,73.68,857.0,857.72,63243.7396,1
1785888300000,73.68,73.71,73.61,73.62,209.0,209.31,15416.5553,1
1785888600000,73.62,73.65,73.59,73.64,265.0,265.27,19528.2697,1
1785888900000,73.63,73.65,73.6,73.63,319.0,319.45,23523.72,1
1785889200000,73.62,73.63,73.57,73.63,667.0,667.23,49104.587,1
1785889500000,73.63,73.63,73.54,73.61,361.0,361.89,26622.9143,1
1785889800000,73.61,73.69,73.59,73.66,143.0,143.13,10544.1596,1
1785890100000,73.64,73.75,73.6,73.6,504.0,504.1,37161.2312,1
1785890400000,73.61,73.61,73.5,73.52,430.0,430.8,31675.4953,1
1785890700000,73.53,73.55,73.48,73.48,479.0,479.73,35264.6374,1
1785891000000,73.48,73.52,73.43,73.48,313.0,313.87,23060.4534,1
1785891300000,73.48,73.5,73.45,73.47,92.0,92.43,6791.9429,1
1785891600000,73.47,73.47,73.35,73.43,1142.0,1142.87,83886.1572,1
1785891900000,73.46,73.51,73.44,73.51,825.0,825.87,60689.6755,1
1785892200000,73.51,73.56,73.51,73.53,322.0,322.61,23716.5626,1
1785892500000,73.52,73.52,73.46,73.52,2699.0,2699.54,198407.4056,1
1785892800000,73.53,73.65,73.52,73.65,439.0,439.77,32373.7014,1
1785893100000,73.63,73.69,73.6,73.69,380.0,380.21,28003.1676,1
1785893400000,73.69,73.83,73.68,73.78,1768.0,1768.16,130457.5084,1
1785893700000,73.8,73.99,73.8,73.99,957.0,957.57,70709.4232,1
1785894000000,73.99,74.02,73.86,73.86,727.0,727.92,53812.0933,1
1785894300000,73.85,73.97,73.85,73.97,473.0,473.03,34968.6147,1
1785894600000,73.97,74.03,73.95,74.03,449.0,449.02,33233.0184,1
1785894900000,74.04,74.08,74.03,74.08,695.0,695.72,51525.7103,1
1785895200000,74.08,74.36,74.05,74.23,1887.0,1887.04,140053.112,1
1785895500000,74.23,74.23,74.15,74.17,757.0,757.31,56184.0593,1
1785895800000,74.17,74.25,74.13,74.2,3376.0,3376.2,250509.2604,1
1785896100000,74.22,74.22,74.04,74.04,551.0,551.14,40853.6764,1
1785896400000,74.04,74.16,74.04,74.09,809.0,809.37,60000.8848,1
1785896700000,74.09,74.19,74.09,74.19,534.0,534.47,39644.0495,1
1785897000000,74.17,74.24,74.16,74.24,427.0,427.13,31703.0287,1
1785897300000,74.24,74.26,74.22,74.23,215.0,215.49,15998.3216,1
1785897600000,74.23,74.37,74.23,74.37,319.0,319.61,23762.1083,1
1785897900000,74.37,74.46,74.21,74.27,1933.0,1933.2,143813.3783,1
1785898200000,74.28,74.28,74.2,74.24,635.0,635.53,47169.7477,1
1785898500000,74.24,74.25,74.18,74.18,133.0,133.64,9919.2372,1
1785898800000,74.18,74.28,74.09,74.11,1818.0,1818.31,134831.4823,1
1785899100000,74.12,74.17,74.05,74.05,287.0,287.36,21297.0669,1
1785899400000,74.05,74.13,74.05,74.07,134.0,134.56,9968.7152,1
1785899700000,74.07,74.07,73.77,73.8,1436.0,1436.57,106133.7799,1
1785900000000,73.8,73.86,73.76,73.78,251.0,251.5,18559.7856,1
1785900300000,73.76,73.76,73.7,73.7,312.0,312.41,23033.9,1
1785900600000,73.69,73.75,73.67,73.74,392.0,392.07,28902.6416,1
1785900900000,73.74,73.79,73.74,73.79,116.0,116.74,8612.6462,1
1785901200000,73.79,73.8,73.74,73.74,177.0,177.35,13084.0412,1
1785901500000,73.76,73.78,73.75,73.76,52.0,52.0,3835.88,1
1785901800000,73.76,73.78,73.74,73.74,89.0,89.15,6576.8652,1
1785902100000,73.75,73.77,73.75,73.75,51.0,51.35,3787.4091,1
1785902400000,73.75,73.76,73.71,73.72,78.0,78.76,5807.3718,1
1785902700000,73.68,73.72,73.68,73.69,161.0,161.02,11865.864,1
1785903000000,73.69,73.71,73.67,73.67,77.0,77.21,5689.4801,1
1785903300000,73.67,73.67,73.6,73.63,163.0,163.77,12056.6336,1
1785903600000,73.63,73.69,73.62,73.63,106.0,106.94,7875.1397,1
1785903900000,73.63,73.64,73.6,73.64,45.0,45.03,3315.5192,1
1785904200000,73.66,73.81,73.66,73.79,342.0,342.86,25285.197,1
1785904500000,73.78,73.8,73.74,73.75,264.0,264.29,19497.3089,1
1785904800000,73.75,73.77,73.73,73.74,473.0,473.22,34896.1128,1
1785905100000,73.74,73.78,73.72,73.78,54.0,54.0,3983.26,1
1785905400000,73.78,73.78,73.7,73.75,95.0,95.37,7032.325,1
1785905700000,73.75,73.79,73.75,73.75,45.0,45.47,3354.4014,1
1785906000000,73.72,73.95,73.72,73.95,2587.0,2587.51,190873.5377,1
1785906300000,73.93,74.06,73.93,73.96,1595.0,1595.47,118070.5321,1
1785906600000,73.96,73.99,73.93,73.94,342.0,342.67,25341.1255,1
1785906900000,73.93,73.93,73.9,73.91,661.0,661.26,48885.6154,1
1785907200000,73.91,74.08,73.91,74.05,1171.0,1171.59,86780.763,1
1785907500000,74.05,74.27,74.05,74.16,2528.0,2528.78,187643.6761,1
1785907800000,74.13,74.13,74.05,74.05,193.0,193.06,14301.5694,1
1785908100000,74.05,74.11,74.02,74.11,760.0,760.47,56312.0905,1
1785908400000,74.11,74.14,74.09,74.14,127.0,127.87,9475.2483,1
1785908700000,74.14,74.17,74.12,74.14,59.0,59.3,4396.3873,1
1785909000000,74.12,74.15,74.07,74.1,78.0,78.97,5852.967,1
1785909300000,74.1,74.14,74.1,74.14,41.0,41.88,3104.0456,1
1785909600000,74.11,74.13,74.02,74.04,57.0,57.63,4267.7492,1
1785909900000,74.04,74.05,74.04,74.05,45.0,45.63,3378.5552,1
1785910200000,74.05,74.11,74.05,74.06,918.0,918.01,67982.3925,1
1785910500000,74.04,74.07,74.03,74.07,126.0,126.5,9368.1014,1
1785910800000,74.07,74.11,74.02,74.08,67.0,67.85,5024.564,1
1785911100000,74.09,74.11,74.08,74.1,74.0,74.0,5482.79,1
1785911400000,74.1,74.14,74.1,74.14,166.0,166.81,12365.0991,1
1785911700000,74.15,74.22,74.12,74.12,245.0,245.78,18225.251,1
1785912000000,74.12,74.15,74.1,74.1,33.0,33.22,2462.493,1
1785912300000,74.1,74.1,74.02,74.06,339.0,339.57,25148.5164,1
1785912600000,74.09,74.09,73.98,73.98,530.0,530.76,39287.0763,1
1785912900000,73.98,73.98,73.94,73.97,463.0,463.72,34293.0775,1
1785913200000,73.97,74.01,73.89,73.93,221.0,221.62,16389.1859,1
1785913500000,73.93,73.95,73.87,73.87,198.0,198.04,14633.5436,1
1785913800000,73.87,73.87,73.83,73.86,195.0,195.28,14420.0588,1
1785914100000,73.86,73.86,73.78,73.78,112.0,112.34,8293.1124,1
1785914400000,73.77,73.77,73.66,73.68,1096.0,1096.12,80777.857,1
1785914700000,73.68,73.69,73.65,73.68,1123.0,1123.15,82750.1682,1
1785915000000,73.68,73.71,73.66,73.69,3447.0,3447.27,254052.3983,1
1785915300000,73.69,73.72,73.67,73.71,3321.0,3321.73,244770.0927,1
1785915600000,73.71,73.72,73.66,73.66,977.0,977.26,72022.056,1
1785915900000,73.66,73.76,73.65,73.76,2789.0,2789.19,205600.3644,1
1785916200000,73.76,73.79,73.73,73.77,1135.0,1135.98,83792.5846,1
1785916500000,73.78,73.95,73.77,73.93,4074.0,4074.35,301063.7365,1
1785916800000,73.94,74.07,73.94,74.07,5548.0,5548.31,410694.912,1
1785917100000,74.06,74.06,74.01,74.03,5791.0,5791.07,428712.6512,1
1785917400000,74.05,74.07,73.98,73.98,912.0,912.27,67506.4227,1
1785917700000,73.98,74.01,73.92,73.99,487.0,487.43,36061.6605,1
1785918000000,73.99,74.05,73.98,74.04,56.0,56.47,4180.4173,1
1785918300000,74.04,74.13,74.04,74.12,274.0,274.81,20364.3321,1
1785918600000,74.11,74.12,74.07,74.07,2481.0,2481.82,183835.1265,1
1785918900000,74.07,74.08,74.03,74.06,288.0,288.94,21400.9446,1
1785919200000,74.06,74.06,73.98,74.0,222.0,222.57,16469.3822,1
1785919500000,74.02,74.02,73.96,74.01,156.0,156.4,11572.0974,1
1785919800000,74.03,74.07,74.03,74.05,275.0,275.12,20373.2296,1
1785920100000,74.06,74.09,74.03,74.04,345.0,345.84,25610.2783,1
1785920400000,74.04,74.04,73.98,74.03,247.0,247.68,18334.0136,1
1785920700000,74.03,74.08,74.03,74.06,23.0,23.0,1703.66,1
1785921000000,74.07,74.08,74.04,74.05,72.0,72.49,5368.594,1
1785921300000,74.05,74.16,74.05,74.09,298.0,298.81,22155.4806,1
1785921600000,74.11,74.17,74.11,74.15,127.0,127.55,9457.7534,1
1785921900000,74.15,74.15,74.09,74.11,66.0,66.47,4926.0217,1
1785922200000,74.11,74.13,74.11,74.12,69.0,69.06,5118.7332,1
1785922500000,74.12,74.16,74.12,74.15,259.0,259.7,19257.5986,1
1785922800000,74.15,74.15,74.1,74.1,77.0,77.81,5768.842,1
1785923100000,74.1,74.1,74.04,74.06,6058.0,6058.1,448841.0545,1
1785923400000,74.06,74.08,74.03,74.03,140.0,140.67,10416.9286,1
1785923700000,74.03,74.04,73.98,73.99,75.0,75.25,5568.314,1
1785924000000,73.97,74.0,73.96,73.98,272.0,272.12,20134.0428,1
1785924300000,73.98,74.02,73.98,74.0,167.0,167.0,12359.66,1
1785924600000,73.97,73.98,73.91,73.96,799.0,799.63,59107.2406,1
1785924900000,73.93,73.96,73.89,73.93,1052.0,1052.12,77775.2409,1
1785925200000,73.93,73.96,73.9,73.96,147.0,147.61,10912.4701,1
1785925500000,73.96,74.06,73.96,74.02,113.0,113.65,8412.9488,1
1785925800000,74.02,74.02,73.98,73.99,86.0,86.76,6419.7795,1
1785926100000,73.99,74.03,73.97,74.02,75.0,75.21,5564.4258,1
1785926400000,74.02,74.09,74.01,74.01,363.0,363.8,26936.3475,1
1785926700000,74.0,74.01,73.8,73.83,898.0,898.31,66322.1317,1
1785927000000,73.83,73.86,73.77,73.78,119.0,119.0,8782.78,1
1785927300000,73.78,73.84,73.78,73.81,184.0,184.75,13637.8393,1
1785927600000,73.8,73.89,73.8,73.89,1152.0,1152.94,85107.9966,1
1785927900000,73.89,73.97,73.88,73.97,227.0,227.89,16848.4737,1
1785928200000,73.97,73.97,73.9,73.9,86.0,86.98,6429.8114,1
1785928500000,73.9,73.9,73.85,73.89,53.0,53.33,3939.5471,1
1785928800000,73.89,73.91,73.85,73.89,155.0,155.4,11478.9365,1
1785929100000,73.89,73.89,73.77,73.77,408.0,408.54,30154.0479,1
1785929400000,73.77,73.86,73.73,73.86,3239.0,3239.34,239096.1255,1
1785929700000,73.83,73.83,73.76,73.77,596.0,596.27,43988.9761,1
1785930000000,73.77,73.79,73.74,73.74,241.0,241.15,17790.5082,1
1785930300000,73.74,73.74,73.71,73.74,669.0,669.68,49367.2225,1
1785930600000,73.74,73.75,73.7,73.71,498.0,498.89,36773.5973,1
1785930900000,73.71,73.74,73.69,73.73,956.0,956.69,70535.7597,1
1785931200000,73.73,73.77,73.69,73.75,853.0,853.33,62930.6126,1
1785931500000,73.75,73.84,73.71,73.84,1235.0,1235.06,91117.363,1
1785931800000,73.85,73.92,73.83,73.84,1020.0,1020.55,75406.2246,1
1785932100000,73.84,74.09,73.82,74.09,1217.0,1217.8,90103.4409,1
1785932400000,74.09,74.25,74.06,74.2,3640.0,3640.19,269971.5502,1
1785932700000,74.19,74.35,74.18,74.26,1680.0,1680.2,124852.9005,1
1785933000000,74.28,74.29,74.11,74.11,1057.0,1057.91,78465.0208,1
1785933300000,74.11,74.19,74.08,74.13,153.0,153.79,11402.4006,1
1785933600000,74.13,74.15,74.08,74.12,416.0,416.67,30871.436,1
1785933900000,74.09,74.14,74.01,74.14,236.0,236.22,17502.1128,1
1785934200000,74.14,74.14,73.98,73.99,211.0,211.48,15660.8425,1
1785934500000,73.99,74.08,73.97,74.08,1429.0,1429.33,105825.0236,1
1785934800000,74.03,74.07,74.01,74.01,280.0,280.33,20754.9834,1
1785935100000,74.01,74.04,73.97,74.0,985.0,985.06,72911.196,1
1785935400000,73.97,73.97,73.7,73.84,2359.0,2359.37,174155.0898,1
1785935700000,73.84,73.87,73.83,73.87,1137.0,1137.57,84019.8874,1
1785936000000,73.85,73.86,73.81,73.81,1335.0,1335.79,98637.6786,1
1785936300000,73.84,73.84,73.72,73.73,2322.0,2322.44,171292.7854,1
1785936600000,73.72,73.72,73.3,73.33,6025.0,6025.33,442341.5588,1
1785936900000,73.32,73.7,73.21,73.7,6076.0,6076.58,445535.1291,1
1785937200000,73.67,73.81,73.6,73.62,4243.0,4243.86,312862.8939,1
1785937500000,73.64,73.69,73.5,73.69,836.0,836.84,61574.4262,1
1785937800000,73.7,73.9,73.62,73.71,4570.0,4570.21,337261.2959,1
1785938100000,73.72,73.95,73.69,73.95,2961.0,2961.45,218633.3378,1
1785938400000,73.9,73.95,73.76,73.85,1636.0,1636.47,120770.6322,1
1785938700000,73.88,74.1,73.88,73.97,1425.0,1425.45,105505.7986,1
1785939000000,73.98,74.04,73.93,74.0,468.0,468.92,34700.8952,1
1785939300000,74.01,74.08,73.96,74.01,382.0,382.52,28315.021,1
1785939600000,74.0,74.02,73.77,73.78,1145.0,1145.83,84629.3051,1
1785939900000,73.79,73.88,73.73,73.77,1544.0,1544.53,113971.4718,1
1785940200000,73.76,73.84,73.66,73.72,1025.0,1025.22,75589.9473,1
1785940500000,73.7,73.78,73.67,73.67,859.0,859.88,63371.1464,1
1785940800000,73.67,73.76,73.59,73.74,1246.0,1246.0,91737.7291,1
1785941100000,73.79,73.87,73.79,73.87,1333.0,1333.35,98419.6967,1
1785941400000,73.9,73.93,73.68,73.79,472.0,472.59,34871.8263,1
1785941700000,73.83,73.99,73.78,73.93,897.0,897.47,66317.9963,1
1785942000000,73.93,74.17,73.85,74.05,3833.0,3833.4,283942.6962,1
1785942300000,74.06,74.16,73.98,74.16,2610.0,2610.91,193272.3939,1
1785942600000,74.16,74.19,74.04,74.04,813.0,813.59,60331.6448,1
1785942900000,74.04,74.04,73.82,74.0,521.0,521.88,38571.8546,1
1785943200000,74.01,74.03,73.88,73.94,364.0,364.6,26963.7184,1
1785943500000,73.92,74.05,73.89,74.0,590.0,590.69,43704.1014,1
1785943800000,74.0,74.12,74.0,74.11,478.0,478.61,35461.9494,1
1785944100000,74.11,74.27,74.07,74.19,474.0,474.62,35179.2404,1
1785944400000,74.19,74.26,74.12,74.15,1761.0,1761.38,130717.83,1
1785944700000,74.15,74.15,74.08,74.14,190.0,190.97,14152.897,1
1785945000000,74.12,74.14,74.01,74.02,357.0,357.89,26504.5161,1
1785945300000,74.01,74.02,73.92,73.92,747.0,747.68,55291.3367,1
1785945600000,73.92,74.04,73.9,74.0,328.0,328.06,24265.5338,1
1785945900000,74.0,74.14,74.0,74.1,913.0,913.92,67716.1475,1
1785946200000,74.11,74.16,74.02,74.16,422.0,422.71,31325.3382,1
1785946500000,74.16,74.19,74.09,74.14,317.0,317.11,23509.1158,1
1785946800000,74.14,74.32,74.14,74.22,763.0,763.34,56675.857,1
1785947100000,74.23,74.4,74.22,74.39,988.0,988.45,73466.1409,1
1785947400000,74.38,74.4,74.24,74.29,12779.0,12779.75,949640.0527,1
1785947700000,74.32,74.35,74.24,74.31,483.0,483.37,35911.3591,1
1785948000000,74.31,74.35,74.3,74.32,153.0,153.09,11379.2358,1
1785948300000,74.31,74.31,74.22,74.22,734.0,734.26,54527.713,1
1785948600000,74.21,74.23,74.16,74.2,495.0,495.11,36739.2499,1
1785948900000,74.2,74.27,74.18,74.24,284.0,284.29,21102.7171,1
1785949200000,74.26,74.37,74.25,74.3,409.0,409.01,30394.1095,1
1785949500000,74.3,74.3,74.21,74.21,508.0,508.22,37738.9761,1
1785949800000,74.21,74.23,74.15,74.18,322.0,322.4,23911.9863,1
1785950100000,74.15,74.18,74.11,74.18,343.0,343.02,25433.5587,1
1785950400000,74.17,74.17,74.1,74.16,283.0,283.95,21048.984,1
1785950700000,74.16,74.22,74.16,74.18,105.0,105.88,7855.585,1
1785951000000,74.18,74.19,74.12,74.17,83.0,83.91,6223.2015,1
1785951300000,74.17,74.56,74.17,74.51,2360.0,2360.76,175844.3089,1
1785951600000,74.54,74.63,74.49,74.49,7489.0,7489.73,558729.1265,1
1785951900000,74.49,74.58,74.47,74.53,1089.0,1089.65,81197.0469,1
1785952200000,74.53,74.58,74.49,74.53,554.0,554.66,41346.2656,1
1785952500000,74.51,74.54,74.48,74.54,1003.0,1003.89,74802.2897,1
1785952800000,74.52,74.58,74.49,74.54,763.0,763.08,56863.0886,1
1785953100000,74.56,74.56,74.42,74.43,787.0,787.84,58671.8723,1
1785953400000,74.42,74.6,74.42,74.55,3810.0,3810.94,284134.4151,1
1785953700000,74.57,74.61,74.49,74.49,1004.0,1004.41,74863.9239,1
1785954000000,74.49,74.8,74.49,74.53,6061.0,6061.33,452645.353,1
1785954300000,74.53,74.53,74.46,74.48,2843.0,2843.63,211791.9801,1
1785954600000,74.48,74.53,74.43,74.53,372.0,372.38,27732.7561,1
1785954900000,74.53,74.63,74.53,74.63,784.0,784.91,58564.2593,1
1785955200000,74.63,74.63,74.56,74.61,197.0,197.01,14695.9853,1
1785955500000,74.61,74.62,74.53,74.53,110.0,110.98,8276.9297,1
1785955800000,74.53,74.54,74.44,74.46,409.0,409.5,30497.9047,1
1785956100000,74.46,74.49,74.45,74.49,1959.0,1959.5,145889.7575,1
1785956400000,74.48,74.56,74.44,74.56,804.0,804.4,59940.0949,1
1785956700000,74.56,74.59,74.52,74.56,643.0,643.91,48009.5764,1
1785957000000,74.54,74.54,74.47,74.49,129.0,129.29,9632.3278,1
1785957300000,74.49,74.49,74.42,74.42,514.0,514.0,38264.0338,1
1785957600000,74.4,74.47,74.4,74.45,136.0,136.29,10146.5292,1
1785957900000,74.45,74.48,74.44,74.44,120.0,120.02,8935.9759,1
1785958200000,74.44,74.48,74.42,74.47,235.0,235.86,17557.0292,1
1785958500000,74.44,74.48,74.42,74.43,383.0,383.86,28583.9988,1
1785958800000,74.46,74.46,74.42,74.42,1216.0,1216.27,90528.5328,1
1785959100000,74.42,74.44,74.39,74.39,747.0,747.25,55617.2884,1
1785959400000,74.41,74.45,74.41,74.42,166.0,166.7,12407.039,1
1785959700000,74.43,74.52,74.41,74.43,540.0,540.04,40216.943,1
1785960000000,74.43,74.45,74.36,74.39,738.0,738.63,54943.2224,1
1785960300000,74.38,74.38,74.29,74.32,962.0,962.44,71529.4627,1
1785960600000,74.32,74.51,74.32,74.51,3321.0,3321.98,247299.6588,1
1785960900000,74.49,74.53,74.44,74.44,307.0,307.61,22909.6631,1
1785961200000,74.43,74.54,74.37,74.38,1470.0,1470.04,109346.7009,1
1785961500000,74.39,74.46,74.36,74.4,10651.0,10651.69,792944.136,1
1785961800000,74.37,74.39,74.34,74.36,400.0,400.24,29762.0459,1
1785962100000,74.36,74.4,74.34,74.39,128.0,128.33,9544.3521,1
1785962400000,74.39,74.51,74.39,74.51,982.0,982.01,73137.4334,1
1785962700000,74.51,74.51,74.41,74.43,164.0,164.61,12252.7438,1
1785963000000,74.43,74.43,74.39,74.43,147.0,147.37,10963.2943,1
1785963300000,74.43,74.43,74.35,74.35,10183.0,10183.04,757324.8164,1
1785963600000,74.35,74.35,74.14,74.24,2725.0,2725.58,202303.14,1
1785963900000,74.21,74.24,74.18,74.21,394.0,394.66,29288.9218,1
1785964200000,74.21,74.3,74.18,74.3,473.0,473.76,35181.5753,1
1785964500000,74.28,74.28,74.24,74.24,317.0,317.7,23588.8891,1
1785964800000,74.22,74.22,74.1,74.13,2394.0,2394.05,177550.7305,1
1785965100000,74.13,74.13,74.05,74.05,2354.0,2354.17,174378.1617,1
1785965400000,74.05,74.17,74.05,74.11,3228.0,3228.13,239239.1342,1
1785965700000,74.11,74.12,74.03,74.08,569.0,569.69,42189.1826,1
1785966000000,74.08,74.13,74.08,74.11,115.0,115.95,8593.5945,1
1785966300000,74.11,74.11,74.08,74.08,419.0,419.11,31052.0629,1
1785966600000,74.1,74.15,74.09,74.15,624.0,624.69,46288.609,1
1785966900000,74.15,74.18,74.11,74.11,377.0,377.02,27964.4908,1
1785967200000,74.11,74.15,74.0,74.03,6259.0,6259.54,463624.2422,1
1785967500000,74.03,74.1,74.03,74.09,68.0,68.25,5054.6179,1
1785967800000,74.05,74.15,74.05,74.06,184.0,184.36,13660.2021,1
1785968100000,74.06,74.14,74.06,74.11,85.0,85.08,6305.4873,1
1785968400000,74.11,74.13,74.03,74.06,1079.0,1079.59,79929.0468,1
1785968700000,74.06,74.07,73.95,74.01,343.0,343.31,25399.1358,1
1785969000000,74.02,74.03,74.0,74.03,2158.0,2158.97,159764.4389,1
1785969300000,74.05,74.05,73.97,73.97,87.0,87.96,6508.9427,1
1785969600000,73.97,74.01,73.97,74.01,23.0,23.68,1752.3647,1
1785969900000,74.01,74.06,74.0,74.03,121.0,121.66,9006.3711,1
1785970200000,74.03,74.04,73.99,73.99,154.0,154.98,11468.8537,1
1785970500000,73.99,74.0,73.96,73.96,39.0,39.1,2892.7106,1
1785970800000,73.94,73.95,73.81,73.85,810.0,810.72,59888.0004,1
1785971100000,73.85,73.9,73.83,73.9,179.0,179.42,13248.7458,1
1785971400000,73.9,73.96,73.9,73.92,453.0,453.54,33535.2425,1
1785971700000,73.92,73.93,73.88,73.91,328.0,328.89,24307.2031,1
1785972000000,73.91,73.95,73.89,73.95,473.0,473.32,34994.3158,1
1785972300000,73.96,74.0,73.94,73.98,202.0,202.59,14988.9839,1
1785972600000,73.98,74.02,73.98,74.02,91.0,91.83,6795.5135,1
1785972900000,74.04,74.07,74.01,74.04,388.0,388.19,28743.9864,1
1785973200000,74.04,74.06,74.03,74.03,47.0,47.63,3526.9176,1
1785973500000,74.03,74.03,73.94,74.03,131.0,131.4,9720.3374,1
1785973800000,74.03,74.03,73.99,74.02,41.0,41.94,3104.2472,1
1785974100000,74.02,74.02,73.96,73.99,308.0,308.92,22852.5908,1
1785974400000,74.0,74.07,73.99,74.0,312.0,312.63,23144.7872,1
1785974700000,74.0,74.13,74.0,74.05,370.0,370.47,27445.4977,1
1785975000000,74.04,74.08,74.02,74.06,145.0,145.81,10795.9506,1
1785975300000,74.06,74.12,74.05,74.12,213.0,213.15,15791.6719,1
1785975600000,74.12,74.2,74.11,74.2,285.0,285.95,21206.5016,1
1785975900000,74.2,74.22,74.17,74.17,112.0,112.94,8378.8805,1
1785976200000,74.17,74.18,74.13,74.14,286.0,286.94,21274.6716,1
1785976500000,74.12,74.12,74.08,74.08,59.0,59.44,4404.7587,1
1785976800000,74.08,74.11,74.06,74.06,22.0,22.0,1629.95,1
1785977100000,74.06,74.08,74.03,74.05,46.0,46.01,3406.8603,1
1785977400000,74.02,74.1,74.02,74.08,111.0,111.0,8222.4323,1
1785977700000,74.08,74.1,74.04,74.05,240.0,240.19,17797.259,1
1785978000000,74.03,74.07,74.01,74.03,847.0,847.19,62715.8872,1
1785978300000,74.02,74.05,73.96,74.05,483.0,483.45,35782.2319,1
1785978600000,74.05,74.08,73.97,73.98,366.0,366.89,27171.1611,1
1785978900000,73.98,74.03,73.91,73.91,271.0,271.12,20056.365,1
1785979200000,73.92,73.93,73.76,73.82,903.0,903.53,66735.6042,1
1785979500000,73.82,73.82,73.71,73.73,324.0,324.8,23949.5719,1
1785979800000,73.73,73.81,73.68,73.78,926.0,926.03,68312.933,1
1785980100000,73.78,73.84,73.77,73.8,214.0,214.15,15807.7775,1
1785980400000,73.8,73.8,73.74,73.74,595.0,595.88,43954.0536,1
1785980700000,73.74,73.87,73.74,73.86,479.0,479.86,35443.8752,1
1785981000000,73.87,73.89,73.79,73.79,53.0,53.28,3933.9059,1
1785981300000,73.79,73.79,73.73,73.73,53.0,53.87,3973.3325,1
1785981600000,73.71,73.71,73.58,73.64,676.0,676.11,49794.7821,1
1785981900000,73.64,73.69,73.61,73.67,234.0,234.64,17283.688,1
1785982200000,73.67,73.74,73.56,73.56,375.0,375.63,27655.3577,1
1785982500000,73.57,73.58,73.39,73.43,1712.0,1712.53,125788.4428,1
1785982800000,73.43,73.46,73.39,73.43,423.0,423.51,31092.7552,1
1785983100000,73.42,73.43,73.38,73.38,1042.0,1042.43,76529.3829,1
1785983400000,73.38,73.46,73.33,73.43,259.0,259.45,19045.5599,1
1785983700000,73.47,73.47,73.35,73.43,416.0,416.27,30552.135,1
1785984000000,73.42,73.56,73.42,73.55,393.0,393.05,28892.2128,1
1785984300000,73.53,73.54,73.47,73.52,117.0,117.87,8665.6455,1
1785984600000,73.53,73.53,73.45,73.47,99.0,99.5,7313.4768,1
1785984900000,73.48,73.49,73.45,73.48,275.0,275.12,20216.2469,1
1785985200000,73.48,73.48,73.39,73.46,342.0,342.72,25169.8276,1
1785985500000,73.46,73.5,73.43,73.47,273.0,273.75,20110.7412,1
1785985800000,73.46,73.51,73.46,73.5,75.0,75.5,5549.6583,1
1785986100000,73.51,73.51,73.43,73.43,29.0,29.45,2163.8995,1
1785986400000,73.43,73.49,73.43,73.44,324.0,324.07,23801.04,1
1785986700000,73.44,73.49,73.42,73.49,80.0,80.34,5901.667,1
1785987000000,73.5,73.55,73.44,73.5,883.0,883.1,64898.6401,1
1785987300000,73.49,73.51,73.46,73.49,322.0,322.34,23690.5434,1
1785987600000,73.48,73.48,73.41,73.41,128.0,128.83,9461.538,1
1785987900000,73.41,73.5,73.4,73.46,186.0,186.08,13664.3368,1
1785988200000,73.46,73.52,73.43,73.44,28.0,28.65,2105.5805,1
1785988500000,73.42,73.45,73.4,73.44,162.0,162.77,11954.5095,1
1785988800000,73.44,73.45,73.35,73.36,548.0,548.81,40301.2421,1
1785989100000,73.39,73.52,73.39,73.52,108.0,108.33,7959.7482,1
1785989400000,73.52,73.56,73.51,73.55,244.0,244.04,17947.6701,1
1785989700000,73.55,73.66,73.55,73.64,3222.0,3222.06,237239.535,1
1785990000000,73.64,73.73,73.63,73.72,280.0,280.63,20682.0511,1
1785990300000,73.72,73.77,73.72,73.75,3412.0,3412.76,251672.0757,1
1785990600000,73.75,73.83,73.75,73.77,394.0,394.94,29150.3856,1
1785990900000,73.77,73.82,73.72,73.72,68.0,68.45,5048.6818,1
1785991200000,73.72,73.74,73.69,73.69,126.0,126.86,9351.3007,1
1785991500000,73.69,73.71,73.65,73.68,707.0,707.71,52149.346,1
1785991800000,73.68,73.77,73.68,73.77,67.0,67.23,4957.5881,1
1785992100000,73.77,73.8,73.76,73.8,255.0,255.8,18873.4089,1
1785992400000,73.81,73.92,73.81,73.89,223.0,223.5,16511.6754,1
1785992700000,73.89,74.33,73.89,74.22,4603.0,4603.52,341537.7697,1
1785993000000,74.22,74.23,74.14,74.18,661.0,661.26,49062.9691,1
1785993300000,74.2,74.32,74.13,74.15,487.0,487.91,36216.2405,1
1785993600000,74.16,74.24,74.15,74.24,246.0,246.6,18298.5641,1
1785993900000,74.25,74.25,74.08,74.08,373.0,373.03,27665.6221,1
1785994200000,74.09,74.14,74.04,74.08,237.0,237.12,17568.3486,1
1785994500000,74.08,74.13,74.06,74.11,117.0,117.53,8707.2912,1
1785994800000,74.11,74.15,74.08,74.15,304.0,304.84,22589.6892,1
1785995100000,74.15,74.18,74.12,74.12,351.0,351.84,26085.1928,1
1785995400000,74.12,74.14,74.11,74.14,808.0,808.11,59904.3312,1
1785995700000,74.14,74.19,74.12,74.19,1699.0,1699.48,125968.1938,1
1785996000000,74.2,74.2,74.12,74.18,184.0,184.12,13651.6165,1
1785996300000,74.18,74.21,74.04,74.04,1294.0,1294.3,96008.1816,1
1785996600000,74.06,74.06,73.98,73.98,1920.0,1920.17,142106.4368,1
1785996900000,73.98,74.0,73.92,73.94,380.0,380.03,28104.9361,1
1785997200000,73.94,74.07,73.94,74.07,138.0,138.39,10241.3482,1
1785997500000,74.05,74.09,74.01,74.03,588.0,588.66,43580.5152,1
1785997800000,74.03,74.04,74.0,74.02,60.0,60.85,4503.5241,1
1785998100000,74.03,74.04,73.99,74.03,572.0,572.03,42340.0761,1
1785998400000,74.03,74.08,73.99,74.08,274.0,274.18,20296.9011,1
1785998700000,74.08,74.08,74.02,74.02,67.0,67.58,5003.6349,1
1785999000000,74.02,74.02,73.98,74.0,708.0,708.34,52411.3659,1
1785999300000,74.0,74.01,74.0,74.01,74.0,74.44,5508.71,1
1785999600000,74.01,74.02,73.95,73.96,728.0,728.76,53903.9357,1
1785999900000,73.96,74.01,73.96,74.0,292.0,292.47,21638.6831,1
1786000200000,73.98,74.05,73.98,74.05,259.0,259.57,19212.1914,1
1786000500000,74.05,74.05,73.99,74.01,654.0,654.71,48456.8783,1
1786000800000,74.01,74.07,74.01,74.07,56.0,56.57,4189.4226,1
1786001100000,74.07,74.07,74.04,74.07,656.0,656.72,48626.1488,1
1786001400000,74.07,74.07,73.98,74.03,66.0,66.0,4884.65,1
1786001700000,74.03,74.05,73.96,73.96,127.0,127.34,9423.07,1
1786002000000,73.95,73.95,73.87,73.88,664.0,664.26,49083.7648,1
1786002300000,73.88,73.91,73.88,73.91,271.0,271.03,20027.8094,1
1786002600000,73.88,73.9,73.86,73.86,37.0,37.43,2764.8998,1
1786002900000,73.86,73.9,73.83,73.84,117.0,117.16,8652.9965,1
1786003200000,73.84,73.86,73.81,73.83,423.0,423.14,31247.5509,1
1786003500000,73.82,73.82,73.78,73.79,178.0,178.9,13203.7676,1
1786003800000,73.78,73.79,73.73,73.75,51.0,51.87,3826.5237,1
1786004100000,73.72,73.72,73.68,73.69,469.0,469.09,34571.0535,1
1786004400000,73.69,73.73,73.67,73.69,250.0,250.9,18491.7544,1
1786004700000,73.7,73.77,73.68,73.77,157.0,157.77,11628.299,1
1786005000000,73.78,73.81,73.75,73.81,215.0,215.53,15902.2739,1
1786005300000,73.81,73.81,73.76,73.76,56.0,56.18,4144.5622,1
1786005600000,73.79,73.88,73.79,73.85,240.0,240.2,17735.4548,1
1786005900000,73.85,73.93,73.85,73.92,158.0,158.42,11708.7267,1
1786006200000,73.92,74.04,73.89,73.98,453.0,453.71,33575.0103,1
1786006500000,73.99,74.03,73.96,73.96,336.0,336.59,24904.484,1
1786006800000,73.96,73.96,73.89,73.89,281.0,281.39,20795.5582,1
1786007100000,73.89,73.89,73.7,73.75,196.0,196.56,14501.7614,1
1786007400000,73.75,73.75,73.57,73.57,395.0,395.58,29136.9903,1
1786007700000,73.57,73.63,73.54,73.6,4800.0,4800.28,353301.7014,1
1786008000000,73.62,73.64,73.48,73.53,1295.0,1295.5,95248.4478,1
1786008300000,73.53,73.56,73.46,73.49,2201.0,2201.84,161774.1733,1
1786008600000,73.49,73.49,73.37,73.42,1357.0,1357.55,99675.4278,1
1786008900000,73.42,73.43,73.36,73.39,1353.0,1353.53,99321.953,1
1786009200000,73.39,73.39,73.25,73.29,2365.0,2365.51,173434.8792,1
1786009500000,73.29,73.3,73.15,73.29,4118.0,4118.3,301503.7967,1
1786009800000,73.29,73.31,73.24,73.24,1503.0,1503.73,110226.6761,1
1786010100000,73.24,73.27,73.21,73.26,572.0,572.07,41908.837,1
1786010400000,73.23,73.29,73.14,73.2,3263.0,3263.18,238891.587,1
1786010700000,73.2,73.22,73.16,73.21,221.0,221.89,16242.0697,1
1786011000000,73.21,73.21,73.13,73.16,1091.0,1091.1,79812.3793,1
1786011300000,73.16,73.31,73.15,73.31,367.0,367.95,26933.5897,1
1786011600000,73.31,73.34,73.29,73.34,263.0,263.8,19343.4963,1
1786011900000,73.34,73.35,73.32,73.34,232.0,232.54,17052.5601,1
1786012200000,73.34,73.39,73.32,73.35,315.0,315.78,23161.77,1
1786012500000,73.35,73.4,73.33,73.34,400.0,400.57,29397.3935,1
1786012800000,73.34,73.34,73.27,73.28,152.0,152.23,11159.8582,1
1786013100000,73.26,73.3,73.25,73.28,827.0,827.28,60608.1302,1
1786013400000,73.28,73.29,73.2,73.2,1080.0,1080.5,79186.1606,1
1786013700000,73.2,73.27,73.2,73.26,3022.0,3022.97,221372.6135,1
1786014000000,73.28,73.28,73.15,73.15,186.0,186.26,13634.7663,1
1786014300000,73.15,73.26,73.14,73.26,322.0,322.38,23591.3712,1
1786014600000,73.27,73.35,73.26,73.32,1788.0,1788.37,131124.6566,1
1786014900000,73.32,73.42,73.32,73.4,910.0,910.91,66861.0854,1
1786015200000,73.4,73.44,73.4,73.4,1958.0,1958.22,143747.9183,1
1786015500000,73.4,73.4,73.35,73.35,709.0,709.52,52060.1819,1
1786015800000,73.35,73.44,73.35,73.44,285.0,285.68,20976.2878,1
1786016100000,73.44,73.52,73.44,73.47,1211.0,1211.72,89028.6739,1
1786016400000,73.47,73.49,73.44,73.48,9966.0,9966.76,732247.0069,1
1786016700000,73.48,73.48,73.4,73.43,129.0,129.17,9487.545,1
1786017000000,73.43,73.47,73.39,73.42,128.0,128.36,9425.7605,1
1786017300000,73.42,73.43,73.4,73.42,170.0,170.15,12491.0258,1
1786017600000,73.4,73.43,73.35,73.38,1261.0,1261.9,92568.4996,1
1786017900000,73.37,73.37,73.26,73.27,1631.0,1631.73,119606.6834,1
1786018200000,73.27,73.29,73.25,73.25,288.0,288.69,21150.078,1
1786018500000,73.25,73.26,73.18,73.22,2060.0,2060.37,150870.0613,1
1786018800000,73.22,73.33,73.22,73.32,355.0,355.53,26060.8196,1
1786019100000,73.32,73.36,73.32,73.36,286.0,286.19,20994.4363,1
1786019400000,73.35,73.36,73.27,73.27,345.0,345.01,25296.906,1
1786019700000,73.27,73.37,73.25,73.37,602.0,602.15,44174.777,1
1786020000000,73.37,73.37,73.3,73.3,183.0,183.5,13452.5413,1
1786020300000,73.31,73.31,73.27,73.3,717.0,717.03,52563.1388,1
1786020600000,73.3,73.3,73.18,73.18,73.0,73.57,5391.2122,1
1786020900000,73.2,73.23,73.08,73.1,2754.0,2754.49,201406.1513,1
1786021200000,73.09,73.14,73.03,73.04,1970.0,1970.1,143997.5474,1
1786021500000,73.04,73.04,72.83,72.87,7430.0,7430.44,541948.6,1
1786021800000,72.87,72.94,72.85,72.94,946.0,946.18,68965.7776,1
1786022100000,72.94,72.95,72.85,72.87,897.0,897.2,65410.3824,1
1786022400000,72.86,72.94,72.85,72.87,3750.0,3750.0,273345.5985,1
1786022700000,72.86,72.91,72.81,72.91,448.0,448.81,32702.5319,1
1786023000000,72.93,72.95,72.81,72.95,3157.0,3157.36,230108.4712,1
1786023300000,72.97,73.09,72.92,73.09,2859.0,2859.47,208743.1606,1
1786023600000,73.08,73.25,73.08,73.21,1214.0,1214.59,88859.6935,1
1786023900000,73.2,73.26,73.14,73.26,5890.0,5890.72,431315.799,1
1786024200000,73.22,73.28,73.19,73.2,4473.0,4473.45,327572.5813,1
1786024500000,73.2,73.29,73.19,73.19,1266.0,1266.2,92736.7332,1
1786024800000,73.2,73.24,73.11,73.2,1162.0,1162.3,85063.1838,1
1786025100000,73.21,73.23,73.16,73.16,1642.0,1642.1,120169.6216,1
1786025400000,73.19,73.27,73.16,73.19,1634.0,1634.76,119678.8824,1
1786025700000,73.16,73.25,73.13,73.17,4599.0,4599.56,336474.4015,1
1786026000000,73.17,73.35,73.17,73.21,3210.0,3210.41,235083.9334,1
1786026300000,73.22,73.26,73.13,73.13,734.0,734.72,53765.3216,1
1786026600000,73.12,73.26,73.07,73.25,726.0,726.42,53141.6615,1
1786026900000,73.26,73.39,73.25,73.28,1091.0,1091.89,80027.0769,1
1786027200000,73.25,73.53,73.25,73.5,2992.0,2992.66,219712.3531,1
1786027500000,73.51,73.55,73.35,73.35,1300.0,1300.65,95548.6616,1
1786027800000,73.35,73.36,73.31,73.36,929.0,929.56,68166.7774,1
1786028100000,73.36,73.46,73.36,73.45,1019.0,1019.22,74829.8384,1
1786028400000,73.43,73.48,73.39,73.43,370.0,370.5,27207.6452,1
1786028700000,73.42,73.58,73.39,73.55,2269.0,2269.35,166893.0222,1
1786029000000,73.55,73.59,73.48,73.49,1916.0,1916.51,140986.2361,1
1786029300000,73.48,73.52,73.34,73.34,1188.0,1188.72,87224.6667,1
1786029600000,73.34,73.44,73.33,73.42,1125.0,1125.89,82584.5384,1
1786029900000,73.42,73.5,73.39,73.49,1409.0,1409.75,103567.3582,1
1786030200000,73.5,73.58,73.44,73.44,915.0,915.64,67325.6983,1
1786030500000,73.44,73.47,73.38,73.44,261.0,261.78,19216.9614,1
1786030800000,73.44,73.46,73.35,73.36,333.0,333.38,24477.1949,1
1786031100000,73.36,73.52,73.34,73.48,355.0,355.41,26100.7503,1
1786031400000,73.48,73.5,73.31,73.31,279.0,279.44,20499.9611,1
1786031700000,73.31,73.36,73.26,73.27,7964.0,7964.93,584054.9318,1
1786032000000,73.28,73.32,73.2,73.31,1728.0,1728.97,126654.7853,1
1786032300000,73.3,73.35,73.26,73.32,2207.0,2207.86,161913.3877,1
1786032600000,73.32,73.34,73.05,73.09,3673.0,3673.12,268464.633,1
1786032900000,73.13,73.25,73.08,73.25,608.0,608.39,44517.2373,1
1786033200000,73.25,73.25,73.15,73.22,285.0,285.61,20903.8504,1
1786033500000,73.23,73.28,73.17,73.27,184.0,184.69,13523.6442,1
1786033800000,73.27,73.34,73.23,73.28,533.0,533.6,39102.1277,1
1786034100000,73.28,73.36,73.23,73.36,602.0,602.68,44196.7704,1
1786034400000,73.36,73.45,73.34,73.37,1310.0,1310.42,96180.6773,1
1786034700000,73.38,73.4,73.31,73.36,254.0,254.65,18675.8203,1
1786035000000,73.38,73.43,73.32,73.32,2655.0,2655.24,194922.316,1
1786035300000,73.32,73.41,73.32,73.41,54.0,54.63,4008.2861,1
1786035600000,73.4,73.51,73.4,73.45,1318.0,1318.14,96819.7476,1
1786035900000,73.45,73.49,73.39,73.42,157.0,157.24,11546.6139,1
1786036200000,73.41,73.45,73.39,73.39,649.0,649.05,47648.1256,1
1786036500000,73.39,73.4,73.34,73.4,93.0,93.02,6823.8343,1
1786036800000,73.39,73.42,73.31,73.31,105.0,105.35,7728.2882,1
1786037100000,73.32,73.35,73.28,73.28,370.0,370.82,27192.4972,1
1786037400000,73.29,73.34,73.24,73.26,218.0,218.81,16035.3636,1
1786037700000,73.26,73.28,73.19,73.19,742.0,742.73,54373.0582,1
1786038000000,73.19,73.19,73.02,73.1,1902.0,1902.23,138970.1694,1
1786038300000,73.1,73.16,73.05,73.05,84.0,84.78,6198.1889,1
1786038600000,73.05,73.13,73.05,73.09,273.0,273.93,20020.7505,1
1786038900000,73.1,73.17,73.09,73.16,393.0,393.12,28752.584,1
1786039200000,73.16,73.16,72.97,73.0,1050.0,1050.56,76699.9844,1
1786039500000,73.01,73.03,72.92,72.98,323.0,323.74,23625.4161,1
1786039800000,72.98,73.04,72.94,73.04,1055.0,1055.98,77067.3778,1
1786040100000,73.03,73.14,73.0,73.12,404.0,404.57,29565.2031,1
1786040400000,73.12,73.18,73.1,73.1,1528.0,1528.62,111762.9593,1
1786040700000,73.1,73.11,73.06,73.08,974.0,974.47,71221.2759,1
1786041000000,73.08,73.08,72.92,72.93,1239.0,1239.24,90424.0754,1
1786041300000,72.93,72.96,72.86,72.88,2808.0,2808.9,204732.5255,1
1786041600000,72.88,72.91,72.86,72.86,3917.0,3917.93,285545.8152,1
1786041900000,72.85,72.94,72.85,72.88,289.0,289.41,21098.9977,1
1786042200000,72.88,72.88,72.67,72.71,2937.0,2937.58,213707.0769,1
1786042500000,72.71,72.8,72.69,72.78,1350.0,1350.37,98238.6608,1
1786042800000,72.8,72.83,72.76,72.8,788.0,788.02,57363.1206,1
1786043100000,72.8,72.8,72.74,72.8,552.0,552.19,40192.8168,1
1786043400000,72.79,72.8,72.74,72.74,146.0,146.35,10650.811,1
1786043700000,72.75,72.75,72.56,72.64,2382.0,2382.73,173032.7182,1
1786044000000,72.62,72.72,72.62,72.62,759.0,759.72,55203.9425,1
1786044300000,72.62,72.62,72.5,72.58,2636.0,2636.23,191358.3585,1
1786044600000,72.6,72.65,72.55,72.65,329.0,329.52,23920.9854,1
1786044900000,72.65,72.71,72.65,72.7,260.0,260.81,18953.0428,1
1786045200000,72.7,72.74,72.69,72.74,508.0,508.48,36973.3745,1
1786045500000,72.75,72.78,72.74,72.76,1411.0,1411.3,102703.391,1
1786045800000,72.75,72.85,72.73,72.8,3354.0,3354.94,244349.8424,1
1786046100000,72.8,72.9,72.75,72.75,1040.0,1040.8,75804.602,1
1786046400000,72.76,72.91,72.76,72.9,2549.0,2549.54,185680.3411,1
1786046700000,72.91,72.93,72.87,72.88,700.0,700.99,51106.0792,1
1786047000000,72.88,72.92,72.86,72.91,155.0,155.79,11354.2299,1
1786047300000,72.9,72.91,72.82,72.88,1434.0,1434.1,104505.4904,1
1786047600000,72.88,72.88,72.82,72.82,314.0,314.58,22922.8253,1
1786047900000,72.82,72.86,72.8,72.86,197.0,197.33,14370.2534,1
1786048200000,72.86,72.89,72.82,72.89,108.0,108.42,7899.5641,1
1786048500000,72.88,72.92,72.88,72.9,131.0,131.73,9604.2689,1
1786048800000,72.9,72.94,72.89,72.89,592.0,592.59,43223.3265,1
1786049100000,72.89,72.89,72.84,72.85,82.0,82.71,6025.8547,1
1786049400000,72.86,72.89,72.83,72.83,102.0,102.77,7487.4963,1
1786049700000,72.81,72.83,72.81,72.81,404.0,404.0,29417.3455,1
1786050000000,72.81,72.89,72.77,72.78,398.0,398.95,29067.4754,1
1786050300000,72.77,72.85,72.75,72.85,466.0,466.66,33993.5286,1
1786050600000,72.85,72.94,72.85,72.93,625.0,625.96,45636.4859,1
1786050900000,72.92,72.94,72.83,72.89,255.0,255.19,18599.2145,1
1786051200000,72.89,72.92,72.88,72.91,276.0,276.02,20124.4075,1
1786051500000,72.91,72.94,72.9,72.92,202.0,202.06,14733.1654,1
1786051800000,72.92,72.92,72.8,72.81,212.0,212.77,15506.5861,1
1786052100000,72.81,72.9,72.76,72.89,434.0,434.56,31630.3541,1
1786052400000,72.92,72.95,72.87,72.92,837.0,837.36,61048.5997,1
1786052700000,72.89,72.89,72.86,72.87,241.0,241.83,17625.3825,1
1786053000000,72.87,72.92,72.84,72.84,240.0,240.82,17551.862,1
1786053300000,72.84,72.85,72.83,72.83,125.0,125.59,9147.9553,1
1786053600000,72.82,72.82,72.7,72.78,744.0,744.58,54169.7308,1
1786053900000,72.78,72.84,72.73,72.74,69.0,69.77,5077.9347,1
1786054200000,72.74,72.8,72.74,72.8,311.0,311.51,22659.9187,1
1786054500000,72.8,72.8,72.75,72.75,309.0,309.97,22551.4875,1
1786054800000,72.75,72.75,72.61,72.64,817.0,817.18,59372.436,1
1786055100000,72.65,72.68,72.64,72.66,87.0,87.76,6376.4042,1
1786055400000,72.66,72.74,72.64,72.73,227.0,227.48,16527.6024,1
1786055700000,72.69,72.72,72.69,72.71,83.0,83.76,6090.0962,1
1786056000000,72.71,72.72,72.66,72.68,110.0,110.87,8058.0881,1
1786056300000,72.68,72.69,72.64,72.67,262.0,262.11,19043.085,1
1786056600000,72.67,72.69,72.64,72.66,984.0,984.47,71531.3773,1
1786056900000,72.66,72.66,72.63,72.64,446.0,446.74,32451.3527,1
1786057200000,72.65,72.65,72.62,72.64,376.0,376.09,27321.8493,1
1786057500000,72.64,72.71,72.64,72.65,541.0,541.31,39329.5291,1
1786057800000,72.65,72.68,72.63,72.63,459.0,459.0,33350.0346,1
1786058100000,72.63,72.64,72.47,72.47,3558.0,3558.39,258015.4599,1
1786058400000,72.47,72.49,72.42,72.45,537.0,537.43,38938.0531,1
1786058700000,72.45,72.47,72.3,72.35,1664.0,1664.58,120434.4098,1
1786059000000,72.33,72.42,72.33,72.4,701.0,701.16,50760.8713,1
1786059300000,72.39,72.4,72.32,72.33,388.0,388.73,28123.8289,1
1786059600000,72.33,72.39,72.3,72.39,150.0,150.65,10898.6749,1
1786059900000,72.4,72.44,72.36,72.39,593.0,593.33,42955.4636,1
1786060200000,72.39,72.57,72.39,72.51,1742.0,1742.63,126341.9759,1
1786060500000,72.51,72.67,72.51,72.64,141.0,141.05,10242.7351,1
1786060800000,72.63,72.73,72.61,72.72,403.0,403.88,29358.0682,1
1786061100000,72.74,72.76,72.71,72.73,603.0,603.33,43890.3229,1
1786061400000,72.7,72.74,72.59,72.59,4184.0,4184.79,304249.2504,1
1786061700000,72.59,72.66,72.56,72.62,774.0,774.18,56214.3779,1
1786062000000,72.62,72.62,72.54,72.58,1970.0,1970.69,143040.1656,1
1786062300000,72.59,72.65,72.57,72.63,623.0,623.08,45241.311,1
1786062600000,72.62,72.69,72.54,72.68,365.0,365.87,26568.6095,1
1786062900000,72.69,72.71,72.55,72.59,252.0,252.12,18303.9533,1
1786063200000,72.59,72.63,72.52,72.62,36.0,36.53,2651.561,1
1786063500000,72.62,72.66,72.53,72.55,1604.0,1604.3,116543.842,1
1786063800000,72.55,72.64,72.53,72.61,177.0,177.76,12903.6994,1
1786064100000,72.61,72.63,72.56,72.63,2165.0,2165.61,157181.6875,1
1786064400000,72.64,72.78,72.64,72.73,1557.0,1557.49,113308.8401,1
1786064700000,72.72,72.79,72.66,72.66,1580.0,1580.72,115041.5008,1
1786065000000,72.66,72.67,72.6,72.63,1284.0,1284.57,93266.5514,1
1786065300000,72.65,72.65,72.59,72.62,313.0,313.65,22774.8303,1
1786065600000,72.62,72.65,72.58,72.58,213.0,213.47,15499.5117,1
1786065900000,72.58,72.72,72.58,72.71,102.0,102.08,7414.9257,1
1786066200000,72.7,72.84,72.7,72.8,825.0,825.21,60071.8754,1
1786066500000,72.79,72.79,72.6,72.6,302.0,302.12,21974.083,1
1786066800000,72.6,72.66,72.54,72.64,982.0,982.89,71346.1275,1
1786067100000,72.64,72.71,72.62,72.7,277.0,277.11,20140.8279,1
1786067400000,72.7,72.7,72.64,72.67,94.0,94.56,6872.8874,1
1786067700000,72.67,72.71,72.63,72.7,116.0,116.1,8436.0086,1
1786068000000,72.7,72.72,72.67,72.7,202.0,202.39,14714.0727,1
1786068300000,72.69,72.69,72.57,72.57,458.0,458.21,33294.5013,1
1786068600000,72.57,72.75,72.45,72.74,1694.0,1694.84,123078.8156,1
1786068900000,72.74,72.9,72.74,72.78,2562.0,2562.24,186695.605,1
1786069200000,72.78,72.78,72.59,72.66,1493.0,1493.89,108538.4206,1
1786069500000,72.66,72.66,72.55,72.58,168.0,168.13,12203.2652,1
1786069800000,72.58,72.66,72.53,72.59,320.0,320.57,23268.3827,1
1786070100000,72.59,72.7,72.59,72.59,143.0,143.13,10396.4674,1
1786070400000,72.59,72.66,72.55,72.64,245.0,245.59,17832.3465,1
1786070700000,72.64,72.73,72.63,72.71,83.0,83.31,6055.3251,1
1786071000000,72.73,72.76,72.71,72.72,373.0,373.01,27135.1419,1
1786071300000,72.73,72.74,72.66,72.67,77.0,77.74,5650.6315,1
1786071600000,72.67,72.7,72.58,72.61,183.0,183.63,13340.846,1
1786071900000,72.61,72.7,72.59,72.69,2206.0,2206.17,160260.1074,1
1786072200000,72.69,72.7,72.59,72.59,47.0,47.74,3468.4095,1
1786072500000,72.59,72.62,72.58,72.61,81.0,81.33,5904.1679,1
1786072800000,72.58,72.65,72.56,72.65,408.0,408.86,29680.6634,1
1786073100000,72.65,72.72,72.63,72.64,349.0,349.83,25419.8982,1
1786073400000,72.64,72.73,72.64,72.66,395.0,395.33,28739.5937,1
1786073700000,72.66,72.71,72.63,72.64,163.0,163.96,11916.243,1
1786074000000,72.67,72.71,72.65,72.66,330.0,330.05,23988.3164,1
1786074300000,72.66,72.66,72.61,72.66,73.0,73.31,5325.2379,1
1786074600000,72.66,72.69,72.56,72.59,362.0,362.15,26308.7964,1
1786074900000,72.6,72.6,72.49,72.58,1250.0,1250.95,90765.5672,1
1786075200000,72.57,72.59,72.45,72.59,511.0,511.61,37114.4186,1
1786075500000,72.59,72.65,72.55,72.62,385.0,385.53,28002.3379,1
1786075800000,72.63,72.64,72.57,72.58,92.0,92.95,6748.9396,1
1786076100000,72.58,72.73,72.58,72.72,109.0,109.03,7922.3503,1
1786076400000,72.72,72.76,72.69,72.7,118.0,118.46,8616.3089,1
1786076700000,72.7,72.71,72.66,72.7,277.0,277.43,20161.0555,1
1786077000000,72.68,72.74,72.65,72.73,158.0,158.89,11550.5554,1
1786077300000,72.73,72.75,72.63,72.66,6190.0,6190.06,449613.8588,1
1786077600000,72.69,72.69,72.66,72.68,101.0,101.48,7375.6346,1
1786077900000,72.68,72.7,72.62,72.67,126.0,126.07,9159.8579,1
1786078200000,72.64,72.65,72.54,72.6,175.0,175.92,12770.9616,1
1786078500000,72.59,72.66,72.58,72.63,197.0,197.39,14334.512,1
1786078800000,72.62,72.71,72.62,72.68,33.0,33.58,2440.6742,1
1786079100000,72.68,72.7,72.61,72.67,128.0,128.4,9327.319,1
1786079400000,72.64,72.69,72.62,72.67,237.0,237.88,17287.6641,1
1786079700000,72.65,72.68,72.63,72.64,467.0,467.26,33945.517,1
1786080000000,72.64,72.64,72.55,72.55,253.0,253.62,18410.5833,1
1786080300000,72.55,72.58,72.51,72.51,110.0,110.88,8042.5232,1
1786080600000,72.51,72.55,72.39,72.42,385.0,385.54,27941.18,1
1786080900000,72.43,72.62,72.42,72.62,297.0,297.34,21576.8184,1
1786081200000,72.62,72.65,72.6,72.64,340.0,340.82,24758.2011,1
1786081500000,72.64,72.77,72.64,72.75,2333.0,2333.55,169574.6964,1
1786081800000,72.77,72.92,72.77,72.84,4141.0,4141.08,301740.2403,1
1786082100000,72.84,72.89,72.83,72.83,890.0,890.78,64902.8291,1
1786082400000,72.83,72.85,72.78,72.81,172.0,172.89,12589.9606,1
1786082700000,72.84,72.88,72.84,72.87,1669.0,1669.84,121692.5461,1
1786083000000,72.87,72.94,72.85,72.94,315.0,315.22,22981.4027,1
1786083300000,72.92,73.03,72.91,72.96,4389.0,4389.27,320425.061,1
1786083600000,72.96,73.01,72.93,73.0,408.0,408.58,29821.9755,1
1786083900000,73.0,73.04,72.97,72.97,535.0,535.11,39065.2217,1
1786084200000,72.99,72.99,72.88,72.9,725.0,725.16,52870.6554,1
1786084500000,72.91,72.97,72.9,72.93,86.0,86.48,6307.3881,1
1786084800000,72.93,72.93,72.87,72.89,90.0,90.41,6591.0783,1
1786085100000,72.89,72.92,72.82,72.82,200.0,200.09,14585.7362,1
1786085400000,72.82,72.83,72.78,72.81,61.0,61.07,4445.9178,1
1786085700000,72.83,72.86,72.8,72.8,392.0,392.39,28584.1288,1
1786086000000,72.79,72.82,72.71,72.81,2498.0,2498.52,181689.7922,1
1786086300000,72.81,72.91,72.81,72.91,620.0,620.4,45210.4246,1
1786086600000,72.91,72.94,72.91,72.94,86.0,86.17,6284.2597,1
1786086900000,72.94,72.97,72.92,72.92,861.0,861.38,62823.9337,1
1786087200000,72.92,72.96,72.89,72.96,182.0,182.83,13331.9846,1
1786087500000,72.96,72.97,72.92,72.93,891.0,891.73,65045.3483,1
1786087800000,72.93,72.95,72.92,72.95,59.0,59.33,4327.2289,1
1786088100000,72.96,72.99,72.94,72.94,33.0,33.62,2453.1205,1
1786088400000,72.94,72.94,72.9,72.9,166.0,166.42,12134.2934,1
1786088700000,72.9,72.92,72.89,72.92,15.0,15.12,1102.4075,1
1786089000000,72.92,72.94,72.91,72.94,34.0,34.9,2545.256,1
1786089300000,72.94,72.95,72.89,72.9,411.0,411.8,30020.479,1
1786089600000,72.9,72.93,72.88,72.92,694.0,694.74,50640.5818,1
1786089900000,72.92,72.93,72.88,72.9,86.0,86.97,6340.3461,1
1786090200000,72.9,72.99,72.9,72.97,390.0,390.9,28514.3467,1
1786090500000,72.97,72.99,72.9,72.93,130.0,130.48,9518.3283,1
1786090800000,72.93,72.93,72.9,72.91,173.0,173.08,12619.4894,1
1786091100000,72.91,72.95,72.91,72.94,366.0,366.59,26738.6747,1
1786091400000,72.94,73.06,72.94,73.03,144.0,144.37,10539.7751,1
1786091700000,73.03,73.04,72.94,72.97,235.0,235.37,17174.4794,1
1786092000000,72.97,73.3,72.97,73.22,8696.0,8696.3,635903.4096,1
1786092300000,73.22,73.24,73.15,73.16,1371.0,1371.56,100399.2968,1
1786092600000,73.16,73.17,73.13,73.14,104.0,104.98,7678.5247,1
1786092900000,73.14,73.16,73.13,73.16,957.0,957.86,70064.1056,1
1786093200000,73.16,73.33,73.16,73.29,678.0,678.31,49710.6206,1
1786093500000,73.29,73.29,73.27,73.28,108.0,108.07,7919.6166,1
1786093800000,73.28,73.4,73.28,73.36,819.0,819.22,60109.2091,1
1786094100000,73.36,73.55,73.36,73.52,3902.0,3902.94,286774.4887,1
1786094400000,73.52,73.52,73.43,73.52,1835.0,1835.98,134921.341,1
1786094700000,73.52,73.61,73.47,73.49,1041.0,1041.82,76624.3038,1
1786095000000,73.49,73.66,73.49,73.61,580.0,580.02,42703.8219,1
1786095300000,73.62,73.69,73.62,73.66,1039.0,1039.48,76583.4894,1
1786095600000,73.66,73.66,73.58,73.65,3415.0,3415.69,251386.6643,1
1786095900000,73.65,73.7,73.63,73.66,2029.0,2029.09,149465.7384,1
1786096200000,73.66,73.66,73.58,73.58,159.0,159.41,11731.0428,1
1786096500000,73.59,73.6,73.55,73.6,7510.0,7510.17,552524.2945,1
1786096800000,73.61,73.72,73.61,73.69,304.0,304.39,22427.5803,1
1786097100000,73.69,73.71,73.63,73.63,162.0,162.3,11956.9387,1
1786097400000,73.64,73.64,73.59,73.6,238.0,238.87,17583.9715,1
1786097700000,73.6,73.61,73.58,73.58,205.0,205.92,15154.1333,1
1786098000000,73.58,73.59,73.51,73.54,3107.0,3107.21,228503.4521,1
1786098300000,73.54,73.6,73.54,73.6,514.0,514.86,37864.9118,1
1786098600000,73.6,73.61,73.55,73.56,85.0,85.47,6290.0815,1
1786098900000,73.56,73.57,73.48,73.49,102.0,102.09,7504.3785,1
1786099200000,73.49,73.5,73.47,73.48,1411.0,1411.16,103705.3591,1
1786099500000,73.48,73.52,73.47,73.48,121.0,121.59,8935.0384,1
1786099800000,73.48,73.53,73.48,73.51,145.0,145.45,10691.8968,1
1786100100000,73.51,73.53,73.49,73.51,25.0,25.57,1879.5513,1
1786100400000,73.51,73.62,73.51,73.62,97.0,97.79,7193.7652,1
1786100700000,73.62,73.66,73.6,73.62,790.0,790.68,58213.0156,1
1786101000000,73.62,73.63,73.52,73.53,159.0,159.32,11723.264,1
1786101300000,73.53,73.59,73.51,73.51,1440.0,1440.9,105949.7503,1
1786101600000,73.5,73.75,73.5,73.64,1118.0,1118.5,82425.6419,1
1786101900000,73.64,73.66,73.58,73.58,2047.0,2047.81,150761.3845,1
1786102200000,73.59,73.61,73.53,73.53,1867.0,1867.1,137332.2067,1
1786102500000,73.55,73.62,73.53,73.61,125.0,125.07,9201.3885,1
1786102800000,73.61,73.64,73.59,73.61,3551.0,3551.01,261495.1355,1
1786103100000,73.61,73.64,73.6,73.6,110.0,110.77,8154.938,1
1786103400000,73.6,73.61,73.56,73.59,467.0,467.6,34412.9499,1
1786103700000,73.59,73.61,73.58,73.61,1429.0,1429.11,105177.8152,1
1786104000000,73.61,73.72,73.6,73.66,3669.0,3669.6,270319.9157,1
1786104300000,73.66,73.86,73.65,73.83,1254.0,1254.03,92512.7961,1
1786104600000,73.83,74.07,73.83,73.91,5129.0,5129.77,379533.7622,1
1786104900000,73.91,73.97,73.86,73.91,11491.0,11491.13,849686.6908,1
1786105200000,73.91,73.94,73.86,73.91,1501.0,1501.38,110959.1345,1
1786105500000,73.91,73.96,73.87,73.96,1921.0,1921.56,142024.8455,1
1786105800000,73.97,74.31,73.66,73.66,16237.0,16237.27,1200931.1507,1
1786106100000,73.65,73.76,73.61,73.73,22747.0,22747.99,1677271.974,1
1786106400000,73.73,73.82,73.72,73.77,21947.0,21947.89,1619456.5591,1
1786106700000,73.77,73.87,73.77,73.82,1272.0,1272.22,93953.2667,1
1786107000000,73.82,73.97,73.81,73.96,1505.0,1505.28,111198.5703,1
1786107300000,73.96,74.0,73.85,73.87,1587.0,1587.35,117315.4525,1
1786107600000,73.87,73.9,73.76,73.8,743.0,743.5,54883.5669,1
1786107900000,73.8,73.88,73.78,73.84,1972.0,1972.13,145566.2761,1
1786108200000,73.84,73.91,73.79,73.8,2025.0,2025.49,149587.1314,1
1786108500000,73.79,73.89,73.79,73.88,1366.0,1366.15,100885.1684,1
1786108800000,73.88,73.93,73.84,73.84,824.0,824.67,60946.5057,1
1786109100000,73.83,73.88,73.78,73.83,1501.0,1501.17,110784.756,1
1786109400000,73.84,74.04,73.81,74.03,1868.0,1868.17,138136.1095,1
1786109700000,74.03,74.21,73.99,74.16,4375.0,4375.31,324296.7531,1
1786110000000,74.2,74.25,74.1,74.19,1880.0,1880.81,139454.0084,1
1786110300000,74.19,74.22,74.05,74.21,869.0,869.42,64453.2334,1
1786110600000,74.24,74.32,74.17,74.25,3775.0,3775.35,280273.3048,1
1786110900000,74.26,74.31,74.05,74.1,1354.0,1354.48,100444.9154,1
1786111200000,74.11,74.13,73.8,73.81,2561.0,2561.21,189582.0844,1
1786111500000,73.8,73.86,73.76,73.8,2595.0,2595.53,191587.469,1
1786111800000,73.8,73.85,73.63,73.66,3013.0,3013.32,222158.3999,1
1786112100000,73.66,73.9,73.58,73.89,2836.0,2836.13,208892.3339,1
1786112400000,73.9,74.01,73.89,73.98,633.0,633.6,46857.9424,1
1786112700000,73.99,74.06,73.97,74.06,2388.0,2388.58,176833.7507,1
1786113000000,74.07,74.16,73.98,74.13,1447.0,1447.2,107182.531,1
1786113300000,74.13,74.2,74.03,74.03,1163.0,1163.63,86289.1978,1
1786113600000,74.0,74.13,73.93,73.94,457.0,457.12,33840.736,1
1786113900000,73.92,73.98,73.85,73.87,600.0,600.75,44401.6096,1
1786114200000,73.87,73.91,73.55,73.62,1244.0,1244.93,91717.9905,1
1786114500000,73.64,73.74,73.63,73.67,2588.0,2588.36,190699.4797,1
1786114800000,73.67,73.77,73.66,73.66,4139.0,4139.18,305039.2922,1
1786115100000,73.68,73.92,73.66,73.88,1189.0,1189.9,87745.7868,1
1786115400000,73.88,73.91,73.78,73.81,877.0,877.79,64793.9672,1
1786115700000,73.8,73.82,73.75,73.78,372.0,372.43,27476.4216,1
1786116000000,73.78,73.82,73.68,73.75,1422.0,1422.73,104920.0267,1
1786116300000,73.75,73.77,73.72,73.74,1289.0,1289.7,95116.4685,1
1786116600000,73.74,73.95,73.71,73.82,818.0,818.34,60454.4254,1
1786116900000,73.82,73.89,73.81,73.84,215.0,215.67,15926.8252,1
1786117200000,73.85,73.95,73.83,73.88,658.0,658.0,48594.2805,1
1786117500000,73.88,73.91,73.84,73.9,618.0,618.61,45715.6638,1
1786117800000,73.89,73.93,73.82,73.82,208.0,208.94,15430.2279,1
1786118100000,73.85,73.89,73.84,73.86,285.0,285.94,21121.9193,1
1786118400000,73.86,73.93,73.86,73.92,535.0,535.03,39543.7712,1
1786118700000,73.91,74.02,73.91,74.02,231.0,231.36,17113.0592,1
1786119000000,74.02,74.08,73.96,74.07,15178.0,15178.02,1123587.6517,1
1786119300000,74.07,74.07,73.92,73.94,1690.0,1690.71,125061.4197,1
1786119600000,73.95,74.03,73.82,73.83,1634.0,1634.45,120739.0632,1
1786119900000,73.83,73.87,73.8,73.8,623.0,623.59,46040.8138,1
1786120200000,73.84,73.86,73.7,73.86,2348.0,2348.96,173204.9579,1
1786120500000,73.85,73.85,73.74,73.74,191.0,191.33,14116.4852,1
1786120800000,73.74,73.78,73.72,73.76,5326.0,5326.09,392755.5589,1
1786121100000,73.75,73.75,73.7,73.74,155.0,155.37,11455.4279,1
1786121400000,73.78,73.81,73.68,73.68,637.0,637.54,47008.9968,1
1786121700000,73.68,73.69,73.54,73.54,1057.0,1057.75,77862.1451,1
1786122000000,73.54,73.55,73.35,73.43,4899.0,4899.42,359867.784,1
1786122300000,73.41,73.53,73.39,73.5,2244.0,2244.11,164875.7017,1
1786122600000,73.5,73.5,73.27,73.29,1201.0,1201.35,88179.0068,1
1786122900000,73.27,73.38,73.24,73.35,3983.0,3983.71,292099.3644,1
1786123200000,73.35,73.35,73.26,73.26,5581.0,5581.42,409088.7935,1
1786123500000,73.25,73.28,73.22,73.24,186.0,186.99,13696.647,1
1786123800000,73.24,73.25,73.15,73.24,1142.0,1142.63,83656.4813,1
1786124100000,73.24,73.35,73.16,73.35,871.0,871.33,63808.8297,1
1786124400000,73.34,73.41,73.3,73.32,1826.0,1826.99,134018.219,1
1786124700000,73.32,73.34,73.23,73.23,1064.0,1064.87,78010.0492,1
1786125000000,73.23,73.29,73.18,73.25,556.0,556.02,40700.6876,1
1786125300000,73.25,73.4,73.25,73.38,514.0,514.7,37731.6235,1
1786125600000,73.38,73.49,73.37,73.44,2648.0,2648.24,194491.8913,1
1786125900000,73.44,73.5,73.42,73.47,805.0,805.97,59207.484,1
1786126200000,73.47,73.55,73.47,73.49,357.0,357.86,26303.9047,1
1786126500000,73.52,73.55,73.47,73.52,189.0,189.81,13952.3312,1
1786126800000,73.51,73.52,73.46,73.46,118.0,118.87,8737.728,1
1786127100000,73.46,73.49,73.45,73.45,592.0,592.07,43499.7481,1
1786127400000,73.45,73.49,73.4,73.4,116.0,116.61,8566.7861,1
1786127700000,73.4,73.4,73.31,73.34,2326.0,2326.8,170712.17,1
1786128000000,73.34,73.34,73.24,73.24,1404.0,1404.05,102882.5844,1
1786128300000,73.25,73.29,73.24,73.25,1020.0,1020.69,74774.4565,1
1786128600000,73.25,73.29,73.25,73.26,1999.0,1999.98,146545.8725,1
1786128900000,73.27,73.37,73.27,73.36,1209.0,1209.49,88658.2615,1
1786129200000,73.39,73.55,73.37,73.45,2107.0,2107.02,154882.2674,1
1786129500000,73.45,73.55,73.45,73.55,635.0,635.05,46668.0681,1
1786129800000,73.57,73.67,73.57,73.63,2773.0,2773.63,204130.4564,1
1786130100000,73.64,73.73,73.64,73.73,1008.0,1008.11,74281.2105,1
1786130400000,73.72,73.86,73.67,73.79,1391.0,1391.76,102703.0194,1
1786130700000,73.79,73.83,73.77,73.78,1863.0,1863.8,137543.8765,1
1786131000000,73.82,73.86,73.79,73.82,331.0,331.1,24442.8716,1
1786131300000,73.82,73.84,73.76,73.8,284.0,284.98,21031.4359,1
1786131600000,73.8,73.84,73.8,73.82,441.0,441.84,32620.297,1
1786131900000,73.82,73.9,73.81,73.85,1067.0,1067.03,78807.972,1
1786132200000,73.83,73.88,73.83,73.85,833.0,833.03,61526.8334,1
1786132500000,73.85,74.0,73.85,73.97,3310.0,3310.42,244872.1307,1
1786132800000,73.97,74.03,73.92,73.94,665.0,665.85,49249.7981,1
1786133100000,73.95,74.0,73.93,73.98,2009.0,2009.04,148566.6305,1
1786133400000,73.98,74.03,73.96,74.03,302.0,302.09,22352.5447,1
1786133700000,74.03,74.04,74.02,74.02,1853.0,1853.6,137206.0938,1
1786134000000,74.04,74.06,74.01,74.02,327.0,327.06,24211.9973,1
1786134300000,74.02,74.05,73.96,73.96,288.0,288.87,21382.5154,1
1786134600000,73.95,73.95,73.84,73.85,11134.0,11134.12,822728.2947,1
1786134900000,73.87,73.87,73.85,73.87,221.0,221.42,16354.6264,1
1786135200000,73.87,73.89,73.82,73.82,423.0,423.14,31253.7796,1
1786135500000,73.8,73.84,73.8,73.84,944.0,944.45,69724.9378,1
1786135800000,73.79,73.8,73.77,73.79,529.0,529.42,39065.7495,1
1786136100000,73.79,73.79,73.76,73.77,205.0,205.72,15177.5546,1
1786136400000,73.79,73.82,73.78,73.79,1185.0,1185.87,87508.9475,1
1786136700000,73.79,73.79,73.76,73.77,325.0,325.37,23999.6577,1
1786137000000,73.78,73.78,73.73,73.77,1667.0,1667.71,123029.4173,1
1786137300000,73.77,73.86,73.7,73.7,141.0,141.75,10456.0744,1
1786137600000,73.7,73.7,73.6,73.7,875.0,875.1,64466.3923,1
1786137900000,73.7,73.7,73.68,73.68,271.0,271.8,20028.7419,1
1786138200000,73.7,73.74,73.68,73.7,407.0,407.82,30065.8502,1
1786138500000,73.7,73.71,73.66,73.71,66.0,66.84,4925.4297,1
1786138800000,73.67,73.8,73.67,73.71,201.0,201.57,14856.0497,1
1786139100000,73.71,73.71,73.64,73.64,588.0,588.64,43382.4422,1
1786139400000,73.64,73.64,73.6,73.6,535.0,535.82,39440.2343,1
1786139700000,73.6,73.62,73.57,73.62,15129.0,15129.88,1113293.3853,1
1786140000000,73.6,73.64,73.57,73.61,872.0,872.04,64172.4227,1
1786140300000,73.61,73.62,73.58,73.61,41.0,41.56,3059.1807,1
1786140600000,73.61,73.65,73.61,73.65,47.0,47.28,3481.8092,1
1786140900000,73.65,73.7,73.65,73.67,22.0,22.88,1685.7557,1
1786141200000,73.67,73.69,73.64,73.69,114.0,114.43,8429.5724,1
1786141500000,73.69,73.7,73.66,73.67,181.0,181.13,13345.7473,1
1786141800000,73.67,73.67,73.6,73.61,107.0,107.99,7951.7931,1
1786142100000,73.61,73.61,73.58,73.58,981.0,981.99,72273.547,1
1786142400000,73.58,73.6,73.55,73.57,15259.0,15259.04,1122552.5299,1
1786142700000,73.57,73.59,73.56,73.57,107.0,107.31,7895.7072,1
1786143000000,73.57,73.6,73.57,73.6,459.0,459.62,33819.758,1
1786143300000,73.6,73.61,73.59,73.61,49.0,49.27,3626.2618,1
1786143600000,73.61,73.69,73.61,73.69,466.0,466.26,34335.7245,1
1786143900000,73.69,73.7,73.69,73.69,38.0,38.35,2826.1664,1
1786144200000,73.69,73.7,73.67,73.7,43.0,43.02,3169.7636,1
1786144500000,73.7,73.7,73.67,73.67,20.0,20.01,1474.2168,1
1786144800000,73.67,73.68,73.66,73.67,15.0,15.02,1106.6733,1
1786145100000,73.67,73.67,73.59,73.59,157.0,157.32,11586.0784,1
1786145400000,73.59,73.61,73.58,73.61,197.0,197.13,14505.8203,1
1786145700000,73.61,73.64,73.61,73.64,141.0,141.18,10393.6066,1
1786146000000,73.65,73.7,73.65,73.7,55.0,55.54,4091.9422,1
1786146300000,73.7,73.75,73.69,73.69,357.0,357.45,26345.9411,1
1786146600000,73.68,73.68,73.63,73.64,48.0,48.87,3599.2818,1
1786146900000,73.64,73.64,73.63,73.63,730.0,730.47,53784.5061,1
1786147200000,73.61,73.65,73.58,73.65,117.0,117.35,8637.769,1
1786147500000,73.65,73.68,73.6,73.6,273.0,273.54,20141.8167,1
1786147800000,73.6,73.62,73.6,73.62,75.0,75.47,5555.6162,1
1786148100000,73.62,73.62,73.55,73.56,231.0,231.83,17058.2936,1
1786148400000,73.56,73.61,73.55,73.58,109.0,109.21,8036.8741,1
1786148700000,73.58,73.62,73.58,73.62,997.0,997.27,73411.3485,1
1786149000000,73.61,73.61,73.59,73.6,100.0,100.35,7386.5452,1
1786149300000,73.6,73.64,73.6,73.64,37.0,37.09,2730.8459,1
1786149600000,73.64,73.64,73.63,73.63,67.0,67.16,4945.0823,1
1786149900000,73.63,73.66,73.63,73.64,50.0,50.48,3717.3356,1
1786150200000,73.63,73.68,73.63,73.67,327.0,327.56,24121.9438,1
1786150500000,73.67,73.69,73.67,73.68,872.0,872.64,64296.674,1
1786150800000,73.68,73.7,73.67,73.68,7.0,7.22,532.0014,1
1786151100000,73.68,73.7,73.67,73.68,43.0,43.24,3186.1765,1
1786151400000,73.68,73.73,73.64,73.7,189.0,189.94,13998.4178,1
1786151700000,73.7,73.76,73.7,73.76,615.0,615.95,45414.1348,1
1786152000000,73.75,73.79,73.74,73.79,479.0,479.11,35343.4857,1
1786152300000,73.78,73.78,73.78,73.78,18.0,18.18,1341.3204,1
1786152600000,73.79,73.83,73.77,73.83,2071.0,2071.73,152948.9509,1
1786152900000,73.84,73.88,73.82,73.88,846.0,846.62,62529.5677,1
1786153200000,73.88,73.93,73.87,73.93,748.0,748.19,55283.5909,1
1786153500000,73.93,73.93,73.88,73.89,1840.0,1840.47,136030.3942,1
1786153800000,73.89,73.89,73.86,73.87,75.0,75.26,5559.3285,1
1786154100000,73.87,73.87,73.86,73.87,90.0,90.64,6694.996,1
1786154400000,73.87,73.87,73.84,73.86,1610.0,1610.97,118990.639,1
1786154700000,73.86,73.92,73.85,73.92,33.0,33.78,2495.3928,1
1786155000000,73.92,73.94,73.91,73.94,48.0,48.17,3560.8964,1
1786155300000,73.94,73.94,73.89,73.89,84.0,84.04,6210.8594,1
1786155600000,73.89,73.92,73.89,73.9,664.0,664.18,49095.5427,1
1786155900000,73.9,73.93,73.9,73.93,47.0,47.1,3481.4899,1
1786156200000,73.91,73.94,73.91,73.92,42.0,42.85,3167.724,1
1786156500000,73.92,73.94,73.92,73.94,1612.0,1612.45,119208.5785,1
1786156800000,73.94,73.94,73.93,73.94,31.0,31.44,2324.3692,1
1786157100000,73.94,73.94,73.86,73.86,596.0,596.38,44060.1435,1
1786157400000,73.86,73.86,73.82,73.84,155.0,155.86,11511.2658,1
1786157700000,73.84,73.85,73.84,73.84,502.0,502.04,37075.5124,1
1786158000000,73.84,73.87,73.84,73.87,27.0,27.54,2034.2198,1
1786158300000,73.86,73.87,73.85,73.87,42.0,42.41,3132.5626,1
1786158600000,73.87,73.94,73.87,73.92,275.0,275.32,20350.6099,1
1786158900000,73.94,74.01,73.94,74.01,1515.0,1515.51,112111.003,1
1786159200000,74.01,74.06,74.0,74.04,638.0,638.27,47245.2594,1
1786159500000,74.04,74.16,74.04,74.14,2240.0,2240.3,165985.1262,1
1786159800000,74.14,74.47,74.14,74.44,8119.0,8119.63,603899.8096,1
1786160100000,74.42,74.54,74.3,74.32,3832.0,3832.72,285326.6262,1
1786160400000,74.34,74.44,74.34,74.44,322.0,322.12,23961.6267,1
1786160700000,74.45,74.54,74.41,74.45,483.0,483.74,36018.6778,1
1786161000000,74.45,74.56,74.43,74.54,1597.0,1597.49,119056.6057,1
1786161300000,74.56,74.99,74.55,74.82,10975.0,10975.49,820389.1289,1
1786161600000,74.85,75.11,74.85,74.93,12877.0,12877.48,965815.8103,1
1786161900000,74.91,74.91,74.61,74.62,9094.0,9094.15,679719.2313,1
1786162200000,74.62,74.72,74.62,74.68,771.0,771.07,57592.358,1
1786162500000,74.68,74.74,74.63,74.63,460.0,460.91,34409.7077,1
1786162800000,74.63,74.64,74.58,74.61,216.0,216.17,16126.5993,1
1786163100000,74.61,74.68,74.56,74.58,689.0,689.82,51479.6749,1
1786163400000,74.56,74.7,74.56,74.59,160.0,160.79,12001.5802,1
1786163700000,74.59,74.64,74.59,74.62,555.0,555.05,41417.9619,1
1786164000000,74.61,74.7,74.61,74.63,596.0,596.24,44517.9416,1
1786164300000,74.64,74.65,74.58,74.58,563.0,563.92,42063.9241,1
1786164600000,74.58,74.63,74.58,74.62,51.0,51.13,3814.6756,1
1786164900000,74.62,74.64,74.58,74.61,691.0,691.02,51554.4892,1
1786165200000,74.61,74.61,74.55,74.58,349.0,349.19,26043.1003,1
1786165500000,74.58,74.59,74.55,74.55,512.0,512.46,38209.0494,1
1786165800000,74.55,74.56,74.55,74.56,205.0,205.72,15338.4832,1
1786166100000,74.56,74.56,74.52,74.53,42.0,42.21,3146.0813,1
1786166400000,74.53,74.62,74.53,74.62,333.0,333.18,24851.9915,1
1786166700000,74.62,74.68,74.61,74.65,216.0,216.91,16188.905,1
1786167000000,74.65,74.68,74.62,74.65,52.0,52.89,3948.2045,1
1786167300000,74.7,74.72,74.63,74.64,610.0,610.69,45617.4764,1
1786167600000,74.62,74.62,74.56,74.56,168.0,168.53,12568.4982,1
1786167900000,74.56,74.56,74.53,74.54,79.0,79.88,5954.5273,1
1786168200000,74.53,74.53,74.47,74.47,3866.0,3866.0,288057.5697,1
1786168500000,74.47,74.63,74.47,74.63,529.0,529.26,39471.7893,1
1786168800000,74.63,74.64,74.57,74.57,188.0,188.71,14082.3134,1
1786169100000,74.57,74.58,74.54,74.58,2629.0,2629.72,196097.8009,1
1786169400000,74.58,74.65,74.58,74.62,49.0,49.09,3663.4372,1
1786169700000,74.62,74.62,74.58,74.58,431.0,431.17,32171.2031,1
1786170000000,74.58,74.69,74.57,74.68,1013.0,1013.2,75649.3768,1
1786170300000,74.68,74.69,74.64,74.69,13963.0,13963.9,1042459.484,1
1786170600000,74.7,74.72,74.65,74.7,215.0,215.29,16079.8334,1
1786170900000,74.7,74.73,74.63,74.63,97.0,97.58,7289.791,1
1786171200000,74.68,74.71,74.67,74.68,153.0,153.69,11479.0926,1
1786171500000,74.68,74.77,74.68,74.77,49.0,49.44,3694.0784,1
1786171800000,74.77,74.77,74.69,74.69,1439.0,1439.97,107629.0486,1
1786172100000,74.71,74.72,74.67,74.68,375.0,375.85,28081.5168,1
1786172400000,74.68,74.74,74.68,74.73,216.0,216.34,16159.9442,1
1786172700000,74.73,74.74,74.71,74.74,40.0,40.48,3024.6062,1
1786173000000,74.75,74.75,74.7,74.7,266.0,266.11,19886.1287,1
1786173300000,74.7,74.7,74.66,74.66,567.0,567.38,42361.8537,1
1786173600000,74.67,74.7,74.67,74.7,34.0,34.08,2545.3751,1
1786173900000,74.7,74.7,74.67,74.67,176.0,176.89,13208.6764,1
1786174200000,74.67,74.69,74.65,74.69,306.0,306.74,22901.7822,1
1786174500000,74.69,74.7,74.65,74.65,802.0,802.9,59938.2991,1
1786174800000,74.65,74.71,74.65,74.68,2399.0,2399.55,179151.7956,1
1786175100000,74.68,74.7,74.68,74.68,32.0,32.75,2445.9848,1
1786175400000,74.68,74.72,74.68,74.72,3104.0,3104.84,231953.3427,1
1786175700000,74.72,74.78,74.72,74.77,1082.0,1082.44,80933.4684,1
1786176000000,74.77,74.78,74.75,74.75,404.0,404.3,30229.2691,1
1786176300000,74.75,74.77,74.75,74.75,189.0,189.68,14179.3679,1
1786176600000,74.75,74.77,74.74,74.76,35.0,35.07,2621.7831,1
1786176900000,74.76,74.76,74.69,74.69,44.0,44.0,3287.5544,1
1786177200000,74.68,74.76,74.67,74.76,419.0,419.41,31321.8639,1
1786177500000,74.76,74.8,74.71,74.8,128.0,128.56,9613.0955,1
1786177800000,74.79,74.9,74.79,74.89,1750.0,1750.93,131093.0293,1
1786178100000,74.86,74.86,74.82,74.82,204.0,204.8,15323.8594,1
1786178400000,74.82,74.82,74.76,74.76,502.0,502.97,37619.502,1
1786178700000,74.76,74.79,74.68,74.79,2979.0,2979.03,222622.7386,1
1786179000000,74.8,74.81,74.78,74.78,165.0,165.56,12384.4926,1
1786179300000,74.78,74.78,74.75,74.77,174.0,174.94,13078.8568,1
1786179600000,74.77,74.84,74.77,74.79,527.0,527.27,39436.2013,1
1786179900000,74.79,74.82,74.79,74.8,1230.0,1230.63,92063.2336,1
1786180200000,74.8,74.82,74.8,74.8,15.0,15.0,1122.14,1
1786180500000,74.82,74.86,74.82,74.84,338.0,338.55,25340.4596,1
1786180800000,74.84,74.9,74.84,74.9,216.0,216.94,16246.7866,1
1786181100000,74.9,74.92,74.9,74.92,527.0,527.09,39487.7259,1
1786181400000,74.92,75.0,74.86,74.86,1256.0,1256.41,94123.0159,1
1786181700000,74.86,74.86,74.81,74.81,308.0,308.77,23104.783,1
1786182000000,74.81,74.84,74.81,74.83,41.0,41.25,3086.7575,1
1786182300000,74.83,74.88,74.83,74.87,305.0,305.49,22873.6454,1
1786182600000,74.87,74.87,74.8,74.83,807.0,807.6,60416.592,1
1786182900000,74.83,74.88,74.82,74.85,763.0,763.78,57168.1759,1
1786183200000,74.85,74.93,74.85,74.93,504.0,504.94,37813.4953,1
1786183500000,74.9,74.94,74.9,74.94,73.0,73.15,5479.3605,1
1786183800000,74.94,74.96,74.89,74.89,480.0,480.37,35997.0415,1
1786184100000,74.89,74.91,74.88,74.89,743.0,743.47,55680.3973,1
1786184400000,74.89,74.94,74.89,74.94,561.0,561.7,42088.1345,1
1786184700000,74.94,74.96,74.91,74.96,95.0,95.9,7187.464,1
1786185000000,74.96,74.96,74.92,74.92,47.0,47.78,3580.5776,1
1786185300000,74.92,74.99,74.92,74.94,131.0,131.76,9874.0708,1
1786185600000,74.94,74.98,74.94,74.98,143.0,143.06,10722.3974,1
1786185900000,74.98,75.05,74.98,75.05,154.0,154.16,11564.7222,1
1786186200000,75.05,75.07,75.01,75.03,307.0,307.77,23090.2057,1
1786186500000,75.03,75.15,75.03,75.05,444.0,444.9,33422.6723,1
1786186800000,75.05,75.12,75.05,75.11,376.0,376.76,28281.3146,1
1786187100000,75.11,75.13,75.04,75.13,356.0,356.59,26767.5174,1
1786187400000,75.14,75.64,75.14,75.42,10105.0,10105.88,762317.4358,1
1786187700000,75.43,75.43,75.31,75.35,880.0,880.18,66331.3557,1
1786188000000,75.35,75.35,75.26,75.27,2336.0,2336.45,175957.9973,1
1786188300000,75.26,75.27,75.22,75.24,989.0,989.63,74454.8389,1
1786188600000,75.24,75.25,75.2,75.23,2145.0,2145.5,161420.2903,1
1786188900000,75.23,75.24,75.2,75.2,96.0,96.24,7238.9323,1
1786189200000,75.2,75.22,75.16,75.21,689.0,689.42,51848.1378,1
1786189500000,75.21,75.26,75.19,75.26,839.0,839.41,63122.1692,1
1786189800000,75.31,75.55,75.31,75.51,3603.0,3603.71,271917.0986,1
1786190100000,75.49,75.68,75.47,75.57,1639.0,1639.03,123866.2404,1
1786190400000,75.58,75.63,75.51,75.55,3913.0,3913.92,295784.7564,1
1786190700000,75.6,75.65,75.43,75.43,1693.0,1693.59,127915.1034,1
1786191000000,75.44,75.55,75.44,75.54,185.0,185.71,14021.4303,1
1786191300000,75.55,75.57,75.46,75.47,409.0,409.66,30942.7125,1
1786191600000,75.47,75.47,75.37,75.4,2357.0,2357.83,177857.5465,1
1786191900000,75.4,75.43,75.33,75.35,2337.0,2337.23,176108.5478,1
1786192200000,75.36,75.48,75.36,75.45,1095.0,1095.45,82644.2144,1
1786192500000,75.45,75.46,75.38,75.41,424.0,424.65,32024.5141,1
1786192800000,75.41,75.46,75.36,75.44,444.0,444.37,33519.1866,1
1786193100000,75.47,75.54,75.46,75.54,707.0,707.24,53379.0412,1
1786193400000,75.54,75.55,75.51,75.52,517.0,517.9,39109.9783,1
1786193700000,75.52,75.52,75.41,75.42,226.0,226.24,17066.186,1
1786194000000,75.42,75.46,75.4,75.46,1068.0,1068.77,80626.5032,1
1786194300000,75.46,75.51,75.42,75.42,983.0,983.04,74193.0216,1
1786194600000,75.42,75.45,75.42,75.42,672.0,672.83,50758.2471,1
1786194900000,75.42,75.49,75.42,75.44,908.0,908.67,68568.3003,1
1786195200000,75.44,75.48,75.43,75.48,31.0,31.46,2373.3879,1
1786195500000,75.47,75.51,75.46,75.46,3270.0,3270.15,246908.8458,1
1786195800000,75.5,75.5,75.44,75.46,420.0,420.5,31731.483,1
1786196100000,75.46,75.48,75.42,75.46,3696.0,3696.2,278873.5174,1
1786196400000,75.46,75.48,75.46,75.46,189.0,189.35,14289.7317,1
1786196700000,75.46,75.51,75.46,75.48,116.0,116.13,8765.5819,1
1786197000000,75.48,75.48,75.45,75.48,255.0,255.82,19306.6088,1
1786197300000,75.49,75.53,75.47,75.51,569.0,569.16,42969.937,1
1786197600000,75.51,75.76,75.51,75.69,3853.0,3853.26,291317.7003,1
1786197900000,75.71,75.75,75.57,75.6,2835.0,2835.27,214625.3982,1
1786198200000,75.61,75.66,75.56,75.62,1512.0,1512.18,114347.2048,1
1786198500000,75.62,75.62,75.56,75.58,229.0,229.91,17376.617,1
1786198800000,75.58,75.68,75.57,75.68,2284.0,2284.01,172649.855,1
1786199100000,75.69,75.86,75.69,75.78,1401.0,1401.88,106258.201,1
1786199400000,75.79,76.04,75.77,76.04,8819.0,8819.91,669412.8009,1
1786199700000,76.04,76.14,75.97,75.97,20755.0,20755.23,1578753.9207,1
1786200000000,75.98,75.98,75.91,75.93,530.0,530.58,40293.2375,1
1786200300000,75.93,76.04,75.93,76.04,10397.0,10397.4,790199.0153,1
1786200600000,76.04,76.39,76.04,76.36,5692.0,5692.51,434044.8749,1
1786200900000,76.37,76.59,76.33,76.48,7777.0,7777.96,594881.7053,1
1786201200000,76.5,76.67,76.46,76.5,4474.0,4474.68,342694.7054,1
1786201500000,76.5,76.5,76.38,76.48,4204.0,4204.9,321389.2195,1
1786201800000,76.48,76.65,76.47,76.64,16619.0,16619.75,1272005.2739,1
1786202100000,76.65,76.79,76.57,76.57,2209.0,2209.54,169364.0139,1
1786202400000,76.57,76.58,76.46,76.46,1716.0,1716.58,131381.4183,1
1786202700000,76.47,76.56,76.47,76.49,2322.0,2322.58,177739.086,1
1786203000000,76.49,76.49,76.31,76.31,1587.0,1587.83,121319.6184,1
1786203300000,76.31,76.37,76.31,76.36,122.0,122.69,9365.8944,1
1786203600000,76.36,76.36,76.32,76.32,436.0,436.71,33333.8885,1
1786203900000,76.33,76.33,76.22,76.33,939.0,939.02,71644.0614,1
1786204200000,76.33,76.43,76.33,76.42,3848.0,3848.64,293947.6746,1
1786204500000,76.42,76.43,76.32,76.37,342.0,342.25,26137.7821,1
1786204800000,76.38,76.42,76.32,76.33,3362.0,3362.71,256872.0746,1
1786205100000,76.33,76.47,76.31,76.39,493.0,493.26,37684.5963,1
1786205400000,76.39,76.41,76.33,76.35,614.0,614.42,46917.9752,1
1786205700000,76.35,76.44,76.28,76.3,8700.0,8700.03,664847.1149,1
1786206000000,76.29,76.34,76.26,76.27,1018.0,1018.18,77688.267,1
1786206300000,76.27,76.3,76.23,76.28,3391.0,3391.38,258705.4781,1
1786206600000,76.29,76.31,76.23,76.26,258.0,258.55,19722.9175,1
1786206900000,76.26,76.27,76.14,76.16,5683.0,5683.07,433066.2913,1
1786207200000,76.16,76.23,76.16,76.22,1715.0,1715.35,130712.4641,1
1786207500000,76.25,76.27,76.22,76.27,410.0,410.25,31276.1263,1
1786207800000,76.27,76.33,76.26,76.33,855.0,855.88,65316.4853,1
1786208100000,76.32,76.38,76.31,76.36,973.0,973.85,74350.3149,1
1786208400000,76.36,76.38,76.3,76.33,575.0,575.8,43960.7726,1
1786208700000,76.33,76.33,76.24,76.3,688.0,688.83,52533.9088,1
1786209000000,76.3,76.35,76.3,76.33,1264.0,1264.74,96530.9713,1
1786209300000,76.33,76.35,76.32,76.33,568.0,568.19,43380.0154,1
1786209600000,76.33,76.4,76.29,76.31,9775.0,9775.05,745994.2153,1
1786209900000,76.31,76.41,76.29,76.41,1242.0,1242.96,94910.5223,1
1786210200000,76.41,76.47,76.38,76.44,13499.0,13499.7,1031904.9049,1
1786210500000,76.44,76.47,76.37,76.37,1223.0,1223.12,93420.3942,1
1786210800000,76.36,76.43,76.33,76.38,359.0,359.57,27463.2573,1
1786211100000,76.38,76.4,76.38,76.38,67.0,67.12,5126.922,1
1786211400000,76.38,76.4,76.34,76.35,148.0,148.95,11376.0596,1
1786211700000,76.35,76.4,76.34,76.36,832.0,832.19,63544.7676,1
1786212000000,76.37,76.37,76.24,76.3,38905.0,38905.73,2968371.3453,1
1786212300000,76.3,76.32,76.23,76.25,39803.0,39803.07,3035824.3756,1
1786212600000,76.25,76.26,76.23,76.23,10107.0,10107.62,770658.46,1
1786212900000,76.25,76.25,76.19,76.19,301.0,301.28,22966.483,1
1786213200000,76.18,76.25,76.14,76.15,10445.0,10445.04,795428.9675,1
1786213500000,76.15,76.16,76.06,76.06,11624.0,11624.68,884529.2214,1
1786213800000,76.06,76.14,76.06,76.09,19753.0,19753.02,1503761.06,1
1786214100000,76.09,76.13,76.08,76.12,199.0,199.82,15209.9679,1
1786214400000,76.12,76.17,76.11,76.11,10532.0,10532.48,802169.3569,1
1786214700000,76.11,76.17,76.11,76.16,1010.0,1010.79,76982.8804,1
1786215000000,76.16,76.16,76.08,76.08,53.0,53.8,4095.0017,1
1786215300000,76.09,76.12,76.08,76.12,80.0,80.82,6150.4089,1
1786215600000,76.12,76.12,76.08,76.08,247.0,247.76,18853.7228,1
1786215900000,76.08,76.08,76.06,76.08,50.0,50.14,3814.1584,1
1786216200000,76.08,76.08,76.04,76.06,712.0,712.42,54197.3074,1
1786216500000,76.05,76.1,75.99,76.06,1494.0,1494.71,113619.8878,1
1786216800000,76.06,76.06,76.01,76.04,280.0,280.85,21353.3994,1
1786217100000,76.04,76.04,75.96,75.96,422.0,422.01,32073.8636,1
1786217400000,75.96,76.02,75.95,76.02,4802.0,4802.33,364882.8345,1
1786217700000,76.02,76.02,76.01,76.02,304.0,304.94,23181.0354,1
1786218000000,76.02,76.06,76.01,76.06,963.0,963.71,73260.456,1
1786218300000,76.06,76.11,76.05,76.11,359.0,359.92,27383.3594,1
1786218600000,76.12,76.18,76.12,76.17,15913.0,15913.3,1211723.472,1
1786218900000,76.19,76.25,76.15,76.15,268.0,268.77,20476.0348,1
1786219200000,76.13,76.19,76.12,76.16,184.0,184.11,14020.6218,1
1786219500000,76.15,76.21,76.15,76.21,976.0,976.87,74396.6788,1
1786219800000,76.21,76.22,76.21,76.22,151.0,151.52,11548.7058,1
1786220100000,76.22,76.25,76.17,76.18,802.0,802.02,61144.4793,1
1786220400000,76.17,76.19,76.14,76.16,160.0,160.96,12260.289,1
1786220700000,76.16,76.18,76.13,76.14,923.0,923.25,70306.1296,1
1786221000000,76.14,76.21,76.14,76.21,18.0,18.0,1371.56,1
1786221300000,76.2,76.21,76.19,76.19,362.0,362.38,27613.0959,1
1786221600000,76.19,76.25,76.19,76.25,150.0,150.3,11454.7707,1
1786221900000,76.24,76.24,76.17,76.21,55.0,55.75,4249.2143,1
1786222200000,76.21,76.21,76.18,76.19,56.0,56.78,4326.3544,1
1786222500000,76.19,76.24,76.18,76.24,1069.0,1069.37,81469.0768,1
1786222800000,76.24,76.27,76.23,76.25,539.0,539.86,41167.8841,1
1786223100000,76.26,76.31,76.25,76.3,118.0,118.93,9072.9769,1
1786223400000,76.31,76.33,76.26,76.26,507.0,507.79,38742.9929,1
1786223700000,76.26,76.35,76.26,76.35,194.0,194.54,14842.4452,1
1786224000000,76.35,76.35,76.3,76.31,132.0,132.32,10097.2864,1
1786224300000,76.31,76.33,76.3,76.3,159.0,159.31,12156.786,1
1786224600000,76.3,76.3,76.25,76.28,480.0,480.28,36635.967,1
1786224900000,76.28,76.29,76.25,76.25,464.0,464.66,35437.1748,1
1786225200000,76.23,76.24,76.17,76.22,202.0,202.14,15407.3441,1
1786225500000,76.22,76.22,76.2,76.22,3103.0,3103.29,236512.8571,1
1786225800000,76.22,76.25,76.17,76.2,565.0,565.78,43115.3482,1
1786226100000,76.2,76.2,76.15,76.19,484.0,484.59,36913.036,1
1786226400000,76.2,76.24,76.19,76.22,449.0,449.41,34251.5248,1
1786226700000,76.22,76.22,76.17,76.19,234.0,234.78,17887.8476,1
1786227000000,76.19,76.2,76.16,76.16,368.0,368.47,28069.1937,1
1786227300000,76.15,76.27,76.15,76.27,469.0,469.85,35815.0616,1
1786227600000,76.22,76.24,76.22,76.22,37.0,37.05,2824.2053,1
1786227900000,76.25,76.25,76.23,76.23,85.0,85.45,6514.8491,1
1786228200000,76.23,76.25,76.19,76.2,193.0,193.94,14784.4875,1
1786228500000,76.2,76.23,76.19,76.19,500.0,500.74,38169.9722,1
1786228800000,76.19,76.19,76.09,76.1,15228.0,15228.01,1158882.1756,1
1786229100000,76.1,76.1,76.07,76.07,51.0,51.7,3933.186,1
1786229400000,76.07,76.07,76.03,76.05,7382.0,7382.4,561406.1546,1
1786229700000,76.05,76.05,75.82,75.89,12638.0,12638.52,958806.4959,1
1786230000000,75.9,75.92,75.86,75.87,1324.0,1324.18,100469.2684,1
1786230300000,75.89,75.92,75.84,75.84,17375.0,17375.4,1318939.2856,1
1786230600000,75.84,75.85,75.79,75.82,251.0,251.85,19096.1176,1
1786230900000,75.82,75.89,75.77,75.89,321.0,321.55,24382.2286,1
1786231200000,75.88,75.92,75.88,75.9,470.0,470.57,35717.8949,1
1786231500000,75.9,75.92,75.88,75.88,236.0,236.8,17976.4969,1
1786231800000,75.87,75.96,75.87,75.96,494.0,494.7,37562.1098,1
1786232100000,75.96,75.98,75.94,75.98,121.0,121.36,9218.8098,1
1786232400000,75.98,76.07,75.98,76.07,3089.0,3089.61,234892.597,1
1786232700000,76.07,76.07,76.04,76.04,12.0,12.58,956.8893,1
1786233000000,76.04,76.06,76.01,76.03,559.0,559.93,42562.3483,1
1786233300000,76.03,76.03,75.97,75.99,2346.0,2346.62,178400.591,1
1786233600000,75.99,76.03,75.95,76.03,10416.0,10416.29,791264.6862,1
1786233900000,76.03,76.03,75.95,75.96,10168.0,10168.58,772622.9397,1
1786234200000,75.96,76.03,75.96,75.98,382.0,382.25,29051.1068,1
1786234500000,75.98,75.98,75.95,75.95,77.0,77.43,5882.8688,1
1786234800000,75.95,75.96,75.9,75.9,10090.0,10090.98,766060.7864,1
1786235100000,75.9,75.93,75.9,75.92,120.0,120.9,9178.0777,1
1786235400000,75.92,75.92,75.89,75.89,290.0,290.76,22065.7764,1
1786235700000,75.87,75.99,75.86,75.97,336.0,336.64,25570.0053,1
1786236000000,75.97,75.99,75.93,75.93,123.0,123.54,9384.3276,1
1786236300000,75.93,75.95,75.86,75.86,365.0,365.67,27746.1686,1
1786236600000,75.86,75.87,75.83,75.87,11068.0,11068.17,839500.7831,1
1786236900000,75.87,76.0,75.86,76.0,141.0,141.13,10719.8116,1
1786237200000,76.0,76.06,75.96,76.01,593.0,593.09,45081.3654,1
1786237500000,76.01,76.01,75.97,75.97,40.0,40.5,3077.57,1
1786237800000,75.97,75.97,75.9,75.93,702.0,702.25,53336.6416,1
1786238100000,75.93,75.93,75.88,75.88,1181.0,1181.26,89652.6938,1
1786238400000,75.88,75.88,75.81,75.83,604.0,604.87,45885.8452,1
1786238700000,75.85,75.85,75.77,75.77,1659.0,1659.17,125754.9701,1
1786239000000,75.76,75.8,75.74,75.78,350.0,350.64,26574.5156,1
1786239300000,75.8,75.84,75.8,75.83,10381.0,10381.96,787235.2172,1
1786239600000,75.84,75.86,75.84,75.86,96.0,96.54,7322.3257,1
1786239900000,75.86,75.88,75.83,75.86,68.0,68.57,5201.6689,1
1786240200000,75.86,75.86,75.8,75.85,283.0,283.96,21532.623,1
1786240500000,75.86,75.92,75.86,75.86,4085.0,4085.23,310113.6898,1
1786240800000,75.85,75.85,75.82,75.83,51.0,51.24,3886.2192,1
1786241100000,75.83,75.84,75.78,75.81,424.0,424.77,32208.2122,1
1786241400000,75.81,75.87,75.81,75.87,525.0,525.19,39833.5484,1
1786241700000,75.85,75.86,75.82,75.84,3209.0,3209.98,243477.89,1
1786242000000,75.84,75.91,75.84,75.91,3079.0,3079.66,233720.5853,1
1786242300000,75.91,75.94,75.91,75.91,17532.0,17532.22,1331143.4856,1
1786242600000,75.91,75.93,75.88,75.93,6514.0,6514.58,494466.7819,1
1786242900000,75.93,75.96,75.92,75.92,661.0,661.86,50261.6134,1
1786243200000,75.92,75.98,75.89,75.89,367.0,367.44,27908.1309,1
1786243500000,75.88,75.92,75.84,75.84,1101.0,1101.78,83601.946,1
1786243800000,75.84,75.85,75.8,75.81,922.0,922.7,69960.1746,1
1786244100000,75.81,75.86,75.8,75.86,299.0,299.31,22690.9589,1
1786244400000,75.83,75.85,75.8,75.82,336.0,336.95,25549.528,1
1786244700000,75.8,75.82,75.76,75.77,252.0,252.38,19129.5977,1
1786245000000,75.77,75.8,75.75,75.78,5781.0,5781.15,438054.0313,1
1786245300000,75.78,75.8,75.75,75.8,516.0,516.78,39157.6301,1
1786245600000,75.8,75.89,75.8,75.89,935.0,935.06,70896.6889,1
1786245900000,75.89,75.99,75.89,75.99,1258.0,1258.48,95555.2087,1
1786246200000,75.99,76.02,75.98,76.01,544.0,544.29,41374.0802,1
1786246500000,76.01,76.03,75.98,76.0,2321.0,2321.56,176406.7753,1
1786246800000,76.0,76.0,75.94,75.96,10077.0,10077.32,765411.7238,1
1786247100000,75.96,76.03,75.96,76.02,33.0,33.51,2547.3002,1
1786247400000,76.02,76.02,75.94,75.96,5202.0,5202.31,395278.7181,1
1786247700000,75.96,75.97,75.96,75.97,6.0,6.0,455.82,1
1786248000000,75.97,76.03,75.97,76.02,4455.0,4455.59,338497.1501,1
1786248300000,76.03,76.07,76.02,76.07,4966.0,4966.47,377700.803,1
1786248600000,76.07,76.11,76.05,76.08,4807.0,4807.15,365633.3197,1
1786248900000,76.08,76.1,76.01,76.01,683.0,683.85,51995.2002,1
1786249200000,75.99,76.02,75.98,75.98,836.0,836.2,63541.1576,1
1786249500000,75.98,76.05,75.98,76.05,290.0,290.75,22096.2042,1
1786249800000,76.03,76.03,75.95,75.95,94.0,94.75,7198.2032,1
1786250100000,75.95,76.0,75.95,76.0,13.0,13.0,987.91,1
1786250400000,76.0,76.02,75.98,76.01,23.0,23.9,1816.5253,1
1786250700000,76.01,76.02,76.01,76.02,29.0,29.17,2217.4017,1
1786251000000,75.98,75.99,75.94,75.95,5100.0,5100.14,387369.7886,1
1786251300000,75.95,75.97,75.94,75.97,7420.0,7420.18,563606.5025,1
1786251600000,75.94,76.0,75.94,75.97,7676.0,7676.52,583080.0014,1
1786251900000,75.97,75.99,75.94,75.98,62.0,62.0,4710.81,1
1786252200000,75.98,76.0,75.95,75.95,91.0,91.13,6924.5787,1
1786252500000,75.94,76.0,75.94,75.99,69.0,69.71,5295.3799,1
1786252800000,75.99,75.99,75.94,75.96,334.0,334.82,25432.2773,1
1786253100000,75.96,75.96,75.92,75.92,42.0,42.7,3242.2092,1
1786253400000,75.92,75.94,75.89,75.92,5246.0,5246.85,398231.5702,1
1786253700000,75.92,75.92,75.87,75.89,1036.0,1036.45,78656.3072,1
1786254000000,75.89,75.94,75.89,75.93,23.0,23.52,1785.7806,1
1786254300000,75.93,75.96,75.93,75.96,39.0,39.24,2980.2304,1
1786254600000,75.96,76.0,75.96,75.99,220.0,220.47,16751.845,1
1786254900000,75.99,75.99,75.96,75.98,5031.0,5031.52,382244.6696,1
1786255200000,75.98,75.98,75.94,75.94,221.0,221.15,16795.3457,1
1786255500000,75.94,76.01,75.94,75.97,61.0,61.06,4640.2587,1
1786255800000,75.97,75.98,75.97,75.97,51.0,51.0,3874.48,1
1786256100000,75.97,76.04,75.97,76.04,1681.0,1681.93,127891.9066,1
1786256400000,76.04,76.14,76.04,76.14,723.0,723.96,55101.6313,1
1786256700000,76.14,76.25,76.14,76.19,417.0,417.91,31840.4064,1
1786257000000,76.22,76.32,76.22,76.29,190.0,190.96,14561.8767,1
1786257300000,76.29,76.32,76.22,76.32,1739.0,1739.25,132666.8134,1
1786257600000,76.32,76.32,76.25,76.28,4583.0,4583.6,349778.3836,1
1786257900000,76.29,76.35,76.28,76.33,4917.0,4917.72,375388.0487,1
1786258200000,76.33,76.43,76.32,76.43,447.0,447.77,34205.1096,1
1786258500000,76.43,76.48,76.38,76.4,8538.0,8538.43,652312.4451,1
1786258800000,76.4,76.4,76.33,76.33,8516.0,8516.81,650259.1849,1
1786259100000,76.33,76.36,76.31,76.36,238.0,238.69,18219.9981,1
1786259400000,76.35,76.43,76.33,76.41,6047.0,6047.63,462078.6518,1
1786259700000,76.44,76.44,76.34,76.35,437.0,437.33,33404.0653,1
1786260000000,76.35,76.35,76.3,76.31,379.0,379.36,28951.8836,1
1786260300000,76.31,76.39,76.31,76.35,345.0,345.38,26376.3916,1
1786260600000,76.35,76.35,76.27,76.27,782.0,782.7,59712.2085,1
1786260900000,76.27,76.27,76.24,76.24,196.0,196.16,14958.544,1
1786261200000,76.24,76.25,76.22,76.25,48.0,48.56,3701.9842,1
1786261500000,76.25,76.26,76.23,76.23,300.0,300.37,22900.0978,1
1786261800000,76.23,76.29,76.23,76.27,1138.0,1138.02,86801.5457,1
1786262100000,76.27,76.32,76.27,76.31,135.0,135.85,10364.8665,1
1786262400000,76.32,76.57,76.32,76.53,745.0,745.22,56994.574,1
1786262700000,76.53,76.53,76.42,76.43,235.0,235.16,17982.6994,1
1786263000000,76.43,76.43,76.39,76.41,2715.0,2715.94,207571.5919,1
1786263300000,76.41,76.41,76.38,76.39,106.0,106.52,8137.2266,1
1786263600000,76.39,76.4,76.35,76.36,1673.0,1673.17,127799.098,1
1786263900000,76.36,76.36,76.34,76.35,69.0,69.68,5319.858,1
1786264200000,76.37,76.41,76.36,76.41,58.0,58.33,4455.4602,1
1786264500000,76.41,76.41,76.26,76.26,160.0,160.76,12273.2932,1
1786264800000,76.25,76.25,76.11,76.11,869.0,869.43,66216.2241,1
1786265100000,76.1,76.27,76.09,76.26,1621.0,1621.16,123516.8396,1
1786265400000,76.25,76.29,76.25,76.27,455.0,455.81,34767.0238,1
1786265700000,76.27,76.29,76.25,76.29,472.0,472.77,36057.8545,1
1786266000000,76.29,76.38,76.27,76.38,691.0,691.74,52804.62,1
1786266300000,76.39,76.43,76.37,76.37,288.0,288.88,22069.2199,1
1786266600000,76.37,76.45,76.35,76.44,319.0,319.97,24442.2428,1
1786266900000,76.44,76.44,76.4,76.42,843.0,843.23,64446.2761,1
1786267200000,76.41,76.41,76.32,76.32,243.0,243.61,18596.8114,1
1786267500000,76.31,76.31,76.25,76.25,138.0,138.26,10545.9467,1
1786267800000,76.25,76.47,76.23,76.41,264.0,264.09,20154.6191,1
1786268100000,76.41,76.43,76.39,76.42,282.0,282.1,21554.2603,1
1786268400000,76.43,76.48,76.43,76.45,342.0,342.07,26157.4529,1
1786268700000,76.45,76.45,76.4,76.41,314.0,314.34,24026.8033,1
1786269000000,76.4,76.42,76.37,76.42,193.0,193.78,14807.3276,1
1786269300000,76.42,76.43,76.38,76.41,337.0,337.42,25783.5399,1
1786269600000,76.41,76.46,76.41,76.43,144.0,144.54,11048.8392,1
1786269900000,76.43,76.48,76.43,76.46,66.0,66.36,5073.4212,1
1786270200000,76.46,76.52,76.46,76.52,70.0,70.31,5377.6156,1
1786270500000,76.52,76.63,76.52,76.56,1632.0,1632.24,125035.4634,1
1786270800000,76.56,76.61,76.56,76.56,243.0,243.99,18682.8286,1
1786271100000,76.57,76.57,76.48,76.49,773.0,773.44,59186.7618,1
1786271400000,76.49,76.52,76.46,76.46,269.0,269.44,20614.2986,1
1786271700000,76.46,76.46,76.39,76.43,505.0,505.74,38651.1101,1
1786272000000,76.43,76.44,76.42,76.42,1334.0,1334.27,101978.2098,1
1786272300000,76.42,76.42,76.37,76.38,227.0,227.73,17393.3689,1
1786272600000,76.38,76.41,76.38,76.4,1341.0,1341.9,102508.201,1
1786272900000,76.4,76.4,76.36,76.37,63.0,63.8,4873.4296,1
1786273200000,76.36,76.37,76.35,76.35,389.0,389.74,29760.4356,1
1786273500000,76.35,76.42,76.35,76.42,43.0,43.46,3319.3897,1
1786273800000,76.42,76.42,76.4,76.42,1089.0,1089.0,83209.8376,1
1786274100000,76.42,76.42,76.4,76.41,104.0,104.6,7991.5,1
1786274400000,76.41,76.45,76.37,76.37,150.0,150.0,11465.46,1
1786274700000,76.37,76.45,76.36,76.44,129.0,129.68,9907.737,1
1786275000000,76.44,76.47,76.43,76.43,182.0,182.41,13945.5086,1
1786275300000,76.43,76.5,76.41,76.43,641.0,641.34,49053.4834,1
1786275600000,76.43,76.46,76.43,76.46,43.0,43.14,3297.7216,1
1786275900000,76.46,76.49,76.44,76.45,240.0,240.44,18388.4112,1
1786276200000,76.45,76.5,76.44,76.47,3206.0,3206.91,245301.2474,1
1786276500000,76.47,76.51,76.46,76.5,115.0,115.75,8852.3097,1
1786276800000,76.5,76.5,76.42,76.42,436.0,436.48,33364.023,1
1786277100000,76.42,76.51,76.4,76.51,478.0,478.09,36536.3196,1
1786277400000,76.51,76.56,76.49,76.5,471.0,471.33,36063.4696,1
1786277700000,76.5,76.52,76.46,76.46,997.0,997.99,76346.3244,1
1786278000000,76.46,76.47,76.43,76.43,26.0,26.71,2042.0671,1
1786278300000,76.43,76.43,76.39,76.39,308.0,308.07,23539.2382,1
1786278600000,76.39,76.39,76.33,76.33,1182.0,1182.21,90269.8221,1
1786278900000,76.33,76.33,76.27,76.28,1170.0,1170.09,89288.6975,1
1786279200000,76.31,76.34,76.3,76.3,1029.0,1029.75,78586.0984,1
1786279500000,76.3,76.36,76.3,76.33,518.0,518.09,39546.8681,1
1786279800000,76.33,76.35,76.31,76.31,52.0,52.9,4037.878,1
1786280100000,76.31,76.37,76.31,76.37,38.0,38.49,2939.3321,1
1786280400000,76.33,76.46,76.33,76.45,1234.0,1234.61,94353.6111,1
1786280700000,76.45,76.53,76.45,76.52,3078.0,3078.7,235558.437,1
1786281000000,76.52,76.64,76.52,76.57,1299.0,1299.3,99526.8969,1
1786281300000,76.56,76.85,76.56,76.74,5993.0,5993.58,459927.2293,1
1786281600000,76.74,76.75,76.68,76.69,3637.0,3637.18,279056.9994,1
1786281900000,76.7,76.72,76.66,76.7,927.0,927.77,71144.9113,1
1786282200000,76.72,76.74,76.66,76.68,4217.0,4217.72,323404.4004,1
1786282500000,76.68,76.69,76.61,76.62,2589.0,2589.25,198397.6146,1
1786282800000,76.63,76.68,76.62,76.63,2148.0,2148.02,164615.068,1
1786283100000,76.63,76.64,76.62,76.63,592.0,592.69,45422.308,1
1786283400000,76.63,76.64,76.6,76.6,90.0,90.06,6899.5455,1
1786283700000,76.59,76.6,76.54,76.54,1572.0,1572.92,120414.4747,1
1786284000000,76.54,76.62,76.54,76.62,241.0,241.8,18519.7373,1
1786284300000,76.62,76.69,76.61,76.69,429.0,429.38,32909.305,1
1786284600000,76.69,76.69,76.64,76.66,235.0,235.2,18028.891,1
1786284900000,76.66,76.66,76.58,76.58,70.0,70.02,5365.6762,1
1786285200000,76.58,76.62,76.55,76.55,10154.0,10154.97,777635.6613,1
1786285500000,76.55,76.67,76.55,76.66,2077.0,2077.0,159080.351,1
1786285800000,76.67,76.78,76.66,76.77,1589.0,1589.01,121936.4591,1
1786286100000,76.77,76.93,76.73,76.8,1946.0,1946.19,149505.7742,1
1786286400000,76.8,76.8,76.7,76.75,1561.0,1561.18,119835.573,1
1786286700000,76.75,76.75,76.69,76.72,24052.0,24052.72,1845128.4044,1
1786287000000,76.7,76.8,76.7,76.8,2248.0,2248.15,172537.9034,1
1786287300000,76.8,77.07,76.8,77.0,20079.0,20079.16,1545637.5449,1
1786287600000,77.0,77.04,76.91,77.01,2526.0,2526.96,194462.1944,1
1786287900000,77.02,77.05,76.86,76.91,1089.0,1089.45,83919.3826,1
1786288200000,76.91,76.97,76.89,76.91,2099.0,2099.96,161475.2575,1
1786288500000,76.91,76.92,76.87,76.87,224.0,224.62,17274.1361,1
1786288800000,76.86,76.86,76.84,76.84,674.0,674.76,51861.1762,1
1786289100000,76.84,76.92,76.84,76.91,5144.0,5144.81,395685.5295,1
1786289400000,76.91,76.98,76.88,76.98,5466.0,5466.11,420477.3187,1
1786289700000,76.98,77.18,76.97,77.14,11672.0,11672.78,899149.5138,1
1786290000000,77.14,77.31,77.14,77.25,16001.0,16001.96,1235682.3209,1
1786290300000,77.25,77.25,77.15,77.16,2940.0,2940.28,226907.5873,1
1786290600000,77.15,77.15,77.09,77.14,4448.0,4448.28,342958.1113,1
1786290900000,77.19,77.45,77.18,77.41,7471.0,7471.88,577975.8809,1
1786291200000,77.43,77.49,77.33,77.39,4905.0,4905.28,379551.8396,1
1786291500000,77.39,77.55,77.35,77.43,1339.0,1339.91,103850.2517,1
1786291800000,77.41,77.41,77.24,77.29,11814.0,11814.08,912781.8778,1
1786292100000,77.29,77.35,77.27,77.28,2492.0,2492.86,192667.3812,1
1786292400000,77.28,77.28,77.18,77.18,4346.0,4346.26,335526.0796,1
1786292700000,77.18,77.18,77.07,77.08,853.0,853.32,65802.7809,1
1786293000000,77.08,77.25,77.07,77.25,978.0,978.7,75525.5362,1
1786293300000,77.25,77.33,77.22,77.32,1441.0,1441.05,111399.1188,1
1786293600000,77.3,77.32,77.23,77.26,703.0,703.56,54386.9438,1
1786293900000,77.26,77.33,77.23,77.23,1116.0,1116.55,86252.0698,1
1786294200000,77.22,77.27,77.22,77.27,640.0,640.66,49483.4172,1
1786294500000,77.27,77.32,77.27,77.31,236.0,236.57,18288.9677,1
1786294800000,77.31,77.31,77.23,77.29,327.0,327.72,25325.9373,1
1786295100000,77.3,77.3,77.2,77.2,460.0,460.15,35547.0696,1
1786295400000,77.2,77.24,77.2,77.24,1243.0,1243.05,96012.2399,1
1786295700000,77.25,77.29,77.24,77.29,380.0,380.99,29443.2443,1
1786296000000,77.29,77.3,77.23,77.29,1800.0,1800.39,139141.9007,1
1786296300000,77.29,77.29,77.24,77.24,298.0,298.14,23029.2772,1
1786296600000,77.24,77.25,77.18,77.18,164.0,164.65,12710.0671,1
1786296900000,77.17,77.29,77.17,77.29,457.0,457.99,35380.7966,1
1786297200000,77.29,77.31,77.26,77.31,6056.0,6056.78,468202.8445,1
1786297500000,77.31,77.31,77.14,77.14,649.0,649.86,50179.6667,1
1786297800000,77.14,77.15,77.11,77.12,822.0,822.66,63457.0784,1
1786298100000,77.12,77.16,77.12,77.16,196.0,196.41,15152.7958,1
1786298400000,77.16,77.2,77.15,77.17,410.0,410.86,31713.2735,1
1786298700000,77.17,77.2,77.17,77.2,721.0,721.51,55692.8832,1
1786299000000,77.2,77.22,77.13,77.13,379.0,379.03,29250.7505,1
1786299300000,77.13,77.14,77.06,77.13,271.0,271.03,20892.0713,1
1786299600000,77.13,77.19,77.13,77.19,478.0,478.9,36960.3031,1
1786299900000,77.19,77.21,77.15,77.18,569.0,569.57,43961.3793,1
1786300200000,77.18,77.18,77.17,77.18,70.0,70.76,5460.6792,1
1786300500000,77.18,77.18,77.12,77.14,544.0,544.0,41969.5,1
1786300800000,77.13,77.14,77.11,77.14,234.0,234.86,18112.0557,1
1786301100000,77.14,77.2,77.14,77.17,905.0,905.98,69917.2706,1
1786301400000,77.17,77.24,77.17,77.2,705.0,705.33,54448.0759,1
1786301700000,77.2,77.21,77.19,77.19,71.0,71.78,5540.7522,1
1786302000000,77.19,77.22,77.18,77.18,255.0,255.24,19706.5961,1
1786302300000,77.18,77.23,77.18,77.19,146.0,146.13,11283.5739,1
1786302600000,77.19,77.19,77.13,77.13,406.0,406.35,31352.7203,1
1786302900000,77.13,77.17,77.12,77.17,15270.0,15270.43,1178128.4021,1
1786303200000,77.17,77.24,77.17,77.24,294.0,294.56,22741.5288,1
1786303500000,77.24,77.28,77.23,77.25,572.0,572.04,44190.2861,1
1786303800000,77.26,77.26,77.23,77.23,190.0,190.75,14733.3535,1
1786304100000,77.23,77.3,77.23,77.25,243.0,243.18,18791.0787,1
1786304400000,77.25,77.31,77.25,77.3,631.0,631.01,48763.9167,1
1786304700000,77.28,77.35,77.26,77.26,486.0,486.88,37629.9646,1
1786305000000,77.26,77.28,77.22,77.22,162.0,162.24,12530.7124,1
1786305300000,77.22,77.24,77.21,77.21,564.0,564.33,43582.3138,1
1786305600000,77.21,77.23,77.17,77.17,1275.0,1275.04,98416.7951,1
1786305900000,77.17,77.19,77.17,77.17,83.0,83.41,6437.3838,1
1786306200000,77.17,77.17,77.05,77.05,1303.0,1303.88,100521.462,1
1786306500000,77.05,77.12,77.05,77.12,351.0,351.13,27066.8455,1
1786306800000,77.12,77.18,77.12,77.16,115.0,115.56,8915.6393,1
1786307100000,77.16,77.2,77.16,77.2,690.0,690.97,53335.1848,1
1786307400000,77.2,77.22,77.2,77.22,664.0,664.52,51313.6846,1
1786307700000,77.22,77.23,77.19,77.22,37.0,37.34,2883.0258,1
1786308000000,77.22,77.25,77.21,77.24,4115.0,4115.49,317822.269,1
1786308300000,77.24,77.24,77.21,77.22,27.0,27.84,2149.7048,1
1786308600000,77.23,77.25,77.19,77.2,312.0,312.81,24156.0757,1
1786308900000,77.22,77.25,77.22,77.25,157.0,157.32,12152.6603,1
1786309200000,77.25,77.25,77.15,77.15,270.0,270.15,20843.8725,1
1786309500000,77.15,77.16,77.14,77.15,210.0,210.25,16220.7925,1
1786309800000,77.14,77.2,77.14,77.19,57.0,57.55,4441.0555,1
1786310100000,77.19,77.21,77.19,77.21,1415.0,1415.21,109254.2209,1
1786310400000,77.21,77.27,77.21,77.27,321.0,321.13,24802.3181,1
1786310700000,77.27,77.37,77.27,77.37,632.0,632.1,48884.7275,1
1786311000000,77.36,77.4,77.35,77.36,1378.0,1378.37,106678.2993,1
1786311300000,77.36,77.39,77.35,77.38,2154.0,2154.54,166677.6809,1
1786311600000,77.39,77.42,77.35,77.39,483.0,483.79,37445.0787,1
1786311900000,77.39,77.48,77.39,77.44,11520.0,11520.05,892006.133,1
1786312200000,77.45,77.45,77.29,77.35,24372.0,24372.21,1884733.5184,1
1786312500000,77.35,77.38,77.32,77.34,374.0,374.9,28989.5521,1
1786312800000,77.37,77.47,77.36,77.44,21697.0,21697.36,1680220.699,1
1786313100000,77.44,77.48,77.42,77.48,10155.0,10155.66,786734.3521,1
1786313400000,77.48,77.81,77.45,77.68,7837.0,7837.4,608455.186,1
1786313700000,77.69,77.73,77.52,77.55,5662.0,5662.59,439113.8891,1
1786314000000,77.54,77.58,77.41,77.41,8118.0,8118.44,629468.4538,1
1786314300000,77.4,77.45,77.4,77.41,1347.0,1347.23,104294.3229,1
1786314600000,77.42,77.44,77.15,77.22,2058.0,2058.25,158986.4613,1
1786314900000,77.23,77.23,76.93,76.98,17223.0,17223.63,1325891.5185,1
1786315200000,76.97,77.03,76.94,77.03,1089.0,1089.16,83835.3203,1
1786315500000,77.0,77.0,76.88,76.88,2926.0,2926.34,225101.6255,1
1786315800000,76.88,76.88,76.62,76.78,14928.0,14928.46,1144563.9179,1
1786316100000,76.83,76.87,76.78,76.79,500.0,500.5,38450.3391,1
1786316400000,76.78,76.89,76.74,76.85,2576.0,2576.57,197831.036,1
1786316700000,76.85,76.85,76.71,76.71,3578.0,3578.1,274797.686,1
1786317000000,76.71,76.77,76.65,76.65,2620.0,2620.92,200917.7932,1
1786317300000,76.65,76.74,76.62,76.65,685.0,685.5,52552.7257,1
1786317600000,76.65,76.65,76.52,76.61,3159.0,3159.97,241978.2775,1
1786317900000,76.61,76.62,76.35,76.39,15035.0,15035.86,1150677.6938,1
1786318200000,76.36,76.36,76.21,76.31,12509.0,12509.83,954459.9175,1
1786318500000,76.29,76.49,76.28,76.42,5362.0,5362.63,409864.0354,1
1786318800000,76.42,76.42,76.28,76.3,2552.0,2552.41,194814.0751,1
1786319100000,76.3,76.36,76.3,76.31,1544.0,1544.99,117941.4257,1
1786319400000,76.31,76.32,76.25,76.26,1273.0,1273.77,97181.0028,1
1786319700000,76.26,76.26,76.17,76.22,4192.0,4192.94,319611.7889,1
1786320000000,76.22,76.32,76.17,76.3,893.0,893.59,68154.4883,1
1786320300000,76.3,76.58,76.3,76.55,2278.0,2278.08,174193.0132,1
1786320600000,76.55,77.0,76.55,76.74,6142.0,6142.61,472052.0918,1
1786320900000,76.74,76.74,76.6,76.6,932.0,932.57,71488.7486,1
1786321200000,76.6,76.7,76.47,76.48,1339.0,1339.35,102506.5106,1
1786321500000,76.48,76.6,76.48,76.53,292.0,292.92,22424.4472,1
1786321800000,76.53,76.6,76.51,76.59,1038.0,1038.77,79528.5867,1
1786322100000,76.58,76.58,76.31,76.31,709.0,709.7,54248.0367,1
1786322400000,76.31,76.43,76.27,76.28,927.0,927.0,70749.9615,1
1786322700000,76.32,76.51,76.29,76.51,686.0,686.14,52445.9947,1
1786323000000,76.51,76.64,76.51,76.58,1140.0,1140.66,87352.9435,1
1786323300000,76.56,76.64,76.48,76.49,144.0,144.73,11082.7853,1
1786323600000,76.52,76.65,76.49,76.55,219.0,219.89,16843.2755,1
1786323900000,76.56,76.6,76.45,76.59,770.0,770.52,58979.6253,1
1786324200000,76.59,76.73,76.59,76.63,1422.0,1422.55,109054.5413,1
1786324500000,76.63,76.78,76.63,76.78,613.0,613.08,47046.6631,1
1786324800000,76.78,76.78,76.68,76.72,192.0,192.44,14763.4915,1
1786325100000,76.72,76.76,76.62,76.62,578.0,578.76,44378.763,1
1786325400000,76.6,76.63,76.51,76.52,1302.0,1302.64,99720.036,1
1786325700000,76.51,76.51,76.38,76.5,791.0,791.53,60525.3171,1
1786326000000,76.5,76.58,76.5,76.58,499.0,499.94,38271.0058,1
1786326300000,76.58,76.96,76.57,76.96,2643.0,2643.9,203030.8063,1
1786326600000,76.96,77.15,76.89,76.9,8466.0,8466.37,652207.4995,1
1786326900000,76.91,76.91,76.85,76.86,1782.0,1782.51,137035.8172,1
1786327200000,76.88,76.9,76.66,76.74,1560.0,1560.62,119781.9158,1
1786327500000,76.74,76.8,76.69,76.73,441.0,441.4,33868.2322,1
1786327800000,76.73,76.79,76.73,76.76,576.0,576.81,44281.3846,1
1786328100000,76.76,76.76,76.51,76.53,1011.0,1011.55,77452.9159,1
1786328400000,76.53,76.55,76.48,76.48,626.0,626.09,47911.7977,1
1786328700000,76.48,76.5,76.42,76.49,12946.0,12946.66,990209.5328,1
1786329000000,76.5,76.6,76.5,76.54,10282.0,10282.72,787181.0819,1
1786329300000,76.54,76.58,76.52,76.57,508.0,508.63,38931.8988,1
1786329600000,76.57,76.86,76.57,76.86,2519.0,2519.84,193535.5848,1
1786329900000,76.83,76.84,76.73,76.75,4212.0,4212.71,323296.8498,1
1786330200000,76.75,76.8,76.71,76.73,653.0,653.41,50153.2163,1
1786330500000,76.73,76.78,76.7,76.78,469.0,469.19,36012.5052,1
1786330800000,76.79,76.79,76.7,76.73,3465.0,3465.07,265976.0376,1
1786331100000,76.73,76.75,76.65,76.72,1766.0,1766.34,135442.7226,1
1786331400000,76.72,76.74,76.51,76.53,3650.0,3650.78,279737.771,1
1786331700000,76.5,76.7,76.33,76.7,2590.0,2590.74,197940.8264,1
1786332000000,76.7,76.9,76.7,76.86,1775.0,1775.38,136296.5367,1
1786332300000,76.87,76.89,76.69,76.7,1065.0,1065.18,81866.4002,1
1786332600000,76.7,76.75,76.67,76.75,201.0,201.76,15473.1477,1
1786332900000,76.75,76.81,76.73,76.76,198.0,198.56,15242.8527,1
1786333200000,76.75,76.77,76.68,76.69,129.0,129.99,9974.4122,1
1786333500000,76.69,76.75,76.69,76.71,971.0,971.87,74547.276,1
1786333800000,76.71,76.71,76.58,76.59,265.0,265.46,20343.0679,1
1786334100000,76.58,76.61,76.54,76.6,201.0,201.38,15417.0062,1
1786334400000,76.59,76.71,76.58,76.67,273.0,273.25,20936.2004,1
1786334700000,76.67,76.67,76.6,76.63,206.0,206.3,15806.0293,1
1786335000000,76.63,76.67,76.61,76.67,140.0,140.99,10805.7964,1
1786335300000,76.68,76.7,76.63,76.65,250.0,250.82,19232.3647,1
1786335600000,76.65,76.67,76.58,76.58,96.0,96.3,7379.6026,1
1786335900000,76.58,76.65,76.58,76.59,726.0,726.12,55631.5959,1
1786336200000,76.59,76.61,76.56,76.57,86.0,86.73,6642.6723,1
1786336500000,76.57,76.59,76.55,76.55,76.0,76.3,5842.5483,1
1786336800000,76.52,76.53,76.41,76.52,991.0,991.42,75809.7111,1
1786337100000,76.52,76.61,76.52,76.54,616.0,616.56,47231.7118,1
1786337400000,76.54,76.59,76.51,76.53,175.0,175.81,13458.1672,1
1786337700000,76.51,76.51,76.46,76.51,333.0,333.29,25494.3199,1
1786338000000,76.51,76.62,76.51,76.61,457.0,457.85,35047.541,1
1786338300000,76.61,76.67,76.61,76.66,143.0,143.06,10965.168,1
1786338600000,76.66,76.66,76.52,76.55,5705.0,5705.28,436784.4226,1
1786338900000,76.56,76.64,76.56,76.57,7181.0,7181.38,550107.3443,1
1786339200000,76.59,76.72,76.59,76.7,1503.0,1503.08,115286.7331,1
1786339500000,76.7,76.75,76.68,76.74,127.0,127.91,9813.982,1
1786339800000,76.73,76.75,76.68,76.75,120.0,120.27,9227.7644,1
1786340100000,76.75,76.8,76.75,76.76,86.0,86.6,6649.2049,1
1786340400000,76.76,76.79,76.74,76.78,96.0,96.54,7411.2725,1
1786340700000,76.78,76.8,76.76,76.79,57.0,57.22,4393.496,1
1786341000000,76.79,76.9,76.79,76.88,307.0,307.44,23623.7872,1
1786341300000,76.89,76.92,76.81,76.85,337.0,337.71,25964.5412,1
1786341600000,76.85,76.93,76.83,76.89,635.0,635.17,48827.2461,1
1786341900000,76.89,77.03,76.88,76.91,532.0,532.33,40982.5546,1
1786342200000,76.9,76.92,76.88,76.9,491.0,491.54,37802.0576,1
1786342500000,76.9,76.95,76.78,76.94,899.0,899.36,69153.5692,1
1786342800000,76.95,76.95,76.84,76.89,385.0,385.77,29654.5604,1
1786343100000,76.89,76.89,76.84,76.86,181.0,181.43,13944.4218,1
1786343400000,76.86,76.91,76.86,76.91,228.0,228.4,17560.7357,1
1786343700000,76.92,76.92,76.88,76.89,3912.0,3912.19,300809.0391,1
1786344000000,76.88,76.95,76.87,76.95,138.0,138.92,10683.2951,1
1786344300000,76.95,76.96,76.94,76.96,71.0,71.77,5523.1615,1
1786344600000,76.96,76.98,76.9,76.92,117.0,117.57,9045.36,1
1786344900000,76.92,76.98,76.92,76.93,93.0,93.1,7163.0308,1
1786345200000,76.93,76.95,76.89,76.9,713.0,713.0,54838.3066,1
1786345500000,76.9,76.92,76.86,76.86,525.0,525.13,40378.4937,1
1786345800000,76.86,76.87,76.83,76.84,32.0,32.21,2475.8248,1
1786346100000,76.83,76.9,76.8,76.9,267.0,267.97,20588.4777,1
1786346400000,76.92,76.98,76.91,76.98,154.0,154.52,11889.198,1
1786346700000,76.98,76.99,76.95,76.95,2066.0,2066.94,159107.2421,1
1786347000000,76.97,77.07,76.95,77.05,1492.0,1492.93,114934.0704,1
1786347300000,77.05,77.07,76.99,77.01,526.0,526.46,40548.1558,1
1786347600000,77.0,77.03,77.0,77.01,98.0,98.03,7550.2692,1
1786347900000,77.0,77.03,76.96,76.96,420.0,420.84,32414.3366,1
1786348200000,76.95,76.97,76.92,76.92,486.0,486.36,37423.0067,1
1786348500000,76.92,76.95,76.9,76.95,266.0,266.3,20481.0511,1
1786348800000,76.95,77.09,76.95,77.08,2019.0,2019.06,155492.2884,1
1786349100000,77.08,77.08,76.91,76.96,816.0,816.13,62801.9054,1
1786349400000,76.98,76.98,76.93,76.93,424.0,424.36,32658.1255,1
1786349700000,76.93,76.94,76.83,76.94,337.0,337.98,25988.8637,1
1786350000000,76.94,77.07,76.93,77.06,195.0,195.2,15026.1023,1
1786350300000,77.06,77.1,76.95,76.96,162.0,162.15,12491.9758,1
1786350600000,76.96,76.96,76.88,76.88,372.0,372.09,28615.5534,1
1786350900000,76.88,76.88,76.8,76.84,3607.0,3607.17,277114.9337,1
1786351200000,76.8,76.81,76.65,76.8,2518.0,2518.13,193173.2156,1
1786351500000,76.8,76.81,76.77,76.81,35.0,35.11,2696.3179,1
1786351800000,76.78,76.92,76.78,76.92,704.0,704.2,54138.5648,1
1786352100000,76.92,76.94,76.92,76.92,220.0,220.43,16956.0045,1
1786352400000,76.9,76.95,76.88,76.95,416.0,416.29,32011.8602,1
1786352700000,76.96,76.97,76.96,76.96,222.0,222.0,17087.01,1
1786353000000,76.96,76.97,76.93,76.96,303.0,303.46,23355.7787,1
1786353300000,76.96,76.97,76.93,76.96,44.0,44.79,3446.7563,1
1786353600000,76.94,76.95,76.92,76.92,44.0,44.0,3385.39,1
1786353900000,76.92,76.93,76.81,76.81,263.0,263.53,20250.8703,1
1786354200000,76.8,76.8,76.67,76.73,1112.0,1112.98,85404.702,1
1786354500000,76.73,76.74,76.67,76.69,1513.0,1513.27,116087.5416,1
1786354800000,76.68,76.72,76.68,76.69,192.0,192.53,14764.0946,1
1786355100000,76.69,76.69,76.59,76.67,508.0,508.71,38971.5776,1
1786355400000,76.63,76.69,76.55,76.55,283.0,283.47,21721.1474,1
1786355700000,76.55,76.61,76.53,76.53,1832.0,1832.82,140391.4435,1
1786356000000,76.52,76.65,76.52,76.65,3647.0,3647.67,279508.0999,1
1786356300000,76.63,76.65,76.55,76.55,1043.0,1043.04,79900.6886,1
1786356600000,76.55,76.55,76.51,76.54,161.0,161.74,12379.7257,1
1786356900000,76.54,76.58,76.53,76.53,441.0,441.42,33783.0113,1
1786357200000,76.53,76.65,76.53,76.65,523.0,523.94,40148.503,1
1786357500000,76.65,76.67,76.61,76.64,44.0,44.1,3379.7415,1
1786357800000,76.63,76.63,76.58,76.58,256.0,256.58,19659.5908,1
1786358100000,76.58,76.67,76.58,76.67,736.0,736.48,56450.1808,1
1786358400000,76.68,76.82,76.68,76.77,1906.0,1906.53,146339.2454,1
1786358700000,76.77,76.81,76.71,76.81,409.0,409.13,31399.6227,1
1786359000000,76.78,76.81,76.78,76.8,798.0,798.71,61336.153,1
1786359300000,76.8,76.84,76.77,76.78,101.0,101.64,7806.0777,1
1786359600000,76.78,76.81,76.69,76.69,281.0,281.7,21616.3382,1
1786359900000,76.69,76.7,76.67,76.69,140.0,140.37,10765.0779,1
1786360200000,76.69,76.71,76.64,76.68,263.0,263.22,20178.0155,1
1786360500000,76.7,76.81,76.7,76.77,475.0,475.34,36489.2707,1
1786360800000,76.77,76.85,76.76,76.78,278.0,278.19,21362.3692,1
1786361100000,76.78,76.83,76.78,76.83,119.0,119.8,9201.2146,1
1786361400000,76.84,76.88,76.82,76.88,160.0,160.81,12360.3007,1
1786361700000,76.88,76.88,76.82,76.84,2528.0,2528.14,194239.9257,1
1786362000000,76.84,76.86,76.8,76.81,1361.0,1361.92,104606.3597,1
1786362300000,76.81,76.9,76.81,76.89,87.0,87.03,6690.5865,1
1786362600000,76.89,76.94,76.87,76.94,201.0,201.1,15466.8371,1
1786362900000,76.94,77.02,76.92,77.01,2784.0,2784.13,214291.1716,1
1786363200000,77.01,77.09,76.95,77.01,1699.0,1699.98,130931.9112,1
1786363500000,77.01,77.06,76.95,77.06,858.0,858.57,66110.8029,1
1786363800000,77.08,77.08,76.96,76.96,256.0,256.95,19788.8059,1
1786364100000,76.96,76.96,76.9,76.9,1076.0,1076.54,82809.4596,1
1786364400000,76.91,76.97,76.9,76.92,2091.0,2091.69,160903.7597,1
1786364700000,76.92,76.95,76.86,76.86,1124.0,1124.76,86465.9022,1
1786365000000,76.85,76.85,76.78,76.78,3870.0,3870.72,297393.4071,1
1786365300000,76.78,76.82,76.7,76.7,3552.0,3552.58,272580.2305,1
1786365600000,76.7,76.85,76.69,76.85,1142.0,1142.7,87676.1623,1
1786365900000,76.85,76.85,76.75,76.75,98.0,98.38,7552.5844,1
1786366200000,76.75,76.75,76.66,76.74,1697.0,1697.8,130200.62,1
1786366500000,76.74,76.74,76.57,76.61,5521.0,5521.4,423167.1988,1
1786366800000,76.61,76.69,76.58,76.65,799.0,799.8,61287.1316,1
1786367100000,76.63,76.74,76.63,76.73,3823.0,3823.25,293359.9619,1
1786367400000,76.73,76.74,76.69,76.7,291.0,291.02,22325.8121,1
1786367700000,76.69,76.73,76.65,76.71,77.0,77.93,5975.5608,1
1786368000000,76.71,76.71,76.62,76.65,756.0,756.8,58005.9406,1
1786368300000,76.65,76.68,76.59,76.67,361.0,361.69,27721.2264,1
1786368600000,76.68,76.68,76.37,76.39,3773.0,3773.08,288594.9338,1
1786368900000,76.41,76.61,76.34,76.35,7487.0,7487.96,572603.7817,1
1786369200000,76.35,76.41,76.28,76.34,6552.0,6552.97,500398.7893,1
1786369500000,76.32,76.42,76.11,76.2,3176.0,3176.83,242160.6495,1
1786369800000,76.2,76.26,76.14,76.2,6617.0,6617.89,504472.8321,1
1786370100000,76.22,76.34,76.12,76.28,4094.0,4094.32,312258.7259,1
1786370400000,76.27,76.59,76.24,76.55,2496.0,2496.65,190892.2189,1
1786370700000,76.54,76.57,76.46,76.55,1280.0,1280.35,97986.9574,1
1786371000000,76.54,76.67,76.47,76.64,3469.0,3469.22,265658.1367,1
1786371300000,76.62,76.66,76.51,76.59,2405.0,2405.28,184250.4825,1
1786371600000,76.56,76.6,76.49,76.49,353.0,353.34,27038.4306,1
1786371900000,76.5,76.66,76.49,76.63,17516.0,17516.35,1342587.9432,1
1786372200000,76.6,76.62,76.54,76.57,672.0,672.01,51461.0851,1
1786372500000,76.57,76.66,76.45,76.47,1774.0,1774.69,135856.2463,1
1786372800000,76.47,76.67,76.47,76.58,1571.0,1571.79,120478.3193,1
1786373100000,76.6,76.6,76.42,76.44,490.0,490.95,37537.572,1
1786373400000,76.43,76.45,76.28,76.31,1882.0,1882.86,143756.0452,1
1786373700000,76.31,76.31,76.22,76.23,1237.0,1237.82,94375.1383,1
1786374000000,76.23,76.33,76.14,76.28,1963.0,1963.17,149644.5823,1
1786374300000,76.31,76.38,76.3,76.35,250.0,250.99,19166.1315,1
1786374600000,76.35,76.39,76.04,76.07,2762.0,2762.86,210290.8885,1
1786374900000,76.06,76.26,75.88,75.96,7312.0,7312.48,555509.6604,1
1786375200000,75.94,75.98,75.81,75.84,3420.0,3420.27,259701.7182,1
1786375500000,75.86,76.0,75.81,76.0,5368.0,5368.96,407338.0589,1
1786375800000,75.98,76.1,75.97,76.04,1383.0,1383.09,105144.549,1
1786376100000,76.04,76.04,75.85,75.89,1186.0,1186.93,90110.752,1
1786376400000,75.87,75.98,75.86,75.95,2164.0,2164.69,164407.3129,1
1786376700000,75.94,75.96,75.84,75.87,276.0,276.1,20952.1278,1
1786377000000,75.87,76.01,75.87,75.91,708.0,708.23,53771.4214,1
1786377300000,75.91,75.97,75.91,75.93,731.0,731.63,55559.8961,1
1786377600000,75.9,76.06,75.86,76.05,415.0,415.88,31589.5221,1
1786377900000,76.06,76.08,75.98,75.99,1203.0,1203.77,91538.6024,1
1786378200000,75.99,76.02,75.94,75.94,1475.0,1475.22,112055.8936,1
1786378500000,75.94,75.97,75.74,75.75,5033.0,5033.64,381712.6982,1
1786378800000,75.77,75.86,75.55,75.86,7808.0,7808.29,591120.6492,1
1786379100000,75.85,75.86,75.72,75.73,1598.0,1598.56,121180.2024,1
1786379400000,75.73,75.78,75.66,75.74,2960.0,2960.82,224231.9094,1
1786379700000,75.74,75.93,75.74,75.93,1492.0,1492.45,113134.0732,1
1786380000000,75.93,75.96,75.71,75.73,3099.0,3099.6,235168.9661,1
1786380300000,75.73,75.73,75.65,75.67,2394.0,2394.62,181268.6292,1
1786380600000,75.67,75.75,75.61,75.61,1668.0,1668.25,126227.6579,1
1786380900000,75.6,75.69,75.59,75.67,1230.0,1230.36,93096.0166,1
1786381200000,75.71,75.71,75.58,75.65,5180.0,5180.53,392022.8984,1
1786381500000,75.62,75.87,75.62,75.86,8511.0,8511.56,643976.1085,1
1786381800000,75.86,76.02,75.86,75.98,1287.0,1287.6,97835.6203,1
1786382100000,75.97,76.0,75.91,75.93,4280.0,4280.24,324989.0174,1
1786382400000,75.93,75.95,75.86,75.94,164.0,164.34,12472.8501,1
1786382700000,75.94,76.0,75.91,75.92,444.0,444.98,33788.8181,1
1786383000000,75.92,76.03,75.91,76.03,1458.0,1458.51,110857.0304,1
1786383300000,76.03,76.06,76.02,76.05,3462.0,3462.14,263291.9108,1
1786383600000,76.04,76.08,76.0,76.0,385.0,385.3,29300.9421,1
1786383900000,75.99,75.99,75.91,75.91,1009.0,1009.03,76628.0915,1
1786384200000,75.94,75.97,75.91,75.93,235.0,235.96,17921.0803,1
1786384500000,75.93,75.98,75.91,75.96,988.0,988.06,75052.5262,1
1786384800000,75.96,76.0,75.94,75.94,901.0,901.12,68479.3253,1
1786385100000,75.95,76.04,75.95,76.01,4825.0,4825.49,366841.1605,1
1786385400000,76.01,76.05,75.97,75.97,3559.0,3559.15,270494.3625,1
1786385700000,75.95,76.0,75.92,75.93,148.0,148.36,11269.4482,1
1786386000000,75.92,75.98,75.9,75.98,174.0,174.85,13275.5787,1
1786386300000,75.98,76.01,75.92,75.95,274.0,274.94,20880.6414,1
1786386600000,75.95,75.97,75.86,75.86,832.0,832.4,63173.5069,1
1786386900000,75.86,75.86,75.69,75.76,1433.0,1433.74,108628.6382,1
1786387200000,75.76,75.83,75.76,75.83,711.0,711.56,53922.903,1
1786387500000,75.79,75.81,75.68,75.81,1297.0,1297.98,98335.6431,1
1786387800000,75.81,75.84,75.77,75.79,323.0,323.64,24533.6362,1
1786388100000,75.8,75.85,75.79,75.79,457.0,457.26,34660.4134,1
1786388400000,75.78,75.86,75.78,75.83,345.0,345.39,26191.9533,1
1786388700000,75.83,75.87,75.83,75.85,238.0,238.06,18059.3754,1
1786389000000,75.85,75.92,75.84,75.91,304.0,304.51,23104.5837,1
1786389300000,75.91,75.97,75.91,75.95,699.0,699.18,53104.7741,1
1786389600000,75.95,76.02,75.95,76.02,248.0,248.54,18891.9615,1
1786389900000,76.03,76.08,76.02,76.08,315.0,315.79,24019.3731,1
1786390200000,76.09,76.22,76.09,76.22,3530.0,3530.42,268954.6202,1
1786390500000,76.22,76.22,76.1,76.15,1572.0,1572.06,119708.631,1
1786390800000,76.17,76.26,76.16,76.23,963.0,963.22,73424.4596,1
1786391100000,76.23,76.23,76.17,76.17,2437.0,2437.01,185680.6578,1
1786391400000,76.16,76.16,76.12,76.13,1879.0,1879.31,143092.9009,1
1786391700000,76.11,76.18,76.07,76.17,533.0,533.37,40591.7811,1
1786392000000,76.18,76.24,76.16,76.23,226.0,226.27,17242.7168,1
1786392300000,76.23,76.32,76.22,76.31,2706.0,2706.91,206527.4504,1
1786392600000,76.31,76.31,76.26,76.26,1154.0,1154.24,88031.3391,1
1786392900000,76.26,76.32,76.24,76.32,1199.0,1199.59,91523.1964,1
1786393200000,76.31,76.31,76.23,76.25,877.0,877.62,66950.873,1
1786393500000,76.25,76.32,76.25,76.31,55.0,55.02,4196.926,1
1786393800000,76.31,76.34,76.31,76.33,563.0,563.22,42992.2089,1
1786394100000,76.33,76.38,76.32,76.32,752.0,752.37,57454.9257,1
1786394400000,76.32,76.47,76.32,76.42,433.0,433.97,33168.7305,1
1786394700000,76.42,76.42,76.37,76.37,169.0,169.92,12982.6748,1
1786395000000,76.37,76.38,76.37,76.37,72.0,72.88,5566.2518,1
1786395300000,76.36,76.44,76.35,76.43,187.0,187.05,14287.8543,1
1786395600000,76.43,76.43,76.33,76.39,5236.0,5236.12,399958.6595,1
1786395900000,76.39,76.45,76.39,76.44,1256.0,1256.38,96037.3359,1
1786396200000,76.44,76.44,76.32,76.34,230.0,230.91,17630.1859,1
1786396500000,76.34,76.37,76.33,76.36,79.0,79.09,6038.545,1
1786396800000,76.34,76.34,76.29,76.31,165.0,165.22,12606.4828,1
1786397100000,76.3,76.41,76.3,76.41,239.0,239.29,18275.365,1
1786397400000,76.41,76.46,76.39,76.46,455.0,455.85,34827.9947,1
1786397700000,76.44,76.44,76.42,76.43,126.0,126.81,9692.8364,1
1786398000000,76.44,76.44,76.38,76.38,531.0,531.75,40631.5353,1
1786398300000,76.38,76.39,76.3,76.3,872.0,872.85,66631.212,1
1786398600000,76.3,76.3,76.26,76.26,795.0,795.28,60663.8878,1
1786398900000,76.26,76.32,76.26,76.27,17216.0,17216.27,1313406.8304,1
1786399200000,76.27,76.32,76.17,76.18,777.0,777.44,59271.6291,1
1786399500000,76.17,76.23,76.1,76.23,739.0,739.98,56368.228,1
1786399800000,76.24,76.27,76.21,76.26,161.0,161.63,12323.7749,1
1786400100000,76.27,76.35,76.27,76.35,741.0,741.77,56627.9408,1
1786400400000,76.35,76.35,76.21,76.21,153.0,153.83,11730.3116,1
1786400700000,76.21,76.21,76.17,76.17,89.0,89.72,6835.9101,1
1786401000000,76.17,76.19,76.03,76.04,1356.0,1356.19,103189.5181,1
1786401300000,76.02,76.11,76.01,76.08,1303.0,1303.68,99135.7798,1
1786401600000,76.08,76.13,76.08,76.12,815.0,815.21,62057.5271,1
1786401900000,76.14,76.18,76.13,76.17,330.0,330.22,25149.5551,1
1786402200000,76.17,76.19,76.15,76.19,435.0,435.4,33164.5634,1
1786402500000,76.19,76.2,76.18,76.18,156.0,156.61,11932.0061,1
1786402800000,76.18,76.18,76.08,76.1,101.0,101.7,7741.1916,1
1786403100000,76.09,76.17,76.08,76.16,188.0,188.5,14347.1265,1
1786403400000,76.15,76.17,76.13,76.15,599.0,599.73,45672.7571,1
1786403700000,76.15,76.17,76.14,76.14,57.0,57.89,4408.3978,1
1786404000000,76.14,76.14,76.0,76.09,1290.0,1290.4,98113.9174,1
1786404300000,76.09,76.09,76.03,76.09,329.0,329.99,25090.8663,1
1786404600000,76.09,76.09,76.03,76.05,729.0,729.48,55488.9949,1
1786404900000,76.05,76.06,76.0,76.01,658.0,658.21,50038.0967,1
1786405200000,76.01,76.1,76.01,76.1,162.0,162.62,12372.143,1
1786405500000,76.1,76.1,75.99,75.99,665.0,665.62,50583.8693,1
1786405800000,76.02,76.02,75.96,75.96,943.0,943.22,71658.724,1
1786406100000,75.96,75.99,75.94,75.96,281.0,281.7,21398.0998,1
1786406400000,75.94,75.95,75.86,75.87,2101.0,2101.23,159458.1696,1
1786406700000,75.87,75.87,75.75,75.81,926.0,926.04,70212.8103,1
1786407000000,75.81,75.93,75.81,75.93,411.0,411.12,31180.8123,1
1786407300000,75.93,75.96,75.88,75.94,148.0,148.15,11247.0026,1
1786407600000,75.94,75.99,75.91,75.94,833.0,833.31,63289.7062,1
1786407900000,75.95,75.99,75.93,75.99,170.0,170.09,12920.0461,1
1786408200000,75.99,76.01,75.92,75.92,441.0,441.89,33557.4478,1
1786408500000,75.92,75.93,75.84,75.86,162.0,162.56,12335.1248,1
1786408800000,75.86,75.88,75.83,75.88,819.0,819.39,62156.1385,1
1786409100000,75.88,75.88,75.85,75.85,98.0,98.25,7454.0206,1
1786409400000,75.85,75.91,75.84,75.85,141.0,141.39,10727.1996,1
1786409700000,75.85,75.88,75.83,75.87,156.0,156.75,11890.3397,1
1786410000000,75.86,75.86,75.69,75.75,506.0,506.53,38376.6383,1
1786410300000,75.76,75.77,75.7,75.72,602.0,602.28,45609.7422,1
1786410600000,75.77,75.93,75.77,75.9,710.0,710.17,53902.075,1
1786410900000,75.9,75.92,75.79,75.79,397.0,397.79,30180.9975,1
1786411200000,75.8,75.93,75.8,75.93,622.0,622.66,47203.9924,1
1786411500000,75.93,75.93,75.85,75.91,304.0,304.32,23085.9894,1
1786411800000,75.91,75.92,75.85,75.85,621.0,621.89,47208.4164,1
1786412100000,75.85,75.9,75.85,75.85,60.0,60.01,4553.2626,1
1786412400000,75.85,75.86,75.76,75.85,583.0,583.98,44279.3697,1
1786412700000,75.85,75.99,75.84,75.98,212.0,212.32,16121.9507,1
1786413000000,75.98,76.06,75.98,76.01,230.0,230.26,17506.7375,1
1786413300000,76.01,76.06,76.01,76.06,83.0,83.41,6341.4685,1
1786413600000,76.05,76.09,76.04,76.09,726.0,726.08,55244.6336,1
1786413900000,76.09,76.1,76.05,76.1,615.0,615.85,46863.037,1
1786414200000,76.1,76.1,76.05,76.05,41.0,41.01,3119.5407,1
1786414500000,76.05,76.1,76.03,76.03,185.0,185.12,14083.1462,1
1786414800000,76.01,76.02,75.99,76.02,453.0,453.02,34430.93,1
1786415100000,76.02,76.02,75.94,75.98,83.0,83.36,6332.6804,1
1786415400000,75.96,75.98,75.95,75.98,141.0,141.22,10729.4655,1
1786415700000,75.98,75.98,75.95,75.97,50.0,50.12,3807.2952,1
1786416000000,75.97,76.07,75.97,76.07,449.0,449.55,34194.0101,1
1786416300000,76.07,76.09,76.06,76.08,96.0,96.11,7312.073,1
1786416600000,76.08,76.08,76.0,76.02,46.0,46.13,3507.2564,1
1786416900000,76.02,76.03,76.0,76.0,368.0,368.45,28010.389,1
1786417200000,76.0,76.15,76.0,76.14,111.0,111.23,8464.3773,1
1786417500000,76.14,76.18,76.11,76.16,933.0,933.39,71099.4167,1
1786417800000,76.16,76.16,76.12,76.12,297.0,297.91,22688.0655,1
1786418100000,76.12,76.18,76.11,76.15,348.0,348.77,26565.8274,1
1786418400000,76.15,76.2,76.13,76.16,348.0,348.81,26563.0167,1
1786418700000,76.16,76.2,76.14,76.14,897.0,897.85,68379.8643,1
1786419000000,76.14,76.14,76.09,76.09,85.0,85.31,6491.792,1
1786419300000,76.09,76.14,76.08,76.14,33.0,33.24,2530.4084,1
1786419600000,76.14,76.14,76.09,76.11,100.0,100.87,7676.3568,1
1786419900000,76.11,76.11,76.05,76.07,677.0,677.08,51504.1456,1
1786420200000,76.07,76.09,76.04,76.08,183.0,183.49,13957.8591,1
1786420500000,76.08,76.08,76.04,76.04,128.0,128.05,9738.3626,1
1786420800000,76.04,76.11,76.03,76.06,562.0,562.25,42751.4204,1
1786421100000,76.06,76.12,76.06,76.11,66.0,66.73,5078.3014,1
1786421400000,76.11,76.16,76.11,76.16,592.0,592.11,45085.0367,1
1786421700000,76.16,76.16,76.11,76.12,27.0,27.0,2055.1,1
1786422000000,76.12,76.14,76.09,76.13,49.0,49.8,3790.932,1
1786422300000,76.13,76.13,76.08,76.08,47.0,47.84,3640.8108,1
1786422600000,76.08,76.13,76.08,76.13,14.0,14.2,1080.888,1
1786422900000,76.13,76.14,76.12,76.14,599.0,599.58,45651.7112,1
1786423200000,76.14,76.16,76.12,76.16,38.0,38.0,2893.18,1
1786423500000,76.16,76.19,76.15,76.16,1501.0,1501.38,114335.7818,1
1786423800000,76.16,76.16,76.08,76.09,135.0,135.48,10310.1101,1
1786424100000,76.09,76.09,76.06,76.06,472.0,472.72,35955.2642,1
1786424400000,76.06,76.06,75.99,76.01,1417.0,1417.45,107734.9945,1
1786424700000,76.01,76.03,75.98,76.03,273.0,273.4,20780.9483,1
1786425000000,76.03,76.04,75.99,76.02,524.0,524.24,39843.124,1
1786425300000,76.02,76.05,75.93,75.93,270.0,270.33,20537.7287,1
1786425600000,75.93,75.93,75.76,75.8,7284.0,7284.27,552416.5104,1
1786425900000,75.8,75.8,75.75,75.76,3036.0,3036.07,230059.7945,1
1786426200000,75.75,75.87,75.75,75.87,225.0,225.29,17069.8045,1
1786426500000,75.88,75.91,75.88,75.89,597.0,597.86,45373.3179,1
1786426800000,75.89,75.9,75.89,75.9,63.0,63.1,4789.1344,1
1786427100000,75.9,75.91,75.88,75.9,987.0,987.76,74974.6088,1
1786427400000,75.9,75.9,75.8,75.8,467.0,467.43,35447.8816,1
1786427700000,75.8,75.83,75.76,75.76,87.0,87.85,6659.58,1
1786428000000,75.76,75.79,75.67,75.72,3818.0,3818.19,289152.9117,1
1786428300000,75.72,75.94,75.72,75.94,190.0,190.04,14412.3736,1
1786428600000,75.94,75.98,75.93,75.98,136.0,136.68,10382.3213,1
1786428900000,75.98,75.98,75.94,75.94,488.0,488.51,37102.1962,1
1786429200000,75.92,75.93,75.87,75.92,265.0,265.73,20174.546,1
1786429500000,75.92,75.94,75.9,75.93,424.0,424.4,32220.6277,1
1786429800000,75.93,75.93,75.88,75.89,59.0,59.42,4510.1858,1
1786430100000,75.89,75.9,75.76,75.85,263.0,263.72,20001.2911,1
1786430400000,75.78,75.81,75.77,75.79,104.0,104.94,7953.3045,1
1786430700000,75.79,75.79,75.72,75.73,823.0,823.02,62327.7375,1
1786431000000,75.73,75.74,75.64,75.64,609.0,609.36,46119.8208,1
1786431300000,75.64,75.77,75.64,75.77,224.0,224.47,16991.4287,1
1786431600000,75.77,75.83,75.77,75.82,179.0,179.72,13625.7994,1
1786431900000,75.82,75.82,75.74,75.75,174.0,174.71,13235.8403,1
1786432200000,75.74,75.74,75.67,75.67,182.0,182.52,13818.0819,1
1786432500000,75.67,75.67,75.41,75.47,6535.0,6535.35,493206.2462,1
1786432800000,75.48,75.5,75.38,75.43,1001.0,1001.41,75542.7729,1
1786433100000,75.43,75.47,75.4,75.4,790.0,790.48,59630.8999,1
1786433400000,75.4,75.55,75.4,75.55,386.0,386.93,29221.7206,1
1786433700000,75.56,75.67,75.56,75.67,457.0,457.75,34606.0279,1
1786434000000,75.67,75.68,75.64,75.68,279.0,279.5,21148.285,1
1786434300000,75.68,75.73,75.64,75.64,419.0,419.75,31778.3389,1
1786434600000,75.64,75.64,75.62,75.63,89.0,89.36,6758.3802,1
1786434900000,75.62,75.66,75.6,75.66,307.0,307.25,23240.5941,1
1786435200000,75.67,75.73,75.65,75.68,1071.0,1071.41,81107.573,1
1786435500000,75.68,75.74,75.65,75.65,292.0,292.05,22108.8887,1
1786435800000,75.65,75.68,75.59,75.59,2698.0,2698.91,204165.8343,1
1786436100000,75.59,75.63,75.59,75.6,3192.0,3192.89,241435.1554,1
1786436400000,75.61,75.68,75.61,75.68,326.0,326.36,24696.7248,1
1786436700000,75.68,75.71,75.66,75.7,228.0,228.22,17272.469,1
1786437000000,75.7,75.73,75.68,75.69,464.0,464.54,35163.4046,1
1786437300000,75.69,75.74,75.69,75.74,79.0,79.68,6032.7414,1
1786437600000,75.74,75.86,75.74,75.84,3396.0,3396.86,257648.072,1
1786437900000,75.84,75.87,75.83,75.87,154.0,154.48,11718.0367,1
1786438200000,75.87,75.92,75.86,75.92,132.0,132.91,10086.504,1
1786438500000,75.93,75.93,75.87,75.89,195.0,195.45,14831.8565,1
1786438800000,75.9,75.9,75.84,75.86,99.0,99.04,7513.9522,1
1786439100000,75.86,75.91,75.83,75.83,348.0,348.79,26470.412,1
1786439400000,75.83,75.86,75.72,75.73,274.0,274.37,20788.1065,1
1786439700000,75.71,75.78,75.68,75.77,227.0,227.19,17202.0325,1
1786440000000,75.77,75.79,75.7,75.79,839.0,839.38,63578.6123,1
1786440300000,75.79,75.83,75.74,75.74,10069.0,10069.34,763318.8938,1
1786440600000,75.74,75.78,75.66,75.67,12601.0,12601.45,954468.8063,1
1786440900000,75.67,75.67,75.63,75.66,517.0,517.49,39149.456,1
1786441200000,75.66,75.76,75.66,75.74,4403.0,4403.39,333567.9982,1
1786441500000,75.74,75.8,75.66,75.72,436.0,436.37,33033.6115,1
1786441800000,75.72,75.76,75.71,75.71,140.0,140.77,10659.9521,1
1786442100000,75.71,75.83,75.71,75.83,1297.0,1297.65,98381.5356,1
1786442400000,75.84,75.91,75.81,75.87,2626.0,2626.14,199313.0981,1
1786442700000,75.88,75.93,75.87,75.89,118.0,118.49,8993.448,1
1786443000000,75.89,75.9,75.78,75.8,1468.0,1468.57,111390.5865,1
1786443300000,75.76,75.84,75.74,75.82,185.0,185.19,14030.9641,1
1786443600000,75.82,75.82,75.76,75.8,1218.0,1218.98,92408.2485,1
1786443900000,75.8,75.95,75.8,75.95,882.0,882.62,67018.3633,1
1786444200000,75.95,75.96,75.85,75.86,83.0,83.25,6317.0805,1
1786444500000,75.86,75.87,75.83,75.83,198.0,198.28,15039.4262,1
1786444800000,75.83,75.83,75.78,75.79,234.0,234.31,17757.4723,1
1786445100000,75.79,75.95,75.79,75.95,105.0,105.06,7971.9486,1
1786445400000,75.95,76.02,75.91,75.91,2759.0,2759.07,209550.8354,1
1786445700000,75.91,75.91,75.86,75.91,84.0,84.4,6404.8488,1
1786446000000,75.91,76.33,75.91,76.26,4365.0,4365.54,332642.1674,1
1786446300000,76.26,76.26,76.12,76.13,3002.0,3002.21,228734.0149,1
1786446600000,76.13,76.24,76.13,76.18,908.0,908.42,69237.5661,1
1786446900000,76.19,76.19,76.04,76.06,2156.0,2156.45,164043.3425,1
1786447200000,76.06,76.11,76.06,76.08,560.0,560.01,42605.0676,1
1786447500000,76.1,76.1,76.08,76.1,237.0,237.73,18088.9484,1
1786447800000,76.12,76.13,76.07,76.1,3761.0,3761.07,286296.1685,1
1786448100000,76.1,76.13,76.09,76.09,3846.0,3846.63,292698.8894,1
1786448400000,76.09,76.16,76.09,76.11,174.0,174.55,13289.0695,1
1786448700000,76.11,76.15,76.08,76.12,734.0,734.88,55922.6991,1
1786449000000,76.12,76.17,76.12,76.17,145.0,145.45,11076.4325,1
1786449300000,76.18,76.2,76.15,76.16,631.0,631.15,48086.4871,1
1786449600000,76.18,76.2,76.09,76.09,143.0,143.69,10943.4335,1
1786449900000,76.09,76.16,76.08,76.15,102.0,102.91,7833.9364,1
1786450200000,76.16,76.17,76.06,76.08,4426.0,4426.38,336772.8936,1
1786450500000,76.08,76.1,76.07,76.07,502.0,502.17,38201.3674,1
1786450800000,76.06,76.06,75.89,75.9,2408.0,2408.78,183050.3844,1
1786451100000,75.9,75.9,75.79,75.85,5885.0,5885.7,446350.0713,1
1786451400000,75.85,75.85,75.77,75.84,4042.0,4042.65,306545.9893,1
1786451700000,75.87,75.89,75.78,75.89,4363.0,4363.37,331096.4253,1
1786452000000,75.89,75.9,75.84,75.85,1825.0,1825.02,138436.0372,1
1786452300000,75.85,75.87,75.78,75.8,1503.0,1503.07,114008.1188,1
1786452600000,75.8,75.85,75.79,75.84,5415.0,5415.09,410675.4217,1
1786452900000,75.81,75.85,75.81,75.84,125.0,125.15,9491.2609,1
1786453200000,75.84,75.84,75.73,75.77,499.0,499.46,37847.5437,1
1786453500000,75.77,76.0,75.77,76.0,1462.0,1462.24,111072.0511,1
1786453800000,76.0,76.0,75.91,75.93,821.0,821.35,62395.8554,1
1786454100000,75.92,75.95,75.81,75.81,660.0,660.54,50110.1158,1
1786454400000,75.81,75.83,75.76,75.76,726.0,726.36,55050.6075,1
1786454700000,75.77,75.83,75.7,75.83,5507.0,5507.92,417078.204,1
1786455000000,75.83,75.9,75.73,75.76,1977.0,1977.69,149973.6783,1
1786455300000,75.79,75.88,75.69,75.87,768.0,768.51,58244.0728,1
1786455600000,75.88,75.99,75.88,75.92,1375.0,1375.39,104425.8571,1
1786455900000,75.92,76.06,75.85,76.06,3265.0,3265.29,248263.725,1
1786456200000,76.03,76.03,75.83,75.84,5106.0,5106.03,387601.7124,1
1786456500000,75.85,76.02,75.84,75.98,2169.0,2169.87,164819.7369,1
1786456800000,75.98,76.06,75.93,76.03,2189.0,2189.82,166494.0603,1
1786457100000,76.02,76.06,75.9,75.95,1950.0,1950.96,148178.4544,1
1786457400000,75.95,76.01,75.92,75.98,127.0,127.7,9700.0887,1
1786457700000,76.0,76.11,75.96,75.97,1751.0,1751.55,133248.6031,1
1786458000000,75.95,75.98,75.62,75.64,2030.0,2030.33,153763.5939,1
1786458300000,75.61,75.72,75.51,75.59,3035.0,3035.38,229497.3551,1
1786458600000,75.59,75.59,75.49,75.53,3634.0,3634.14,274503.4287,1
1786458900000,75.53,75.61,75.37,75.4,1797.0,1797.47,135741.8414,1
1786459200000,75.39,75.47,75.34,75.45,2472.0,2472.6,186424.1605,1
1786459500000,75.4,75.47,75.32,75.32,3482.0,3482.92,262500.9144,1
1786459800000,75.31,75.31,75.12,75.18,3691.0,3691.68,277619.8816,1
1786460100000,75.12,75.2,75.05,75.17,6519.0,6519.61,489876.9717,1
1786460400000,75.15,75.26,75.13,75.19,2137.0,2137.93,160771.4523,1
1786460700000,75.22,75.25,75.15,75.25,2052.0,2052.3,154415.1668,1
1786461000000,75.25,75.25,75.07,75.12,1672.0,1672.97,125686.0995,1
1786461300000,75.07,75.18,75.05,75.18,1334.0,1334.13,100152.645,1
1786461600000,75.17,75.3,75.11,75.24,1810.0,1810.11,136182.925,1
1786461900000,75.24,75.38,75.24,75.35,921.0,921.31,69403.832,1
1786462200000,75.3,75.35,75.12,75.12,509.0,509.7,38334.5298,1
1786462500000,75.14,75.16,74.65,74.81,23992.0,23992.27,1796690.7053,1
1786462800000,74.81,74.86,74.58,74.78,5448.0,5448.25,406900.3971,1
1786463100000,74.78,74.87,74.69,74.71,2055.0,2055.89,153820.1807,1
1786463400000,74.72,74.78,74.65,74.65,2770.0,2770.03,207021.3051,1
1786463700000,74.69,74.93,74.66,74.89,5984.0,5984.41,447749.1576,1
1786464000000,74.87,74.93,74.73,74.9,2380.0,2380.54,178040.4552,1
1786464300000,74.9,74.98,74.85,74.98,1833.0,1833.68,137379.171,1
1786464600000,74.99,74.99,74.83,74.97,834.0,834.97,62535.3604,1
1786464900000,74.98,75.0,74.87,74.99,6314.0,6314.75,473389.8757,1
1786465200000,74.99,75.03,74.96,75.01,1349.0,1349.01,101162.5485,1
1786465500000,74.99,75.0,74.91,74.93,629.0,629.75,47185.14,1
1786465800000,74.93,74.97,74.85,74.86,521.0,521.54,39049.9437,1
1786466100000,74.86,74.95,74.85,74.89,1434.0,1434.82,107444.2037,1
1786466400000,74.88,74.94,74.86,74.86,354.0,354.18,26529.7783,1
1786466700000,74.87,74.96,74.84,74.95,595.0,595.66,44611.4085,1
1786467000000,74.95,74.96,74.86,74.87,334.0,334.17,25027.9911,1
1786467300000,74.87,74.92,74.86,74.9,504.0,504.46,37779.686,1
1786467600000,74.89,74.97,74.89,74.91,695.0,695.28,52089.3153,1
1786467900000,74.9,74.97,74.89,74.91,557.0,557.18,41750.9188,1
1786468200000,74.91,75.02,74.9,74.99,206.0,206.22,15459.4374,1
1786468500000,74.95,74.97,74.91,74.95,443.0,443.05,33202.7557,1
1786468800000,74.95,75.01,74.93,75.0,1469.0,1469.81,110205.4523,1
1786469100000,75.0,75.05,74.95,75.05,594.0,594.08,44559.9761,1
1786469400000,75.05,75.07,74.97,75.0,231.0,231.83,17395.3808,1
1786469700000,75.0,75.02,74.94,74.95,385.0,385.62,28916.0409,1
1786470000000,74.95,75.07,74.95,75.02,144.0,144.58,10846.5139,1
1786470300000,75.0,75.03,74.94,74.94,449.0,449.94,33744.0031,1
1786470600000,74.96,75.08,74.96,75.07,512.0,512.07,38428.9446,1
1786470900000,75.07,75.16,75.07,75.13,3096.0,3096.85,232718.0019,1
1786471200000,75.1,75.21,75.1,75.19,1149.0,1149.03,86370.1606,1
1786471500000,75.19,75.21,75.15,75.19,685.0,685.8,51562.6383,1
1786471800000,75.19,75.19,75.14,75.19,149.0,149.65,11248.9476,1
1786472100000,75.18,75.28,75.18,75.28,157.0,157.1,11820.7789,1
1786472400000,75.28,75.29,75.24,75.27,139.0,139.05,10466.7977,1
1786472700000,75.27,75.3,75.18,75.18,1185.0,1185.54,89208.0526,1
1786473000000,75.17,75.22,75.07,75.21,436.0,436.87,32832.7447,1
1786473300000,75.22,75.29,75.2,75.2,383.0,383.4,28847.5644,1
1786473600000,75.2,75.22,75.12,75.22,906.0,906.77,68136.4957,1
1786473900000,75.22,75.28,75.22,75.24,10162.0,10162.72,764764.4311,1
1786474200000,75.23,75.25,75.16,75.16,274.0,274.43,20643.4536,1
1786474500000,75.17,75.21,75.12,75.19,1737.0,1737.9,130684.1586,1
1786474800000,75.19,75.21,75.17,75.18,224.0,224.41,16873.1158,1
1786475100000,75.18,75.19,75.02,75.04,862.0,862.54,64760.1006,1
1786475400000,75.04,75.07,75.02,75.03,952.0,952.22,71472.0888,1
1786475700000,75.03,75.19,75.03,75.17,1224.0,1224.85,92039.7795,1
1786476000000,75.17,75.24,75.17,75.22,1442.0,1442.26,108499.5744,1
1786476300000,75.22,75.27,75.21,75.24,550.0,550.19,41407.4331,1
1786476600000,75.26,75.32,75.26,75.27,592.0,592.54,44624.233,1
1786476900000,75.27,75.44,75.27,75.42,968.0,968.68,73016.6533,1
1786477200000,75.44,75.47,75.38,75.47,2431.0,2431.69,183423.8624,1
1786477500000,75.5,75.59,75.48,75.51,2164.0,2164.14,163486.28,1
1786477800000,75.51,75.65,75.51,75.65,3203.0,3203.92,242080.0916,1
1786478100000,75.62,75.67,75.61,75.64,4436.0,4436.65,335650.3492,1
1786478400000,75.64,75.81,75.64,75.8,1913.0,1913.64,144939.0106,1
1786478700000,75.8,76.24,75.8,76.17,5438.0,5438.48,413785.5612,1
1786479000000,76.18,76.23,76.06,76.1,21284.0,21284.94,1619852.547,1
1786479300000,76.09,76.09,75.93,75.94,9285.0,9285.88,705603.0465,1
1786479600000,75.94,75.97,75.86,75.89,4970.0,4970.11,377252.1573,1
1786479900000,75.89,76.05,75.87,76.05,2844.0,2844.0,216032.1899,1
1786480200000,76.06,76.15,75.94,75.94,2901.0,2901.29,220694.9132,1
1786480500000,75.94,75.99,75.93,75.96,670.0,670.35,50928.4042,1
1786480800000,75.96,76.0,75.9,75.93,1154.0,1154.97,87721.1757,1
1786481100000,75.92,75.96,75.9,75.94,1831.0,1831.45,139073.8507,1
1786481400000,75.91,75.93,75.85,75.92,1451.0,1451.89,110215.9178,1
1786481700000,75.92,76.06,75.92,76.01,541.0,541.17,41135.5199,1
1786482000000,76.01,76.05,76.01,76.05,2646.0,2646.41,201192.8986,1
1786482300000,76.05,76.11,76.04,76.1,733.0,733.63,55799.1767,1
1786482600000,76.1,76.14,76.08,76.14,679.0,679.58,51724.2373,1
1786482900000,76.11,76.13,76.0,76.03,659.0,659.6,50149.5596,1
1786483200000,76.03,76.08,76.01,76.08,378.0,378.16,28746.1434,1
1786483500000,76.1,76.14,76.04,76.04,462.0,462.93,35226.2207,1
1786483800000,76.04,76.06,76.02,76.02,83.0,83.48,6348.3163,1
1786484100000,76.02,76.05,75.99,76.02,3125.0,3125.85,237615.172,1
1786484400000,76.04,76.14,76.04,76.13,124.0,124.38,9467.1592,1
1786484700000,76.13,76.15,76.12,76.12,2392.0,2392.87,182153.17,1
1786485000000,76.1,76.16,76.09,76.16,3242.0,3242.41,246799.1633,1
1786485300000,76.16,76.39,76.16,76.39,1920.0,1920.6,146504.7306,1
1786485600000,76.4,76.64,76.4,76.57,12702.0,12702.9,972067.4338,1
1786485900000,76.58,76.58,76.4,76.4,2005.0,2005.51,153405.6784,1
1786486200000,76.38,76.4,76.34,76.37,8721.0,8721.55,665918.6838,1
1786486500000,76.37,76.5,76.35,76.4,261.0,261.19,19960.8735,1
1786486800000,76.39,76.4,76.33,76.36,6200.0,6200.13,473564.5745,1
1786487100000,76.36,76.41,76.34,76.41,620.0,620.22,47354.2268,1
1786487400000,76.44,76.45,76.36,76.38,5404.0,5404.81,412837.6452,1
1786487700000,76.38,76.38,76.32,76.35,5081.0,5081.12,388036.7031,1
1786488000000,76.34,76.36,76.28,76.34,131.0,131.87,10063.6289,1
1786488300000,76.34,76.34,76.21,76.27,4211.0,4211.86,321297.4706,1
1786488600000,76.27,76.36,76.25,76.31,881.0,881.95,67310.4018,1
1786488900000,76.32,76.39,76.32,76.37,957.0,957.51,73120.1577,1
1786489200000,76.37,76.37,76.21,76.23,1156.0,1156.67,88166.5066,1
1786489500000,76.23,76.23,76.18,76.2,487.0,487.18,37120.7491,1
1786489800000,76.2,76.21,76.18,76.21,5026.0,5026.49,382952.6389,1
1786490100000,76.2,76.23,76.16,76.19,576.0,576.55,43924.973,1
1786490400000,76.19,76.28,76.19,76.28,10747.0,10747.68,819618.7426,1
1786490700000,76.28,76.3,76.24,76.25,5359.0,5359.84,408847.5427,1
1786491000000,76.25,76.26,76.2,76.26,238.0,238.9,18207.6,1
1786491300000,76.26,76.27,76.2,76.2,153.0,153.28,11686.217,1
1786491600000,76.25,76.28,76.23,76.27,141.0,141.78,10810.7539,1
1786491900000,76.27,76.28,76.19,76.19,4185.0,4185.7,318984.8237,1
1786492200000,76.2,76.24,76.2,76.2,118.0,118.68,9045.2254,1
1786492500000,76.2,76.28,76.19,76.26,34.0,34.96,2665.567,1
1786492800000,76.25,76.26,76.19,76.26,288.0,288.92,22019.2904,1
1786493100000,76.26,76.28,76.21,76.26,195.0,195.96,14942.0574,1
1786493400000,76.26,76.26,76.23,76.25,239.0,239.7,18275.5317,1
1786493700000,76.24,76.24,76.19,76.19,105.0,105.92,8071.7636,1
1786494000000,76.19,76.29,76.19,76.29,128.0,128.73,9814.7506,1
1786494300000,76.29,76.3,76.23,76.23,164.0,164.18,12522.1127,1
1786494600000,76.23,76.28,76.23,76.27,156.0,156.86,11961.0426,1
1786494900000,76.29,76.29,76.24,76.26,207.0,207.05,15788.4866,1
1786495200000,76.26,76.27,76.25,76.25,265.0,265.75,20267.0693,1
1786495500000,76.25,76.26,76.2,76.26,95.0,95.1,7249.615,1
1786495800000,76.27,76.3,76.27,76.3,663.0,663.1,50580.4806,1
1786496100000,76.3,76.34,76.3,76.34,254.0,254.54,19424.1258,1
1786496400000,76.34,76.38,76.3,76.33,181.0,181.83,13884.4478,1
1786496700000,76.33,76.43,76.33,76.35,691.0,691.69,52837.0853,1
1786497000000,76.37,76.49,76.37,76.47,528.0,528.07,40373.4736,1
1786497300000,76.47,76.48,76.32,76.4,1032.0,1032.7,78885.0053,1
1786497600000,76.4,76.42,76.34,76.37,226.0,226.49,17305.5387,1
1786497900000,76.37,76.39,76.33,76.33,1239.0,1239.13,94653.1157,1
1786498200000,76.33,76.33,76.26,76.31,360.0,360.19,27475.6987,1
1786498500000,76.31,76.34,76.3,76.34,2087.0,2087.01,159300.0891,1
1786498800000,76.35,76.45,76.34,76.45,744.0,744.91,56902.2751,1
1786499100000,76.45,76.52,76.39,76.52,580.0,580.86,44429.5308,1
1786499400000,76.52,76.56,76.41,76.41,265.0,265.67,20330.8381,1
1786499700000,76.41,76.42,76.35,76.4,112.0,112.44,8589.1181,1
1786500000000,76.4,76.46,76.4,76.43,3505.0,3505.98,267968.2633,1
1786500300000,76.43,76.52,76.43,76.52,438.0,438.48,33547.5289,1
1786500600000,76.54,76.54,76.44,76.48,1283.0,1283.2,98149.9953,1
1786500900000,76.48,76.54,76.48,76.49,331.0,331.9,25394.3569,1
1786501200000,76.48,76.48,76.42,76.42,76.0,76.6,5855.5181,1
1786501500000,76.42,76.51,76.41,76.5,83.0,83.22,6363.8752,1
1786501800000,76.53,76.53,76.47,76.5,99.0,99.25,7592.4504,1
1786502100000,76.5,76.52,76.43,76.43,860.0,860.98,65823.0089,1
1786502400000,76.42,76.47,76.42,76.47,1639.0,1639.91,125367.1962,1
1786502700000,76.48,76.55,76.47,76.54,89.0,89.51,6848.8057,1
1786503000000,76.52,76.57,76.51,76.52,160.0,160.26,12267.5297,1
1786503300000,76.52,76.52,76.39,76.41,1127.0,1127.89,86171.8406,1
1786503600000,76.41,76.5,76.4,76.47,417.0,417.74,31941.0345,1
1786503900000,76.47,76.48,76.41,76.42,150.0,150.95,11539.1855,1
1786504200000,76.41,76.42,76.32,76.34,384.0,384.6,29371.1468,1
1786504500000,76.32,76.35,76.31,76.31,125.0,125.71,9594.7872,1
1786504800000,76.31,76.32,76.26,76.31,102.0,102.21,7799.0653,1
1786505100000,76.31,76.33,76.23,76.27,3378.0,3378.46,257848.9221,1
1786505400000,76.24,76.34,76.24,76.33,746.0,746.66,56969.3896,1
1786505700000,76.35,76.44,76.35,76.41,2820.0,2820.9,215620.3124,1
1786506000000,76.42,76.44,76.4,76.4,2810.0,2810.72,214818.6788,1
1786506300000,76.38,76.41,76.35,76.37,77.0,77.39,5910.4137,1
1786506600000,76.39,76.39,76.34,76.35,141.0,141.76,10824.4117,1
1786506900000,76.35,76.4,76.34,76.38,143.0,143.19,10936.8663,1
1786507200000,76.38,76.45,76.38,76.45,551.0,551.64,42164.0412,1
1786507500000,76.45,76.45,76.35,76.36,125.0,125.75,9605.6937,1
1786507800000,76.36,76.4,76.35,76.39,110.0,110.35,8427.0112,1
1786508100000,76.39,76.47,76.37,76.47,2415.0,2415.78,184685.2334,1
1786508400000,76.47,76.54,76.45,76.49,4229.0,4229.56,323528.116,1
1786508700000,76.49,76.49,76.33,76.33,222.0,222.11,16971.9464,1
1786509000000,76.33,76.33,76.26,76.27,1844.0,1844.1,140680.0703,1
1786509300000,76.26,76.33,76.24,76.32,532.0,532.3,40611.3701,1
1786509600000,76.31,76.32,76.29,76.3,390.0,390.28,29778.6197,1
1786509900000,76.27,76.35,76.27,76.35,1457.0,1457.34,111264.1745,1
1786510200000,76.36,76.36,76.32,76.32,3684.0,3684.57,281294.3568,1
1786510500000,76.32,76.33,76.26,76.27,1098.0,1098.77,83844.5001,1
1786510800000,76.27,76.27,76.21,76.21,497.0,497.76,37949.3622,1
1786511100000,76.2,76.25,76.16,76.25,547.0,547.43,41719.0806,1
1786511400000,76.25,76.35,76.25,76.33,327.0,327.31,24962.8663,1
1786511700000,76.33,76.33,76.29,76.3,2721.0,2721.09,207632.9711,1
1786512000000,76.3,76.31,76.25,76.26,316.0,316.53,24144.269,1
1786512300000,76.26,76.3,76.25,76.25,130.0,130.54,9956.0462,1
1786512600000,76.25,76.32,76.23,76.31,332.0,332.65,25382.0377,1
1786512900000,76.31,76.32,76.26,76.28,216.0,216.99,16552.1468,1
1786513200000,76.27,76.28,76.24,76.27,59.0,59.06,4504.8523,1
1786513500000,76.27,76.3,76.27,76.3,507.0,507.36,38711.2084,1
1786513800000,76.29,76.3,76.26,76.27,1942.0,1942.7,148163.1492,1
1786514100000,76.27,76.32,76.27,76.29,1110.0,1110.97,84745.2021,1
1786514400000,76.27,76.31,76.25,76.3,379.0,379.16,28920.1106,1
1786514700000,76.3,76.33,76.25,76.25,88.0,88.64,6763.4384,1
1786515000000,76.25,76.25,76.18,76.19,1142.0,1142.25,87064.0348,1
1786515300000,76.19,76.26,76.17,76.23,59.0,59.15,4508.5685,1
1786515600000,76.23,76.23,76.13,76.14,2719.0,2719.45,207073.1182,1
1786515900000,76.14,76.15,76.13,76.15,188.0,188.38,14343.1463,1
1786516200000,76.15,76.15,76.06,76.07,473.0,473.08,35994.4701,1
1786516500000,76.07,76.11,76.06,76.07,823.0,823.82,62669.7583,1
1786516800000,76.07,76.1,76.05,76.05,915.0,915.37,69645.1865,1
1786517100000,76.05,76.07,76.03,76.03,348.0,348.73,26522.0057,1
1786517400000,76.03,76.04,75.98,75.98,1193.0,1193.57,90725.5125,1
1786517700000,75.98,76.02,75.94,76.02,839.0,839.32,63751.462,1
1786518000000,76.01,76.1,76.01,76.08,906.0,906.41,68964.2331,1
1786518300000,76.11,76.11,76.09,76.09,51.0,51.81,3943.159,1
1786518600000,76.07,76.09,76.06,76.07,264.0,264.56,20125.8217,1
1786518900000,76.07,76.09,76.05,76.05,360.0,360.97,27455.8914,1
1786519200000,76.05,76.05,76.02,76.04,54.0,54.22,4122.3479,1
1786519500000,76.04,76.04,76.01,76.01,39.0,39.55,3006.9527,1
1786519800000,76.01,76.08,76.01,76.05,888.0,888.9,67614.6627,1
1786520100000,76.05,76.06,75.96,75.99,2118.0,2118.88,161032.2039,1
1786520400000,75.99,75.99,75.95,75.99,91.0,91.9,6981.9561,1
1786520700000,75.96,76.0,75.92,75.99,3892.0,3892.98,295557.9127,1
1786521000000,75.99,76.1,75.99,76.1,3162.0,3162.62,240535.1457,1
1786521300000,76.11,76.25,76.11,76.24,2607.0,2607.5,198733.7722,1
1786521600000,76.23,76.34,76.2,76.34,1760.0,1760.4,134317.1606,1
1786521900000,76.34,76.43,76.32,76.33,1378.0,1378.17,105248.1087,1
1786522200000,76.33,76.33,76.26,76.26,672.0,672.59,51315.6549,1
1786522500000,76.27,76.36,76.27,76.36,141.0,141.11,10771.3924,1
1786522800000,76.36,76.38,76.32,76.36,201.0,201.88,15413.6718,1
1786523100000,76.36,76.43,76.33,76.39,142.0,142.89,10913.6153,1
1786523400000,76.38,76.38,76.3,76.31,324.0,324.78,24794.782,1
1786523700000,76.31,76.35,76.28,76.35,2108.0,2108.83,160885.7297,1
1786524000000,76.35,76.35,76.26,76.26,1354.0,1354.19,103274.6413,1
1786524300000,76.26,76.31,76.22,76.22,3368.0,3368.81,256816.656,1
1786524600000,76.23,76.23,76.18,76.18,822.0,822.37,62656.9987,1
1786524900000,76.16,76.16,76.13,76.14,556.0,556.27,42355.095,1
1786525200000,76.14,76.21,76.1,76.21,678.0,678.36,51650.3334,1
1786525500000,76.21,76.26,76.2,76.26,118.0,118.46,9028.3032,1
1786525800000,76.26,76.32,76.25,76.28,131.0,131.73,10048.7415,1
1786526100000,76.31,76.46,76.31,76.46,298.0,298.71,22809.6733,1
1786526400000,76.46,76.54,76.37,76.53,517.0,517.34,39563.2632,1
1786526700000,76.54,76.73,76.54,76.73,7722.0,7722.76,592193.7845,1
1786527000000,76.73,76.86,76.66,76.66,3898.0,3898.58,299263.655,1
1786527300000,76.66,76.76,76.66,76.74,845.0,845.8,64869.6203,1
1786527600000,76.74,76.74,76.68,76.72,757.0,757.06,58068.6501,1
1786527900000,76.72,76.75,76.68,76.68,312.0,312.64,23989.1327,1
1786528200000,76.68,76.74,76.67,76.68,234.0,234.61,17991.851,1
1786528500000,76.68,76.71,76.67,76.71,276.0,276.47,21204.2306,1
1786528800000,76.71,76.79,76.67,76.71,1241.0,1241.57,95268.0818,1
1786529100000,76.71,76.71,76.63,76.63,117.0,117.48,9006.2198,1
1786529400000,76.63,76.77,76.63,76.77,62.0,62.66,4807.3452,1
1786529700000,76.77,76.77,76.71,76.72,305.0,305.1,23413.947,1
1786530000000,76.72,76.84,76.72,76.78,643.0,643.55,49406.7145,1
1786530300000,76.78,76.78,76.72,76.72,425.0,425.63,32666.5516,1
1786530600000,76.71,76.78,76.68,76.73,341.0,341.5,26198.7833,1
1786530900000,76.73,76.76,76.7,76.74,1407.0,1407.73,108027.3382,1
1786531200000,76.74,76.78,76.73,76.73,2226.0,2226.57,170869.9202,1
1786531500000,76.73,76.75,76.69,76.72,275.0,275.85,21165.023,1
1786531800000,76.72,76.77,76.72,76.77,207.0,207.13,15899.0971,1
1786532100000,76.77,76.77,76.72,76.72,69.0,69.6,5340.9803,1
1786532400000,76.74,76.8,76.7,76.7,95.0,95.98,7364.7344,1
1786532700000,76.7,76.73,76.67,76.71,155.0,155.63,11934.4077,1
1786533000000,76.72,76.74,76.66,76.66,408.0,408.81,31360.1445,1
1786533300000,76.67,76.73,76.65,76.73,117.0,117.84,9037.5741,1
1786533600000,76.74,76.8,76.7,76.79,539.0,539.66,41435.1388,1
1786533900000,76.79,76.82,76.76,76.78,137.0,137.82,10585.3012,1
1786534200000,76.79,76.81,76.72,76.72,206.0,206.76,15866.9128,1
1786534500000,76.71,76.72,76.67,76.69,3103.0,3103.28,238050.51,1
1786534800000,76.74,76.74,76.69,76.69,278.0,278.38,21361.4396,1
1786535100000,76.69,76.74,76.68,76.74,267.0,267.95,20556.0276,1
1786535400000,76.74,76.81,76.74,76.79,187.0,187.8,14421.2791,1
1786535700000,76.79,76.8,76.77,76.8,2411.0,2411.59,185208.1568,1
1786536000000,76.81,77.02,76.81,77.02,4289.0,4289.68,329882.684,1
1786536300000,77.02,77.02,76.91,76.94,213.0,213.42,16426.6908,1
1786536600000,76.94,76.98,76.9,76.95,422.0,422.03,32464.8761,1
1786536900000,76.94,77.06,76.94,77.01,385.0,385.41,29684.855,1
1786537200000,77.0,77.04,76.87,76.87,1458.0,1458.52,112293.9488,1
1786537500000,76.87,77.22,76.86,77.14,6983.0,6983.13,537297.7908,1
1786537800000,77.18,77.3,76.56,76.9,36040.0,36040.41,2767830.1413,1
1786538100000,76.91,76.98,76.61,76.64,1627.0,1627.71,124958.463,1
1786538400000,76.67,76.68,76.47,76.48,14360.0,14360.52,1099584.0975,1
1786538700000,76.48,76.49,76.32,76.42,3335.0,3335.2,254808.7705,1
1786539000000,76.45,76.67,76.44,76.63,2773.0,2773.68,212482.2309,1
1786539300000,76.63,76.63,76.57,76.59,176.0,176.65,13529.3991,1
1786539600000,76.59,76.63,76.42,76.46,5877.0,5877.55,449668.1357,1
1786539900000,76.44,76.59,76.4,76.55,5560.0,5560.98,425464.9765,1
1786540200000,76.54,76.56,76.34,76.41,699.0,699.33,53487.0958,1
1786540500000,76.41,76.49,76.41,76.48,429.0,429.33,32826.5099,1
1786540800000,76.49,76.49,76.43,76.43,1570.0,1570.95,120121.3985,1
1786541100000,76.41,76.42,76.35,76.41,789.0,789.68,60317.4233,1
1786541400000,76.42,76.44,76.24,76.27,2378.0,2378.02,181530.0531,1
1786541700000,76.27,76.31,76.16,76.23,4534.0,4534.13,345837.5282,1
1786542000000,76.23,76.3,76.01,76.21,1654.0,1654.71,125903.9438,1
1786542300000,76.26,76.37,76.25,76.27,558.0,558.46,42609.8934,1
1786542600000,76.26,76.26,76.16,76.24,2096.0,2096.0,159730.0849,1
1786542900000,76.21,76.32,76.15,76.21,783.0,783.2,59678.6026,1
1786543200000,76.17,76.19,75.75,75.79,5460.0,5460.24,414762.8847,1
1786543500000,75.74,75.9,75.74,75.9,2542.0,2542.22,192759.8132,1
1786543800000,75.89,76.19,75.89,76.02,2171.0,2171.18,165214.1196,1
1786544100000,76.02,76.05,75.92,75.93,944.0,944.64,71762.293,1
1786544400000,75.95,75.95,75.79,75.81,3351.0,3351.42,254062.7861,1
1786544700000,75.82,75.91,75.71,75.72,1028.0,1028.68,77950.237,1
1786545000000,75.7,75.8,75.57,75.6,2032.0,2032.28,153865.1061,1
1786545300000,75.6,75.67,75.51,75.57,1298.0,1298.24,98147.8347,1
1786545600000,75.55,75.56,75.39,75.56,3426.0,3426.65,258527.6142,1
1786545900000,75.55,75.66,75.51,75.61,4375.0,4375.31,330565.1365,1
1786546200000,75.6,75.63,75.44,75.45,1125.0,1125.57,85002.018,1
1786546500000,75.45,75.48,75.36,75.43,1641.0,1641.66,123809.5105,1
1786546800000,75.42,75.65,75.33,75.62,6277.0,6277.66,474542.3276,1
1786547100000,75.63,75.72,75.61,75.63,3510.0,3510.8,265680.0282,1
1786547400000,75.63,75.72,75.61,75.7,888.0,888.11,67234.0935,1
1786547700000,75.7,75.82,75.7,75.81,3285.0,3285.5,248961.6678,1
1786548000000,75.81,75.81,75.65,75.73,554.0,554.23,41974.573,1
1786548300000,75.73,75.73,75.6,75.68,4708.0,4708.02,356025.6114,1
1786548600000,75.68,75.73,75.58,75.68,681.0,681.9,51572.3956,1
1786548900000,75.67,75.78,75.67,75.71,236.0,236.23,17890.6126,1
1786549200000,75.7,75.78,75.68,75.76,454.0,454.4,34429.6347,1
1786549500000,75.76,75.8,75.66,75.71,434.0,434.32,32883.3792,1
1786549800000,75.71,75.75,75.66,75.68,936.0,936.29,70866.8159,1
1786550100000,75.68,75.76,75.68,75.71,1179.0,1179.95,89327.139,1
1786550400000,75.72,75.75,75.64,75.74,453.0,453.47,34325.3749,1
1786550700000,75.74,75.74,75.66,75.67,324.0,324.4,24551.5179,1
1786551000000,75.68,75.71,75.61,75.71,222.0,222.8,16857.1622,1
1786551300000,75.7,75.81,75.7,75.8,859.0,859.29,65125.4181,1
1786551600000,75.8,75.8,75.66,75.68,416.0,416.1,31489.5487,1
1786551900000,75.68,75.74,75.68,75.74,366.0,366.08,27724.3576,1
1786552200000,75.74,75.74,75.67,75.7,695.0,695.28,52644.1268,1
1786552500000,75.7,75.7,75.64,75.67,527.0,527.17,39888.0955,1
1786552800000,75.67,75.67,75.61,75.61,200.0,200.37,15155.4363,1
1786553100000,75.6,75.6,75.52,75.55,609.0,609.7,46068.3051,1
1786553400000,75.54,75.62,75.54,75.6,426.0,426.54,32244.5323,1
1786553700000,75.63,75.69,75.62,75.64,80.0,80.26,6070.6093,1
1786554000000,75.64,75.71,75.64,75.7,231.0,231.51,17521.9666,1
1786554300000,75.7,75.77,75.7,75.72,16198.0,16198.51,1226990.9963,1
1786554600000,75.69,75.73,75.66,75.73,133.0,133.33,10091.2394,1
1786554900000,75.73,75.74,75.67,75.73,1033.0,1033.81,78291.4381,1
1786555200000,75.73,75.73,75.63,75.7,451.0,451.27,34144.3175,1
1786555500000,75.7,75.8,75.66,75.79,185.0,185.77,14071.4365,1
1786555800000,75.79,75.89,75.71,75.89,1943.0,1943.93,147461.5657,1
1786556100000,75.89,76.03,75.88,75.9,10291.0,10291.21,781385.3066,1
1786556400000,75.9,75.96,75.9,75.92,5435.0,5435.26,412794.7924,1
1786556700000,75.93,75.99,75.9,75.99,71.0,71.24,5409.7831,1
1786557000000,75.99,76.01,75.93,75.93,608.0,608.4,46221.1998,1
1786557300000,75.93,75.93,75.86,75.86,1732.0,1732.23,131455.3498,1
1786557600000,75.86,75.94,75.84,75.94,156.0,156.81,11903.3134,1
1786557900000,75.94,75.94,75.92,75.93,287.0,287.95,21865.5335,1
1786558200000,75.93,75.99,75.86,75.98,1713.0,1713.87,130229.508,1
1786558500000,75.98,75.98,75.9,75.93,157.0,157.1,11926.0635,1
1786558800000,75.93,75.94,75.87,75.91,242.0,242.85,18430.6532,1
1786559100000,75.91,75.94,75.9,75.93,47.0,47.66,3618.0802,1
1786559400000,75.93,76.05,75.92,75.97,1311.0,1311.39,99682.4445,1
1786559700000,75.97,76.0,75.94,75.96,374.0,374.13,28420.8927,1
1786560000000,75.96,75.99,75.95,75.99,109.0,109.2,8295.3964,1
1786560300000,75.99,75.99,75.92,75.92,1094.0,1094.18,83072.4621,1
1786560600000,75.9,75.9,75.8,75.84,982.0,982.55,74554.0459,1
1786560900000,75.84,75.86,75.83,75.86,532.0,532.59,40392.8048,1
1786561200000,75.86,75.89,75.84,75.89,143.0,143.46,10883.1075,1
1786561500000,75.89,75.94,75.87,75.94,229.0,229.81,17442.8123,1
1786561800000,75.94,75.97,75.84,75.84,4301.0,4301.19,326648.3767,1
1786562100000,75.83,75.89,75.78,75.82,1344.0,1344.72,101972.1954,1
1786562400000,75.82,75.83,75.73,75.73,345.0,345.98,26220.4794,1
1786562700000,75.73,75.82,75.72,75.82,1149.0,1149.76,87074.0472,1
1786563000000,75.8,75.8,75.73,75.79,1536.0,1536.22,116433.7637,1
1786563300000,75.8,75.8,75.7,75.7,238.0,238.8,18087.6824,1
1786563600000,75.7,75.73,75.56,75.56,1633.0,1633.34,123492.7399,1
1786563900000,75.59,75.66,75.55,75.65,364.0,364.07,27525.4454,1
1786564200000,75.65,75.66,75.59,75.66,80.0,80.83,6113.7797,1
1786564500000,75.66,75.73,75.65,75.72,912.0,912.47,69087.2186,1
1786564800000,75.72,75.82,75.72,75.81,856.0,856.29,64871.7234,1
1786565100000,75.81,75.85,75.76,75.76,256.0,256.6,19453.2316,1
1786565400000,75.76,75.82,75.75,75.79,197.0,197.31,14949.5279,1
1786565700000,75.79,75.79,75.73,75.77,115.0,115.33,8736.2727,1
1786566000000,75.77,75.81,75.74,75.81,656.0,656.95,49787.3629,1
1786566300000,75.81,75.85,75.8,75.84,241.0,241.03,18271.5954,1
1786566600000,75.84,75.93,75.84,75.91,827.0,827.05,62776.5601,1
1786566900000,75.91,75.97,75.9,75.94,440.0,440.43,33451.1059,1
1786567200000,75.94,75.95,75.92,75.94,453.0,453.64,34442.2043,1
1786567500000,75.94,75.94,75.91,75.91,667.0,667.14,50661.7981,1
1786567800000,75.91,75.95,75.89,75.9,944.0,944.91,71755.4954,1
1786568100000,75.9,75.9,75.84,75.89,49.0,49.71,3771.1327,1
1786568400000,75.89,75.96,75.86,75.86,2010.0,2010.53,152639.0302,1
1786568700000,75.86,75.86,75.8,75.82,480.0,480.2,36413.8578,1
1786569000000,75.82,75.86,75.79,75.79,134.0,134.82,10222.3999,1
1786569300000,75.79,75.84,75.79,75.81,66.0,66.33,5029.4106,1
1786569600000,75.81,75.84,75.59,75.61,511.0,511.37,38701.0622,1
1786569900000,75.61,75.61,75.4,75.51,3975.0,3975.14,300155.4128,1
1786570200000,75.5,75.55,75.39,75.55,4304.0,4304.79,324966.4622,1
1786570500000,75.55,75.62,75.52,75.61,312.0,312.77,23630.7476,1
1786570800000,75.62,75.63,75.57,75.62,518.0,518.03,39169.9827,1
1786571100000,75.64,75.64,75.6,75.6,228.0,228.78,17302.4235,1
1786571400000,75.6,75.62,75.6,75.62,40.0,40.02,3026.0921,1
1786571700000,75.61,75.62,75.43,75.43,878.0,878.31,66325.7973,1
1786572000000,75.43,75.51,75.27,75.49,14408.0,14408.06,1085103.5406,1
1786572300000,75.49,75.59,75.49,75.52,2672.0,2672.81,201949.0784,1
1786572600000,75.52,75.61,75.52,75.54,636.0,636.83,48133.3035,1
1786572900000,75.57,75.62,75.57,75.59,1331.0,1331.89,100704.626,1
1786573200000,75.59,75.59,75.51,75.54,133.0,133.79,10107.5866,1
1786573500000,75.54,75.56,75.52,75.55,99.0,99.44,7511.1984,1
1786573800000,75.55,75.55,75.41,75.44,612.0,612.15,46209.6221,1
1786574100000,75.46,75.46,75.4,75.43,98.0,98.74,7448.281,1
1786574400000,75.44,75.46,75.4,75.45,872.0,872.13,65774.4919,1
1786574700000,75.45,75.48,75.44,75.44,72.0,72.27,5453.8292,1
1786575000000,75.44,75.47,75.42,75.47,64.0,64.32,4851.4276,1
1786575300000,75.47,75.48,75.44,75.48,129.0,129.72,9789.2865,1
1786575600000,75.47,75.54,75.46,75.47,388.0,388.45,29318.8822,1
1786575900000,75.47,75.48,75.41,75.48,470.0,470.38,35484.1899,1
1786576200000,75.45,75.46,75.41,75.42,50.0,50.0,3771.62,1
1786576500000,75.42,75.43,75.4,75.43,155.0,155.54,11730.6608,1
1786576800000,75.43,75.44,75.35,75.35,94.0,94.75,7142.939,1
1786577100000,75.35,75.45,75.35,75.45,75.0,75.35,5681.1537,1
1786577400000,75.45,75.5,75.44,75.47,140.0,140.17,10580.125,1
1786577700000,75.47,75.55,75.47,75.54,586.0,586.19,44279.8451,1
1786578000000,75.54,75.57,75.52,75.52,269.0,269.78,20379.2678,1
1786578300000,75.52,75.55,75.51,75.53,76.0,76.38,5768.8452,1
1786578600000,75.53,75.57,75.53,75.57,568.0,568.62,42953.8645,1
1786578900000,75.55,75.6,75.54,75.58,95.0,95.29,7199.5764,1
1786579200000,75.56,75.58,75.55,75.57,1490.0,1490.82,112670.1064,1
1786579500000,75.57,75.73,75.57,75.72,549.0,549.0,41551.7044,1
1786579800000,75.72,75.77,75.69,75.74,6880.0,6880.31,520848.0854,1
1786580100000,75.75,75.83,75.74,75.8,472.0,472.38,35808.8117,1
1786580400000,75.8,75.81,75.71,75.71,194.0,194.08,14705.4676,1
1786580700000,75.71,75.77,75.71,75.77,1404.0,1404.83,106401.8811,1
1786581000000,75.77,75.77,75.66,75.69,350.0,350.47,26524.9587,1
1786581300000,75.69,75.69,75.66,75.66,82.0,82.84,6269.2496,1
1786581600000,75.66,75.66,75.55,75.56,482.0,482.86,36501.076,1
1786581900000,75.56,75.62,75.53,75.59,391.0,391.27,29562.7042,1
1786582200000,75.59,75.66,75.58,75.64,377.0,377.48,28546.5077,1
1786582500000,75.64,75.66,75.6,75.6,178.0,178.99,13536.7836,1
1786582800000,75.58,75.58,75.51,75.55,182.0,182.14,13760.854,1
1786583100000,75.55,75.62,75.55,75.62,54.0,54.9,4149.7576,1
1786583400000,75.62,75.71,75.62,75.69,226.0,226.06,17109.1479,1
1786583700000,75.69,75.7,75.6,75.6,79.0,79.0,5977.57,1
1786584000000,75.6,75.63,75.52,75.54,727.0,727.35,54973.1582,1
1786584300000,75.54,75.54,75.45,75.51,325.0,325.23,24542.7355,1
1786584600000,75.5,75.64,75.5,75.64,508.0,508.99,38465.2673,1
1786584900000,75.63,75.76,75.63,75.75,565.0,565.6,42841.4922,1
1786585200000,75.74,75.74,75.63,75.63,102.0,102.31,7741.923,1
1786585500000,75.56,75.64,75.54,75.61,204.0,204.24,15435.1385,1
1786585800000,75.61,75.65,75.59,75.65,98.0,98.72,7466.8803,1
1786586100000,75.68,75.71,75.6,75.6,222.0,222.58,16836.0454,1
1786586400000,75.6,75.61,75.56,75.57,202.0,202.08,15271.9488,1
1786586700000,75.57,75.61,75.55,75.61,178.0,178.67,13501.6779,1
1786587000000,75.61,75.61,75.55,75.58,379.0,379.78,28699.4031,1
1786587300000,75.58,75.64,75.58,75.64,53.0,53.05,4010.9848,1
1786587600000,75.63,75.64,75.58,75.6,596.0,596.71,45132.2801,1
1786587900000,75.6,75.65,75.6,75.64,145.0,145.46,10998.7556,1
1786588200000,75.63,75.63,75.5,75.55,183.0,183.31,13848.5878,1
1786588500000,75.55,75.6,75.5,75.54,336.0,336.59,25423.5685,1
1786588800000,75.54,75.69,75.51,75.69,142.0,142.86,10797.5623,1
1786589100000,75.7,75.77,75.63,75.76,152.0,152.0,11505.2878,1
1786589400000,75.76,75.89,75.76,75.88,1775.0,1775.95,134729.8919,1
1786589700000,75.88,75.94,75.88,75.94,436.0,436.65,33147.3801,1
1786590000000,75.94,76.01,75.92,76.0,16475.0,16475.98,1251805.8723,1
1786590300000,76.0,76.02,75.97,76.01,3219.0,3219.91,244732.3111,1
1786590600000,76.01,76.14,76.01,76.12,1426.0,1426.06,108513.3884,1
1786590900000,76.12,76.15,76.06,76.13,1137.0,1137.7,86590.2507,1
1786591200000,76.11,76.18,76.11,76.11,3381.0,3381.75,257514.3676,1
1786591500000,76.11,76.21,76.11,76.21,10639.0,10639.47,810724.0842,1
1786591800000,76.21,76.29,76.19,76.21,1618.0,1618.49,123357.7991,1
1786592100000,76.19,76.24,76.15,76.22,82.0,82.23,6264.2758,1
1786592400000,76.22,76.27,76.19,76.19,148.0,148.84,11342.7311,1
1786592700000,76.19,76.27,76.19,76.24,235.0,235.28,17931.0369,1
1786593000000,76.23,76.28,76.21,76.24,168.0,168.08,12816.1347,1
1786593300000,76.22,76.22,76.18,76.22,129.0,129.62,9879.3439,1
1786593600000,76.22,76.24,76.21,76.21,187.0,187.22,14268.5629,1
1786593900000,76.21,76.22,76.17,76.17,938.0,938.24,71492.2843,1
1786594200000,76.17,76.2,76.13,76.15,156.0,156.23,11898.232,1
1786594500000,76.13,76.15,76.12,76.14,311.0,311.06,23682.8559,1
1786594800000,76.14,76.16,75.99,76.05,464.0,464.77,35346.3063,1
1786595100000,76.06,76.07,76.05,76.06,2329.0,2329.48,177173.584,1
1786595400000,76.06,76.12,76.06,76.12,48.0,48.56,3695.1397,1
1786595700000,76.12,76.15,76.11,76.11,3339.0,3339.46,254233.1452,1
1786596000000,76.11,76.15,76.11,76.11,43.0,43.0,3273.52,1
1786596300000,76.12,76.15,76.07,76.09,256.0,256.84,19552.973,1
1786596600000,76.07,76.11,76.07,76.08,47.0,47.13,3586.1804,1
1786596900000,76.08,76.13,76.08,76.1,38.0,38.95,2964.6427,1
1786597200000,76.1,76.11,76.05,76.08,278.0,278.33,21170.0494,1
1786597500000,76.08,76.22,76.08,76.16,267.0,267.32,20357.2993,1
1786597800000,76.15,76.22,76.15,76.22,93.0,93.56,7127.7708,1
1786598100000,76.23,76.32,76.23,76.25,11582.0,11582.22,883171.7032,1
1786598400000,76.25,76.31,76.22,76.31,87.0,87.57,6679.9422,1
1786598700000,76.32,76.34,76.29,76.34,274.0,274.15,20921.5091,1
1786599000000,76.35,76.4,76.28,76.28,7451.0,7451.52,568872.3365,1
1786599300000,76.28,76.5,76.28,76.46,8315.0,8315.58,634980.6085,1
1786599600000,76.47,76.56,76.45,76.53,477.0,477.68,36540.8629,1
1786599900000,76.53,76.58,76.47,76.47,5341.0,5341.32,408873.1809,1
1786600200000,76.47,76.52,76.47,76.5,549.0,549.32,42028.5912,1
1786600500000,76.51,76.52,76.47,76.47,876.0,876.37,67035.2328,1
1786600800000,76.47,76.51,76.43,76.43,3459.0,3459.56,264429.1706,1
1786601100000,76.43,76.49,76.43,76.45,74.0,74.75,5714.5725,1
1786601400000,76.45,76.45,76.42,76.43,2809.0,2809.96,214745.3038,1
1786601700000,76.43,76.45,76.4,76.41,232.0,232.88,17792.4537,1
1786602000000,76.41,76.46,76.41,76.43,37.0,37.03,2830.483,1
1786602300000,76.43,76.43,76.39,76.39,136.0,136.95,10462.9971,1
1786602600000,76.39,76.39,76.3,76.33,2461.0,2461.15,187839.3352,1
1786602900000,76.34,76.34,76.29,76.29,153.0,153.42,11706.734,1
1786603200000,76.29,76.31,76.29,76.29,128.0,128.77,9825.8976,1
1786603500000,76.29,76.41,76.29,76.36,502.0,502.61,38354.4635,1
1786603800000,76.36,76.41,76.36,76.4,128.0,128.47,9813.6635,1
1786604100000,76.4,76.48,76.4,76.48,121.0,121.33,9272.8402,1
1786604400000,76.48,76.51,76.42,76.42,246.0,246.21,18821.1814,1
1786604700000,76.42,76.43,76.37,76.39,53.0,53.28,4070.5954,1
1786605000000,76.39,76.41,76.38,76.38,81.0,81.29,6209.4744,1
1786605300000,76.41,76.41,76.38,76.38,22.0,22.0,1680.69,1
1786605600000,76.38,76.46,76.37,76.46,75.0,75.79,5791.0991,1
1786605900000,76.46,76.46,76.41,76.45,207.0,207.72,15878.1392,1
1786606200000,76.44,76.47,76.44,76.45,59.0,59.94,4582.6513,1
1786606500000,76.45,76.47,76.44,76.44,24.0,24.0,1834.99,1
1786606800000,76.44,76.44,76.4,76.41,8.0,8.34,637.38,1
1786607100000,76.41,76.41,76.36,76.36,130.0,130.82,9993.8611,1
1786607400000,76.37,76.39,76.37,76.39,92.0,92.39,7057.2555,1
1786607700000,76.39,76.41,76.37,76.4,54.0,54.77,4184.1939,1
1786608000000,76.42,76.44,76.38,76.39,336.0,336.24,25697.5861,1
1786608300000,76.38,76.4,76.34,76.35,224.0,224.94,17173.3266,1
1786608600000,76.35,76.35,76.26,76.26,176.0,176.03,13426.5663,1
1786608900000,76.26,76.26,76.21,76.24,976.0,976.41,74420.9873,1
1786609200000,76.24,76.25,76.23,76.23,318.0,318.59,24290.2253,1
1786609500000,76.23,76.24,76.22,76.22,93.0,93.65,7138.6916,1
1786609800000,76.2,76.21,76.19,76.19,51.0,51.9,3954.4113,1
1786610100000,76.19,76.22,76.19,76.22,161.0,161.13,12280.0285,1
1786610400000,76.22,76.22,76.19,76.19,308.0,308.51,23505.6835,1
1786610700000,76.19,76.19,76.15,76.16,212.0,212.13,16154.9311,1
1786611000000,76.16,76.18,76.15,76.18,129.0,129.67,9875.5607,1
1786611300000,76.15,76.18,76.15,76.18,202.0,202.41,15416.5512,1
1786611600000,76.18,76.18,76.1,76.11,2142.0,2142.02,163096.8872,1
1786611900000,76.11,76.12,76.04,76.04,4713.0,4713.02,358472.1395,1
1786612200000,76.04,76.04,75.9,75.91,8194.0,8194.98,622487.3894,1
1786612500000,75.91,75.96,75.86,75.96,3610.0,3610.99,274260.008,1
1786612800000,75.96,76.02,75.96,76.01,444.0,444.99,33810.7718,1
1786613100000,76.01,76.01,75.96,75.96,3048.0,3048.65,231680.9644,1
1786613400000,75.96,76.02,75.96,75.99,423.0,423.29,32173.4646,1
1786613700000,75.99,75.99,75.94,75.95,1096.0,1096.78,83300.0557,1
1786614000000,75.95,75.96,75.92,75.94,181.0,181.7,13799.0677,1
1786614300000,75.94,76.0,75.94,75.99,223.0,223.75,17003.3689,1
1786614600000,76.02,76.12,76.01,76.12,1211.0,1211.62,92217.628,1
1786614900000,76.12,76.14,76.11,76.13,260.0,260.06,19797.3093,1
1786615200000,76.13,76.13,75.94,75.98,469.0,469.27,35666.4159,1
1786615500000,75.98,76.03,75.82,75.86,1889.0,1889.86,143489.0764,1
1786615800000,75.88,75.91,75.76,75.8,10391.0,10391.48,787532.7157,1
1786616100000,75.79,75.86,75.78,75.84,1505.0,1505.64,114113.363,1
1786616400000,75.84,75.86,75.81,75.82,1132.0,1132.52,85880.0762,1
1786616700000,75.82,75.83,75.78,75.78,1046.0,1046.08,79313.4068,1
1786617000000,75.79,75.79,75.65,75.65,3105.0,3105.14,235016.2496,1
1786617300000,75.65,75.71,75.65,75.71,285.0,285.43,21609.591,1
1786617600000,75.7,75.72,75.66,75.7,198.0,198.25,15007.7294,1
1786617900000,75.7,75.73,75.7,75.72,69.0,69.33,5250.2009,1
1786618200000,75.72,75.74,75.7,75.72,203.0,203.52,15411.0969,1
1786618500000,75.72,75.73,75.7,75.71,828.0,828.15,62713.7581,1
1786618800000,75.71,75.71,75.67,75.69,352.0,352.27,26670.0952,1
1786619100000,75.68,75.68,75.64,75.65,466.0,466.16,35262.5276,1
1786619400000,75.65,75.65,75.61,75.62,53.0,53.12,4016.8866,1
1786619700000,75.62,75.62,75.58,75.58,171.0,171.51,12965.9613,1
1786620000000,75.59,75.61,75.51,75.57,1041.0,1041.38,78680.5601,1
1786620300000,75.56,75.58,75.54,75.55,744.0,744.26,56227.5163,1
1786620600000,75.55,75.56,75.53,75.53,275.0,275.47,20811.1475,1
1786620900000,75.53,75.62,75.51,75.62,132.0,132.87,10041.3156,1
1786621200000,75.62,75.64,75.57,75.61,1177.0,1177.41,89012.3385,1
1786621500000,75.61,75.65,75.6,75.61,1243.0,1243.93,94062.394,1
1786621800000,75.61,75.61,75.59,75.59,545.0,545.1,41211.0888,1
1786622100000,75.59,75.62,75.58,75.6,327.0,327.21,24741.6479,1
1786622400000,75.6,75.63,75.59,75.63,73.0,73.58,5564.0831,1
1786622700000,75.63,75.77,75.63,75.77,1123.0,1123.19,85004.7897,1
1786623000000,75.75,75.8,75.73,75.8,628.0,628.41,47604.9857,1
1786623300000,75.8,75.8,75.76,75.76,64.0,64.23,4867.2219,1
1786623600000,75.76,75.78,75.74,75.78,144.0,144.31,10932.5374,1
1786623900000,75.78,75.88,75.77,75.86,397.0,397.83,30166.6299,1
1786624200000,75.82,76.01,75.74,75.95,4122.0,4122.31,312825.1757,1
1786624500000,75.95,75.99,75.9,75.92,1232.0,1232.51,93616.1612,1
1786624800000,75.91,75.97,75.88,75.94,2773.0,2773.92,210596.043,1
1786625100000,75.94,75.95,75.87,75.92,99.0,99.66,7565.5591,1
1786625400000,75.95,75.97,75.92,75.96,130.0,130.19,9886.4386,1
1786625700000,75.94,76.1,75.94,76.09,1324.0,1324.82,100732.9472,1
1786626000000,76.09,76.14,76.06,76.06,1302.0,1302.65,99140.0116,1
1786626300000,76.06,76.18,76.06,76.13,523.0,523.26,39843.7658,1
1786626600000,76.13,76.13,76.11,76.13,214.0,214.24,16306.0866,1
1786626900000,76.13,76.13,76.06,76.08,152.0,152.89,11632.7731,1
1786627200000,76.07,76.1,76.02,76.02,223.0,223.19,16977.5587,1
1786627500000,76.03,76.08,76.01,76.04,828.0,828.56,63007.805,1
1786627800000,76.04,76.18,76.02,76.18,941.0,941.52,71664.9367,1
1786628100000,76.18,76.23,76.17,76.22,2130.0,2130.84,162398.5118,1
1786628400000,76.23,76.33,76.23,76.26,856.0,856.01,65284.9309,1
1786628700000,76.23,76.27,76.16,76.24,689.0,689.34,52524.4162,1
1786629000000,76.24,76.25,76.19,76.22,124.0,124.25,9470.6089,1
1786629300000,76.2,76.21,76.14,76.16,1290.0,1290.07,98242.3492,1
1786629600000,76.16,76.17,76.14,76.14,861.0,861.82,65631.7437,1
1786629900000,76.14,76.21,76.1,76.15,248.0,248.38,18921.2608,1
1786630200000,76.17,76.43,76.17,76.33,1789.0,1789.84,136582.9589,1
1786630500000,76.33,76.4,76.3,76.31,580.0,580.94,44345.7573,1
1786630800000,76.31,76.35,76.25,76.27,379.0,379.97,28992.165,1
1786631100000,76.27,76.29,76.2,76.24,3774.0,3774.7,287781.5443,1
1786631400000,76.24,76.43,76.22,76.42,1276.0,1276.04,97370.0764,1
1786631700000,76.42,76.56,76.42,76.45,999.0,999.93,76477.4361,1
1786632000000,76.45,76.51,76.45,76.5,1251.0,1251.1,95706.2303,1
1786632300000,76.52,76.53,76.45,76.48,669.0,669.79,51222.8588,1
1786632600000,76.48,76.53,76.46,76.49,499.0,499.1,38180.8428,1
1786632900000,76.5,76.5,76.44,76.44,693.0,693.05,52987.366,1
1786633200000,76.43,76.5,76.43,76.47,270.0,270.77,20708.8894,1
1786633500000,76.46,76.46,76.33,76.36,2576.0,2576.3,196802.8371,1
1786633800000,76.36,76.39,76.33,76.33,928.0,928.4,70891.3981,1
1786634100000,76.33,76.34,76.27,76.34,2646.0,2646.7,201921.3388,1
1786634400000,76.33,76.35,76.26,76.27,285.0,285.91,21820.6145,1
1786634700000,76.27,76.27,75.94,76.0,3849.0,3849.69,293084.1858,1
1786635000000,76.03,76.13,76.0,76.09,2950.0,2950.61,224497.8209,1
1786635300000,76.09,76.12,76.07,76.09,773.0,773.6,58860.815,1
1786635600000,76.09,76.11,76.03,76.06,153.0,153.57,11682.7063,1
1786635900000,76.06,76.06,75.92,75.94,959.0,959.07,72844.1249,1
1786636200000,75.94,75.99,75.88,75.9,1060.0,1060.37,80501.8992,1
1786636500000,75.9,75.93,75.59,75.61,5527.0,5527.34,418964.4363,1
1786636800000,75.6,75.74,75.57,75.71,4519.0,4519.29,342006.5625,1
1786637100000,75.69,75.75,75.51,75.62,3070.0,3070.59,232290.1025,1
1786637400000,75.62,75.7,75.58,75.68,1307.0,1307.86,98921.239,1
1786637700000,75.68,75.76,75.68,75.74,1091.0,1091.8,82687.8257,1
1786638000000,75.74,75.84,75.68,75.78,2370.0,2370.36,179740.649,1
1786638300000,75.78,75.79,75.6,75.63,2262.0,2262.92,171259.0378,1
1786638600000,75.65,75.67,75.58,75.6,779.0,779.97,59007.1389,1
1786638900000,75.61,75.66,75.14,75.28,4936.0,4936.93,372255.814,1
1786639200000,75.28,75.32,75.05,75.31,6085.0,6085.2,457368.7779,1
1786639500000,75.29,75.53,75.24,75.49,3756.0,3756.09,283295.4564,1
1786639800000,75.49,75.68,75.44,75.44,3338.0,3338.37,252257.9046,1
1786640100000,75.43,75.55,75.43,75.55,1345.0,1345.55,101595.7236,1
1786640400000,75.54,75.61,75.52,75.58,904.0,904.47,68350.8387,1
1786640700000,75.58,75.7,75.55,75.68,241.0,241.0,18220.1267,1
1786641000000,75.68,75.75,75.66,75.69,848.0,848.49,64259.8089,1
1786641300000,75.69,75.81,75.68,75.72,1299.0,1299.83,98488.3477,1
1786641600000,75.72,75.82,75.71,75.79,2172.0,2172.76,164592.211,1
1786641900000,75.79,75.85,75.78,75.78,169.0,169.15,12827.8459,1
1786642200000,75.78,75.91,75.76,75.81,951.0,951.76,72165.8273,1
1786642500000,75.8,75.82,75.74,75.79,4645.0,4645.42,351983.5117,1
1786642800000,75.79,75.84,75.78,75.83,868.0,868.81,65880.5721,1
1786643100000,75.84,75.88,75.75,75.78,283.0,283.42,21497.1972,1
1786643400000,75.78,75.79,75.73,75.73,106.0,106.43,8063.4986,1
1786643700000,75.73,75.78,75.72,75.74,431.0,431.0,32643.0458,1
1786644000000,75.73,75.89,75.71,75.85,144.0,144.57,10953.7217,1
1786644300000,75.85,75.86,75.77,75.79,96.0,96.57,7320.6161,1
1786644600000,75.79,75.85,75.79,75.82,145.0,145.85,11059.2208,1
1786644900000,75.82,75.92,75.82,75.9,208.0,208.18,15795.7423,1
1786645200000,75.9,75.9,75.77,75.78,248.0,248.97,18881.9511,1
1786645500000,75.78,75.82,75.72,75.72,124.0,124.84,9458.641,1
1786645800000,75.72,75.77,75.66,75.68,786.0,786.92,59566.0178,1
1786646100000,75.68,75.71,75.64,75.67,510.0,510.32,38607.5934,1
1786646400000,75.67,75.81,75.67,75.8,341.0,341.03,25841.3969,1
1786646700000,75.79,75.83,75.78,75.81,115.0,115.65,8767.6261,1
1786647000000,75.81,76.07,75.81,76.01,1895.0,1895.47,143943.5629,1
1786647300000,76.01,76.03,75.95,75.97,3895.0,3895.49,296063.6784,1
1786647600000,75.98,76.04,75.95,75.95,662.0,662.66,50363.3562,1
1786647900000,75.95,76.25,75.95,76.19,3554.0,3554.71,270763.9408,1
1786648200000,76.18,76.22,76.09,76.09,629.0,629.4,47941.2069,1
1786648500000,76.09,76.13,76.04,76.12,192.0,192.65,14654.8952,1
1786648800000,76.12,76.13,76.03,76.07,174.0,174.98,13309.2489,1
1786649100000,76.07,76.12,76.02,76.09,280.0,280.04,21301.8265,1
1786649400000,76.07,76.09,76.03,76.05,322.0,322.16,24503.5983,1
1786649700000,76.05,76.09,76.03,76.08,98.0,98.68,7505.7367,1
1786650000000,76.09,76.11,76.02,76.09,218.0,218.4,16611.2832,1
1786650300000,76.11,76.14,76.09,76.13,289.0,289.92,22071.3986,1
1786650600000,76.13,76.14,76.09,76.1,260.0,260.62,19834.6326,1
1786650900000,76.09,76.15,76.09,76.15,292.0,292.85,22287.3631,1
1786651200000,76.14,76.22,76.11,76.21,157.0,157.55,11996.8873,1
1786651500000,76.21,76.3,76.2,76.27,885.0,885.0,67489.2316,1
1786651800000,76.27,76.27,76.11,76.14,393.0,393.5,29982.9742,1
1786652100000,76.14,76.19,76.13,76.18,79.0,79.04,6019.1767,1
1786652400000,76.18,76.22,76.13,76.13,138.0,138.95,10584.8164,1
1786652700000,76.14,76.23,76.13,76.22,166.0,166.77,12706.3261,1
1786653000000,76.22,76.3,76.2,76.26,315.0,315.34,24050.5604,1
1786653300000,76.26,76.29,76.24,76.24,20.0,20.81,1586.8218,1
1786653600000,76.24,76.25,76.2,76.21,300.0,300.24,22884.8388,1
1786653900000,76.21,76.22,76.16,76.16,246.0,246.63,18788.3805,1
1786654200000,76.15,76.19,76.15,76.16,176.0,176.16,13417.268,1
1786654500000,76.15,76.21,76.14,76.18,69.0,69.96,5328.6992,1
1786654800000,76.19,76.27,76.18,76.24,138.0,138.96,10593.1323,1
1786655100000,76.24,76.26,76.19,76.21,181.0,181.52,13839.7146,1
1786655400000,76.21,76.24,76.17,76.21,134.0,134.8,10270.8632,1
1786655700000,76.2,76.21,76.17,76.2,84.0,84.87,6466.4361,1
1786656000000,76.2,76.22,76.18,76.2,4224.0,4224.26,321846.0106,1
1786656300000,76.19,76.19,76.13,76.14,264.0,264.79,20165.0802,1
1786656600000,76.15,76.19,76.13,76.14,645.0,645.44,49144.8872,1
1786656900000,76.12,76.17,76.08,76.17,418.0,418.09,31831.2622,1
1786657200000,76.17,76.17,76.1,76.17,191.0,191.84,14605.4018,1
1786657500000,76.17,76.18,76.13,76.18,52.0,52.84,4024.7639,1
1786657800000,76.18,76.2,76.15,76.18,212.0,212.26,16169.5185,1
1786658100000,76.16,76.2,76.15,76.17,18.0,18.82,1433.6162,1
1786658400000,76.2,76.3,76.17,76.29,852.0,852.07,64982.5732,1
1786658700000,76.29,76.35,76.27,76.29,702.0,702.94,53658.6638,1
1786659000000,76.29,76.41,76.29,76.35,6190.0,6190.42,472823.6957,1
1786659300000,76.35,76.38,76.33,76.34,439.0,439.19,33538.2274,1
1786659600000,76.35,76.37,76.31,76.36,747.0,747.51,57062.0887,1
1786659900000,76.36,76.39,76.34,76.39,402.0,402.23,30711.8095,1
1786660200000,76.39,76.39,76.33,76.34,63.0,63.13,4819.8202,1
1786660500000,76.35,76.37,76.32,76.32,266.0,266.38,20335.7456,1
1786660800000,76.34,76.35,76.31,76.32,356.0,356.74,27230.2115,1
1786661100000,76.34,76.36,76.31,76.34,157.0,157.83,12048.7842,1
1786661400000,76.35,76.36,76.24,76.24,279.0,279.52,21317.5718,1
1786661700000,76.24,76.25,76.21,76.21,279.0,279.17,21280.8847,1
1786662000000,76.21,76.21,76.14,76.14,453.0,453.13,34509.8151,1
1786662300000,76.14,76.16,76.13,76.15,399.0,399.61,30426.5466,1
1786662600000,76.15,76.18,76.15,76.16,113.0,113.75,8663.9759,1
1786662900000,76.15,76.18,76.1,76.16,933.0,933.14,71035.1651,1
1786663200000,76.16,76.19,76.15,76.17,1079.0,1079.19,82208.6087,1
1786663500000,76.17,76.2,76.17,76.19,64.0,64.89,4944.4386,1
1786663800000,76.19,76.24,76.18,76.24,74.0,74.03,5641.3892,1
1786664100000,76.24,76.24,76.21,76.21,245.0,245.33,18701.3492,1
1786664400000,76.21,76.27,76.2,76.27,49.0,49.06,3740.3654,1
1786664700000,76.26,76.26,76.2,76.2,107.0,107.87,8222.8316,1
1786665000000,76.19,76.22,76.18,76.19,44.0,44.0,3352.7046,1
1786665300000,76.18,76.23,76.18,76.23,203.0,203.65,15515.1795,1
1786665600000,76.23,76.28,76.21,76.28,160.0,160.25,12219.4555,1
1786665900000,76.27,76.27,76.23,76.25,132.0,132.57,10109.6878,1
1786666200000,76.24,76.24,76.16,76.16,52.0,52.26,3981.3356,1
1786666500000,76.15,76.15,76.12,76.14,50.0,50.16,3818.9056,1
1786666800000,76.14,76.21,76.13,76.17,58.0,58.72,4472.7377,1
1786667100000,76.17,76.17,76.07,76.07,530.0,530.65,40372.754,1
1786667400000,76.06,76.07,75.96,75.98,2060.0,2060.33,156591.4274,1
1786667700000,75.98,76.03,75.98,76.01,272.0,272.15,20686.4634,1
1786668000000,76.01,76.16,76.01,76.12,227.0,227.8,17324.4471,1
1786668300000,76.12,76.12,76.02,76.03,671.0,671.11,51037.6778,1
1786668600000,76.03,76.08,75.99,76.07,383.0,383.28,29154.3827,1
1786668900000,76.07,76.07,76.03,76.05,82.0,82.8,6296.6671,1
1786669200000,76.03,76.04,75.97,76.0,85.0,85.8,6521.9929,1
1786669500000,76.02,76.08,75.99,76.0,55.0,55.67,4232.893,1
1786669800000,76.0,76.0,75.9,75.9,401.0,401.34,30470.5684,1
1786670100000,75.9,75.94,75.89,75.92,1206.0,1206.61,91608.7453,1
1786670400000,75.91,76.08,75.91,76.08,166.0,166.12,12633.3499,1
1786670700000,76.06,76.06,75.96,75.96,257.0,257.9,19596.2744,1
1786671000000,75.96,76.01,75.95,76.0,46.0,46.16,3506.684,1
1786671300000,76.0,76.05,76.0,76.01,79.0,79.3,6029.5009,1
1786671600000,76.01,76.1,76.01,76.09,79.0,79.44,6044.2278,1
1786671900000,76.1,76.11,76.06,76.1,154.0,154.13,11730.1295,1
1786672200000,76.1,76.13,76.05,76.06,1343.0,1343.73,102195.6094,1
1786672500000,76.05,76.08,76.04,76.06,1325.0,1325.55,100831.9177,1
1786672800000,76.06,76.07,76.04,76.07,50.0,50.11,3811.4878,1
1786673100000,76.07,76.13,76.05,76.13,292.0,292.66,22272.2476,1
1786673400000,76.13,76.17,76.05,76.09,2205.0,2205.68,167835.148,1
1786673700000,76.09,76.12,76.02,76.02,132.0,132.19,10055.8988,1
1786674000000,76.02,76.05,75.99,75.99,168.0,168.5,12810.1602,1
1786674300000,75.98,76.02,75.96,76.01,266.0,266.83,20273.6135,1
1786674600000,76.01,76.1,76.01,76.07,186.0,186.78,14209.8115,1
1786674900000,76.07,76.07,76.0,76.0,24.0,24.95,1897.2838,1
1786675200000,76.0,76.05,75.97,76.05,82.0,82.9,6303.2737,1
1786675500000,76.05,76.12,76.05,76.11,55.0,55.32,4210.1007,1
1786675800000,76.11,76.13,76.11,76.11,35.0,35.77,2722.9195,1
1786676100000,76.11,76.11,76.0,76.0,22.0,22.11,1681.3006,1
1786676400000,75.99,75.99,75.86,75.86,1619.0,1619.26,122898.1418,1
1786676700000,75.86,75.89,75.78,75.81,573.0,573.6,43486.8164,1
1786677000000,75.79,75.9,75.76,75.88,606.0,606.01,45943.3719,1
1786677300000,75.88,76.02,75.88,76.02,119.0,119.08,9047.96,1
1786677600000,76.02,76.03,75.96,75.99,105.0,105.48,8016.5569,1
1786677900000,76.01,76.02,75.93,75.94,140.0,140.18,10648.278,1
1786678200000,75.94,75.94,75.85,75.86,56.0,56.68,4301.8328,1
1786678500000,75.87,75.87,75.75,75.76,1470.0,1470.97,111465.2581,1
1786678800000,75.77,75.81,75.75,75.8,282.0,282.0,21371.8063,1
1786679100000,75.8,75.81,75.72,75.73,924.0,924.67,70041.1881,1
1786679400000,75.73,75.75,75.72,75.73,268.0,268.3,20316.4742,1
1786679700000,75.74,75.76,75.71,75.72,313.0,313.56,23747.9061,1
1786680000000,75.72,75.85,75.7,75.84,547.0,547.36,41461.8063,1
1786680300000,75.83,75.87,75.83,75.85,374.0,374.35,28394.3896,1
1786680600000,75.84,75.88,75.83,75.87,61.0,61.74,4683.3452,1
1786680900000,75.87,75.99,75.87,75.92,311.0,311.05,23624.8247,1
1786681200000,75.93,75.96,75.91,75.93,37.0,37.59,2854.4724,1
1786681500000,75.93,75.94,75.89,75.89,1293.0,1293.22,98190.0218,1
1786681800000,75.89,75.92,75.88,75.88,1085.0,1085.21,82377.8303,1
1786682100000,75.88,75.89,75.86,75.86,72.0,72.17,5476.3681,1
1786682400000,75.86,75.91,75.86,75.89,60.0,60.75,4609.9331,1
1786682700000,75.88,75.88,75.83,75.83,126.0,126.83,9619.394,1
1786683000000,75.82,75.84,75.81,75.83,33.0,33.31,2525.4552,1
1786683300000,75.84,75.84,75.78,75.81,1567.0,1567.04,118781.1957,1
1786683600000,75.81,75.87,75.78,75.86,98.0,98.96,7505.8007,1
1786683900000,75.86,75.86,75.82,75.82,18.0,18.25,1384.2019,1
1786684200000,75.82,75.85,75.79,75.79,94.0,94.13,7136.7752,1
1786684500000,75.8,75.84,75.76,75.78,101.0,101.23,7672.6909,1
1786684800000,75.78,75.85,75.76,75.77,97.0,97.38,7380.7248,1
1786685100000,75.77,75.85,75.76,75.83,137.0,137.15,10400.3657,1
1786685400000,75.81,75.88,75.81,75.86,1707.0,1707.97,129551.2376,1
1786685700000,75.85,75.92,75.83,75.9,176.0,176.12,13368.0528,1
1786686000000,75.9,75.95,75.9,75.9,304.0,304.43,23116.0532,1
1786686300000,75.88,75.89,75.83,75.83,166.0,166.57,12633.8986,1
1786686600000,75.83,75.88,75.82,75.87,368.0,368.46,27943.3118,1
1786686900000,75.88,75.92,75.87,75.88,66.0,66.84,5072.837,1
1786687200000,75.88,75.88,75.76,75.78,207.0,207.15,15703.1058,1
1786687500000,75.78,75.8,75.78,75.79,74.0,74.92,5677.5699,1
1786687800000,75.79,75.79,75.73,75.73,79.0,79.25,6003.1747,1
1786688100000,75.73,75.73,75.64,75.66,185.0,185.4,14031.3629,1
1786688400000,75.64,75.65,75.6,75.6,3118.0,3118.14,235880.6888,1
1786688700000,75.6,75.61,75.57,75.57,119.0,119.4,9025.7816,1
1786689000000,75.57,75.66,75.57,75.6,175.0,175.74,13288.0279,1
1786689300000,75.6,75.63,75.57,75.63,1037.0,1037.59,78447.3956,1
1786689600000,75.64,75.64,75.6,75.61,188.0,188.53,14257.7038,1
1786689900000,75.61,75.66,75.54,75.56,1734.0,1734.31,131033.8612,1
1786690200000,75.56,75.63,75.5,75.52,1182.0,1182.67,89356.016,1
1786690500000,75.53,75.57,75.5,75.5,661.0,661.71,49962.6375,1
1786690800000,75.47,75.56,75.46,75.56,4961.0,4961.84,374514.5453,1
1786691100000,75.56,75.61,75.48,75.53,242.0,242.88,18351.0282,1
1786691400000,75.54,75.62,75.51,75.61,2073.0,2073.65,156635.9568,1
1786691700000,75.61,75.66,75.6,75.63,315.0,315.27,23842.6517,1
1786692000000,75.64,75.65,75.61,75.65,26.0,26.01,1967.394,1
1786692300000,75.65,75.69,75.64,75.65,440.0,440.25,33309.1077,1
1786692600000,75.65,75.65,75.56,75.58,99.0,99.23,7501.1481,1
1786692900000,75.58,75.61,75.5,75.5,84.0,84.42,6380.0983,1
1786693200000,75.5,75.58,75.5,75.57,14.0,14.58,1101.5072,1
1786693500000,75.56,75.6,75.53,75.6,605.0,605.85,45789.046,1
1786693800000,75.6,75.6,75.56,75.58,51.0,51.98,3928.5496,1
1786694100000,75.58,75.61,75.54,75.54,63.0,63.97,4835.3808,1
1786694400000,75.54,75.59,75.54,75.55,1384.0,1384.66,104637.2338,1
1786694700000,75.55,75.61,75.55,75.61,168.0,168.09,12707.8285,1
1786695000000,75.61,75.63,75.59,75.61,790.0,790.46,59774.827,1
1786695300000,75.61,75.68,75.6,75.6,460.0,460.19,34803.2898,1
1786695600000,75.6,75.65,75.53,75.53,326.0,326.35,24664.1773,1
1786695900000,75.53,75.62,75.53,75.62,469.0,469.1,35452.6531,1
1786696200000,75.62,75.74,75.61,75.73,528.0,528.04,39941.9854,1
1786696500000,75.74,75.83,75.74,75.78,836.0,836.9,63438.5451,1
1786696800000,75.77,75.77,75.67,75.68,126.0,126.05,9543.2238,1
1786697100000,75.67,75.8,75.66,75.78,828.0,828.64,62755.2686,1
1786697400000,75.77,75.79,75.76,75.76,83.0,83.54,6330.5512,1
1786697700000,75.76,75.82,75.76,75.81,160.0,160.77,12188.6507,1
1786698000000,75.82,75.83,75.74,75.75,105.0,105.01,7957.9522,1
1786698300000,75.75,75.75,75.72,75.73,24.0,24.1,1825.0543,1
1786698600000,75.72,75.78,75.7,75.77,2408.0,2408.97,182525.9461,1
1786698900000,75.77,75.79,75.77,75.78,694.0,694.26,52611.1606,1
1786699200000,75.78,75.78,75.73,75.73,217.0,217.22,16452.6629,1
1786699500000,75.73,75.77,75.66,75.66,406.0,406.12,30750.0924,1
1786699800000,75.66,75.67,75.6,75.65,432.0,432.02,32673.3217,1
1786700100000,75.65,75.66,75.52,75.52,346.0,346.97,26232.5542,1
1786700400000,75.52,75.53,75.39,75.41,7412.0,7412.34,559377.8409,1
1786700700000,75.42,75.46,75.41,75.44,722.0,722.96,54532.269,1
1786701000000,75.46,75.53,75.43,75.53,590.0,590.71,44608.7554,1
1786701300000,75.52,75.53,75.44,75.44,363.0,363.71,27454.9638,1
1786701600000,75.44,75.53,75.41,75.53,343.0,343.54,25924.6966,1
1786701900000,75.53,75.55,75.5,75.52,905.0,905.28,68367.7969,1
1786702200000,75.52,75.56,75.51,75.54,505.0,505.03,38151.5997,1
1786702500000,75.52,75.61,75.52,75.53,1184.0,1184.65,89526.5842,1
1786702800000,75.52,75.53,75.46,75.47,203.0,203.23,15342.195,1
1786703100000,75.47,75.49,75.43,75.49,360.0,360.82,27224.6639,1
1786703400000,75.49,75.53,75.47,75.51,422.0,422.52,31900.9628,1
1786703700000,75.5,75.53,75.46,75.48,159.0,159.35,12027.3932,1
1786704000000,75.48,75.48,75.45,75.46,85.0,85.37,6442.2685,1
1786704300000,75.45,75.45,75.38,75.42,553.0,553.33,41731.4728,1
1786704600000,75.42,75.49,75.41,75.43,681.0,681.42,51406.6258,1
1786704900000,75.43,75.5,75.32,75.34,2319.0,2319.67,174773.0338,1
1786705200000,75.35,75.49,75.34,75.46,533.0,533.65,40253.6334,1
1786705500000,75.45,75.47,75.38,75.45,2218.0,2218.02,167243.6057,1
1786705800000,75.45,75.48,75.4,75.44,492.0,492.95,37182.3589,1
1786706100000,75.44,75.54,75.41,75.53,753.0,753.87,56891.072,1
1786706400000,75.53,75.54,75.47,75.47,368.0,368.75,27846.7339,1
1786706700000,75.47,75.51,75.45,75.51,921.0,921.19,69545.247,1
1786707000000,75.51,75.51,75.47,75.5,64.0,64.8,4891.1465,1
1786707300000,75.49,75.55,75.49,75.5,504.0,504.38,38082.4798,1
1786707600000,75.5,75.5,75.45,75.5,808.0,808.21,60989.0336,1
1786707900000,75.51,75.52,75.45,75.46,1576.0,1576.59,118961.1685,1
1786708200000,75.46,75.51,75.46,75.51,560.0,560.38,42289.8003,1
1786708500000,75.51,75.52,75.48,75.49,838.0,838.4,63308.5308,1
1786708800000,75.48,75.51,75.44,75.49,307.0,307.6,23217.3685,1
1786709100000,75.49,75.52,75.45,75.45,267.0,267.91,20226.6856,1
1786709400000,75.45,75.45,75.29,75.37,856.0,856.17,64509.251,1
1786709700000,75.37,75.42,75.36,75.36,137.0,137.64,10377.6228,1
1786710000000,75.36,75.48,75.36,75.47,166.0,166.89,12584.3781,1
1786710300000,75.47,75.51,75.43,75.5,191.0,191.0,14416.5849,1
1786710600000,75.5,75.56,75.47,75.49,463.0,463.71,35009.3837,1
1786710900000,75.49,75.5,75.42,75.45,522.0,522.85,39456.5548,1
1786711200000,75.45,75.45,75.41,75.41,67.0,67.69,5105.6833,1
1786711500000,75.41,75.42,75.35,75.4,260.0,260.41,19627.6169,1
1786711800000,75.4,75.46,75.36,75.43,220.0,220.04,16592.2664,1
1786712100000,75.43,75.46,75.4,75.42,159.0,159.56,12034.2057,1
1786712400000,75.42,75.44,75.35,75.38,620.0,620.83,46824.1538,1
1786712700000,75.38,75.42,75.34,75.37,1134.0,1134.87,85524.5507,1
1786713000000,75.36,75.42,75.3,75.41,1564.0,1564.57,117892.2091,1
1786713300000,75.41,75.42,75.26,75.29,1029.0,1029.6,77529.3982,1
1786713600000,75.29,75.36,75.28,75.36,1446.0,1446.83,109029.1542,1
1786713900000,75.36,75.42,75.3,75.33,1287.0,1287.53,97066.4706,1
1786714200000,75.33,75.33,75.21,75.33,3939.0,3939.81,296566.0435,1
1786714500000,75.35,75.35,75.25,75.3,1282.0,1282.01,96534.0939,1
1786714800000,75.3,75.36,75.28,75.35,555.0,555.54,41848.2166,1
1786715100000,75.34,75.39,75.3,75.34,2515.0,2515.22,189542.8951,1
1786715400000,75.32,75.35,75.25,75.25,2616.0,2616.99,197000.787,1
1786715700000,75.28,75.31,75.26,75.3,292.0,292.5,22024.2261,1
1786716000000,75.33,75.37,75.25,75.32,1995.0,1995.32,150329.7109,1
1786716300000,75.32,75.37,75.26,75.26,554.0,554.39,41736.9273,1
1786716600000,75.26,75.37,75.17,75.18,1125.0,1125.94,84704.3544,1
1786716900000,75.18,75.22,75.12,75.14,1817.0,1817.56,136626.253,1
1786717200000,75.11,75.15,75.03,75.08,1589.0,1589.63,119340.816,1
1786717500000,75.08,75.21,75.05,75.19,2864.0,2864.34,215248.4512,1
1786717800000,75.2,75.25,75.16,75.23,1502.0,1502.71,113011.5684,1
1786718100000,75.24,75.37,75.23,75.33,2160.0,2160.65,162754.3593,1
1786718400000,75.34,75.35,75.28,75.28,971.0,971.56,73173.5196,1
1786718700000,75.29,75.34,75.29,75.29,1396.0,1396.81,105199.0305,1
1786719000000,75.3,75.3,75.21,75.29,6555.0,6555.81,493400.0545,1
1786719300000,75.29,75.29,75.14,75.23,835.0,835.54,62840.6998,1
1786719600000,75.21,75.25,75.15,75.15,221.0,221.63,16671.7679,1
1786719900000,75.15,75.26,75.15,75.17,1322.0,1322.02,99445.4158,1
1786720200000,75.17,75.25,75.17,75.23,319.0,319.18,24008.9349,1
1786720500000,75.26,75.26,75.19,75.22,594.0,594.15,44689.872,1
1786720800000,75.22,75.33,75.22,75.33,1524.0,1524.02,114779.5322,1
1786721100000,75.33,75.5,75.28,75.5,1819.0,1819.46,137244.994,1
1786721400000,75.5,75.55,75.38,75.51,2346.0,2346.99,177175.789,1
1786721700000,75.5,75.71,75.5,75.69,4922.0,4922.59,372103.6259,1
1786722000000,75.69,75.69,75.62,75.67,2516.0,2516.07,190343.6148,1
1786722300000,75.69,75.72,75.64,75.64,2065.0,2065.0,156288.9617,1
1786722600000,75.64,75.68,75.62,75.68,4310.0,4310.5,326066.0238,1
1786722900000,75.68,75.72,75.63,75.63,840.0,840.2,63582.5717,1
1786723200000,75.6,75.64,75.58,75.6,1297.0,1297.76,98123.1692,1
1786723500000,75.57,75.59,75.54,75.57,717.0,717.25,54205.199,1
1786723800000,75.58,75.65,75.57,75.6,527.0,527.84,39907.7806,1
1786724100000,75.6,75.63,75.57,75.57,278.0,278.39,21042.131,1
1786724400000,75.57,75.58,75.51,75.52,545.0,545.45,41200.3522,1
1786724700000,75.52,75.57,75.5,75.52,1625.0,1625.1,122761.8344,1
1786725000000,75.52,75.58,75.51,75.56,888.0,888.22,67099.7498,1
1786725300000,75.56,75.63,75.56,75.59,3219.0,3219.64,243331.0896,1
1786725600000,75.59,75.62,75.52,75.54,384.0,384.09,29026.4667,1
1786725900000,75.54,75.54,75.42,75.47,3349.0,3349.2,252711.5055,1
1786726200000,75.47,75.48,75.41,75.43,293.0,293.04,22109.1419,1
1786726500000,75.43,75.45,75.41,75.41,536.0,536.39,40460.3505,1
1786726800000,75.41,75.5,75.41,75.47,1273.0,1273.93,96145.3023,1
1786727100000,75.48,75.48,75.41,75.41,1012.0,1012.84,76447.6937,1
1786727400000,75.41,75.51,75.4,75.5,680.0,680.07,51318.8671,1
1786727700000,75.5,75.58,75.48,75.57,5342.0,5342.96,403427.4113,1
1786728000000,75.57,75.62,75.54,75.6,294.0,294.01,22224.7437,1
1786728300000,75.6,75.61,75.54,75.55,187.0,187.61,14178.3949,1
1786728600000,75.55,75.61,75.54,75.59,580.0,580.55,43872.8307,1
1786728900000,75.59,75.59,75.47,75.47,1159.0,1159.15,87609.5731,1
1786729200000,75.47,75.49,75.37,75.39,1348.0,1348.27,101696.7163,1
1786729500000,75.41,75.43,75.39,75.4,2220.0,2220.94,167513.1437,1
1786729800000,75.4,75.41,75.24,75.29,4578.0,4578.24,344653.8611,1
1786730100000,75.27,75.27,75.11,75.23,3364.0,3364.14,252959.4055,1
1786730400000,75.24,75.25,75.03,75.11,879.0,879.66,66083.67,1
1786730700000,75.12,75.17,75.05,75.05,798.0,798.38,59951.5501,1
1786731000000,75.06,75.13,74.91,75.0,5274.0,5274.69,395416.1452,1
1786731300000,75.01,75.1,75.0,75.09,2322.0,2322.05,174262.7777,1
1786731600000,75.1,75.14,75.07,75.12,1573.0,1573.59,118200.4473,1
1786731900000,75.14,75.21,75.11,75.11,270.0,270.42,20326.6686,1
1786732200000,75.11,75.11,74.99,75.01,3573.0,3573.99,268227.4042,1
1786732500000,75.02,75.15,75.02,75.13,404.0,404.44,30366.904,1
1786732800000,75.12,75.15,75.05,75.09,140.0,140.19,10530.1761,1
1786733100000,75.09,75.09,74.88,74.94,2384.0,2384.36,178686.2312,1
1786733400000,74.95,74.97,74.9,74.94,1320.0,1320.79,98964.6743,1
1786733700000,74.94,74.98,74.91,74.91,193.0,193.23,14480.1106,1
1786734000000,74.91,74.91,74.71,74.76,3211.0,3211.6,240198.1239,1
1786734300000,74.76,74.81,74.69,74.77,1024.0,1024.56,76555.47,1
1786734600000,74.76,74.77,74.67,74.67,1683.0,1683.8,125817.1375,1
1786734900000,74.66,74.73,74.61,74.69,2495.0,2495.65,186317.5594,1
1786735200000,74.69,74.79,74.68,74.73,1041.0,1041.74,77876.0745,1
1786735500000,74.73,74.81,74.71,74.78,1959.0,1959.03,146462.2079,1
1786735800000,74.78,74.84,74.74,74.84,1153.0,1153.87,86293.2024,1
1786736100000,74.84,74.9,74.84,74.87,343.0,343.55,25721.8283,1
1786736400000,74.87,74.99,74.87,74.99,1472.0,1472.86,110373.2266,1
1786736700000,75.0,75.04,74.99,75.03,923.0,923.69,69277.9597,1
1786737000000,75.0,75.04,74.98,75.0,207.0,207.86,15590.7837,1
1786737300000,75.01,75.04,74.96,74.96,646.0,646.6,48501.1395,1
1786737600000,74.95,75.05,74.93,75.03,637.0,637.32,47795.3279,1
1786737900000,75.05,75.14,75.05,75.11,1695.0,1695.16,127307.945,1
1786738200000,75.08,75.1,75.04,75.06,175.0,175.26,13154.3653,1
1786738500000,75.06,75.12,75.06,75.12,363.0,363.33,27283.5306,1
1786738800000,75.1,75.17,75.09,75.14,281.0,281.52,21159.1562,1
1786739100000,75.16,75.17,75.1,75.15,291.0,291.11,21878.0906,1
1786739400000,75.13,75.18,75.12,75.13,1879.0,1879.55,141270.0631,1
1786739700000,75.14,75.14,75.1,75.14,41.0,41.07,3085.1277,1
1786740000000,75.14,75.2,75.14,75.17,1456.0,1456.73,109504.2699,1
1786740300000,75.17,75.17,75.11,75.14,164.0,164.3,12347.4111,1
1786740600000,75.16,75.16,75.1,75.11,80.0,80.42,6039.8622,1
1786740900000,75.1,75.1,75.09,75.09,1600.0,1600.4,120175.1641,1
1786741200000,75.11,75.16,75.08,75.16,344.0,344.64,25886.3756,1
1786741500000,75.17,75.17,75.1,75.1,1961.0,1961.5,147349.0131,1
1786741800000,75.1,75.12,75.05,75.08,1338.0,1338.27,100467.0411,1
1786742100000,75.08,75.15,75.08,75.12,2160.0,2160.03,162293.1388,1
1786742400000,75.12,75.19,75.08,75.19,467.0,467.61,35130.7543,1
1786742700000,75.19,75.19,75.15,75.16,446.0,446.02,33529.5793,1
1786743000000,75.16,75.17,75.13,75.13,245.0,245.29,18436.1105,1
1786743300000,75.13,75.16,75.1,75.13,378.0,378.55,28447.8426,1
1786743600000,75.15,75.15,75.09,75.1,212.0,212.35,15952.9929,1
1786743900000,75.1,75.16,75.08,75.16,418.0,418.9,31471.1013,1
1786744200000,75.16,75.17,75.07,75.07,415.0,415.74,31241.7978,1
1786744500000,75.07,75.14,75.07,75.14,42.0,42.69,3206.7258,1
1786744800000,75.14,75.23,75.08,75.22,311.0,311.18,23393.1976,1
1786745100000,75.23,75.24,75.14,75.15,237.0,237.79,17880.568,1
1786745400000,75.15,75.17,75.08,75.11,181.0,181.68,13644.2163,1
1786745700000,75.09,75.1,74.98,75.05,694.0,694.91,52134.5032,1
1786746000000,75.05,75.07,74.95,75.0,1100.0,1100.52,82564.99,1
1786746300000,75.0,75.01,74.93,74.93,372.0,372.54,27933.5089,1
1786746600000,74.94,75.04,74.94,75.04,1153.0,1153.56,86483.0927,1
1786746900000,75.04,75.05,75.03,75.04,42.0,42.35,3177.974,1
1786747200000,75.04,75.06,75.03,75.05,46.0,46.81,3512.9463,1
1786747500000,75.05,75.17,75.05,75.15,171.0,171.19,12861.504,1
1786747800000,75.15,75.15,75.11,75.14,34.0,34.32,2578.594,1
1786748100000,75.14,75.16,75.11,75.15,27.0,27.31,2052.1887,1
1786748400000,75.15,75.17,75.12,75.13,137.0,137.12,10303.2137,1
1786748700000,75.13,75.14,75.12,75.14,74.0,74.16,5571.2693,1
1786749000000,75.14,75.22,75.14,75.19,34.0,34.17,2569.1267,1
1786749300000,75.2,75.25,75.15,75.15,2881.0,2881.14,216728.535,1
1786749600000,75.18,75.29,75.17,75.29,1362.0,1362.91,102491.8631,1
1786749900000,75.29,75.31,75.24,75.28,1399.0,1399.37,105311.5032,1
1786750200000,75.29,75.31,75.24,75.24,1399.0,1399.56,105313.754,1
1786750500000,75.26,75.34,75.21,75.33,200.0,200.51,15091.5462,1
1786750800000,75.33,75.38,75.32,75.34,149.0,149.62,11274.5601,1
1786751100000,75.33,75.36,75.33,75.34,37.0,37.26,2807.1378,1
1786751400000,75.34,75.36,75.31,75.34,876.0,876.46,66007.5053,1
1786751700000,75.34,75.38,75.33,75.35,417.0,417.11,31440.438,1
1786752000000,75.35,75.38,75.34,75.35,81.0,81.12,6113.2803,1
1786752300000,75.34,75.39,75.34,75.37,181.0,181.43,13671.7668,1
1786752600000,75.35,75.37,75.31,75.33,532.0,532.54,40111.0919,1
1786752900000,75.33,75.35,75.33,75.34,456.0,456.91,34423.6394,1
1786753200000,75.34,75.36,75.32,75.34,233.0,233.1,17565.8356,1
1786753500000,75.34,75.36,75.32,75.36,24.0,24.01,1809.1334,1
1786753800000,75.36,75.37,75.35,75.36,47.0,47.12,3550.9532,1
1786754100000,75.36,75.37,75.34,75.34,59.0,59.14,4456.4988,1
1786754400000,75.34,75.36,75.33,75.34,33.0,33.58,2529.8983,1
1786754700000,75.36,75.39,75.34,75.34,103.0,103.67,7814.494,1
1786755000000,75.34,75.36,75.33,75.33,46.0,46.01,3467.0132,1
1786755300000,75.35,75.35,75.3,75.31,78.0,78.14,5885.9698,1
1786755600000,75.33,75.34,75.31,75.31,68.0,68.97,5194.8772,1
1786755900000,75.29,75.29,75.26,75.29,810.0,810.64,61017.2274,1
1786756200000,75.3,75.38,75.3,75.35,45.0,45.84,3454.2507,1
1786756500000,75.35,75.37,75.31,75.35,188.0,188.21,14184.4327,1
1786756800000,75.35,75.42,75.34,75.41,202.0,202.26,15244.852,1
1786757100000,75.41,75.43,75.37,75.37,1080.0,1080.57,81482.9535,1
1786757400000,75.4,75.41,75.35,75.41,473.0,473.44,35683.3292,1
1786757700000,75.41,75.41,75.37,75.4,48.0,48.93,3689.205,1
1786758000000,75.4,75.4,75.37,75.38,327.0,327.01,24649.9664,1
1786758300000,75.38,75.4,75.36,75.36,8.0,8.18,616.5802,1
1786758600000,75.36,75.4,75.36,75.36,14.0,14.12,1064.3251,1
1786758900000,75.36,75.39,75.36,75.39,29.0,29.0,2185.8,1
1786759200000,75.39,75.43,75.35,75.43,995.0,995.49,75024.6272,1
1786759500000,75.43,75.45,75.41,75.41,2122.0,2122.18,160117.9999,1
1786759800000,75.4,75.42,75.4,75.41,33.0,33.65,2537.393,1
1786760100000,75.41,75.57,75.41,75.52,3130.0,3130.55,236334.4228,1
1786760400000,75.52,75.56,75.51,75.55,533.0,533.84,40324.2006,1
1786760700000,75.55,75.57,75.52,75.52,511.0,511.48,38627.7496,1
1786761000000,75.55,75.58,75.55,75.56,148.0,148.34,11210.8578,1
1786761300000,75.55,75.58,75.51,75.56,208.0,208.07,15720.502,1
1786761600000,75.56,75.63,75.55,75.59,89.0,89.91,6797.4085,1
1786761900000,75.59,75.62,75.54,75.56,283.0,283.85,21457.3639,1
1786762200000,75.56,75.6,75.53,75.57,186.0,186.37,14079.9964,1
1786762500000,75.57,75.63,75.57,75.62,343.0,343.17,25947.9024,1
1786762800000,75.62,75.65,75.59,75.62,1425.0,1425.43,107784.4989,1
1786763100000,75.62,75.67,75.62,75.65,127.0,127.24,9625.8289,1
1786763400000,75.65,75.66,75.63,75.64,1065.0,1065.64,80605.2335,1
1786763700000,75.64,75.67,75.63,75.63,1887.0,1887.08,142792.9658,1
1786764000000,75.63,75.63,75.59,75.6,83.0,83.85,6339.2929,1
1786764300000,75.6,75.6,75.57,75.58,67.0,67.14,5073.9832,1
1786764600000,75.58,75.61,75.54,75.54,275.0,275.97,20859.7873,1
1786764900000,75.54,75.54,75.47,75.48,99.0,99.92,7544.0615,1
1786765200000,75.48,75.49,75.46,75.47,91.0,91.09,6875.5423,1
1786765500000,75.46,75.46,75.44,75.44,95.0,95.47,7202.8483,1
1786765800000,75.44,75.44,75.39,75.42,1349.0,1349.32,101788.0245,1
1786766100000,75.43,75.43,75.39,75.39,16.0,16.95,1278.3473,1
1786766400000,75.39,75.43,75.39,75.43,110.0,110.49,8331.1176,1
1786766700000,75.43,75.43,75.35,75.4,231.0,231.09,17417.4957,1
1786767000000,75.4,75.44,75.39,75.44,203.0,203.46,15339.7549,1
1786767300000,75.44,75.47,75.44,75.47,76.0,76.29,5757.0946,1
1786767600000,75.47,75.51,75.47,75.51,881.0,881.43,66554.8375,1
1786767900000,75.51,75.57,75.51,75.53,457.0,457.63,34565.8498,1
1786768200000,75.53,75.54,75.5,75.5,516.0,516.23,38985.9757,1
1786768500000,75.5,75.53,75.5,75.5,15.0,15.0,1132.71,1
1786768800000,75.5,75.55,75.5,75.55,66.0,66.47,5021.2985,1
1786769100000,75.55,75.57,75.54,75.56,22.0,22.49,1699.0893,1
1786769400000,75.56,75.56,75.49,75.53,536.0,536.0,40484.73,1
1786769700000,75.53,75.53,75.49,75.49,269.0,269.32,20331.2632,1
1786770000000,75.49,75.51,75.45,75.45,54.0,54.66,4126.137,1
1786770300000,75.45,75.54,75.45,75.54,103.0,103.27,7796.3878,1
1786770600000,75.48,75.52,75.48,75.52,213.0,213.31,16108.3512,1
1786770900000,75.5,75.52,75.5,75.5,30.0,30.28,2286.3556,1
1786771200000,75.5,75.51,75.47,75.47,52.0,52.0,3925.3,1
1786771500000,75.47,75.47,75.45,75.45,36.0,36.11,2724.6995,1
1786771800000,75.45,75.46,75.43,75.43,232.0,232.34,17528.1644,1
1786772100000,75.43,75.43,75.32,75.32,140.0,140.3,10575.0637,1
1786772400000,75.32,75.37,75.28,75.37,2226.0,2226.95,167704.8676,1
1786772700000,75.37,75.37,75.34,75.35,64.0,64.6,4867.38,1
1786773000000,75.35,75.35,75.31,75.32,168.0,168.33,12678.4425,1
1786773300000,75.32,75.32,75.27,75.31,99.0,99.21,7470.8712,1
1786773600000,75.31,75.34,75.31,75.33,107.0,107.98,8132.6238,1
1786773900000,75.33,75.33,75.33,75.33,1.0,1.0,75.33,1
1786774200000,75.32,75.35,75.26,75.26,85.0,85.77,6460.5104,1
1786774500000,75.26,75.29,75.26,75.28,33.0,33.14,2495.0996,1
1786774800000,75.28,75.32,75.28,75.29,56.0,56.32,4240.4496,1
1786775100000,75.29,75.31,75.28,75.28,108.0,108.84,8194.6254,1
1786775400000,75.28,75.34,75.28,75.34,25.0,25.14,1893.7453,1
1786775700000,75.34,75.34,75.33,75.33,102.0,102.15,7694.9595,1
1786776000000,75.33,75.34,75.3,75.34,38.0,38.04,2865.1823,1
1786776300000,75.34,75.37,75.34,75.37,35.0,35.07,2642.5657,1
1786776600000,75.37,75.42,75.37,75.42,40.0,40.7,3068.5944,1
1786776900000,75.42,75.45,75.39,75.4,75.0,75.48,5692.8652,1
1786777200000,75.38,75.38,75.35,75.35,127.0,127.39,9602.2082,1
1786777500000,75.35,75.38,75.33,75.34,113.0,113.64,8563.6793,1
1786777800000,75.34,75.37,75.31,75.36,74.0,74.64,5622.9888,1
1786778100000,75.38,75.38,75.31,75.31,10.0,10.22,770.0864,1
1786778400000,75.31,75.31,75.27,75.29,240.0,240.03,18072.3778,1
1786778700000,75.29,75.31,75.28,75.29,17.0,17.02,1281.3958,1
1786779000000,75.28,75.28,75.23,75.23,826.0,826.83,62203.7964,1
1786779300000,75.23,75.27,75.22,75.26,795.0,795.04,59828.1375,1
1786779600000,75.26,75.26,75.24,75.24,18.0,18.02,1355.925,1
1786779900000,75.24,75.26,75.2,75.2,264.0,264.03,19856.8973,1
1786780200000,75.2,75.24,75.2,75.2,735.0,735.8,55339.7882,1
1786780500000,75.2,75.23,75.19,75.19,62.0,62.07,4667.714,1
1786780800000,75.19,75.2,75.12,75.19,709.0,709.47,53303.2325,1
1786781100000,75.16,75.2,75.15,75.18,101.0,101.09,7598.3855,1
1786781400000,75.17,75.18,75.14,75.18,24.0,24.57,1846.562,1
1786781700000,75.19,75.24,75.19,75.24,363.0,363.28,27319.122,1
1786782000000,75.24,75.27,75.24,75.27,77.0,77.49,5831.2002,1
1786782300000,75.27,75.27,75.23,75.23,37.0,37.29,2805.3434,1
1786782600000,75.23,75.24,75.13,75.13,286.0,286.55,21548.6972,1
1786782900000,75.13,75.13,75.1,75.13,807.0,807.15,60625.5701,1
1786783200000,75.1,75.11,75.09,75.11,710.0,710.84,53382.0165,1
1786783500000,75.11,75.13,75.1,75.13,1795.0,1795.16,134844.949,1
1786783800000,75.13,75.13,75.05,75.05,490.0,490.39,36809.9154,1
1786784100000,75.05,75.07,75.03,75.05,321.0,321.33,24112.7364,1
1786784400000,75.06,75.06,75.02,75.04,888.0,888.46,66671.1613,1
1786784700000,75.03,75.07,75.01,75.07,1022.0,1022.35,76710.4195,1
1786785000000,75.07,75.1,75.06,75.07,123.0,123.95,9305.0488,1
1786785300000,75.07,75.11,75.06,75.11,72.0,72.91,5474.9373,1
1786785600000,75.11,75.12,75.09,75.12,420.0,420.46,31584.9252,1
1786785900000,75.12,75.15,75.12,75.14,20.0,20.6,1547.7441,1
1786786200000,75.14,75.15,75.13,75.14,10.0,10.14,761.9192,1
1786786500000,75.14,75.16,75.13,75.16,59.0,59.71,4486.7823,1
1786786800000,75.16,75.17,75.14,75.17,55.0,55.05,4137.5185,1
1786787100000,75.17,75.18,75.15,75.15,84.0,84.21,6329.9656,1
1786787400000,75.15,75.2,75.15,75.19,25.0,25.83,1941.7082,1
1786787700000,75.19,75.2,75.19,75.19,207.0,207.36,15593.3111,1
1786788000000,75.19,75.22,75.16,75.18,75.0,75.87,5703.3202,1
1786788300000,75.18,75.2,75.18,75.2,21.0,21.11,1587.4708,1
1786788600000,75.2,75.24,75.19,75.24,200.0,200.39,15075.3993,1
1786788900000,75.24,75.25,75.24,75.25,58.0,58.7,4417.136,1
1786789200000,75.25,75.31,75.25,75.26,401.0,401.88,30264.0052,1
1786789500000,75.28,75.28,75.27,75.27,263.0,263.48,19832.1798,1
1786789800000,75.25,75.29,75.24,75.26,349.0,349.45,26299.1184,1
1786790100000,75.26,75.26,75.22,75.24,434.0,434.92,32725.8313,1
1786790400000,75.25,75.26,75.22,75.22,24.0,24.35,1831.9769,1
1786790700000,75.22,75.26,75.22,75.24,19.0,19.31,1453.058,1
1786791000000,75.24,75.25,75.24,75.24,26.0,26.04,1959.3797,1
1786791300000,75.24,75.25,75.22,75.25,203.0,203.0,15275.49,1
1786791600000,75.25,75.25,75.22,75.22,10.0,10.61,798.1864,1
1786791900000,75.22,75.25,75.22,75.24,82.0,82.32,6194.0964,1
1786792200000,75.24,75.24,75.23,75.23,18.0,18.0,1354.14,1
1786792500000,75.23,75.26,75.23,75.23,25.0,25.93,1951.1779,1
1786792800000,75.23,75.23,75.21,75.21,14.0,14.0,1053.11,1
1786793100000,75.21,75.24,75.21,75.22,133.0,133.47,10041.8628,1
1786793400000,75.22,75.24,75.21,75.21,103.0,103.96,7820.4816,1
1786793700000,75.21,75.23,75.21,75.23,13.0,13.25,996.6729,1
1786794000000,75.23,75.24,75.21,75.24,128.0,128.66,9678.4836,1
1786794300000,75.24,75.25,75.18,75.18,33.0,33.19,2497.0975,1
1786794600000,75.18,75.21,75.17,75.21,170.0,170.17,12797.6697,1
1786794900000,75.21,75.22,75.21,75.22,37.0,37.0,2783.02,1
1786795200000,75.22,75.22,75.17,75.17,232.0,232.19,17454.4508,1
1786795500000,75.16,75.2,75.16,75.2,307.0,307.2,23091.6032,1
1786795800000,75.2,75.2,75.18,75.19,27.0,27.0,2030.03,1
1786796100000,75.19,75.21,75.18,75.21,133.0,133.93,10070.928,1
1786796400000,75.21,75.21,75.18,75.19,56.0,56.58,4254.3518,1
1786796700000,75.19,75.19,75.18,75.18,293.0,293.85,22093.1629,1
1786797000000,75.18,75.18,75.17,75.17,143.0,143.5,10786.895,1
1786797300000,75.17,75.2,75.17,75.19,12.0,12.0,902.29,1
1786797600000,75.19,75.23,75.19,75.23,29.0,29.41,2211.922,1
1786797900000,75.22,75.23,75.2,75.23,3499.0,3499.36,263208.962,1
1786798200000,75.23,75.23,75.2,75.21,137.0,137.18,10317.2527,1
1786798500000,75.21,75.38,75.21,75.38,541.0,541.08,40750.3532,1
1786798800000,75.38,75.45,75.36,75.45,1256.0,1256.5,94748.413,1
1786799100000,75.45,75.45,75.4,75.42,1063.0,1063.35,80193.9367,1
1786799400000,75.41,75.44,75.41,75.44,1073.0,1073.15,80927.4816,1
1786799700000,75.44,75.44,75.39,75.41,294.0,294.17,22184.4824,1
1786800000000,75.41,75.43,75.4,75.42,815.0,815.48,61510.5957,1
1786800300000,75.42,75.43,75.41,75.42,734.0,734.28,55385.887,1
1786800600000,75.43,75.51,75.43,75.49,2620.0,2620.96,197762.0202,1
1786800900000,75.49,75.51,75.48,75.51,128.0,128.03,9666.5361,1
1786801200000,75.51,75.53,75.49,75.52,404.0,404.78,30565.1081,1
1786801500000,75.52,75.53,75.49,75.53,337.0,337.81,25511.1993,1
1786801800000,75.49,75.51,75.48,75.51,586.0,586.25,44265.1374,1
1786802100000,75.51,75.52,75.5,75.52,526.0,526.72,39775.9436,1
1786802400000,75.52,75.52,75.49,75.51,616.0,616.78,46571.96,1
1786802700000,75.51,75.51,75.5,75.51,58.0,58.77,4437.3185,1
1786803000000,75.51,75.53,75.5,75.53,404.0,404.66,30558.6664,1
1786803300000,75.53,75.53,75.48,75.49,421.0,421.79,31848.1073,1
1786803600000,75.49,75.49,75.43,75.44,269.0,269.49,20331.5965,1
1786803900000,75.44,75.45,75.4,75.44,842.0,842.26,63536.8317,1
1786804200000,75.45,75.5,75.43,75.5,5009.0,5009.89,377913.9851,1
1786804500000,75.5,75.52,75.45,75.47,58.0,58.05,4382.0136,1
1786804800000,75.48,75.49,75.46,75.46,142.0,142.44,10749.8341,1
1786805100000,75.46,75.47,75.43,75.44,89.0,89.88,6780.8373,1
1786805400000,75.44,75.48,75.44,75.46,237.0,237.04,17888.1945,1
1786805700000,75.46,75.46,75.41,75.41,320.0,320.74,24190.4735,1
1786806000000,75.41,75.44,75.38,75.42,1468.0,1468.77,110737.7267,1
1786806300000,75.42,75.44,75.41,75.41,185.0,185.48,13990.9545,1
1786806600000,75.41,75.44,75.41,75.42,1203.0,1203.31,90757.2445,1
1786806900000,75.42,75.44,75.41,75.44,34.0,34.36,2591.2484,1
1786807200000,75.46,75.46,75.34,75.35,101.0,101.09,7620.0562,1
1786807500000,75.37,75.4,75.36,75.4,201.0,201.45,15188.1303,1
1786807800000,75.4,75.45,75.4,75.45,451.0,451.65,34070.841,1
1786808100000,75.45,75.47,75.45,75.47,151.0,151.48,11431.2538,1
1786808400000,75.47,75.49,75.46,75.46,127.0,127.98,9660.6294,1
1786808700000,75.46,75.47,75.46,75.47,69.0,69.14,5217.9758,1
1786809000000,75.47,75.48,75.47,75.47,99.0,99.09,7478.8223,1
1786809300000,75.47,75.48,75.45,75.48,54.0,54.86,4140.313,1
1786809600000,75.48,75.49,75.45,75.45,273.0,273.43,20633.2059,1
1786809900000,75.45,75.46,75.43,75.46,45.0,45.0,3395.46,1
1786810200000,75.46,75.47,75.39,75.39,125.0,125.06,9436.18,1
1786810500000,75.39,75.41,75.38,75.38,525.0,525.12,39585.2668,1
1786810800000,75.38,75.42,75.38,75.42,677.0,677.74,51099.362,1
1786811100000,75.44,75.47,75.44,75.47,23.0,23.0,1735.45,1
1786811400000,75.47,75.47,75.42,75.42,711.0,711.18,53658.32,1
1786811700000,75.42,75.43,75.4,75.42,143.0,143.0,10784.72,1
1786812000000,75.42,75.42,75.41,75.41,24.0,24.0,1809.96,1
1786812300000,75.41,75.44,75.41,75.42,20.0,20.5,1546.17,1
1786812600000,75.42,75.44,75.42,75.44,28.0,28.05,2115.691,1
1786812900000,75.44,75.45,75.44,75.44,278.0,278.87,21040.7328,1
1786813200000,75.44,75.49,75.44,75.49,186.0,186.98,14108.6032,1
1786813500000,75.49,75.51,75.49,75.5,131.0,131.41,9922.4511,1
1786813800000,75.51,75.54,75.51,75.53,95.0,95.66,7224.9619,1
1786814100000,75.53,75.61,75.53,75.59,2544.0,2544.98,192387.0098,1
1786814400000,75.59,75.6,75.5,75.5,1090.0,1090.02,82386.0028,1
1786814700000,75.49,75.53,75.49,75.51,185.0,185.95,14041.051,1
1786815000000,75.51,75.55,75.51,75.55,59.0,59.37,4484.6835,1
1786815300000,75.55,75.6,75.55,75.58,37.0,37.33,2821.5373,1
1786815600000,75.58,75.6,75.56,75.58,37.0,37.57,2839.4306,1
1786815900000,75.58,75.59,75.58,75.58,151.0,151.65,11461.8118,1
1786816200000,75.59,75.6,75.58,75.6,177.0,177.19,13392.4489,1
1786816500000,75.6,75.64,75.6,75.62,773.0,773.84,58531.7315,1
1786816800000,75.62,75.63,75.58,75.59,5141.0,5141.09,388632.4867,1
1786817100000,75.59,75.6,75.54,75.54,804.0,804.75,60823.9516,1
1786817400000,75.54,75.59,75.48,75.48,153.0,153.82,11613.9278,1
1786817700000,75.48,75.54,75.47,75.48,124.0,124.16,9372.8364,1
1786818000000,75.48,75.5,75.46,75.49,361.0,361.58,27292.2444,1
1786818300000,75.49,75.5,75.47,75.47,21.0,21.53,1624.9891,1
1786818600000,75.47,75.5,75.47,75.5,221.0,221.96,16755.5877,1
1786818900000,75.5,75.53,75.5,75.51,74.0,74.96,5661.3788,1
1786819200000,75.51,75.54,75.51,75.53,29.0,29.64,2238.6116,1
1786819500000,75.53,75.56,75.53,75.56,25.0,25.78,1947.6743,1
1786819800000,75.56,75.56,75.52,75.52,88.0,88.67,6697.3738,1
1786820100000,75.52,75.52,75.51,75.52,112.0,112.88,8524.2104,1
1786820400000,75.52,75.52,75.49,75.5,20.0,20.78,1568.7977,1
1786820700000,75.49,75.49,75.49,75.49,41.0,41.0,3095.09,1
1786821000000,75.49,75.53,75.48,75.49,302.0,302.8,22858.2598,1
1786821300000,75.49,75.49,75.48,75.48,32.0,32.92,2485.0108,1
1786821600000,75.48,75.51,75.48,75.51,119.0,119.77,9041.0139,1
1786821900000,75.51,75.51,75.5,75.5,25.0,25.06,1892.1287,1
1786822200000,75.5,75.51,75.5,75.5,23.0,23.15,1747.935,1
1786822500000,75.5,75.5,75.5,75.5,17.0,17.0,1283.5,1
1786822800000,75.5,75.5,75.49,75.49,389.0,389.94,29436.5706,1
1786823100000,75.49,75.52,75.48,75.52,1021.0,1021.87,77141.1376,1
1786823400000,75.52,75.52,75.5,75.51,145.0,145.65,10999.2367,1
1786823700000,75.51,75.52,75.51,75.52,23.0,23.32,1761.0432,1
1786824000000,75.52,75.52,75.51,75.52,93.0,93.4,7052.814,1
1786824300000,75.52,75.52,75.48,75.48,720.0,720.63,54419.3913,1
1786824600000,75.48,75.48,75.46,75.46,488.0,488.0,36827.44,1
1786824900000,75.46,75.48,75.41,75.48,779.0,779.11,58761.2464,1
1786825200000,75.48,75.48,75.37,75.37,249.0,249.64,18829.9868,1
1786825500000,75.37,75.42,75.37,75.42,117.0,117.07,8826.4117,1
1786825800000,75.42,75.42,75.4,75.41,128.0,128.0,9652.56,1
1786826100000,75.41,75.44,75.41,75.43,445.0,445.34,33591.5735,1
1786826400000,75.43,75.47,75.43,75.47,211.0,211.62,15969.9402,1
1786826700000,75.47,75.48,75.45,75.46,223.0,223.0,16828.07,1
1786827000000,75.46,75.46,75.46,75.46,354.0,354.42,26744.5332,1
1786827300000,75.46,75.51,75.45,75.49,75.0,75.21,5677.2091,1
1786827600000,75.49,75.49,75.49,75.49,71.0,71.97,5433.0153,1
1786827900000,75.49,75.51,75.49,75.5,634.0,634.26,47891.6121,1
1786828200000,75.5,75.52,75.5,75.52,51.0,51.06,3855.1848,1
1786828500000,75.52,75.53,75.52,75.52,43.0,43.02,3249.1586,1
1786828800000,75.52,75.59,75.52,75.59,399.0,399.12,30156.7276,1
1786829100000,75.59,75.63,75.59,75.62,36.0,36.57,2765.4268,1
1786829400000,75.62,75.63,75.61,75.63,460.0,460.77,34843.1353,1
1786829700000,75.6,75.63,75.6,75.62,491.0,491.97,37204.399,1
1786830000000,75.62,75.69,75.62,75.68,2490.0,2490.75,188456.3067,1
1786830300000,75.68,75.69,75.63,75.63,3311.0,3311.71,250598.8206,1
1786830600000,75.63,75.65,75.61,75.65,890.0,890.13,67334.1274,1
1786830900000,75.65,75.65,75.58,75.58,102.0,102.59,7756.2605,1
1786831200000,75.58,75.64,75.55,75.59,15257.0,15257.39,1153260.8258,1
1786831500000,75.59,75.61,75.59,75.61,32.0,32.28,2440.28,1
1786831800000,75.61,75.61,75.58,75.58,83.0,83.55,6315.6075,1
1786832100000,75.58,75.59,75.55,75.59,5092.0,5092.66,384789.4099,1
1786832400000,75.59,75.6,75.59,75.6,237.0,237.42,17946.6633,1
1786832700000,75.6,75.6,75.57,75.57,6154.0,6154.0,465120.2003,1
1786833000000,75.59,75.61,75.59,75.59,4157.0,4157.78,314287.6675,1
1786833300000,75.59,75.59,75.51,75.54,88.0,88.33,6673.3635,1
1786833600000,75.54,75.56,75.54,75.56,76.0,76.55,5783.6104,1
1786833900000,75.56,75.58,75.56,75.58,171.0,171.63,12970.5496,1
1786834200000,75.58,75.59,75.56,75.57,32.0,32.94,2489.3458,1
1786834500000,75.57,75.57,75.55,75.55,281.0,281.36,21256.7531,1
1786834800000,75.55,75.55,75.5,75.51,86.0,86.41,6524.9091,1
1786835100000,75.51,75.51,75.47,75.49,349.0,349.7,26395.3845,1
1786835400000,75.49,75.49,75.32,75.41,13164.0,13164.8,991892.9633,1
1786835700000,75.4,75.4,75.38,75.4,98.0,98.57,7431.2815,1
1786836000000,75.4,75.4,75.33,75.34,859.0,859.48,64768.7453,1
1786836300000,75.33,75.33,75.31,75.33,85.0,85.93,6472.2765,1
1786836600000,75.32,75.33,75.28,75.29,1339.0,1339.73,100876.8916,1
1786836900000,75.29,75.34,75.29,75.34,402.0,402.02,30281.4197,1
1786837200000,75.34,75.34,75.3,75.31,27.0,27.0,2033.21,1
1786837500000,75.31,75.32,75.29,75.32,210.0,210.55,15854.9071,1
1786837800000,75.32,75.32,75.29,75.31,20.0,20.01,1506.733,1
1786838100000,75.31,75.32,75.29,75.31,46.0,46.8,3524.4947,1
1786838400000,75.29,75.31,75.27,75.3,118.0,118.16,8896.7064,1
1786838700000,75.3,75.3,75.23,75.28,913.0,913.15,68726.4591,1
1786839000000,75.28,75.31,75.27,75.3,352.0,352.42,26535.2398,1
1786839300000,75.3,75.31,75.3,75.31,19.0,19.77,1488.791,1
1786839600000,75.32,75.35,75.32,75.35,1689.0,1689.38,127286.624,1
1786839900000,75.35,75.39,75.34,75.36,527.0,527.98,39785.1463,1
1786840200000,75.36,75.41,75.36,75.38,255.0,255.77,19284.1307,1
1786840500000,75.38,75.39,75.37,75.39,38.0,38.0,2864.62,1
1786840800000,75.39,75.42,75.37,75.41,1435.0,1435.6,108215.3677,1
1786841100000,75.41,75.42,75.38,75.38,20.0,20.65,1557.211,1
1786841400000,75.38,75.4,75.36,75.39,113.0,113.24,8535.9696,1
1786841700000,75.39,75.46,75.39,75.44,347.0,347.2,26197.0317,1
1786842000000,75.43,75.43,75.39,75.43,499.0,499.12,37643.4177,1
1786842300000,75.43,75.45,75.38,75.38,182.0,182.44,13758.1106,1
1786842600000,75.37,75.37,75.33,75.35,56.0,56.97,4292.831,1
1786842900000,75.35,75.35,75.33,75.35,34.0,34.22,2578.4028,1
1786843200000,75.35,75.39,75.34,75.39,162.0,162.46,12244.6877,1
1786843500000,75.39,75.39,75.33,75.34,43.0,43.38,3268.2192,1
1786843800000,75.34,75.36,75.34,75.35,31.0,31.0,2335.78,1
1786844100000,75.35,75.35,75.28,75.29,309.0,309.2,23282.8802,1
1786844400000,75.29,75.41,75.29,75.41,1629.0,1629.98,122827.583,1
1786844700000,75.41,75.41,75.41,75.41,48.0,48.21,3635.5161,1
1786845000000,75.41,75.41,75.36,75.36,222.0,222.2,16749.6841,1
1786845300000,75.36,75.4,75.36,75.4,125.0,125.33,9446.3487,1
1786845600000,75.36,75.4,75.36,75.38,618.0,618.26,46600.3041,1
1786845900000,75.38,75.38,75.33,75.34,73.0,73.75,5556.385,1
1786846200000,75.34,75.34,75.28,75.28,1630.0,1630.6,122766.6002,1
1786846500000,75.28,75.29,75.23,75.29,270.0,270.35,20348.589,1
1786846800000,75.29,75.47,75.29,75.47,335.0,335.35,25297.8074,1
1786847100000,75.47,75.56,75.47,75.55,496.0,496.16,37479.9201,1
1786847400000,75.55,75.6,75.55,75.57,110.0,110.44,8347.065,1
1786847700000,75.57,75.6,75.56,75.56,817.0,817.66,61805.7344,1
1786848000000,75.58,75.62,75.57,75.62,91.0,91.61,6925.0937,1
1786848300000,75.62,75.62,75.53,75.54,371.0,371.41,28063.4083,1
1786848600000,75.54,75.54,75.5,75.52,32.0,32.54,2457.1768,1
1786848900000,75.52,75.54,75.52,75.53,21.0,21.36,1613.4208,1
1786849200000,75.54,75.56,75.53,75.56,97.0,97.34,7353.3836,1
1786849500000,75.56,75.58,75.56,75.58,348.0,348.21,26316.6206,1
1786849800000,75.58,75.6,75.57,75.57,105.0,105.5,7973.6279,1
1786850100000,75.57,75.61,75.57,75.61,198.0,198.97,15042.8215,1
1786850400000,75.61,75.61,75.55,75.56,28.0,28.87,2181.4872,1
1786850700000,75.56,75.57,75.54,75.54,71.0,71.69,5416.2284,1
1786851000000,75.55,75.57,75.55,75.56,210.0,210.69,15920.3596,1
1786851300000,75.56,75.57,75.56,75.57,10.0,10.35,782.146,1
1786851600000,75.57,75.57,75.54,75.55,48.0,48.0,3626.56,1
1786851900000,75.55,75.56,75.53,75.56,12.0,12.16,918.7048,1
1786852200000,75.56,75.57,75.53,75.53,96.0,96.23,7268.9184,1
1786852500000,75.53,75.55,75.53,75.55,529.0,529.0,39955.6,1
1786852800000,75.55,75.56,75.54,75.56,26.0,26.31,1987.8764,1
1786853100000,75.56,75.56,75.52,75.52,211.0,211.24,15953.5978,1
1786853400000,75.52,75.52,75.51,75.51,86.0,86.66,6544.275,1
1786853700000,75.51,75.54,75.49,75.54,221.0,221.63,16735.7777,1
1786854000000,75.54,75.54,75.51,75.54,2362.0,2362.53,178462.378,1
1786854300000,75.54,75.55,75.54,75.55,14.0,14.48,1093.8792,1
1786854600000,75.55,75.55,75.48,75.48,121.0,121.94,9205.4006,1
1786854900000,75.48,75.49,75.46,75.49,18.0,18.62,1405.1467,1
1786855200000,75.49,75.49,75.47,75.49,120.0,120.13,9066.9759,1
1786855500000,75.49,75.49,75.47,75.47,8.0,8.5,641.52,1
1786855800000,75.47,75.5,75.47,75.48,60.0,60.42,4561.02,1
1786856100000,75.48,75.48,75.42,75.42,115.0,115.18,8689.7754,1
1786856400000,75.42,75.42,75.37,75.4,363.0,363.32,27388.5154,1
1786856700000,75.4,75.42,75.39,75.42,14.0,14.18,1069.2502,1
1786857000000,75.42,75.47,75.42,75.47,128.0,128.16,9669.532,1
1786857300000,75.47,75.47,75.37,75.37,172.0,172.89,13040.2582,1
1786857600000,75.37,75.4,75.36,75.37,151.0,151.71,11434.6827,1
1786857900000,75.37,75.37,75.35,75.35,58.0,58.44,4403.8896,1
1786858200000,75.34,75.35,75.32,75.35,87.0,87.98,6628.2023,1
1786858500000,75.35,75.39,75.33,75.35,791.0,791.5,59642.315,1
1786858800000,75.35,75.35,75.32,75.33,238.0,238.0,17932.77,1
1786859100000,75.33,75.33,75.32,75.32,38.0,38.9,2930.2402,1
1786859400000,75.32,75.34,75.32,75.32,44.0,44.99,3389.2166,1
1786859700000,75.32,75.33,75.3,75.33,259.0,259.93,19574.6943,1
1786860000000,75.33,75.33,75.3,75.33,14.0,14.22,1071.046,1
1786860300000,75.33,75.33,75.32,75.33,5076.0,5076.97,382448.0601,1
1786860600000,75.33,75.34,75.27,75.29,629.0,629.95,47451.8159,1
1786860900000,75.3,75.31,75.25,75.27,371.0,371.86,27989.6304,1
1786861200000,75.29,75.29,75.24,75.24,1545.0,1545.53,116290.4846,1
1786861500000,75.24,75.32,75.24,75.32,298.0,298.82,22503.841,1
1786861800000,75.32,75.34,75.29,75.32,520.0,520.82,39228.009,1
1786862100000,75.32,75.36,75.31,75.36,1043.0,1043.53,78619.8395,1
1786862400000,75.36,75.39,75.36,75.39,87.0,87.43,6590.5997,1
1786862700000,75.39,75.48,75.39,75.41,297.0,297.61,22442.99,1
1786863000000,75.4,75.4,75.36,75.36,21.0,21.54,1623.4829,1
1786863300000,75.36,75.36,75.35,75.35,46.0,46.15,3477.6752,1
1786863600000,75.35,75.36,75.32,75.32,40.0,40.36,3040.9364,1
1786863900000,75.32,75.35,75.32,75.35,188.0,188.0,14165.8,1
1786864200000,75.35,75.38,75.35,75.38,400.0,400.97,30224.9386,1
1786864500000,75.38,75.38,75.38,75.38,41.0,41.5,3128.27,1
1786864800000,75.38,75.41,75.38,75.39,230.0,230.0,17339.92,1
1786865100000,75.39,75.42,75.39,75.39,427.0,427.8,32254.0566,1
1786865400000,75.39,75.4,75.39,75.39,16.0,16.12,1215.298,1
1786865700000,75.39,75.39,75.39,75.39,52.0,52.6,3965.514,1
1786866000000,75.4,75.4,75.37,75.37,73.0,73.82,5565.3024,1
1786866300000,75.37,75.38,75.37,75.37,22.0,22.38,1686.9754,1
1786866600000,75.37,75.39,75.37,75.38,437.0,437.93,33013.5768,1
1786866900000,75.38,75.42,75.38,75.42,29.0,29.16,2198.9414,1
1786867200000,75.4,75.42,75.38,75.38,284.0,284.63,21465.8294,1
1786867500000,75.38,75.39,75.37,75.39,25.0,25.61,1930.5057,1
1786867800000,75.39,75.39,75.36,75.36,54.0,54.62,4116.8271,1
1786868100000,75.36,75.4,75.36,75.4,19.0,19.9,1500.46,1
1786868400000,75.4,75.42,75.4,75.41,34.0,34.35,2590.457,1
1786868700000,75.41,75.42,75.39,75.4,124.0,124.46,9384.0874,1
1786869000000,75.4,75.43,75.4,75.43,26.0,26.91,2029.3313,1
1786869300000,75.43,75.45,75.42,75.42,518.0,518.0,39082.8643,1
1786869600000,75.42,75.42,75.41,75.41,3.0,3.0,226.24,1
1786869900000,75.41,75.41,75.41,75.41,7.0,7.0,527.87,1
1786870200000,75.41,75.41,75.4,75.4,17.0,17.0,1281.85,1
1786870500000,75.4,75.44,75.4,75.43,76.0,76.03,5735.0329,1
1786870800000,75.43,75.43,75.42,75.43,38.0,38.0,2866.33,1
1786871100000,75.43,75.43,75.39,75.39,362.0,362.12,27307.3092,1
1786871400000,75.39,75.41,75.39,75.41,134.0,134.27,10123.9717,1
1786871700000,75.41,75.41,75.39,75.39,179.0,179.0,13494.85,1
1786872000000,75.39,75.39,75.36,75.38,13.0,13.0,979.84,1
1786872300000,75.38,75.4,75.38,75.38,31.0,31.36,2364.3204,1
1786872600000,75.38,75.4,75.37,75.37,31.0,31.0,2336.88,1
1786872900000,75.37,75.4,75.37,75.4,10.0,10.0,753.96,1
1786873200000,75.4,75.4,75.24,75.27,1903.0,1903.41,143218.7845,1
1786873500000,75.27,75.28,75.23,75.28,2233.0,2233.88,168163.0969,1
1786873800000,75.28,75.33,75.28,75.29,694.0,694.67,52317.5898,1
1786874100000,75.29,75.29,75.27,75.28,1123.0,1123.54,84569.8724,1
1786874400000,75.28,75.28,75.25,75.25,844.0,844.16,63542.4895,1
1786874700000,75.25,75.26,75.22,75.26,227.0,227.1,17088.0111,1
1786875000000,75.26,75.27,75.18,75.18,3145.0,3145.41,236494.3093,1
1786875300000,75.17,75.19,75.14,75.17,1751.0,1751.29,131650.7317,1
1786875600000,75.17,75.18,75.16,75.16,27.0,27.01,2030.4017,1
1786875900000,75.16,75.19,75.16,75.18,550.0,550.15,41359.8155,1
1786876200000,75.18,75.18,75.14,75.18,189.0,189.38,14231.7945,1
1786876500000,75.18,75.2,75.16,75.2,227.0,227.93,17137.6867,1
1786876800000,75.2,75.2,75.17,75.17,1012.0,1012.18,76105.5706,1
1786877100000,75.17,75.23,75.17,75.23,705.0,705.11,53044.246,1
1786877400000,75.23,75.26,75.2,75.2,637.0,637.53,47963.0377,1
1786877700000,75.2,75.23,75.2,75.23,14.0,14.18,1066.6578,1
1786878000000,75.22,75.23,75.21,75.21,9.0,9.57,719.8397,1
1786878300000,75.21,75.22,75.21,75.22,40.0,40.0,3008.68,1
1786878600000,75.22,75.24,75.21,75.24,140.0,140.29,10554.7538,1
1786878900000,75.24,75.24,75.23,75.23,184.0,184.14,13852.8685,1
1786879200000,75.23,75.25,75.23,75.23,1156.0,1156.39,86995.5297,1
1786879500000,75.23,75.27,75.22,75.26,1310.0,1310.75,98607.84,1
1786879800000,75.26,75.26,75.21,75.21,290.0,290.28,21834.9288,1
1786880100000,75.21,75.24,75.21,75.24,57.0,57.35,4314.3118,1
1786880400000,75.24,75.24,75.22,75.22,23.0,23.77,1788.152,1
1786880700000,75.22,75.22,75.2,75.2,132.0,132.14,9937.6521,1
1786881000000,75.2,75.22,75.2,75.2,377.0,377.07,28358.996,1
1786881300000,75.2,75.25,75.18,75.25,134.0,134.33,10102.6097,1
1786881600000,75.25,75.25,75.23,75.23,60.0,60.02,4516.1843,1
1786881900000,75.23,75.23,75.22,75.22,149.0,149.43,11241.4889,1
1786882200000,75.22,75.22,75.2,75.2,83.0,83.0,6242.0392,1
1786882500000,75.2,75.21,75.17,75.2,868.0,868.83,65330.5114,1
1786882800000,75.2,75.22,75.19,75.22,151.0,151.32,11379.1631,1
1786883100000,75.22,75.24,75.21,75.24,28.0,28.32,2130.4662,1
1786883400000,75.24,75.25,75.19,75.22,827.0,827.05,62187.8962,1
1786883700000,75.22,75.23,75.22,75.22,381.0,381.56,28704.7212,1
1786884000000,75.22,75.22,75.18,75.18,544.0,544.51,40937.0572,1
1786884300000,75.18,75.19,75.17,75.19,72.0,72.18,5426.5284,1
1786884600000,75.19,75.19,75.17,75.18,771.0,771.02,57966.7968,1
1786884900000,75.18,75.19,75.17,75.17,27.0,27.48,2065.9521,1
1786885200000,75.17,75.22,75.17,75.21,40.0,40.44,3041.5024,1
1786885500000,75.21,75.27,75.21,75.27,212.0,212.73,16010.9198,1
1786885800000,75.27,75.29,75.27,75.28,574.0,574.47,43245.9736,1
1786886100000,75.28,75.34,75.28,75.33,1106.0,1106.29,83317.3382,1
1786886400000,75.33,75.33,75.32,75.32,122.0,122.71,9243.6743,1
1786886700000,75.32,75.37,75.32,75.37,454.0,454.84,34260.7252,1
1786887000000,75.37,75.37,75.33,75.33,36.0,36.66,2762.4716,1
1786887300000,75.33,75.35,75.29,75.34,279.0,279.33,21034.989,1
1786887600000,75.34,75.35,75.34,75.35,188.0,188.04,14168.804,1
1786887900000,75.35,75.35,75.3,75.31,82.0,82.78,6234.5622,1
1786888200000,75.31,75.32,75.3,75.3,35.0,35.34,2661.4046,1
1786888500000,75.3,75.3,75.27,75.28,18.0,18.92,1424.366,1
1786888800000,75.28,75.29,75.24,75.24,594.0,594.33,44727.8088,1
1786889100000,75.23,75.25,75.23,75.25,121.0,121.43,9135.6045,1
1786889400000,75.25,75.25,75.22,75.22,327.0,327.75,24655.1209,1
1786889700000,75.22,75.27,75.22,75.27,266.0,266.42,20048.2466,1
1786890000000,75.27,75.35,75.27,75.35,646.0,646.85,48721.7591,1
1786890300000,75.35,75.35,75.28,75.28,735.0,735.58,55403.2356,1
1786890600000,75.28,75.31,75.25,75.3,139.0,139.14,10473.0893,1
1786890900000,75.3,75.36,75.3,75.36,231.0,231.69,17457.0744,1
1786891200000,75.36,75.36,75.34,75.34,209.0,209.73,15802.0279,1
1786891500000,75.33,75.33,75.31,75.31,22.0,22.25,1675.6675,1
1786891800000,75.31,75.37,75.31,75.36,7.0,7.08,533.4388,1
1786892100000,75.36,75.37,75.34,75.36,655.0,655.93,49434.8482,1
1786892400000,75.36,75.4,75.34,75.4,205.0,205.55,15493.7006,1
1786892700000,75.4,75.4,75.38,75.39,227.0,227.9,17179.1304,1
1786893000000,75.39,75.42,75.39,75.4,296.0,296.8,22380.4475,1
1786893300000,75.4,75.46,75.4,75.44,2674.0,2674.89,201773.8416,1
1786893600000,75.44,75.48,75.42,75.47,2342.0,2342.88,176732.6539,1
1786893900000,75.47,75.55,75.47,75.54,1164.0,1164.06,87904.5492,1
1786894200000,75.55,75.55,75.51,75.51,251.0,251.79,19015.9633,1
1786894500000,75.51,75.54,75.5,75.54,1225.0,1225.99,92565.8637,1
1786894800000,75.54,75.54,75.48,75.48,48.0,48.93,3694.425,1
1786895100000,75.48,75.59,75.48,75.59,884.0,884.25,66801.6704,1
1786895400000,75.59,75.6,75.52,75.52,808.0,808.07,61070.9339,1
1786895700000,75.52,75.54,75.51,75.54,126.0,126.51,9554.4372,1
1786896000000,75.54,75.54,75.51,75.51,238.0,238.66,18026.0466,1
1786896300000,75.51,75.52,75.49,75.49,148.0,148.94,11244.9056,1
1786896600000,75.49,75.54,75.48,75.5,450.0,450.48,34008.3819,1
1786896900000,75.5,75.57,75.47,75.57,471.0,471.43,35616.0683,1
1786897200000,75.57,75.57,75.5,75.52,410.0,410.66,31023.9097,1
1786897500000,75.52,75.58,75.52,75.58,324.0,324.22,24494.0192,1
1786897800000,75.58,75.67,75.57,75.62,2572.0,2572.06,194545.5382,1
1786898100000,75.64,75.66,75.55,75.55,12613.0,12613.64,953269.9103,1
1786898400000,75.55,75.55,75.52,75.53,4069.0,4069.14,307302.2666,1
1786898700000,75.53,75.53,75.52,75.52,108.0,108.19,8170.9854,1
1786899000000,75.52,75.56,75.48,75.51,5114.0,5114.61,386200.9,1
1786899300000,75.51,75.54,75.51,75.53,818.0,818.93,61848.4095,1
1786899600000,75.53,75.54,75.5,75.54,1282.0,1282.95,96865.9481,1
1786899900000,75.54,75.57,75.54,75.54,3415.0,3415.0,258034.9386,1
1786900200000,75.52,75.54,75.5,75.5,2124.0,2124.09,160410.9773,1
1786900500000,75.5,75.52,75.44,75.44,147.0,147.59,11136.5651,1
1786900800000,75.44,75.49,75.44,75.46,602.0,602.3,45450.5141,1
1786901100000,75.46,75.46,75.38,75.42,380.0,380.22,28674.2528,1
1786901400000,75.42,75.43,75.38,75.38,688.0,688.67,51920.0321,1
1786901700000,75.38,75.4,75.37,75.38,4974.0,4974.95,375084.6541,1
1786902000000,75.37,75.37,75.3,75.31,1229.0,1229.01,92597.7816,1
1786902300000,75.29,75.31,75.28,75.3,287.0,287.47,21645.7297,1
1786902600000,75.3,75.32,75.29,75.32,97.0,97.34,7329.3586,1
1786902900000,75.32,75.32,75.23,75.24,2531.0,2531.14,190421.9619,1
1786903200000,75.23,75.27,75.21,75.22,13767.0,13767.58,1035900.9465,1
1786903500000,75.22,75.23,75.16,75.16,8170.0,8170.17,614165.1717,1
1786903800000,75.15,75.16,75.0,75.11,11127.0,11127.53,835451.7515,1
1786904100000,75.11,75.14,75.1,75.14,3652.0,3652.45,274303.3909,1
1786904400000,75.14,75.18,75.14,75.16,660.0,660.13,49619.0759,1
1786904700000,75.16,75.16,75.1,75.14,1104.0,1104.94,83016.0313,1
1786905000000,75.11,75.14,75.11,75.14,149.0,149.81,11256.2936,1
1786905300000,75.14,75.14,75.11,75.11,161.0,161.35,12121.9255,1
1786905600000,75.11,75.15,75.11,75.15,120.0,120.6,9063.0024,1
1786905900000,75.15,75.19,75.14,75.18,1181.0,1181.11,88800.5476,1
1786906200000,75.18,75.2,75.14,75.15,6017.0,6017.7,452311.1676,1
1786906500000,75.15,75.16,75.14,75.16,222.0,222.8,16741.5515,1
1786906800000,75.14,75.21,75.14,75.2,3735.0,3735.03,280701.7291,1
1786907100000,75.2,75.23,75.19,75.21,228.0,228.75,17206.463,1
1786907400000,75.2,75.24,75.2,75.22,1409.0,1409.23,106010.3884,1
1786907700000,75.22,75.26,75.22,75.26,270.0,270.56,20360.9467,1
1786908000000,75.26,75.29,75.26,75.28,2491.0,2491.55,187548.1418,1
1786908300000,75.28,75.31,75.28,75.31,65.0,65.11,4901.9597,1
1786908600000,75.31,75.31,75.26,75.28,354.0,354.07,26656.7186,1
1786908900000,75.28,75.3,75.28,75.3,1654.0,1654.93,124616.229,1
1786909200000,75.31,75.32,75.23,75.23,962.0,962.95,72492.6753,1
1786909500000,75.23,75.24,75.17,75.17,921.0,921.23,69294.6029,1
1786909800000,75.18,75.22,75.15,75.15,1880.0,1880.07,141351.7363,1
1786910100000,75.2,75.2,75.18,75.19,580.0,580.08,43616.812,1
1786910400000,75.19,75.19,75.16,75.16,372.0,372.02,27964.9634,1
1786910700000,75.16,75.28,75.16,75.22,392.0,392.64,29546.674,1
1786911000000,75.22,75.26,75.22,75.23,585.0,585.04,44013.352,1
1786911300000,75.23,75.23,75.22,75.23,135.0,135.82,10217.7373,1
1786911600000,75.23,75.26,75.22,75.24,369.0,369.89,27832.8496,1
1786911900000,75.24,75.24,75.18,75.21,272.0,272.12,20460.2904,1
1786912200000,75.21,75.23,75.21,75.23,300.0,300.38,22594.9447,1
1786912500000,75.23,75.23,75.13,75.13,231.0,231.44,17401.8926,1
1786912800000,75.13,75.13,75.01,75.1,6495.0,6495.48,487610.4207,1
1786913100000,75.1,75.11,75.07,75.1,391.0,391.76,29417.6162,1
1786913400000,75.1,75.1,74.94,75.02,5314.0,5314.55,398350.3217,1
1786913700000,75.02,75.02,74.97,74.99,676.0,676.84,50757.6015,1
1786914000000,74.97,74.97,74.89,74.97,692.0,692.03,51853.7603,1
1786914300000,74.97,74.99,74.85,74.96,710.0,710.5,53243.5161,1
1786914600000,74.96,75.04,74.95,75.0,5070.0,5070.6,380334.2455,1
1786914900000,74.96,75.04,74.96,75.0,422.0,422.81,31709.256,1
1786915200000,75.0,75.01,74.94,74.94,453.0,453.96,34034.9978,1
1786915500000,74.94,74.95,74.92,74.94,487.0,487.71,36552.7046,1
1786915800000,74.93,74.96,74.85,74.96,3733.0,3733.61,279502.9286,1
1786916100000,74.96,74.97,74.75,74.77,1465.0,1465.61,109615.2185,1
1786916400000,74.78,74.78,74.01,74.54,24175.0,24175.07,1797598.878,1
1786916700000,74.54,74.54,74.11,74.35,2464.0,2464.48,183115.6355,1
1786917000000,74.39,74.47,74.38,74.38,643.0,643.66,47903.7911,1
1786917300000,74.37,74.43,74.27,74.29,708.0,708.94,52699.8857,1
1786917600000,74.28,74.35,74.12,74.35,4590.0,4590.17,340669.2904,1
1786917900000,74.35,74.46,74.35,74.46,4460.0,4460.16,331761.7725,1
1786918200000,74.46,74.48,74.38,74.39,1655.0,1655.92,123180.3159,1
1786918500000,74.39,74.45,74.39,74.41,774.0,774.95,57671.0305,1
1786918800000,74.41,74.45,74.37,74.37,457.0,457.76,34055.6835,1
1786919100000,74.38,74.38,74.3,74.34,1562.0,1562.42,116125.7713,1
1786919400000,74.34,74.37,74.31,74.37,196.0,196.35,14597.1638,1
1786919700000,74.36,74.36,74.24,74.3,644.0,644.65,47899.5776,1
1786920000000,74.29,74.32,74.23,74.31,150.0,150.67,11190.4968,1
1786920300000,74.3,74.35,74.28,74.33,1076.0,1076.77,80039.4102,1
1786920600000,74.31,74.36,74.31,74.36,440.0,440.89,32783.4914,1
1786920900000,74.36,74.46,74.35,74.46,805.0,805.58,59961.7207,1
1786921200000,74.45,74.55,74.44,74.48,772.0,772.41,57545.6544,1
1786921500000,74.48,74.49,74.47,74.49,579.0,579.6,43167.2014,1
1786921800000,74.49,74.52,74.44,74.44,673.0,673.33,50168.7542,1
1786922100000,74.44,74.48,74.43,74.48,76.0,76.23,5675.6238,1
1786922400000,74.48,74.53,74.48,74.49,192.0,192.18,14319.4146,1
1786922700000,74.49,74.5,74.47,74.49,868.0,868.65,64708.5274,1
1786923000000,74.48,74.54,74.48,74.53,76.0,76.32,5685.7064,1
1786923300000,74.53,74.54,74.51,74.52,104.0,104.9,7817.4608,1
1786923600000,74.52,74.53,74.49,74.52,707.0,707.26,52703.8356,1
1786923900000,74.52,74.61,74.52,74.6,1340.0,1340.8,99991.3983,1
1786924200000,74.61,74.62,74.57,74.57,181.0,181.73,13555.6179,1
1786924500000,74.58,74.59,74.56,74.57,262.0,262.45,19573.2576,1
1786924800000,74.56,74.6,74.53,74.59,701.0,701.32,52297.1405,1
1786925100000,74.6,74.6,74.54,74.54,95.0,95.27,7103.4048,1
1786925400000,74.54,74.57,74.52,74.57,225.0,225.21,16785.9418,1
1786925700000,74.57,74.57,74.48,74.48,900.0,900.44,67098.4285,1
1786926000000,74.5,74.55,74.43,74.43,364.0,364.09,27128.3141,1
1786926300000,74.42,74.57,74.4,74.57,506.0,506.54,37710.8209,1
1786926600000,74.58,74.59,74.43,74.44,130.0,130.59,9729.6429,1
1786926900000,74.44,74.52,74.39,74.52,934.0,934.72,69576.6283,1
1786927200000,74.52,74.7,74.48,74.69,230.0,230.58,17204.1312,1
1786927500000,74.67,74.69,74.53,74.54,509.0,509.08,37979.2556,1
1786927800000,74.53,74.57,74.49,74.57,225.0,225.62,16811.5069,1
1786928100000,74.57,74.65,74.57,74.57,1237.0,1237.47,92312.6175,1
1786928400000,74.58,74.96,74.55,74.96,7316.0,7316.36,547891.47,1
1786928700000,74.95,75.09,74.9,74.95,2323.0,2323.72,174304.7555,1
1786929000000,74.94,74.94,74.86,74.9,621.0,621.02,46506.1495,1
1786929300000,74.86,75.17,74.86,75.06,3288.0,3288.77,246885.9292,1
1786929600000,75.09,75.24,75.07,75.16,1244.0,1244.85,93557.2041,1
1786929900000,75.19,75.21,75.18,75.19,1185.0,1185.71,89157.8103,1
1786930200000,75.21,75.32,75.17,75.21,1515.0,1515.94,114072.3001,1
1786930500000,75.21,75.21,75.12,75.14,1162.0,1162.51,87396.9191,1
1786930800000,75.14,75.24,75.14,75.23,274.0,274.26,20624.4249,1
1786931100000,75.23,75.24,75.14,75.23,441.0,441.81,33223.4791,1
1786931400000,75.23,75.23,75.1,75.1,238.0,238.08,17889.0448,1
1786931700000,75.1,75.1,75.05,75.05,428.0,428.82,32192.4514,1
1786932000000,75.07,75.13,75.06,75.07,123.0,123.64,9284.4043,1
1786932300000,75.07,75.08,75.03,75.04,146.0,146.67,11007.88,1
1786932600000,75.04,75.06,75.02,75.04,88.0,88.48,6639.4567,1
1786932900000,75.04,75.09,75.02,75.03,1400.0,1400.04,105077.6617,1
1786933200000,75.03,75.12,75.02,75.09,2212.0,2212.82,166182.9756,1
1786933500000,75.07,75.2,75.07,75.15,2130.0,2130.41,160199.7142,1
1786933800000,75.15,75.3,75.12,75.28,1419.0,1419.97,106879.4934,1
1786934100000,75.28,75.41,75.28,75.29,1939.0,1939.7,146108.4221,1
1786934400000,75.31,75.37,75.29,75.33,561.0,561.57,42308.9124,1
1786934700000,75.33,75.35,75.29,75.33,405.0,405.43,30537.523,1
1786935000000,75.34,75.55,75.34,75.41,1977.0,1977.29,149226.702,1
1786935300000,75.41,75.53,75.41,75.45,2188.0,2188.53,165142.8342,1
1786935600000,75.46,75.5,75.45,75.45,554.0,554.77,41864.7357,1
1786935900000,75.45,75.51,75.45,75.49,1902.0,1902.6,143580.9541,1
1786936200000,75.49,75.5,75.47,75.5,7270.0,7270.25,548783.4722,1
1786936500000,75.5,75.52,75.46,75.5,767.0,767.02,57891.2617,1
1786936800000,75.5,75.52,75.42,75.42,1290.0,1290.54,97386.1982,1
1786937100000,75.42,75.45,75.42,75.45,119.0,119.62,9022.2711,1
1786937400000,75.43,75.45,75.42,75.43,546.0,546.82,41246.9011,1
1786937700000,75.43,75.49,75.43,75.49,1043.0,1043.39,78726.3126,1
1786938000000,75.46,75.49,75.46,75.47,2261.0,2261.71,170681.3579,1
1786938300000,75.47,75.48,75.47,75.47,198.0,198.98,15017.4942,1
1786938600000,75.47,75.52,75.46,75.52,224.0,224.17,16918.9185,1
1786938900000,75.53,75.54,75.46,75.48,107.0,107.68,8131.0474,1
1786939200000,75.49,75.53,75.48,75.5,1682.0,1682.97,127064.445,1
1786939500000,75.5,75.55,75.5,75.54,96.0,96.09,7257.6205,1
1786939800000,75.54,75.58,75.54,75.56,360.0,360.79,27265.0126,1
1786940100000,75.56,75.57,75.49,75.49,710.0,710.57,53646.5389,1
1786940400000,75.49,75.53,75.49,75.49,611.0,611.12,46156.5246,1
1786940700000,75.49,75.5,75.46,75.5,24322.0,24322.73,1835693.6812,1
1786941000000,75.49,75.5,75.47,75.49,74.0,74.32,5610.301,1
1786941300000,75.49,75.53,75.48,75.53,1327.0,1327.29,100188.0098,1
1786941600000,75.53,75.53,75.45,75.45,345.0,345.83,26110.4616,1
1786941900000,75.45,75.51,75.45,75.51,121.0,121.66,9184.0366,1
1786942200000,75.51,75.52,75.5,75.5,39.0,39.29,2966.8679,1
1786942500000,75.5,75.52,75.5,75.52,434.0,434.71,32828.6783,1
1786942800000,75.52,75.53,75.49,75.49,58.0,58.6,4424.7803,1
1786943100000,75.49,75.5,75.41,75.43,636.0,636.94,48036.5469,1
1786943400000,75.43,75.48,75.42,75.48,343.0,343.56,25912.9142,1
1786943700000,75.48,75.51,75.48,75.5,362.0,362.86,27396.758,1
1786944000000,75.5,75.58,75.5,75.54,85.0,85.47,6457.7573,1
1786944300000,75.53,75.53,75.45,75.45,164.0,164.46,12413.1782,1
1786944600000,75.46,75.46,75.43,75.44,237.0,237.99,17955.2685,1
1786944900000,75.44,75.44,75.42,75.42,69.0,69.54,5245.1467,1
1786945200000,75.42,75.43,75.42,75.42,11.0,11.0,829.69,1
1786945500000,75.42,75.44,75.42,75.44,343.0,343.0,25872.6,1
1786945800000,75.44,75.46,75.44,75.45,144.0,144.33,10890.8018,1
1786946100000,75.45,75.46,75.38,75.38,1033.0,1033.15,77930.3925,1
1786946400000,75.38,75.42,75.33,75.42,1201.0,1201.14,90513.7641,1
1786946700000,75.42,75.43,75.41,75.41,60.0,60.05,4529.0962,1
1786947000000,75.41,75.45,75.41,75.42,954.0,954.9,72039.8591,1
1786947300000,75.42,75.49,75.42,75.48,290.0,290.36,21909.3937,1
1786947600000,75.48,75.55,75.45,75.45,169.0,169.24,12777.1759,1
1786947900000,75.45,75.45,75.42,75.45,447.0,447.05,33722.4564,1
1786948200000,75.45,75.47,75.44,75.47,87.0,87.48,6600.6887,1
1786948500000,75.47,75.51,75.47,75.51,169.0,169.35,12784.9536,1
1786948800000,75.51,75.58,75.51,75.58,306.0,306.85,23176.2985,1
1786949100000,75.58,75.93,75.58,75.88,10709.0,10709.65,811911.231,1
1786949400000,75.9,75.99,75.76,75.76,2652.0,2652.11,201256.1074,1
1786949700000,75.76,75.83,75.75,75.81,264.0,264.85,20070.4891,1
1786950000000,75.86,75.92,75.77,75.78,1786.0,1786.32,135468.0175,1
1786950300000,75.78,75.84,75.78,75.79,93.0,93.37,7078.9712,1
1786950600000,75.79,75.83,75.78,75.78,289.0,289.18,21927.5309,1
1786950900000,75.77,75.79,75.73,75.77,84.0,84.81,6425.5468,1
1786951200000,75.77,75.79,75.76,75.79,243.0,243.89,18478.4182,1
1786951500000,75.79,75.84,75.76,75.84,103.0,103.62,7853.3718,1
1786951800000,75.82,75.83,75.82,75.83,234.0,234.97,17815.9929,1
1786952100000,75.83,75.86,75.82,75.86,143.0,143.1,10854.6238,1
1786952400000,75.85,75.85,75.79,75.8,743.0,743.2,56363.1302,1
1786952700000,75.8,75.8,75.77,75.77,30.0,30.87,2339.4699,1
1786953000000,75.77,75.77,75.71,75.73,280.0,280.83,21263.1657,1
1786953300000,75.73,75.75,75.73,75.73,314.0,314.4,23810.117,1
1786953600000,75.77,75.77,75.65,75.65,427.0,427.85,32390.1629,1
1786953900000,75.65,75.65,75.49,75.5,415.0,415.43,31388.5306,1
1786954200000,75.5,75.53,75.45,75.51,1985.0,1985.47,149927.1683,1
1786954500000,75.51,75.53,75.45,75.47,136.0,136.62,10313.6356,1
1786954800000,75.47,75.47,75.35,75.37,865.0,865.56,65255.1174,1
1786955100000,75.37,75.4,75.3,75.36,538.0,538.61,40590.1933,1
1786955400000,75.37,75.43,75.35,75.35,448.0,448.74,33823.8095,1
1786955700000,75.35,75.35,75.28,75.3,148.0,148.41,11174.9431,1
1786956000000,75.32,75.33,75.26,75.27,189.0,189.62,14275.3286,1
1786956300000,75.27,75.3,75.23,75.23,2000.0,2000.9,150560.4208,1
1786956600000,75.23,75.23,75.18,75.18,2714.0,2714.66,204107.0665,1
1786956900000,75.17,75.26,75.15,75.19,2075.0,2075.82,156163.8548,1
1786957200000,75.19,75.22,75.19,75.21,200.0,200.79,15102.9639,1
1786957500000,75.21,75.35,75.21,75.32,10292.0,10292.37,774606.5606,1
1786957800000,75.32,75.37,75.31,75.35,610.0,610.75,46006.4774,1
1786958100000,75.35,75.38,75.32,75.32,221.0,221.76,16710.2304,1
1786958400000,75.32,75.32,75.25,75.27,502.0,502.53,37831.577,1
1786958700000,75.26,75.35,75.26,75.34,65.0,65.08,4901.7186,1
1786959000000,75.34,75.34,75.3,75.31,115.0,115.92,8730.3265,1
1786959300000,75.31,75.31,75.26,75.28,5051.0,5051.28,380326.6282,1
1786959600000,75.28,75.29,75.27,75.28,172.0,172.7,12999.9189,1
1786959900000,75.26,75.26,75.21,75.26,370.0,370.26,27848.4353,1
1786960200000,75.26,75.32,75.26,75.31,379.0,379.37,28571.6462,1
1786960500000,75.31,75.33,75.3,75.31,919.0,919.58,69256.8923,1
1786960800000,75.31,75.33,75.29,75.32,1191.0,1191.81,89760.0281,1
1786961100000,75.32,75.32,75.28,75.28,1321.0,1321.8,99544.4893,1
1786961400000,75.28,75.35,75.28,75.34,296.0,296.35,22324.0954,1
1786961700000,75.34,75.37,75.31,75.31,357.0,357.97,26968.128,1
1786962000000,75.31,75.31,75.29,75.3,120.0,120.59,9079.367,1
1786962300000,75.3,75.49,75.28,75.49,864.0,864.19,65170.4472,1
1786962600000,75.48,75.55,75.46,75.5,2173.0,2173.19,164060.4597,1
1786962900000,75.49,75.64,75.48,75.58,3906.0,3906.94,295162.042,1
1786963200000,75.58,75.74,75.58,75.72,2410.0,2410.54,182429.1966,1
1786963500000,75.75,75.77,75.7,75.71,3910.0,3910.91,296161.1211,1
1786963800000,75.72,75.72,75.68,75.68,408.0,408.62,30930.5898,1
1786964100000,75.68,75.74,75.68,75.74,543.0,543.02,41112.0794,1
1786964400000,75.74,75.75,75.71,75.74,1013.0,1013.01,76720.4501,1
1786964700000,75.76,75.77,75.75,75.75,1219.0,1219.57,92396.1932,1
1786965000000,75.75,75.75,75.7,75.7,270.0,270.34,20471.3668,1
1786965300000,75.69,75.71,75.66,75.7,800.0,800.17,60552.6622,1
1786965600000,75.7,75.75,75.7,75.74,323.0,323.78,24521.4246,1
1786965900000,75.74,75.74,75.72,75.73,243.0,243.87,18468.045,1
1786966200000,75.73,75.81,75.71,75.8,957.0,957.54,72580.926,1
1786966500000,75.79,75.8,75.76,75.8,2897.0,2897.38,219585.9773,1
1786966800000,75.8,75.81,75.78,75.78,1019.0,1019.95,77309.3544,1
1786967100000,75.78,75.89,75.78,75.82,2004.0,2004.17,152037.8704,1
1786967400000,75.79,75.79,75.7,75.71,302.0,302.51,22918.8571,1
1786967700000,75.71,75.71,75.63,75.65,917.0,917.39,69411.4535,1
1786968000000,75.65,75.67,75.59,75.59,1500.0,1500.6,113504.5845,1
1786968300000,75.59,75.59,75.5,75.53,509.0,509.18,38456.2791,1
1786968600000,75.54,75.6,75.54,75.59,414.0,414.55,31328.5255,1
1786968900000,75.58,75.58,75.48,75.52,4102.0,4102.56,309709.4861,1
1786969200000,75.52,75.55,75.51,75.53,857.0,857.55,64766.1985,1
1786969500000,75.51,75.51,75.37,75.37,1649.0,1649.6,124394.2047,1
1786969800000,75.37,75.46,75.37,75.41,520.0,520.92,39291.1304,1
1786970100000,75.41,75.44,75.35,75.36,739.0,739.5,55757.582,1
1786970400000,75.35,75.37,75.31,75.35,1071.0,1071.71,80758.1083,1
1786970700000,75.35,75.41,75.35,75.38,935.0,935.88,70558.7706,1
1786971000000,75.38,75.39,75.33,75.39,628.0,628.55,47366.9175,1
1786971300000,75.39,75.43,75.38,75.39,1015.0,1015.82,76587.9177,1
1786971600000,75.39,75.39,75.29,75.29,565.0,565.3,42581.94,1
1786971900000,75.29,75.35,75.28,75.33,253.0,253.13,19067.7729,1
1786972200000,75.33,75.37,75.33,75.36,5949.0,5949.32,448377.2455,1
1786972500000,75.36,75.36,75.29,75.3,2576.0,2576.4,194014.8242,1
1786972800000,75.29,75.32,75.29,75.3,3300.0,3300.48,248518.5697,1
1786973100000,75.29,75.3,75.25,75.27,3941.0,3941.3,296633.8057,1
1786973400000,75.26,75.69,75.26,75.6,4579.0,4579.61,345748.3451,1
1786973700000,75.6,75.71,75.59,75.59,4250.0,4250.68,321616.3578,1
1786974000000,75.62,75.73,75.61,75.61,4345.0,4345.64,328863.6088,1
1786974300000,75.6,75.69,75.52,75.69,2298.0,2298.89,173749.4712,1
1786974600000,75.68,75.69,75.57,75.58,967.0,967.43,73202.3564,1
1786974900000,75.57,75.62,75.52,75.57,813.0,813.75,61492.1541,1
1786975200000,75.57,75.59,75.52,75.53,955.0,955.64,72195.179,1
1786975500000,75.54,75.59,75.46,75.59,2752.0,2752.22,207912.2449,1
1786975800000,75.58,75.65,75.55,75.62,2600.0,2600.47,196684.3615,1
1786976100000,75.63,75.67,75.56,75.59,527.0,527.71,39921.3239,1
1786976400000,75.59,75.61,75.51,75.61,2438.0,2438.1,184279.873,1
1786976700000,75.61,75.61,75.54,75.59,731.0,731.65,55295.8941,1
1786977000000,75.59,75.67,75.54,75.67,428.0,428.18,32352.2789,1
1786977300000,75.68,75.69,75.58,75.58,1130.0,1130.04,85518.3943,1
1786977600000,75.58,75.66,75.58,75.64,480.0,480.04,36303.0291,1
1786977900000,75.64,75.79,75.58,75.78,2350.0,2350.41,178013.7455,1
1786978200000,75.78,76.0,75.78,75.82,2675.0,2675.63,203091.9151,1
1786978500000,75.84,75.97,75.84,75.93,754.0,754.52,57303.5174,1
1786978800000,75.96,75.96,75.86,75.87,577.0,577.36,43820.2085,1
1786979100000,75.87,75.98,75.82,75.88,547.0,547.47,41544.2857,1
1786979400000,75.88,75.95,75.81,75.83,6449.0,6449.16,489456.6791,1
1786979700000,75.82,75.88,75.77,75.77,382.0,382.7,29021.4928,1
1786980000000,75.77,75.83,75.77,75.77,376.0,376.34,28528.9221,1
1786980300000,75.78,75.94,75.78,75.9,663.0,663.93,50364.3009,1
1786980600000,75.9,75.92,75.83,75.83,1599.0,1599.16,121346.599,1
1786980900000,75.83,75.95,75.83,75.89,503.0,503.97,38243.5153,1
1786981200000,75.89,76.06,75.88,76.0,1505.0,1505.66,114452.9837,1
1786981500000,76.0,76.1,76.0,76.09,926.0,926.83,70496.7159,1
1786981800000,76.1,76.18,76.06,76.17,2422.0,2422.83,184423.0285,1
1786982100000,76.12,76.12,76.01,76.05,894.0,894.18,68016.444,1
1786982400000,76.07,76.07,75.99,75.99,2732.0,2732.83,207726.2232,1
1786982700000,75.99,76.09,75.99,76.01,395.0,395.81,30097.246,1
1786983000000,76.0,76.02,75.94,75.95,1817.0,1817.61,138060.6215,1
1786983300000,75.94,75.98,75.88,75.91,350.0,350.2,26584.4256,1
1786983600000,75.91,76.02,75.91,75.94,1163.0,1163.71,88423.1643,1
1786983900000,75.94,75.97,75.91,75.93,863.0,863.67,65609.2586,1
1786984200000,75.93,76.02,75.93,76.0,2447.0,2447.07,185877.1399,1
1786984500000,76.0,76.06,75.99,76.06,715.0,715.56,54399.8019,1
1786984800000,76.07,76.07,75.97,75.97,262.0,262.53,19958.3712,1
1786985100000,75.95,76.07,75.95,76.06,579.0,579.19,44016.3102,1
1786985400000,76.06,76.07,75.93,75.93,1607.0,1607.32,122183.283,1
1786985700000,75.93,75.98,75.93,75.96,97.0,97.52,7407.0885,1
1786986000000,75.98,75.99,75.87,75.87,192.0,192.94,14650.5552,1
1786986300000,75.86,75.91,75.85,75.85,733.0,733.11,55638.4156,1
1786986600000,75.85,75.86,75.76,75.76,1265.0,1265.51,95944.4617,1
1786986900000,75.75,76.0,75.73,75.95,2255.0,2255.76,171121.4852,1
1786987200000,75.98,76.08,75.98,76.0,1665.0,1665.8,126637.6995,1
1786987500000,75.98,75.98,75.85,75.85,2200.0,2200.28,167063.2361,1
1786987800000,75.85,75.85,75.76,75.76,2317.0,2317.65,175649.09,1
1786988100000,75.76,75.85,75.67,75.83,3011.0,3011.06,228027.8575,1
1786988400000,75.8,75.9,75.78,75.83,1036.0,1036.62,78625.8113,1
1786988700000,75.83,75.89,75.83,75.88,1782.0,1782.39,135237.1495,1
1786989000000,75.89,75.9,75.86,75.86,91.0,91.07,6910.1097,1
1786989300000,75.86,75.92,75.86,75.88,581.0,581.43,44128.3501,1
1786989600000,75.85,75.88,75.83,75.88,342.0,342.99,26018.3779,1
1786989900000,75.88,75.89,75.82,75.85,667.0,667.13,50595.5037,1
1786990200000,75.85,75.91,75.82,75.87,859.0,859.11,65167.9455,1
1786990500000,75.87,76.02,75.87,75.96,4862.0,4862.27,369314.1773,1
1786990800000,75.96,76.12,75.94,76.07,3510.0,3510.27,266864.8555,1
1786991100000,76.07,76.08,75.97,75.97,1079.0,1079.2,82071.5196,1
1786991400000,75.99,75.99,75.93,75.96,1309.0,1309.32,99432.0337,1
1786991700000,75.96,75.99,75.9,75.9,1021.0,1021.59,77591.3231,1
1786992000000,75.9,75.97,75.86,75.95,542.0,542.78,41196.7908,1
1786992300000,75.93,75.93,75.87,75.9,1499.0,1499.84,113818.17,1
1786992600000,75.91,75.95,75.88,75.88,735.0,735.61,55841.0727,1
1786992900000,75.88,75.88,75.84,75.86,776.0,776.83,58923.6917,1
1786993200000,75.86,75.86,75.79,75.8,1039.0,1039.75,78828.3887,1
1786993500000,75.8,75.83,75.79,75.82,1122.0,1122.07,85054.0734,1
1786993800000,75.82,75.84,75.74,75.75,1501.0,1501.69,113850.9527,1
1786994100000,75.75,75.8,75.74,75.76,431.0,431.43,32684.4318,1
1786994400000,75.73,75.8,75.73,75.8,312.0,312.05,23643.2277,1
1786994700000,75.8,75.86,75.79,75.82,220.0,220.89,16745.6126,1
1786995000000,75.83,75.83,75.72,75.72,118.0,118.22,8959.6595,1
1786995300000,75.72,75.81,75.72,75.81,417.0,417.47,31629.6088,1
1786995600000,75.81,75.91,75.81,75.87,363.0,363.04,27547.1527,1
1786995900000,75.86,75.86,75.81,75.81,691.0,691.56,52445.7959,1
1786996200000,75.79,75.79,75.74,75.74,264.0,264.37,20028.138,1
1786996500000,75.74,75.77,75.71,75.75,386.0,386.55,29277.6435,1
1786996800000,75.76,75.76,75.69,75.71,1270.0,1270.27,96179.7542,1
1786997100000,75.71,75.72,75.7,75.71,189.0,189.8,14370.3508,1
1786997400000,75.71,75.73,75.65,75.67,529.0,529.99,40102.87,1
1786997700000,75.67,75.67,75.59,75.61,2418.0,2418.63,182851.9053,1
1786998000000,75.61,75.71,75.59,75.71,784.0,784.33,59362.338,1
1786998300000,75.71,75.78,75.7,75.74,86.0,86.55,6555.4532,1
1786998600000,75.74,75.78,75.73,75.78,316.0,316.12,23948.1739,1
1786998900000,75.78,75.88,75.77,75.84,891.0,891.34,67578.5197,1
1786999200000,75.84,76.02,75.84,76.02,3062.0,3062.24,232624.4627,1
1786999500000,76.02,76.06,75.9,75.9,833.0,833.61,63335.729,1
1786999800000,75.9,75.94,75.88,75.94,368.0,368.5,27964.4206,1
1787000100000,75.92,75.98,75.92,75.97,470.0,470.36,35723.7202,1
1787000400000,75.97,76.02,75.96,75.99,271.0,271.64,20641.4735,1
1787000700000,75.99,75.99,75.95,75.99,537.0,537.16,40798.4951,1
1787001000000,75.99,76.0,75.86,75.9,541.0,541.63,41106.3532,1
1787001300000,75.9,75.96,75.89,75.89,333.0,333.85,25355.763,1
1787001600000,75.89,75.92,75.89,75.89,198.0,198.74,15084.2015,1
1787001900000,75.89,75.89,75.87,75.88,471.0,471.15,35754.9882,1
1787002200000,75.88,75.91,75.87,75.89,627.0,627.44,47607.2419,1
1787002500000,75.9,75.91,75.86,75.89,2008.0,2008.38,152440.9123,1
1787002800000,75.88,75.94,75.86,75.9,357.0,357.23,27105.889,1
1787003100000,75.9,75.94,75.9,75.9,343.0,343.51,26072.7223,1
1787003400000,75.9,75.92,75.9,75.92,486.0,486.02,36889.3782,1
1787003700000,75.92,75.94,75.9,75.92,21.0,21.57,1637.5734,1
1787004000000,75.95,75.98,75.9,75.9,103.0,103.03,7824.3538,1
1787004300000,75.9,75.9,75.86,75.88,57.0,57.55,4367.0298,1
1787004600000,75.88,75.88,75.82,75.84,137.0,137.04,10393.2471,1
1787004900000,75.84,75.84,75.79,75.8,171.0,171.19,12978.5535,1
1787005200000,75.8,75.84,75.78,75.83,589.0,589.0,44663.0076,1
1787005500000,75.82,75.82,75.78,75.78,424.0,424.02,32138.8507,1
1787005800000,75.77,75.77,75.74,75.75,444.0,444.74,33689.3363,1
1787006100000,75.75,75.79,75.75,75.77,181.0,181.58,13758.8224,1
1787006400000,75.77,75.77,75.73,75.74,676.0,676.09,51211.9065,1
1787006700000,75.74,75.74,75.72,75.73,21.0,21.57,1633.3662,1
1787007000000,75.72,75.73,75.69,75.69,3469.0,3469.61,262660.189,1
1787007300000,75.7,75.7,75.68,75.7,144.0,144.99,10974.5696,1
1787007600000,75.7,75.71,75.67,75.71,180.0,180.56,13667.5465,1
1787007900000,75.71,75.78,75.7,75.78,396.0,396.53,30026.1934,1
1787008200000,75.78,75.83,75.77,75.79,617.0,617.03,46784.8446,1
1787008500000,75.79,75.86,75.79,75.86,3378.0,3378.82,256196.4251,1
1787008800000,75.86,75.87,75.82,75.87,308.0,308.01,23363.6022,1
1787009100000,75.86,75.94,75.86,75.94,3180.0,3180.19,241464.3048,1
1787009400000,75.95,76.07,75.91,76.07,4202.0,4202.29,319417.04,1
1787009700000,76.0,76.02,75.95,75.95,322.0,322.56,24509.0595,1
1787010000000,75.95,75.95,75.92,75.93,55.0,55.35,4203.4573,1
1787010300000,75.93,76.01,75.92,75.98,129.0,129.09,9807.0364,1
1787010600000,75.98,76.01,75.97,76.0,337.0,337.18,25616.8989,1
1787010900000,76.0,76.0,75.96,75.98,205.0,205.84,15641.2376,1
1787011200000,75.98,76.0,75.91,75.93,1708.0,1708.9,129791.6583,1
1787011500000,75.93,75.93,75.9,75.91,382.0,382.99,29073.2099,1
1787011800000,75.91,75.97,75.91,75.94,90.0,90.63,6882.7994,1
1787012100000,75.94,76.05,75.94,76.0,124.0,124.57,9467.9031,1
1787012400000,75.99,76.02,75.97,75.98,778.0,778.45,59151.6017,1
1787012700000,75.98,75.98,75.96,75.96,77.0,77.91,5919.0291,1
1787013000000,75.96,75.96,75.91,75.91,87.0,87.35,6633.1311,1
1787013300000,75.91,75.91,75.88,75.89,810.0,810.58,61528.4788,1
1787013600000,75.88,75.88,75.82,75.85,1350.0,1350.55,102450.3821,1
1787013900000,75.85,75.88,75.83,75.88,312.0,312.07,23667.4797,1
1787014200000,75.88,75.95,75.87,75.95,265.0,265.18,20135.1317,1
1787014500000,75.95,76.01,75.94,75.99,6050.0,6050.43,459746.0237,1
1787014800000,76.01,76.02,75.91,75.91,122.0,122.02,9268.2128,1
1787015100000,75.92,75.92,75.87,75.87,6805.0,6805.84,516443.2635,1
1787015400000,75.88,75.93,75.86,75.92,2098.0,2098.32,159221.7412,1
1787015700000,75.92,75.92,75.84,75.85,2301.0,2301.57,174715.616,1
1787016000000,75.86,75.89,75.84,75.89,180.0,180.01,13655.7485,1
1787016300000,75.89,75.89,75.83,75.84,85.0,85.21,6462.5561,1
1787016600000,75.84,75.84,75.82,75.83,131.0,131.11,9943.1005,1
1787016900000,75.83,75.83,75.78,75.78,343.0,343.96,26080.9111,1
1787017200000,75.78,75.78,75.75,75.75,226.0,226.69,17174.3405,1
1787017500000,75.75,75.75,75.63,75.66,515.0,515.84,39038.7059,1
1787017800000,75.65,75.66,75.56,75.6,810.0,810.38,61258.795,1
1787018100000,75.6,75.61,75.53,75.55,2248.0,2248.54,169977.6522,1
1787018400000,75.57,75.57,75.54,75.54,743.0,743.44,56171.2388,1
1787018700000,75.54,75.62,75.54,75.58,184.0,184.28,13931.779,1
1787019000000,75.59,75.59,75.45,75.45,1029.0,1029.02,77692.3787,1
1787019300000,75.45,75.47,75.39,75.47,1187.0,1187.85,89596.6575,1
1787019600000,75.47,75.52,75.46,75.46,710.0,710.07,53596.8802,1
1787019900000,75.44,75.44,75.37,75.37,171.0,171.32,12918.382,1
1787020200000,75.36,75.38,75.34,75.34,630.0,630.13,47484.2032,1
1787020500000,75.34,75.43,75.33,75.4,166.0,166.23,12527.7266,1
1787020800000,75.4,75.45,75.31,75.33,196.0,196.17,14783.1941,1
1787021100000,75.33,75.34,75.2,75.32,2113.0,2113.22,158990.2065,1
1787021400000,75.35,75.37,75.33,75.33,563.0,563.92,42490.1836,1
1787021700000,75.33,75.34,75.17,75.24,22595.0,22595.56,1701558.0617,1
1787022000000,75.25,75.34,75.24,75.32,845.0,845.77,63701.6072,1
1787022300000,75.32,75.36,75.32,75.33,1128.0,1128.72,85029.8617,1
1787022600000,75.33,75.33,75.28,75.29,210.0,210.56,15857.2278,1
1787022900000,75.29,75.39,75.28,75.39,167.0,167.84,12644.0834,1
1787023200000,75.38,75.38,75.31,75.36,263.0,263.97,19889.1106,1
1787023500000,75.36,75.39,75.35,75.37,179.0,179.17,13502.7862,1
1787023800000,75.37,75.37,75.28,75.32,264.0,264.72,19935.3831,1
1787024100000,75.32,75.48,75.32,75.46,524.0,524.1,39545.6841,1
1787024400000,75.46,75.49,75.46,75.48,948.0,948.71,71606.5703,1
1787024700000,75.48,75.48,75.43,75.46,940.0,940.28,70949.811,1
1787025000000,75.42,75.44,75.42,75.44,439.0,439.35,33143.8771,1
1787025300000,75.44,75.45,75.43,75.45,9.0,9.04,682.0676,1
1787025600000,75.45,75.45,75.38,75.42,48.0,48.77,3676.8686,1
1787025900000,75.41,75.58,75.41,75.57,623.0,623.42,47041.0494,1
1787026200000,75.58,75.63,75.57,75.62,488.0,488.43,36932.9317,1
1787026500000,75.62,75.62,75.57,75.59,652.0,652.3,49313.6904,1
1787026800000,75.59,75.59,75.56,75.58,90.0,90.93,6872.1026,1
1787027100000,75.57,75.66,75.57,75.66,127.0,127.9,9675.1673,1
1787027400000,75.66,75.76,75.66,75.72,370.0,370.43,28047.8864,1
1787027700000,75.72,75.74,75.72,75.72,717.0,717.61,54344.543,1
1787028000000,75.73,75.75,75.72,75.74,546.0,546.43,41386.1916,1
1787028300000,75.74,75.76,75.73,75.74,296.0,296.06,22429.0954,1
1787028600000,75.74,75.77,75.74,75.77,42.0,42.5,3219.8364,1
1787028900000,75.77,75.79,75.76,75.78,127.0,127.78,9682.0141,1
1787029200000,75.78,75.79,75.74,75.78,175.0,175.31,13282.7106,1
1787029500000,75.78,75.84,75.78,75.84,97.0,97.92,7423.0487,1
1787029800000,75.84,75.92,75.84,75.88,320.0,320.29,24296.6045,1
1787030100000,75.88,75.89,75.84,75.84,111.0,111.35,8446.3755,1
1787030400000,75.84,75.86,75.82,75.82,6060.0,6060.6,459614.5681,1
1787030700000,75.81,75.81,75.76,75.76,102.0,102.36,7758.381,1
1787031000000,75.74,75.74,75.64,75.64,5581.0,5581.63,422596.1396,1
1787031300000,75.64,75.64,75.55,75.61,1189.0,1189.04,89913.0144,1
1787031600000,75.62,75.79,75.62,75.77,636.0,636.05,48128.3593,1
1787031900000,75.76,75.77,75.7,75.71,68.0,68.49,5187.432,1
1787032200000,75.71,75.74,75.68,75.74,2030.0,2030.97,153704.8709,1
1787032500000,75.74,75.74,75.7,75.71,1042.0,1042.31,78913.4071,1
1787032800000,75.7,75.7,75.64,75.64,108.0,108.37,8201.6541,1
1787033100000,75.64,75.67,75.62,75.67,137.0,137.9,10431.5668,1
1787033400000,75.67,75.76,75.67,75.72,79.0,79.54,6024.5939,1
1787033700000,75.72,75.81,75.72,75.79,1325.0,1325.5,100455.916,1
1787034000000,75.79,75.9,75.79,75.87,1194.0,1194.99,90681.8208,1
1787034300000,75.87,75.95,75.87,75.91,1234.0,1234.29,93678.8047,1
1787034600000,75.92,75.99,75.91,75.91,483.0,483.55,36713.3662,1
1787034900000,75.91,75.93,75.9,75.91,1096.0,1096.24,83225.6012,1
1787035200000,75.91,76.0,75.91,75.99,1176.0,1176.76,89420.1919,1
1787035500000,75.99,76.0,75.9,75.9,198.0,198.97,15110.6603,1
1787035800000,75.89,75.9,75.86,75.86,161.0,161.39,12247.5171,1
1787036100000,75.86,75.98,75.86,75.98,470.0,470.82,35723.8298,1
1787036400000,75.97,76.04,75.96,75.99,502.0,502.51,38194.7109,1
1787036700000,75.99,76.01,75.97,76.01,147.0,147.46,11206.8186,1
1787037000000,76.02,76.14,76.01,76.14,1969.0,1969.1,149841.9574,1
1787037300000,76.14,76.24,76.11,76.17,2746.0,2746.39,209140.3185,1
1787037600000,76.16,76.16,76.05,76.05,2467.0,2467.44,187774.0103,1
1787037900000,76.05,76.09,76.0,76.0,69.0,69.25,5265.9913,1
1787038200000,75.99,76.03,75.98,75.98,152.0,152.57,11595.6585,1
1787038500000,75.98,76.09,75.98,76.08,98.0,98.45,7485.893,1
1787038800000,76.08,76.09,75.99,76.0,1648.0,1648.94,125380.9334,1
1787039100000,76.0,76.01,75.93,75.94,82.0,82.9,6298.1876,1
1787039400000,75.93,75.99,75.93,75.99,277.0,277.18,21058.2226,1
1787039700000,75.99,76.05,75.96,76.04,543.0,543.59,41322.5657,1
1787040000000,76.05,76.09,75.93,75.93,1699.0,1699.51,129127.5068,1
1787040300000,75.93,75.93,75.85,75.86,175.0,175.48,13315.861,1
1787040600000,75.85,75.88,75.81,75.85,925.0,925.03,70177.4276,1
1787040900000,75.85,75.9,75.84,75.9,101.0,101.54,7704.3531,1
1787041200000,75.9,75.9,75.89,75.89,588.0,588.02,44624.9078,1
1787041500000,75.91,75.95,75.86,75.87,131.0,131.27,9964.2158,1
1787041800000,75.87,75.93,75.85,75.93,406.0,406.34,30837.623,1
1787042100000,75.93,76.04,75.93,76.02,1130.0,1130.27,85879.0424,1
1787042400000,76.03,76.03,75.97,75.98,1083.0,1083.88,82384.7845,1
1787042700000,75.98,75.98,75.93,75.94,91.0,91.88,6979.419,1
1787043000000,75.94,76.09,75.94,76.08,2495.0,2495.06,189733.1984,1
1787043300000,76.08,76.15,76.08,76.12,836.0,836.35,63655.5044,1
1787043600000,76.11,76.11,76.02,76.02,1402.0,1402.94,106722.1409,1
1787043900000,76.02,76.05,76.01,76.05,51.0,51.44,3911.4215,1
1787044200000,76.05,76.07,76.04,76.07,64.0,64.44,4900.2007,1
1787044500000,76.07,76.07,75.99,76.0,771.0,771.34,58662.6913,1
1787044800000,76.0,76.0,75.92,75.92,1025.0,1025.85,77911.2266,1
1787045100000,75.92,75.92,75.86,75.86,187.0,187.55,14229.2428,1
1787045400000,75.86,75.92,75.86,75.92,101.0,101.11,7672.4739,1
1787045700000,75.94,75.96,75.88,75.9,1106.0,1106.67,84014.0723,1
1787046000000,75.9,75.9,75.85,75.88,315.0,315.75,23956.3943,1
1787046300000,75.88,75.92,75.86,75.9,182.0,182.8,13874.0,1
1787046600000,75.9,75.91,75.87,75.91,860.0,860.14,65260.8646,1
1787046900000,75.91,75.91,75.9,75.9,414.0,414.71,31480.0837,1
1787047200000,75.9,75.95,75.86,75.93,140.0,140.65,10676.6585,1
1787047500000,75.9,75.91,75.84,75.85,366.0,366.29,27785.3843,1
1787047800000,75.85,75.87,75.85,75.87,69.0,69.95,5306.327,1
1787048100000,75.87,75.9,75.87,75.88,30.0,30.01,2276.959,1
1787048400000,75.88,75.88,75.8,75.8,152.0,152.62,11569.4766,1
1787048700000,75.8,75.8,75.78,75.79,750.0,750.81,56896.758,1
1787049000000,75.79,75.82,75.79,75.82,19.0,19.19,1454.9858,1
1787049300000,75.82,75.87,75.8,75.83,53.0,53.14,4029.9011,1
1787049600000,75.83,75.84,75.83,75.84,22.0,22.2,1683.6061,1
1787049900000,75.84,75.85,75.84,75.85,176.0,176.82,13411.6788,1
1787050200000,75.83,75.84,75.81,75.82,80.0,80.01,6066.8483,1
1787050500000,75.82,75.82,75.81,75.81,73.0,73.94,5606.0508,1
1787050800000,75.78,75.94,75.78,75.89,226.0,226.44,17181.8739,1
1787051100000,75.89,75.91,75.83,75.91,138.0,138.19,10487.0116,1
1787051400000,75.91,76.03,75.91,76.02,488.0,488.24,37088.5445,1
1787051700000,76.02,76.34,76.02,76.32,1523.0,1523.4,116185.214,1
1787052000000,76.32,76.43,76.28,76.35,2493.0,2493.85,190424.1484,1
1787052300000,76.35,76.35,76.22,76.25,334.0,334.2,25481.58,1
1787052600000,76.21,76.31,76.2,76.3,1071.0,1071.65,81723.2736,1
1787052900000,76.3,76.38,76.3,76.37,1359.0,1359.88,103804.535,1
1787053200000,76.39,76.4,76.32,76.35,118.0,118.75,9067.7706,1
1787053500000,76.35,76.37,76.26,76.28,591.0,591.21,45137.1802,1
1787053800000,76.28,76.32,76.27,76.3,774.0,774.65,59091.9795,1
1787054100000,76.3,76.3,76.27,76.29,304.0,304.82,23255.701,1
1787054400000,76.32,76.39,76.32,76.39,1660.0,1660.01,126742.1719,1
1787054700000,76.39,76.49,76.36,76.36,732.0,732.22,55982.2644,1
1787055000000,76.35,76.39,76.31,76.35,974.0,974.57,74409.0227,1
1787055300000,76.34,76.34,76.26,76.26,221.0,221.98,16939.6926,1
1787055600000,76.26,76.3,76.22,76.22,476.0,476.49,36350.9898,1
1787055900000,76.22,76.26,76.21,76.26,760.0,760.55,57994.3559,1
1787056200000,76.26,76.3,76.21,76.28,3014.0,3014.0,229869.3554,1
1787056500000,76.28,76.29,76.25,76.26,227.0,227.85,17374.9525,1
1787056800000,76.26,76.29,76.23,76.24,444.0,444.5,33892.352,1
1787057100000,76.24,76.31,76.22,76.31,1496.0,1496.37,114113.1645,1
1787057400000,76.31,76.36,76.31,76.32,440.0,440.44,33628.2805,1
1787057700000,76.32,76.32,76.21,76.21,1180.0,1180.21,90008.0054,1
1787058000000,76.2,76.2,76.11,76.18,1199.0,1199.21,91332.1155,1
1787058300000,76.18,76.18,76.14,76.14,336.0,336.81,25646.2652,1
1787058600000,76.14,76.15,76.11,76.12,184.0,184.08,14011.1635,1
1787058900000,76.12,76.12,76.07,76.09,2400.0,2400.48,182681.0367,1
1787059200000,76.09,76.15,76.09,76.15,935.0,935.72,71237.3412,1
1787059500000,76.15,76.15,76.06,76.06,955.0,955.9,72737.9634,1
1787059800000,76.09,76.19,76.0,76.05,5936.0,5936.37,451425.1628,1
1787060100000,76.06,76.23,76.04,76.23,1649.0,1649.82,125560.2745,1
1787060400000,76.23,76.23,76.09,76.09,789.0,789.29,60109.5588,1
1787060700000,76.09,76.15,76.08,76.12,212.0,212.43,16166.4762,1
1787061000000,76.12,76.18,76.03,76.03,533.0,533.88,40628.5235,1
1787061300000,76.03,76.21,76.02,76.17,536.0,536.23,40810.9152,1
1787061600000,76.18,76.3,76.11,76.29,731.0,731.12,55708.4945,1
1787061900000,76.28,76.32,76.19,76.27,1415.0,1415.65,107945.6162,1
1787062200000,76.27,76.27,76.16,76.16,259.0,259.8,19792.6254,1
1787062500000,76.16,76.35,76.15,76.35,241.0,241.56,18413.4795,1
1787062800000,76.35,76.58,76.29,76.58,3652.0,3652.18,279369.1601,1
1787063100000,76.58,77.05,76.57,76.97,22440.0,22440.27,1724260.7285,1
1787063400000,76.97,77.31,76.91,76.91,16401.0,16401.25,1265435.0625,1
1787063700000,76.91,76.95,76.81,76.81,1317.0,1317.7,101277.9731,1
1787064000000,76.83,76.91,76.76,76.78,3199.0,3199.69,245771.5945,1
1787064300000,76.77,76.87,76.73,76.82,45493.0,45493.21,3493422.8796,1
1787064600000,76.82,76.92,76.75,76.83,3622.0,3622.66,278539.0568,1
1787064900000,76.79,76.81,76.75,76.76,170.0,170.77,13111.7768,1
1787065200000,76.82,76.92,76.8,76.92,2431.0,2431.89,186885.4256,1
1787065500000,76.92,77.0,76.82,76.83,1464.0,1464.74,112648.695,1
1787065800000,76.83,76.93,76.77,76.9,1134.0,1134.45,87228.58,1
1787066100000,76.88,76.94,76.86,76.87,214.0,214.16,16470.2682,1
1787066400000,76.93,76.98,76.89,76.91,211.0,211.19,16250.303,1
1787066700000,76.91,77.0,76.91,76.99,514.0,514.58,39609.0282,1
1787067000000,76.99,77.09,76.98,77.06,2474.0,2474.16,190642.8663,1
1787067300000,77.07,77.07,76.98,77.05,853.0,853.69,65769.9539,1
1787067600000,77.01,77.09,76.99,77.05,3992.0,3992.29,307513.7713,1
1787067900000,77.05,77.16,77.02,77.04,882.0,882.81,68056.4273,1
1787068200000,77.03,77.2,77.03,77.16,1465.0,1465.04,112995.5548,1
1787068500000,77.16,77.16,77.09,77.16,1279.0,1279.28,98628.4832,1
1787068800000,77.17,77.28,77.17,77.2,951.0,951.85,73518.7161,1
1787069100000,77.21,77.3,77.05,77.09,1805.0,1805.32,139306.6999,1
1787069400000,77.05,77.12,77.03,77.04,239.0,239.82,18480.4399,1
1787069700000,77.03,77.03,76.92,76.93,1106.0,1106.24,85141.1998,1
1787070000000,76.96,76.97,76.89,76.89,1064.0,1064.83,81939.3837,1
1787070300000,76.89,76.94,76.85,76.87,1367.0,1367.41,105132.997,1
1787070600000,76.85,76.91,76.82,76.91,563.0,563.98,43348.4072,1
1787070900000,76.92,77.0,76.92,76.99,1695.0,1695.11,130495.3681,1
1787071200000,76.99,77.09,76.99,77.0,350.0,350.87,27033.3296,1
1787071500000,77.0,77.12,76.95,77.03,654.0,654.33,50404.6607,1
1787071800000,77.02,77.1,77.02,77.04,89.0,89.66,6907.9552,1
1787072100000,77.04,77.04,77.01,77.03,173.0,173.23,13342.7636,1
1787072400000,77.04,77.06,76.93,76.96,238.0,238.69,18372.6222,1
1787072700000,76.96,76.99,76.92,76.93,758.0,758.89,58411.6949,1
1787073000000,76.95,76.95,76.9,76.95,69.0,69.82,5370.6536,1
1787073300000,76.95,76.95,76.86,76.91,199.0,199.04,15300.1723,1
1787073600000,76.9,76.96,76.89,76.95,472.0,472.89,36379.6847,1
1787073900000,76.95,76.95,76.85,76.91,636.0,636.28,48906.5799,1
1787074200000,76.91,76.92,76.86,76.9,98.0,98.68,7586.4049,1
1787074500000,76.86,76.98,76.86,76.97,304.0,304.81,23449.7546,1
1787074800000,76.98,76.98,76.92,76.95,83.0,83.16,6399.3947,1
1787075100000,76.95,76.96,76.93,76.96,131.0,131.29,10102.6813,1
1787075400000,76.96,77.0,76.92,76.92,191.0,191.64,14746.9463,1
1787075700000,76.92,76.92,76.86,76.86,1011.0,1011.0,77742.2585,1
1787076000000,76.86,76.96,76.86,76.94,163.0,163.05,12542.0053,1
1787076300000,76.94,76.99,76.94,76.99,144.0,144.52,11123.6212,1
1787076600000,76.99,77.05,76.96,77.05,123.0,123.61,9517.007,1
1787076900000,77.05,77.18,77.05,77.16,1570.0,1570.41,121086.1429,1
1787077200000,77.16,77.27,77.16,77.2,625.0,625.84,48323.7221,1
1787077500000,77.2,77.23,77.16,77.22,719.0,719.41,55547.8118,1
1787077800000,77.22,77.28,77.17,77.17,2952.0,2952.04,228041.5632,1
1787078100000,77.18,77.21,77.1,77.19,1769.0,1769.64,136545.858,1
1787078400000,77.19,77.19,77.11,77.11,3561.0,3561.95,274757.7494,1
1787078700000,77.1,77.22,77.1,77.21,512.0,512.6,39562.6514,1
1787079000000,77.22,77.22,77.18,77.19,15935.0,15935.27,1230209.4031,1
1787079300000,77.21,77.26,77.19,77.25,8441.0,8441.38,651847.1856,1
1787079600000,77.23,77.26,77.17,77.21,984.0,984.89,76031.3399,1
1787079900000,77.2,77.23,77.17,77.17,1413.0,1413.36,109122.9762,1
1787080200000,77.17,77.19,77.16,77.19,134.0,134.31,10366.6384,1
1787080500000,77.16,77.25,77.16,77.23,432.0,432.95,33425.0322,1
1787080800000,77.23,77.23,77.2,77.22,26.0,26.87,2074.6538,1
1787081100000,77.23,77.38,77.21,77.33,6299.0,6299.2,487071.5,1
1787081400000,77.32,77.34,77.26,77.26,1377.0,1377.07,106457.1951,1
1787081700000,77.26,77.26,77.18,77.18,727.0,727.02,56133.4242,1
1787082000000,77.18,77.21,77.15,77.15,177.0,177.62,13708.1927,1
1787082300000,77.15,77.18,77.14,77.15,472.0,472.29,36442.4365,1
1787082600000,77.15,77.15,77.05,77.07,834.0,834.19,64318.4448,1
1787082900000,77.07,77.14,77.04,77.12,968.0,968.24,74620.815,1
1787083200000,77.15,77.16,77.04,77.04,297.0,297.82,22964.8262,1
1787083500000,77.04,77.16,77.02,77.16,469.0,469.02,36147.9183,1
1787083800000,77.16,77.19,77.14,77.18,143.0,143.6,11079.4488,1
1787084100000,77.18,77.18,77.05,77.06,952.0,952.78,73477.8473,1
1787084400000,77.06,77.06,76.9,76.96,3323.0,3323.65,255837.8776,1
1787084700000,76.96,76.98,76.91,76.94,896.0,896.53,68984.1999,1
1787085000000,76.94,77.07,76.94,77.02,1088.0,1088.43,83832.5445,1
1787085300000,77.01,77.01,76.96,76.99,6430.0,6430.58,495048.8733,1
1787085600000,76.99,76.99,76.9,76.9,231.0,231.71,17823.6625,1
1787085900000,76.9,76.92,76.8,76.81,1448.0,1448.22,111302.8445,1
1787086200000,76.8,76.87,76.71,76.83,1100.0,1100.42,84445.3338,1
1787086500000,76.83,76.88,76.82,76.87,1560.0,1560.49,119913.6398,1
1787086800000,76.85,76.93,76.85,76.93,385.0,385.43,29642.334,1
1787087100000,76.94,76.95,76.93,76.93,44.0,44.2,3400.648,1
1787087400000,76.94,77.08,76.94,76.96,504.0,504.4,38852.2409,1
1787087700000,76.96,76.99,76.93,76.93,42.0,42.32,3256.948,1
1787088000000,76.93,76.98,76.93,76.98,625.0,625.4,48125.1884,1
1787088300000,76.98,77.01,76.9,76.9,3590.0,3590.44,276313.6219,1
1787088600000,76.9,76.92,76.89,76.92,10911.0,10911.51,839144.9392,1
1787088900000,76.92,76.99,76.91,76.92,1051.0,1051.92,80924.9062,1
1787089200000,76.92,76.96,76.92,76.94,2608.0,2608.02,200683.3878,1
1787089500000,76.94,76.94,76.89,76.91,1739.0,1739.36,133773.7776,1
1787089800000,76.91,76.96,76.91,76.96,882.0,882.74,67900.8298,1
1787090100000,76.96,76.98,76.93,76.96,195.0,195.65,15055.4494,1
1787090400000,76.95,76.98,76.92,76.98,90.0,90.69,6979.2407,1
1787090700000,76.94,76.98,76.94,76.98,143.0,143.92,11077.4905,1
1787091000000,76.98,77.11,76.98,77.06,591.0,591.02,45554.2216,1
1787091300000,77.06,77.08,77.06,77.08,51.0,51.74,3987.6592,1
1787091600000,77.08,77.08,77.02,77.03,115.0,115.18,8874.1493,1
1787091900000,77.03,77.04,76.96,77.0,77.0,77.76,5987.5511,1
1787092200000,77.0,77.09,77.0,77.09,118.0,118.57,9134.2459,1
1787092500000,77.1,77.16,77.09,77.12,10841.0,10841.16,836286.6282,1
1787092800000,77.12,77.12,77.02,77.02,28.0,28.91,2228.0265,1
1787093100000,77.02,77.02,76.91,76.91,93.0,93.13,7167.7446,1
1787093400000,76.91,76.92,76.86,76.86,113.0,113.07,8693.6807,1
1787093700000,76.86,76.96,76.85,76.94,170.0,170.44,13107.1861,1
1787094000000,76.94,77.08,76.92,77.08,955.0,955.37,73554.9498,1
1787094300000,77.08,77.1,77.0,77.01,128.0,128.99,9940.2724,1
1787094600000,77.0,77.07,77.0,77.06,218.0,218.27,16810.9582,1
1787094900000,77.07,77.07,77.03,77.03,63.0,63.35,4880.8039,1
1787095200000,77.04,77.12,77.04,77.09,499.0,499.22,38480.4165,1
1787095500000,77.06,77.13,77.06,77.08,189.0,189.02,14576.1897,1
1787095800000,77.08,77.15,77.07,77.15,494.0,494.3,38117.4322,1
1787096100000,77.15,77.2,77.14,77.14,281.0,281.19,21696.9157,1
1787096400000,77.14,77.2,77.12,77.12,685.0,685.69,52925.109,1
1787096700000,77.12,77.14,77.09,77.11,106.0,106.64,8222.353,1
1787097000000,77.11,77.11,77.06,77.06,940.0,940.42,72469.7068,1
1787097300000,77.06,77.06,77.02,77.02,93.0,93.53,7205.3136,1
1787097600000,77.02,77.05,76.91,76.91,1870.0,1870.58,144100.3765,1
1787097900000,76.91,76.98,76.88,76.96,1022.0,1022.46,78640.1109,1
1787098200000,76.96,76.96,76.88,76.88,251.0,251.04,19307.7582,1
1787098500000,76.87,76.9,76.8,76.9,4481.0,4481.05,344376.559,1
1787098800000,76.9,77.0,76.89,76.95,180.0,180.9,13920.6304,1
1787099100000,76.95,76.95,76.9,76.92,95.0,95.34,7333.013,1
1787099400000,76.91,76.97,76.91,76.95,600.0,600.95,46244.3056,1
1787099700000,76.95,77.02,76.93,77.01,931.0,931.87,71767.3957,1
1787100000000,77.01,77.01,76.91,76.95,670.0,670.57,51583.9561,1
1787100300000,76.95,77.03,76.92,77.02,161.0,161.84,12454.8107,1
1787100600000,77.03,77.05,76.98,77.02,196.0,196.3,15121.3768,1
1787100900000,77.02,77.02,76.9,76.9,85.0,85.6,6588.1786,1
1787101200000,76.89,76.91,76.81,76.83,816.0,816.78,62755.0709,1
1787101500000,76.83,77.0,76.83,77.0,964.0,964.35,74141.6472,1
1787101800000,76.99,77.03,76.94,76.94,594.0,594.87,45814.2675,1
1787102100000,76.93,76.94,76.82,76.91,230.0,230.69,17734.1602,1
1787102400000,76.91,76.94,76.74,76.74,224.0,224.38,17232.4614,1
1787102700000,76.74,76.85,76.68,76.81,1148.0,1148.55,88150.646,1
1787103000000,76.81,76.81,76.74,76.8,409.0,409.03,31401.9198,1
1787103300000,76.78,76.81,76.73,76.74,247.0,247.15,18971.4829,1
1787103600000,76.74,76.74,76.69,76.72,349.0,349.18,26786.2347,1
1787103900000,76.72,76.75,76.67,76.71,419.0,419.92,32213.4278,1
1787104200000,76.71,76.78,76.69,76.77,109.0,109.86,8431.7887,1
1787104500000,76.77,76.81,76.76,76.76,96.0,96.37,7399.1657,1
1787104800000,76.76,76.77,76.72,76.74,147.0,147.25,11301.1301,1
1787105100000,76.71,76.73,76.7,76.71,394.0,394.64,30276.354,1
1787105400000,76.71,76.81,76.71,76.77,82.0,82.81,6357.8857,1
1787105700000,76.75,76.76,76.68,76.68,255.0,255.01,19559.3129,1
1787106000000,76.68,76.78,76.67,76.78,64.0,64.01,4912.2769,1
1787106300000,76.78,76.84,76.78,76.83,468.0,468.15,35962.5017,1
1787106600000,76.83,76.85,76.82,76.82,106.0,106.96,8218.1183,1
1787106900000,76.8,76.88,76.8,76.83,292.0,292.49,22480.1154,1
1787107200000,76.83,76.86,76.77,76.77,744.0,744.6,57203.25,1
1787107500000,76.76,76.82,76.75,76.77,109.0,109.33,8395.34,1
1787107800000,76.77,76.77,76.72,76.73,238.0,238.38,18291.6501,1
1787108100000,76.73,76.79,76.73,76.78,171.0,171.15,13140.6148,1
1787108400000,76.78,76.79,76.76,76.76,41.0,41.03,3149.7633,1
1787108700000,76.76,76.76,76.68,76.71,1267.0,1267.7,97248.7399,1
1787109000000,76.71,76.89,76.71,76.89,52.0,52.84,4059.0008,1
1787109300000,76.89,77.05,76.88,77.03,232.0,232.14,17872.7069,1
1787109600000,77.05,77.06,76.95,76.95,126.0,126.69,9757.0984,1
1787109900000,76.96,76.99,76.96,76.98,236.0,236.76,18225.0182,1
1787110200000,76.98,76.99,76.94,76.94,287.0,287.48,22128.2438,1
1787110500000,76.94,77.0,76.94,76.98,121.0,121.94,9386.9312,1
1787110800000,76.97,77.05,76.97,77.01,464.0,464.82,35781.0329,1
1787111100000,77.01,77.05,76.96,77.05,4547.0,4547.74,350177.453,1
1787111400000,77.05,77.05,76.97,76.97,41.0,41.59,3202.8495,1
1787111700000,76.95,76.99,76.94,76.95,10117.0,10117.96,778897.5755,1
1787112000000,76.95,76.99,76.95,76.95,103.0,103.46,7963.4724,1
1787112300000,76.95,76.95,76.92,76.95,225.0,225.01,17308.893,1
1787112600000,76.95,76.99,76.95,76.97,31.0,31.68,2438.5497,1
1787112900000,76.97,77.04,76.97,77.04,10180.0,10180.16,783706.3435,1
1787113200000,77.05,77.09,77.05,77.09,234.0,234.0,18035.2273,1
1787113500000,77.1,77.11,77.06,77.06,989.0,989.12,76264.1569,1
1787113800000,77.06,77.06,76.97,76.99,233.0,233.32,17960.5399,1
1787114100000,76.99,77.05,76.93,76.93,58.0,58.23,4482.3654,1
1787114400000,76.93,76.94,76.89,76.89,269.0,269.54,20733.3039,1
1787114700000,76.9,76.92,76.87,76.87,118.0,118.7,9129.401,1
1787115000000,76.87,76.87,76.81,76.81,176.0,176.43,13555.2173,1
1787115300000,76.81,76.88,76.76,76.83,189.0,189.07,14527.2275,1
1787115600000,76.83,76.93,76.83,76.92,213.0,213.85,16443.4636,1
1787115900000,76.91,76.94,76.86,76.94,137.0,137.74,10594.5883,1
1787116200000,76.94,77.02,76.94,76.97,181.0,181.24,13950.5417,1
1787116500000,76.97,76.97,76.91,76.91,90.0,90.0,6923.98,1
1787116800000,76.91,76.91,76.85,76.87,552.0,552.35,42459.4899,1
1787117100000,76.87,76.92,76.87,76.92,45.0,45.25,3479.9975,1
1787117400000,76.91,76.93,76.87,76.89,64.0,64.99,4997.7791,1
1787117700000,76.9,76.9,76.85,76.86,90.0,90.63,6966.2542,1
1787118000000,76.86,76.87,76.84,76.84,30.0,30.21,2321.3964,1
1787118300000,76.85,76.85,76.81,76.81,86.0,86.32,6631.1961,1
1787118600000,76.81,76.84,76.79,76.79,57.0,57.96,4452.0589,1
1787118900000,76.79,76.79,76.73,76.76,73.0,73.44,5636.4496,1
1787119200000,76.77,76.79,76.71,76.71,222.0,222.33,17058.6721,1
1787119500000,76.72,76.74,76.65,76.66,572.0,572.33,43876.1003,1
1787119800000,76.66,76.66,76.59,76.61,2514.0,2514.8,192638.8343,1
1787120100000,76.61,76.78,76.61,76.78,163.0,163.44,12536.0723,1
1787120400000,76.78,76.92,76.78,76.92,481.0,481.6,37017.3727,1
1787120700000,76.91,76.91,76.82,76.82,307.0,307.93,23659.9612,1
1787121000000,76.82,76.85,76.74,76.83,229.0,229.36,17617.7095,1
1787121300000,76.83,76.87,76.83,76.87,229.0,229.1,17605.0263,1
1787121600000,76.88,76.92,76.86,76.92,96.0,96.84,7445.3419,1
1787121900000,76.92,77.15,76.92,77.03,950.0,950.78,73278.6525,1
1787122200000,77.03,77.05,76.97,77.03,294.0,294.02,22637.8026,1
1787122500000,77.03,77.08,77.03,77.04,381.0,381.36,29383.8807,1
1787122800000,77.04,77.04,76.95,76.95,738.0,738.07,56832.5567,1
1787123100000,76.95,76.98,76.91,76.96,149.0,149.91,11533.8212,1
1787123400000,76.96,77.04,76.96,77.04,140.0,140.6,10828.9766,1
1787123700000,77.04,77.04,76.93,76.95,486.0,486.94,37496.9664,1
1787124000000,76.95,76.98,76.95,76.96,94.0,94.16,7247.0481,1
1787124300000,76.96,76.99,76.94,76.96,78.0,78.36,6030.7302,1
1787124600000,76.97,77.0,76.95,77.0,208.0,208.68,16062.4438,1
1787124900000,77.0,77.02,76.99,77.02,491.0,491.9,37881.348,1
1787125200000,77.02,77.02,76.94,76.94,66.0,66.84,5144.6096,1
1787125500000,76.94,77.04,76.94,77.04,49.0,49.37,3800.2529,1
1787125800000,77.03,77.03,77.01,77.02,25.0,25.59,1970.8459,1
1787126100000,77.02,77.02,76.92,76.92,229.0,229.92,17690.7326,1
1787126400000,76.91,76.94,76.88,76.92,222.0,222.37,17099.8584,1
1787126700000,76.92,77.07,76.91,77.05,163.0,163.83,12616.7959,1
1787127000000,77.05,77.06,77.01,77.01,362.0,362.2,27909.2118,1
1787127300000,77.01,77.08,77.0,77.08,192.0,192.21,14804.2548,1
1787127600000,77.08,77.09,77.05,77.05,70.0,70.22,5411.8305,1
1787127900000,77.05,77.19,77.05,77.16,913.0,913.17,70466.3115,1
1787128200000,77.16,77.23,77.14,77.16,249.0,249.78,19279.8717,1
1787128500000,77.18,77.63,77.16,77.42,5489.0,5489.76,425536.3885,1
1787128800000,77.42,77.48,77.37,77.44,566.0,566.28,43838.4938,1
1787129100000,77.43,77.48,77.39,77.39,252.0,252.09,19524.6441,1
1787129400000,77.39,77.49,77.38,77.43,1206.0,1206.97,93404.7523,1
1787129700000,77.43,77.48,77.35,77.35,100.0,100.85,7805.5799,1
1787130000000,77.35,77.45,77.35,77.45,285.0,285.02,22058.3682,1
1787130300000,77.46,77.46,77.32,77.33,413.0,413.99,32019.8423,1
1787130600000,77.34,77.4,77.34,77.37,243.0,243.61,18849.3876,1
1787130900000,77.35,77.38,77.31,77.37,185.0,185.74,14364.927,1
1787131200000,77.4,77.4,77.31,77.31,110.0,110.85,8574.251,1
1787131500000,77.3,77.31,77.27,77.28,158.0,158.88,12278.7776,1
1787131800000,77.28,77.32,77.28,77.29,640.0,640.96,49551.1086,1
1787132100000,77.29,77.29,77.23,77.24,63.0,63.15,4878.6087,1
1787132400000,77.24,77.24,77.18,77.23,288.0,288.65,22289.104,1
1787132700000,77.23,77.23,77.2,77.21,31.0,31.53,2434.2677,1
1787133000000,77.21,77.24,77.2,77.24,92.0,92.97,7178.5636,1
1787133300000,77.24,77.3,77.23,77.27,74.0,74.29,5740.1648,1
1787133600000,77.27,77.27,77.21,77.22,115.0,115.63,8928.3416,1
1787133900000,77.22,77.23,77.2,77.22,72.0,72.1,5567.0935,1
1787134200000,77.22,77.25,77.19,77.23,353.0,353.37,27289.3232,1
1787134500000,77.23,77.25,77.21,77.24,75.0,75.01,5793.4525,1
1787134800000,77.24,77.28,77.22,77.23,280.0,280.48,21666.6026,1
1787135100000,77.23,77.23,77.2,77.2,113.0,113.6,8770.1796,1
1787135400000,77.2,77.25,77.19,77.25,216.0,216.37,16703.7464,1
1787135700000,77.25,77.31,77.25,77.29,81.0,81.03,6262.8507,1
1787136000000,77.29,77.32,77.26,77.32,158.0,158.17,12226.2814,1
1787136300000,77.33,77.33,77.28,77.28,135.0,135.58,10483.0834,1
1787136600000,77.28,77.3,77.28,77.28,50.0,50.74,3921.4462,1
1787136900000,77.27,77.34,77.27,77.34,146.0,146.55,11330.6626,1
1787137200000,77.34,77.43,77.33,77.42,964.0,964.17,74604.7478,1
1787137500000,77.44,77.52,77.44,77.45,12917.0,12917.5,1001028.4212,1
1787137800000,77.45,77.56,77.44,77.55,1531.0,1531.43,118682.2531,1
1787138100000,77.54,77.54,77.46,77.5,1735.0,1735.6,134520.6014,1
1787138400000,77.5,77.56,77.46,77.56,4814.0,4814.53,373177.9107,1
1787138700000,77.56,77.56,77.51,77.55,4172.0,4172.47,323596.62,1
1787139000000,77.56,77.57,77.52,77.52,788.0,788.77,61157.2908,1
1787139300000,77.52,77.53,77.46,77.46,624.0,624.63,48409.4251,1
1787139600000,77.46,77.46,77.43,77.43,94.0,94.64,7329.608,1
1787139900000,77.44,77.49,77.43,77.49,707.0,707.54,54800.4346,1
1787140200000,77.51,77.53,77.49,77.5,2441.0,2441.66,189253.5134,1
1787140500000,77.5,77.52,77.48,77.5,2316.0,2316.99,179600.745,1
1787140800000,77.5,77.51,77.41,77.44,1377.0,1377.29,106677.0303,1
1787141100000,77.44,77.47,77.42,77.42,198.0,198.15,15344.9282,1
1787141400000,77.43,77.43,77.41,77.43,893.0,893.04,69143.9527,1
1787141700000,77.43,77.44,77.39,77.44,71.0,71.58,5540.7205,1
1787142000000,77.44,77.48,77.43,77.44,114.0,114.28,8850.9288,1
1787142300000,77.44,77.5,77.43,77.47,222.0,222.88,17270.218,1
1787142600000,77.48,77.65,77.47,77.64,1436.0,1436.31,111432.0894,1
1787142900000,77.62,77.74,77.55,77.68,6195.0,6195.45,481202.2677,1
1787143200000,77.68,78.05,77.64,78.04,14803.0,14803.45,1153264.2591,1
1787143500000,78.05,78.75,77.97,78.63,25225.0,25225.01,1976548.08,1
1787143800000,78.62,78.7,78.33,78.38,15749.0,15749.91,1236547.3339,1
1787144100000,78.38,78.4,78.32,78.36,1198.0,1198.78,93940.3443,1
1787144400000,78.36,78.36,78.14,78.18,1887.0,1887.48,147672.2112,1
1787144700000,78.18,78.26,78.18,78.22,1244.0,1244.32,97333.1565,1
1787145000000,78.22,78.37,78.16,78.26,477.0,477.12,37339.4024,1
1787145300000,78.26,78.4,78.26,78.37,1237.0,1237.57,96959.2533,1
1787145600000,78.37,78.47,78.37,78.4,1156.0,1156.08,90645.7746,1
1787145900000,78.39,78.52,78.38,78.49,782.0,782.83,61426.0742,1
1787146200000,78.45,78.64,78.43,78.52,3562.0,3562.76,279863.0483,1
1787146500000,78.53,78.58,78.3,78.31,3157.0,3157.01,247488.1864,1
1787146800000,78.32,78.55,78.29,78.46,3629.0,3629.72,284503.3962,1
1787147100000,78.46,78.56,78.39,78.41,805.0,805.31,63201.9069,1
1787147400000,78.44,78.47,78.31,78.36,4525.0,4525.77,354711.1239,1
1787147700000,78.38,78.48,78.29,78.36,743.0,743.12,58248.5588,1
1787148000000,78.37,78.53,78.33,78.53,674.0,674.47,52871.8334,1
1787148300000,78.52,78.65,78.52,78.55,2118.0,2118.35,166467.9717,1
1787148600000,78.57,78.59,78.47,78.58,886.0,886.38,69608.2199,1
1787148900000,78.58,78.72,78.52,78.61,2952.0,2952.6,232117.2873,1
1787149200000,78.61,78.66,78.49,78.52,3046.0,3046.82,239562.3917,1
1787149500000,78.51,78.55,78.45,78.49,920.0,920.38,72243.1399,1
1787149800000,78.47,78.49,78.41,78.47,1019.0,1019.65,79985.3052,1
1787150100000,78.47,78.74,78.47,78.73,1694.0,1694.94,133272.7128,1
1787150400000,78.73,79.02,78.73,78.98,21388.0,21388.25,1686425.8477,1
1787150700000,78.95,79.29,78.95,79.28,16947.0,16947.33,1340731.7579,1
1787151000000,79.26,80.8,79.26,80.37,57380.0,57380.74,4602675.8783,1
1787151300000,80.36,80.98,80.33,80.82,16893.0,16893.12,1362738.6767,1
1787151600000,80.87,81.05,80.66,81.0,8464.0,8464.6,684634.902,1
1787151900000,81.0,82.01,81.0,81.91,27745.0,27745.11,2260540.6595,1
1787152200000,81.88,82.07,81.2,81.36,11933.0,11933.37,974537.9657,1
1787152500000,81.35,81.5,80.86,80.9,13560.0,13560.82,1101379.0043,1
1787152800000,80.9,81.18,80.86,81.09,13681.0,13681.06,1107657.9588,1
1787153100000,81.08,82.89,80.99,81.94,40251.0,40251.84,3293033.7043,1
1787153400000,81.99,82.04,81.53,81.9,30225.0,30225.47,2471060.9902,1
1787153700000,81.92,82.46,81.91,82.43,5238.0,5238.7,430392.4992,1
1787154000000,82.36,82.58,82.2,82.27,11561.0,11561.44,951923.5386,1
1787154300000,82.3,82.32,81.87,81.89,9018.0,9018.69,739513.0065,1
1787154600000,81.9,82.09,81.57,81.57,6751.0,6751.31,552308.0179,1
1787154900000,81.57,81.88,81.55,81.8,7391.0,7391.57,604491.5524,1
1787155200000,81.82,82.24,81.67,82.2,9516.0,9516.88,781627.5093,1
1787155500000,82.2,82.33,81.98,81.98,2808.0,2808.22,230624.8201,1
1787155800000,82.0,82.0,81.77,81.87,2205.0,2205.01,180526.5593,1
1787156100000,81.86,82.05,81.86,81.97,1820.0,1820.21,149165.0707,1
1787156400000,81.94,81.94,81.78,81.91,1226.0,1226.38,100424.2636,1
1787156700000,81.92,82.13,81.9,82.05,4182.0,4182.59,343298.2023,1
1787157000000,82.06,82.06,81.82,81.99,1713.0,1713.89,140448.3145,1
1787157300000,81.96,82.04,81.89,81.91,682.0,682.79,55940.1783,1
1787157600000,81.9,81.99,81.78,81.87,742.0,742.05,60754.3696,1
1787157900000,81.84,81.95,81.83,81.92,525.0,525.33,43008.6901,1
1787158200000,81.84,81.84,81.64,81.76,3042.0,3042.55,248607.8174,1
1787158500000,81.76,81.82,81.52,81.56,5074.0,5074.53,414216.213,1
1787158800000,81.55,81.61,81.36,81.44,5432.0,5432.28,442714.3481,1
1787159100000,81.44,81.57,81.38,81.46,839.0,839.9,68413.4541,1
1787159400000,81.48,81.52,81.32,81.33,488.0,488.38,39766.577,1
1787159700000,81.34,81.38,81.05,81.05,10330.0,10330.81,839326.242,1
1787160000000,81.05,81.27,81.05,81.11,1985.0,1985.96,161125.6623,1
1787160300000,81.09,81.22,81.02,81.22,1065.0,1065.74,86432.3584,1
1787160600000,81.25,81.29,80.97,81.1,5801.0,5801.26,470532.7272,1
1787160900000,81.09,81.25,81.09,81.25,3283.0,3283.38,266543.4956,1
1787161200000,81.25,81.41,81.2,81.41,1050.0,1050.29,85386.298,1
1787161500000,81.42,81.68,81.42,81.56,2671.0,2671.59,217871.8002,1
1787161800000,81.56,81.7,81.55,81.62,1700.0,1700.66,138842.9058,1
1787162100000,81.62,81.68,81.62,81.62,529.0,529.08,43204.3675,1
1787162400000,81.66,81.69,81.45,81.45,820.0,820.2,66931.5575,1
1787162700000,81.49,81.52,81.26,81.28,1984.0,1984.38,161496.52,1
1787163000000,81.28,81.53,81.25,81.5,1612.0,1612.0,131144.693,1
1787163300000,81.5,81.59,81.46,81.54,4066.0,4066.76,331745.4602,1
1787163600000,81.54,81.64,81.5,81.62,266.0,266.27,21716.6628,1
1787163900000,81.6,81.98,81.6,81.94,2810.0,2810.99,230160.1304,1
1787164200000,81.95,82.08,81.91,81.97,4542.0,4542.92,372436.9234,1
1787164500000,81.98,82.14,81.92,81.92,898.0,898.98,73725.013,1
1787164800000,81.91,82.18,81.91,82.11,400.0,400.26,32857.2854,1
1787165100000,82.11,82.28,82.05,82.16,1348.0,1348.79,110814.8779,1
1787165400000,82.17,82.21,82.12,82.19,391.0,391.79,32193.027,1
1787165700000,82.19,82.24,82.04,82.24,394.0,394.51,32391.5774,1
1787166000000,82.22,82.22,82.08,82.14,2844.0,2844.59,233707.5806,1
1787166300000,82.14,82.28,82.12,82.18,1154.0,1154.4,94934.659,1
1787166600000,82.15,82.41,81.99,82.02,1732.0,1732.79,142497.0304,1
1787166900000,82.02,82.32,82.02,82.3,4457.0,4457.75,366674.0222,1
1787167200000,82.31,82.46,82.19,82.3,1734.0,1734.58,142755.7861,1
1787167500000,82.27,82.3,82.12,82.16,2859.0,2859.59,235055.1971,1
1787167800000,82.16,82.3,82.07,82.18,601.0,601.4,49436.8122,1
1787168100000,82.19,82.28,82.16,82.17,504.0,504.79,41502.3945,1
1787168400000,82.14,82.28,82.14,82.24,1954.0,1954.39,160753.1263,1
1787168700000,82.24,82.27,82.19,82.25,223.0,223.45,18377.7383,1
1787169000000,82.26,82.32,82.24,82.25,820.0,820.31,67480.8847,1
1787169300000,82.25,82.4,82.25,82.33,10479.0,10479.37,862989.665,1
1787169600000,82.36,82.38,82.26,82.32,2044.0,2044.37,168286.1662,1
1787169900000,82.32,82.47,82.27,82.39,4029.0,4029.24,332138.4557,1
1787170200000,82.39,82.42,82.34,82.39,355.0,355.11,29249.108,1
1787170500000,82.4,82.4,82.29,82.32,582.0,582.01,47931.125,1
1787170800000,82.33,82.5,82.3,82.49,512.0,512.38,42230.4504,1
1787171100000,82.48,82.53,82.34,82.46,3674.0,3674.29,302988.8422,1
1787171400000,82.47,82.59,82.44,82.54,7056.0,7056.72,582145.9165,1
1787171700000,82.54,82.58,82.47,82.57,1257.0,1257.83,103780.9049,1
1787172000000,82.55,82.65,82.5,82.59,3514.0,3514.64,290173.2647,1
1787172300000,82.59,82.73,82.55,82.7,1702.0,1702.86,140775.9487,1
1787172600000,82.71,84.33,82.68,84.13,29586.0,29586.2,2474804.343,1
1787172900000,84.11,84.14,83.64,83.7,4664.0,4664.03,391120.0324,1
1787173200000,83.71,85.08,83.7,85.04,20692.0,20692.48,1751865.1403,1
1787173500000,84.96,87.27,84.79,86.47,31451.0,31451.86,2707302.0183,1
1787173800000,86.46,86.54,85.7,86.11,8991.0,8991.13,774259.0286,1
1787174100000,86.12,86.24,85.89,86.11,9057.0,9057.39,779388.5877,1
1787174400000,86.16,86.83,86.16,86.4,26239.0,26239.24,2270142.467,1
1787174700000,86.4,87.17,86.4,86.99,3984.0,3984.46,346202.0191,1
1787175000000,86.99,87.18,86.65,86.75,8222.0,8222.14,714148.4179,1
1787175300000,86.73,86.82,86.19,86.29,7785.0,7785.71,673833.8943,1
1787175600000,86.3,86.61,86.21,86.61,3457.0,3457.01,298930.8675,1
1787175900000,86.61,87.2,86.49,86.83,3106.0,3106.67,269683.9403,1
1787176200000,86.86,86.86,86.63,86.73,1370.0,1370.15,118847.7768,1
1787176500000,86.73,86.86,86.43,86.61,1085.0,1085.03,94001.6277,1
1787176800000,86.62,86.81,85.82,86.04,2737.0,2737.78,236087.2355,1
1787177100000,86.05,86.35,85.9,86.05,3231.0,3231.94,278342.5267,1
1787177400000,86.09,86.1,85.57,85.74,5232.0,5232.08,448903.36,1
1787177700000,85.78,86.03,85.77,85.93,2084.0,2084.14,179006.8198,1
1787178000000,85.93,86.04,85.63,85.64,1129.0,1129.21,96918.6023,1
1787178300000,85.65,85.71,85.32,85.36,1511.0,1511.49,129258.9783,1
1787178600000,85.33,85.49,84.91,85.27,2670.0,2670.02,227551.6028,1
1787178900000,85.28,85.81,85.09,85.78,2763.0,2763.85,236136.2388,1
1787179200000,85.76,85.97,85.65,85.66,1974.0,1974.19,169469.0204,1
1787179500000,85.65,85.66,85.22,85.3,1688.0,1688.02,144257.1528,1
1787179800000,85.33,85.47,85.11,85.14,3072.0,3072.73,261938.5305,1
1787180100000,85.16,85.56,85.1,85.48,900.0,900.66,76959.1621,1
1787180400000,85.47,85.56,85.31,85.5,1405.0,1405.59,120118.9301,1
1787180700000,85.51,85.52,85.38,85.38,341.0,341.34,29171.8983,1
1787181000000,85.38,85.49,85.31,85.35,1310.0,1310.78,111924.403,1
1787181300000,85.35,85.48,85.3,85.44,307.0,307.84,26292.0532,1
1787181600000,85.46,85.47,85.27,85.31,533.0,533.95,45580.336,1
1787181900000,85.29,85.53,85.27,85.42,375.0,375.84,32103.5923,1
1787182200000,85.42,85.43,85.13,85.13,955.0,955.1,81465.0991,1
1787182500000,85.13,85.49,85.13,85.45,694.0,694.69,59329.9127,1
1787182800000,85.45,85.75,85.42,85.6,1276.0,1276.16,109279.8742,1
1787183100000,85.61,85.61,85.17,85.17,524.0,524.8,44831.5421,1
1787183400000,85.17,85.32,85.03,85.24,1651.0,1651.08,140560.7497,1
1787183700000,85.24,85.47,85.2,85.37,1142.0,1142.63,97528.0193,1
1787184000000,85.36,85.68,85.33,85.57,1859.0,1859.18,159008.7421,1
1787184300000,85.54,85.68,85.42,85.57,1271.0,1271.57,108721.9352,1
1787184600000,85.58,85.58,85.32,85.47,1252.0,1252.12,107109.5683,1
1787184900000,85.46,85.76,85.41,85.74,725.0,725.94,62153.5305,1
1787185200000,85.73,85.78,85.54,85.6,1118.0,1118.03,95812.0601,1
1787185500000,85.56,85.73,85.53,85.61,492.0,492.06,42149.8105,1
1787185800000,85.61,85.68,85.53,85.6,1482.0,1482.77,126881.0678,1
1787186100000,85.63,85.7,85.43,85.68,1057.0,1057.22,90413.0289,1
1787186400000,85.68,85.68,85.38,85.48,830.0,830.8,71030.138,1
1787186700000,85.48,85.67,85.46,85.56,1070.0,1070.91,91614.7622,1
1787187000000,85.56,85.56,85.0,85.12,749.0,749.39,63876.6974,1
1787187300000,85.12,85.15,84.9,85.0,2218.0,2218.4,188544.0022,1
1787187600000,84.99,85.13,84.91,85.05,1546.0,1546.23,131547.2237,1
1787187900000,85.05,85.05,84.71,84.78,2067.0,2067.26,175368.4357,1
1787188200000,84.76,84.82,84.64,84.82,1343.0,1343.43,113874.2371,1
1787188500000,84.82,84.95,84.66,84.94,662.0,662.73,56193.3906,1
1787188800000,84.92,84.98,84.82,84.84,670.0,670.94,56962.2479,1
1787189100000,84.84,84.87,84.72,84.76,257.0,257.73,21857.2017,1
1787189400000,84.75,84.95,84.69,84.95,801.0,801.39,67966.4563,1
1787189700000,85.0,85.02,84.92,84.99,1126.0,1126.85,95761.1996,1
1787190000000,84.99,85.05,84.96,85.04,626.0,626.57,53280.8065,1
1787190300000,85.04,85.38,85.04,85.34,653.0,653.18,55674.3122,1
1787190600000,85.34,85.39,85.21,85.23,1616.0,1616.83,138017.5856,1
1787190900000,85.28,85.36,85.21,85.36,559.0,559.8,47715.4749,1
1787191200000,85.34,85.41,85.29,85.39,326.0,326.56,27874.7679,1
1787191500000,85.38,85.39,85.26,85.27,232.0,232.31,19819.0422,1
1787191800000,85.26,85.33,85.15,85.29,655.0,655.09,55831.551,1
1787192100000,85.29,85.32,85.18,85.22,221.0,221.17,18852.5247,1
1787192400000,85.21,85.24,85.11,85.12,180.0,180.3,15354.3252,1
1787192700000,85.12,85.13,85.05,85.07,547.0,547.0,46535.8469,1
1787193000000,85.05,85.11,84.99,85.06,335.0,335.56,28537.3913,1
1787193300000,85.06,85.06,84.88,84.91,354.0,354.58,30126.0755,1
1787193600000,84.91,84.94,84.85,84.85,469.0,469.96,39896.0661,1
1787193900000,84.85,84.85,84.76,84.8,219.0,219.66,18628.6018,1
1787194200000,84.8,84.82,84.71,84.73,288.0,288.61,24466.4805,1
1787194500000,84.73,84.83,84.68,84.75,243.0,243.42,20632.889,1
1787194800000,84.76,84.76,84.38,84.38,4053.0,4053.81,342433.134,1
1787195100000,84.38,84.4,84.08,84.18,5239.0,5239.16,441357.272,1
1787195400000,84.18,84.28,83.99,84.23,1926.0,1926.51,162004.2369,1
1787195700000,84.24,84.5,84.23,84.49,1581.0,1581.87,133420.0654,1
1787196000000,84.48,84.58,84.38,84.38,454.0,454.02,38352.6288,1
1787196300000,84.39,84.39,84.23,84.26,441.0,441.6,37225.1737,1
1787196600000,84.26,84.44,84.26,84.37,375.0,375.81,31708.4458,1
1787196900000,84.37,84.46,84.32,84.4,576.0,576.44,48639.3949,1
1787197200000,84.41,84.56,84.41,84.55,328.0,328.99,27797.794,1
1787197500000,84.51,84.69,84.5,84.56,370.0,370.06,31299.9462,1
1787197800000,84.56,84.66,84.51,84.58,374.0,374.21,31644.1705,1
1787198100000,84.58,84.58,84.49,84.49,129.0,129.89,10979.2858,1
1787198400000,84.49,84.59,84.46,84.58,274.0,274.94,23231.803,1
1787198700000,84.56,84.71,84.51,84.71,370.0,370.19,31323.8169,1
1787199000000,84.7,84.7,84.59,84.61,240.0,240.89,20390.8748,1
1787199300000,84.61,84.69,84.59,84.66,150.0,150.1,12702.6705,1
1787199600000,84.66,84.66,84.5,84.56,260.0,260.4,22020.9441,1
1787199900000,84.56,84.63,84.53,84.53,170.0,170.44,14419.0979,1
1787200200000,84.53,84.55,84.41,84.47,161.0,161.55,13649.5152,1
1787200500000,84.47,84.5,84.44,84.49,253.0,253.52,21416.291,1
1787200800000,84.44,84.62,84.41,84.57,835.0,835.09,70621.8093,1
1787201100000,84.6,84.71,84.59,84.71,151.0,151.5,12826.109,1
1787201400000,84.71,84.95,84.69,84.84,2065.0,2065.31,175233.6847,1
1787201700000,84.85,84.89,84.83,84.83,59.0,59.6,5056.9713,1
1787202000000,84.83,84.92,84.8,84.82,503.0,503.65,42730.7667,1
1787202300000,84.85,84.97,84.83,84.91,111.0,111.16,9438.4004,1
1787202600000,84.9,84.92,84.84,84.84,239.0,239.12,20298.9445,1
1787202900000,84.84,85.01,84.84,84.98,2062.0,2062.91,175292.5234,1
1787203200000,84.96,85.05,84.92,85.05,1048.0,1048.56,89080.6038,1
1787203500000,85.05,85.06,84.9,84.9,2282.0,2282.62,194106.5399,1
1787203800000,84.88,84.98,84.88,84.98,576.0,576.03,48928.1623,1
1787204100000,84.97,85.03,84.91,84.95,1463.0,1463.41,124377.3384,1
1787204400000,84.95,84.99,84.93,84.98,464.0,464.69,39485.0043,1
1787204700000,84.98,84.98,84.84,84.89,264.0,264.14,22424.3637,1
1787205000000,84.89,84.93,84.8,84.91,350.0,350.96,29793.8227,1
1787205300000,84.91,84.94,84.84,84.93,143.0,143.77,12205.6794,1
1787205600000,84.94,84.94,84.77,84.8,719.0,719.28,61029.4529,1
1787205900000,84.79,84.87,84.7,84.7,1654.0,1654.18,140234.2342,1
1787206200000,84.7,84.82,84.7,84.79,253.0,253.89,21518.6551,1
1787206500000,84.79,84.97,84.76,84.95,3766.0,3766.37,319413.6118,1
1787206800000,84.94,85.22,84.87,85.21,1463.0,1463.71,124601.065,1
1787207100000,85.21,85.48,85.15,85.41,1179.0,1179.15,100698.7676,1
1787207400000,85.42,85.47,85.27,85.31,449.0,449.21,38361.9287,1
1787207700000,85.31,85.6,85.27,85.52,1245.0,1245.08,106489.0182,1
1787208000000,85.54,85.82,85.54,85.76,3141.0,3141.89,269388.4776,1
1787208300000,85.78,85.92,85.7,85.79,469.0,469.57,40293.9592,1
1787208600000,85.81,85.84,85.76,85.79,511.0,511.45,43889.8457,1
1787208900000,85.83,85.91,85.81,85.9,1138.0,1138.29,97748.3832,1
1787209200000,85.89,85.91,85.8,85.88,610.0,610.92,52440.9796,1
1787209500000,85.88,86.0,85.87,85.91,526.0,526.95,45295.9766,1
1787209800000,85.96,86.0,85.81,85.91,461.0,461.71,39664.7815,1
1787210100000,85.92,85.97,85.81,85.82,211.0,211.93,18202.045,1
1787210400000,85.81,85.93,85.77,85.8,697.0,697.86,59890.0453,1
1787210700000,85.8,86.07,85.8,86.0,592.0,592.48,50907.5372,1
1787211000000,86.0,86.15,85.83,86.1,429.0,429.44,36930.669,1
1787211300000,86.11,86.13,85.88,85.92,1173.0,1173.84,100878.9623,1
1787211600000,85.88,85.95,85.8,85.86,267.0,267.31,22957.9718,1
1787211900000,85.87,86.1,85.8,86.03,348.0,348.56,29961.0839,1
1787212200000,86.03,86.18,85.98,86.18,956.0,956.36,82348.444,1
1787212500000,86.18,86.19,86.03,86.15,1264.0,1264.87,108960.8937,1
1787212800000,86.15,86.19,86.05,86.12,659.0,659.79,56834.1897,1
1787213100000,86.11,86.85,86.1,86.79,4646.0,4646.68,402215.4265,1
1787213400000,86.78,87.52,86.7,87.43,5518.0,5518.37,481203.4623,1
1787213700000,87.4,87.64,87.07,87.54,4802.0,4802.34,419553.6916,1
1787214000000,87.52,87.55,87.03,87.19,1269.0,1269.39,110731.2543,1
1787214300000,87.22,87.58,87.12,87.54,2044.0,2044.01,178320.5954,1
1787214600000,87.53,87.62,87.39,87.5,4040.0,4040.95,353631.1956,1
1787214900000,87.5,87.84,87.36,87.73,3806.0,3806.97,333349.4902,1
1787215200000,87.74,87.9,87.54,87.9,1677.0,1677.09,147103.9962,1
1787215500000,87.9,87.96,87.73,87.76,2998.0,2998.17,263389.7045,1
1787215800000,87.72,87.85,87.65,87.84,718.0,718.21,63051.8434,1
1787216100000,87.84,87.92,87.48,87.51,2250.0,2250.78,197613.6598,1
1787216400000,87.51,87.6,87.4,87.41,762.0,762.75,66730.4694,1
1787216700000,87.44,87.67,87.29,87.46,599.0,599.98,52460.3086,1
1787217000000,87.46,87.66,87.37,87.65,1291.0,1291.64,113059.5387,1
1787217300000,87.66,87.8,87.56,87.65,10238.0,10238.38,897493.2003,1
1787217600000,87.64,87.8,87.56,87.79,474.0,474.41,41602.8806,1
1787217900000,87.79,87.79,87.52,87.52,636.0,636.43,55796.7764,1
1787218200000,87.52,87.64,87.34,87.4,2388.0,2388.53,208813.2075,1
1787218500000,87.39,87.61,87.39,87.49,1045.0,1045.55,91540.2838,1
1787218800000,87.47,87.71,87.47,87.56,492.0,492.19,43123.6431,1
1787219100000,87.54,87.59,87.51,87.53,362.0,362.6,31745.7199,1
1787219400000,87.5,87.55,87.08,87.12,13440.0,13440.45,1171309.4934,1
1787219700000,87.13,87.37,87.08,87.35,530.0,530.09,46214.5132,1
1787220000000,87.32,87.49,87.2,87.32,668.0,668.21,58359.1585,1
1787220300000,87.34,87.53,87.28,87.49,4603.0,4603.45,402739.0468,1
1787220600000,87.49,87.55,87.39,87.53,3914.0,3914.47,342464.3295,1
1787220900000,87.53,87.8,87.5,87.76,1154.0,1154.99,101205.1821,1
1787221200000,87.75,87.8,87.5,87.61,686.0,686.99,60195.5474,1
1787221500000,87.6,87.6,87.33,87.41,484.0,484.91,42400.5714,1
1787221800000,87.42,87.44,87.18,87.23,893.0,893.04,77949.2204,1
1787222100000,87.23,87.31,87.16,87.24,481.0,481.51,41997.16,1
1787222400000,87.25,87.27,87.07,87.11,836.0,836.71,72918.5785,1
1787222700000,87.11,87.21,87.04,87.04,2039.0,2039.84,177619.4658,1
1787223000000,87.03,87.28,86.97,87.22,1067.0,1067.02,92948.1249,1
1787223300000,87.22,87.47,87.17,87.45,272.0,272.03,23752.9228,1
1787223600000,87.44,87.45,87.23,87.37,455.0,455.0,39760.1943,1
1787223900000,87.37,87.37,87.17,87.19,1558.0,1558.42,136025.36,1
1787224200000,87.17,87.23,87.07,87.14,452.0,452.74,39447.3626,1
1787224500000,87.15,87.19,87.08,87.14,297.0,297.19,25896.3889,1
1787224800000,87.14,87.26,87.11,87.25,647.0,647.33,56441.636,1
1787225100000,87.24,87.33,87.16,87.17,175.0,175.72,15329.7131,1
1787225400000,87.16,87.72,87.13,87.71,1342.0,1342.55,117406.0897,1
1787225700000,87.7,88.12,87.68,88.0,17896.0,17896.68,1572935.0068,1
1787226000000,88.01,88.08,87.71,87.71,2559.0,2559.31,224931.0151,1
1787226300000,87.71,87.86,87.71,87.85,1128.0,1128.46,99072.0,1
1787226600000,87.83,87.87,87.51,87.51,1221.0,1221.47,107112.0719,1
1787226900000,87.51,87.52,87.18,87.18,1008.0,1008.71,88140.7752,1
1787227200000,87.19,87.39,87.06,87.16,2379.0,2379.64,207621.4094,1
1787227500000,87.18,87.26,86.59,86.74,6497.0,6497.04,563444.8643,1
1787227800000,86.73,87.02,86.73,86.84,2941.0,2941.15,255462.725,1
1787228100000,86.83,86.98,86.73,86.77,1669.0,1669.66,144969.7933,1
1787228400000,86.77,86.98,86.77,86.96,677.0,677.7,58895.8285,1
1787228700000,86.95,86.98,86.89,86.91,495.0,495.4,43067.1445,1
1787229000000,86.95,87.04,86.71,86.79,2258.0,2258.77,196088.493,1
1787229300000,86.79,86.8,86.67,86.8,917.0,917.78,79596.1614,1
1787229600000,86.83,86.87,86.69,86.71,625.0,625.01,54264.4246,1
1787229900000,86.71,86.77,86.52,86.7,1036.0,1036.85,89829.9586,1
1787230200000,86.7,87.04,86.7,87.03,2770.0,2770.81,240962.903,1
1787230500000,87.03,87.11,87.0,87.06,3105.0,3105.17,270306.8515,1
1787230800000,87.06,87.27,87.0,87.18,1354.0,1354.24,118066.6206,1
1787231100000,87.18,87.34,87.18,87.28,1989.0,1989.67,173668.6476,1
1787231400000,87.28,87.29,87.13,87.29,3550.0,3550.28,309418.2262,1
1787231700000,87.26,87.38,87.22,87.34,4021.0,4021.52,351259.1428,1
1787232000000,87.34,87.48,87.15,87.22,5590.0,5590.28,487422.6774,1
1787232300000,87.21,87.21,86.94,87.02,1388.0,1388.89,120935.2368,1
1787232600000,87.0,87.0,86.4,86.52,11345.0,11345.63,982956.827,1
1787232900000,86.54,86.69,86.17,86.45,2968.0,2968.36,256603.9329,1
1787233200000,86.45,86.78,86.34,86.76,1501.0,1501.68,130023.1638,1
1787233500000,86.74,86.8,86.34,86.56,1215.0,1215.95,105329.4194,1
1787233800000,86.57,86.75,86.38,86.6,1840.0,1840.12,159426.8799,1
1787234100000,86.6,86.71,86.5,86.54,1104.0,1104.77,95621.6348,1
1787234400000,86.54,86.65,86.45,86.48,2788.0,2788.36,241277.8248,1
1787234700000,86.47,86.68,86.44,86.64,6154.0,6154.18,532731.1944,1
1787235000000,86.67,86.84,86.55,86.56,2369.0,2369.76,205628.6576,1
1787235300000,86.57,86.58,86.29,86.31,1441.0,1441.41,124588.5586,1
1787235600000,86.29,86.56,86.22,86.52,802.0,802.68,69378.5861,1
1787235900000,86.5,86.53,86.19,86.27,2051.0,2051.13,177116.638,1
1787236200000,86.27,86.56,86.27,86.42,581.0,581.84,50283.1074,1
1787236500000,86.42,86.56,86.34,86.4,626.0,626.53,54151.6869,1
1787236800000,86.38,86.47,86.29,86.36,793.0,793.72,68562.4926,1
1787237100000,86.37,86.37,86.14,86.26,788.0,788.27,67968.0101,1
1787237400000,86.26,86.55,86.26,86.45,2485.0,2485.16,214917.4522,1
1787237700000,86.43,86.61,86.39,86.6,990.0,990.02,85685.4784,1
1787238000000,86.59,87.32,86.54,87.16,4932.0,4932.61,429145.9006,1
1787238300000,87.16,87.26,86.72,86.87,2321.0,2321.84,201982.7109,1
1787238600000,86.86,87.03,86.83,87.02,1197.0,1197.22,104092.3038,1
1787238900000,87.02,87.04,86.84,86.99,825.0,825.43,71744.0683,1
1787239200000,86.97,87.13,86.65,86.71,923.0,923.17,80217.2987,1
1787239500000,86.71,87.03,86.69,87.02,722.0,722.84,62796.7647,1
1787239800000,87.02,87.33,86.97,87.02,3552.0,3552.15,309556.057,1
1787240100000,87.02,87.03,86.72,86.86,1148.0,1148.92,99759.7183,1
1787240400000,86.88,86.94,86.81,86.82,595.0,595.5,51732.3884,1
1787240700000,86.82,87.07,86.75,87.05,880.0,880.17,76509.5383,1
1787241000000,87.05,87.35,87.02,87.29,1265.0,1265.11,110346.3511,1
1787241300000,87.3,87.44,87.22,87.34,1034.0,1034.01,90321.819,1
1787241600000,87.34,87.35,87.05,87.08,895.0,895.12,78075.7336,1
1787241900000,87.08,87.34,87.08,87.33,768.0,768.95,67101.8075,1
1787242200000,87.35,87.35,87.06,87.13,791.0,791.2,69018.3254,1
1787242500000,87.12,87.22,86.94,87.05,985.0,985.51,85790.3364,1
1787242800000,87.05,87.05,86.86,86.86,321.0,321.3,27940.1049,1
1787243100000,86.84,87.11,86.84,87.1,1565.0,1565.46,136071.8274,1
1787243400000,87.08,87.19,86.91,87.09,411.0,411.5,35818.8487,1
1787243700000,87.09,87.24,87.04,87.22,519.0,519.1,45240.1598,1
1787244000000,87.23,87.68,87.22,87.49,3123.0,3123.79,273233.9318,1
1787244300000,87.46,87.55,87.38,87.41,974.0,974.34,85234.5569,1
1787244600000,87.4,87.6,87.37,87.58,514.0,514.51,45015.5467,1
1787244900000,87.55,87.83,87.46,87.72,11209.0,11209.3,981925.4214,1
1787245200000,87.72,87.84,87.59,87.67,633.0,633.93,55599.3681,1
1787245500000,87.69,87.74,87.5,87.51,1210.0,1210.72,106042.3701,1
1787245800000,87.52,87.58,87.32,87.37,1618.0,1618.13,141519.5765,1
1787246100000,87.37,87.46,87.29,87.39,984.0,984.07,86004.2516,1
1787246400000,87.38,87.58,87.28,87.56,788.0,788.28,68902.1131,1
1787246700000,87.56,87.65,87.51,87.58,497.0,497.8,43599.2253,1
1787247000000,87.58,87.72,87.56,87.68,381.0,381.35,33426.9634,1
1787247300000,87.68,87.72,87.52,87.71,1109.0,1109.08,97129.2968,1
1787247600000,87.7,87.78,87.45,87.49,760.0,760.99,66649.7975,1
1787247900000,87.51,87.72,87.48,87.72,330.0,330.48,28943.4615,1
1787248200000,87.72,87.89,87.68,87.73,1185.0,1185.01,104039.3355,1
1787248500000,87.73,87.78,87.45,87.47,381.0,381.24,33400.7656,1
1787248800000,87.46,87.64,87.04,87.15,14574.0,14574.69,1270960.543,1
1787249100000,87.15,87.24,87.03,87.08,3686.0,3686.73,321182.2677,1
1787249400000,87.08,87.08,86.89,86.98,1500.0,1500.24,130486.9716,1
1787249700000,86.97,87.09,86.75,87.09,3986.0,3986.04,346619.7321,1
1787250000000,87.11,87.32,87.1,87.31,1342.0,1342.4,117090.2574,1
1787250300000,87.31,87.33,87.11,87.18,1609.0,1609.98,140422.3268,1
1787250600000,87.14,87.22,86.67,86.72,4413.0,4413.28,383110.6465,1
1787250900000,86.73,86.88,86.66,86.66,2423.0,2423.04,210333.62,1
1787251200000,86.66,86.87,86.64,86.83,1842.0,1842.73,159716.8276,1
1787251500000,86.83,86.94,86.81,86.91,600.0,600.53,52166.8749,1
1787251800000,86.9,87.08,86.88,86.99,369.0,369.02,32094.1023,1
1787252100000,86.98,87.01,86.83,86.83,297.0,297.2,25836.8081,1
1787252400000,86.84,87.19,86.82,87.1,10526.0,10526.27,914141.5327,1
1787252700000,87.1,87.37,87.05,87.24,11282.0,11282.03,984298.3093,1
1787253000000,87.26,87.32,87.13,87.14,937.0,937.21,81768.4324,1
1787253300000,87.14,87.26,87.11,87.22,488.0,488.48,42592.5516,1
1787253600000,87.22,87.43,87.2,87.43,823.0,823.94,71993.281,1
1787253900000,87.42,87.42,87.23,87.26,754.0,754.17,65899.915,1
1787254200000,87.24,87.33,87.13,87.17,1112.0,1112.37,97019.1815,1
1787254500000,87.15,87.42,87.09,87.37,1283.0,1283.11,112054.8147,1
1787254800000,87.37,87.5,87.36,87.39,523.0,523.99,45819.464,1
1787255100000,87.4,87.44,87.13,87.19,507.0,507.29,44283.0716,1
1787255400000,87.19,87.27,87.16,87.17,272.0,272.37,23755.682,1
1787255700000,87.16,87.28,87.06,87.28,438.0,438.06,38173.6421,1
1787256000000,87.27,87.37,87.23,87.31,256.0,256.9,22424.7715,1
1787256300000,87.31,87.37,87.25,87.37,311.0,311.9,27231.5844,1
1787256600000,87.37,87.46,87.32,87.35,588.0,588.72,51457.4959,1
1787256900000,87.37,87.44,87.33,87.41,457.0,457.68,39987.4919,1
1787257200000,87.41,87.41,87.24,87.35,184.0,184.97,16155.6268,1
1787257500000,87.35,87.43,87.31,87.41,414.0,414.92,36252.6717,1
1787257800000,87.41,87.64,87.4,87.57,1762.0,1762.03,154238.2183,1
1787258100000,87.57,87.67,87.46,87.46,495.0,495.35,43388.2485,1
1787258400000,87.48,87.54,87.44,87.5,272.0,272.34,23830.2512,1
1787258700000,87.5,87.55,87.49,87.53,545.0,545.68,47761.5259,1
1787259000000,87.53,87.53,87.41,87.44,199.0,199.76,17468.3475,1
1787259300000,87.46,87.56,87.44,87.56,1609.0,1609.38,140850.6102,1
1787259600000,87.56,87.66,87.56,87.65,649.0,649.08,56882.1127,1
1787259900000,87.63,87.77,87.63,87.76,4705.0,4705.67,412650.1655,1
1787260200000,87.77,87.84,87.69,87.69,402.0,402.83,35365.1708,1
1787260500000,87.69,87.78,87.6,87.61,225.0,225.26,19752.8912,1
1787260800000,87.57,87.61,87.44,87.44,242.0,242.62,21243.0426,1
1787261100000,87.44,87.54,87.4,87.44,481.0,481.66,42113.1973,1
1787261400000,87.43,87.7,87.43,87.7,1857.0,1857.44,162570.3819,1
1787261700000,87.7,87.7,87.49,87.5,781.0,781.13,68435.9889,1
1787262000000,87.48,87.57,87.47,87.5,1632.0,1632.07,142825.5764,1
1787262300000,87.5,87.57,87.5,87.54,827.0,827.75,72454.2483,1
1787262600000,87.54,87.56,87.45,87.54,448.0,448.37,39227.0391,1
1787262900000,87.45,87.52,87.45,87.47,326.0,326.26,28541.1527,1
1787263200000,87.49,87.49,87.25,87.25,3054.0,3054.51,266932.9721,1
1787263500000,87.25,87.39,87.25,87.38,4833.0,4833.76,422344.6388,1
1787263800000,87.38,87.41,87.31,87.36,355.0,355.48,31055.5031,1
1787264100000,87.36,87.38,87.24,87.31,298.0,298.01,26014.8534,1
1787264400000,87.33,87.54,87.33,87.53,3536.0,3536.45,309510.9002,1
1787264700000,87.54,87.59,87.41,87.44,2749.0,2749.81,240723.0429,1
1787265000000,87.46,87.47,87.31,87.36,286.0,286.08,24996.0949,1
1787265300000,87.36,87.4,87.28,87.31,200.0,200.03,17469.095,1
1787265600000,87.29,87.29,87.23,87.23,523.0,523.58,45677.65,1
1787265900000,87.23,87.33,87.21,87.3,542.0,542.21,47334.9151,1
1787266200000,87.3,87.42,87.3,87.35,347.0,347.69,30378.5786,1
1787266500000,87.35,87.35,87.18,87.22,424.0,424.73,37048.7775,1
1787266800000,87.22,87.31,87.21,87.3,198.0,198.47,17322.458,1
1787267100000,87.3,87.39,87.29,87.35,479.0,479.03,41836.9314,1
1787267400000,87.35,87.44,87.35,87.43,705.0,705.22,61641.3255,1
1787267700000,87.42,87.53,87.38,87.51,2178.0,2178.25,190633.0112,1
1787268000000,87.53,87.57,87.48,87.53,470.0,470.37,41169.8505,1
1787268300000,87.54,87.92,87.54,87.81,5486.0,5486.7,481518.4591,1
1787268600000,87.82,87.99,87.73,87.74,4115.0,4115.55,361932.4073,1
1787268900000,87.74,87.75,87.63,87.66,1612.0,1612.72,141374.0466,1
1787269200000,87.68,87.69,87.53,87.6,1092.0,1092.07,95649.2888,1
1787269500000,87.61,87.68,87.55,87.67,1223.0,1223.14,107175.369,1
1787269800000,87.66,87.7,87.57,87.7,368.0,368.15,32261.6098,1
1787270100000,87.69,87.69,87.58,87.65,213.0,213.89,18746.7516,1
1787270400000,87.63,87.73,87.55,87.55,784.0,784.65,68774.7399,1
1787270700000,87.56,87.79,87.56,87.67,490.0,490.21,42986.8525,1
1787271000000,87.68,87.94,87.68,87.94,478.0,478.06,41965.7926,1
1787271300000,87.92,88.45,87.77,88.25,14143.0,14143.6,1247532.6266,1
1787271600000,88.24,88.77,88.13,88.7,18810.0,18810.75,1664339.4634,1
1787271900000,88.73,88.76,88.34,88.36,4275.0,4275.13,378688.8094,1
1787272200000,88.37,88.61,88.27,88.28,2429.0,2429.24,214719.5671,1
1787272500000,88.28,88.28,87.94,88.06,4625.0,4625.41,407608.0355,1
1787272800000,88.06,88.06,87.8,87.92,1357.0,1357.69,119329.2723,1
1787273100000,87.92,88.17,87.83,88.09,2915.0,2915.84,256478.7427,1
1787273400000,88.09,88.42,88.04,88.19,863.0,863.51,76175.0278,1
1787273700000,88.23,88.28,87.97,88.24,719.0,719.29,63408.1728,1
1787274000000,88.23,88.39,88.12,88.34,524.0,524.46,46287.2829,1
1787274300000,88.31,88.37,88.24,88.31,576.0,576.43,50897.0507,1
1787274600000,88.34,88.4,88.24,88.31,1416.0,1416.58,125057.1736,1
1787274900000,88.37,89.06,88.28,88.72,4673.0,4673.87,415004.07,1
1787275200000,88.74,88.74,88.19,88.35,2825.0,2825.32,249692.3399,1
1787275500000,88.34,88.42,88.24,88.35,2268.0,2268.97,200430.4183,1
1787275800000,88.38,88.68,88.26,88.57,3098.0,3098.4,274400.6952,1
1787276100000,88.57,88.6,88.28,88.34,1662.0,1662.34,146928.6493,1
1787276400000,88.36,88.48,88.25,88.46,1009.0,1009.07,89165.0249,1
1787276700000,88.49,89.47,88.42,89.42,15732.0,15732.75,1402492.3965,1
1787277000000,89.45,89.46,89.07,89.12,3920.0,3920.74,349810.5829,1
1787277300000,89.1,89.17,88.89,88.99,11394.0,11394.52,1013945.3248,1
1787277600000,89.01,89.21,88.51,89.19,2044.0,2044.56,181612.4209,1
1787277900000,89.22,89.78,89.2,89.21,6336.0,6336.68,566606.8225,1
1787278200000,89.23,89.23,88.77,89.17,9117.0,9117.78,810609.1658,1
1787278500000,89.17,89.31,88.99,89.26,13877.0,13877.92,1238090.4018,1
1787278800000,89.25,89.3,88.89,88.98,1080.0,1080.11,96236.2801,1
1787279100000,88.97,89.4,88.97,89.39,801.0,801.03,71472.6921,1
1787279400000,89.41,89.42,88.91,89.17,1543.0,1543.33,137585.7456,1
1787279700000,89.17,90.18,89.09,89.92,20167.0,20167.01,1812764.9788,1
1787280000000,89.91,90.09,89.62,89.69,3762.0,3762.83,337615.3932,1
1787280300000,89.71,89.71,89.35,89.49,6951.0,6951.85,622988.5383,1
1787280600000,89.53,89.65,89.13,89.2,6486.0,6486.38,579232.6037,1
1787280900000,89.2,89.3,89.14,89.25,10542.0,10542.44,940822.4698,1
1787281200000,89.29,89.29,89.07,89.15,657.0,657.28,58621.7888,1
1787281500000,89.12,89.13,88.74,89.04,1492.0,1492.74,132698.7243,1
1787281800000,89.06,89.34,89.0,89.11,1691.0,1691.21,150898.0915,1
1787282100000,89.13,89.14,88.91,89.02,615.0,615.63,54813.4033,1
1787282400000,89.03,89.33,89.03,89.3,2163.0,2163.39,192894.1029,1
1787282700000,89.3,89.37,89.22,89.34,2006.0,2006.58,179201.9346,1
1787283000000,89.36,89.45,89.26,89.26,1141.0,1141.28,102004.5586,1
1787283300000,89.28,89.38,89.11,89.26,625.0,625.64,55813.0127,1
1787283600000,89.21,89.31,89.18,89.19,1466.0,1466.03,130789.1541,1
1787283900000,89.19,89.47,89.18,89.38,603.0,603.95,53962.8232,1
1787284200000,89.39,89.55,89.26,89.26,1562.0,1562.68,139868.677,1
1787284500000,89.25,89.33,89.12,89.12,7625.0,7625.07,680904.0891,1
1787284800000,89.15,89.43,89.11,89.39,1107.0,1107.87,98941.4229,1
1787285100000,89.39,89.39,89.17,89.21,344.0,344.96,30784.1838,1
1787285400000,89.23,89.28,89.05,89.05,512.0,512.77,45689.8817,1
1787285700000,89.07,89.38,89.06,89.23,2139.0,2139.9,191153.3498,1
1787286000000,89.24,89.31,89.13,89.13,3001.0,3001.1,267889.5203,1
1787286300000,89.11,89.12,88.89,88.92,1098.0,1098.66,97815.9969,1
1787286600000,88.92,89.2,88.87,89.12,2321.0,2321.64,206767.9682,1
1787286900000,89.16,89.2,89.07,89.07,270.0,270.76,24134.8585,1
1787287200000,89.11,89.16,88.95,89.12,327.0,327.0,29127.9213,1
1787287500000,89.13,89.47,89.1,89.28,1075.0,1075.08,96133.4674,1
1787287800000,89.32,89.47,89.3,89.45,268.0,268.58,24005.3826,1
1787288100000,89.45,89.47,89.36,89.47,321.0,321.11,28718.0387,1
1787288400000,89.44,89.46,89.16,89.23,6893.0,6893.94,615458.6412,1
1787288700000,89.25,89.54,89.25,89.44,4621.0,4621.45,413630.0242,1
1787289000000,89.42,89.65,89.4,89.62,1371.0,1371.67,122822.4393,1
1787289300000,89.62,89.88,89.51,89.87,3170.0,3170.02,284368.6981,1
1787289600000,89.85,89.97,89.69,89.69,10702.0,10702.7,960838.8552,1
1787289900000,89.71,89.71,89.4,89.62,5250.0,5250.91,469670.5721,1
1787290200000,89.58,89.84,89.55,89.77,333.0,333.23,29881.8573,1
1787290500000,89.79,90.07,89.72,90.03,5728.0,5728.39,514993.432,1
1787290800000,90.04,90.13,89.89,90.13,1596.0,1596.21,143755.0487,1
1787291100000,90.11,90.62,90.1,90.49,5194.0,5194.99,469852.7826,1
1787291400000,90.49,90.71,90.37,90.41,782.0,782.54,70855.9979,1
1787291700000,90.43,90.5,90.22,90.4,1168.0,1168.73,105552.0346,1
1787292000000,90.41,91.07,90.32,90.89,2877.0,2877.04,260985.999,1
1787292300000,90.91,91.31,90.74,91.0,2673.0,2673.32,243562.228,1
1787292600000,91.0,91.0,90.65,90.73,1733.0,1733.99,157465.6195,1
1787292900000,90.77,90.84,90.59,90.65,716.0,716.03,64962.7694,1
1787293200000,90.65,90.67,90.01,90.08,1991.0,1991.27,179834.5282,1
1787293500000,90.08,90.34,90.05,90.07,628.0,628.69,56716.8299,1
1787293800000,90.05,90.36,90.03,90.3,1192.0,1192.62,107573.7223,1
1787294100000,90.27,90.4,90.18,90.39,3647.0,3647.12,329235.0276,1
1787294400000,90.39,90.42,90.03,90.04,1106.0,1106.61,99770.1309,1
1787294700000,90.04,90.41,89.74,90.29,5004.0,5004.87,451311.0885,1
1787295000000,90.31,90.33,90.1,90.1,1452.0,1452.44,131014.9411,1
1787295300000,90.12,90.22,90.11,90.22,999.0,999.71,90131.8879,1
1787295600000,90.19,90.61,90.17,90.51,1152.0,1152.99,104318.0269,1
1787295900000,90.5,90.64,90.44,90.6,490.0,490.78,44443.8174,1
1787296200000,90.6,90.79,90.6,90.79,1750.0,1750.52,158728.1993,1
1787296500000,90.8,91.16,90.71,90.93,4155.0,4155.09,378087.8905,1
1787296800000,90.93,90.93,90.34,90.34,1909.0,1909.82,173171.5131,1
1787297100000,90.34,90.48,90.15,90.26,1768.0,1768.44,159622.3918,1
1787297400000,90.29,90.32,89.95,90.15,3112.0,3112.33,280423.8511,1
1787297700000,90.18,90.41,90.07,90.39,1631.0,1631.99,147226.6737,1
1787298000000,90.41,90.73,90.35,90.57,1758.0,1758.88,159182.9368,1
1787298300000,90.57,90.69,90.47,90.5,3798.0,3798.21,344082.7945,1
1787298600000,90.51,90.53,90.34,90.36,607.0,607.06,54884.1368,1
1787298900000,90.34,90.5,90.31,90.41,1019.0,1019.1,92147.7178,1
1787299200000,90.41,90.72,90.36,90.66,2799.0,2799.44,253289.2278,1
1787299500000,90.61,90.84,90.51,90.77,1056.0,1056.94,95864.6222,1
1787299800000,90.8,91.03,90.71,90.75,2351.0,2351.03,213701.9316,1
1787300100000,90.73,91.1,90.73,91.0,11927.0,11927.38,1085151.6328,1
1787300400000,91.05,91.36,91.02,91.25,7302.0,7302.65,665844.6573,1
1787300700000,91.26,91.53,91.24,91.35,17731.0,17731.12,1620440.5778,1
1787301000000,91.39,91.71,91.27,91.71,2103.0,2103.04,192546.2421,1
1787301300000,91.72,92.19,91.67,92.06,19044.0,19044.87,1751735.9159,1
1787301600000,92.02,92.2,91.93,92.14,14773.0,14773.45,1360211.1807,1
1787301900000,92.15,92.73,92.11,92.57,16737.0,16737.36,1548962.4918,1
1787302200000,92.59,92.88,92.54,92.84,3513.0,3513.25,325711.922,1
1787302500000,92.84,93.4,92.74,93.29,4909.0,4909.93,456933.6038,1
1787302800000,93.23,93.33,90.9,91.27,46517.0,46517.28,4276880.6644,1
1787303100000,91.27,91.42,90.29,91.39,26235.0,26235.53,2383323.1295,1
1787303400000,91.41,91.8,91.31,91.37,14232.0,14232.74,1303831.5976,1
1787303700000,91.39,91.57,90.94,91.16,3528.0,3528.38,321737.8728,1
1787304000000,91.2,91.31,90.9,90.9,1518.0,1518.01,138246.6002,1
1787304300000,90.96,91.29,90.85,91.2,1990.0,1990.93,181201.9733,1
1787304600000,91.17,91.54,91.0,91.46,5384.0,5384.48,491731.1217,1
1787304900000,91.44,91.68,91.39,91.63,3022.0,3022.82,276745.2187,1
1787305200000,91.65,91.94,91.59,91.86,3491.0,3491.44,320095.6728,1
1787305500000,91.86,92.17,91.82,92.16,5612.0,5612.59,516532.6171,1
1787305800000,92.17,92.18,91.84,91.96,7465.0,7465.27,687386.9016,1
1787306100000,91.98,91.99,91.29,91.67,4540.0,4540.25,416313.0831,1
1787306400000,91.66,91.72,91.21,91.25,1054.0,1054.07,96384.1962,1
1787306700000,91.24,91.45,91.16,91.16,2058.0,2058.0,187883.7971,1
1787307000000,91.17,91.35,91.16,91.29,1198.0,1198.29,109366.5184,1
1787307300000,91.25,91.68,91.25,91.65,688.0,688.66,63024.0386,1
1787307600000,91.65,91.65,91.29,91.3,2011.0,2011.09,183990.7759,1
1787307900000,91.31,91.31,90.85,91.26,2680.0,2680.66,243987.7105,1
1787308200000,91.26,91.34,90.92,91.0,1265.0,1265.21,115308.1571,1
1787308500000,90.97,91.19,90.88,91.17,809.0,809.56,73732.3352,1
1787308800000,91.17,91.38,91.14,91.38,2156.0,2156.42,196760.6548,1
1787309100000,91.38,91.66,91.38,91.52,793.0,793.7,72674.3625,1
1787309400000,91.48,91.55,91.4,91.51,801.0,801.72,73332.9582,1
1787309700000,91.54,91.59,91.4,91.48,388.0,388.1,35514.6762,1
1787310000000,91.46,91.52,91.11,91.52,876.0,876.36,80003.927,1
1787310300000,91.5,91.62,91.46,91.49,584.0,584.12,53458.9033,1
1787310600000,91.5,91.51,90.51,91.08,2402.0,2402.53,218472.1004,1
1787310900000,91.1,91.14,90.72,90.72,3323.0,3323.38,302062.1045,1
1787311200000,90.7,91.11,90.7,90.91,1226.0,1226.41,111545.8728,1
1787311500000,90.93,91.03,90.86,91.0,388.0,388.99,35383.0692,1
1787311800000,91.01,91.03,89.93,90.12,9292.0,9292.34,838621.0552,1
1787312100000,90.13,90.7,90.1,90.59,3229.0,3229.75,292246.5033,1
1787312400000,90.57,90.69,90.29,90.48,5962.0,5962.72,539995.9096,1
1787312700000,90.48,90.58,90.12,90.18,873.0,873.74,78913.0526,1
1787313000000,90.19,90.63,90.13,90.61,1529.0,1529.43,138277.2052,1
1787313300000,90.58,90.58,90.22,90.3,1039.0,1039.4,93987.6869,1
1787313600000,90.36,90.37,90.05,90.14,6943.0,6943.29,626034.6165,1
1787313900000,90.18,90.51,90.18,90.29,4414.0,4414.61,398967.5205,1
1787314200000,90.28,90.53,90.12,90.47,5992.0,5992.89,542232.918,1
1787314500000,90.45,90.45,90.29,90.38,1191.0,1191.39,107688.3148,1
1787314800000,90.39,90.41,90.22,90.37,873.0,873.37,78893.1946,1
1787315100000,90.36,90.4,90.25,90.32,20844.0,20844.83,1883587.8611,1
1787315400000,90.32,90.4,90.25,90.4,435.0,435.64,39361.2025,1
1787315700000,90.42,90.95,90.42,90.93,1482.0,1482.46,134492.1228,1
1787316000000,90.91,91.15,90.88,91.08,19898.0,19898.71,1813066.0315,1
1787316300000,91.06,91.12,90.96,91.07,1703.0,1703.79,155125.8543,1
1787316600000,91.1,91.15,90.82,90.86,1524.0,1524.68,138660.479,1
1787316900000,90.86,90.96,90.81,90.88,505.0,505.61,45947.4105,1
1787317200000,90.88,90.88,90.72,90.85,4695.0,4695.69,426189.995,1
1787317500000,90.89,90.99,90.84,90.93,1482.0,1482.49,134804.4791,1
1787317800000,90.9,90.9,90.74,90.89,1757.0,1757.55,159695.6519,1
1787318100000,90.84,90.87,90.5,90.61,22337.0,22337.02,2023017.8853,1
1787318400000,90.59,90.6,90.43,90.55,23301.0,23301.15,2109171.4995,1
1787318700000,90.52,90.84,90.51,90.76,10862.0,10862.56,984862.0419,1
1787319000000,90.74,90.74,90.05,90.17,3566.0,3566.99,321955.3169,1
1787319300000,90.14,90.69,89.79,90.69,9382.0,9382.41,848859.0695,1
1787319600000,90.68,91.03,90.68,90.98,9578.0,9578.72,870647.2784,1
1787319900000,90.99,91.19,90.89,91.18,3664.0,3664.68,333793.2302,1
1787320200000,91.19,91.35,90.91,90.97,5211.0,5211.87,475527.335,1
1787320500000,90.98,91.15,90.86,91.05,1200.0,1200.52,109266.3007,1
1787320800000,91.06,91.06,90.55,90.56,3619.0,3619.31,328458.7188,1
1787321100000,90.59,91.07,90.59,90.88,3063.0,3063.24,278650.9727,1
1787321400000,90.9,91.08,90.79,90.92,877.0,877.8,79852.5688,1
1787321700000,90.94,91.06,90.79,90.81,3196.0,3196.5,290585.9411,1
1787322000000,90.79,91.18,90.78,91.04,3389.0,3389.98,308121.8127,1
1787322300000,91.03,91.37,91.02,91.31,3505.0,3505.08,320005.2311,1
1787322600000,91.33,91.41,91.21,91.35,1549.0,1549.5,141520.9042,1
1787322900000,91.37,91.68,91.17,91.17,2600.0,2600.11,237809.9931,1
1787323200000,91.21,91.53,91.14,91.49,1054.0,1054.38,96331.5925,1
1787323500000,91.5,91.85,91.48,91.65,2215.0,2215.74,203165.1121,1
1787323800000,91.65,91.94,91.65,91.69,1154.0,1154.55,105975.4361,1
1787324100000,91.67,91.97,91.66,91.86,1692.0,1692.32,155389.6972,1
1787324400000,91.87,92.1,91.82,92.04,5325.0,5325.82,489555.641,1
1787324700000,92.0,92.17,91.9,92.07,1883.0,1883.01,173300.8655,1
1787325000000,92.1,92.1,91.66,91.87,1530.0,1530.17,140504.7459,1
1787325300000,91.87,92.0,91.6,91.67,1457.0,1457.37,133734.8962,1
1787325600000,91.68,91.83,91.6,91.63,1586.0,1586.5,145533.1755,1
1787325900000,91.63,91.74,91.48,91.55,1230.0,1230.7,112780.6514,1
1787326200000,91.58,91.7,91.37,91.38,1817.0,1817.99,166419.3818,1
1787326500000,91.41,91.66,91.35,91.66,2813.0,2813.76,257344.3213,1
1787326800000,91.66,91.79,91.58,91.58,591.0,591.7,54247.6521,1
1787327100000,91.6,91.71,91.49,91.49,2507.0,2507.86,229778.2911,1
1787327400000,91.46,91.55,91.26,91.26,1793.0,1793.42,164008.2067,1
1787327700000,91.25,91.4,91.23,91.31,3012.0,3012.29,275107.2804,1
1787328000000,91.38,91.48,91.19,91.22,1689.0,1689.52,154308.006,1
1787328300000,91.21,91.31,90.94,90.94,4227.0,4227.89,384993.3479,1
1787328600000,90.92,91.16,90.8,90.8,1669.0,1669.57,151872.9575,1
1787328900000,90.8,91.33,90.74,91.24,1320.0,1320.82,120159.2844,1
1787329200000,91.24,91.43,91.16,91.26,717.0,717.12,65484.7722,1
1787329500000,91.26,91.52,91.21,91.5,1326.0,1326.76,121272.309,1
1787329800000,91.52,91.56,91.38,91.52,754.0,754.26,68969.8997,1
1787330100000,91.51,91.56,91.43,91.56,542.0,542.19,49596.773,1
1787330400000,91.58,91.59,91.31,91.39,404.0,404.56,36983.9939,1
1787330700000,91.39,91.73,91.37,91.66,2118.0,2118.45,194185.2846,1
1787331000000,91.7,91.92,91.64,91.73,1306.0,1306.34,119825.7484,1
1787331300000,91.68,91.76,91.57,91.61,1082.0,1082.7,99280.5233,1
1787331600000,91.62,91.69,91.51,91.62,720.0,720.28,65971.9078,1
1787331900000,91.62,91.93,91.59,91.79,1255.0,1255.94,115293.1255,1
1787332200000,91.78,91.87,91.62,91.72,830.0,830.19,76171.2603,1
1787332500000,91.72,91.72,91.44,91.55,434.0,434.52,39799.2642,1
1787332800000,91.55,91.55,91.17,91.17,866.0,866.96,79168.0298,1
1787333100000,91.2,91.61,91.2,91.52,1119.0,1119.06,102284.9597,1
1787333400000,91.52,91.96,91.52,91.95,759.0,759.73,69764.8074,1
1787333700000,91.93,91.93,91.75,91.88,855.0,855.31,78562.1653,1
1787334000000,91.9,91.99,91.53,91.6,469.0,469.58,43060.784,1
1787334300000,91.59,91.91,91.52,91.79,670.0,670.8,61546.1898,1
1787334600000,91.79,91.85,91.74,91.74,1182.0,1182.09,108518.5334,1
1787334900000,91.74,91.88,91.74,91.78,2564.0,2564.27,235313.6822,1
1787335200000,91.79,91.94,91.75,91.94,796.0,796.34,73100.8982,1
1787335500000,91.94,92.05,91.82,91.82,1631.0,1631.61,150034.2049,1
1787335800000,91.82,92.0,91.79,91.85,519.0,519.52,47733.2773,1
1787336100000,91.86,91.92,91.66,91.9,958.0,958.02,87940.6138,1
1787336400000,91.93,92.07,91.9,91.94,871.0,871.62,80161.2169,1
1787336700000,91.94,92.02,91.89,91.9,2171.0,2171.08,199664.3859,1
1787337000000,91.9,92.01,91.81,92.0,1037.0,1037.16,95309.9148,1
1787337300000,91.99,91.99,91.75,91.95,814.0,814.5,74834.2887,1
1787337600000,91.96,91.97,91.33,91.43,14998.0,14998.53,1374390.4588,1
1787337900000,91.41,91.41,91.08,91.11,4346.0,4346.31,396524.5819,1
1787338200000,91.11,91.43,91.11,91.35,809.0,809.49,73926.739,1
1787338500000,91.35,91.61,91.3,91.57,6512.0,6512.36,595442.7255,1
1787338800000,91.56,91.6,90.87,90.9,2157.0,2157.44,196997.2379,1
1787339100000,90.91,91.14,90.85,91.11,14374.0,14374.06,1307628.6465,1
1787339400000,91.09,91.37,91.03,91.31,924.0,924.06,84257.1112,1
1787339700000,91.31,91.31,90.9,91.1,1204.0,1204.15,109621.5039,1
1787340000000,91.09,91.18,90.98,91.17,464.0,464.41,42309.8435,1
1787340300000,91.18,91.36,91.18,91.32,1281.0,1281.77,117043.9305,1
1787340600000,91.31,91.37,91.07,91.07,2780.0,2780.76,253609.045,1
1787340900000,91.11,91.15,91.0,91.05,484.0,484.47,44115.5968,1
1787341200000,91.02,91.04,90.78,90.83,2021.0,2021.47,183828.6353,1
1787341500000,90.82,91.06,90.76,91.03,243.0,243.58,22140.3611,1
1787341800000,91.03,91.04,90.91,91.02,473.0,473.72,43100.091,1
1787342100000,91.02,91.03,90.87,90.96,438.0,438.45,39880.0582,1
1787342400000,90.97,91.16,90.47,91.16,2522.0,2522.17,228657.3469,1
1787342700000,91.15,91.29,91.02,91.24,1916.0,1916.41,174561.4015,1
1787343000000,91.2,91.31,91.17,91.21,828.0,828.52,75579.1143,1
1787343300000,91.22,91.58,91.22,91.54,938.0,938.84,85871.1804,1
1787343600000,91.55,91.95,91.54,91.93,1201.0,1201.01,110304.0773,1
1787343900000,91.9,91.92,91.64,91.81,12113.0,12113.09,1112012.9302,1
1787344200000,91.79,91.85,91.73,91.78,5709.0,5709.28,524233.3301,1
1787344500000,91.75,91.81,91.66,91.75,701.0,701.02,64321.912,1
1787344800000,91.76,91.93,91.76,91.85,676.0,676.18,62106.0855,1
1787345100000,91.85,91.85,91.57,91.66,1905.0,1905.11,174657.4828,1
1787345400000,91.7,91.86,91.7,91.81,621.0,621.41,57047.7415,1
1787345700000,91.81,91.88,91.76,91.88,1177.0,1177.99,108220.5992,1
1787346000000,91.85,91.89,91.76,91.85,413.0,413.95,38013.6339,1
1787346300000,91.85,91.85,91.67,91.72,534.0,534.86,49067.6652,1
1787346600000,91.74,92.42,91.74,92.29,10114.0,10114.37,931831.2105,1
1787346900000,92.27,92.46,92.19,92.45,3478.0,3478.87,320950.9127,1
1787347200000,92.43,92.95,92.33,92.87,8300.0,8300.95,769886.3246,1
1787347500000,92.82,92.98,92.66,92.78,2895.0,2895.32,268604.2012,1
1787347800000,92.8,93.07,92.73,93.01,3760.0,3760.14,349154.5944,1
1787348100000,93.0,93.07,92.63,92.74,3183.0,3183.09,295583.7866,1
1787348400000,92.75,93.1,92.73,93.02,842.0,842.38,78282.5014,1
1787348700000,93.07,93.68,93.06,93.65,5101.0,5101.5,476468.2305,1
1787349000000,93.62,93.88,93.55,93.81,9675.0,9675.75,906979.0299,1
1787349300000,93.84,93.85,93.64,93.75,12776.0,12776.58,1197385.7284,1
1787349600000,93.75,94.34,93.6,94.02,6503.0,6503.1,611699.7092,1
1787349900000,93.97,94.42,93.82,94.3,6585.0,6585.88,620906.7097,1
1787350200000,94.32,94.35,94.06,94.1,1983.0,1983.95,186916.708,1
1787350500000,94.06,94.09,93.64,93.83,3015.0,3015.96,283011.2089,1
1787350800000,93.83,93.95,93.47,93.84,959.0,959.15,89921.0092,1
1787351100000,93.84,94.16,93.8,94.16,976.0,976.7,91831.2042,1
1787351400000,94.17,94.25,93.33,93.81,2850.0,2850.95,267138.6731,1
1787351700000,93.77,94.09,93.69,94.02,1629.0,1629.97,152934.1268,1
1787352000000,94.04,94.5,94.0,94.38,2348.0,2348.53,221479.1072,1
1787352300000,94.32,94.34,93.73,93.75,3869.0,3869.63,363931.914,1
1787352600000,93.75,94.14,93.63,94.09,1162.0,1162.14,109031.8324,1
1787352900000,94.12,94.64,94.09,94.28,2221.0,2221.64,209823.4478,1
1787353200000,94.31,94.33,93.9,93.97,2207.0,2207.83,207898.3499,1
1787353500000,94.0,94.23,93.9,94.17,1201.0,1201.03,112966.6557,1
1787353800000,94.14,94.23,94.0,94.07,11901.0,11901.59,1120596.0158,1
1787354100000,94.08,94.46,94.07,94.41,1473.0,1473.86,139026.5194,1
1787354400000,94.4,94.9,94.39,94.9,5355.0,5355.36,507209.5358,1
1787354700000,94.89,95.0,94.25,94.43,3064.0,3064.88,290062.1009,1
1787355000000,94.46,94.48,94.01,94.06,2491.0,2491.62,234687.6711,1
1787355300000,94.06,94.15,93.62,93.64,3213.0,3213.73,302071.8591,1
1787355600000,93.69,94.0,93.6,93.95,2891.0,2891.68,271278.5956,1
1787355900000,93.98,93.98,93.63,93.64,3099.0,3099.22,290555.5194,1
1787356200000,93.64,93.73,93.37,93.65,2741.0,2741.97,256504.4743,1
1787356500000,93.62,93.73,93.55,93.73,489.0,489.84,45859.8502,1
1787356800000,93.74,93.97,93.44,93.75,2126.0,2126.43,199061.6572,1
1787357100000,93.71,93.71,92.87,93.16,6468.0,6468.39,601826.3454,1
1787357400000,93.2,93.58,93.19,93.57,1520.0,1520.13,141990.5426,1
1787357700000,93.58,93.9,93.41,93.9,2887.0,2887.21,270837.3925,1
1787358000000,93.89,94.41,93.89,94.41,2165.0,2165.23,203797.1122,1
1787358300000,94.4,94.4,93.63,93.64,1653.0,1653.51,155230.2977,1
1787358600000,93.65,93.86,93.44,93.66,1997.0,1997.21,187248.1848,1
1787358900000,93.69,93.88,93.62,93.77,745.0,745.35,69848.1807,1
1787359200000,93.75,93.77,93.41,93.52,2012.0,2012.11,188223.9545,1
1787359500000,93.55,93.67,93.39,93.66,1936.0,1936.77,181029.1483,1
1787359800000,93.66,93.73,93.56,93.64,981.0,981.14,91895.7917,1
1787360100000,93.67,93.95,93.67,93.89,751.0,751.1,70480.8098,1
1787360400000,93.88,94.13,93.73,94.13,1047.0,1047.25,98393.2034,1
1787360700000,94.1,94.22,93.97,93.97,1450.0,1450.56,136549.4577,1
1787361000000,93.97,94.13,93.96,94.01,930.0,930.49,87500.5996,1
1787361300000,94.0,94.3,93.96,94.01,1456.0,1456.32,137091.9914,1
1787361600000,94.05,94.12,93.77,93.89,1393.0,1393.78,130854.7032,1
1787361900000,93.91,94.09,93.88,94.02,973.0,973.91,91525.4384,1
1787362200000,94.03,94.45,94.03,94.26,1055.0,1055.49,99491.8338,1
1787362500000,94.26,94.41,94.08,94.08,1171.0,1171.35,110384.4728,1
1787362800000,94.07,94.1,93.62,93.72,1622.0,1622.56,152264.0178,1
1787363100000,93.71,93.85,93.58,93.58,720.0,720.46,67553.3722,1
1787363400000,93.58,93.69,93.46,93.69,1368.0,1368.75,128099.8636,1
1787363700000,93.71,94.03,93.67,93.72,541.0,541.31,50806.3342,1
1787364000000,93.71,94.03,93.69,93.96,1512.0,1512.69,141985.812,1
1787364300000,93.98,94.15,93.91,94.13,1532.0,1532.37,144119.2484,1
1787364600000,94.11,94.31,94.11,94.24,1062.0,1062.67,100152.7735,1
1787364900000,94.23,94.62,94.22,94.51,4771.0,4771.17,450559.221,1
1787365200000,94.49,94.9,94.45,94.82,879.0,879.46,83296.6713,1
1787365500000,94.76,95.05,94.76,94.85,2951.0,2951.49,280209.838,1
1787365800000,94.85,95.22,94.78,95.17,14330.0,14330.19,1361996.2302,1
1787366100000,95.17,95.17,94.65,95.03,1919.0,1919.05,181873.0382,1
1787366400000,95.08,95.8,95.08,95.72,6220.0,6220.01,594577.8698,1
1787366700000,95.69,95.72,95.24,95.3,5732.0,5732.11,546560.5368,1
1787367000000,95.3,95.68,95.3,95.51,1436.0,1436.79,137276.1823,1
1787367300000,95.5,95.68,95.46,95.67,6811.0,6811.66,650808.8804,1
1787367600000,95.68,96.22,95.51,96.04,2247.0,2247.91,215604.4134,1
1787367900000,96.01,96.5,95.94,96.28,3771.0,3771.51,362975.2469,1
1787368200000,96.27,96.28,95.94,96.0,7925.0,7925.81,761415.9897,1
1787368500000,96.02,96.9,96.02,96.9,15181.0,15181.67,1466747.5722,1
1787368800000,96.91,97.16,96.72,96.81,9192.0,9192.34,890821.0198,1
1787369100000,96.83,97.16,96.83,96.86,2590.0,2590.07,251268.245,1
1787369400000,96.9,97.25,96.9,97.24,2014.0,2014.54,195595.8384,1
1787369700000,97.26,97.61,96.94,97.02,4201.0,4201.93,408515.762,1
1787370000000,96.99,97.06,96.44,96.75,3329.0,3329.83,322067.8088,1
1787370300000,96.72,97.11,96.63,97.02,789.0,789.66,76526.8845,1
1787370600000,97.05,97.35,97.01,97.22,2374.0,2374.91,230815.9543,1
1787370900000,97.19,97.27,96.78,96.81,3470.0,3470.19,336500.6962,1
1787371200000,96.82,96.96,96.23,96.62,2707.0,2707.65,261697.7863,1
1787371500000,96.63,96.92,96.63,96.86,3043.0,3043.32,294556.7969,1
1787371800000,96.85,97.22,96.85,97.21,2430.0,2430.17,235872.1128,1
1787372100000,97.22,97.22,96.67,96.8,3406.0,3406.23,329958.4103,1
1787372400000,96.84,97.31,96.84,97.08,1815.0,1815.24,176306.1711,1
1787372700000,97.06,98.04,97.06,97.99,10987.0,10987.69,1073071.5423,1
1787373000000,98.03,99.93,97.92,99.87,34832.0,34832.97,3453997.5812,1
1787373300000,99.91,101.22,99.43,100.61,28143.0,28143.27,2825801.732,1
1787373600000,100.61,102.84,100.58,102.26,22049.0,22049.8,2244025.3655,1
1787373900000,102.2,102.32,98.88,100.15,20423.0,20423.63,2047448.821,1
1787374200000,100.17,100.27,98.93,99.94,9962.0,9962.12,993530.9203,1
1787374500000,99.89,100.34,98.58,99.15,7058.0,7058.67,701743.7416,1
1787374800000,99.11,99.98,99.11,99.58,5254.0,5254.55,523051.7689,1
1787375100000,99.53,99.69,95.5,95.5,26682.0,26682.9,2581420.8119,1
1787375400000,95.5,95.57,87.13,93.21,88957.0,88957.09,8184557.2175,1
1787375700000,93.44,94.54,90.92,93.78,34090.0,34090.31,3160208.1152,1
1787376000000,93.75,94.31,92.41,93.69,19442.0,19442.82,1822726.9025,1
1787376300000,93.59,94.43,93.44,94.06,14991.0,14991.29,1410149.5469,1
1787376600000,94.03,94.15,92.89,94.07,4456.0,4456.02,416245.9767,1
1787376900000,94.08,94.79,93.51,93.67,13083.0,13083.61,1231483.358,1
1787377200000,93.72,93.99,93.22,93.61,4059.0,4059.52,379316.2846,1
1787377500000,93.64,94.68,93.42,94.55,3440.0,3440.19,323674.211,1
1787377800000,94.59,94.88,93.99,94.22,8489.0,8489.45,800446.2761,1
1787378100000,94.25,94.56,94.16,94.18,5669.0,5669.48,534827.0516,1
1787378400000,94.23,94.52,93.95,94.01,10730.0,10730.42,1011341.5843,1
1787378700000,93.97,94.13,93.44,94.07,5234.0,5234.58,490011.2592,1
1787379000000,94.04,94.07,93.47,93.55,4946.0,4946.85,464178.4829,1
1787379300000,93.61,94.1,93.6,93.75,3182.0,3182.66,298782.796,1
1787379600000,93.78,94.3,93.78,94.26,1931.0,1931.65,181563.2461,1
1787379900000,94.23,94.32,93.84,93.92,1653.0,1653.05,155436.197,1
1787380200000,93.89,93.89,93.08,93.35,3764.0,3764.68,351397.9596,1
1787380500000,93.35,94.83,93.33,94.8,5357.0,5357.45,505794.2091,1
1787380800000,94.73,95.15,94.51,94.6,7547.0,7547.41,715264.3711,1
1787381100000,94.56,94.85,94.34,94.39,5475.0,5475.57,517022.9491,1
1787381400000,94.39,94.62,94.09,94.28,8643.0,8643.83,815086.5854,1
1787381700000,94.28,94.4,94.17,94.3,2041.0,2041.52,192478.3617,1
1787382000000,94.29,95.14,94.15,95.04,865.0,865.17,81890.3915,1
1787382300000,95.03,95.14,94.5,94.5,5066.0,5066.81,480663.9347,1
1787382600000,94.5,94.61,94.2,94.44,4039.0,4039.16,381061.7736,1
1787382900000,94.5,94.5,94.06,94.19,4061.0,4061.25,382553.6368,1
1787383200000,94.21,94.84,94.21,94.73,6784.0,6784.37,642921.7349,1
1787383500000,94.74,95.04,94.62,95.02,843.0,843.27,80016.7099,1
1787383800000,95.0,95.51,94.92,95.18,7732.0,7732.59,737477.1066,1
1787384100000,95.21,95.22,94.81,94.84,1507.0,1507.33,143169.1485,1
1787384400000,94.86,94.94,94.44,94.81,4008.0,4008.57,379528.3296,1
1787384700000,94.82,94.92,94.51,94.58,3571.0,3571.11,337791.7246,1
1787385000000,94.55,94.79,94.5,94.74,557.0,557.92,52796.4818,1
1787385300000,94.74,94.79,94.4,94.41,4511.0,4511.26,426461.6009,1
1787385600000,94.5,94.57,94.13,94.13,1196.0,1196.75,112977.1939,1
1787385900000,94.09,94.66,94.07,94.57,2417.0,2417.89,228023.6381,1
1787386200000,94.59,94.97,94.59,94.9,5646.0,5646.2,535629.8545,1
1787386500000,94.91,95.0,94.43,94.43,4709.0,4709.13,446703.3772,1
1787386800000,94.43,94.61,94.23,94.27,13610.0,13610.81,1284663.9677,1
1787387100000,94.27,94.29,93.68,93.79,2784.0,2784.56,261620.0636,1
1787387400000,93.8,93.83,93.1,93.24,10759.0,10759.77,1004901.3945,1
1787387700000,93.28,93.52,93.08,93.4,982.0,982.21,91618.6707,1
1787388000000,93.39,93.84,93.12,93.66,3663.0,3663.2,341512.3536,1
1787388300000,93.62,93.63,93.27,93.63,887.0,887.18,82880.8308,1
1787388600000,93.64,93.82,93.64,93.82,901.0,901.44,84501.7704,1
1787388900000,93.79,94.12,93.73,94.11,3727.0,3727.8,350479.2336,1
1787389200000,94.1,94.19,92.98,93.25,5084.0,5084.04,475774.4384,1
1787389500000,93.26,93.92,93.14,93.9,3156.0,3156.65,295588.6531,1
1787389800000,93.9,94.2,93.78,94.2,1259.0,1259.09,118344.6599,1
1787390100000,94.22,94.34,93.97,94.18,3146.0,3146.05,296447.9954,1
1787390400000,94.19,94.54,94.18,94.31,1739.0,1739.25,164211.0648,1
1787390700000,94.36,94.4,94.11,94.29,2513.0,2513.13,236789.7203,1
1787391000000,94.27,94.42,94.13,94.22,1007.0,1007.55,94955.2518,1
1787391300000,94.25,94.39,94.05,94.09,1430.0,1430.37,134657.5995,1
1787391600000,94.12,94.38,94.12,94.28,1018.0,1018.16,95986.8411,1
1787391900000,94.3,94.3,93.63,93.69,3157.0,3157.52,296424.1364,1
1787392200000,93.72,93.95,93.69,93.7,772.0,772.39,72475.2374,1
1787392500000,93.7,93.95,93.66,93.9,2782.0,2782.63,261247.7997,1
1787392800000,93.93,93.97,92.61,93.17,2802.0,2802.84,260861.478,1
1787393100000,93.18,93.18,92.5,92.71,2481.0,2481.28,230404.8672,1
1787393400000,92.74,92.86,92.13,92.2,5968.0,5968.82,551062.3157,1
1787393700000,92.18,92.49,91.67,91.81,6881.0,6881.14,633265.2793,1
1787394000000,91.79,92.07,91.34,91.57,6218.0,6218.02,569843.4099,1
1787394300000,91.59,92.49,91.53,92.44,3133.0,3133.52,288824.9759,1
1787394600000,92.47,92.75,92.32,92.71,3114.0,3114.3,288326.184,1
1787394900000,92.71,93.2,92.71,93.17,6230.0,6230.9,579734.2671,1
1787395200000,93.18,93.39,93.16,93.26,1965.0,1965.67,183295.4541,1
1787395500000,93.28,93.34,92.96,93.09,898.0,898.55,83693.7051,1
1787395800000,93.13,93.2,92.96,92.97,272.0,272.39,25338.6351,1
1787396100000,93.03,93.03,92.69,92.92,800.0,800.13,74293.5243,1
1787396400000,92.91,93.03,92.61,93.03,682.0,682.44,63333.1696,1
1787396700000,93.03,93.23,92.71,92.72,2621.0,2621.63,243856.5344,1
1787397000000,92.72,92.96,92.72,92.89,652.0,652.21,60557.9944,1
1787397300000,92.8,92.93,92.64,92.71,1039.0,1039.53,96474.0726,1
1787397600000,92.7,92.94,92.7,92.82,465.0,465.42,43196.4877,1
1787397900000,92.84,93.09,92.84,93.01,632.0,632.29,58787.6248,1
1787398200000,93.0,93.34,92.93,93.3,1214.0,1214.26,113172.1626,1
1787398500000,93.29,93.48,93.24,93.3,589.0,589.36,55023.6916,1
1787398800000,93.32,93.49,93.29,93.47,609.0,609.53,56914.2476,1
1787399100000,93.48,93.57,93.27,93.27,929.0,929.1,86786.6963,1
1787399400000,93.26,93.33,93.21,93.23,624.0,624.02,58193.6166,1
1787399700000,93.21,93.33,93.2,93.33,879.0,879.41,82028.8942,1
1787400000000,93.32,93.65,93.18,93.28,925.0,925.55,86427.7256,1
1787400300000,93.28,93.71,93.28,93.64,2242.0,2242.57,209977.3536,1
1787400600000,93.65,93.95,93.61,93.84,2056.0,2056.93,192959.4338,1
1787400900000,93.94,94.11,93.87,94.1,3103.0,3103.78,291711.8148,1
1787401200000,94.11,94.35,94.11,94.18,2701.0,2701.22,254440.4532,1
1787401500000,94.17,94.25,94.0,94.24,3474.0,3474.18,326802.7051,1
1787401800000,94.19,94.22,93.93,93.93,3412.0,3412.83,320953.5316,1
1787402100000,93.95,94.04,93.87,93.93,655.0,655.36,61574.1236,1
1787402400000,93.98,94.23,93.98,94.23,3342.0,3342.15,314644.0708,1
1787402700000,94.24,94.29,94.12,94.14,1622.0,1622.8,152862.3829,1
1787403000000,94.14,94.18,94.0,94.02,1200.0,1200.03,112901.454,1
1787403300000,94.0,94.03,93.84,93.84,459.0,459.41,43174.9804,1
1787403600000,93.87,93.89,93.56,93.71,2446.0,2446.17,229160.1533,1
1787403900000,93.74,94.0,93.73,94.0,1663.0,1663.97,156145.168,1
1787404200000,94.0,94.0,93.85,93.92,2039.0,2039.0,191549.0533,1
1787404500000,93.95,94.21,93.75,93.75,665.0,665.18,62491.8431,1
1787404800000,93.75,93.91,93.65,93.83,767.0,767.6,71979.8514,1
1787405100000,93.96,94.08,93.82,93.88,621.0,621.04,58387.9087,1
1787405400000,93.9,94.0,93.68,93.68,1344.0,1344.58,126086.0489,1
1787405700000,93.68,93.9,93.59,93.66,931.0,931.37,87229.9074,1
1787406000000,93.66,93.82,93.59,93.82,369.0,369.43,34604.2079,1
1787406300000,93.83,94.14,93.78,94.13,1410.0,1410.35,132432.5374,1
1787406600000,94.15,94.24,94.06,94.09,1553.0,1553.1,146241.8376,1
1787406900000,94.06,94.2,94.01,94.14,236.0,236.99,22298.766,1
1787407200000,94.12,94.3,93.92,93.99,679.0,679.0,63889.8321,1
1787407500000,93.99,94.05,93.65,93.92,2620.0,2620.47,246193.904,1
1787407800000,93.93,94.0,93.79,93.82,437.0,437.22,41051.6782,1
1787408100000,93.82,93.94,93.47,93.73,718.0,718.12,67264.0438,1
1787408400000,93.73,93.95,93.68,93.69,1278.0,1278.38,119904.8281,1
1787408700000,93.69,93.89,93.6,93.88,880.0,880.16,82455.7601,1
1787409000000,93.87,94.04,93.72,93.99,505.0,505.97,47525.7003,1
1787409300000,94.02,94.04,93.54,93.61,1230.0,1230.9,115425.6738,1
1787409600000,93.64,93.76,93.3,93.3,1742.0,1742.14,162838.0938,1
1787409900000,93.34,93.49,93.17,93.17,976.0,976.99,91181.6953,1
1787410200000,93.18,93.34,92.95,92.95,2235.0,2235.19,208080.6727,1
1787410500000,92.98,93.31,92.94,93.26,2061.0,2061.07,191890.6715,1
1787410800000,93.27,93.5,93.11,93.22,1258.0,1258.03,117363.8358,1
1787411100000,93.2,93.35,93.05,93.05,1303.0,1303.09,121418.5902,1
1787411400000,93.12,93.33,92.96,92.96,531.0,531.92,49554.7742,1
1787411700000,92.96,93.16,92.92,93.03,1194.0,1194.16,111089.0163,1
1787412000000,93.04,93.23,92.82,93.17,896.0,896.76,83452.4691,1
1787412300000,93.16,93.38,93.11,93.28,344.0,344.5,32126.4144,1
1787412600000,93.32,93.59,93.23,93.57,769.0,769.62,71888.5222,1
1787412900000,93.56,93.6,93.25,93.35,1048.0,1048.89,98024.6025,1
1787413200000,93.31,93.36,93.21,93.29,319.0,319.89,29840.1747,1
1787413500000,93.32,93.4,93.2,93.2,380.0,380.57,35502.9331,1
1787413800000,93.23,93.26,93.04,93.11,499.0,499.4,46522.5982,1
1787414100000,93.18,93.24,93.02,93.1,411.0,411.97,38363.278,1
1787414400000,93.1,93.4,93.1,93.36,777.0,777.35,72464.9281,1
1787414700000,93.37,93.52,93.34,93.34,389.0,389.98,36437.6851,1
1787415000000,93.34,93.47,93.16,93.43,385.0,385.93,36000.5085,1
1787415300000,93.44,93.97,93.44,93.92,1029.0,1029.87,96563.8262,1
1787415600000,93.92,94.08,93.85,94.04,811.0,811.55,76258.8491,1
1787415900000,94.03,94.05,93.9,93.9,1372.0,1372.94,128967.1111,1
1787416200000,93.9,94.06,93.9,93.98,598.0,598.8,56296.3948,1
1787416500000,94.0,94.27,93.98,94.22,1032.0,1032.89,97278.7956,1
1787416800000,94.24,94.68,94.24,94.57,5107.0,5107.88,482756.5866,1
1787417100000,94.54,94.67,94.47,94.51,6274.0,6274.62,593229.4137,1
1787417400000,94.51,94.51,94.33,94.38,871.0,871.76,82312.9691,1
1787417700000,94.41,94.53,94.32,94.35,340.0,340.53,32162.1046,1
1787418000000,94.34,94.57,94.33,94.41,2270.0,2270.95,214338.0963,1
1787418300000,94.42,94.5,94.13,94.3,2048.0,2048.99,193270.9091,1
1787418600000,94.32,94.34,94.18,94.26,742.0,742.23,69953.4197,1
1787418900000,94.27,94.42,94.25,94.34,335.0,335.71,31670.9042,1
1787419200000,94.34,94.35,94.2,94.2,2865.0,2865.8,270107.9909,1
1787419500000,94.22,94.24,93.79,93.85,2468.0,2468.86,231819.3872,1
1787419800000,93.88,94.15,93.88,94.11,596.0,596.5,56122.5343,1
1787420100000,94.11,94.26,94.11,94.14,2483.0,2483.58,233897.4349,1
1787420400000,94.1,94.32,94.1,94.3,186.0,186.45,17575.4982,1
1787420700000,94.3,94.46,94.27,94.41,1059.0,1059.81,100055.5991,1
1787421000000,94.43,94.57,94.3,94.33,2036.0,2036.47,192347.2604,1
1787421300000,94.36,94.36,94.25,94.27,142.0,142.06,13394.6885,1
1787421600000,94.3,94.35,94.23,94.32,853.0,853.67,80507.6348,1
1787421900000,94.33,94.39,94.17,94.17,1170.0,1170.88,110381.0276,1
1787422200000,94.19,94.25,94.06,94.16,673.0,673.26,63389.3892,1
1787422500000,94.18,94.39,94.18,94.35,673.0,673.46,63508.5931,1
1787422800000,94.32,94.55,94.32,94.4,1051.0,1051.76,99388.7017,1
1787423100000,94.4,94.53,94.34,94.39,794.0,794.36,75036.6456,1
1787423400000,94.39,94.53,94.35,94.52,778.0,778.21,73487.5313,1
1787423700000,94.49,94.49,94.35,94.35,189.0,189.09,17851.6398,1
1787424000000,94.34,94.38,94.21,94.21,701.0,701.39,66110.4486,1
1787424300000,94.21,94.42,94.08,94.29,788.0,788.52,74306.5892,1
1787424600000,94.29,94.29,94.06,94.23,1776.0,1776.27,167268.023,1
1787424900000,94.23,94.49,94.21,94.49,507.0,507.29,47882.8373,1
1787425200000,94.45,94.51,94.38,94.39,1499.0,1499.91,141692.4029,1
1787425500000,94.38,94.43,94.3,94.33,345.0,345.71,32629.1442,1
1787425800000,94.41,94.65,94.4,94.62,399.0,399.42,37744.6344,1
1787426100000,94.6,94.72,94.45,94.45,986.0,986.47,93327.5132,1
1787426400000,94.49,94.49,94.35,94.38,678.0,678.98,64091.1754,1
1787426700000,94.35,94.53,94.33,94.42,675.0,675.23,63772.5553,1
1787427000000,94.42,94.63,94.42,94.56,322.0,322.22,30470.8861,1
1787427300000,94.59,94.65,94.54,94.56,3210.0,3210.93,303836.3024,1
1787427600000,94.56,94.82,94.55,94.77,5243.0,5243.17,496003.839,1
1787427900000,94.73,94.79,94.65,94.67,773.0,773.15,73237.7775,1
1787428200000,94.68,94.72,94.63,94.65,549.0,549.55,52034.23,1
1787428500000,94.66,94.72,94.5,94.5,164.0,164.04,15521.842,1
1787428800000,94.5,94.57,94.4,94.53,1162.0,1162.9,109854.7842,1
1787429100000,94.53,94.68,94.51,94.67,238.0,238.27,22546.2255,1
1787429400000,94.67,94.78,94.67,94.68,1206.0,1206.62,114311.3052,1
1787429700000,94.73,94.76,94.49,94.49,1656.0,1656.69,156602.7964,1
1787430000000,94.49,94.52,94.39,94.49,489.0,489.38,46226.3419,1
1787430300000,94.49,94.61,94.48,94.48,331.0,331.29,31323.3494,1
1787430600000,94.48,94.51,94.36,94.37,221.0,221.82,20946.2316,1
1787430900000,94.39,94.62,94.37,94.62,458.0,458.29,43297.3306,1
1787431200000,94.62,94.65,94.5,94.51,694.0,694.32,65655.6427,1
1787431500000,94.51,94.55,94.46,94.55,432.0,432.19,40837.6179,1
1787431800000,94.55,94.56,94.47,94.49,295.0,295.04,27887.4139,1
1787432100000,94.49,94.49,94.31,94.4,2020.0,2020.34,190628.1001,1
1787432400000,94.36,94.4,93.55,93.7,10303.0,10303.31,969828.8619,1
1787432700000,93.7,93.86,93.7,93.81,2372.0,2372.62,222518.1828,1
1787433000000,93.81,93.81,93.5,93.52,1901.0,1901.64,178078.2279,1
1787433300000,93.55,93.79,93.55,93.78,795.0,795.4,74528.1002,1
1787433600000,93.79,93.91,93.76,93.81,423.0,423.0,39703.1721,1
1787433900000,93.74,93.94,93.72,93.83,810.0,810.94,76117.5516,1
1787434200000,93.83,93.86,93.37,93.54,1547.0,1547.15,144694.5297,1
1787434500000,93.55,93.55,93.16,93.24,3739.0,3739.16,348851.7554,1
1787434800000,93.24,93.35,93.05,93.35,3607.0,3607.28,335879.3535,1
1787435100000,93.36,93.36,92.98,93.12,1174.0,1174.97,109366.3189,1
1787435400000,93.12,93.12,92.75,92.9,5197.0,5197.48,482834.7885,1
1787435700000,92.93,92.98,92.73,92.82,2510.0,2510.28,233029.0925,1
1787436000000,92.89,93.2,92.61,93.0,1834.0,1834.95,170225.6021,1
1787436300000,92.98,93.58,92.98,93.53,1919.0,1919.05,178991.2124,1
1787436600000,93.47,93.69,93.42,93.6,857.0,857.4,80169.7272,1
1787436900000,93.66,93.71,93.54,93.54,2204.0,2204.03,206390.658,1
1787437200000,93.57,93.82,93.57,93.79,1221.0,1221.71,114543.9121,1
1787437500000,93.79,93.99,93.79,93.93,711.0,711.46,66787.596,1
1787437800000,93.95,93.95,93.57,93.76,633.0,633.0,59362.2462,1
1787438100000,93.79,94.02,93.77,93.82,667.0,667.81,62703.7265,1
1787438400000,93.84,93.91,93.75,93.75,975.0,975.11,91502.725,1
1787438700000,93.78,93.83,93.7,93.77,437.0,437.71,41041.2146,1
1787439000000,93.75,93.97,93.73,93.86,399.0,399.4,37506.8142,1
1787439300000,93.86,93.9,93.58,93.62,360.0,360.92,33803.6984,1
1787439600000,93.64,93.74,93.37,93.73,639.0,639.95,59866.0466,1
1787439900000,93.7,93.81,93.66,93.73,3202.0,3202.88,300375.5828,1
1787440200000,93.71,93.81,93.55,93.65,329.0,329.0,30821.899,1
1787440500000,93.63,93.7,93.57,93.68,398.0,398.6,37316.8204,1
1787440800000,93.68,93.77,93.63,93.71,242.0,242.64,22737.1898,1
1787441100000,93.68,93.77,93.6,93.61,279.0,279.83,26218.4433,1
1787441400000,93.61,93.68,93.38,93.38,4565.0,4565.64,426757.1485,1
1787441700000,93.38,93.63,93.38,93.61,1299.0,1299.8,121508.5496,1
1787442000000,93.61,93.73,93.61,93.68,221.0,221.87,20786.5867,1
1787442300000,93.68,93.91,93.67,93.91,856.0,856.85,80387.7453,1
1787442600000,93.92,94.0,93.88,93.98,230.0,230.58,21662.4938,1
1787442900000,93.97,94.01,93.84,93.84,316.0,316.46,29727.7443,1
1787443200000,93.84,94.01,93.84,93.94,572.0,572.42,53771.5198,1
1787443500000,93.9,94.02,93.87,93.87,3288.0,3288.71,309117.3151,1
1787443800000,93.81,93.87,93.6,93.81,5884.0,5884.17,551278.2829,1
1787444100000,93.8,94.06,93.72,93.95,972.0,972.32,91371.8319,1
1787444400000,93.94,94.16,93.91,94.14,725.0,725.69,68240.2783,1
1787444700000,94.12,94.32,94.09,94.31,5124.0,5124.11,482800.9934,1
1787445000000,94.3,94.62,94.3,94.6,1561.0,1561.06,147541.1477,1
1787445300000,94.6,99.26,94.6,96.44,10621.0,10621.93,1022667.8374,1
1787445600000,96.41,96.78,95.74,96.39,6903.0,6903.71,665084.7042,1
1787445900000,96.41,96.72,96.14,96.6,7561.0,7561.48,728474.1552,1
1787446200000,96.6,97.25,96.45,96.57,9748.0,9748.16,943072.2843,1
1787446500000,96.55,96.68,96.28,96.37,1636.0,1636.75,157985.339,1
1787446800000,96.4,96.4,95.8,95.93,5546.0,5546.39,532983.1261,1
1787447100000,95.93,96.31,95.92,96.12,1732.0,1732.34,166551.4419,1
1787447400000,96.15,96.3,95.95,96.28,728.0,728.92,70052.5605,1
1787447700000,96.26,96.27,95.85,96.04,9573.0,9573.17,918638.1848,1
1787448000000,96.03,96.13,95.9,95.97,708.0,708.06,67995.0677,1
1787448300000,95.95,96.11,95.85,96.11,862.0,862.54,82800.412,1
1787448600000,96.13,96.26,95.7,95.92,5242.0,5242.15,502893.6694,1
1787448900000,95.89,96.14,95.8,96.14,930.0,930.42,89221.0235,1
1787449200000,96.13,96.29,95.88,96.17,1570.0,1570.03,150928.1448,1
1787449500000,96.15,96.6,96.06,96.22,818.0,818.24,78837.7925,1
1787449800000,96.21,96.38,95.97,96.33,662.0,662.46,63726.6444,1
1787450100000,96.3,96.3,95.83,96.03,714.0,714.32,68551.0802,1
1787450400000,96.07,96.29,95.94,96.01,3075.0,3075.62,295496.9223,1
1787450700000,96.01,96.05,95.84,95.95,526.0,526.17,50485.0363,1
1787451000000,95.88,95.91,93.89,94.42,4057.0,4057.31,384351.6894,1
1787451300000,94.39,94.94,94.39,94.67,865.0,865.67,81984.3725,1
1787451600000,94.7,94.74,94.18,94.3,1772.0,1772.93,167403.8005,1
1787451900000,94.3,94.53,94.25,94.49,746.0,746.21,70451.6044,1
1787452200000,94.47,94.9,94.45,94.88,1524.0,1524.5,144398.8114,1
1787452500000,94.88,94.89,94.61,94.67,325.0,325.58,30846.9193,1
1787452800000,94.69,94.78,94.54,94.56,1452.0,1452.22,137412.1142,1
1787453100000,94.56,94.72,94.46,94.62,574.0,574.02,54295.5035,1
1787453400000,94.64,97.43,94.33,95.25,2249.0,2249.45,214806.3682,1
1787453700000,95.26,95.26,94.87,94.9,1565.0,1565.03,148735.1491,1
1787454000000,94.93,95.01,94.69,94.79,3391.0,3391.9,321979.4651,1
1787454300000,94.79,94.79,94.5,94.58,1914.0,1914.89,181099.0545,1
1787454600000,94.6,94.97,94.56,94.87,448.0,448.54,42494.1657,1
1787454900000,94.95,95.05,94.79,94.83,966.0,966.69,91738.9625,1
1787455200000,94.83,94.83,94.22,94.25,959.0,959.21,90587.1567,1
1787455500000,94.29,94.41,94.26,94.26,2332.0,2332.13,220068.8407,1
1787455800000,94.24,94.3,93.6,93.89,4718.0,4718.38,443222.5067,1
1787456100000,93.89,94.08,93.85,93.92,1695.0,1695.36,159254.5127,1
1787456400000,93.92,93.94,93.47,93.52,4681.0,4681.94,438226.9824,1
1787456700000,93.57,93.99,93.57,93.99,1042.0,1042.48,97826.4231,1
1787457000000,93.97,94.02,93.83,93.88,564.0,564.08,52980.5117,1
1787457300000,93.9,93.9,93.71,93.74,759.0,759.75,71279.8014,1
1787457600000,93.72,93.92,93.4,93.4,4285.0,4285.42,401560.7229,1
1787457900000,93.45,93.73,93.18,93.42,1331.0,1331.31,124328.4269,1
1787458200000,93.4,94.11,93.39,94.1,1592.0,1592.42,149471.6219,1
1787458500000,94.09,94.12,93.36,93.36,1127.0,1127.72,105654.7792,1
1787458800000,93.35,93.5,93.28,93.5,1277.0,1277.8,119352.8771,1
1787459100000,93.52,93.73,93.52,93.61,598.0,598.92,56090.9282,1
1787459400000,93.61,93.65,93.12,93.17,493.0,493.59,46111.2494,1
1787459700000,93.19,93.24,92.99,93.06,992.0,992.16,92367.3928,1
1787460000000,93.08,93.2,92.85,93.0,1058.0,1058.44,98520.4114,1
1787460300000,93.01,93.04,92.26,92.34,7963.0,7963.39,736193.6343,1
1787460600000,92.32,92.94,92.27,92.93,1446.0,1446.87,134000.2454,1
1787460900000,92.91,93.0,92.59,92.6,641.0,641.23,59514.8519,1
1787461200000,92.59,92.89,92.49,92.75,1629.0,1629.63,151040.3297,1
1787461500000,92.76,92.92,92.11,92.5,2200.0,2200.57,203402.2392,1
1787461800000,92.45,92.74,92.19,92.19,1049.0,1049.12,97122.2529,1
1787462100000,92.19,92.88,91.59,92.88,4372.0,4372.71,402624.6249,1
1787462400000,92.89,93.24,92.71,93.22,2688.0,2688.98,250211.2824,1
1787462700000,93.18,93.31,93.0,93.03,2024.0,2024.71,188699.9342,1
1787463000000,93.02,93.23,92.88,92.96,3969.0,3969.54,369303.9787,1
1787463300000,92.97,93.02,92.57,92.68,1198.0,1198.79,111190.3248,1
1787463600000,92.72,92.89,92.6,92.72,717.0,717.49,66545.7104,1
1787463900000,92.77,92.83,92.64,92.75,845.0,845.61,78421.7507,1
1787464200000,92.76,92.77,92.47,92.57,736.0,736.14,68161.2283,1
1787464500000,92.58,92.61,92.34,92.34,341.0,341.92,31615.7298,1
1787464800000,92.31,92.43,92.12,92.39,1443.0,1443.1,133151.9712,1
1787465100000,92.36,92.39,91.84,91.84,3114.0,3114.2,286397.0475,1
1787465400000,91.83,92.47,91.79,92.34,1600.0,1600.19,147487.6777,1
1787465700000,92.3,92.55,92.15,92.44,3439.0,3439.38,317722.3704,1
1787466000000,92.42,92.5,92.27,92.34,737.0,737.71,68155.5063,1
1787466300000,92.34,92.34,92.16,92.31,2730.0,2730.19,251944.7007,1
1787466600000,92.34,92.79,92.34,92.75,1227.0,1227.77,113725.275,1
1787466900000,92.75,92.75,92.36,92.48,498.0,498.41,46098.5908,1
1787467200000,92.52,92.6,92.44,92.49,2044.0,2044.41,189196.2106,1
1787467500000,92.55,92.58,92.25,92.26,401.0,401.37,37125.2274,1
1787467800000,92.27,92.35,92.15,92.19,538.0,538.85,49719.0868,1
1787468100000,92.19,92.27,92.03,92.26,423.0,423.01,38970.3596,1
1787468400000,92.26,92.36,92.17,92.26,621.0,621.05,57310.4803,1
1787468700000,92.26,92.55,92.24,92.53,8761.0,8761.93,810270.3716,1
1787469000000,92.53,92.67,92.47,92.63,474.0,474.79,43963.7546,1
1787469300000,92.67,92.98,92.66,92.94,1506.0,1506.5,139822.6977,1
1787469600000,92.94,92.94,92.66,92.73,611.0,611.11,56658.7229,1
1787469900000,92.74,92.84,92.67,92.74,642.0,642.47,59590.7165,1
1787470200000,92.72,92.72,92.51,92.51,371.0,371.54,34405.5481,1
1787470500000,92.5,92.63,92.44,92.61,856.0,856.95,79304.8064,1
1787470800000,92.61,92.65,92.49,92.5,2017.0,2017.65,186728.0132,1
1787471100000,92.5,92.65,92.35,92.54,879.0,879.97,81341.0871,1
1787471400000,92.58,92.74,92.53,92.57,1087.0,1087.92,100785.2409,1
1787471700000,92.56,92.56,92.36,92.46,333.0,333.88,30868.8057,1
1787472000000,92.45,92.51,92.33,92.51,522.0,522.44,48295.2569,1
1787472300000,92.51,92.91,92.49,92.88,590.0,590.53,54700.5108,1
1787472600000,92.91,93.0,92.7,92.82,735.0,735.59,68323.1912,1
1787472900000,92.82,92.95,92.8,92.84,469.0,469.08,43577.6926,1
1787473200000,92.85,92.9,92.8,92.9,223.0,223.1,20713.6657,1
1787473500000,92.9,92.91,92.84,92.88,386.0,386.24,35872.5453,1
1787473800000,92.89,93.08,92.82,93.04,575.0,575.07,53439.8274,1
1787474100000,93.04,93.28,92.95,93.24,986.0,986.28,91845.7142,1
1787474400000,93.25,93.53,93.22,93.32,1384.0,1384.92,129242.527,1
1787474700000,93.32,93.35,93.19,93.25,560.0,560.76,52309.967,1
1787475000000,93.26,93.36,93.22,93.27,253.0,253.75,23673.4746,1
1787475300000,93.25,93.29,93.09,93.21,376.0,376.58,35083.3578,1
1787475600000,93.17,93.43,93.15,93.4,299.0,299.73,27969.6255,1
1787475900000,93.37,93.42,93.28,93.32,143.0,143.43,13389.1445,1
1787476200000,93.26,93.35,93.26,93.31,260.0,260.2,24276.744,1
1787476500000,93.3,93.4,93.2,93.24,416.0,416.91,38895.3228,1
1787476800000,93.23,93.28,93.15,93.15,1438.0,1438.29,134116.5118,1
1787477100000,93.15,93.28,93.13,93.26,590.0,590.05,54983.9709,1
1787477400000,93.26,93.26,93.0,93.04,782.0,782.14,72775.028,1
1787477700000,93.05,93.21,92.95,93.18,815.0,815.47,75877.8842,1
1787478000000,93.18,93.29,93.18,93.27,938.0,938.24,87482.3945,1
1787478300000,93.3,93.39,93.16,93.33,468.0,468.94,43731.0019,1
1787478600000,93.32,93.56,93.32,93.47,1264.0,1264.18,118197.1909,1
1787478900000,93.45,93.49,93.3,93.35,744.0,744.43,69538.7225,1
1787479200000,93.31,93.5,93.29,93.42,1192.0,1192.32,111358.2973,1
1787479500000,93.46,93.79,93.44,93.65,1487.0,1487.54,139389.7397,1
1787479800000,93.69,93.78,93.61,93.78,424.0,424.77,39801.207,1
1787480100000,93.79,93.87,93.69,93.71,500.0,500.65,46933.8165,1
1787480400000,93.74,94.11,93.73,93.86,1589.0,1589.65,149277.8226,1
1787480700000,93.88,93.94,93.68,93.7,362.0,362.87,34039.6599,1
1787481000000,93.7,93.9,93.63,93.88,746.0,746.77,70006.9346,1
1787481300000,93.89,93.91,93.71,93.73,1370.0,1370.24,128487.8239,1
1787481600000,93.75,93.83,93.68,93.8,1026.0,1026.09,96240.6653,1
1787481900000,93.8,93.8,93.71,93.78,230.0,230.79,21637.5756,1
1787482200000,93.85,93.85,93.6,93.7,580.0,580.07,54368.8218,1
1787482500000,93.68,93.74,93.64,93.64,138.0,138.87,13008.7638,1
1787482800000,93.64,93.73,93.56,93.58,222.0,222.57,20842.5668,1
1787483100000,93.58,93.78,93.58,93.74,236.0,236.33,22142.4293,1
1787483400000,93.76,93.86,93.7,93.86,176.0,176.51,16552.3257,1
1787483700000,93.87,93.95,93.75,93.95,603.0,603.06,56601.443,1
1787484000000,93.96,94.58,93.96,94.47,6232.0,6232.82,588364.2343,1
1787484300000,94.47,94.48,94.27,94.31,3373.0,3373.04,318259.5593,1
1787484600000,94.34,94.53,94.27,94.52,1684.0,1684.22,159020.4816,1
1787484900000,94.51,94.81,94.51,94.81,4380.0,4380.46,414240.3817,1
1787485200000,94.77,94.8,94.56,94.68,554.0,554.4,52464.57,1
1787485500000,94.65,94.69,94.54,94.58,2462.0,2462.29,232834.2682,1
1787485800000,94.61,94.74,94.58,94.69,3402.0,3402.7,322117.5835,1
1787486100000,94.66,94.66,94.57,94.63,2971.0,2971.62,281097.9391,1
1787486400000,94.6,94.6,94.38,94.38,395.0,395.92,37397.3641,1
1787486700000,94.4,94.45,94.1,94.34,794.0,794.83,74907.1397,1
1787487000000,94.34,94.37,94.17,94.33,703.0,703.64,66342.5488,1
1787487300000,94.34,94.44,94.31,94.43,316.0,316.0,29826.6787,1
1787487600000,94.43,94.56,94.43,94.53,4836.0,4836.34,457063.0349,1
1787487900000,94.51,94.51,94.34,94.49,488.0,488.64,46133.1121,1
1787488200000,94.49,94.72,94.46,94.61,635.0,635.98,60175.8004,1
1787488500000,94.57,94.58,94.48,94.56,611.0,611.48,57811.4369,1
1787488800000,94.63,94.79,94.61,94.76,1225.0,1225.46,116072.8258,1
1787489100000,94.76,94.76,94.54,94.58,327.0,327.03,30952.4474,1
1787489400000,94.61,94.65,94.43,94.44,312.0,312.7,29556.3477,1
1787489700000,94.46,94.62,94.46,94.62,4016.0,4016.74,379734.4797,1
1787490000000,94.62,94.69,94.58,94.69,152.0,152.55,14437.3719,1
1787490300000,94.73,94.77,94.67,94.75,314.0,314.64,29803.4709,1
1787490600000,94.77,94.92,94.76,94.92,808.0,808.06,76636.8688,1
1787490900000,94.9,95.83,94.88,95.58,4087.0,4087.78,389575.9546,1
1787491200000,95.56,95.58,95.1,95.28,6344.0,6344.8,603724.343,1
1787491500000,95.28,95.28,95.02,95.05,926.0,926.49,88195.1053,1
1787491800000,95.06,95.17,94.9,94.95,7349.0,7349.47,697972.1087,1
1787492100000,94.94,95.25,94.85,95.23,941.0,941.73,89501.7155,1
1787492400000,95.21,95.25,95.11,95.25,969.0,969.28,92235.0701,1
1787492700000,95.3,95.55,95.14,95.39,913.0,913.27,87084.4205,1
1787493000000,95.4,95.44,95.26,95.41,1105.0,1105.79,105450.077,1
1787493300000,95.4,95.45,95.35,95.39,1229.0,1229.95,117327.5279,1
1787493600000,95.38,95.55,95.36,95.45,2943.0,2943.36,280837.2731,1
1787493900000,95.45,95.51,95.08,95.39,1194.0,1194.89,113907.3241,1
1787494200000,95.41,95.67,95.38,95.56,1673.0,1673.98,160066.7521,1
1787494500000,95.57,95.68,95.36,95.36,553.0,553.44,52857.9989,1
1787494800000,95.37,95.49,95.18,95.22,513.0,513.37,48944.2875,1
1787495100000,95.25,95.52,95.23,95.37,403.0,403.29,38476.1367,1
1787495400000,95.38,95.4,95.2,95.22,576.0,576.64,54946.5628,1
1787495700000,95.25,95.5,95.25,95.41,2727.0,2727.48,260259.3634,1
1787496000000,95.41,95.41,93.37,94.4,9126.0,9126.48,858863.185,1
1787496300000,94.44,94.86,94.44,94.84,1765.0,1765.59,167207.6576,1
1787496600000,94.81,95.17,94.81,95.13,907.0,907.5,86194.7255,1
1787496900000,95.08,95.09,94.91,94.98,1332.0,1332.72,126611.9917,1
1787497200000,95.07,95.17,94.69,95.13,2464.0,2464.62,234039.5279,1
1787497500000,95.12,95.43,95.12,95.4,658.0,658.41,62775.3089,1
1787497800000,95.39,95.45,95.23,95.28,471.0,471.09,44921.3242,1
1787498100000,95.28,95.35,94.86,95.03,1510.0,1510.22,143534.2141,1
1787498400000,95.02,95.4,94.92,95.38,1932.0,1932.11,183967.8356,1
1787498700000,95.38,95.48,95.35,95.44,2466.0,2466.77,235351.6826,1
1787499000000,95.47,95.89,95.47,95.54,2756.0,2756.18,263621.6965,1
1787499300000,95.58,95.84,95.58,95.84,3133.0,3133.11,300146.2157,1
1787499600000,95.83,95.88,95.61,95.7,592.0,592.04,56672.1465,1
1787499900000,95.7,95.73,95.55,95.55,674.0,674.02,64470.9652,1
1787500200000,95.55,95.63,95.47,95.5,1161.0,1161.85,110975.7876,1
1787500500000,95.5,95.62,95.28,95.36,1526.0,1526.2,145592.7673,1
1787500800000,95.39,95.53,95.37,95.48,687.0,687.76,65621.603,1
1787501100000,95.42,95.46,95.26,95.3,1114.0,1114.15,106190.7733,1
1787501400000,95.31,95.48,95.28,95.45,746.0,746.66,71221.4871,1
1787501700000,95.39,95.41,95.24,95.27,1453.0,1453.72,138570.9116,1
1787502000000,95.26,95.42,95.17,95.37,750.0,750.65,71540.8743,1
1787502300000,95.37,95.41,95.3,95.4,1167.0,1167.38,111327.1626,1
1787502600000,95.4,95.65,95.33,95.65,636.0,636.91,60829.3339,1
1787502900000,95.68,95.7,95.5,95.53,1849.0,1849.79,176848.5273,1
1787503200000,95.51,95.61,95.5,95.54,193.0,193.01,18441.1739,1
1787503500000,95.52,95.61,95.32,95.33,1486.0,1486.21,141932.2173,1
1787503800000,95.34,95.62,95.32,95.43,423.0,423.3,40413.3638,1
1787504100000,95.43,95.45,95.34,95.44,230.0,230.88,22022.5187,1
1787504400000,95.44,95.48,94.85,95.11,2610.0,2610.65,248335.3082,1
1787504700000,95.11,95.45,95.11,95.41,1232.0,1232.37,117492.9964,1
1787505000000,95.44,95.44,95.28,95.39,608.0,608.73,58031.7661,1
1787505300000,95.39,95.47,95.12,95.45,820.0,820.86,78132.7561,1
1787505600000,95.45,95.5,95.24,95.26,1187.0,1187.13,113264.3705,1
1787505900000,95.27,95.31,95.13,95.18,524.0,524.9,49970.4476,1
1787506200000,95.17,95.19,94.85,95.07,944.0,944.64,89721.9459,1
1787506500000,95.08,95.23,95.08,95.11,630.0,630.96,60036.4552,1
1787506800000,95.11,95.2,95.11,95.12,563.0,563.8,53636.2474,1
1787507100000,95.13,95.27,95.07,95.11,656.0,656.3,62461.6854,1
1787507400000,95.11,95.22,95.08,95.11,339.0,339.31,32287.6892,1
1787507700000,95.17,95.2,95.08,95.12,617.0,617.72,58775.1415,1
1787508000000,95.13,95.14,95.01,95.1,423.0,423.79,40300.5552,1
1787508300000,95.09,95.15,94.95,95.15,2466.0,2466.89,234391.0934,1
1787508600000,95.13,95.39,95.13,95.23,1293.0,1293.41,123221.2262,1
1787508900000,95.24,95.27,95.17,95.22,283.0,283.3,26977.5185,1
1787509200000,95.2,95.25,95.14,95.23,271.0,271.73,25865.4432,1
1787509500000,95.23,95.43,95.23,95.36,553.0,553.86,52832.7731,1
1787509800000,95.36,95.4,95.12,95.12,816.0,816.26,77735.3752,1
1787510100000,95.12,95.33,95.12,95.21,672.0,672.96,64121.7586,1
1787510400000,95.21,95.4,95.21,95.3,256.0,256.37,24437.4681,1
1787510700000,95.3,95.3,95.17,95.27,258.0,258.42,24610.8666,1
1787511000000,95.27,95.29,95.11,95.19,428.0,428.04,40732.1658,1
1787511300000,95.19,95.33,95.19,95.29,240.0,240.47,22903.2972,1
1787511600000,95.31,95.43,95.21,95.24,285.0,285.99,27261.7635,1
1787511900000,95.23,95.25,95.08,95.09,685.0,685.99,65258.0631,1
1787512200000,95.09,95.09,94.89,95.04,1159.0,1159.82,110160.7372,1
1787512500000,95.01,95.06,94.96,95.02,348.0,348.63,33120.8968,1
1787512800000,95.02,95.1,95.02,95.05,84.0,84.01,7987.5173,1
1787513100000,95.05,95.07,94.96,95.04,3349.0,3349.31,318266.3885,1
1787513400000,95.05,95.07,94.82,95.07,4528.0,4528.65,430211.9578,1
1787513700000,95.07,95.16,95.06,95.16,242.0,242.8,23092.2104,1
1787514000000,95.16,95.33,95.13,95.3,519.0,519.25,49457.0035,1
1787514300000,95.3,95.48,95.22,95.25,634.0,634.11,60461.0107,1
1787514600000,95.23,95.29,95.21,95.24,386.0,386.38,36801.342,1
1787514900000,95.22,95.23,95.03,95.05,845.0,845.31,80404.036,1
1787515200000,95.08,95.08,94.74,94.86,880.0,880.54,83563.7793,1
1787515500000,94.86,95.06,94.85,95.06,967.0,967.76,91876.6136,1
1787515800000,95.06,95.12,95.02,95.06,155.0,155.27,14763.2432,1
1787516100000,95.03,95.18,95.03,95.18,203.0,203.06,19315.4896,1
1787516400000,95.19,95.3,95.19,95.29,277.0,277.03,26390.3462,1
1787516700000,95.29,95.39,95.26,95.27,1973.0,1973.47,188191.23,1
1787517000000,95.27,95.35,95.23,95.23,172.0,172.95,16483.0154,1
1787517300000,95.22,95.25,95.19,95.21,226.0,226.74,21591.457,1
1787517600000,95.2,95.2,95.13,95.18,329.0,329.32,31337.4872,1
1787517900000,95.17,95.19,95.08,95.08,414.0,414.19,39404.7844,1
1787518200000,95.09,95.11,95.03,95.04,527.0,527.83,50187.9245,1
1787518500000,95.04,95.12,95.03,95.04,908.0,908.58,86354.0621,1
1787518800000,95.08,95.55,95.08,95.55,619.0,619.93,59079.5847,1
1787519100000,95.52,95.64,95.37,95.61,2316.0,2316.94,221134.8964,1
1787519400000,95.62,95.75,95.57,95.62,1310.0,1310.24,125319.2879,1
1787519700000,95.66,96.08,95.65,96.07,6284.0,6284.24,602906.7167,1
1787520000000,96.05,96.11,95.94,96.02,1472.0,1472.43,141387.0764,1
1787520300000,95.97,96.19,95.94,96.13,4191.0,4191.42,402530.6006,1
1787520600000,96.14,96.24,95.96,96.03,1249.0,1249.75,120062.7189,1
1787520900000,96.01,96.01,95.23,95.39,3404.0,3404.65,325525.6654,1
1787521200000,95.37,95.42,95.2,95.25,2619.0,2619.71,249615.9748,1
1787521500000,95.27,95.46,95.27,95.43,1276.0,1276.83,121781.0094,1
1787521800000,95.43,95.67,95.41,95.54,552.0,552.66,52804.701,1
1787522100000,95.54,95.57,95.24,95.34,1015.0,1015.74,97002.9492,1
1787522400000,95.42,95.7,94.79,94.99,3710.0,3710.56,353198.9696,1
1787522700000,94.98,95.22,94.95,95.2,1476.0,1476.69,140467.9263,1
1787523000000,95.15,95.32,95.11,95.24,707.0,707.53,67355.4291,1
1787523300000,95.24,95.48,95.1,95.32,8935.0,8935.1,852182.6045,1
1787523600000,95.33,95.54,95.27,95.52,1299.0,1299.38,123937.9953,1
1787523900000,95.55,95.77,95.49,95.58,1402.0,1402.11,134110.8538,1
1787524200000,95.59,95.69,95.38,95.49,1073.0,1073.79,102611.2461,1
1787524500000,95.52,95.65,95.43,95.63,657.0,657.21,62768.1807,1
1787524800000,95.63,95.66,95.54,95.56,461.0,461.91,44159.2423,1
1787525100000,95.57,95.67,95.35,95.65,913.0,913.19,87243.6977,1
1787525400000,95.66,95.7,95.55,95.58,558.0,558.95,53444.3401,1
1787525700000,95.59,95.62,95.51,95.6,146.0,146.12,13964.6615,1
1787526000000,95.61,95.65,95.33,95.46,1076.0,1076.59,102767.455,1
1787526300000,95.47,95.54,95.12,95.42,551.0,551.84,52571.9833,1
1787526600000,95.41,95.48,95.04,95.15,1135.0,1135.98,108081.7176,1
1787526900000,95.17,95.63,95.14,95.53,697.0,697.48,66496.9481,1
1787527200000,95.5,95.58,95.24,95.24,641.0,641.44,61186.8091,1
1787527500000,95.23,95.48,95.05,95.48,560.0,560.76,53417.7838,1
1787527800000,95.48,95.88,95.48,95.55,1112.0,1112.98,106548.458,1
1787528100000,95.54,95.61,95.21,95.21,396.0,396.09,37796.0906,1
1787528400000,95.26,95.29,95.03,95.17,2568.0,2568.34,244331.4872,1
1787528700000,95.2,95.38,95.16,95.34,3438.0,3438.01,327698.5513,1
1787529000000,95.34,95.5,95.28,95.28,257.0,257.35,24542.9011,1
1787529300000,95.33,95.57,95.33,95.45,594.0,594.39,56739.624,1
1787529600000,95.41,95.52,95.08,95.08,482.0,482.57,46000.976,1
1787529900000,95.14,95.3,94.94,95.29,2695.0,2695.49,256152.5401,1
1787530200000,95.27,95.3,95.17,95.19,749.0,749.31,71358.5228,1
1787530500000,95.19,95.24,94.91,94.95,807.0,807.47,76740.7815,1
1787530800000,94.97,94.99,94.8,94.89,1499.0,1499.11,142229.1155,1
1787531100000,94.87,94.87,93.86,94.51,8502.0,8502.38,802741.4559,1
1787531400000,94.52,94.91,94.41,94.91,4436.0,4436.35,420433.3694,1
1787531700000,94.91,95.1,94.67,94.71,3943.0,3943.1,373980.1476,1
1787532000000,94.74,94.78,94.34,94.35,3253.0,3253.52,307679.4203,1
1787532300000,94.36,94.89,94.16,94.66,6447.0,6447.58,608306.3802,1
1787532600000,94.71,95.13,94.67,95.13,3533.0,3533.95,335718.1657,1
1787532900000,95.1,95.53,95.07,95.53,1672.0,1672.89,159429.242,1
1787533200000,95.48,95.54,95.23,95.23,4694.0,4694.4,447718.2112,1
1787533500000,95.24,95.31,94.88,94.88,2988.0,2988.17,284052.9415,1
1787533800000,94.95,95.23,94.89,94.91,747.0,747.8,71056.6433,1
1787534100000,94.9,94.93,94.66,94.84,7152.0,7152.87,677672.8584,1
1787534400000,94.79,94.81,94.46,94.51,4514.0,4514.27,427325.4761,1
1787534700000,94.57,94.77,94.5,94.5,721.0,721.74,68320.2804,1
1787535000000,94.5,94.66,94.41,94.63,6177.0,6177.99,584403.8536,1
1787535300000,94.65,94.65,94.21,94.4,6348.0,6348.57,598857.8248,1
1787535600000,94.41,94.46,94.16,94.19,3526.0,3526.62,332893.5383,1
1787535900000,94.2,94.29,94.06,94.18,5611.0,5611.48,528419.8138,1
1787536200000,94.2,94.23,94.03,94.2,9139.0,9139.56,860014.9001,1
1787536500000,94.18,94.18,93.75,93.85,7169.0,7169.6,672967.6583,1
1787536800000,93.88,94.07,93.66,93.97,3255.0,3255.52,305475.5047,1
1787537100000,93.95,94.14,93.85,94.04,5564.0,5564.92,523083.9619,1
1787537400000,94.02,94.52,93.96,94.44,2069.0,2069.44,195070.5842,1
1787537700000,94.45,94.72,94.45,94.64,2929.0,2929.05,277042.1708,1
1787538000000,94.67,94.72,94.56,94.64,719.0,719.69,68101.3278,1
1787538300000,94.64,94.76,94.64,94.76,343.0,343.24,32504.6829,1
1787538600000,94.79,94.98,94.71,94.95,4064.0,4064.6,385263.3565,1
1787538900000,94.95,95.04,94.79,94.83,1569.0,1569.44,149029.4571,1
1787539200000,94.8,94.91,94.62,94.74,1095.0,1095.38,103767.8234,1
1787539500000,94.72,94.72,94.05,94.32,3154.0,3154.34,297383.9856,1
1787539800000,94.32,94.37,94.21,94.34,428.0,428.2,40375.9859,1
1787540100000,94.35,94.56,94.35,94.56,1219.0,1219.08,115244.1461,1
1787540400000,94.55,94.65,94.22,94.25,1411.0,1411.86,133217.1962,1
1787540700000,94.24,94.24,94.02,94.05,341.0,341.08,32113.0998,1
1787541000000,94.09,94.16,93.85,93.88,620.0,620.78,58337.9528,1
1787541300000,93.86,93.93,93.78,93.86,1025.0,1025.72,96268.4907,1
1787541600000,93.88,94.11,93.8,94.09,1671.0,1671.7,156989.8611,1
1787541900000,94.12,94.23,93.76,93.76,3139.0,3139.01,294887.7879,1
1787542200000,93.76,93.9,93.45,93.89,2229.0,2229.54,208723.852,1
1787542500000,93.9,93.97,93.64,93.86,962.0,962.64,90366.7348,1
1787542800000,93.85,93.89,93.69,93.74,991.0,991.1,92996.4384,1
1787543100000,93.73,93.96,93.72,93.91,1504.0,1504.66,141167.7632,1
1787543400000,93.91,94.08,93.78,93.86,525.0,525.83,49407.1969,1
1787543700000,93.86,93.88,93.64,93.64,1861.0,1861.36,174473.6725,1
1787544000000,93.63,93.95,93.63,93.95,661.0,661.35,62045.2292,1
1787544300000,93.95,94.03,93.88,93.88,396.0,396.3,37230.9027,1
1787544600000,93.89,93.93,93.71,93.93,351.0,351.7,33006.4763,1
1787544900000,93.96,94.23,93.96,94.11,1624.0,1624.93,153005.4907,1
1787545200000,94.11,94.31,94.1,94.1,1625.0,1625.55,153193.1982,1
1787545500000,94.06,94.27,94.06,94.27,292.0,292.11,27497.4106,1
1787545800000,94.28,94.3,94.14,94.18,272.0,272.79,25698.6678,1
1787546100000,94.18,94.2,94.05,94.14,1032.0,1032.01,97201.6305,1
1787546400000,94.13,94.23,93.99,94.23,570.0,570.44,53714.7937,1
1787546700000,94.25,94.31,94.04,94.04,696.0,696.72,65556.6465,1
1787547000000,94.07,94.07,93.66,93.96,1674.0,1674.21,157168.2519,1
1787547300000,93.96,94.19,93.85,94.19,908.0,908.8,85453.8408,1
1787547600000,94.2,94.2,93.95,94.1,736.0,736.66,69301.0161,1
1787547900000,94.04,94.18,93.79,94.11,2425.0,2425.45,227836.7107,1
1787548200000,94.12,94.54,94.03,94.49,2708.0,2708.26,255437.8438,1
1787548500000,94.5,94.62,94.26,94.26,624.0,624.65,58970.8794,1
1787548800000,94.26,94.3,93.98,94.09,1148.0,1148.47,108082.0231,1
1787549100000,94.06,94.16,93.99,94.04,554.0,554.15,52139.9728,1
1787549400000,94.02,94.02,93.68,93.68,899.0,899.16,84336.4357,1
1787549700000,93.68,94.03,93.43,93.95,2031.0,2031.16,190211.2737,1
1787550000000,93.9,94.35,93.88,94.11,1183.0,1183.14,111483.1522,1
1787550300000,94.11,94.21,94.07,94.07,289.0,289.29,27238.4258,1
1787550600000,94.07,94.18,93.99,94.18,291.0,291.87,27454.1858,1
1787550900000,94.18,94.29,94.08,94.27,285.0,285.9,26926.1028,1
1787551200000,94.25,94.35,93.96,93.96,603.0,603.1,56797.264,1
1787551500000,93.96,94.22,93.8,94.15,2828.0,2828.78,265639.8965,1
1787551800000,94.13,94.39,94.03,94.33,688.0,688.66,64922.793,1
1787552100000,94.32,94.46,94.2,94.23,5427.0,5427.72,512253.9134,1
1787552400000,94.2,94.36,94.14,94.36,684.0,684.83,64515.6921,1
1787552700000,94.34,94.35,94.23,94.23,328.0,328.44,30967.2898,1
1787553000000,94.23,94.26,94.06,94.07,1840.0,1840.32,173205.3807,1
1787553300000,94.06,94.16,93.93,93.94,648.0,648.93,61024.1162,1
1787553600000,93.92,94.03,93.87,93.97,396.0,396.35,37230.0468,1
1787553900000,93.94,94.53,93.94,94.49,334.0,334.16,31518.2482,1
1787554200000,94.45,94.53,94.32,94.35,660.0,660.29,62340.1926,1
1787554500000,94.34,94.61,94.27,94.51,324.0,324.92,30684.704,1
1787554800000,94.56,94.85,94.49,94.77,3101.0,3101.09,293611.2847,1
1787555100000,94.75,94.92,94.71,94.85,653.0,653.57,61984.8355,1
1787555400000,94.86,95.44,94.86,95.31,1850.0,1850.4,176259.5487,1
1787555700000,95.31,95.31,94.99,95.03,2630.0,2630.32,250444.3852,1
1787556000000,95.0,95.0,94.64,94.77,1846.0,1846.58,175068.4241,1
1787556300000,94.77,94.85,94.26,94.29,2075.0,2075.5,195863.3137,1
1787556600000,94.29,94.39,94.11,94.29,2428.0,2428.07,228988.6169,1
1787556900000,94.29,94.29,94.09,94.15,3740.0,3740.87,352222.3725,1
1787557200000,94.17,94.17,93.96,94.02,3678.0,3678.31,345832.9678,1
1787557500000,94.0,94.25,93.98,94.1,403.0,403.62,38002.4593,1
1787557800000,94.1,94.39,94.07,94.36,789.0,789.01,74357.7583,1
1787558100000,94.38,94.38,94.05,94.1,383.0,383.02,36047.1604,1
1787558400000,94.11,94.16,93.93,93.98,1104.0,1104.39,103860.0864,1
1787558700000,93.98,94.34,93.98,94.17,935.0,935.89,88133.0677,1
1787559000000,94.17,94.17,93.98,94.01,622.0,622.69,58577.0439,1
1787559300000,94.02,94.02,93.53,93.81,1719.0,1719.73,161287.9653,1
1787559600000,93.7,93.76,93.53,93.54,532.0,532.58,49864.9621,1
1787559900000,93.53,93.54,93.22,93.37,10120.0,10120.51,944154.137,1
1787560200000,93.35,93.53,93.35,93.53,507.0,507.19,47397.1925,1
1787560500000,93.53,93.85,93.53,93.81,1620.0,1620.1,151689.9412,1
1787560800000,93.81,93.96,93.74,93.96,247.0,247.81,23253.0823,1
1787561100000,93.96,94.01,93.82,94.01,788.0,788.01,74004.344,1
1787561400000,94.01,94.07,93.93,93.94,285.0,285.66,26854.0613,1
1787561700000,93.97,93.99,93.83,93.91,180.0,180.18,16924.3924,1
1787562000000,93.91,94.25,93.88,94.2,406.0,406.97,38305.4599,1
1787562300000,94.19,94.57,94.19,94.55,3613.0,3613.83,341244.4624,1
1787562600000,94.55,94.55,94.41,94.55,361.0,361.82,34179.1844,1
1787562900000,94.56,94.59,94.34,94.44,458.0,458.01,43271.3455,1
1787563200000,94.46,94.53,94.45,94.48,917.0,917.95,86756.8138,1
1787563500000,94.48,94.69,94.41,94.65,579.0,579.73,54852.7972,1
1787563800000,94.63,94.89,94.63,94.78,294.0,294.01,27861.9794,1
1787564100000,94.79,94.79,94.7,94.79,262.0,262.29,24851.0622,1
1787564400000,94.79,94.82,94.69,94.69,732.0,732.21,69383.8273,1
1787564700000,94.69,94.82,94.67,94.78,922.0,922.79,87476.4304,1
1787565000000,94.76,94.77,94.67,94.75,268.0,268.22,25408.9067,1
1787565300000,94.75,94.75,94.63,94.63,88.0,88.84,8412.2046,1
1787565600000,94.63,94.98,94.58,94.85,1726.0,1726.65,163604.4427,1
1787565900000,94.84,94.9,94.6,94.79,382.0,382.04,36208.0915,1
1787566200000,94.79,95.11,94.76,95.03,921.0,921.52,87439.8139,1
1787566500000,95.02,95.02,94.79,94.99,565.0,565.62,53671.3392,1
1787566800000,95.0,95.02,94.82,94.86,468.0,468.0,44415.9735,1
1787567100000,94.83,94.94,94.8,94.83,284.0,284.71,27009.784,1
1787567400000,94.83,95.0,94.82,94.93,2403.0,2403.39,228215.0971,1
1787567700000,94.95,94.96,94.79,94.8,4886.0,4886.22,463389.094,1
1787568000000,94.8,94.93,94.74,94.81,383.0,383.42,36357.0825,1
1787568300000,94.79,94.91,94.79,94.86,255.0,255.0,24187.05,1
1787568600000,94.91,94.91,94.59,94.64,570.0,570.39,53999.4064,1
1787568900000,94.67,94.71,94.59,94.68,278.0,278.81,26390.4811,1
1787569200000,94.69,94.69,94.26,94.68,3595.0,3595.65,339604.4794,1
1787569500000,94.68,94.69,94.54,94.6,953.0,953.27,90202.1333,1
1787569800000,94.6,94.74,94.57,94.69,690.0,690.49,65357.4777,1
1787570100000,94.64,94.68,94.53,94.68,623.0,623.09,58964.9417,1
1787570400000,94.65,94.9,94.62,94.78,373.0,373.16,35344.914,1
1787570700000,94.81,94.91,94.78,94.89,569.0,569.47,54026.8214,1
1787571000000,94.89,95.4,94.86,95.4,1205.0,1205.92,114736.8267,1
1787571300000,95.42,95.94,95.42,95.84,3032.0,3032.88,290468.8037,1
1787571600000,95.81,96.27,95.74,96.24,1756.0,1756.08,168641.5252,1
1787571900000,96.24,96.32,95.59,95.66,2362.0,2362.35,226560.462,1
1787572200000,95.61,95.69,95.48,95.63,862.0,862.51,82456.9723,1
1787572500000,95.64,95.84,95.53,95.84,598.0,598.07,57219.9812,1
1787572800000,95.81,95.81,95.48,95.51,738.0,738.09,70549.4327,1
1787573100000,95.47,95.51,95.38,95.49,1386.0,1386.72,132367.7008,1
1787573400000,95.53,95.57,95.23,95.28,1057.0,1057.81,100853.2392,1
1787573700000,95.25,95.41,93.9,94.98,6445.0,6445.81,609073.9253,1
1787574000000,94.93,95.38,94.93,95.34,850.0,850.94,80927.528,1
1787574300000,95.37,95.55,95.32,95.44,2410.0,2410.42,230076.5772,1
1787574600000,95.4,95.86,95.26,95.65,2200.0,2200.34,210245.5346,1
1787574900000,95.64,95.99,95.64,95.99,1334.0,1334.84,127904.585,1
1787575200000,95.98,96.12,95.87,95.93,2169.0,2169.93,208344.1715,1
1787575500000,95.93,96.25,95.93,96.25,1428.0,1428.79,137266.6674,1
1787575800000,96.26,96.62,96.0,96.33,4484.0,4484.9,432098.4659,1
1787576100000,96.3,96.43,96.18,96.26,1590.0,1590.48,153230.554,1
1787576400000,96.28,96.29,95.88,95.94,3375.0,3375.97,324149.0798,1
1787576700000,95.95,96.27,95.95,96.27,2782.0,2782.55,267422.067,1
1787577000000,96.23,96.49,96.14,96.38,1123.0,1123.97,108268.0401,1
1787577300000,96.4,96.4,95.97,96.12,4089.0,4089.65,392799.2345,1
1787577600000,96.12,96.25,96.06,96.14,957.0,957.78,92089.045,1
1787577900000,96.12,96.19,96.0,96.02,1181.0,1181.2,113483.1348,1
1787578200000,96.0,96.04,95.14,95.47,7484.0,7484.49,714652.4765,1
1787578500000,95.47,95.67,95.23,95.29,1621.0,1621.81,154830.5248,1
1787578800000,95.29,95.34,94.56,94.8,5181.0,5181.94,492349.2514,1
1787579100000,94.73,95.02,94.28,94.93,3105.0,3105.8,294257.5523,1
1787579400000,94.93,95.08,94.48,94.77,3604.0,3604.8,341670.2932,1
1787579700000,94.78,95.07,94.6,95.03,3551.0,3551.15,337170.8485,1
1787580000000,94.98,95.32,94.85,95.06,3641.0,3641.73,346037.0434,1
1787580300000,95.03,95.31,94.97,95.3,1253.0,1253.69,119221.5516,1
1787580600000,95.31,95.64,95.24,95.64,2888.0,2888.32,275678.1492,1
1787580900000,95.63,95.71,95.37,95.41,1083.0,1083.83,103640.4342,1
1787581200000,95.41,96.12,95.27,95.31,5487.0,5487.74,526053.8913,1
1787581500000,95.33,95.79,95.32,95.76,4207.0,4207.76,402224.7235,1
1787581800000,95.76,96.46,95.73,96.24,8060.0,8060.35,775177.7008,1
1787582100000,96.23,96.54,96.2,96.49,3794.0,3794.31,365809.9791,1
1787582400000,96.52,96.7,96.16,96.45,5676.0,5676.67,547780.057,1
1787582700000,96.46,96.55,96.22,96.3,4554.0,4554.4,438986.7309,1
1787583000000,96.3,96.3,95.73,95.84,4580.0,4580.66,439737.8564,1
1787583300000,95.8,96.21,95.8,96.03,4091.0,4091.79,393338.1456,1
1787583600000,96.07,96.39,96.0,96.19,5055.0,5055.6,486097.4885,1
1787583900000,96.18,96.5,96.02,96.32,4481.0,4481.26,431153.7875,1
1787584200000,96.28,96.47,96.21,96.27,2184.0,2184.47,210508.5004,1
1787584500000,96.24,96.73,96.24,96.67,3925.0,3925.3,379324.4699,1
1787584800000,96.66,97.49,96.58,97.45,5651.0,5651.54,548131.7384,1
1787585100000,97.41,97.55,97.08,97.28,7829.0,7829.27,762523.2955,1
1787585400000,97.28,97.28,96.74,96.79,7099.0,7099.33,689668.0073,1
1787585700000,96.78,97.09,96.61,96.8,1678.0,1678.72,162549.2259,1
1787586000000,96.8,97.05,96.16,96.48,8020.0,8020.37,774482.4432,1
1787586300000,96.46,96.8,96.14,96.59,1647.0,1647.71,159166.2945,1
1787586600000,96.59,96.73,96.37,96.52,4609.0,4609.04,445293.4724,1
1787586900000,96.5,96.5,96.14,96.4,1319.0,1319.01,127042.1203,1
1787587200000,96.43,96.85,96.43,96.82,2954.0,2954.29,285562.5624,1
1787587500000,96.79,97.11,96.78,96.82,2573.0,2573.51,249526.8256,1
1787587800000,96.85,96.9,96.61,96.79,1697.0,1697.74,164362.0137,1
1787588100000,96.77,97.46,96.69,97.46,4294.0,4294.27,417602.1341,1
1787588400000,97.44,97.56,97.12,97.12,2810.0,2810.02,273661.1431,1
1787588700000,97.13,97.2,96.92,97.04,1484.0,1484.44,144055.1421,1
1787589000000,97.04,97.32,97.01,97.08,2254.0,2254.04,219002.9692,1
1787589300000,97.13,97.24,96.76,96.88,1819.0,1819.53,176451.428,1
1787589600000,96.87,96.9,96.59,96.7,930.0,930.78,90043.9123,1
1787589900000,96.71,96.75,96.48,96.52,1032.0,1032.22,99734.2754,1
1787590200000,96.53,96.6,95.75,95.88,4190.0,4190.84,402637.0552,1
1787590500000,95.84,96.3,95.84,96.03,2206.0,2206.85,212090.061,1
1787590800000,96.05,96.06,95.23,95.65,10708.0,10708.94,1023828.988,1
1787591100000,95.66,96.15,95.56,96.14,2283.0,2283.0,218838.9079,1
1787591400000,96.1,96.1,95.88,95.88,1323.0,1323.42,127053.7253,1
1787591700000,95.87,96.06,95.27,95.83,3117.0,3117.21,298383.5642,1
1787592000000,95.82,95.82,94.88,94.97,3918.0,3918.76,372586.1552,1
1787592300000,94.98,95.27,94.76,94.87,3774.0,3774.14,359152.3827,1
1787592600000,94.86,95.14,94.86,94.91,4790.0,4790.73,454897.4407,1
1787592900000,94.92,95.22,94.89,95.2,1310.0,1310.62,124625.2877,1
1787593200000,95.19,95.31,94.83,94.83,1696.0,1696.44,161333.8867,1
1787593500000,94.83,95.17,94.77,95.17,999.0,999.5,94965.1733,1
1787593800000,95.17,95.31,95.07,95.23,458.0,458.62,43660.3706,1
1787594100000,95.27,95.38,95.08,95.36,1842.0,1842.53,175420.3756,1
1787594400000,95.37,95.8,95.35,95.79,1311.0,1311.28,125364.2752,1
1787594700000,95.77,95.99,95.65,95.77,1606.0,1606.37,154011.6957,1
1787595000000,95.77,96.01,95.75,95.94,1052.0,1052.18,100835.7347,1
1787595300000,95.97,96.39,95.94,96.2,1305.0,1305.3,125459.2632,1
1787595600000,96.21,96.25,96.06,96.06,751.0,751.03,72239.6079,1
1787595900000,96.0,96.31,95.99,96.23,768.0,768.88,73942.3096,1
1787596200000,96.25,96.4,96.09,96.09,563.0,563.33,54241.0049,1
1787596500000,96.09,96.15,95.7,95.91,2475.0,2475.05,237325.0136,1
1787596800000,95.92,96.17,95.92,96.17,765.0,765.66,73560.6013,1
1787597100000,96.17,96.3,96.03,96.15,1000.0,1000.89,96237.638,1
1787597400000,96.14,96.19,95.69,95.83,868.0,868.98,83325.646,1
1787597700000,95.86,95.96,95.8,95.87,887.0,887.3,85073.4021,1
1787598000000,95.9,96.22,95.8,95.8,3017.0,3017.05,289365.7085,1
1787598300000,95.77,95.78,95.37,95.51,1023.0,1023.32,97778.1601,1
1787598600000,95.48,95.91,95.45,95.79,1373.0,1373.85,131609.1179,1
1787598900000,95.76,95.88,95.41,95.53,1126.0,1126.71,107727.9387,1
1787599200000,95.51,95.7,95.45,95.55,826.0,826.97,79069.5617,1
1787599500000,95.55,95.92,95.55,95.89,815.0,815.98,78141.8626,1
1787599800000,95.88,96.09,95.85,96.02,867.0,867.21,83233.5081,1
1787600100000,96.02,96.51,95.93,96.32,1142.0,1142.67,109976.0781,1
1787600400000,96.32,96.36,96.09,96.23,1056.0,1056.55,101611.1282,1
1787600700000,96.24,96.49,96.08,96.38,3445.0,3445.43,332094.0345,1
1787601000000,96.42,96.45,96.12,96.4,1467.0,1467.88,141286.821,1
1787601300000,96.38,96.62,96.29,96.47,1583.0,1583.91,152770.3861,1
1787601600000,96.53,96.64,96.08,96.08,1240.0,1240.09,119395.5506,1
1787601900000,96.17,96.42,96.09,96.42,451.0,451.64,43481.0256,1
1787602200000,96.43,96.44,96.11,96.19,793.0,793.3,76342.2843,1
1787602500000,96.19,96.19,96.01,96.11,328.0,328.19,31525.0176,1
1787602800000,96.07,96.14,95.96,96.02,604.0,604.02,58020.5963,1
1787603100000,96.01,96.02,95.69,95.91,1913.0,1913.06,183342.0423,1
1787603400000,95.89,96.11,95.84,96.11,1662.0,1662.39,159579.1464,1
1787603700000,96.11,96.72,96.11,96.55,5868.0,5868.63,566561.5221,1
1787604000000,96.54,96.61,96.47,96.56,3345.0,3345.26,322971.4058,1
1787604300000,96.56,96.56,96.45,96.48,2992.0,2992.83,288722.4345,1
1787604600000,96.45,96.47,96.31,96.39,703.0,703.61,67834.3722,1
1787604900000,96.42,96.5,96.42,96.49,277.0,277.32,26754.2258,1
1787605200000,96.5,96.69,96.5,96.69,970.0,970.18,93749.2504,1
1787605500000,96.72,96.83,96.69,96.8,667.0,667.92,64641.9484,1
1787605800000,96.74,96.97,96.72,96.86,2458.0,2458.41,238088.4631,1
1787606100000,96.84,96.87,96.66,96.7,1949.0,1949.91,188562.6673,1
1787606400000,96.69,96.75,96.6,96.68,381.0,381.08,36830.3059,1
1787606700000,96.68,96.76,96.63,96.74,336.0,336.79,32566.7256,1
1787607000000,96.75,96.89,96.72,96.88,512.0,512.84,49639.4092,1
1787607300000,96.86,96.94,96.77,96.87,3220.0,3220.14,312083.8459,1
1787607600000,96.87,96.91,96.83,96.88,184.0,184.52,17877.0392,1
1787607900000,96.88,97.33,96.81,97.24,2686.0,2686.98,261231.9723,1
1787608200000,97.25,97.26,97.13,97.24,630.0,630.14,61237.9666,1
1787608500000,97.28,97.55,97.19,97.46,2118.0,2118.19,206372.9021,1
1787608800000,97.44,97.75,97.18,97.45,4652.0,4652.55,454303.4092,1
1787609100000,97.46,97.82,97.41,97.42,1271.0,1271.67,124151.6922,1
1787609400000,97.45,97.51,97.37,97.46,4879.0,4879.0,475245.6561,1
1787609700000,97.38,97.63,97.38,97.45,505.0,505.87,49331.7431,1
1787610000000,97.44,97.56,97.36,97.45,835.0,835.71,81436.5203,1
1787610300000,97.42,97.5,97.35,97.5,1024.0,1024.54,99800.905,1
1787610600000,97.51,98.25,97.49,98.15,5735.0,5735.86,561906.7651,1
1787610900000,98.18,98.72,98.11,98.42,2340.0,2340.72,230452.0275,1
1787611200000,98.38,98.39,97.62,97.64,1892.0,1892.31,185279.7914,1
1787611500000,97.61,97.97,97.61,97.86,1395.0,1395.06,136376.8906,1
1787611800000,97.85,97.9,97.41,97.59,776.0,776.49,75819.4091,1
1787612100000,97.59,97.62,97.34,97.41,370.0,370.61,36118.1912,1
1787612400000,97.43,97.57,97.26,97.46,1754.0,1754.96,170832.6049,1
1787612700000,97.46,97.89,97.42,97.76,1055.0,1055.73,103190.6172,1
1787613000000,97.8,97.88,97.5,97.5,899.0,899.95,87952.0269,1
1787613300000,97.55,97.62,97.47,97.5,238.0,238.53,23272.2338,1
1787613600000,97.61,98.32,97.61,98.26,2029.0,2029.12,199009.1427,1
1787613900000,98.22,98.48,98.01,98.19,1113.0,1113.23,109400.1245,1
1787614200000,98.18,98.38,98.0,98.11,546.0,546.78,53672.5541,1
1787614500000,98.11,98.64,98.07,98.6,1120.0,1120.68,110353.7083,1
1787614800000,98.62,98.78,98.45,98.54,3210.0,3210.14,316611.2253,1
1787615100000,98.53,98.71,98.43,98.47,1669.0,1669.34,164525.7663,1
1787615400000,98.44,98.51,98.21,98.39,1136.0,1136.5,111794.4167,1
1787615700000,98.38,98.97,98.32,98.96,2077.0,2077.95,205020.9004,1
1787616000000,98.93,98.93,98.64,98.72,1099.0,1099.36,108592.8392,1
1787616300000,98.7,101.61,98.54,99.81,7340.0,7340.07,734547.3127,1
1787616600000,99.82,102.12,99.55,100.57,11142.0,11142.4,1121382.522,1
1787616900000,100.58,100.58,99.4,99.75,4759.0,4759.26,474973.0746,1
1787617200000,99.78,100.18,99.61,99.9,3538.0,3538.92,354009.8742,1
1787617500000,99.95,100.51,99.54,99.78,6476.0,6476.41,646582.5932,1
1787617800000,99.78,100.36,99.55,100.29,3474.0,3474.84,346886.9477,1
1787618100000,100.31,100.88,100.22,100.74,2322.0,2322.0,233669.0604,1
1787618400000,100.76,102.47,100.64,101.87,8953.0,8953.0,909680.314,1
1787618700000,101.89,102.79,101.76,101.82,16665.0,16665.72,1701703.1184,1
1787619000000,101.85,102.13,101.37,102.13,5474.0,5474.89,556277.4062,1
1787619300000,102.07,102.19,101.68,101.76,3199.0,3199.7,326459.5616,1
1787619600000,101.82,102.37,101.75,102.18,2588.0,2588.86,263838.3923,1
1787619900000,102.15,102.16,101.88,101.96,2645.0,2645.94,269908.5332,1
1787620200000,101.99,102.01,101.54,101.81,2702.0,2702.92,275015.8086,1
1787620500000,101.84,102.1,101.43,102.01,1876.0,1876.48,190838.6503,1
1787620800000,102.05,102.11,101.76,101.8,4339.0,4339.53,442340.4195,1
1787621100000,101.81,102.56,101.76,102.09,4958.0,4958.21,506666.2021,1
1787621400000,102.09,102.3,101.76,101.82,1692.0,1692.23,172609.0293,1
1787621700000,101.82,101.97,101.58,101.76,1530.0,1530.32,155724.7387,1
1787622000000,101.79,101.89,100.95,101.0,5763.0,5763.18,585221.3847,1
1787622300000,100.98,101.29,100.97,101.23,1131.0,1131.85,114512.1571,1
1787622600000,101.15,101.15,100.08,100.45,7908.0,7908.53,793468.6995,1
1787622900000,100.44,100.57,100.35,100.48,2137.0,2137.09,214714.8991,1
1787623200000,100.47,100.6,100.31,100.46,8108.0,8108.73,814708.3628,1
1787623500000,100.46,100.52,100.26,100.38,755.0,755.23,75784.4884,1
1787623800000,100.42,100.62,100.3,100.37,751.0,751.31,75458.2015,1
1787624100000,100.37,102.14,100.23,102.14,6400.0,6400.87,648404.8621,1
1787624400000,102.14,102.31,101.4,101.75,6323.0,6323.07,644129.5765,1
1787624700000,101.74,102.33,101.74,102.28,6920.0,6920.55,707247.0694,1
1787625000000,102.21,102.29,101.77,101.94,3480.0,3480.43,354902.4614,1
1787625300000,101.91,102.02,101.58,101.77,869.0,869.54,88506.9947,1
1787625600000,101.78,102.21,101.6,101.64,2143.0,2143.02,218136.0546,1
1787625900000,101.62,101.71,101.38,101.43,5132.0,5132.79,521012.2266,1
1787626200000,101.46,101.46,100.63,100.76,7005.0,7005.46,707012.3466,1
1787626500000,100.77,101.0,100.73,100.9,1226.0,1226.17,123700.1475,1
1787626800000,100.92,101.35,100.85,101.29,3077.0,3077.05,311013.5107,1
1787627100000,101.28,101.46,101.27,101.32,974.0,974.21,98775.3953,1
1787627400000,101.32,101.55,101.31,101.43,651.0,651.03,66014.9778,1
1787627700000,101.45,101.62,101.23,101.62,2659.0,2659.87,269465.7544,1
1787628000000,101.64,101.79,101.38,101.45,7572.0,7572.59,769404.1365,1
1787628300000,101.42,101.62,101.26,101.62,5589.0,5589.5,567115.6847,1
1787628600000,101.61,102.05,101.54,101.8,1291.0,1291.28,131552.8559,1
1787628900000,101.82,101.89,101.61,101.85,613.0,613.02,62369.1728,1
1787629200000,101.85,101.85,101.38,101.45,1190.0,1190.35,121051.6547,1
1787629500000,101.41,101.79,101.16,101.43,1114.0,1114.73,113117.1849,1
1787629800000,101.42,101.71,101.42,101.63,880.0,880.05,89406.178,1
1787630100000,101.6,101.61,101.33,101.58,565.0,565.72,57405.2944,1
1787630400000,101.58,101.7,101.3,101.34,632.0,632.2,64190.7184,1
1787630700000,101.34,101.37,100.98,101.28,1053.0,1053.64,106609.0523,1
1787631000000,101.29,101.55,101.22,101.54,439.0,439.45,44569.9847,1
1787631300000,101.55,101.55,101.21,101.27,552.0,552.45,55971.5549,1
1787631600000,101.34,101.68,101.23,101.68,2709.0,2709.72,274688.8051,1
1787631900000,101.68,101.71,101.4,101.44,1400.0,1400.04,142138.8747,1
1787632200000,101.42,101.5,101.01,101.28,920.0,920.58,93193.5018,1
1787632500000,101.25,101.41,101.13,101.16,507.0,507.84,51448.255,1
1787632800000,101.13,101.58,100.84,100.91,1022.0,1022.51,103337.8071,1
1787633100000,100.91,101.09,100.85,101.04,486.0,486.7,49145.3297,1
1787633400000,101.04,101.3,101.03,101.14,390.0,390.32,39479.22,1
1787633700000,101.14,101.32,101.0,101.31,781.0,781.97,79096.8905,1
1787634000000,101.32,101.72,101.24,101.72,916.0,916.14,93005.6791,1
1787634300000,101.73,101.98,101.73,101.94,848.0,848.73,86488.9638,1
1787634600000,101.95,102.07,101.8,101.88,1347.0,1347.6,137396.2444,1
1787634900000,101.87,102.01,101.78,101.98,1068.0,1068.15,108795.9319,1
1787635200000,101.96,102.03,101.79,101.93,1331.0,1331.37,135711.0476,1
1787635500000,101.94,103.23,101.93,102.69,5022.0,5022.08,515766.2452,1
1787635800000,102.67,102.74,102.23,102.33,5262.0,5262.51,539482.3407,1
1787636100000,102.36,102.43,102.1,102.18,767.0,767.48,78490.8264,1
1787636400000,102.19,102.22,101.68,101.69,1401.0,1401.66,142794.9711,1
1787636700000,101.69,102.02,101.68,102.01,1963.0,1963.39,199974.9511,1
1787637000000,102.03,102.42,101.94,102.35,771.0,771.5,78884.5087,1
1787637300000,102.33,102.42,101.9,101.9,607.0,607.95,62058.124,1
1787637600000,101.89,102.02,101.71,101.75,4499.0,4499.88,458751.3068,1
1787637900000,101.72,101.72,101.53,101.62,1192.0,1192.94,121193.8201,1
1787638200000,101.6,101.71,101.41,101.69,1217.0,1217.64,123644.1573,1
1787638500000,101.7,102.05,101.66,101.84,1584.0,1584.13,161324.2022,1
1787638800000,101.82,101.82,101.58,101.67,433.0,433.18,44060.8479,1
1787639100000,101.64,101.68,101.56,101.58,405.0,405.79,41227.1995,1
1787639400000,101.56,101.56,101.16,101.37,4647.0,4647.02,470665.4137,1
1787639700000,101.33,101.33,101.06,101.2,2105.0,2105.94,213183.0405,1
1787640000000,101.2,101.24,101.08,101.13,2870.0,2870.21,290402.4488,1
1787640300000,101.13,101.14,100.98,101.01,1194.0,1194.64,120713.4177,1
1787640600000,101.0,101.04,100.73,100.82,1072.0,1072.33,108156.1039,1
1787640900000,100.8,100.8,100.45,100.73,5938.0,5938.25,597743.2335,1
1787641200000,100.73,101.49,100.58,101.43,3678.0,3678.38,372401.9598,1
1787641500000,101.45,101.61,101.45,101.51,478.0,478.74,48596.5494,1
1787641800000,101.52,101.67,101.44,101.44,2973.0,2973.81,302049.3538,1
1787642100000,101.44,101.57,101.35,101.39,554.0,554.67,56261.0615,1
1787642400000,101.39,101.52,101.27,101.48,1540.0,1540.16,156162.3556,1
1787642700000,101.43,101.94,101.43,101.65,843.0,843.78,85864.3057,1
1787643000000,101.64,101.64,101.47,101.5,1431.0,1431.64,145365.651,1
1787643300000,101.53,101.58,101.33,101.33,4527.0,4527.94,458956.0041,1
1787643600000,101.4,101.69,101.4,101.69,4305.0,4305.69,437515.0399,1
1787643900000,101.69,101.72,100.55,100.7,2513.0,2513.47,254145.8356,1
1787644200000,100.67,100.74,99.49,100.49,6678.0,6678.69,669159.0776,1
1787644500000,100.49,100.49,100.24,100.24,1976.0,1976.99,198402.7217,1
1787644800000,100.29,100.41,99.74,100.16,3394.0,3394.35,339925.6124,1
1787645100000,100.16,100.18,99.92,100.1,954.0,954.66,95505.933,1
1787645400000,100.05,100.3,99.99,100.28,2968.0,2968.3,297459.5673,1
1787645700000,100.26,100.56,100.23,100.4,1567.0,1567.09,157433.2632,1
1787646000000,100.4,100.94,100.4,100.93,1209.0,1209.76,121822.229,1
1787646300000,100.88,101.07,100.87,100.96,595.0,595.65,60150.7307,1
1787646600000,101.02,101.1,100.85,100.96,897.0,897.54,90648.8057,1
1787646900000,100.96,100.99,100.32,100.32,1911.0,1911.82,192593.6364,1
1787647200000,100.29,100.72,100.24,100.72,862.0,862.13,86607.5934,1
1787647500000,100.72,100.73,100.48,100.52,366.0,366.95,36919.4077,1
1787647800000,100.53,100.56,100.37,100.41,655.0,655.36,65846.2462,1
1787648100000,100.46,100.49,100.34,100.39,633.0,633.91,63648.7219,1
1787648400000,100.41,100.41,99.99,100.13,3064.0,3064.34,307046.1037,1
1787648700000,100.05,100.26,99.98,100.22,1036.0,1036.01,103675.6811,1
1787649000000,100.23,100.44,100.1,100.34,1249.0,1249.66,125316.6486,1
1787649300000,100.34,100.42,100.23,100.36,534.0,534.79,53671.7421,1
1787649600000,100.36,100.53,100.36,100.48,1216.0,1216.27,122201.8682,1
1787649900000,100.43,100.43,100.05,100.13,1455.0,1455.98,145882.8343,1
1787650200000,100.14,100.45,100.14,100.43,945.0,945.84,94836.5206,1
1787650500000,100.39,100.46,100.3,100.4,419.0,419.6,42113.7888,1
1787650800000,100.39,100.61,100.39,100.46,1378.0,1378.83,138581.4427,1
1787651100000,100.45,100.54,100.31,100.32,570.0,570.15,57232.4716,1
1787651400000,100.31,100.31,99.27,99.53,5019.0,5019.68,500307.8955,1
1787651700000,99.54,99.81,99.51,99.79,4097.0,4097.73,408462.768,1
1787652000000,99.78,99.88,99.41,99.68,2167.0,2167.11,215891.6979,1
1787652300000,99.7,99.83,99.55,99.67,584.0,584.33,58266.4128,1
1787652600000,99.67,99.74,99.08,99.4,1817.0,1817.61,180736.7585,1
1787652900000,99.41,99.51,99.28,99.45,745.0,745.09,74048.2575,1
1787653200000,99.51,99.72,99.43,99.57,1318.0,1318.82,131348.9276,1
1787653500000,99.57,99.64,99.47,99.53,1395.0,1395.93,138975.2643,1
1787653800000,99.5,99.57,99.41,99.41,520.0,520.67,51808.2448,1
1787654100000,99.43,99.44,99.28,99.39,415.0,415.37,41263.5981,1
1787654400000,99.46,99.62,99.46,99.54,2172.0,2172.4,216284.1621,1
1787654700000,99.54,99.79,99.5,99.58,1321.0,1321.5,131759.2706,1
1787655000000,99.58,99.83,99.55,99.75,381.0,381.13,38012.3721,1
1787655300000,99.78,99.84,99.59,99.59,603.0,603.06,60138.7226,1
1787655600000,99.62,99.64,99.33,99.34,2007.0,2007.66,199678.7453,1
1787655900000,99.33,99.69,99.28,99.4,2767.0,2767.46,275187.2272,1
1787656200000,99.43,99.44,98.81,98.91,2145.0,2145.54,212467.0592,1
1787656500000,98.95,99.06,98.87,98.87,5240.0,5240.57,518983.7066,1
1787656800000,98.87,99.1,98.85,98.99,502.0,502.89,49764.8148,1
1787657100000,98.95,98.96,98.46,98.85,3890.0,3890.27,383418.8289,1
1787657400000,98.85,99.02,98.76,99.0,956.0,956.95,94690.0866,1
1787657700000,99.0,99.19,98.92,98.92,637.0,637.38,63127.9818,1
1787658000000,98.92,98.94,98.68,98.68,723.0,723.0,71431.8714,1
1787658300000,98.7,98.8,98.52,98.62,809.0,809.26,79845.0896,1
1787658600000,98.63,98.8,98.56,98.57,1602.0,1602.32,158040.2263,1
1787658900000,98.56,98.73,98.53,98.59,334.0,334.42,32984.1862,1
1787659200000,98.63,98.81,98.25,98.45,1631.0,1631.88,160808.4221,1
1787659500000,98.45,98.47,97.81,98.21,5446.0,5446.37,533925.1294,1
1787659800000,98.16,98.58,98.12,98.51,698.0,698.62,68751.2397,1
1787660100000,98.49,98.52,98.09,98.27,899.0,899.02,88357.298,1
1787660400000,98.26,98.32,97.65,97.99,1824.0,1824.4,178733.0148,1
1787660700000,97.97,98.18,97.45,98.18,2476.0,2476.16,241915.1447,1
1787661000000,98.16,98.29,97.9,98.22,868.0,868.19,85201.3664,1
1787661300000,98.19,98.25,98.09,98.11,2540.0,2540.01,249463.7137,1
1787661600000,98.12,98.34,97.81,98.23,1865.0,1865.87,183173.6279,1
1787661900000,98.26,98.56,98.22,98.52,1092.0,1092.59,107525.2593,1
1787662200000,98.53,98.68,98.51,98.63,2802.0,2802.03,276230.7034,1
1787662500000,98.63,98.68,98.54,98.57,233.0,233.59,23034.3454,1
1787662800000,98.56,98.77,98.48,98.77,1131.0,1131.33,111561.5038,1
1787663100000,98.77,98.77,98.24,98.3,1892.0,1892.14,186200.7597,1
1787663400000,98.31,98.36,98.02,98.11,2517.0,2517.73,247186.5247,1
1787663700000,98.1,98.1,97.6,97.81,2392.0,2392.6,234031.0837,1
1787664000000,97.81,97.96,97.48,97.62,2056.0,2056.4,200937.1931,1
1787664300000,97.61,97.74,96.54,96.95,6303.0,6303.88,611229.8356,1
1787664600000,96.93,97.79,96.87,97.79,3360.0,3360.99,327325.2726,1
1787664900000,97.79,98.13,97.69,97.92,2918.0,2918.39,285821.4666,1
1787665200000,97.87,98.07,97.41,97.47,4699.0,4699.19,458635.3575,1
1787665500000,97.47,97.53,96.9,97.07,5712.0,5712.03,555045.7726,1
1787665800000,97.08,97.1,96.17,96.64,6888.0,6888.74,665628.5975,1
1787666100000,96.63,97.13,96.44,97.09,2273.0,2273.18,220130.0666,1
1787666400000,97.08,97.42,96.87,97.29,2986.0,2986.65,290197.2613,1
1787666700000,97.33,97.7,97.33,97.7,4343.0,4343.71,423733.3033,1
1787667000000,97.71,97.92,97.67,97.72,2583.0,2583.95,252631.0173,1
1787667300000,97.73,97.75,97.43,97.46,2312.0,2312.09,225493.9477,1
1787667600000,97.44,97.79,97.37,97.74,2023.0,2023.07,197554.4266,1
1787667900000,97.79,98.13,97.73,97.98,4438.0,4438.42,434548.1727,1
1787668200000,97.96,98.36,97.65,98.19,8233.0,8233.32,807155.5807,1
1787668500000,98.12,98.23,97.95,98.0,2161.0,2161.66,212152.5108,1
1787668800000,97.94,98.09,97.83,97.95,2423.0,2423.91,237458.6104,1
1787669100000,97.98,98.27,97.98,98.11,1807.0,1807.21,177314.2775,1
1787669400000,98.09,98.23,98.07,98.11,534.0,534.59,52476.9675,1
1787669700000,98.11,98.33,98.03,98.16,1570.0,1570.5,154210.3728,1
1787670000000,98.16,98.27,97.8,97.9,2414.0,2414.34,236795.4687,1
1787670300000,97.95,98.2,97.95,98.09,1162.0,1162.33,113997.9506,1
1787670600000,98.11,98.18,97.69,97.72,3033.0,3033.9,297342.77,1
1787670900000,97.76,98.06,97.6,97.97,4414.0,4414.71,431637.6197,1
1787671200000,97.93,98.04,97.8,97.81,633.0,633.69,62033.2988,1
1787671500000,97.81,97.94,97.6,97.92,3446.0,3446.53,336917.1064,1
1787671800000,97.93,98.1,97.82,98.02,1626.0,1626.79,159368.073,1
1787672100000,98.03,98.46,98.0,98.16,3147.0,3147.22,309196.5576,1
1787672400000,98.16,98.16,97.93,98.03,3499.0,3499.4,342907.0143,1
1787672700000,98.02,98.06,97.81,97.86,1761.0,1761.57,172371.8679,1
1787673000000,97.81,97.99,97.78,97.97,874.0,874.89,85674.3066,1
1787673300000,98.0,98.36,97.99,98.33,2407.0,2407.27,236255.1137,1
1787673600000,98.29,98.52,98.22,98.32,2355.0,2355.77,231723.4831,1
1787673900000,98.32,98.35,98.09,98.22,1400.0,1400.6,137447.0765,1
1787674200000,98.26,98.27,97.96,98.03,1639.0,1639.54,160719.8656,1
1787674500000,97.99,98.25,97.99,98.18,1715.0,1715.54,168349.026,1
1787674800000,98.19,98.19,97.85,97.92,528.0,528.61,51787.4172,1
1787675100000,97.89,98.04,97.73,98.02,1096.0,1096.17,107306.3379,1
1787675400000,98.02,98.34,97.98,98.23,2399.0,2399.78,235636.8803,1
1787675700000,98.27,98.35,98.15,98.32,420.0,420.61,41322.817,1
1787676000000,98.32,98.64,98.32,98.4,826.0,826.9,81465.9061,1
1787676300000,98.36,98.55,98.33,98.42,417.0,417.79,41131.2329,1
1787676600000,98.4,98.43,98.23,98.23,286.0,286.01,28126.1829,1
1787676900000,98.22,98.24,98.07,98.14,1593.0,1593.23,156344.0789,1
1787677200000,98.11,98.16,97.81,97.84,1371.0,1371.88,134406.6446,1
1787677500000,97.84,97.94,97.43,97.58,6324.0,6324.5,617591.1859,1
1787677800000,97.61,97.66,97.45,97.62,1566.0,1566.9,152856.9198,1
1787678100000,97.65,97.9,97.6,97.84,726.0,726.56,70991.8562,1
1787678400000,97.84,97.99,97.59,97.63,1364.0,1364.99,133558.1811,1
1787678700000,97.63,97.75,97.46,97.58,3084.0,3084.36,300883.3437,1
1787679000000,97.61,98.08,97.61,97.91,2471.0,2471.99,242019.4363,1
1787679300000,97.91,97.91,97.7,97.71,745.0,745.84,72972.1601,1
1787679600000,97.71,98.02,97.71,98.0,1842.0,1842.29,180519.999,1
1787679900000,98.0,98.15,97.97,98.1,1735.0,1735.13,170078.2868,1
1787680200000,98.08,98.1,97.97,98.1,272.0,272.64,26731.028,1
1787680500000,98.07,98.17,98.05,98.14,783.0,783.98,76935.7047,1
1787680800000,98.17,98.28,98.04,98.15,564.0,564.1,55365.7508,1
1787681100000,98.18,98.28,98.09,98.23,471.0,471.34,46262.445,1
1787681400000,98.25,98.48,98.22,98.42,1075.0,1075.15,105700.431,1
1787681700000,98.43,98.53,98.37,98.46,1476.0,1476.5,145347.2021,1
1787682000000,98.47,98.78,98.46,98.68,1915.0,1915.87,188911.5276,1
1787682300000,98.68,98.71,98.56,98.66,242.0,242.68,23932.1432,1
1787682600000,98.64,98.68,98.42,98.46,4978.0,4978.48,490116.9258,1
1787682900000,98.45,98.58,98.41,98.58,1580.0,1580.37,155638.6572,1
1787683200000,98.57,98.64,98.46,98.6,694.0,694.74,68479.3093,1
1787683500000,98.62,98.72,98.46,98.52,574.0,574.04,56635.0015,1
1787683800000,98.57,98.6,98.35,98.35,2700.0,2700.4,265847.3026,1
1787684100000,98.38,98.52,98.33,98.45,809.0,809.13,79586.163,1
1787684400000,98.44,98.58,98.21,98.21,1194.0,1194.35,117543.1699,1
1787684700000,98.23,98.41,98.23,98.4,1201.0,1201.45,118163.1441,1
1787685000000,98.4,98.55,98.32,98.44,978.0,978.56,96322.8748,1
1787685300000,98.44,98.54,98.4,98.51,368.0,368.51,36294.1455,1
1787685600000,98.5,98.52,98.32,98.4,383.0,383.24,37713.8301,1
1787685900000,98.4,98.4,97.83,97.85,2447.0,2447.13,239772.9456,1
1787686200000,97.83,97.83,97.58,97.76,2160.0,2160.68,211123.6117,1
1787686500000,97.78,97.94,97.7,97.71,1578.0,1578.36,154484.1654,1
1787686800000,97.71,97.73,97.44,97.5,3342.0,3342.49,326371.5205,1
1787687100000,97.53,97.69,97.53,97.61,1519.0,1519.18,148256.092,1
1787687400000,97.55,97.82,97.55,97.77,1019.0,1019.04,99612.855,1
1787687700000,97.77,97.93,97.69,97.93,1981.0,1981.27,193882.6661,1
1787688000000,97.92,97.99,97.02,97.5,5014.0,5014.31,487648.3992,1
1787688300000,97.46,97.7,97.3,97.69,2603.0,2603.26,254058.3353,1
1787688600000,97.69,97.74,97.61,97.71,935.0,935.91,91411.3169,1
1787688900000,97.68,97.94,97.66,97.93,3297.0,3297.78,322647.1393,1
1787689200000,97.93,97.96,97.76,97.92,5208.0,5208.75,509937.7623,1
1787689500000,97.92,97.93,97.65,97.65,350.0,350.32,34248.925,1
1787689800000,97.61,97.68,97.4,97.59,706.0,706.61,68907.7963,1
1787690100000,97.59,97.67,96.94,97.01,1609.0,1609.65,156446.9705,1
1787690400000,97.02,97.13,96.73,96.97,8432.0,8432.09,817780.2621,1
1787690700000,96.97,97.06,96.61,96.65,4305.0,4305.86,416887.3041,1
1787691000000,96.7,96.95,96.65,96.77,2138.0,2138.81,206878.5785,1
1787691300000,96.77,96.78,96.61,96.63,1394.0,1394.99,134879.0895,1
1787691600000,96.63,96.91,96.59,96.69,1703.0,1703.82,164748.0926,1
1787691900000,96.72,96.83,95.25,96.06,10310.0,10310.16,988448.855,1
1787692200000,96.02,96.52,95.97,96.47,1876.0,1876.26,180601.6382,1
1787692500000,96.49,96.71,96.26,96.63,1077.0,1077.55,104043.279,1
1787692800000,96.64,96.64,96.09,96.21,1357.0,1357.6,130722.7342,1
1787693100000,96.21,96.71,96.11,96.71,1654.0,1654.66,159488.7407,1
1787693400000,96.68,96.82,96.59,96.8,909.0,909.33,87954.8597,1
1787693700000,96.8,97.13,96.8,97.13,2986.0,2986.76,289751.889,1
1787694000000,97.13,97.19,96.99,97.01,424.0,424.78,41248.1815,1
1787694300000,97.04,97.15,97.0,97.12,350.0,350.67,34034.6656,1
1787694600000,97.12,97.16,96.96,97.16,275.0,275.92,26782.6224,1
1787694900000,97.18,97.23,96.99,97.15,6225.0,6225.97,605173.4601,1
1787695200000,97.14,97.39,97.14,97.34,2091.0,2091.99,203491.9793,1
1787695500000,97.33,97.53,97.32,97.48,816.0,816.12,79515.8201,1
1787695800000,97.48,97.62,97.47,97.6,1214.0,1214.79,118527.5711,1
1787696100000,97.62,97.69,97.57,97.68,630.0,630.29,61523.6939,1
1787696400000,97.7,97.72,97.44,97.45,2768.0,2768.74,269974.3892,1
1787696700000,97.44,97.44,97.13,97.27,1061.0,1061.66,103208.092,1
1787697000000,97.31,97.47,97.16,97.47,1601.0,1601.65,155834.8435,1
1787697300000,97.46,97.5,97.3,97.3,451.0,451.59,43983.3943,1
1787697600000,97.3,97.31,97.17,97.21,717.0,717.66,69799.9462,1
1787697900000,97.21,97.29,97.17,97.25,512.0,512.66,49848.9439,1
1787698200000,97.29,97.29,97.22,97.25,393.0,393.53,38280.1676,1
1787698500000,97.25,97.32,97.19,97.19,228.0,228.44,22216.6319,1
1787698800000,97.16,97.33,97.09,97.26,358.0,358.94,34893.2697,1
1787699100000,97.28,97.3,97.06,97.06,871.0,871.98,84751.2384,1
1787699400000,97.06,97.19,96.94,97.14,862.0,862.23,83660.321,1
1787699700000,97.13,97.22,97.0,97.06,354.0,354.75,34459.7693,1
1787700000000,97.03,97.03,96.81,96.86,1006.0,1006.96,97563.7402,1
1787700300000,96.86,97.06,96.86,97.04,417.0,417.09,40459.0986,1
1787700600000,97.04,97.04,96.88,96.96,510.0,510.37,49474.8662,1
1787700900000,96.96,96.97,96.86,96.86,326.0,326.89,31680.2702,1
1787701200000,96.89,96.89,96.53,96.67,761.0,761.39,73636.9609,1
1787701500000,96.67,96.7,96.59,96.63,386.0,386.14,37320.0863,1
1787701800000,96.64,96.66,96.34,96.48,1430.0,1430.01,138018.9707,1
1787702100000,96.48,96.62,96.44,96.54,567.0,567.9,54820.818,1
1787702400000,96.56,96.74,96.38,96.74,1350.0,1350.59,130423.4735,1
1787702700000,96.72,96.72,96.4,96.41,896.0,896.18,86491.4285,1
1787703000000,96.39,96.5,96.15,96.2,2245.0,2245.08,216384.5161,1
1787703300000,96.19,96.4,96.17,96.27,720.0,720.95,69427.1634,1
1787703600000,96.31,96.38,96.21,96.32,1503.0,1503.65,144769.6626,1
1787703900000,96.36,96.5,96.26,96.5,512.0,512.21,49365.1702,1
1787704200000,96.49,96.69,96.49,96.53,770.0,770.03,74371.4966,1
1787704500000,96.48,96.52,96.15,96.23,895.0,895.25,86282.8168,1
1787704800000,96.27,96.61,96.18,96.49,1138.0,1138.11,109674.9227,1
1787705100000,96.49,96.64,96.4,96.6,703.0,703.03,67863.1937,1
1787705400000,96.63,96.9,96.63,96.84,1917.0,1917.61,185569.6071,1
1787705700000,96.8,96.83,96.6,96.61,829.0,829.93,80300.9664,1
1787706000000,96.57,97.02,96.57,97.01,1123.0,1123.5,108831.6246,1
1787706300000,97.02,97.23,96.99,97.01,2186.0,2186.66,212410.1689,1
1787706600000,97.0,97.05,96.81,96.89,404.0,404.59,39228.8302,1
1787706900000,96.86,97.06,96.83,96.97,1888.0,1888.65,183043.5626,1
1787707200000,96.97,97.04,96.89,96.91,318.0,318.67,30901.9005,1
1787707500000,96.91,96.91,96.71,96.75,1147.0,1147.03,111010.3426,1
1787707800000,96.76,97.11,96.73,97.1,1416.0,1416.68,137443.9989,1
1787708100000,97.11,97.22,96.99,97.04,1177.0,1177.34,114370.6412,1
1787708400000,97.04,97.06,96.95,97.01,313.0,313.99,30456.4902,1
1787708700000,97.01,97.04,96.9,97.0,449.0,449.3,43555.5239,1
1787709000000,97.02,97.02,96.88,96.95,330.0,330.34,32022.2115,1
1787709300000,96.97,96.98,96.89,96.97,446.0,446.04,43243.4945,1
1787709600000,96.99,97.01,96.86,96.9,591.0,591.95,57378.8135,1
1787709900000,96.9,96.93,96.74,96.78,321.0,321.31,31107.7343,1
1787710200000,96.78,96.93,96.78,96.86,345.0,345.95,33514.7884,1
1787710500000,96.87,97.19,96.87,97.06,547.0,547.47,53091.4342,1
1787710800000,97.05,97.19,97.05,97.18,323.0,323.71,31440.5287,1
1787711100000,97.18,97.5,97.18,97.48,2147.0,2147.03,209113.7914,1
1787711400000,97.48,97.48,97.3,97.35,1288.0,1288.86,125490.834,1
1787711700000,97.33,97.4,97.28,97.33,828.0,828.85,80669.8164,1
1787712000000,97.32,97.36,97.29,97.33,1071.0,1071.93,104321.3455,1
1787712300000,97.31,97.37,97.27,97.28,1130.0,1130.19,109980.5134,1
1787712600000,97.27,97.27,97.12,97.13,328.0,328.54,31920.249,1
1787712900000,97.16,97.25,97.16,97.24,411.0,411.97,40053.4611,1
1787713200000,97.24,97.32,97.12,97.12,202.0,202.14,19651.2849,1
1787713500000,97.12,97.17,97.09,97.12,362.0,362.14,35172.6194,1
1787713800000,97.14,97.16,97.05,97.06,673.0,673.27,65400.3575,1
1787714100000,97.06,97.1,96.85,96.96,1173.0,1173.57,113798.4162,1
1787714400000,96.96,97.22,96.92,97.22,339.0,339.11,32921.4647,1
1787714700000,97.18,97.2,97.01,97.05,324.0,324.15,31491.5909,1
1787715000000,97.05,97.05,96.78,96.93,1823.0,1823.46,176592.4802,1
1787715300000,96.94,97.16,96.94,97.01,284.0,284.87,27643.8688,1
1787715600000,97.01,97.06,96.86,97.06,391.0,391.5,37975.6801,1
1787715900000,97.07,97.11,96.87,96.89,199.0,199.43,19341.4718,1
1787716200000,96.89,97.0,96.86,96.99,170.0,170.88,16564.6167,1
1787716500000,97.0,97.1,97.0,97.0,877.0,877.43,85159.4641,1
1787716800000,97.0,97.02,96.81,96.91,259.0,259.66,25164.4728,1
1787717100000,96.92,97.12,96.89,97.12,310.0,310.88,30152.0082,1
1787717400000,97.12,97.18,96.86,96.88,269.0,269.29,26128.1031,1
1787717700000,96.95,97.08,96.84,97.08,630.0,630.04,61101.7222,1
1787718000000,97.08,97.11,96.96,97.11,275.0,275.83,26764.7542,1
1787718300000,97.12,97.19,97.02,97.05,316.0,316.65,30741.7281,1
1787718600000,97.07,97.13,96.92,96.97,224.0,224.46,21772.3814,1
1787718900000,96.99,97.25,96.97,97.07,294.0,294.69,28620.6284,1
1787719200000,97.07,97.21,97.06,97.12,489.0,489.2,47541.38,1
1787719500000,97.06,97.07,96.68,96.83,2917.0,2917.25,282424.6145,1
1787719800000,96.85,96.87,96.6,96.69,1866.0,1866.44,180520.6506,1
1787720100000,96.69,96.69,96.52,96.57,355.0,355.71,34356.3344,1
1787720400000,96.59,96.66,96.44,96.51,1854.0,1854.64,179126.6137,1
1787720700000,96.49,96.49,96.21,96.46,1684.0,1684.99,162374.1347,1
1787721000000,96.46,96.65,96.46,96.55,877.0,877.41,84738.7462,1
1787721300000,96.53,96.56,96.33,96.33,756.0,756.31,72929.579,1
1787721600000,96.35,96.86,96.35,96.85,418.0,418.08,40406.1799,1
1787721900000,96.85,96.91,96.63,96.8,1266.0,1266.19,122635.3189,1
1787722200000,96.77,96.96,96.73,96.87,1102.0,1102.55,106846.4508,1
1787722500000,96.87,97.05,96.87,97.02,1269.0,1269.55,123108.0478,1
1787722800000,97.05,97.16,97.01,97.12,2640.0,2640.36,256376.7279,1
1787723100000,97.12,97.12,97.0,97.07,277.0,277.77,26957.5922,1
1787723400000,97.09,97.09,96.95,96.95,552.0,552.57,53589.2944,1
1787723700000,96.97,97.04,96.96,97.04,536.0,536.19,51996.3605,1
1787724000000,97.03,97.12,97.0,97.09,266.0,266.64,25880.9762,1
1787724300000,97.1,97.33,97.1,97.18,1641.0,1641.74,159720.4477,1
1787724600000,97.16,97.16,96.96,96.98,483.0,483.01,46861.9929,1
1787724900000,96.99,97.05,96.77,96.77,531.0,531.89,51555.4762,1
1787725200000,96.73,96.88,96.66,96.67,1658.0,1658.89,160532.1006,1
1787725500000,96.67,96.78,96.61,96.68,1717.0,1717.51,166040.0761,1
1787725800000,96.66,96.78,96.61,96.67,410.0,410.16,39659.2994,1
1787726100000,96.67,96.73,96.46,96.53,763.0,763.1,73700.2333,1
1787726400000,96.58,96.77,96.56,96.71,903.0,903.85,87380.018,1
1787726700000,96.71,96.78,96.6,96.66,436.0,436.75,42213.995,1
1787727000000,96.66,96.75,96.63,96.75,189.0,189.06,18277.6248,1
1787727300000,96.75,96.79,96.69,96.75,109.0,109.1,10554.4652,1
1787727600000,96.74,96.88,96.62,96.88,572.0,572.27,55350.8119,1
1787727900000,96.89,97.0,96.73,96.74,287.0,287.87,27891.9187,1
1787728200000,96.74,96.91,96.74,96.91,179.0,179.85,17418.4021,1
1787728500000,96.91,96.99,96.88,96.9,385.0,385.44,37368.2207,1
1787728800000,96.9,96.99,96.83,96.95,192.0,192.01,18613.6396,1
1787729100000,96.94,97.1,96.94,96.95,247.0,247.66,24024.7455,1
1787729400000,96.93,97.06,96.91,97.05,305.0,305.18,29594.4054,1
1787729700000,97.05,97.11,96.95,96.97,253.0,253.21,24568.1577,1
1787730000000,96.97,97.03,96.9,97.0,5748.0,5748.76,557550.2932,1
1787730300000,96.98,97.0,96.92,96.98,740.0,740.96,71853.6305,1
1787730600000,96.99,97.05,96.9,96.9,191.0,191.26,18553.1966,1
1787730900000,96.9,97.0,96.89,96.89,255.0,255.04,24721.4924,1
1787731200000,96.91,96.99,96.86,96.98,203.0,203.88,19762.2918,1
1787731500000,96.98,97.23,96.89,97.2,5607.0,5607.22,545024.4123,1
1787731800000,97.2,97.26,97.18,97.18,543.0,543.53,52849.5689,1
1787732100000,97.17,97.33,97.11,97.11,492.0,492.25,47865.8683,1
1787732400000,97.12,97.13,96.95,97.04,947.0,947.24,91882.3862,1
1787732700000,97.06,97.18,97.06,97.13,198.0,198.74,19302.8296,1
1787733000000,97.12,97.16,96.96,97.12,252.0,252.83,24547.5723,1
1787733300000,97.12,97.12,97.02,97.07,214.0,214.83,20856.1318,1
1787733600000,97.07,97.17,97.03,97.16,192.0,192.49,18695.5102,1
1787733900000,97.16,97.16,97.01,97.04,264.0,264.49,25678.1848,1
1787734200000,97.11,97.11,96.7,96.7,635.0,635.95,61626.5368,1
1787734500000,96.69,96.76,96.66,96.75,342.0,342.99,33170.8935,1
1787734800000,96.77,96.95,96.74,96.87,387.0,387.38,37524.8694,1
1787735100000,96.86,96.97,96.81,96.81,223.0,223.8,21682.0431,1
1787735400000,96.84,96.92,96.79,96.79,412.0,412.74,39976.0327,1
1787735700000,96.78,96.78,96.34,96.34,3545.0,3545.65,342040.6603,1
1787736000000,96.35,96.49,96.16,96.23,1331.0,1331.99,128322.5295,1
1787736300000,96.24,96.42,96.23,96.27,974.0,974.99,93882.6935,1
1787736600000,96.25,96.44,96.17,96.38,768.0,768.69,74046.3045,1
1787736900000,96.36,96.38,96.14,96.23,887.0,887.44,85384.939,1
1787737200000,96.2,96.2,95.91,95.91,2867.0,2867.81,275318.5309,1
1787737500000,95.98,96.08,95.73,96.08,1814.0,1814.11,174027.5915,1
1787737800000,96.08,96.21,96.0,96.01,826.0,826.25,79369.0321,1
1787738100000,96.02,96.15,95.98,96.15,578.0,578.27,55554.1724,1
1787738400000,96.13,96.13,95.94,95.98,693.0,693.91,66625.748,1
1787738700000,96.0,96.11,95.96,96.0,971.0,971.5,93259.0563,1
1787739000000,96.02,96.13,95.99,96.11,433.0,433.67,41652.5742,1
1787739300000,96.11,96.52,96.11,96.52,1646.0,1646.55,158679.2231,1
1787739600000,96.52,96.59,96.4,96.59,362.0,362.15,34940.9609,1
1787739900000,96.6,96.68,96.56,96.64,190.0,190.41,18401.5329,1
1787740200000,96.63,96.68,96.5,96.68,4468.0,4468.03,431453.4625,1
1787740500000,96.68,97.4,96.67,97.19,1459.0,1459.42,141801.5948,1
1787740800000,97.19,97.38,97.04,97.33,883.0,883.93,85907.7759,1
1787741100000,97.37,97.83,97.31,97.74,5397.0,5397.07,526884.7329,1
1787741400000,97.75,97.82,97.57,97.57,677.0,677.87,66221.0024,1
1787741700000,97.56,97.59,97.42,97.46,714.0,714.52,69657.4262,1
1787742000000,97.44,97.59,97.34,97.52,6108.0,6108.53,595684.901,1
1787742300000,97.52,97.52,97.27,97.34,739.0,739.08,71969.6463,1
1787742600000,97.35,97.49,97.31,97.48,1284.0,1284.64,125100.2351,1
1787742900000,97.49,97.55,97.41,97.42,631.0,631.51,61549.0328,1
1787743200000,97.43,97.5,97.33,97.33,489.0,489.04,47622.3834,1
1787743500000,97.34,97.37,97.19,97.22,1299.0,1299.25,126333.8826,1
1787743800000,97.21,97.25,97.16,97.19,262.0,262.08,25475.3027,1
1787744100000,97.17,97.25,96.62,96.79,3469.0,3469.37,335949.7411,1
1787744400000,96.8,96.96,96.71,96.93,785.0,785.67,76061.8751,1
1787744700000,96.95,96.95,96.75,96.78,369.0,369.92,35817.9702,1
1787745000000,96.8,97.08,96.8,97.03,866.0,866.62,84077.9546,1
1787745300000,97.01,97.17,96.98,96.98,617.0,617.53,59938.6194,1
1787745600000,97.02,97.05,96.79,96.89,370.0,370.59,35921.2755,1
1787745900000,96.87,96.88,96.57,96.69,1071.0,1071.4,103538.8355,1
1787746200000,96.72,96.86,96.72,96.74,468.0,468.8,45368.5996,1
1787746500000,96.72,96.9,96.63,96.84,596.0,596.32,57707.3704,1
1787746800000,96.85,97.29,96.85,97.24,1423.0,1423.38,138261.5124,1
1787747100000,97.25,97.5,97.24,97.48,2558.0,2558.84,249211.4212,1
1787747400000,97.46,97.47,96.02,96.99,4356.0,4356.98,421065.4748,1
1787747700000,96.96,97.07,96.53,96.65,1645.0,1645.41,159324.1136,1
1787748000000,96.66,96.96,96.63,96.78,4286.0,4286.56,415191.832,1
1787748300000,96.81,97.07,96.81,97.04,1973.0,1973.79,191322.8331,1
1787748600000,97.06,97.19,96.95,97.02,1393.0,1393.23,135220.7487,1
1787748900000,96.97,97.24,96.96,96.96,647.0,647.16,62811.1518,1
1787749200000,96.96,97.17,96.83,96.83,4192.0,4192.19,406203.9672,1
1787749500000,96.82,96.85,96.47,96.54,2819.0,2819.02,272515.0044,1
1787749800000,96.58,96.63,96.41,96.43,1141.0,1141.95,110225.2575,1
1787750100000,96.48,96.52,96.17,96.3,1670.0,1670.72,160996.1655,1
1787750400000,96.28,96.34,95.93,95.99,3815.0,3815.95,366893.6239,1
1787750700000,95.99,96.13,95.82,95.92,2120.0,2120.96,203557.5707,1
1787751000000,95.96,96.52,95.94,96.39,5098.0,5098.2,490711.3984,1
1787751300000,96.4,96.67,96.2,96.5,1180.0,1180.31,113828.6776,1
1787751600000,96.49,96.69,96.42,96.63,1871.0,1871.29,180641.9346,1
1787751900000,96.61,96.81,96.49,96.49,2131.0,2131.41,206033.9327,1
1787752200000,96.5,96.5,96.05,96.23,2324.0,2324.49,223713.9889,1
1787752500000,96.23,96.55,96.23,96.51,1529.0,1529.62,147484.3693,1
1787752800000,96.49,96.83,96.28,96.77,1480.0,1480.85,142971.9674,1
1787753100000,96.8,96.92,96.67,96.79,769.0,769.01,74455.5074,1
1787753400000,96.78,96.91,96.6,96.6,965.0,965.09,93349.0226,1
1787753700000,96.6,96.84,96.6,96.68,907.0,907.02,87715.8685,1
1787754000000,96.68,96.72,96.33,96.37,1126.0,1126.17,108739.769,1
1787754300000,96.38,96.42,96.07,96.23,2529.0,2529.76,243402.0226,1
1787754600000,96.23,96.3,95.88,95.96,2439.0,2439.11,234184.4317,1
1787754900000,95.95,96.11,95.6,95.83,4605.0,4605.58,441557.5626,1
1787755200000,95.84,95.98,95.53,95.76,2425.0,2425.35,232178.4257,1
1787755500000,95.74,95.82,95.36,95.59,1964.0,1964.63,187678.8992,1
1787755800000,95.58,95.74,95.43,95.48,1218.0,1218.77,116483.2673,1
1787756100000,95.53,95.55,95.34,95.42,5474.0,5474.75,522499.4533,1
1787756400000,95.4,95.51,94.86,95.17,5967.0,5967.91,568163.6581,1
1787756700000,95.2,95.67,95.15,95.65,11353.0,11353.36,1083473.3506,1
1787757000000,95.62,95.71,95.42,95.55,2040.0,2040.12,194819.1476,1
1787757300000,95.57,95.59,95.27,95.49,2748.0,2748.17,262340.0001,1
1787757600000,95.53,95.82,95.51,95.8,1049.0,1049.33,100427.4184,1
1787757900000,95.8,96.22,95.8,96.2,2105.0,2105.57,202132.9163,1
1787758200000,96.2,96.3,95.78,95.78,1187.0,1187.2,113982.5276,1
1787758500000,95.76,95.89,95.73,95.85,482.0,482.84,46264.4996,1
1787758800000,95.87,96.21,95.87,95.99,563.0,563.73,54163.1301,1
1787759100000,96.01,96.24,96.01,96.21,721.0,721.83,69359.8286,1
1787759400000,96.17,96.2,96.0,96.02,513.0,513.09,49290.7894,1
1787759700000,96.01,96.09,95.87,95.89,442.0,442.31,42450.63,1
1787760000000,95.87,95.99,95.72,95.98,638.0,638.47,61208.0606,1
1787760300000,95.98,96.15,95.93,95.93,2233.0,2233.71,214628.8169,1
1787760600000,95.95,95.95,95.75,95.8,1611.0,1611.46,154439.8655,1
1787760900000,95.82,95.89,95.68,95.76,1154.0,1154.45,110522.0867,1
1787761200000,95.75,96.0,95.63,95.65,1240.0,1240.54,118840.8552,1
1787761500000,95.63,95.74,95.55,95.73,623.0,623.7,59660.8659,1
1787761800000,95.72,95.86,95.67,95.83,1221.0,1221.49,116988.5897,1
1787762100000,95.85,95.99,95.6,95.6,875.0,875.27,83790.7933,1
1787762400000,95.59,95.71,95.43,95.47,946.0,946.79,90450.1324,1
1787762700000,95.5,96.05,95.5,95.88,1381.0,1381.92,132492.9909,1
1787763000000,95.88,95.95,95.76,95.85,638.0,638.19,61152.1435,1
1787763300000,95.87,96.02,95.81,95.9,836.0,836.48,80227.9682,1
1787763600000,95.92,96.05,95.82,95.98,392.0,392.61,37661.459,1
1787763900000,95.98,96.24,95.88,96.17,1567.0,1567.13,150655.7748,1
1787764200000,96.17,96.37,96.13,96.29,532.0,532.7,51269.8406,1
1787764500000,96.29,96.57,96.29,96.52,2978.0,2978.4,287204.0536,1
1787764800000,96.52,96.69,96.48,96.65,883.0,883.15,85302.7903,1
1787765100000,96.64,97.18,96.64,97.06,3090.0,3090.25,299655.6161,1
1787765400000,97.05,97.1,96.9,97.08,1160.0,1160.02,112546.7786,1
1787765700000,97.09,97.13,96.91,97.13,1368.0,1368.41,132716.1658,1
1787766000000,97.14,97.18,97.06,97.12,1287.0,1287.66,125035.5053,1
1787766300000,97.14,97.17,96.88,96.93,3167.0,3167.95,307430.7761,1
1787766600000,96.93,97.02,96.9,96.97,714.0,714.98,69312.5231,1
1787766900000,96.97,97.01,96.87,96.93,403.0,403.1,39073.4292,1
1787767200000,96.93,96.93,96.73,96.78,1045.0,1045.67,101237.0097,1
1787767500000,96.76,97.02,96.75,96.95,474.0,474.71,45978.8745,1
1787767800000,96.95,97.11,96.86,96.88,729.0,729.53,70761.5273,1
1787768100000,96.87,96.93,96.79,96.83,490.0,490.6,47531.9631,1
1787768400000,96.83,96.95,96.8,96.82,452.0,452.44,43821.9856,1
1787768700000,96.81,96.86,96.66,96.72,836.0,836.58,80901.8026,1
1787769000000,96.71,96.88,96.71,96.73,353.0,353.19,34180.5663,1
1787769300000,96.72,96.78,96.65,96.71,522.0,522.64,50537.162,1
1787769600000,96.67,96.7,96.61,96.68,968.0,968.8,93630.8702,1
1787769900000,96.68,96.79,96.68,96.76,213.0,213.67,20671.1335,1
1787770200000,96.76,96.81,96.66,96.76,758.0,758.69,73412.5723,1
1787770500000,96.77,96.91,96.73,96.8,835.0,835.85,80921.1617,1
1787770800000,96.8,96.82,96.63,96.67,1700.0,1700.52,164483.0757,1
1787771100000,96.66,96.67,96.45,96.47,820.0,820.85,79259.6788,1
1787771400000,96.47,96.6,96.44,96.48,1166.0,1166.91,112586.246,1
1787771700000,96.47,96.49,96.33,96.44,1376.0,1376.92,132743.5302,1
1787772000000,96.44,96.51,96.41,96.44,218.0,218.48,21068.8314,1
1787772300000,96.45,96.87,96.45,96.74,1788.0,1788.39,173033.0763,1
1787772600000,96.74,96.86,96.68,96.77,708.0,708.93,68608.987,1
1787772900000,96.77,96.78,96.55,96.55,279.0,279.79,27034.6792,1
1787773200000,96.54,96.59,96.49,96.5,360.0,360.12,34761.3325,1
1787773500000,96.52,96.73,96.52,96.71,390.0,390.6,37745.4972,1
1787773800000,96.69,96.74,96.61,96.65,499.0,499.39,48269.6299,1
1787774100000,96.66,96.79,96.65,96.79,363.0,363.73,35178.8315,1
1787774400000,96.75,96.82,96.54,96.81,8711.0,8711.13,841257.3912,1
1787774700000,96.82,96.91,96.79,96.82,1183.0,1183.55,114628.7379,1
1787775000000,96.82,97.0,96.79,96.79,1043.0,1043.97,101123.5483,1
1787775300000,96.8,96.87,96.66,96.71,629.0,629.57,60934.8336,1
1787775600000,96.68,96.71,96.26,96.51,3286.0,3286.66,316952.4201,1
1787775900000,96.53,96.69,96.53,96.69,1312.0,1312.83,126855.7316,1
1787776200000,96.69,96.7,96.4,96.47,469.0,469.21,45316.6318,1
1787776500000,96.47,96.54,96.39,96.52,566.0,566.62,54640.4278,1
1787776800000,96.56,96.66,96.56,96.6,453.0,453.46,43809.7135,1
1787777100000,96.59,96.68,96.57,96.68,236.0,236.56,22860.1631,1
1787777400000,96.68,96.77,96.67,96.76,678.0,678.13,65583.4808,1
1787777700000,96.77,96.89,96.77,96.89,215.0,215.14,20831.915,1
1787778000000,96.9,96.99,96.85,96.98,954.0,954.5,92541.5146,1
1787778300000,96.98,97.31,96.98,97.27,1986.0,1986.48,193076.109,1
1787778600000,97.28,97.48,97.21,97.47,3624.0,3624.67,352811.6236,1
1787778900000,97.45,97.82,97.42,97.58,3229.0,3229.59,315391.313,1
1787779200000,97.6,97.85,97.51,97.63,1184.0,1184.75,115731.198,1
1787779500000,97.63,97.75,97.47,97.73,1241.0,1241.01,121186.3086,1
1787779800000,97.62,97.71,97.52,97.6,1491.0,1491.55,145533.9371,1
1787780100000,97.6,97.91,97.59,97.79,945.0,945.29,92435.3311,1
1787780400000,97.78,97.78,97.56,97.56,446.0,446.13,43548.9028,1
1787780700000,97.57,97.71,97.55,97.71,353.0,353.56,34503.6941,1
1787781000000,97.71,98.3,97.71,98.14,5670.0,5670.13,556373.8369,1
1787781300000,98.14,98.27,98.04,98.2,2828.0,2828.46,277479.4349,1
1787781600000,98.2,98.39,98.02,98.39,2504.0,2504.09,246152.2225,1
1787781900000,98.39,98.4,98.32,98.33,932.0,932.35,91711.0544,1
1787782200000,98.33,98.95,98.33,98.93,3323.0,3323.57,328221.247,1
1787782500000,98.95,100.82,98.95,100.31,7890.0,7890.76,786513.0374,1
1787782800000,100.3,100.9,99.93,99.95,6864.0,6864.95,689985.925,1
1787783100000,99.97,100.53,99.84,100.0,2828.0,2828.49,283500.7254,1
1787783400000,99.99,100.21,99.83,100.14,4476.0,4476.04,447254.3805,1
1787783700000,100.15,100.15,99.6,99.6,7304.0,7304.0,729865.6141,1
1787784000000,99.64,100.2,99.52,100.15,4241.0,4241.77,423948.2214,1
1787784300000,100.13,100.13,99.82,99.85,1902.0,1902.0,190160.5321,1
1787784600000,99.82,99.91,99.61,99.66,2185.0,2185.29,218127.6937,1
1787784900000,99.65,99.74,99.52,99.64,2121.0,2121.68,211322.0378,1
1787785200000,99.65,100.44,99.5,100.32,3118.0,3118.63,312302.4634,1
1787785500000,100.24,100.24,99.77,99.87,1281.0,1281.57,128247.0684,1
1787785800000,99.89,100.39,99.89,100.32,1435.0,1435.79,143901.0821,1
1787786100000,100.3,100.67,100.3,100.55,2069.0,2069.09,207958.8313,1
1787786400000,100.56,100.94,100.46,100.8,991.0,991.84,99815.7246,1
1787786700000,100.76,100.94,100.61,100.83,804.0,804.66,81157.567,1
1787787000000,100.84,100.98,100.61,100.66,1868.0,1868.25,188220.0748,1
1787787300000,100.63,100.95,100.62,100.89,1455.0,1455.48,146730.2352,1
1787787600000,100.87,101.48,100.68,101.39,3613.0,3613.57,365379.6849,1
1787787900000,101.38,101.6,101.21,101.6,10490.0,10490.91,1064615.1422,1
1787788200000,101.6,102.06,101.57,101.99,5467.0,5467.77,557214.9325,1
1787788500000,102.01,102.4,101.79,102.04,4672.0,4672.08,476994.869,1
1787788800000,102.06,102.1,101.57,101.68,2964.0,2964.08,301752.9151,1
1787789100000,101.66,101.8,101.57,101.58,5468.0,5468.52,555785.4438,1
1787789400000,101.58,101.58,100.97,101.14,6964.0,6964.27,705345.8096,1
1787789700000,101.15,101.55,100.95,101.48,3565.0,3565.36,360493.9341,1
1787790000000,101.41,101.74,101.31,101.36,3514.0,3514.42,356814.6959,1
1787790300000,101.31,101.31,101.09,101.19,1173.0,1173.6,118784.7881,1
1787790600000,101.19,101.19,100.94,101.03,2351.0,2351.28,237637.3599,1
1787790900000,101.04,101.11,100.94,100.99,638.0,638.83,64524.8448,1
1787791200000,100.98,101.09,100.92,101.03,1437.0,1437.09,145106.19,1
1787791500000,101.02,101.06,100.89,100.99,3042.0,3042.11,306988.6811,1
1787791800000,101.0,101.23,100.89,100.89,1268.0,1268.42,128199.7074,1
1787792100000,100.91,100.95,100.59,100.6,2483.0,2483.39,250346.0315,1
1787792400000,100.59,100.84,100.49,100.67,1390.0,1390.35,139987.7719,1
1787792700000,100.7,100.73,100.52,100.65,1652.0,1652.77,166277.9395,1
1787793000000,100.64,100.74,100.61,100.74,692.0,692.2,69684.1207,1
1787793300000,100.68,100.88,100.52,100.86,1424.0,1424.14,143414.5192,1
1787793600000,100.88,101.02,100.85,101.02,1309.0,1309.95,132233.6194,1
1787793900000,101.04,101.67,101.01,101.59,2325.0,2325.63,235908.4338,1
1787794200000,101.6,101.9,101.35,101.66,3326.0,3326.12,338193.7009,1
1787794500000,101.68,101.8,101.61,101.62,1269.0,1269.06,129017.8024,1
1787794800000,101.61,101.61,101.21,101.21,4090.0,4090.35,414443.3106,1
1787795100000,101.21,101.69,101.21,101.66,1750.0,1750.07,177612.8418,1
1787795400000,101.67,101.9,101.56,101.61,1079.0,1079.47,109839.0859,1
1787795700000,101.61,101.71,101.42,101.43,1198.0,1198.9,121746.5495,1
1787796000000,101.43,101.71,101.41,101.69,2064.0,2064.35,209824.5711,1
1787796300000,101.69,101.88,101.67,101.81,533.0,533.61,54300.5226,1
1787796600000,101.81,101.9,101.63,101.7,4244.0,4244.24,432043.4626,1
1787796900000,101.69,101.7,101.46,101.52,1100.0,1100.98,111820.1539,1
1787797200000,101.54,101.54,101.18,101.22,414.0,414.84,42059.867,1
1787797500000,101.22,101.28,101.08,101.12,967.0,967.19,97859.856,1
1787797800000,101.11,101.32,101.07,101.28,1201.0,1201.24,121614.6884,1
1787798100000,101.26,101.27,101.01,101.04,555.0,555.75,56175.5559,1
1787798400000,101.04,101.04,100.85,100.85,2559.0,2559.73,258478.1601,1
1787798700000,100.9,101.32,100.87,101.18,527.0,527.38,53340.0284,1
1787799000000,101.18,101.4,101.15,101.26,420.0,420.97,42640.4561,1
1787799300000,101.27,101.29,101.09,101.12,570.0,570.94,57801.0284,1
1787799600000,101.14,101.17,101.07,101.14,370.0,370.25,37440.1055,1
1787799900000,101.14,101.22,101.08,101.16,388.0,388.85,39331.8558,1
1787800200000,101.18,101.19,100.97,101.0,397.0,397.08,40134.1674,1
1787800500000,101.0,101.29,100.94,101.29,298.0,298.9,30206.2614,1
1787800800000,101.32,101.74,101.2,101.62,1214.0,1214.14,123171.7766,1
1787801100000,101.67,101.77,101.51,101.63,1767.0,1767.82,179714.5985,1
1787801400000,101.63,101.65,101.35,101.39,1269.0,1269.1,128851.1029,1
1787801700000,101.39,101.43,101.33,101.34,200.0,200.65,20341.3692,1
1787802000000,101.33,101.39,101.3,101.31,539.0,539.12,54636.6305,1
1787802300000,101.3,101.53,101.08,101.08,1028.0,1028.32,104249.4504,1
1787802600000,101.05,101.07,100.87,101.0,1570.0,1570.4,158470.4324,1
1787802900000,101.0,101.05,100.9,101.05,581.0,581.05,58675.2014,1
1787803200000,101.05,101.2,101.04,101.11,780.0,780.77,78969.899,1
1787803500000,101.11,101.33,101.07,101.29,379.0,379.35,38378.5972,1
1787803800000,101.29,101.39,101.22,101.36,1319.0,1319.79,133738.9976,1
1787804100000,101.37,101.52,101.23,101.26,921.0,921.42,93382.3678,1
1787804400000,101.2,101.25,101.09,101.25,319.0,319.97,32361.3551,1
1787804700000,101.28,101.35,101.2,101.2,147.0,147.49,14938.3164,1
1787805000000,101.19,101.19,100.82,100.83,915.0,915.43,92431.258,1
1787805300000,100.82,101.2,100.66,101.2,2514.0,2514.56,253327.2872,1
1787805600000,101.19,101.44,101.18,101.32,1682.0,1682.76,170456.5631,1
1787805900000,101.3,101.3,100.91,100.96,1010.0,1010.11,102105.6214,1
1787806200000,100.97,101.02,100.83,100.94,904.0,904.51,91261.6135,1
1787806500000,100.94,101.08,100.94,101.06,1071.0,1071.87,108305.4956,1
1787806800000,101.05,101.33,100.98,100.99,485.0,485.04,49055.1487,1
1787807100000,100.99,101.2,100.82,101.14,3934.0,3934.71,397947.8938,1
1787807400000,101.14,101.18,100.98,100.98,329.0,329.42,33308.6661,1
1787807700000,100.98,100.98,100.82,100.89,1127.0,1127.86,113837.3262,1
1787808000000,100.89,101.15,100.89,101.14,327.0,327.95,33117.1475,1
1787808300000,101.14,101.28,100.92,100.96,1444.0,1444.93,146097.1226,1
1787808600000,100.96,101.04,100.77,100.8,763.0,763.81,77068.3708,1
1787808900000,100.8,101.39,100.78,101.31,853.0,853.23,86200.225,1
1787809200000,101.31,101.46,101.15,101.22,474.0,474.75,48098.1544,1
1787809500000,101.22,101.66,101.17,101.66,779.0,779.79,79129.2756,1
1787809800000,101.65,102.03,101.65,101.83,3622.0,3622.85,368692.9625,1
1787810100000,101.83,102.22,101.58,102.05,5114.0,5114.14,521756.7243,1
1787810400000,102.04,102.04,101.66,101.66,2665.0,2665.97,271436.9745,1
1787810700000,101.66,101.72,101.51,101.51,945.0,945.77,96073.2052,1
1787811000000,101.52,101.52,101.12,101.4,1226.0,1226.52,124265.1125,1
1787811300000,101.37,101.38,100.87,100.96,2001.0,2001.4,202188.2015,1
1787811600000,100.96,101.19,100.96,100.99,484.0,484.64,48992.7663,1
1787811900000,100.99,101.04,100.92,100.93,1333.0,1333.69,134633.9897,1
1787812200000,100.93,101.1,100.93,101.1,296.0,296.9,30003.242,1
1787812500000,101.1,101.23,101.05,101.06,1206.0,1206.28,122066.2565,1
1787812800000,101.06,101.11,101.02,101.11,120.0,120.71,12199.3469,1
1787813100000,101.13,101.33,101.13,101.21,296.0,296.04,29972.6963,1
1787813400000,101.25,101.33,101.21,101.21,175.0,175.54,17776.1258,1
1787813700000,101.21,101.28,101.2,101.25,211.0,211.42,21404.4678,1
1787814000000,101.23,101.3,101.17,101.24,217.0,217.37,22004.4589,1
1787814300000,101.24,101.24,101.13,101.16,194.0,194.24,19649.5314,1
1787814600000,101.17,101.33,101.16,101.25,300.0,300.12,30386.4123,1
1787814900000,101.26,101.26,101.11,101.2,210.0,210.15,21266.2343,1
1787815200000,101.2,101.31,101.05,101.05,588.0,588.94,59611.6113,1
1787815500000,101.06,101.17,101.02,101.12,433.0,433.98,43871.338,1
1787815800000,101.12,101.44,101.06,101.35,466.0,466.08,47189.2166,1
1787816100000,101.35,101.52,101.29,101.52,501.0,501.25,50823.5542,1
1787816400000,101.44,101.48,101.31,101.42,234.0,234.82,23810.236,1
1787816700000,101.44,101.54,101.38,101.54,380.0,380.02,38557.1384,1
1787817000000,101.54,101.86,101.51,101.86,1343.0,1343.24,136522.807,1
1787817300000,101.83,102.07,101.68,101.76,4357.0,4357.7,443924.8793,1
1787817600000,101.8,102.79,101.7,102.58,4818.0,4818.15,492758.7192,1
1787817900000,102.58,104.11,102.15,104.05,16273.0,16273.54,1679219.3161,1
1787818200000,103.96,104.18,102.71,102.96,6950.0,6950.98,719286.0546,1
1787818500000,102.95,102.99,102.67,102.99,2627.0,2627.23,270145.9175,1
1787818800000,102.97,103.71,102.93,103.48,6135.0,6135.37,634317.8746,1
1787819100000,103.48,104.17,103.43,104.17,6058.0,6058.35,629744.3202,1
1787819400000,104.16,104.8,104.13,104.24,13572.0,13572.26,1417908.5569,1
1787819700000,104.28,104.28,103.78,103.87,3897.0,3897.96,405281.0983,1
1787820000000,103.87,104.24,103.77,104.24,4901.0,4901.85,509924.1148,1
1787820300000,104.24,105.06,104.24,104.54,5641.0,5641.71,591038.6835,1
1787820600000,104.52,104.7,104.31,104.5,1663.0,1663.1,173784.0067,1
1787820900000,104.5,104.73,104.4,104.66,1982.0,1982.85,207323.6536,1
1787821200000,104.7,104.7,104.04,104.2,2588.0,2588.84,269967.4783,1
1787821500000,104.15,104.6,104.15,104.57,1142.0,1142.78,119252.6161,1
1787821800000,104.56,104.94,104.51,104.94,2758.0,2758.67,288823.0412,1
1787822100000,104.94,105.02,104.66,104.93,1356.0,1356.22,142203.9874,1
1787822400000,104.93,105.6,104.84,105.24,7937.0,7937.95,836672.9704,1
1787822700000,105.3,105.74,105.12,105.36,3867.0,3867.15,407559.6782,1
1787823000000,105.37,105.4,104.83,104.85,2035.0,2035.24,213809.9293,1
1787823300000,104.8,105.03,104.76,104.86,3158.0,3158.36,331204.1215,1
1787823600000,104.82,104.97,104.63,104.87,820.0,820.87,86071.7528,1
1787823900000,104.86,104.99,104.74,104.76,1891.0,1891.09,198354.4643,1
1787824200000,104.79,104.79,104.5,104.59,593.0,593.79,62112.2438,1
1787824500000,104.57,104.57,104.2,104.37,3167.0,3167.87,330661.4364,1
1787824800000,104.37,104.51,104.26,104.51,1471.0,1471.26,153625.2094,1
1787825100000,104.52,104.94,104.52,104.94,3846.0,3846.32,402771.9894,1
1787825400000,104.97,104.99,104.3,104.5,11635.0,11635.12,1215929.3146,1
1787825700000,104.51,104.65,104.33,104.38,1059.0,1059.28,110704.4688,1
1787826000000,104.36,104.48,104.13,104.22,16817.0,16817.89,1754735.4847,1
1787826300000,104.24,104.24,103.11,103.96,11967.0,11967.13,1238955.9404,1
1787826600000,103.96,104.06,103.72,103.87,1954.0,1954.82,203134.6228,1
1787826900000,103.88,103.92,103.31,103.38,5483.0,5483.8,567714.6145,1
1787827200000,103.38,104.13,103.38,104.05,5083.0,5083.92,527714.6596,1
1787827500000,104.05,104.2,103.9,103.91,3791.0,3791.01,394462.7351,1
1787827800000,103.9,104.0,103.87,104.0,1731.0,1731.91,180081.8595,1
1787828100000,103.98,104.1,103.96,104.08,1884.0,1884.68,196092.9333,1
1787828400000,104.07,104.59,103.96,104.41,1761.0,1761.12,183602.4842,1
1787828700000,104.4,104.63,104.35,104.39,817.0,817.42,85404.7819,1
1787829000000,104.4,104.45,104.2,104.37,630.0,630.05,65732.5734,1
1787829300000,104.37,104.6,104.35,104.6,920.0,920.32,96113.967,1
1787829600000,104.6,104.88,104.57,104.71,3733.0,3733.56,390847.6862,1
1787829900000,104.71,104.72,103.98,104.04,3627.0,3627.87,378385.0146,1
1787830200000,104.04,104.16,103.73,104.02,5262.0,5262.81,546857.8224,1
1787830500000,104.02,104.02,103.63,103.74,4357.0,4357.07,451993.1738,1
1787830800000,103.72,103.98,103.64,103.91,2434.0,2434.18,253002.0314,1
1787831100000,103.9,103.92,103.74,103.74,1282.0,1282.26,133209.5736,1
1787831400000,103.73,103.95,103.38,103.95,5754.0,5754.51,596552.4036,1
1787831700000,103.95,103.96,103.87,103.91,869.0,869.22,90350.1465,1
1787832000000,103.91,104.24,103.91,104.14,1382.0,1382.18,143924.7184,1
1787832300000,104.14,104.2,103.95,104.2,2800.0,2800.68,291491.3981,1
1787832600000,104.24,104.4,104.1,104.22,2158.0,2158.05,225051.1454,1
1787832900000,104.25,104.31,104.09,104.09,1222.0,1222.46,127440.4045,1
1787833200000,104.08,104.34,104.08,104.27,2026.0,2026.54,211263.186,1
1787833500000,104.27,104.67,104.27,104.45,1537.0,1537.74,160634.0501,1
1787833800000,104.44,104.56,104.31,104.32,594.0,594.71,62076.084,1
1787834100000,104.3,104.34,104.03,104.25,1455.0,1455.13,151629.4424,1
1787834400000,104.27,104.38,104.22,104.22,848.0,848.66,88506.6908,1
1787834700000,104.23,104.6,104.23,104.59,1695.0,1695.61,176975.482,1
1787835000000,104.59,104.71,104.45,104.5,826.0,826.32,86429.4654,1
1787835300000,104.5,104.56,104.32,104.4,2472.0,2472.23,258183.3233,1
1787835600000,104.41,104.62,104.4,104.4,1597.0,1597.87,167037.9274,1
1787835900000,104.42,104.75,104.39,104.5,2000.0,2000.93,209217.5439,1
1787836200000,104.5,104.57,104.35,104.43,1354.0,1354.74,141541.8448,1
1787836500000,104.44,104.75,104.44,104.6,2329.0,2329.04,243558.7031,1
1787836800000,104.56,104.84,104.53,104.65,2086.0,2086.62,218321.3759,1
1787837100000,104.68,104.9,104.64,104.79,1143.0,1143.94,119895.4733,1
1787837400000,104.79,104.85,104.14,104.29,3340.0,3340.71,348822.3356,1
1787837700000,104.34,104.59,104.21,104.56,2447.0,2447.48,255604.124,1
1787838000000,104.56,104.76,104.31,104.57,1804.0,1804.53,188697.844,1
1787838300000,104.65,105.13,104.39,104.59,7059.0,7059.25,740674.8688,1
1787838600000,104.6,105.17,104.6,105.08,5250.0,5250.14,550852.9318,1
1787838900000,105.08,106.26,105.08,106.01,29838.0,29838.01,3159614.8369,1
1787839200000,106.04,106.69,105.68,106.27,10414.0,10414.41,1108473.6286,1
1787839500000,106.3,106.44,105.27,105.43,8237.0,8237.13,871144.9074,1
1787839800000,105.43,105.7,105.16,105.37,4476.0,4476.51,471568.9702,1
1787840100000,105.38,105.93,105.17,105.79,3000.0,3000.79,317091.2106,1
1787840400000,105.78,106.21,105.75,105.96,7489.0,7489.38,792613.866,1
1787840700000,105.94,105.99,105.67,105.96,1958.0,1958.18,207153.0563,1
1787841000000,105.96,106.43,105.84,106.38,2275.0,2275.05,241556.0395,1
1787841300000,106.39,107.23,106.39,106.88,14993.0,14993.15,1602044.8656,1
1787841600000,106.89,107.86,106.89,107.43,18033.0,18033.05,1936145.277,1
1787841900000,107.36,107.36,106.88,106.97,9247.0,9247.8,989628.1314,1
1787842200000,106.93,107.07,106.55,106.65,5327.0,5327.45,569329.1634,1
1787842500000,106.61,106.93,106.52,106.75,2729.0,2729.23,291021.6545,1
1787842800000,106.79,107.29,106.67,106.87,2612.0,2612.12,279430.0985,1
1787843100000,106.89,107.35,106.72,107.28,1989.0,1989.59,213206.4795,1
1787843400000,107.27,107.95,107.13,107.22,4989.0,4989.22,536948.6188,1
1787843700000,107.23,107.52,107.04,107.34,7326.0,7326.96,785850.7788,1
1787844000000,107.38,107.42,107.01,107.25,1895.0,1895.74,203162.5729,1
1787844300000,107.24,107.58,107.11,107.34,1389.0,1389.55,149223.3148,1
1787844600000,107.37,107.37,106.4,106.53,3736.0,3736.29,399236.5842,1
1787844900000,106.53,107.39,106.52,107.36,2412.0,2412.41,258021.3633,1
1787845200000,107.36,107.37,106.79,107.08,2584.0,2584.89,276784.5557,1
1787845500000,107.11,107.14,106.77,106.87,1005.0,1005.01,107463.7132,1
1787845800000,106.87,107.13,106.87,107.09,1996.0,1996.25,213712.8531,1
1787846100000,107.08,107.35,107.07,107.15,1077.0,1077.91,115589.696,1
1787846400000,107.15,107.25,106.87,107.24,1656.0,1656.2,177360.9771,1
1787846700000,107.25,107.44,106.82,107.1,1673.0,1673.37,179005.3907,1
1787847000000,107.14,107.31,106.98,107.05,2191.0,2191.36,234888.7806,1
1787847300000,107.07,107.78,107.04,107.63,6175.0,6175.83,664282.0876,1
1787847600000,107.63,108.46,107.53,108.33,8168.0,8168.39,882644.1129,1
1787847900000,108.35,108.4,107.89,107.91,4309.0,4309.22,465716.5303,1
1787848200000,107.93,108.25,107.79,108.04,3306.0,3306.15,357119.4059,1
1787848500000,108.03,108.43,107.88,108.31,7055.0,7055.81,763835.6476,1
1787848800000,108.3,108.86,108.28,108.72,19112.0,19112.26,2076682.7193,1
1787849100000,108.72,108.91,108.46,108.78,6400.0,6400.54,695444.902,1
1787849400000,108.73,109.43,108.62,109.21,19589.0,19589.27,2137673.251,1
1787849700000,109.21,109.21,108.85,108.86,3802.0,3802.27,414479.3419,1
1787850000000,108.91,109.0,108.53,108.83,8223.0,8223.87,893528.1045,1
1787850300000,108.84,109.58,108.62,109.29,11307.0,11307.05,1236897.7453,1
1787850600000,109.29,109.35,108.97,109.23,1365.0,1365.93,149149.5623,1
1787850900000,109.25,109.58,109.06,109.33,2891.0,2891.99,316311.1054,1
1787851200000,109.3,109.44,109.09,109.23,1022.0,1022.23,111709.2801,1
1787851500000,109.22,109.28,108.02,108.12,7034.0,7034.32,764055.4409,1
1787851800000,108.1,108.38,107.81,107.87,7944.0,7944.44,857559.8719,1
1787852100000,107.87,108.14,107.73,107.95,5256.0,5256.61,567569.6215,1
1787852400000,107.93,108.07,107.74,107.78,2568.0,2568.28,277087.7312,1
1787852700000,107.79,108.12,107.66,108.11,3400.0,3400.25,366793.7962,1
1787853000000,108.13,108.26,108.12,108.24,10568.0,10568.14,1143526.3728,1
1787853300000,108.23,108.41,108.08,108.11,1674.0,1674.33,181198.6242,1
1787853600000,108.11,108.2,107.88,108.05,1961.0,1961.14,211963.9003,1
1787853900000,107.97,108.1,107.89,108.01,621.0,621.92,67172.7746,1
1787854200000,108.01,108.01,106.87,107.38,8467.0,8467.85,911123.3042,1
1787854500000,107.41,107.68,106.83,107.13,3933.0,3933.2,421855.108,1
1787854800000,107.12,107.34,106.65,107.25,15686.0,15686.63,1678828.4863,1
1787855100000,107.29,107.51,107.01,107.01,2176.0,2176.08,233432.5516,1
1787855400000,107.06,107.38,107.01,107.19,4247.0,4247.2,455581.4745,1
1787855700000,107.21,107.58,107.21,107.54,7628.0,7628.72,819698.1022,1
1787856000000,107.53,107.61,107.36,107.45,1104.0,1104.85,118792.3732,1
1787856300000,107.45,107.72,107.37,107.59,991.0,991.16,106619.7612,1
1787856600000,107.59,107.68,107.51,107.65,1882.0,1882.11,202498.2707,1
1787856900000,107.67,108.31,107.67,108.27,4536.0,4536.54,489481.2115,1
1787857200000,108.32,108.75,108.2,108.46,4256.0,4256.33,461724.131,1
1787857500000,108.41,108.94,108.41,108.56,4990.0,4990.83,542841.2374,1
1787857800000,108.56,108.94,108.55,108.88,2865.0,2865.18,311687.8645,1
1787858100000,108.94,109.16,108.81,108.93,2985.0,2985.01,325200.1146,1
1787858400000,108.94,109.1,108.68,108.95,2745.0,2745.53,298943.5388,1
1787858700000,108.97,109.05,108.85,109.04,2786.0,2786.55,303646.8238,1
1787859000000,109.05,109.17,108.86,108.95,7133.0,7133.05,777008.495,1
1787859300000,108.95,109.13,108.86,109.07,1284.0,1284.58,139996.0448,1
1787859600000,109.04,109.09,108.86,109.08,1675.0,1675.86,182556.6458,1
1787859900000,109.14,109.85,109.14,109.33,20197.0,20197.35,2213530.9435,1
1787860200000,109.33,109.34,109.01,109.2,4052.0,4052.42,442587.0132,1
1787860500000,109.22,109.38,108.87,109.34,3375.0,3375.87,368258.6983,1
1787860800000,109.33,109.33,108.78,108.88,7077.0,7077.04,770290.7008,1
1787861100000,108.91,109.13,108.73,108.86,4457.0,4457.08,484919.0679,1
1787861400000,108.83,108.96,108.78,108.82,615.0,615.4,66993.3595,1
1787861700000,108.8,109.25,108.8,109.18,2004.0,2004.4,218740.4182,1
1787862000000,109.18,109.74,109.18,109.34,9167.0,9167.0,1004373.0111,1
1787862300000,109.34,109.49,108.96,109.01,1613.0,1613.67,176187.2873,1
1787862600000,109.02,109.13,108.84,109.05,834.0,834.86,90994.6077,1
1787862900000,109.04,109.07,108.85,108.92,513.0,513.51,55934.0591,1
1787863200000,108.94,109.14,108.91,109.06,1809.0,1809.46,197378.89,1
1787863500000,109.13,109.2,108.97,109.01,1013.0,1013.64,110592.4137,1
1787863800000,109.01,109.13,108.38,108.47,2161.0,2161.33,234859.8575,1
1787864100000,108.5,108.94,108.49,108.94,10854.0,10854.97,1179657.2051,1
1787864400000,108.95,109.07,108.73,108.83,640.0,640.99,69790.9557,1
1787864700000,108.83,108.93,108.64,108.9,752.0,752.26,81847.2243,1
1787865000000,108.83,109.01,108.73,108.73,849.0,849.82,92548.8375,1
1787865300000,108.72,108.77,108.5,108.51,5623.0,5623.22,610630.3771,1
1787865600000,108.54,108.7,108.33,108.6,3915.0,3915.52,424590.949,1
1787865900000,108.59,108.65,108.41,108.44,426.0,426.75,46326.9861,1
1787866200000,108.4,108.66,108.4,108.51,1194.0,1194.66,129687.8152,1
1787866500000,108.5,108.5,108.15,108.28,4810.0,4810.31,520706.4887,1
1787866800000,108.26,108.36,108.19,108.21,534.0,534.24,57845.9232,1
1787867100000,108.2,108.52,108.18,108.51,1302.0,1302.43,141226.164,1
1787867400000,108.49,108.55,108.32,108.44,574.0,574.58,62280.9547,1
1787867700000,108.44,108.74,108.44,108.7,2661.0,2661.4,289000.1205,1
1787868000000,108.71,109.82,108.71,109.75,4710.0,4710.5,515010.5078,1
1787868300000,109.76,109.88,109.48,109.48,4939.0,4939.96,541824.5067,1
1787868600000,109.5,109.66,109.39,109.54,1738.0,1738.09,190325.4864,1
1787868900000,109.54,110.59,109.54,109.71,9717.0,9717.04,1069406.0926,1
1787869200000,109.69,109.99,109.21,109.3,2187.0,2187.59,239581.2302,1
1787869500000,109.3,109.37,109.01,109.21,4696.0,4696.79,512807.5349,1
1787869800000,109.17,109.51,109.13,109.36,2658.0,2658.58,290908.3829,1
1787870100000,109.33,109.37,109.15,109.36,1938.0,1938.35,211768.952,1
1787870400000,109.32,109.4,109.21,109.31,1705.0,1705.83,186399.245,1
1787870700000,109.29,109.29,109.04,109.08,934.0,934.59,101988.798,1
1787871000000,109.1,109.26,109.03,109.12,1797.0,1797.96,196167.7948,1
1787871300000,109.15,109.17,109.06,109.13,747.0,747.75,81591.0092,1
1787871600000,109.09,109.15,108.94,108.96,2006.0,2006.52,218847.8482,1
1787871900000,108.99,109.19,108.97,109.04,921.0,921.75,100534.7492,1
1787872200000,109.04,109.06,108.83,108.84,1121.0,1121.72,122160.5042,1
1787872500000,108.85,109.25,108.81,109.25,1960.0,1960.79,213886.0962,1
1787872800000,109.25,109.68,109.25,109.61,3375.0,3375.34,369495.5092,1
1787873100000,109.6,110.0,109.6,109.85,1408.0,1408.72,154677.7113,1
1787873400000,109.85,109.95,109.59,109.64,2816.0,2816.05,308933.0125,1
1787873700000,109.64,109.68,109.36,109.46,2344.0,2344.54,256662.9846,1
1787874000000,109.4,109.47,109.13,109.14,1622.0,1622.08,177258.4992,1
1787874300000,109.12,109.18,109.02,109.16,1491.0,1491.17,162690.922,1
1787874600000,109.17,109.35,109.17,109.19,822.0,822.16,89856.9291,1
1787874900000,109.17,109.17,109.05,109.08,412.0,412.08,44963.4256,1
1787875200000,109.1,109.14,108.84,108.96,1513.0,1513.83,164961.7209,1
1787875500000,108.95,108.95,108.65,108.81,1896.0,1896.31,206417.5668,1
1787875800000,108.8,109.09,108.75,109.05,1827.0,1827.53,199089.3956,1
1787876100000,109.02,109.62,109.02,109.53,1935.0,1935.9,211745.7655,1
1787876400000,109.49,109.62,109.22,109.22,2321.0,2321.06,254039.3077,1
1787876700000,109.2,109.79,109.13,109.76,4522.0,4522.97,495363.2664,1
1787877000000,109.69,110.0,109.38,109.49,2919.0,2919.31,320407.1024,1
1787877300000,109.5,109.83,109.33,109.83,2585.0,2585.96,283235.0733,1
1787877600000,109.84,109.9,109.34,109.39,1417.0,1417.72,155455.0848,1
1787877900000,109.37,109.45,109.23,109.36,1117.0,1117.78,122179.9258,1
1787878200000,109.36,109.46,109.23,109.28,348.0,348.02,38043.0932,1
1787878500000,109.26,109.41,109.05,109.05,2064.0,2064.84,225549.4618,1
1787878800000,109.05,109.26,109.02,109.18,918.0,918.32,100238.4286,1
1787879100000,109.12,109.12,108.79,108.98,901.0,901.38,98212.725,1
1787879400000,108.97,109.16,108.92,108.92,2786.0,2786.4,303752.8607,1
1787879700000,108.9,109.38,108.79,109.32,1804.0,1804.49,196858.6687,1
1787880000000,109.29,109.5,109.22,109.41,3441.0,3441.93,376510.0328,1
1787880300000,109.43,109.51,109.3,109.39,1028.0,1028.04,112491.9208,1
1787880600000,109.37,109.67,109.08,109.16,1335.0,1335.13,146045.7926,1
1787880900000,109.15,109.27,108.46,108.61,11151.0,11151.76,1210941.965,1
1787881200000,108.64,108.67,108.3,108.36,3591.0,3591.04,389581.6579,1
1787881500000,108.35,108.47,108.19,108.38,12437.0,12437.43,1348022.6256,1
1787881800000,108.38,108.48,108.26,108.39,1062.0,1062.62,115166.5211,1
1787882100000,108.38,108.48,107.66,107.82,5594.0,5594.31,603921.5404,1
1787882400000,107.83,107.88,107.69,107.83,3033.0,3033.88,327004.1269,1
1787882700000,107.83,107.94,107.64,107.73,2880.0,2880.74,310261.0067,1
1787883000000,107.72,107.8,107.36,107.39,3737.0,3737.36,402209.2093,1
1787883300000,107.36,107.5,107.26,107.4,3044.0,3044.95,326934.2678,1
1787883600000,107.35,107.37,106.88,106.97,2814.0,2814.21,301355.5326,1
1787883900000,107.03,107.55,107.03,107.14,3956.0,3956.48,424741.6399,1
1787884200000,107.14,107.14,106.65,107.06,6669.0,6669.09,713011.2419,1
1787884500000,107.04,107.34,107.03,107.15,6368.0,6368.48,683085.6218,1
1787884800000,107.15,107.18,106.89,106.96,781.0,781.92,83695.5728,1
1787885100000,106.95,106.95,106.4,106.58,8155.0,8155.84,870043.9826,1
1787885400000,106.57,106.63,106.14,106.41,10725.0,10725.0,1140060.5104,1
1787885700000,106.41,106.53,106.33,106.47,902.0,902.93,96105.1995,1
1787886000000,106.49,106.55,105.93,106.08,3864.0,3864.3,409719.009,1
1787886300000,106.09,106.29,105.84,105.9,2235.0,2235.03,236893.8992,1
1787886600000,105.91,106.3,105.87,106.11,6820.0,6820.33,724162.185,1
1787886900000,106.15,107.01,106.15,106.98,4054.0,4054.95,431973.0646,1
1787887200000,106.95,107.28,106.94,107.04,1979.0,1979.88,212051.8218,1
1787887500000,107.06,107.06,106.82,106.93,4585.0,4585.73,490266.5351,1
1787887800000,106.96,107.19,106.86,106.92,6204.0,6204.77,664182.4176,1
1787888100000,106.92,106.99,106.77,106.91,846.0,846.1,90400.3326,1
1787888400000,106.88,107.07,106.75,106.82,470.0,470.59,50295.578,1
1787888700000,106.83,107.02,106.73,106.88,785.0,785.84,83971.636,1
1787889000000,106.93,106.98,106.81,106.85,354.0,354.2,37863.5474,1
1787889300000,106.84,106.84,106.66,106.78,379.0,379.0,40455.1059,1
1787889600000,106.81,107.02,106.78,106.81,953.0,953.02,101867.041,1
1787889900000,106.84,106.93,106.32,106.37,1491.0,1491.67,159090.7681,1
1787890200000,106.31,107.26,106.22,107.2,2307.0,2307.68,247039.7835,1
1787890500000,107.18,107.56,107.17,107.36,1516.0,1516.49,162912.716,1
1787890800000,107.32,107.39,107.15,107.19,873.0,873.44,93706.4546,1
1787891100000,107.18,107.18,106.88,106.94,952.0,952.57,101930.41,1
1787891400000,106.94,107.13,106.76,106.83,720.0,720.02,77014.6724,1
1787891700000,106.84,106.9,106.43,106.56,2481.0,2481.06,264425.7705,1
1787892000000,106.59,106.86,106.59,106.81,567.0,567.8,60608.8628,1
1787892300000,106.76,106.86,106.63,106.72,416.0,416.62,44469.9216,1
1787892600000,106.71,106.91,106.71,106.73,911.0,911.7,97375.271,1
1787892900000,106.75,106.79,106.63,106.72,573.0,573.99,61259.7647,1
1787893200000,106.68,106.93,106.59,106.88,5533.0,5533.22,590440.1812,1
1787893500000,106.88,106.9,106.64,106.74,525.0,525.08,56046.5239,1
1787893800000,106.73,106.95,106.7,106.95,1956.0,1956.45,209031.6672,1
1787894100000,106.95,106.97,106.83,106.86,314.0,314.21,33589.4375,1
1787894400000,106.85,106.85,106.69,106.81,824.0,824.44,88003.3607,1
1787894700000,106.82,106.85,106.7,106.82,4944.0,4944.82,528237.8418,1
1787895000000,106.86,107.25,106.86,107.19,2694.0,2694.51,288709.5741,1
1787895300000,107.19,107.26,107.0,107.04,855.0,855.27,91621.2214,1
1787895600000,107.02,107.18,107.02,107.18,290.0,290.4,31101.1044,1
1787895900000,107.18,107.38,107.11,107.31,310.0,310.35,33282.7485,1
1787896200000,107.31,107.38,107.12,107.13,289.0,289.37,31035.4082,1
1787896500000,107.13,107.2,107.0,107.11,1097.0,1097.24,117465.8882,1
1787896800000,107.15,107.35,107.15,107.32,1113.0,1113.46,119456.8311,1
1787897100000,107.32,107.46,107.26,107.38,1156.0,1156.19,124152.7939,1
1787897400000,107.38,107.43,107.22,107.42,595.0,595.25,63891.8123,1
1787897700000,107.41,107.41,107.24,107.3,261.0,261.01,28005.4371,1
1787898000000,107.31,107.38,107.16,107.27,1564.0,1564.87,167776.0633,1
1787898300000,107.26,107.28,107.2,107.2,486.0,486.34,52147.4804,1
1787898600000,107.21,107.31,107.12,107.3,776.0,776.89,83253.9941,1
1787898900000,107.3,107.47,107.17,107.47,1851.0,1851.12,198531.8697,1
1787899200000,107.49,107.73,107.32,107.6,882.0,882.15,94876.2475,1
1787899500000,107.59,107.73,107.47,107.7,641.0,641.84,69045.2902,1
1787899800000,107.7,107.74,107.52,107.58,1383.0,1383.59,148915.0021,1
1787900100000,107.56,107.58,107.47,107.48,321.0,321.36,34555.3258,1
1787900400000,107.48,107.48,107.2,107.2,2220.0,2220.43,238257.4347,1
1787900700000,107.18,107.18,106.69,106.75,3688.0,3688.51,394332.4764,1
1787901000000,106.69,106.8,106.55,106.66,10436.0,10436.46,1112838.8833,1
1787901300000,106.66,106.86,106.48,106.54,1597.0,1597.01,170414.9748,1
1787901600000,106.53,106.67,106.53,106.66,464.0,464.77,49552.3064,1
1787901900000,106.67,106.79,106.67,106.76,672.0,672.99,71852.3552,1
1787902200000,106.78,106.78,106.61,106.62,609.0,609.92,65066.3738,1
1787902500000,106.61,106.78,106.61,106.73,224.0,224.22,23929.0798,1
1787902800000,106.73,106.77,106.62,106.62,215.0,215.64,23009.9407,1
1787903100000,106.66,106.71,106.61,106.63,223.0,223.08,23792.7092,1
1787903400000,106.64,106.68,106.52,106.58,1481.0,1481.55,157932.027,1
1787903700000,106.58,106.58,106.26,106.3,2114.0,2114.21,225012.3,1
1787904000000,106.33,106.83,106.33,106.62,564.0,564.14,60114.1669,1
1787904300000,106.6,106.61,106.38,106.53,858.0,858.17,91409.393,1
1787904600000,106.52,106.56,106.43,106.48,1013.0,1013.91,107977.4209,1
1787904900000,106.48,106.55,106.46,106.55,206.0,206.89,22036.6338,1
1787905200000,106.55,106.6,106.39,106.56,1413.0,1413.5,150447.871,1
1787905500000,106.56,106.6,106.47,106.47,414.0,414.11,44133.4112,1
1787905800000,106.44,106.56,106.44,106.56,219.0,219.81,23409.6752,1
1787906100000,106.56,106.58,106.47,106.51,641.0,641.05,68305.3915,1
1787906400000,106.51,106.56,106.42,106.42,124.0,124.01,13205.8685,1
1787906700000,106.43,106.44,105.87,105.93,4156.0,4156.07,440591.2197,1
1787907000000,105.92,106.24,105.76,106.23,4336.0,4336.76,460208.1496,1
1787907300000,106.23,106.23,105.92,106.0,1723.0,1723.55,182716.3675,1
1787907600000,106.03,106.06,105.77,105.94,9305.0,9305.5,985037.6604,1
1787907900000,105.98,106.35,105.95,106.25,2098.0,2098.22,222771.007,1
1787908200000,106.25,106.51,106.25,106.37,1730.0,1730.35,184073.2159,1
1787908500000,106.36,106.55,106.35,106.54,164.0,164.88,17555.5395,1
1787908800000,106.53,106.53,106.39,106.48,213.0,213.33,22710.3809,1
1787909100000,106.48,106.5,106.24,106.26,481.0,481.69,51240.2729,1
1787909400000,106.25,106.31,106.11,106.21,386.0,386.78,41081.8146,1
1787909700000,106.21,106.33,106.12,106.33,347.0,347.93,36960.9322,1
1787910000000,106.34,106.34,105.49,105.56,12374.0,12374.99,1308597.6972,1
1787910300000,105.58,105.82,105.58,105.69,5091.0,5091.54,538394.5783,1
1787910600000,105.67,106.0,105.66,105.97,589.0,589.38,62329.7821,1
1787910900000,105.97,105.99,105.86,105.88,172.0,172.67,18289.5665,1
1787911200000,105.89,105.94,104.79,104.93,19081.0,19081.17,2012564.8375,1
1787911500000,104.92,105.1,104.46,104.73,5806.0,5806.32,608286.5232,1
1787911800000,104.76,105.26,104.76,105.22,2558.0,2558.84,268819.0264,1
1787912100000,105.26,105.32,105.1,105.21,836.0,836.28,87970.3871,1
1787912400000,105.17,105.27,105.1,105.24,2378.0,2378.5,250147.5518,1
1787912700000,105.28,105.49,105.2,105.48,717.0,717.91,75617.5043,1
1787913000000,105.47,105.76,105.47,105.76,1461.0,1461.66,154505.7195,1
1787913300000,105.76,105.84,105.64,105.81,3204.0,3204.47,338655.6387,1
1787913600000,105.81,105.83,105.71,105.71,308.0,308.56,32635.2435,1
1787913900000,105.7,105.83,105.7,105.78,693.0,693.18,73326.8422,1
1787914200000,105.78,106.05,105.78,106.05,856.0,856.23,90669.7965,1
1787914500000,106.03,106.16,106.01,106.13,2225.0,2225.62,236100.1462,1
1787914800000,106.11,106.74,106.1,106.56,3585.0,3585.99,381484.0353,1
1787915100000,106.52,106.52,106.32,106.32,987.0,987.39,105074.8506,1
1787915400000,106.32,106.4,106.3,106.38,658.0,658.92,70075.6233,1
1787915700000,106.38,106.54,106.38,106.54,1930.0,1930.3,205476.48,1
1787916000000,106.52,106.53,106.21,106.33,807.0,807.71,85879.2831,1
1787916300000,106.32,106.33,106.07,106.13,825.0,825.7,87662.0595,1
1787916600000,106.13,106.25,106.1,106.2,615.0,615.03,65303.9719,1
1787916900000,106.2,106.2,105.74,105.75,799.0,799.94,84702.3269,1
1787917200000,105.75,105.92,105.73,105.89,1565.0,1565.28,165602.4197,1
1787917500000,105.89,105.96,105.75,105.76,576.0,576.73,61075.3896,1
1787917800000,105.79,105.79,105.51,105.56,13797.0,13797.74,1456700.4115,1
1787918100000,105.57,105.78,105.5,105.75,814.0,814.33,86075.4373,1
1787918400000,105.74,105.86,105.65,105.86,682.0,682.83,72200.5621,1
1787918700000,105.82,105.94,105.59,105.59,1690.0,1690.88,178929.0934,1
1787919000000,105.59,105.6,105.33,105.4,855.0,855.84,90283.6619,1
1787919300000,105.42,105.77,105.42,105.49,4853.0,4853.67,512805.9564,1
1787919600000,105.49,105.6,105.25,105.29,583.0,583.7,61557.3846,1
1787919900000,105.32,105.32,104.87,104.89,1573.0,1573.0,165333.1769,1
1787920200000,104.93,105.0,104.77,104.83,3512.0,3512.42,368262.9034,1
1787920500000,104.83,104.98,104.76,104.95,3475.0,3475.27,364578.9959,1
1787920800000,104.96,105.05,104.47,105.02,8494.0,8494.98,891182.5859,1
1787921100000,105.06,105.13,104.45,104.73,2133.0,2133.39,224009.9058,1
1787921400000,104.7,104.8,104.6,104.8,2869.0,2869.09,300367.6809,1
1787921700000,104.8,104.96,104.78,104.82,846.0,846.17,88714.1099,1
1787922000000,104.8,105.0,104.68,104.99,616.0,616.21,64617.3864,1
1787922300000,105.0,105.07,104.77,104.82,855.0,855.9,89789.6151,1
1787922600000,104.82,104.85,104.79,104.82,1062.0,1062.48,111366.2556,1
1787922900000,104.81,104.96,104.64,104.95,5138.0,5138.57,537924.689,1
1787923200000,104.96,104.96,104.78,104.83,990.0,990.8,103934.599,1
1787923500000,104.85,105.08,104.7,104.96,10485.0,10485.23,1100735.5488,1
1787923800000,104.97,105.25,104.91,104.99,51071.0,51071.53,5365644.1029,1
1787924100000,105.06,105.1,104.58,104.79,26547.0,26547.07,2783608.219,1
1787924400000,104.79,104.94,104.62,104.73,2485.0,2485.66,260411.3119,1
1787924700000,104.74,105.11,104.73,104.85,1863.0,1863.3,195536.2437,1
1787925000000,104.87,105.45,104.84,105.38,5778.0,5778.98,607938.338,1
1787925300000,105.33,105.54,105.15,105.15,1703.0,1703.71,179555.3062,1
1787925600000,105.14,105.91,103.84,103.92,14606.0,14606.52,1529504.9341,1
1787925900000,103.91,104.5,103.68,104.3,16696.0,16696.83,1738741.7017,1
1787926200000,104.29,104.32,103.59,103.96,8656.0,8656.35,899241.0883,1
1787926500000,103.93,104.6,103.57,104.54,7963.0,7963.04,829729.5745,1
1787926800000,104.54,104.66,103.85,104.18,15771.0,15771.64,1645543.4877,1
1787927100000,104.19,104.52,103.72,104.5,7939.0,7939.89,826167.3364,1
1787927400000,104.48,105.33,104.12,105.23,4911.0,4911.45,514617.6985,1
1787927700000,105.26,106.61,105.18,106.02,17205.0,17205.8,1823744.1311,1
1787928000000,106.02,106.19,105.7,106.17,7529.0,7529.65,797505.1156,1
1787928300000,106.17,106.28,105.43,105.62,4873.0,4873.48,515632.3485,1
1787928600000,105.62,106.5,105.62,106.35,5447.0,5447.72,578652.905,1
1787928900000,106.35,106.58,106.04,106.21,5326.0,5326.33,565759.1445,1
1787929200000,106.21,106.47,105.75,105.79,1823.0,1823.96,193444.8395,1
1787929500000,105.78,105.83,105.21,105.26,3352.0,3352.39,353892.4061,1
1787929800000,105.26,105.53,105.18,105.27,9867.0,9867.93,1038996.9455,1
1787930100000,105.27,107.04,105.23,106.95,5171.0,5171.94,548360.0432,1
1787930400000,106.93,107.63,106.6,107.51,9684.0,9684.66,1036794.8091,1
1787930700000,107.57,107.89,106.43,106.72,6949.0,6949.96,745736.4758,1
1787931000000,106.69,106.93,106.29,106.5,3581.0,3581.74,381732.0134,1
1787931300000,106.48,106.65,106.09,106.17,6179.0,6179.09,657630.6896,1
1787931600000,106.17,106.21,105.53,105.59,4133.0,4133.44,437785.1185,1
1787931900000,105.59,106.12,105.56,105.7,1572.0,1572.47,166382.5414,1
1787932200000,105.73,105.82,105.26,105.61,8014.0,8014.57,845487.6134,1
1787932500000,105.61,105.62,105.1,105.17,5859.0,5859.03,617481.0295,1
1787932800000,105.23,105.4,104.13,104.51,10613.0,10613.78,1112007.7452,1
1787933100000,104.52,105.33,104.52,105.1,7908.0,7908.81,830155.4536,1
1787933400000,105.09,105.17,104.28,104.28,10854.0,10854.75,1135088.6131,1
1787933700000,104.29,104.54,103.9,104.03,9839.0,9839.09,1023902.47,1
1787934000000,104.01,104.3,103.07,103.3,10596.0,10596.66,1097549.6723,1
1787934300000,103.31,104.58,102.92,104.42,31966.0,31966.76,3314200.2266,1
1787934600000,104.37,105.19,104.36,104.54,16615.0,16615.12,1742120.4067,1
1787934900000,104.57,105.48,104.44,105.36,14961.0,14961.69,1566755.6022,1
1787935200000,105.4,105.55,105.03,105.03,9801.0,9801.41,1032132.7869,1
1787935500000,105.07,105.67,105.02,105.58,2715.0,2715.38,286379.8137,1
1787935800000,105.57,105.58,105.08,105.24,2818.0,2818.22,296726.1561,1
1787936100000,105.25,105.43,105.1,105.12,1571.0,1571.03,165343.8286,1
1787936400000,105.12,105.19,104.72,104.77,11096.0,11096.84,1163445.9052,1
1787936700000,104.78,105.08,104.59,104.87,1197.0,1197.12,125453.731,1
1787937000000,104.88,105.05,104.76,104.98,2357.0,2357.53,247222.1127,1
1787937300000,104.96,105.12,104.72,105.06,1640.0,1640.68,172140.4399,1
1787937600000,105.04,105.05,104.63,104.69,1561.0,1561.52,163705.3633,1
1787937900000,104.69,104.69,104.47,104.56,6737.0,6737.86,704667.5888,1
1787938200000,104.56,104.7,104.29,104.48,4258.0,4258.03,444959.0308,1
1787938500000,104.47,104.52,104.23,104.41,4377.0,4377.53,456535.2058,1
1787938800000,104.37,104.57,104.3,104.53,2660.0,2660.33,277880.7292,1
1787939100000,104.57,105.04,104.53,104.98,3169.0,3169.74,332376.4846,1
1787939400000,104.99,105.0,104.67,104.67,661.0,661.08,69269.784,1
1787939700000,104.67,104.88,104.61,104.66,845.0,845.63,88554.713,1
1787940000000,104.65,104.68,104.33,104.35,1274.0,1274.57,133176.7422,1
1787940300000,104.32,104.44,104.24,104.3,973.0,973.03,101482.3025,1
1787940600000,104.31,104.32,103.89,103.95,6555.0,6555.68,681721.7805,1
1787940900000,103.93,103.98,103.56,103.63,3947.0,3947.74,409818.2028,1
1787941200000,103.6,103.71,103.41,103.49,2924.0,2924.9,302897.2534,1
1787941500000,103.52,103.86,103.49,103.86,10771.0,10771.97,1116477.1035,1
1787941800000,103.84,103.86,103.45,103.45,5128.0,5128.37,531348.6748,1
1787942100000,103.46,103.46,103.02,103.15,8611.0,8611.88,888871.572,1
1787942400000,103.16,103.3,102.94,103.13,3876.0,3876.22,399818.8904,1
1787942700000,103.18,103.22,102.24,102.54,12245.0,12245.49,1256816.3451,1
1787943000000,102.54,102.92,102.48,102.89,5278.0,5278.19,542040.1609,1
1787943300000,102.89,103.12,102.59,103.09,5245.0,5245.53,539198.3999,1
1787943600000,103.05,103.4,102.96,103.01,1740.0,1740.37,179610.5845,1
1787943900000,103.01,103.46,102.95,103.46,2880.0,2880.74,297695.5329,1
1787944200000,103.45,103.47,103.22,103.29,2525.0,2525.94,261078.2919,1
1787944500000,103.26,103.26,103.05,103.18,1957.0,1957.89,202032.2291,1
1787944800000,103.18,103.41,103.1,103.2,1520.0,1520.86,157149.9429,1
1787945100000,103.22,103.45,103.21,103.34,2465.0,2465.59,254891.8893,1
1787945400000,103.36,103.4,103.24,103.34,4457.0,4457.75,460507.046,1
1787945700000,103.36,103.83,103.33,103.73,3356.0,3356.5,348102.1693,1
1787946000000,103.68,103.75,103.52,103.54,1031.0,1031.44,106867.0458,1
1787946300000,103.54,103.63,103.27,103.3,1466.0,1466.13,151591.9704,1
1787946600000,103.31,103.51,103.31,103.35,1200.0,1200.61,124141.1539,1
1787946900000,103.38,103.62,103.32,103.36,786.0,786.7,81371.4993,1
1787947200000,103.35,103.53,102.99,103.04,1649.0,1649.18,170256.0067,1
1787947500000,103.06,103.36,102.78,103.36,6748.0,6748.88,695097.9896,1
1787947800000,103.37,103.53,103.35,103.43,333.0,333.77,34524.678,1
1787948100000,103.42,103.43,103.25,103.25,819.0,819.66,84683.2356,1
1787948400000,103.26,103.6,103.25,103.52,878.0,878.65,90940.7056,1
1787948700000,103.52,103.58,103.51,103.51,240.0,240.9,24940.9499,1
1787949000000,103.5,103.5,103.3,103.41,4439.0,4439.73,458932.3024,1
1787949300000,103.41,103.68,103.41,103.68,1643.0,1643.64,170222.4458,1
1787949600000,103.69,103.88,103.69,103.84,2711.0,2711.14,281412.4621,1
1787949900000,103.84,104.25,103.77,104.08,1467.0,1467.76,152617.4854,1
1787950200000,104.1,104.1,103.72,103.74,440.0,440.61,45750.7785,1
1787950500000,103.74,103.82,103.74,103.82,1268.0,1268.73,131659.0832,1
1787950800000,103.82,103.87,103.63,103.65,734.0,734.12,76127.4637,1
1787951100000,103.66,103.89,103.62,103.7,492.0,492.5,51109.5836,1
1787951400000,103.69,103.76,103.65,103.7,592.0,592.06,61396.8099,1
1787951700000,103.76,103.76,103.53,103.64,868.0,868.5,89979.5916,1
1787952000000,103.67,103.67,103.41,103.59,2471.0,2471.3,255798.2152,1
1787952300000,103.63,103.74,103.62,103.74,737.0,737.91,76508.2481,1
1787952600000,103.75,103.96,103.74,103.96,2794.0,2794.7,290299.4288,1
1787952900000,103.96,103.96,103.77,103.84,772.0,772.62,80293.5576,1
1787953200000,103.85,103.86,103.46,103.54,412.0,412.49,42748.0623,1
1787953500000,103.55,103.56,103.33,103.42,1012.0,1012.12,104675.3178,1
1787953800000,103.41,103.43,103.26,103.35,1672.0,1672.24,172815.2643,1
1787954100000,103.35,103.41,103.26,103.41,1072.0,1072.42,110820.9833,1
1787954400000,103.42,103.51,103.37,103.39,11526.0,11526.04,1192263.1136,1
1787954700000,103.38,103.73,103.38,103.7,341.0,341.38,35358.6387,1
1787955000000,103.69,103.81,103.68,103.77,4246.0,4246.26,440343.7172,1
1787955300000,103.78,103.81,103.6,103.6,1698.0,1698.85,176065.3399,1
1787955600000,103.57,103.64,103.53,103.59,1178.0,1178.11,122072.6487,1
1787955900000,103.63,103.9,103.63,103.85,2448.0,2448.65,254204.8702,1
1787956200000,103.86,103.88,103.7,103.74,1520.0,1520.3,157837.1991,1
1787956500000,103.71,103.81,103.7,103.81,1149.0,1149.92,119312.2883,1
1787956800000,103.81,104.08,103.78,104.05,3452.0,3452.8,358877.0389,1
1787957100000,104.01,104.16,104.01,104.03,1926.0,1926.99,200585.058,1
1787957400000,104.03,104.1,103.95,104.1,1149.0,1149.21,119520.8354,1
1787957700000,104.08,104.1,103.92,104.1,1764.0,1764.26,183500.0688,1
1787958000000,104.07,104.13,103.97,103.97,372.0,372.22,38735.2799,1
1787958300000,103.97,104.18,103.97,104.18,299.0,299.25,31145.0391,1
1787958600000,104.18,104.33,104.13,104.33,1724.0,1724.9,179771.2172,1
1787958900000,104.32,104.33,104.06,104.09,532.0,532.33,55435.5743,1
1787959200000,104.09,104.19,104.01,104.18,262.0,262.73,27345.4565,1
1787959500000,104.18,104.18,104.02,104.02,178.0,178.23,18550.3177,1
1787959800000,104.03,104.17,104.0,104.09,243.0,243.11,25297.8797,1
1787960100000,104.09,104.09,103.96,103.98,134.0,134.9,14031.51,1
1787960400000,103.98,104.04,103.97,103.99,95.0,95.58,9939.5665,1
1787960700000,103.98,103.98,103.94,103.94,393.0,393.49,40912.3921,1
1787961000000,103.94,104.09,103.94,104.07,139.0,139.47,14511.146,1
1787961300000,104.07,104.11,104.05,104.09,143.0,143.56,14944.1619,1
1787961600000,104.08,104.23,104.06,104.18,497.0,497.51,51828.3846,1
1787961900000,104.17,104.49,104.14,104.44,671.0,671.28,70009.8735,1
1787962200000,104.44,104.44,104.25,104.25,784.0,784.39,81832.2985,1
1787962500000,104.25,104.52,104.24,104.37,1289.0,1289.56,134641.2323,1
1787962800000,104.37,104.43,104.26,104.37,237.0,237.53,24789.878,1
1787963100000,104.35,104.51,104.33,104.35,508.0,508.7,53113.3085,1
1787963400000,104.34,104.35,104.14,104.14,725.0,725.86,75628.8709,1
1787963700000,104.14,104.2,104.09,104.14,114.0,114.01,11872.1709,1
1787964000000,104.14,104.14,104.0,104.02,187.0,187.96,19557.0056,1
1787964300000,104.02,104.02,103.89,103.96,4314.0,4314.98,448360.0092,1
1787964600000,103.97,103.97,103.81,103.93,1683.0,1683.88,174880.2033,1
1787964900000,103.94,103.99,103.86,103.86,137.0,137.69,14307.3007,1
1787965200000,103.86,103.86,103.78,103.83,809.0,809.46,84016.9847,1
1787965500000,103.82,103.94,103.8,103.93,761.0,761.81,79138.8203,1
1787965800000,103.95,103.99,103.83,103.86,304.0,304.79,31675.9934,1
1787966100000,103.85,103.92,103.78,103.85,1236.0,1236.71,128428.5221,1
1787966400000,103.84,103.98,103.84,103.98,113.0,113.94,11838.7598,1
1787966700000,103.98,104.08,103.96,104.08,2303.0,2303.47,239477.2542,1
1787967000000,104.08,104.18,104.07,104.18,506.0,506.94,52778.3127,1
1787967300000,104.17,104.19,104.01,104.09,359.0,359.23,37392.0482,1
1787967600000,104.07,104.14,104.02,104.13,183.0,183.51,19099.0981,1
1787967900000,104.13,104.18,103.99,104.04,224.0,224.09,23316.4746,1
1787968200000,104.04,104.3,104.04,104.14,3953.0,3953.03,412196.4985,1
1787968500000,104.14,104.15,103.99,104.08,350.0,350.48,36466.4799,1
1787968800000,104.12,104.24,104.09,104.15,210.0,210.22,21891.0932,1
1787969100000,104.15,104.25,104.07,104.23,248.0,248.46,25884.6247,1
1787969400000,104.23,104.34,104.16,104.16,229.0,229.1,23887.3991,1
1787969700000,104.18,104.21,103.97,103.97,245.0,245.64,25567.8565,1
1787970000000,103.94,103.96,103.83,103.84,484.0,484.91,50368.7343,1
1787970300000,103.84,103.88,103.67,103.82,11910.0,11910.4,1236834.9008,1
1787970600000,103.82,103.85,103.64,103.67,5210.0,5210.77,540598.9301,1
1787970900000,103.66,103.92,103.6,103.89,8439.0,8439.57,875844.8287,1
1787971200000,103.88,103.91,103.81,103.82,1887.0,1887.01,195990.7777,1
1787971500000,103.82,103.83,103.74,103.79,162.0,162.46,16861.3404,1
1787971800000,103.79,104.05,103.78,104.04,395.0,395.21,41091.0941,1
1787972100000,104.04,104.1,103.88,103.89,1974.0,1974.14,205133.5636,1
1787972400000,103.88,103.97,103.86,103.86,701.0,701.07,72819.1417,1
1787972700000,103.86,103.99,103.86,103.89,1074.0,1074.74,111629.4419,1
1787973000000,103.88,103.99,103.88,103.9,374.0,374.85,38955.1325,1
1787973300000,103.9,103.93,103.77,103.88,265.0,265.15,27542.5739,1
1787973600000,103.88,104.04,103.88,103.97,212.0,212.51,22091.478,1
1787973900000,104.0,104.03,103.92,104.02,97.0,97.6,10149.4849,1
1787974200000,104.02,104.08,103.96,103.97,138.0,138.65,14423.0893,1
1787974500000,103.96,103.96,103.79,103.94,289.0,289.9,30118.1716,1
1787974800000,103.94,104.19,103.93,104.08,3590.0,3590.48,374024.9566,1
1787975100000,104.05,104.07,103.88,103.94,504.0,504.56,52453.5782,1
1787975400000,103.96,104.02,103.92,103.93,192.0,192.7,20034.216,1
1787975700000,103.93,103.95,103.81,103.81,128.0,128.58,13358.0118,1
1787976000000,103.81,103.87,103.76,103.78,194.0,194.43,20182.2883,1
1787976300000,103.79,103.79,103.5,103.59,1221.0,1221.94,126618.9011,1
1787976600000,103.59,103.72,103.57,103.64,277.0,277.89,28808.2499,1
1787976900000,103.64,103.66,103.45,103.45,468.0,468.25,48466.0249,1
1787977200000,103.45,103.59,103.45,103.58,177.0,177.15,18346.8842,1
1787977500000,103.58,103.64,103.5,103.55,206.0,206.45,21382.1865,1
1787977800000,103.57,103.61,103.51,103.57,114.0,114.83,11892.2786,1
1787978100000,103.58,103.64,103.44,103.63,301.0,301.6,31228.8017,1
1787978400000,103.65,103.74,103.58,103.64,142.0,142.76,14796.2947,1
1787978700000,103.72,103.79,103.69,103.76,450.0,450.2,46685.5128,1
1787979000000,103.76,103.93,103.76,103.93,186.0,186.45,19360.3859,1
1787979300000,103.93,103.99,103.79,103.83,381.0,381.99,39701.9453,1
1787979600000,103.83,104.0,103.77,103.91,105.0,105.06,10913.8,1
1787979900000,103.95,103.97,103.9,103.92,412.0,412.65,42891.2839,1
1787980200000,103.92,104.12,103.9,104.06,945.0,945.35,98328.5488,1
1787980500000,104.06,104.13,104.06,104.09,324.0,324.43,33772.5793,1
1787980800000,104.13,104.13,103.97,104.06,637.0,637.5,66303.4846,1
1787981100000,104.06,104.14,104.0,104.0,74.0,74.65,7769.064,1
1787981400000,104.03,104.03,103.83,103.83,169.0,169.28,17593.315,1
1787981700000,103.83,104.02,103.83,104.0,131.0,131.24,13645.4329,1
1787982000000,104.0,104.1,103.93,104.03,218.0,218.55,22732.3088,1
1787982300000,104.03,104.05,103.96,103.96,113.0,113.85,11840.0639,1
1787982600000,103.96,103.96,103.88,103.88,452.0,452.53,47026.2373,1
1787982900000,103.88,103.97,103.87,103.97,311.0,311.03,32320.8419,1
1787983200000,103.98,103.98,103.67,103.67,507.0,507.33,52636.1741,1
1787983500000,103.66,103.68,103.52,103.6,637.0,637.39,66036.727,1
1787983800000,103.57,103.57,103.37,103.4,1927.0,1927.23,199315.7427,1
1787984100000,103.4,103.57,103.4,103.45,127.0,127.6,13204.6961,1
1787984400000,103.46,103.46,103.27,103.41,1093.0,1093.76,113024.7093,1
1787984700000,103.42,103.44,103.31,103.44,263.0,263.89,27278.943,1
1787985000000,103.44,103.54,103.44,103.54,217.0,217.21,22482.4056,1
1787985300000,103.57,103.6,103.52,103.52,404.0,404.6,41906.8585,1
1787985600000,103.52,103.61,103.52,103.55,343.0,343.8,35605.202,1
1787985900000,103.55,103.55,103.47,103.52,2672.0,2672.95,276605.2357,1
1787986200000,103.52,103.55,103.45,103.46,177.0,177.06,18330.4378,1
1787986500000,103.46,103.53,103.42,103.52,293.0,293.19,30339.978,1
1787986800000,103.52,103.76,103.52,103.75,872.0,872.95,90478.6344,1
1787987100000,103.76,103.84,103.61,103.62,2895.0,2895.54,300431.4019,1
1787987400000,103.62,103.67,103.61,103.67,423.0,423.61,43911.4131,1
1787987700000,103.65,103.81,103.61,103.78,191.0,191.57,19872.604,1
1787988000000,103.79,103.84,103.73,103.73,832.0,832.8,86430.5211,1
1787988300000,103.73,103.78,103.66,103.66,122.0,122.64,12720.3596,1
1787988600000,103.64,103.75,103.63,103.71,78.0,78.92,8184.2064,1
1787988900000,103.71,103.92,103.71,103.83,120.0,120.02,12459.071,1
1787989200000,103.83,103.86,103.66,103.76,175.0,175.7,18235.413,1
1787989500000,103.76,103.89,103.72,103.74,3048.0,3048.21,316413.2709,1
1787989800000,103.74,103.74,103.58,103.6,177.0,177.72,18422.5032,1
1787990100000,103.6,103.71,103.58,103.7,617.0,617.47,63984.7739,1
1787990400000,103.7,103.7,103.37,103.38,526.0,526.35,54472.8178,1
1787990700000,103.38,103.46,103.25,103.33,738.0,738.68,76322.9034,1
1787991000000,103.29,103.42,103.27,103.31,6726.0,6726.16,695060.7682,1
1787991300000,103.33,103.42,103.29,103.42,335.0,335.17,34628.4625,1
1787991600000,103.42,103.43,103.32,103.42,1845.0,1845.32,190821.9012,1
1787991900000,103.42,103.47,103.4,103.42,161.0,161.52,16705.6248,1
1787992200000,103.42,103.42,103.19,103.27,3371.0,3371.69,348201.5611,1
1787992500000,103.27,103.27,103.23,103.25,203.0,203.65,21027.6507,1
1787992800000,103.28,103.33,103.2,103.26,245.0,245.42,25349.329,1
1787993100000,103.21,103.34,103.11,103.23,715.0,715.72,73867.5046,1
1787993400000,103.23,103.31,103.19,103.21,1162.0,1162.59,120037.4244,1
1787993700000,103.19,103.39,103.19,103.37,210.0,210.12,21707.2133,1
1787994000000,103.42,103.43,103.29,103.3,661.0,661.96,68398.3076,1
1787994300000,103.35,103.4,103.32,103.33,412.0,412.09,42587.841,1
1787994600000,103.33,103.38,103.29,103.38,102.0,102.05,10543.1996,1
1787994900000,103.4,103.42,103.3,103.31,90.0,90.28,9331.468,1
1787995200000,103.31,103.32,103.23,103.32,600.0,600.07,61963.2773,1
1787995500000,103.32,103.33,103.28,103.28,55.0,55.12,5694.3572,1
1787995800000,103.28,103.42,103.28,103.42,122.0,122.81,12691.4254,1
1787996100000,103.42,103.47,103.37,103.46,760.0,760.2,78638.5187,1
1787996400000,103.44,103.57,103.41,103.45,421.0,421.2,43588.2593,1
1787996700000,103.45,103.45,103.36,103.38,262.0,262.29,27115.3492,1
1787997000000,103.38,103.42,103.28,103.4,89.0,89.96,9299.5282,1
1787997300000,103.4,103.43,103.26,103.26,415.0,415.3,42922.492,1
1787997600000,103.26,103.26,103.08,103.1,269.0,269.52,27808.884,1
1787997900000,103.1,103.13,102.95,103.09,308.0,308.47,31781.2011,1
1787998200000,103.09,103.23,103.09,103.21,558.0,558.9,57661.8527,1
1787998500000,103.21,103.51,103.2,103.49,759.0,759.8,78553.0522,1
1787998800000,103.47,103.52,103.34,103.38,1297.0,1297.74,134253.7415,1
1787999100000,103.38,103.44,103.32,103.4,183.0,183.72,18996.2862,1
1787999400000,103.4,103.4,103.31,103.33,135.0,135.2,13971.9467,1
1787999700000,103.33,103.45,103.32,103.32,114.0,114.72,11859.9913,1
1788000000000,103.33,103.33,103.25,103.27,236.0,236.65,24440.0482,1
1788000300000,103.27,103.48,103.27,103.46,226.0,226.32,23399.4249,1
1788000600000,103.47,103.53,103.44,103.51,1267.0,1267.88,131215.3616,1
1788000900000,103.51,103.52,103.42,103.42,204.0,204.16,21125.6506,1
1788001200000,103.41,103.5,103.36,103.49,535.0,535.11,55342.4024,1
1788001500000,103.49,103.52,103.42,103.44,481.0,481.67,49825.8468,1
1788001800000,103.43,103.59,103.43,103.59,316.0,316.32,32749.2119,1
1788002100000,103.59,103.64,103.52,103.52,265.0,265.3,27476.499,1
1788002400000,103.52,103.53,103.46,103.46,57.0,57.97,5999.8744,1
1788002700000,103.45,103.49,103.45,103.49,127.0,127.94,13240.3551,1
1788003000000,103.49,103.58,103.46,103.55,194.0,194.6,20139.8644,1
1788003300000,103.55,103.58,103.46,103.53,205.0,205.95,21316.2109,1
1788003600000,103.56,103.59,103.47,103.47,198.0,198.56,20550.3594,1
1788003900000,103.47,103.59,103.47,103.59,152.0,152.99,15840.9777,1
1788004200000,103.59,103.64,103.56,103.56,617.0,617.89,64018.0306,1
1788004500000,103.56,103.58,103.47,103.47,128.0,128.16,13266.337,1
1788004800000,103.47,103.48,103.42,103.48,96.0,96.26,9958.2669,1
1788005100000,103.48,103.5,103.3,103.38,347.0,347.25,35911.4583,1
1788005400000,103.38,103.5,103.34,103.5,696.0,696.63,72061.5835,1
1788005700000,103.61,103.93,103.61,103.9,4825.0,4825.61,500945.6699,1
1788006000000,103.95,103.96,103.46,103.49,1656.0,1656.48,171912.1453,1
1788006300000,103.49,103.49,103.38,103.44,429.0,429.83,44458.451,1
1788006600000,103.44,103.49,103.36,103.36,217.0,217.74,22514.3452,1
1788006900000,103.36,103.48,103.33,103.48,181.0,181.61,18776.7682,1
1788007200000,103.48,103.56,103.46,103.56,463.0,463.75,48012.4549,1
1788007500000,103.56,103.62,103.53,103.62,382.0,382.04,39567.9506,1
1788007800000,103.59,103.64,103.45,103.52,1685.0,1685.49,174581.6292,1
1788008100000,103.52,103.61,103.52,103.57,251.0,251.93,26092.6401,1
1788008400000,103.57,103.57,103.51,103.52,135.0,135.17,13995.5584,1
1788008700000,103.51,103.57,103.51,103.57,222.0,222.24,23009.9607,1
1788009000000,103.55,103.57,103.46,103.56,322.0,322.66,33397.8357,1
1788009300000,103.56,103.72,103.53,103.62,302.0,302.42,31346.7891,1
1788009600000,103.62,103.72,103.62,103.71,177.0,177.72,18427.7407,1
1788009900000,103.72,103.72,103.65,103.68,357.0,357.82,37101.8691,1
1788010200000,103.68,103.68,103.6,103.6,388.0,388.39,40253.6625,1
1788010500000,103.64,103.82,103.63,103.64,1297.0,1297.15,134568.8319,1
1788010800000,103.67,103.69,103.62,103.62,569.0,569.71,59065.8202,1
1788011100000,103.62,103.74,103.62,103.74,1266.0,1266.28,131239.6101,1
1788011400000,103.74,103.89,103.73,103.86,765.0,765.55,79501.128,1
1788011700000,103.86,103.92,103.75,103.76,3630.0,3630.21,376935.5843,1
1788012000000,103.77,103.83,103.75,103.78,893.0,893.0,92701.2,1
1788012300000,103.81,104.04,103.77,103.89,1988.0,1988.31,206467.8527,1
1788012600000,103.89,104.03,103.79,103.96,597.0,597.9,62172.9988,1
1788012900000,103.98,104.13,103.94,104.08,578.0,578.32,60186.4888,1
1788013200000,104.08,104.37,104.07,104.32,1795.0,1795.79,187280.1614,1
1788013500000,104.32,104.33,104.1,104.21,650.0,650.1,67761.5806,1
1788013800000,104.21,104.53,104.2,104.52,630.0,630.25,65794.756,1
1788014100000,104.53,104.73,104.47,104.73,922.0,922.33,96481.719,1
1788014400000,104.74,105.29,104.66,104.93,6655.0,6655.57,698491.3631,1
1788014700000,104.92,105.37,104.9,105.09,2404.0,2404.09,252746.6171,1
1788015000000,105.07,105.31,104.95,105.11,1751.0,1751.32,184144.5333,1
1788015300000,105.14,105.44,105.14,105.32,2551.0,2551.04,268441.9032,1
1788015600000,105.33,105.43,104.98,105.09,1823.0,1823.41,191841.4312,1
1788015900000,105.07,105.25,105.01,105.07,511.0,511.23,53720.3557,1
1788016200000,105.04,105.07,104.9,105.04,1096.0,1096.87,115210.4163,1
1788016500000,105.04,105.05,104.6,104.88,2919.0,2919.22,305777.0077,1
1788016800000,104.88,105.17,104.88,105.14,909.0,909.63,95545.8876,1
1788017100000,105.11,105.16,104.89,105.02,1579.0,1579.92,165795.9528,1
1788017400000,105.02,105.02,104.8,104.97,549.0,549.36,57615.9372,1
1788017700000,104.97,105.0,104.89,104.93,680.0,680.02,71371.7181,1
1788018000000,104.95,105.02,104.87,104.87,821.0,821.03,86191.8197,1
1788018300000,104.85,105.03,104.82,105.03,679.0,679.58,71337.1574,1
1788018600000,105.05,105.13,104.92,104.95,801.0,801.88,84213.2037,1
1788018900000,104.92,104.95,104.76,104.95,3950.0,3950.28,414299.6727,1
1788019200000,104.95,105.16,104.95,105.02,1517.0,1517.37,159404.935,1
1788019500000,105.03,105.16,104.98,105.16,227.0,227.27,23875.1185,1
1788019800000,105.16,105.24,105.05,105.21,539.0,539.64,56749.9521,1
1788020100000,105.21,105.3,104.95,104.95,764.0,764.62,80352.3263,1
1788020400000,105.0,105.09,104.77,104.88,2152.0,2152.07,225662.0271,1
1788020700000,104.86,104.98,104.78,104.96,982.0,982.6,102984.7785,1
1788021000000,104.96,105.23,104.84,105.07,1768.0,1768.53,185596.0651,1
1788021300000,105.06,105.18,104.96,105.01,407.0,407.34,42797.7776,1
1788021600000,105.01,105.1,104.87,104.95,175.0,175.42,18412.967,1
1788021900000,104.96,105.0,104.9,104.96,135.0,135.08,14177.1158,1
1788022200000,104.96,105.1,104.84,104.84,262.0,262.63,27561.4883,1
1788022500000,104.82,104.88,104.78,104.78,703.0,703.44,73736.3078,1
1788022800000,104.8,105.02,104.8,104.99,375.0,375.87,39429.0005,1
1788023100000,104.96,105.01,104.96,104.96,119.0,119.06,12498.606,1
1788023400000,104.96,105.08,104.9,104.92,581.0,581.21,61006.5743,1
1788023700000,104.98,105.03,104.82,104.87,375.0,375.35,39398.0278,1
1788024000000,104.88,104.88,104.65,104.66,317.0,317.91,33303.4182,1
1788024300000,104.61,104.73,104.56,104.6,4357.0,4357.39,455908.6807,1
1788024600000,104.6,104.77,104.6,104.63,118.0,118.05,12358.9989,1
1788024900000,104.63,104.68,104.3,104.47,4190.0,4190.97,437708.0325,1
1788025200000,104.47,104.72,104.47,104.62,607.0,607.16,63545.3815,1
1788025500000,104.63,104.74,104.6,104.73,1131.0,1131.49,118479.3645,1
1788025800000,104.73,104.75,104.66,104.68,1120.0,1120.34,117321.6214,1
1788026100000,104.67,104.78,104.62,104.77,957.0,957.55,100194.1562,1
1788026400000,104.77,105.0,104.75,104.83,1616.0,1616.69,169499.4456,1
1788026700000,104.81,104.88,104.79,104.8,476.0,476.6,49967.9888,1
1788027000000,104.8,104.84,104.78,104.79,51.0,51.4,5386.8812,1
1788027300000,104.79,104.87,104.71,104.85,1366.0,1366.98,143221.5838,1
1788027600000,104.84,105.02,104.8,104.95,769.0,769.78,80736.306,1
1788027900000,104.94,104.94,104.82,104.83,228.0,228.12,23923.8198,1
1788028200000,104.79,104.88,104.68,104.81,386.0,386.13,40452.503,1
1788028500000,104.81,105.03,104.81,104.96,1854.0,1854.98,194647.0035,1
1788028800000,104.96,105.08,104.86,104.94,232.0,232.94,24456.66,1
1788029100000,104.96,105.16,104.92,105.13,989.0,989.83,104030.9106,1
1788029400000,105.13,105.18,105.11,105.18,566.0,566.72,59583.3987,1
1788029700000,105.18,105.18,105.04,105.04,1625.0,1625.32,170843.7714,1
1788030000000,105.04,105.13,105.04,105.12,1125.0,1125.98,118298.6494,1
1788030300000,105.12,105.28,105.08,105.21,498.0,498.77,52445.3961,1
1788030600000,105.21,105.46,105.14,105.45,3026.0,3026.79,318619.3364,1
1788030900000,105.45,105.8,105.43,105.59,2251.0,2251.63,237832.5257,1
1788031200000,105.59,105.64,105.43,105.64,401.0,401.98,42432.5756,1
1788031500000,105.62,105.68,105.55,105.67,691.0,691.39,73032.9446,1
1788031800000,105.69,105.71,105.56,105.59,778.0,778.23,82180.7824,1
1788032100000,105.59,105.73,105.47,105.48,278.0,278.14,29364.6661,1
1788032400000,105.47,105.6,105.44,105.52,483.0,483.29,51008.9003,1
1788032700000,105.52,105.52,105.3,105.34,662.0,662.96,69869.3918,1
1788033000000,105.34,105.35,105.17,105.3,626.0,626.31,65948.6181,1
1788033300000,105.3,105.3,105.19,105.27,1717.0,1717.52,180710.9066,1
1788033600000,105.28,105.34,105.26,105.31,172.0,172.53,18168.5407,1
1788033900000,105.31,105.43,105.31,105.31,839.0,839.83,88489.8258,1
1788034200000,105.31,105.34,105.14,105.17,329.0,329.51,34667.1412,1
1788034500000,105.19,105.31,105.16,105.31,1528.0,1528.52,160906.2748,1
1788034800000,105.31,105.32,105.13,105.15,391.0,391.66,41189.7332,1
1788035100000,105.15,105.21,105.14,105.14,199.0,199.15,20946.9703,1
1788035400000,105.16,105.16,105.01,105.11,324.0,324.68,34112.878,1
1788035700000,105.11,105.25,105.11,105.15,831.0,831.41,87430.7129,1
1788036000000,105.15,105.26,105.14,105.2,172.0,172.39,18135.6838,1
1788036300000,105.2,105.25,105.15,105.15,123.0,123.39,12978.9581,1
1788036600000,105.16,105.2,105.11,105.14,228.0,228.01,23975.162,1
1788036900000,105.14,105.23,105.14,105.15,374.0,374.12,39355.3791,1
1788037200000,105.16,105.18,104.93,104.96,3650.0,3650.21,383303.6516,1
1788037500000,104.95,105.19,104.95,105.16,984.0,984.57,103490.7056,1
1788037800000,105.16,105.33,105.12,105.25,298.0,298.68,31435.9838,1
1788038100000,105.25,105.28,105.19,105.28,173.0,173.83,18289.1395,1
1788038400000,105.28,105.28,105.07,105.07,72.0,72.99,7674.6916,1
1788038700000,105.07,105.07,104.95,104.95,474.0,474.95,49863.2341,1
1788039000000,104.94,104.94,104.88,104.88,333.0,333.99,35033.0812,1
1788039300000,104.88,104.92,104.85,104.85,348.0,348.58,36562.636,1
1788039600000,104.84,104.92,104.78,104.92,980.0,980.19,102759.7201,1
1788039900000,104.92,105.02,104.92,104.92,306.0,306.03,32119.0841,1
1788040200000,104.91,105.0,104.89,105.0,176.0,176.04,18477.0581,1
1788040500000,105.0,105.03,104.95,104.99,222.0,222.99,23413.4762,1
1788040800000,104.99,104.99,104.9,104.92,210.0,210.39,22079.4092,1
1788041100000,104.92,104.93,104.86,104.91,119.0,119.64,12550.3012,1
1788041400000,104.92,105.02,104.88,104.95,166.0,166.21,17444.4558,1
1788041700000,104.97,105.01,104.9,104.9,113.0,113.24,11883.6304,1
1788042000000,104.9,104.98,104.89,104.95,111.0,111.79,11731.8267,1
1788042300000,104.95,105.09,104.9,105.07,142.0,142.59,14970.6278,1
1788042600000,105.07,105.18,105.07,105.14,12948.0,12948.8,1361369.4848,1
1788042900000,105.14,105.16,105.14,105.15,327.0,327.2,34405.17,1
1788043200000,105.15,105.22,105.15,105.18,223.0,223.5,23513.2274,1
1788043500000,105.2,105.25,105.2,105.25,318.0,318.05,33470.612,1
1788043800000,105.25,105.37,105.25,105.37,737.0,737.94,77747.0658,1
1788044100000,105.36,105.49,105.35,105.43,669.0,669.04,70555.3904,1
1788044400000,105.43,105.57,105.43,105.47,1996.0,1996.81,210753.0015,1
1788044700000,105.47,105.67,105.47,105.62,806.0,806.48,85154.0675,1
1788045000000,105.62,105.62,105.5,105.57,383.0,383.82,40516.1484,1
1788045300000,105.57,105.72,105.56,105.63,205.0,205.45,21698.9828,1
1788045600000,105.63,105.66,105.53,105.57,1290.0,1290.54,136287.1494,1
1788045900000,105.57,105.63,105.43,105.63,1367.0,1367.18,144192.2478,1
1788046200000,105.61,105.69,105.43,105.44,778.0,778.33,82210.7247,1
1788046500000,105.45,105.58,105.41,105.55,409.0,409.95,43249.8098,1
1788046800000,105.55,105.63,105.5,105.5,208.0,208.41,21997.4909,1
1788047100000,105.5,105.69,105.5,105.69,141.0,141.6,14950.0267,1
1788047400000,105.67,105.72,105.53,105.57,841.0,841.39,88880.8531,1
1788047700000,105.57,105.6,105.55,105.56,199.0,199.19,21027.4037,1
1788048000000,105.55,105.55,105.34,105.34,451.0,451.19,47592.0582,1
1788048300000,105.34,105.41,105.26,105.3,731.0,731.45,77011.4106,1
1788048600000,105.28,105.31,105.24,105.27,101.0,101.85,10721.7602,1
1788048900000,105.28,105.63,105.28,105.55,848.0,848.19,89459.4568,1
1788049200000,105.53,105.53,105.32,105.32,185.0,185.31,19532.7784,1
1788049500000,105.3,105.36,105.29,105.29,413.0,413.34,43522.6173,1
1788049800000,105.3,105.34,105.24,105.24,270.0,270.66,28487.7645,1
1788050100000,105.24,105.44,105.24,105.3,225.0,225.14,23719.5333,1
1788050400000,105.3,105.36,105.17,105.23,257.0,257.87,27139.373,1
1788050700000,105.23,105.35,105.19,105.35,180.0,180.1,18957.3349,1
1788051000000,105.36,105.4,105.22,105.24,231.0,231.1,24336.4703,1
1788051300000,105.37,105.37,105.2,105.22,382.0,382.8,40285.9511,1
1788051600000,105.22,105.3,105.12,105.28,2252.0,2252.87,236879.0937,1
1788051900000,105.27,105.27,105.11,105.15,547.0,547.49,57579.1511,1
1788052200000,105.15,105.22,105.08,105.13,268.0,268.2,28193.9599,1
1788052500000,105.13,105.2,105.05,105.18,156.0,156.77,16477.3955,1
1788052800000,105.18,105.3,105.18,105.23,186.0,186.5,19628.0019,1
1788053100000,105.25,105.27,105.05,105.07,291.0,291.72,30679.2576,1
1788053400000,105.07,105.11,104.99,105.1,952.0,952.49,100107.9531,1
1788053700000,105.1,105.24,105.09,105.21,128.0,128.6,13523.2615,1
1788054000000,105.2,105.21,105.11,105.11,39.0,39.07,4108.714,1
1788054300000,105.21,105.25,105.13,105.25,139.0,139.77,14702.153,1
1788054600000,105.25,105.29,105.19,105.2,168.0,168.29,17708.6872,1
1788054900000,105.2,105.21,105.06,105.19,219.0,219.82,23115.1738,1
1788055200000,105.21,105.36,105.17,105.35,606.0,606.6,63898.8331,1
1788055500000,105.37,105.38,105.12,105.28,460.0,460.3,48455.4986,1
1788055800000,105.27,105.3,105.22,105.28,234.0,234.01,24638.3356,1
1788056100000,105.28,105.36,105.26,105.3,93.0,93.98,9896.8936,1
1788056400000,105.3,105.44,105.3,105.3,683.0,683.34,72011.3666,1
1788056700000,105.3,105.41,105.18,105.3,212.0,212.06,22324.6459,1
1788057000000,105.3,105.31,105.14,105.19,581.0,581.28,61133.3422,1
1788057300000,105.19,105.26,105.19,105.24,177.0,177.51,18679.6536,1
1788057600000,105.24,105.29,105.21,105.28,73.0,73.79,7767.318,1
1788057900000,105.28,105.28,105.16,105.22,84.0,84.53,8892.2909,1
1788058200000,105.22,105.41,105.22,105.36,165.0,165.64,17449.7817,1
1788058500000,105.36,105.37,105.17,105.18,103.0,103.8,10924.6589,1
1788058800000,105.17,105.17,105.01,105.02,250.0,250.78,26354.8078,1
1788059100000,105.02,105.04,104.92,105.04,1326.0,1326.81,139316.7948,1
1788059400000,105.04,105.07,105.0,105.05,212.0,212.47,22315.9854,1
1788059700000,105.05,105.11,105.02,105.1,119.0,119.22,12527.7926,1
1788060000000,105.1,105.16,105.03,105.14,397.0,397.75,41814.5068,1
1788060300000,105.14,105.23,105.12,105.23,186.0,186.45,19609.6783,1
1788060600000,105.25,105.28,105.15,105.27,101.0,101.3,10661.619,1
1788060900000,105.27,105.27,105.16,105.17,184.0,184.58,19416.2295,1
1788061200000,105.17,105.27,105.14,105.16,127.0,127.37,13402.2857,1
1788061500000,105.16,105.16,105.05,105.06,150.0,150.7,15836.6339,1
1788061800000,105.06,105.06,105.04,105.05,43.0,43.18,4535.9806,1
1788062100000,105.05,105.05,104.98,105.0,95.0,95.0,9976.6471,1
1788062400000,105.02,105.07,104.96,105.06,149.0,149.85,15738.2393,1
1788062700000,105.07,105.07,104.92,104.93,188.0,188.73,19809.4294,1
1788063000000,104.93,104.96,104.92,104.96,42.0,42.2,4427.9247,1
1788063300000,104.96,104.97,104.85,104.94,619.0,619.54,64989.1452,1
1788063600000,104.94,104.97,104.88,104.92,130.0,130.29,13667.0533,1
1788063900000,104.92,105.02,104.92,104.97,2082.0,2082.11,218620.0617,1
1788064200000,104.93,104.93,104.85,104.85,86.0,86.06,9026.6167,1
1788064500000,104.85,104.9,104.78,104.78,811.0,811.57,85063.858,1
1788064800000,104.78,104.92,104.78,104.84,173.0,173.97,18243.852,1
1788065100000,104.84,104.84,104.63,104.69,1779.0,1779.27,186357.7155,1
1788065400000,104.69,104.86,104.69,104.86,51.0,51.55,5402.7786,1
1788065700000,104.86,105.04,104.84,105.04,845.0,845.73,88798.4584,1
1788066000000,105.01,105.19,104.99,105.17,394.0,394.24,41433.2734,1
1788066300000,105.17,105.18,105.07,105.1,1121.0,1121.56,117908.013,1
1788066600000,105.1,105.11,104.95,104.98,473.0,473.81,49745.4369,1
1788066900000,104.98,105.06,104.97,105.01,390.0,390.8,41027.914,1
1788067200000,105.01,105.01,104.94,104.95,65.0,65.38,6863.3162,1
1788067500000,104.95,104.99,104.95,104.96,124.0,124.29,13048.1055,1
1788067800000,104.96,104.99,104.95,104.95,18.0,18.1,1900.195,1
1788068100000,104.96,104.97,104.86,104.95,138.0,138.87,14567.1509,1
1788068400000,104.97,105.01,104.92,104.92,105.0,105.62,11087.3588,1
1788068700000,104.92,105.0,104.92,104.96,96.0,96.25,10103.2066,1
1788069000000,104.96,104.98,104.92,104.97,50.0,50.53,5302.9211,1
1788069300000,104.97,105.0,104.94,105.0,1049.0,1049.43,110140.079,1
1788069600000,105.03,105.04,104.94,105.02,97.0,97.25,10210.2231,1
1788069900000,105.02,105.02,104.94,104.95,101.0,101.21,10625.2984,1
1788070200000,104.95,104.96,104.86,104.9,2166.0,2166.24,227346.5866,1
1788070500000,104.9,104.92,104.89,104.92,4.0,4.09,429.0419,1
1788070800000,104.93,105.03,104.93,105.03,119.0,119.46,12541.7108,1
1788071100000,105.03,105.03,104.93,104.97,2428.0,2428.5,254861.155,1
1788071400000,104.97,104.98,104.91,104.91,47.0,47.24,4957.0084,1
1788071700000,104.91,104.97,104.9,104.9,120.0,120.43,12636.9857,1
1788072000000,104.9,105.04,104.9,104.91,264.0,264.45,27759.0737,1
1788072300000,104.91,105.08,104.91,105.07,225.0,225.94,23718.7969,1
1788072600000,105.07,105.07,104.95,105.01,135.0,135.11,14186.7848,1
1788072900000,105.05,105.34,105.03,105.34,340.0,340.9,35859.5442,1
1788073200000,105.35,105.4,105.14,105.22,3336.0,3336.48,351007.0093,1
1788073500000,105.24,105.27,105.17,105.17,1063.0,1063.01,111800.7519,1
1788073800000,105.17,105.28,105.17,105.28,170.0,170.16,17908.0077,1
1788074100000,105.28,105.28,105.16,105.16,64.0,64.78,6815.4382,1
1788074400000,105.19,105.19,105.08,105.08,31.0,31.35,3296.3391,1
1788074700000,105.08,105.12,105.05,105.08,161.0,161.85,17006.5297,1
1788075000000,105.08,105.11,104.98,104.98,224.0,224.11,23533.3078,1
1788075300000,105.0,105.01,104.92,104.95,354.0,354.15,37168.987,1
1788075600000,104.93,104.95,104.79,104.83,153.0,153.72,16119.5763,1
1788075900000,104.83,104.83,104.66,104.76,609.0,609.54,63845.8117,1
1788076200000,104.76,104.94,104.75,104.94,558.0,558.09,58517.2294,1
1788076500000,104.94,104.94,104.78,104.78,247.0,247.0,25901.16,1
1788076800000,104.77,104.88,104.73,104.88,451.0,451.84,47336.9065,1
1788077100000,104.88,104.95,104.88,104.93,82.0,82.71,8677.7519,1
1788077400000,104.93,104.93,104.79,104.81,299.0,299.58,31396.9086,1
1788077700000,104.81,105.0,104.81,104.98,223.0,223.08,23407.6952,1
1788078000000,104.98,105.02,104.87,104.91,208.0,208.81,21918.8289,1
1788078300000,104.91,104.96,104.9,104.94,257.0,257.25,26995.6625,1
1788078600000,104.94,104.97,104.92,104.96,178.0,178.01,18678.3895,1
1788078900000,104.95,104.97,104.82,104.82,154.0,154.91,16251.1253,1
1788079200000,104.82,104.82,104.66,104.74,294.0,294.93,30883.7724,1
1788079500000,104.71,104.71,104.42,104.51,1674.0,1674.06,175041.6029,1
1788079800000,104.51,104.65,104.51,104.64,183.0,183.75,19217.6849,1
1788080100000,104.68,104.74,104.67,104.72,69.0,69.41,7266.7442,1
1788080400000,104.68,104.84,104.67,104.8,35.0,35.99,3771.7406,1
1788080700000,104.8,104.8,104.76,104.77,112.0,112.44,11779.767,1
1788081000000,104.77,104.84,104.77,104.84,50.0,50.12,5253.8502,1
1788081300000,104.82,104.83,104.76,104.81,3195.0,3195.72,334975.154,1
1788081600000,104.81,104.88,104.64,104.67,134.0,134.71,14116.495,1
1788081900000,104.68,104.68,104.45,104.45,3239.0,3239.45,338628.4725,1
1788082200000,104.48,104.67,104.48,104.61,2258.0,2258.89,236242.1903,1
1788082500000,104.61,104.64,104.53,104.53,205.0,205.07,21444.323,1
1788082800000,104.53,104.65,104.42,104.61,72.0,72.21,7551.3045,1
1788083100000,104.64,104.69,104.55,104.55,387.0,387.63,40568.6649,1
1788083400000,104.53,104.58,104.52,104.54,239.0,239.95,25086.2018,1
1788083700000,104.54,104.6,104.54,104.55,336.0,336.03,35146.3873,1
1788084000000,104.55,104.55,104.46,104.46,1285.0,1285.2,134321.343,1
1788084300000,104.46,104.68,104.45,104.68,1425.0,1425.74,149145.1264,1
1788084600000,104.68,104.74,104.53,104.53,2017.0,2017.48,211150.5158,1
1788084900000,104.53,104.58,104.5,104.58,121.0,121.93,12747.5574,1
1788085200000,104.58,104.81,104.58,104.81,197.0,197.18,20645.0385,1
1788085500000,104.81,104.94,104.76,104.78,2795.0,2795.78,293195.8981,1
1788085800000,104.82,104.91,104.8,104.83,1268.0,1268.46,132987.095,1
1788086100000,104.83,104.89,104.81,104.83,107.0,107.82,11305.553,1
1788086400000,104.83,105.0,104.82,104.98,102.0,102.08,10713.8836,1
1788086700000,104.98,105.15,104.98,105.12,4262.0,4262.21,447924.4999,1
1788087000000,105.08,105.15,105.06,105.11,653.0,653.36,68674.8654,1
1788087300000,105.11,105.16,105.05,105.05,330.0,330.69,34759.0374,1
1788087600000,105.07,105.19,105.07,105.16,1238.0,1238.21,130170.3934,1
1788087900000,105.16,105.28,105.16,105.22,532.0,532.38,56013.7048,1
1788088200000,105.22,105.22,105.04,105.18,306.0,306.47,32205.4939,1
1788088500000,105.15,105.15,105.07,105.1,1857.0,1857.29,195233.3305,1
1788088800000,105.1,105.15,105.05,105.09,1805.0,1805.5,189830.15,1
1788089100000,105.09,105.18,105.07,105.18,550.0,550.88,57922.1096,1
1788089400000,105.19,105.2,105.08,105.08,881.0,881.27,92625.2418,1
1788089700000,105.08,105.08,104.88,104.97,538.0,538.79,56556.9288,1
1788090000000,104.97,105.11,104.97,105.0,474.0,474.6,49866.011,1
1788090300000,105.0,105.06,104.95,104.95,96.0,96.69,10153.4984,1
1788090600000,104.95,104.98,104.91,104.96,150.0,150.71,15813.9114,1
1788090900000,104.97,105.06,104.96,105.05,339.0,339.6,35664.959,1
1788091200000,105.05,105.24,105.04,105.22,1776.0,1776.38,186723.7612,1
1788091500000,105.24,105.74,105.24,105.74,4383.0,4383.48,462248.2982,1
1788091800000,105.7,105.77,105.57,105.69,1707.0,1707.14,180382.0188,1
1788092100000,105.68,105.68,105.33,105.33,1233.0,1233.94,130083.4215,1
1788092400000,105.32,105.39,105.25,105.3,1362.0,1362.42,143428.1294,1
1788092700000,105.3,105.41,105.19,105.39,1488.0,1488.48,156682.8721,1
1788093000000,105.4,105.56,105.26,105.29,526.0,526.23,55462.3887,1
1788093300000,105.29,105.37,105.2,105.33,615.0,615.91,64837.1414,1
1788093600000,105.36,105.59,105.29,105.48,512.0,512.9,54071.7329,1
1788093900000,105.5,105.6,105.41,105.43,581.0,581.77,61395.2711,1
1788094200000,105.4,105.55,105.36,105.54,255.0,255.4,26940.4312,1
1788094500000,105.53,106.12,105.49,106.04,3499.0,3499.29,370756.0516,1
1788094800000,106.05,106.19,105.89,106.08,2669.0,2669.99,282993.3587,1
1788095100000,106.05,106.05,105.9,105.93,549.0,549.2,58205.6565,1
1788095400000,105.94,106.03,105.83,105.96,688.0,688.52,72934.7601,1
1788095700000,105.98,106.25,105.89,106.09,3018.0,3018.71,320220.7038,1
1788096000000,106.09,106.35,106.07,106.3,1489.0,1489.56,158241.9215,1
1788096300000,106.3,106.33,106.22,106.29,3029.0,3029.75,321991.943,1
1788096600000,106.34,106.89,106.21,106.5,4292.0,4292.35,457704.4374,1
1788096900000,106.51,106.96,106.44,106.77,2231.0,2231.99,238195.5108,1
1788097200000,106.78,107.14,106.65,106.97,2566.0,2566.32,274295.0344,1
1788097500000,106.96,107.32,106.94,107.23,17739.0,17739.17,1901668.706,1
1788097800000,107.27,107.39,106.97,107.14,14348.0,14348.65,1539193.0318,1
1788098100000,107.17,107.34,107.08,107.08,728.0,728.53,78151.4853,1
1788098400000,107.06,107.19,106.78,106.93,2497.0,2497.88,267125.4405,1
1788098700000,106.94,107.04,106.77,106.96,1158.0,1158.69,123924.3729,1
1788099000000,106.95,107.18,106.92,107.08,642.0,642.88,68809.5769,1
1788099300000,107.08,107.08,106.71,106.71,2086.0,2086.75,222837.8174,1
1788099600000,106.69,106.93,106.67,106.9,871.0,871.77,93087.7094,1
1788099900000,106.9,106.99,106.84,106.87,356.0,356.08,38066.695,1
1788100200000,106.89,106.98,106.75,106.75,988.0,988.77,105685.9857,1
1788100500000,106.76,106.76,106.57,106.65,689.0,689.23,73498.4658,1
1788100800000,106.65,106.84,106.65,106.76,457.0,457.74,48865.1352,1
1788101100000,106.72,106.82,106.61,106.7,1466.0,1466.71,156450.0996,1
1788101400000,106.69,106.81,106.67,106.79,477.0,477.49,50975.0313,1
1788101700000,106.8,106.84,106.65,106.67,417.0,417.67,44595.2762,1
1788102000000,106.69,106.77,106.46,106.46,1680.0,1680.38,179019.4847,1
1788102300000,106.45,106.73,106.45,106.52,1355.0,1355.15,144411.7072,1
1788102600000,106.53,106.53,106.06,106.08,2171.0,2171.73,230932.5266,1
1788102900000,106.04,106.3,105.92,106.17,2287.0,2287.02,242611.9289,1
1788103200000,106.15,106.38,106.15,106.36,965.0,965.21,102558.6283,1
1788103500000,106.36,106.52,106.32,106.35,594.0,594.58,63277.592,1
1788103800000,106.35,106.54,106.35,106.44,459.0,459.84,48932.7499,1
1788104100000,106.47,106.57,106.36,106.45,419.0,419.37,44650.7356,1
1788104400000,106.47,106.48,106.38,106.43,359.0,359.73,38279.7819,1
1788104700000,106.43,106.46,106.26,106.26,1312.0,1312.99,139655.06,1
1788105000000,106.26,106.35,106.17,106.17,1393.0,1393.85,148029.7492,1
1788105300000,106.17,106.21,106.09,106.21,504.0,504.56,53548.2533,1
1788105600000,106.21,106.56,106.08,106.49,666.0,666.02,70819.8411,1
1788105900000,106.47,106.62,106.36,106.37,1357.0,1357.49,144580.4404,1
1788106200000,106.37,106.96,106.25,106.89,6138.0,6138.9,655543.6517,1
1788106500000,106.94,107.07,106.75,106.83,1558.0,1558.48,166637.5361,1
1788106800000,106.82,106.82,106.6,106.73,1157.0,1157.66,123511.6291,1
1788107100000,106.72,106.79,106.49,106.5,2113.0,2113.18,225430.9564,1
1788107400000,106.49,106.72,106.42,106.64,1765.0,1765.74,188294.7588,1
1788107700000,106.67,106.76,106.5,106.52,752.0,752.88,80296.0394,1
1788108000000,106.51,106.78,106.48,106.6,946.0,946.23,100861.227,1
1788108300000,106.62,106.76,106.56,106.6,510.0,510.24,54410.5159,1
1788108600000,106.59,106.73,106.55,106.63,361.0,361.34,38533.4859,1
1788108900000,106.66,106.94,106.62,106.82,795.0,795.43,84968.4209,1
1788109200000,106.81,106.81,106.44,106.6,523.0,523.49,55791.5243,1
1788109500000,106.56,106.56,106.39,106.55,441.0,441.0,46968.7233,1
1788109800000,106.55,106.57,106.47,106.53,1058.0,1058.53,112743.1819,1
1788110100000,106.53,106.53,106.12,106.22,1947.0,1947.16,206931.4729,1
1788110400000,106.19,106.21,105.09,105.53,9336.0,9336.23,987975.6934,1
1788110700000,105.52,105.81,105.4,105.79,2262.0,2262.58,238909.4984,1
1788111000000,105.77,105.89,105.6,105.88,459.0,459.65,48625.3573,1
1788111300000,105.89,105.99,105.86,105.96,1124.0,1124.13,119044.5935,1
1788111600000,105.99,106.07,105.87,106.07,661.0,661.7,70137.9667,1
1788111900000,106.07,106.12,105.99,106.05,893.0,893.48,94755.5933,1
1788112200000,106.05,106.1,105.86,106.03,776.0,776.63,82313.2047,1
1788112500000,105.99,106.34,105.96,106.33,647.0,647.54,68797.4867,1
1788112800000,106.33,106.62,106.24,106.59,2418.0,2418.02,257367.4206,1
1788113100000,106.6,106.6,106.13,106.13,1957.0,1957.05,208104.1033,1
1788113400000,106.13,106.2,105.99,106.2,472.0,472.11,50067.6917,1
1788113700000,106.2,106.38,106.17,106.38,1031.0,1031.77,109649.4551,1
1788114000000,106.43,106.5,106.32,106.4,2365.0,2365.35,251660.4238,1
1788114300000,106.44,106.75,106.44,106.71,540.0,540.69,57634.0489,1
1788114600000,106.72,106.81,106.66,106.7,1503.0,1503.3,160479.8065,1
1788114900000,106.73,106.78,106.59,106.66,439.0,439.61,46907.5063,1
1788115200000,106.66,106.71,106.57,106.69,2288.0,2288.52,244109.5826,1
1788115500000,106.69,106.69,106.51,106.61,968.0,968.39,103240.4337,1
1788115800000,106.59,106.63,106.47,106.55,811.0,811.64,86471.0922,1
1788116100000,106.55,106.77,106.54,106.62,797.0,797.71,85029.7021,1
1788116400000,106.62,106.65,106.48,106.49,735.0,735.08,78348.3522,1
1788116700000,106.49,106.58,106.35,106.54,253.0,253.5,26985.7855,1
1788117000000,106.54,106.74,106.53,106.74,650.0,650.59,69355.0362,1
1788117300000,106.74,106.75,106.5,106.53,317.0,317.1,33808.9064,1
1788117600000,106.5,106.5,106.21,106.21,788.0,788.25,83775.4169,1
1788117900000,106.22,106.24,106.19,106.2,206.0,206.25,21906.0214,1
1788118200000,106.15,106.33,106.08,106.16,348.0,348.44,36994.4165,1
1788118500000,106.14,106.18,105.69,105.69,1839.0,1839.35,194741.5669,1
1788118800000,105.68,105.82,105.56,105.56,1530.0,1530.78,161818.948,1
1788119100000,105.57,105.64,105.39,105.44,600.0,600.86,63400.273,1
1788119400000,105.44,105.56,105.42,105.53,197.0,197.46,20831.0353,1
1788119700000,105.54,105.74,105.54,105.72,2774.0,2774.53,293111.6473,1
1788120000000,105.75,105.82,105.68,105.68,1131.0,1131.03,119568.0623,1
1788120300000,105.68,105.79,105.62,105.78,259.0,259.93,27477.6683,1
1788120600000,105.79,105.95,105.75,105.79,436.0,436.6,46202.8296,1
1788120900000,105.77,105.82,105.54,105.66,1093.0,1093.22,115558.9808,1
1788121200000,105.66,105.76,105.61,105.73,1656.0,1656.53,175041.8358,1
1788121500000,105.73,105.78,105.36,105.36,1949.0,1949.67,205515.848,1
1788121800000,105.37,105.38,104.87,105.14,5560.0,5560.26,584222.5135,1
1788122100000,105.14,105.37,105.07,105.08,504.0,504.13,53062.0279,1
1788122400000,105.06,105.07,104.29,104.56,3986.0,3986.35,417529.9026,1
1788122700000,104.6,104.92,104.59,104.91,1590.0,1590.39,166592.1074,1
1788123000000,104.9,105.11,104.9,104.94,6478.0,6478.94,680627.3964,1
1788123300000,104.98,105.0,104.7,104.7,695.0,695.61,72913.8481,1
1788123600000,104.72,104.72,103.22,103.92,20974.0,20974.36,2178814.3914,1
1788123900000,103.9,104.03,103.74,104.03,9525.0,9525.21,989106.5486,1
1788124200000,104.01,104.14,103.81,103.99,866.0,866.98,90162.4112,1
1788124500000,103.99,104.16,103.85,103.98,6731.0,6731.32,700586.9419,1
1788124800000,103.98,104.09,103.85,104.05,2711.0,2711.05,281824.0925,1
1788125100000,104.05,104.23,104.01,104.19,2031.0,2031.24,211563.4995,1
1788125400000,104.19,104.4,104.19,104.38,593.0,593.09,61880.8739,1
1788125700000,104.41,104.47,104.28,104.34,1950.0,1950.18,203519.9372,1
1788126000000,104.35,104.37,104.24,104.32,611.0,611.24,63748.5376,1
1788126300000,104.31,104.32,104.14,104.14,238.0,238.98,24905.5465,1
1788126600000,104.12,104.29,104.1,104.26,431.0,431.26,44955.9504,1
1788126900000,104.28,104.4,104.28,104.39,366.0,366.0,38199.4851,1
1788127200000,104.44,104.69,104.19,104.54,3369.0,3369.72,352446.0007,1
1788127500000,104.61,104.62,104.23,104.24,1190.0,1190.49,124351.1202,1
1788127800000,104.24,104.24,103.91,103.94,1253.0,1253.51,130431.3545,1
1788128100000,103.92,103.92,103.51,103.84,3239.0,3239.08,335845.4177,1
1788128400000,103.84,103.88,103.38,103.5,1307.0,1307.87,135471.4047,1
1788128700000,103.49,103.61,103.4,103.59,3047.0,3047.6,315468.6688,1
1788129000000,103.57,103.6,103.27,103.46,1056.0,1056.77,109342.5077,1
1788129300000,103.42,103.64,103.36,103.63,1401.0,1401.39,145098.9415,1
1788129600000,103.67,103.85,103.61,103.65,1184.0,1184.96,122955.2878,1
1788129900000,103.62,103.69,103.56,103.65,1027.0,1027.41,106469.7586,1
1788130200000,103.66,103.77,103.58,103.74,854.0,854.47,88555.9956,1
1788130500000,103.73,103.86,103.67,103.74,1484.0,1484.59,154006.2784,1
1788130800000,103.73,103.73,103.46,103.46,1085.0,1085.63,112435.4254,1
1788131100000,103.46,103.6,103.42,103.53,463.0,463.29,47946.4475,1
1788131400000,103.47,103.59,103.41,103.47,1400.0,1400.11,144875.759,1
1788131700000,103.48,103.55,102.76,103.34,5670.0,5670.26,584737.704,1
1788132000000,103.34,103.42,102.27,102.42,12931.0,12931.14,1331234.112,1
1788132300000,102.42,102.66,101.16,101.68,18206.0,18206.53,1850589.7565,1
1788132600000,101.68,102.14,101.48,101.99,4289.0,4289.63,437413.0359,1
1788132900000,101.99,102.08,101.44,101.5,23874.0,23874.31,2428270.9218,1
1788133200000,101.4,101.66,101.15,101.36,4981.0,4981.77,505670.823,1
1788133500000,101.34,101.4,100.3,100.87,20579.0,20579.86,2070384.5588,1
1788133800000,100.87,101.73,100.87,101.65,14145.0,14145.29,1434706.6767,1
1788134100000,101.64,101.97,101.6,101.7,6056.0,6056.18,616494.6971,1
1788134400000,101.7,101.81,101.06,101.8,8915.0,8915.51,903822.0948,1
1788134700000,101.8,101.87,101.13,101.13,3641.0,3641.49,369932.9593,1
1788135000000,101.16,101.67,101.13,101.64,9925.0,9925.26,1004990.7852,1
1788135300000,101.7,102.09,101.68,102.07,9058.0,9058.66,923993.6494,1
1788135600000,102.05,102.31,102.05,102.24,2214.0,2214.49,226318.3626,1
1788135900000,102.23,102.26,102.05,102.07,905.0,905.35,92474.4898,1
1788136200000,102.06,102.19,101.98,102.17,3975.0,3975.16,405569.1216,1
1788136500000,102.24,102.53,102.24,102.35,5682.0,5682.53,581596.7239,1
1788136800000,102.34,102.47,102.28,102.28,549.0,549.48,56236.21,1
1788137100000,102.27,102.28,102.09,102.16,499.0,499.02,50993.4796,1
1788137400000,102.16,102.28,102.14,102.23,663.0,663.09,67760.596,1
1788137700000,102.23,102.27,102.05,102.07,612.0,612.5,62554.2374,1
1788138000000,102.07,102.17,101.75,101.75,3906.0,3906.78,398016.8872,1
1788138300000,101.76,101.78,101.53,101.55,1851.0,1851.46,188213.4426,1
1788138600000,101.58,101.73,101.45,101.64,1248.0,1248.46,126831.1407,1
1788138900000,101.61,101.85,101.44,101.84,670.0,670.56,68129.2941,1
1788139200000,101.87,102.0,101.68,101.99,833.0,833.07,84857.6486,1
1788139500000,101.96,102.01,101.84,101.93,469.0,469.74,47874.6141,1
1788139800000,101.93,101.94,101.56,101.62,791.0,791.47,80541.8943,1
1788140100000,101.61,102.11,101.59,101.84,3418.0,3418.24,348590.6123,1
1788140400000,101.81,101.97,101.63,101.7,1202.0,1202.53,122443.3325,1
1788140700000,101.67,101.86,101.58,101.68,668.0,668.83,68000.4696,1
1788141000000,101.67,101.7,101.47,101.47,438.0,438.67,44582.6156,1
1788141300000,101.47,101.59,101.33,101.42,1740.0,1740.09,176473.5229,1
1788141600000,101.44,101.6,101.27,101.56,8091.0,8091.03,820285.7391,1
1788141900000,101.56,101.79,101.54,101.76,6767.0,6767.16,688147.6557,1
1788142200000,101.77,102.29,101.77,102.16,4070.0,4070.03,415245.9657,1
1788142500000,102.16,102.19,101.93,101.94,1143.0,1143.66,116731.1913,1
1788142800000,101.93,102.0,101.87,101.93,357.0,357.87,36479.4391,1
1788143100000,101.91,102.06,101.88,102.01,349.0,349.17,35597.0585,1
1788143400000,102.01,102.09,101.9,101.9,791.0,791.2,80709.5911,1
1788143700000,101.9,101.94,101.82,101.9,1003.0,1003.56,102233.7968,1
1788144000000,101.9,101.94,101.8,101.86,572.0,572.53,58313.491,1
1788144300000,101.85,101.93,101.67,101.69,3804.0,3804.13,387251.6428,1
1788144600000,101.72,101.73,101.2,101.35,2011.0,2011.2,203904.9473,1
1788144900000,101.33,101.44,101.15,101.38,1175.0,1175.23,118993.7629,1
1788145200000,101.41,101.66,101.23,101.51,2510.0,2510.16,255027.9181,1
1788145500000,101.5,101.69,101.46,101.67,1232.0,1232.56,125188.1392,1
1788145800000,101.67,101.73,101.62,101.65,322.0,322.12,32752.7244,1
1788146100000,101.62,101.78,101.49,101.49,791.0,791.95,80455.9549,1
1788146400000,101.49,101.86,101.49,101.86,3044.0,3044.13,309574.7081,1
1788146700000,101.85,101.85,101.68,101.7,115.0,115.87,11790.1666,1
1788147000000,101.7,101.75,101.63,101.65,513.0,513.74,52241.6377,1
1788147300000,101.72,101.87,101.67,101.84,260.0,260.27,26495.2705,1
1788147600000,101.83,102.07,101.83,102.05,2847.0,2847.99,290454.415,1
1788147900000,102.05,102.14,102.05,102.13,366.0,366.37,37404.1848,1
1788148200000,102.13,102.13,102.02,102.02,182.0,182.69,18646.8144,1
1788148500000,102.01,102.01,101.87,101.9,254.0,254.85,25982.2254,1
1788148800000,101.93,101.93,101.45,101.46,987.0,987.87,100398.7082,1
1788149100000,101.46,101.64,101.37,101.39,910.0,910.48,92379.3073,1
1788149400000,101.39,101.44,101.33,101.36,422.0,422.67,42844.1763,1
1788149700000,101.37,101.38,101.14,101.14,7277.0,7277.01,736656.6947,1
1788150000000,101.18,101.27,100.91,101.07,3186.0,3186.96,322097.4885,1
1788150300000,101.08,101.15,100.82,101.09,916.0,916.66,92562.3399,1
1788150600000,101.04,101.2,100.98,101.16,616.0,616.89,62371.3186,1
1788150900000,101.16,101.35,101.11,101.35,471.0,471.08,47688.9261,1
1788151200000,101.37,101.41,101.22,101.32,705.0,705.36,71443.826,1
1788151500000,101.34,101.39,101.13,101.14,1011.0,1011.91,102460.4293,1
1788151800000,101.21,101.46,101.21,101.45,800.0,800.27,81075.6542,1
1788152100000,101.45,101.5,101.36,101.42,1733.0,1733.01,175805.9057,1
1788152400000,101.41,101.54,101.25,101.54,762.0,762.33,77312.1356,1
1788152700000,101.54,101.61,101.49,101.56,2444.0,2444.75,248265.6056,1
1788153000000,101.5,101.69,101.49,101.63,1275.0,1275.62,129537.9247,1
1788153300000,101.62,102.27,101.62,102.25,15202.0,15202.55,1549382.5773,1
1788153600000,102.28,102.71,102.18,102.68,3550.0,3550.9,363791.5993,1
1788153900000,102.62,102.97,102.45,102.62,3300.0,3300.2,338796.938,1
1788154200000,102.63,102.7,102.5,102.57,826.0,826.54,84803.6085,1
1788154500000,102.59,102.6,102.27,102.32,3631.0,3631.69,371603.7823,1
1788154800000,102.33,102.54,102.32,102.48,1759.0,1759.8,180362.2095,1
1788155100000,102.5,102.64,102.5,102.64,277.0,277.77,28485.7193,1
1788155400000,102.64,102.75,102.54,102.67,377.0,377.51,38753.1882,1
1788155700000,102.67,102.71,102.51,102.61,567.0,567.23,58233.8348,1
1788156000000,102.58,102.74,102.56,102.65,310.0,310.19,31839.1048,1
1788156300000,102.65,102.67,102.31,102.49,19523.0,19523.27,1999171.6803,1
1788156600000,102.51,102.68,102.45,102.56,1471.0,1471.67,151040.8572,1
1788156900000,102.56,102.82,102.56,102.73,3334.0,3334.29,342524.3562,1
1788157200000,102.72,102.72,102.43,102.43,1279.0,1279.62,131158.9412,1
1788157500000,102.41,102.71,102.4,102.66,2382.0,2382.49,244548.3622,1
1788157800000,102.67,102.67,102.45,102.57,280.0,280.91,28811.9894,1
1788158100000,102.56,102.74,102.49,102.74,1200.0,1200.15,123280.4791,1
1788158400000,102.75,102.82,102.7,102.7,784.0,784.83,80654.198,1
1788158700000,102.7,102.78,102.66,102.7,175.0,175.55,18032.96,1
1788159000000,102.71,102.75,102.58,102.74,563.0,563.96,57898.0934,1
1788159300000,102.77,102.77,102.6,102.67,448.0,448.04,46018.6339,1
1788159600000,102.66,102.81,102.6,102.68,632.0,632.93,64991.8899,1
1788159900000,102.67,102.77,102.63,102.72,1288.0,1288.67,132321.9059,1
1788160200000,102.78,102.92,102.77,102.79,2835.0,2835.8,291534.4432,1
1788160500000,102.79,102.96,102.79,102.83,246.0,246.8,25394.2658,1
1788160800000,102.83,102.98,102.78,102.98,262.0,262.94,27052.1117,1
1788161100000,102.98,103.12,102.92,102.93,1379.0,1379.91,142181.9738,1
1788161400000,102.88,102.89,102.67,102.79,528.0,528.4,54301.8337,1
1788161700000,102.79,102.84,102.72,102.82,347.0,347.33,35706.5545,1
1788162000000,102.8,102.96,102.69,102.91,573.0,573.21,58969.8094,1
1788162300000,102.91,102.95,102.81,102.82,3659.0,3659.92,376456.7714,1
1788162600000,102.85,102.89,102.83,102.89,141.0,141.04,14508.3861,1
1788162900000,102.89,102.97,102.88,102.93,351.0,351.86,36206.0987,1
1788163200000,102.88,103.0,102.74,102.75,650.0,650.58,66898.5112,1
1788163500000,102.75,102.75,102.4,102.68,1899.0,1899.26,194629.4193,1
1788163800000,102.68,102.98,102.64,102.74,655.0,655.29,67355.1452,1
1788164100000,102.7,102.72,102.5,102.58,2138.0,2138.92,219458.7888,1
1788164400000,102.55,102.56,102.42,102.53,381.0,381.66,39120.0134,1
1788164700000,102.53,102.7,102.51,102.64,181.0,181.53,18624.597,1
1788165000000,102.67,102.86,102.66,102.8,935.0,935.81,96166.9183,1
1788165300000,102.8,102.89,102.75,102.86,315.0,315.26,32419.6538,1
1788165600000,102.89,103.42,102.85,103.17,4364.0,4364.38,450241.4681,1
1788165900000,103.17,103.26,103.03,103.13,2822.0,2822.08,291102.3655,1
1788166200000,103.12,103.2,103.05,103.15,302.0,302.66,31211.1684,1
1788166500000,103.15,103.25,103.13,103.16,676.0,676.08,69753.3797,1
1788166800000,103.16,103.18,102.99,103.0,1334.0,1334.05,137520.5588,1
1788167100000,102.99,103.41,102.98,103.29,4465.0,4465.97,461176.3245,1
1788167400000,103.26,103.26,102.96,102.97,394.0,394.34,40644.0802,1
1788167700000,102.97,103.14,102.93,103.12,464.0,464.31,47855.3201,1
1788168000000,103.12,103.25,103.08,103.25,537.0,537.88,55505.3557,1
1788168300000,103.25,103.28,103.08,103.09,476.0,476.92,49203.6485,1
1788168600000,103.06,103.26,103.05,103.18,421.0,421.2,43445.8519,1
1788168900000,103.18,103.18,103.05,103.13,608.0,608.1,62715.9555,1
1788169200000,103.14,103.19,103.1,103.12,232.0,232.32,23961.362,1
1788169500000,103.15,103.3,103.12,103.24,1631.0,1631.83,168368.5288,1
1788169800000,103.24,103.24,103.05,103.1,250.0,250.44,25829.0688,1
1788170100000,103.1,103.1,102.97,103.03,1946.0,1946.31,200490.3771,1
1788170400000,103.03,103.05,102.79,102.87,1013.0,1013.43,104258.6474,1
1788170700000,102.88,102.91,102.57,102.74,1129.0,1129.5,116022.4869,1
1788171000000,102.76,103.03,102.72,103.01,485.0,485.8,49998.0363,1
1788171300000,102.98,103.0,102.79,102.82,252.0,252.2,25943.6136,1
1788171600000,102.8,102.86,102.76,102.78,515.0,515.13,52954.9905,1
1788171900000,102.78,102.9,102.75,102.84,469.0,469.78,48313.51,1
1788172200000,102.86,102.86,102.75,102.83,260.0,260.82,26810.2926,1
1788172500000,102.85,103.15,102.85,103.15,424.0,424.85,43764.1873,1
1788172800000,103.14,103.23,103.05,103.19,1612.0,1612.09,166286.3182,1
1788173100000,103.18,103.32,103.15,103.29,1244.0,1244.45,128490.082,1
1788173400000,103.3,104.03,103.23,103.85,3729.0,3729.24,387100.5189,1
1788173700000,103.84,103.89,103.56,103.61,2857.0,2857.52,296218.9235,1
1788174000000,103.61,103.75,103.51,103.51,2463.0,2463.77,255404.9907,1
1788174300000,103.51,103.82,103.47,103.74,1370.0,1370.91,142262.6024,1
1788174600000,103.76,104.02,103.75,103.82,381.0,381.04,39582.3659,1
1788174900000,103.89,104.11,103.76,104.08,460.0,460.71,47893.6561,1
1788175200000,104.09,104.1,103.95,104.05,1261.0,1261.34,131209.6698,1
1788175500000,104.04,104.05,103.83,103.87,1106.0,1106.96,115015.7172,1
1788175800000,103.87,103.87,103.65,103.65,512.0,512.72,53201.0095,1
1788176100000,103.66,103.84,103.65,103.79,510.0,510.46,52946.2901,1
1788176400000,103.81,103.82,103.61,103.62,331.0,331.07,34328.4291,1
1788176700000,103.63,103.72,103.42,103.42,511.0,511.77,53038.1704,1
1788177000000,103.42,103.44,103.28,103.3,827.0,827.72,85561.287,1
1788177300000,103.32,103.38,103.21,103.38,1466.0,1466.62,151570.6473,1
1788177600000,103.34,103.7,103.21,103.7,1558.0,1558.84,161311.8794,1
1788177900000,103.69,103.69,103.39,103.46,798.0,798.03,82635.7279,1
1788178200000,103.48,103.6,103.4,103.49,1613.0,1613.92,166971.4042,1
1788178500000,103.47,103.6,103.28,103.58,807.0,807.4,83499.7727,1
1788178800000,103.53,103.59,103.23,103.23,637.0,637.34,65888.3174,1
1788179100000,103.24,103.27,102.92,103.14,5042.0,5042.25,520195.1923,1
1788179400000,103.14,103.18,102.79,103.12,1049.0,1049.47,108102.6922,1
1788179700000,103.12,103.2,102.76,102.78,2045.0,2045.0,210516.0271,1
1788180000000,102.79,102.84,102.45,102.71,8457.0,8457.01,868233.4344,1
1788180300000,102.73,102.73,102.45,102.46,1049.0,1049.84,107653.5194,1
1788180600000,102.46,102.69,102.46,102.58,1442.0,1442.66,147980.3859,1
1788180900000,102.57,102.71,102.48,102.71,413.0,413.33,42416.7253,1
1788181200000,102.72,103.01,102.71,102.78,6100.0,6100.09,627753.0994,1
1788181500000,102.75,102.87,102.75,102.8,505.0,505.56,51983.5746,1
1788181800000,102.78,102.84,102.73,102.8,230.0,230.01,23646.1953,1
1788182100000,102.79,102.88,102.58,102.64,5992.0,5992.85,615780.2056,1
1788182400000,102.63,102.83,102.6,102.7,362.0,362.56,37226.1129,1
1788182700000,102.64,102.78,102.56,102.68,1125.0,1125.64,115535.0781,1
1788183000000,102.68,102.96,102.51,102.69,3111.0,3111.3,319533.6645,1
1788183300000,102.67,102.81,102.32,102.77,4676.0,4676.43,479541.1269,1
1788183600000,102.76,102.89,102.48,102.49,3491.0,3491.62,358226.7923,1
1788183900000,102.48,102.6,102.14,102.42,3057.0,3057.39,313107.289,1
1788184200000,102.39,102.45,102.11,102.34,1872.0,1872.34,191437.5132,1
1788184500000,102.35,102.58,102.27,102.31,37174.0,37174.55,3808718.3352,1
1788184800000,102.33,102.65,102.29,102.51,1069.0,1069.13,109541.6289,1
1788185100000,102.5,102.64,102.25,102.56,1404.0,1404.42,143937.1165,1
1788185400000,102.53,102.61,102.32,102.4,1200.0,1200.01,122917.3549,1
1788185700000,102.36,102.63,102.26,102.63,1376.0,1376.19,140973.6232,1
1788186000000,102.59,102.72,102.27,102.27,1159.0,1159.51,118765.6752,1
1788186300000,102.25,102.55,102.16,102.55,799.0,799.86,81830.3409,1
1788186600000,102.53,102.69,102.31,102.31,1205.0,1205.75,123646.3312,1
1788186900000,102.31,102.84,102.31,102.74,3246.0,3246.52,333421.5179,1
1788187200000,102.75,103.6,102.75,103.45,5048.0,5048.48,521855.094,1
1788187500000,103.44,103.87,103.34,103.44,4053.0,4053.16,419350.413,1
1788187800000,103.43,103.44,103.14,103.3,911.0,911.85,94184.7119,1
1788188100000,103.31,103.65,103.18,103.44,2312.0,2312.6,239318.0536,1
1788188400000,103.49,103.61,103.32,103.37,2071.0,2071.44,214377.757,1
1788188700000,103.36,103.52,103.27,103.41,753.0,753.56,77895.9081,1
1788189000000,103.38,103.38,102.88,102.89,1717.0,1717.0,176924.8895,1
1788189300000,102.91,103.11,102.75,102.88,980.0,980.8,100940.6259,1
1788189600000,102.87,103.18,102.8,103.11,952.0,952.17,98126.3871,1
1788189900000,103.11,103.33,102.93,103.22,960.0,960.12,99065.886,1
1788190200000,103.18,103.32,103.04,103.06,744.0,744.63,76840.9748,1
1788190500000,103.02,103.13,102.95,103.04,609.0,609.91,62834.7229,1
1788190800000,103.02,103.45,102.98,103.36,894.0,894.11,92320.8672,1
1788191100000,103.34,103.4,103.01,103.08,536.0,536.13,55306.2441,1
1788191400000,103.06,103.09,102.77,102.9,670.0,670.21,68987.8,1
1788191700000,102.88,102.92,102.72,102.83,504.0,504.26,51842.285,1
1788192000000,102.83,103.0,102.64,102.83,901.0,901.6,92661.2787,1
1788192300000,102.83,102.93,102.62,102.66,619.0,619.38,63670.298,1
1788192600000,102.64,102.9,102.51,102.56,1629.0,1629.43,167413.2064,1
1788192900000,102.6,102.82,102.39,102.73,1992.0,1992.19,204248.1727,1
1788193200000,102.75,102.75,102.43,102.43,840.0,840.54,86217.5832,1
1788193500000,102.44,102.56,102.39,102.55,337.0,337.57,34596.2193,1
1788193800000,102.56,102.74,102.43,102.53,529.0,529.19,54267.3789,1
1788194100000,102.54,102.73,102.54,102.63,1114.0,1114.81,114408.8532,1
1788194400000,102.64,102.95,102.6,102.94,1257.0,1257.73,129330.2431,1
1788194700000,102.94,103.06,102.77,102.95,1008.0,1008.4,103819.595,1
1788195000000,102.93,102.97,102.81,102.91,683.0,683.86,70348.5727,1
1788195300000,102.96,103.29,102.77,102.77,1363.0,1363.37,140475.1881,1
1788195600000,102.76,102.93,102.75,102.79,385.0,385.79,39660.6936,1
1788195900000,102.79,102.89,102.77,102.83,335.0,335.91,34538.045,1
1788196200000,102.88,103.15,102.87,103.02,1247.0,1247.73,128462.2117,1
1788196500000,103.01,103.02,102.7,102.85,1541.0,1541.42,158433.9078,1
1788196800000,102.86,102.99,102.8,102.83,882.0,882.76,90813.4964,1
1788197100000,102.8,102.84,102.58,102.7,1272.0,1272.57,130644.8516,1
1788197400000,102.72,102.98,102.72,102.92,457.0,457.28,47010.009,1
1788197700000,102.93,103.3,102.84,103.27,4786.0,4786.12,494165.8015,1
1788198000000,103.3,103.58,103.28,103.47,1575.0,1575.5,163034.8119,1
1788198300000,103.48,103.74,103.48,103.6,1709.0,1709.25,177031.1048,1
1788198600000,103.62,103.74,103.59,103.69,569.0,569.53,59029.9059,1
1788198900000,103.7,103.72,103.57,103.57,271.0,271.49,28140.3462,1
1788199200000,103.59,103.61,103.37,103.4,2362.0,2362.4,244495.5233,1
1788199500000,103.4,103.52,103.37,103.52,261.0,261.54,27055.6688,1
1788199800000,103.52,103.64,103.45,103.63,946.0,946.75,98083.5647,1
1788200100000,103.66,104.06,103.64,103.98,2116.0,2116.66,219704.0555,1
1788200400000,103.98,104.01,103.57,103.58,1540.0,1540.88,159955.2144,1
1788200700000,103.57,103.81,103.53,103.73,585.0,585.57,60682.9342,1
1788201000000,103.71,103.89,103.69,103.89,216.0,216.33,22453.6231,1
1788201300000,103.9,104.57,103.88,104.45,3642.0,3642.57,379739.2592,1
1788201600000,104.42,105.05,104.36,104.94,29661.0,29661.58,3112029.3756,1
1788201900000,104.93,104.93,104.33,104.39,6578.0,6578.94,688077.3277,1
1788202200000,104.39,104.46,104.22,104.31,17667.0,17667.44,1842622.9588,1
1788202500000,104.29,104.68,104.29,104.43,3946.0,3946.74,412488.8912,1
1788202800000,104.41,104.7,104.41,104.47,970.0,970.14,101390.2878,1
1788203100000,104.47,104.63,104.44,104.54,988.0,988.43,103322.6922,1
1788203400000,104.53,104.63,104.38,104.44,1048.0,1048.59,109588.1335,1
1788203700000,104.43,104.43,104.06,104.06,10725.0,10725.88,1116623.9415,1
1788204000000,104.05,104.13,103.9,104.1,11543.0,11543.37,1200242.8121,1
1788204300000,104.1,104.1,103.9,104.07,478.0,478.52,49766.0191,1
1788204600000,104.06,104.06,103.82,103.96,707.0,707.74,73531.1273,1
1788204900000,103.98,104.02,103.8,103.84,993.0,993.11,103151.9472,1
1788205200000,103.84,103.85,103.61,103.61,17450.0,17450.71,1809688.3292,1
1788205500000,103.62,103.75,103.59,103.75,5465.0,5465.29,566253.3201,1
1788205800000,103.77,103.82,103.59,103.62,942.0,942.23,97706.9901,1
1788206100000,103.61,103.7,103.5,103.55,5842.0,5842.69,605096.0894,1
1788206400000,103.57,103.75,103.53,103.72,10896.0,10896.01,1129013.9746,1
1788206700000,103.7,103.7,103.6,103.65,3345.0,3345.17,346806.2062,1
1788207000000,103.65,103.74,103.61,103.74,1056.0,1056.68,109551.8149,1
1788207300000,103.74,104.13,103.74,104.09,1352.0,1352.39,140694.8337,1
1788207600000,104.09,104.23,104.09,104.17,1660.0,1660.82,173043.5833,1
1788207900000,104.17,104.17,103.92,103.96,1805.0,1805.53,187788.5199,1
1788208200000,103.97,104.06,103.75,103.75,623.0,623.16,64759.6931,1
1788208500000,103.75,103.77,103.54,103.55,669.0,669.07,69340.8914,1
1788208800000,103.58,103.74,103.57,103.68,410.0,410.16,42507.7255,1
1788209100000,103.68,103.82,103.56,103.56,565.0,565.56,58648.412,1
1788209400000,103.56,103.73,103.48,103.73,563.0,563.0,58330.9228,1
1788209700000,103.72,103.78,103.55,103.68,1050.0,1050.31,108916.8897,1
1788210000000,103.68,103.71,103.24,103.49,5397.0,5397.35,558142.9384,1
1788210300000,103.48,103.58,103.28,103.57,1224.0,1224.8,126760.1083,1
1788210600000,103.53,103.53,103.33,103.38,504.0,504.99,52196.7525,1
1788210900000,103.37,103.39,103.23,103.23,543.0,543.88,56208.4319,1
1788211200000,103.23,103.41,103.17,103.33,964.0,964.34,99622.6911,1
1788211500000,103.33,103.61,103.23,103.61,559.0,559.62,57859.9362,1
1788211800000,103.61,103.83,103.61,103.73,1707.0,1707.06,177148.7956,1
1788212100000,103.73,103.85,103.71,103.71,1407.0,1407.59,146085.3504,1
1788212400000,103.75,103.88,103.73,103.76,459.0,459.56,47693.8559,1
1788212700000,103.78,103.91,103.77,103.86,1249.0,1249.71,129782.4657,1
1788213000000,103.83,103.87,103.57,103.57,1677.0,1677.66,174070.1631,1
1788213300000,103.58,103.64,103.57,103.6,109.0,109.12,11305.1828,1
1788213600000,103.64,103.74,103.39,103.39,745.0,745.13,77179.1809,1
1788213900000,103.43,103.53,103.4,103.47,191.0,191.11,19773.8668,1
1788214200000,103.44,103.52,103.37,103.37,145.0,145.71,15070.8053,1
1788214500000,103.37,103.37,103.28,103.28,217.0,217.87,22512.934,1
1788214800000,103.28,103.29,103.24,103.26,221.0,221.66,22892.2138,1
1788215100000,103.26,103.33,103.24,103.29,411.0,411.87,42537.7231,1
1788215400000,103.29,103.33,103.25,103.33,356.0,356.91,36871.2679,1
1788215700000,103.28,103.31,103.23,103.27,82.0,82.76,8545.8085,1
1788216000000,103.27,103.28,103.19,103.23,472.0,472.08,48727.3166,1
1788216300000,103.2,103.2,103.08,103.08,187.0,187.78,19365.479,1
1788216600000,103.11,103.22,103.1,103.2,797.0,797.66,82310.2519,1
1788216900000,103.2,103.23,103.14,103.15,527.0,527.35,54419.7078,1
1788217200000,103.15,103.15,102.85,102.9,2366.0,2366.7,243766.1311,1
1788217500000,102.91,103.09,102.91,103.09,664.0,664.57,68476.1221,1
1788217800000,103.09,103.09,102.97,102.99,509.0,509.66,52508.106,1
1788218100000,103.0,103.09,102.99,103.09,466.0,466.29,48037.7606,1
1788218400000,103.09,103.11,103.03,103.04,240.0,240.48,24780.3704,1
1788218700000,103.04,103.15,103.01,103.15,417.0,417.29,43014.6726,1
1788219000000,103.15,103.15,103.0,103.04,82.0,82.02,8452.4786,1
1788219300000,103.04,103.05,102.96,103.01,240.0,240.34,24756.9226,1
1788219600000,103.01,103.05,102.94,102.94,70.0,70.52,7264.0824,1
1788219900000,102.93,102.96,102.89,102.95,104.0,104.2,10724.9956,1
1788220200000,102.95,102.98,102.95,102.95,123.0,123.43,12709.1962,1
1788220500000,102.95,103.0,102.94,103.0,186.0,186.2,19173.834,1
1788220800000,103.0,103.03,102.9,103.02,543.0,543.81,56006.5984,1
1788221100000,103.03,103.14,103.02,103.13,327.0,327.37,33751.6811,1
1788221400000,103.14,103.22,103.12,103.18,1112.0,1112.3,114749.9468,1
1788221700000,103.18,103.4,103.18,103.34,1970.0,1970.05,203618.2779,1
1788222000000,103.33,103.44,103.33,103.44,1987.0,1987.77,205532.6365,1
1788222300000,103.44,103.47,103.34,103.35,549.0,549.58,56839.5606,1
1788222600000,103.35,103.42,103.23,103.3,880.0,880.85,90996.4303,1
1788222900000,103.36,103.41,103.27,103.27,178.0,178.08,18399.9388,1
1788223200000,103.27,103.28,103.16,103.23,265.0,265.35,27390.0522,1
1788223500000,103.24,103.39,103.23,103.39,303.0,303.36,31334.3498,1
1788223800000,103.41,103.42,103.15,103.15,231.0,231.71,23927.0539,1
1788224100000,103.15,103.15,103.0,103.14,614.0,614.02,63302.9732,1
1788224400000,103.14,103.22,103.02,103.21,372.0,372.2,38384.002,1
1788224700000,103.21,103.48,103.19,103.23,673.0,673.2,69556.1512,1
1788225000000,103.23,103.23,102.93,102.97,645.0,645.32,66475.8677,1
1788225300000,102.97,103.15,102.92,103.13,289.0,289.02,29771.9466,1
1788225600000,103.13,103.13,103.02,103.02,211.0,211.97,21852.8358,1
1788225900000,103.0,103.01,102.68,102.91,1693.0,1693.99,174187.5293,1
1788226200000,102.9,103.05,102.77,103.05,409.0,409.8,42158.6756,1
1788226500000,103.03,103.18,103.03,103.18,213.0,213.2,21981.5708,1
1788226800000,103.17,103.41,103.17,103.34,279.0,279.06,28824.0586,1
1788227100000,103.37,103.49,103.26,103.37,10261.0,10261.66,1061603.5517,1
1788227400000,103.37,103.39,103.22,103.22,5346.0,5346.98,552527.1661,1
1788227700000,103.2,103.22,103.1,103.19,293.0,293.24,30245.063,1
1788228000000,103.17,103.17,102.94,103.08,424.0,424.71,43778.6589,1
1788228300000,103.11,103.14,102.98,103.03,807.0,807.76,83240.7779,1
1788228600000,103.03,103.05,102.75,102.99,418.0,418.53,43076.3337,1
1788228900000,103.0,103.05,102.93,102.98,289.0,289.55,29815.8352,1
1788229200000,102.98,103.14,102.98,103.14,247.0,247.48,25507.8454,1
1788229500000,103.14,103.24,103.04,103.05,414.0,414.46,42734.8173,1
1788229800000,103.08,103.25,103.06,103.12,309.0,309.1,31887.071,1
1788230100000,103.1,103.11,103.02,103.04,227.0,227.78,23476.4916,1
1788230400000,103.04,103.14,103.0,103.01,95.0,95.47,9839.0295,1
1788230700000,103.01,103.3,103.01,103.27,231.0,231.91,23921.19,1
1788231000000,103.27,103.32,103.25,103.31,137.0,137.61,14213.5554,1
1788231300000,103.3,103.37,103.26,103.34,213.0,213.27,22034.4268,1
1788231600000,103.33,103.33,103.23,103.29,325.0,325.8,33641.2342,1
1788231900000,103.32,103.38,103.23,103.3,383.0,383.75,39642.1324,1
1788232200000,103.3,103.37,103.23,103.36,301.0,301.15,31110.6585,1
1788232500000,103.36,103.49,103.34,103.49,236.0,236.76,24480.7284,1
1788232800000,103.49,103.5,103.36,103.36,165.0,165.27,17096.4477,1
1788233100000,103.36,103.47,103.28,103.46,445.0,445.47,46057.1858,1
1788233400000,103.46,103.87,103.43,103.86,1364.0,1364.15,141467.8206,1
1788233700000,103.86,104.13,103.83,103.98,1969.0,1969.01,204776.3729,1
1788234000000,104.0,104.01,103.86,103.86,801.0,801.2,83292.1509,1
1788234300000,103.85,103.85,103.64,103.66,1072.0,1072.96,111305.4142,1
1788234600000,103.66,103.67,103.57,103.62,309.0,309.03,32022.8286,1
1788234900000,103.62,103.64,103.56,103.59,206.0,206.2,21363.5016,1
1788235200000,103.58,103.7,103.58,103.58,156.0,156.24,16190.0197,1
1788235500000,103.59,103.69,103.53,103.69,466.0,466.19,48317.9844,1
1788235800000,103.7,103.73,103.59,103.65,2012.0,2012.37,208574.5943,1
1788236100000,103.69,103.85,103.68,103.79,215.0,215.52,22368.304,1
1788236400000,103.79,103.95,103.79,103.89,192.0,192.14,19957.5997,1
1788236700000,103.89,104.01,103.78,103.79,797.0,797.02,82836.3426,1
1788237000000,103.78,103.86,103.78,103.78,386.0,386.84,40164.9934,1
1788237300000,103.77,103.81,103.73,103.74,148.0,148.47,15405.4042,1
1788237600000,103.74,103.83,103.7,103.76,152.0,152.49,15819.3997,1
1788237900000,103.76,103.76,103.65,103.74,1009.0,1009.15,104648.8539,1
1788238200000,103.75,103.75,103.57,103.61,347.0,347.15,35977.477,1
1788238500000,103.61,103.62,103.46,103.49,314.0,314.18,32521.9301,1
1788238800000,103.56,103.9,103.54,103.9,793.0,793.46,82379.0237,1
1788239100000,103.91,104.03,103.87,103.97,403.0,403.77,41973.9431,1
1788239400000,103.97,103.99,103.77,103.77,1233.0,1233.65,128154.063,1
1788239700000,103.77,103.91,103.77,103.78,1731.0,1731.28,179736.138,1
1788240000000,103.77,103.78,103.7,103.74,1180.0,1180.75,122504.9019,1
1788240300000,103.74,103.93,103.74,103.92,3445.0,3445.77,357873.7098,1
1788240600000,103.94,104.15,103.89,104.13,2033.0,2033.65,211739.6609,1
1788240900000,104.08,104.14,103.99,104.01,2745.0,2745.32,285663.3928,1
1788241200000,103.99,104.21,103.88,104.21,2211.0,2211.89,230432.4162,1
1788241500000,104.21,104.31,104.14,104.3,1494.0,1494.36,155676.9131,1
1788241800000,104.28,104.29,104.13,104.24,2293.0,2293.59,239033.0122,1
1788242100000,104.24,104.3,104.15,104.25,263.0,263.34,27446.0913,1
1788242400000,104.24,104.24,104.15,104.18,426.0,426.09,44391.395,1
1788242700000,104.21,104.22,103.98,103.98,252.0,252.37,26266.306,1
1788243000000,103.99,104.08,103.93,104.08,464.0,464.75,48327.8661,1
1788243300000,104.09,104.09,103.83,103.86,133.0,133.94,13920.2231,1
1788243600000,103.89,103.9,103.67,103.71,501.0,501.94,52077.732,1
1788243900000,103.71,103.93,103.69,103.84,693.0,693.9,72000.6354,1
1788244200000,103.84,104.01,103.84,103.95,314.0,314.48,32692.1761,1
1788244500000,103.97,103.97,103.78,103.88,174.0,174.12,18083.4435,1
1788244800000,103.88,103.89,103.77,103.78,179.0,179.02,18585.4274,1
1788245100000,103.78,103.79,103.64,103.7,207.0,207.23,21489.6406,1
1788245400000,103.69,103.7,103.56,103.56,651.0,651.15,67456.8884,1
1788245700000,103.56,103.56,103.32,103.33,987.0,987.22,102079.4304,1
1788246000000,103.32,103.43,103.27,103.42,412.0,412.56,42640.1631,1
1788246300000,103.42,103.49,103.35,103.41,234.0,234.4,24240.7599,1
1788246600000,103.41,103.41,103.25,103.29,166.0,166.75,17224.6247,1
1788246900000,103.33,103.38,103.26,103.36,252.0,252.59,26099.4167,1
1788247200000,103.36,103.49,103.26,103.43,402.0,402.59,41619.9055,1
1788247500000,103.43,103.47,103.21,103.26,284.0,284.96,29435.8459,1
1788247800000,103.28,103.28,103.17,103.19,1168.0,1168.98,120664.6016,1
1788248100000,103.17,103.2,102.75,102.88,12568.0,12568.07,1293776.3136,1
1788248400000,102.84,102.98,102.81,102.97,1791.0,1791.35,184303.9206,1
1788248700000,102.98,103.13,102.93,103.09,1300.0,1300.03,133925.7025,1
1788249000000,103.09,103.18,103.01,103.05,1686.0,1686.02,173844.1412,1
1788249300000,103.05,103.12,103.02,103.07,220.0,220.57,22734.2149,1
1788249600000,103.11,103.12,103.0,103.06,518.0,518.57,53445.4485,1
1788249900000,103.06,103.13,102.52,102.59,1665.0,1665.79,171137.6894,1
1788250200000,102.6,102.67,102.5,102.57,6144.0,6144.85,630456.7819,1
1788250500000,102.59,102.7,102.33,102.58,3664.0,3664.23,375405.3474,1
1788250800000,102.59,102.69,102.44,102.44,1002.0,1002.1,102861.4699,1
1788251100000,102.46,102.49,102.04,102.06,4668.0,4668.49,477037.8389,1
1788251400000,102.07,102.21,101.87,102.18,3647.0,3647.78,372296.2371,1
1788251700000,102.18,102.42,102.16,102.18,640.0,640.87,65527.7753,1
1788252000000,102.17,102.18,101.74,102.11,1484.0,1484.46,151287.8429,1
1788252300000,102.09,102.28,101.95,102.01,592.0,592.13,60479.1537,1
1788252600000,102.04,102.15,101.92,102.09,661.0,661.72,67519.1724,1
1788252900000,102.07,102.15,101.98,102.02,237.0,237.69,24261.2701,1
