ts,open,high,low,close,vol,volCurrency,volCurrencyQuote,confirm
1781881200000,0.22053,0.22229,0.22037,0.2221,9466.0,946630.0,209641.5088,1
1781884800000,0.22207,0.22373,0.21963,0.21981,18098.0,1809890.0,401219.8483,1
1781888400000,0.21963,0.22185,0.21962,0.2212,8673.0,867380.0,191222.7149,1
1781892000000,0.22111,0.22221,0.2206,0.22119,6268.0,626890.0,138776.8804,1
1781895600000,0.22113,0.22114,0.21768,0.21823,7216.0,721650.0,158244.595,1
1781899200000,0.21829,0.21907,0.21639,0.21836,6948.0,694870.0,151429.993,1
1781902800000,0.21832,0.21887,0.21677,0.21682,4628.0,462870.0,100827.7353,1
1781906400000,0.21689,0.21863,0.21646,0.21793,4435.0,443520.0,96511.5344,1
1781910000000,0.21799,0.21864,0.21664,0.21798,7257.0,725730.0,157907.8654,1
1781913600000,0.21789,0.21866,0.2147,0.21483,11319.0,1131980.0,245269.9409,1
1781917200000,0.21483,0.21529,0.21176,0.21301,12997.0,1299790.0,276720.8586,1
1781920800000,0.21298,0.21298,0.2107,0.21172,7755.0,775560.0,164043.5464,1
1781924400000,0.2117,0.21267,0.21112,0.21171,4456.0,445690.0,94540.2272,1
1781928000000,0.2116,0.21348,0.2114,0.21341,6629.0,662950.0,141214.3421,1
1781931600000,0.21344,0.21744,0.21344,0.21741,7495.0,749540.0,161801.8461,1
1781935200000,0.21745,0.218,0.21613,0.21631,4243.0,424380.0,92196.2624,1
1781938800000,0.21635,0.21683,0.2144,0.21577,6818.0,681800.0,147033.6019,1
1781942400000,0.21577,0.216,0.21463,0.21484,3823.0,382370.0,82359.8634,1
1781946000000,0.21486,0.21777,0.2144,0.21748,4819.0,481990.0,104321.596,1
1781949600000,0.21753,0.21854,0.21656,0.21669,5047.0,504730.0,109702.935,1
1781953200000,0.21669,0.2167,0.21474,0.21489,4687.0,468730.0,101043.3227,1
1781956800000,0.21486,0.21584,0.21423,0.21487,3822.0,382260.0,82194.4862,1
1781960400000,0.21477,0.21511,0.21251,0.21348,8971.0,897100.0,191763.074,1
1781964000000,0.21346,0.21686,0.21139,0.21526,10908.0,1090840.0,233043.857,1
1781967600000,0.21513,0.217,0.21467,0.21551,7582.0,758280.0,163517.6182,1
1781971200000,0.21557,0.21557,0.21287,0.21295,6446.0,644650.0,138064.1262,1
1781974800000,0.21297,0.21307,0.21155,0.21166,9649.0,964920.0,204683.6365,1
1781978400000,0.21166,0.21304,0.21159,0.21195,5601.0,560130.0,118967.1792,1
1781982000000,0.21192,0.21268,0.21182,0.21249,11442.0,1144220.0,242824.6896,1
1781985600000,0.21249,0.21334,0.21207,0.21279,3621.0,362110.0,77001.6743,1
1781989200000,0.21283,0.21385,0.21254,0.21369,2769.0,276990.0,59083.0371,1
1781992800000,0.21369,0.21781,0.21323,0.21636,49637.0,4963710.0,1068751.1155,1
1781996400000,0.21628,0.21696,0.21553,0.21603,4956.0,495660.0,107119.0002,1
1782000000000,0.216,0.21741,0.21422,0.21448,5163.0,516330.0,111300.6674,1
1782003600000,0.21459,0.2148,0.21298,0.21376,4404.0,440480.0,94259.6942,1
1782007200000,0.21372,0.21419,0.21297,0.21335,3921.0,392140.0,83705.4178,1
1782010800000,0.21328,0.21465,0.21322,0.21439,3503.0,350330.0,75008.8265,1
1782014400000,0.21439,0.2168,0.21323,0.21412,6635.0,663500.0,142670.1716,1
1782018000000,0.21412,0.21438,0.21237,0.21297,5102.0,510260.0,108951.9655,1
1782021600000,0.21306,0.21373,0.21243,0.21332,5997.0,599730.0,127693.8084,1
1782025200000,0.21332,0.21386,0.21269,0.21328,4172.0,417240.0,88949.1012,1
1782028800000,0.21333,0.21366,0.20992,0.21266,47448.0,4744880.0,1001876.059,1
1782032400000,0.21267,0.21334,0.2112,0.21291,38152.0,3815270.0,808051.4752,1
1782036000000,0.2129,0.21452,0.21285,0.21335,3710.0,371000.0,79330.1424,1
1782039600000,0.21335,0.21546,0.21098,0.21098,42699.0,4269960.0,915133.6629,1
1782043200000,0.21099,0.21135,0.2093,0.21134,6248.0,624860.0,131513.5013,1
1782046800000,0.21134,0.2168,0.21134,0.2168,11173.0,1117340.0,240127.87,1
1782050400000,0.21681,0.21689,0.2144,0.2161,5664.0,566450.0,121920.3239,1
1782054000000,0.21611,0.217,0.21489,0.21605,5527.0,552770.0,119246.6349,1
1782057600000,0.21599,0.21627,0.2119,0.21334,6972.0,697260.0,148629.7694,1
1782061200000,0.21334,0.214,0.21109,0.21249,28445.0,2844580.0,603200.464,1
1782064800000,0.21248,0.21356,0.21139,0.2134,3357.0,335790.0,71343.4567,1
1782068400000,0.2134,0.21611,0.2134,0.21472,30995.0,3099590.0,666423.1505,1
1782072000000,0.21478,0.21575,0.21263,0.21276,6113.0,611370.0,130991.8059,1
1782075600000,0.21278,0.21294,0.21014,0.21181,8836.0,883660.0,186938.2625,1
1782079200000,0.21153,0.21267,0.21101,0.21123,4785.0,478590.0,101339.5476,1
1782082800000,0.21107,0.2112,0.20943,0.20956,5938.0,593810.0,124876.5243,1
1782086400000,0.20957,0.21267,0.20942,0.21267,8932.0,893240.0,188640.2011,1
1782090000000,0.21263,0.21669,0.21215,0.2154,11021.0,1102180.0,236670.542,1
1782093600000,0.21545,0.2158,0.21271,0.2129,6227.0,622760.0,133473.7085,1
1782097200000,0.2129,0.21294,0.21004,0.21026,7409.0,740970.0,156874.4775,1
1782100800000,0.21035,0.21157,0.20986,0.2114,4122.0,412290.0,86857.5048,1
1782104400000,0.21143,0.21269,0.21143,0.21212,6939.0,693960.0,147320.3777,1
1782108000000,0.21222,0.21268,0.21067,0.21093,2963.0,296330.0,62678.6285,1
1782111600000,0.21099,0.214,0.21074,0.21289,14975.0,1497540.0,318967.5812,1
1782115200000,0.21298,0.213,0.21051,0.21089,7070.0,707040.0,149623.7426,1
1782118800000,0.21087,0.21134,0.20972,0.21025,6655.0,665550.0,139987.5909,1
1782122400000,0.21011,0.21079,0.20934,0.2096,4876.0,487690.0,102359.8668,1
1782126000000,0.2096,0.21412,0.20915,0.21412,10277.0,1027700.0,217965.7929,1
1782129600000,0.21427,0.21587,0.21353,0.21515,12680.0,1268010.0,272627.1204,1
1782133200000,0.21516,0.21579,0.21378,0.21579,11173.0,1117300.0,239952.916,1
1782136800000,0.2159,0.21607,0.21028,0.21065,22330.0,2233030.0,473726.395,1
1782140400000,0.21072,0.2114,0.20864,0.2087,17027.0,1702720.0,357811.4631,1
1782144000000,0.20866,0.20909,0.20537,0.20691,41715.0,4171550.0,864471.761,1
1782147600000,0.20691,0.2079,0.2057,0.20761,7824.0,782470.0,161692.3596,1
1782151200000,0.20763,0.20846,0.20307,0.20352,13579.0,1357930.0,279129.3136,1
1782154800000,0.20341,0.20485,0.20341,0.20394,7583.0,758300.0,154783.0432,1
1782158400000,0.2039,0.2051,0.2034,0.20455,5452.0,545230.0,111413.1169,1
1782162000000,0.20464,0.20498,0.2035,0.20399,2641.0,264170.0,53917.8788,1
1782165600000,0.20403,0.20461,0.20162,0.20291,12662.0,1266220.0,256831.6861,1
1782169200000,0.20282,0.20284,0.20172,0.20274,8601.0,860130.0,173941.9139,1
1782172800000,0.20269,0.20269,0.2,0.20113,16063.0,1606330.0,322815.8109,1
1782176400000,0.20116,0.20163,0.1985,0.19995,18359.0,1835980.0,366711.2383,1
1782180000000,0.19983,0.1999,0.19811,0.19838,11073.0,1107330.0,220126.0795,1
1782183600000,0.19839,0.19841,0.19673,0.19814,10787.0,1078740.0,213238.3901,1
1782187200000,0.19816,0.19859,0.19646,0.19651,8245.0,824500.0,162597.0028,1
1782190800000,0.1966,0.19717,0.19559,0.19574,10394.0,1039420.0,204256.3041,1
1782194400000,0.19582,0.196,0.19278,0.19539,15457.0,1545740.0,300755.7766,1
1782198000000,0.19534,0.19627,0.19498,0.1956,4890.0,489020.0,95671.7213,1
1782201600000,0.19569,0.1959,0.19174,0.19224,16324.0,1632450.0,315515.0627,1
1782205200000,0.19233,0.19273,0.1917,0.19265,5850.0,585020.0,112484.9133,1
1782208800000,0.19267,0.19334,0.19028,0.1915,5697.0,569710.0,109444.4834,1
1782212400000,0.19157,0.19384,0.19139,0.19361,5100.0,510070.0,98287.9391,1
1782216000000,0.19362,0.19371,0.19238,0.19252,4588.0,458890.0,88577.4123,1
1782219600000,0.19256,0.19461,0.19134,0.19391,10363.0,1036300.0,199891.6245,1
1782223200000,0.19388,0.19441,0.19316,0.19398,7414.0,741480.0,143734.2617,1
1782226800000,0.19398,0.194,0.19184,0.19278,16237.0,1623730.0,312769.5235,1
1782230400000,0.19277,0.194,0.19267,0.19343,6295.0,629550.0,121764.0908,1
1782234000000,0.19343,0.19374,0.19253,0.19263,8948.0,894810.0,172927.0239,1
1782237600000,0.19255,0.19451,0.19253,0.1937,4910.0,491080.0,95022.5591,1
1782241200000,0.19371,0.19466,0.19367,0.19412,4236.0,423640.0,82273.7699,1
1782244800000,0.19398,0.19583,0.19398,0.19485,4329.0,432960.0,84486.1078,1
1782248400000,0.1949,0.19608,0.1949,0.19523,3441.0,344120.0,67230.2503,1
1782252000000,0.19536,0.19639,0.19502,0.19506,3235.0,323540.0,63339.9231,1
1782255600000,0.19503,0.19534,0.19413,0.19491,3757.0,375770.0,73178.4981,1
1782259200000,0.19491,0.19707,0.19483,0.19683,5296.0,529630.0,103862.4722,1
1782262800000,0.1969,0.19694,0.19505,0.19508,6431.0,643190.0,126091.4929,1
1782266400000,0.19521,0.19524,0.19169,0.19232,5585.0,558510.0,108051.6898,1
1782270000000,0.19237,0.19267,0.19114,0.19173,3685.0,368590.0,70770.3678,1
1782273600000,0.19173,0.19193,0.18915,0.19158,7080.0,708010.0,135019.4884,1
1782277200000,0.19157,0.19316,0.19145,0.19262,4891.0,489130.0,94096.4818,1
1782280800000,0.19263,0.19325,0.19222,0.19259,4144.0,414470.0,79839.4335,1
1782284400000,0.19262,0.19265,0.19095,0.19114,5312.0,531250.0,101732.9991,1
1782288000000,0.19129,0.19187,0.19092,0.19163,3970.0,397030.0,75966.066,1
1782291600000,0.1916,0.19187,0.19124,0.19173,2375.0,237580.0,45512.639,1
1782295200000,0.19167,0.19175,0.19002,0.19017,4861.0,486140.0,92677.9042,1
1782298800000,0.19018,0.19329,0.18956,0.192,8292.0,829230.0,158336.0572,1
1782302400000,0.19203,0.19232,0.19058,0.19063,5733.0,573300.0,109788.2138,1
1782306000000,0.19055,0.19064,0.18739,0.1875,13127.0,1312750.0,247707.2487,1
1782309600000,0.18751,0.18804,0.18658,0.18738,9595.0,959570.0,179750.9768,1
1782313200000,0.18746,0.18746,0.18481,0.18546,15028.0,1502840.0,279704.0408,1
1782316800000,0.1854,0.18681,0.18309,0.18445,9088.0,908880.0,168428.8439,1
1782320400000,0.18441,0.18484,0.18204,0.18204,16137.0,1613710.0,296051.4494,1
1782324000000,0.18206,0.18607,0.18187,0.18409,14879.0,1487980.0,274418.5664,1
1782327600000,0.18407,0.18416,0.18264,0.1839,10079.0,1007910.0,185036.2237,1
1782331200000,0.1839,0.1875,0.18369,0.18698,10235.0,1023570.0,190904.5794,1
1782334800000,0.18702,0.18719,0.18569,0.187,6069.0,606910.0,113103.007,1
1782338400000,0.18697,0.18779,0.18537,0.18545,6003.0,600320.0,111935.8045,1
1782342000000,0.18548,0.18596,0.18472,0.18537,4663.0,466340.0,86453.9817,1
1782345600000,0.1855,0.186,0.18447,0.18598,6644.0,664430.0,123096.1787,1
1782349200000,0.18592,0.18931,0.1859,0.18694,10693.0,1069340.0,200366.8585,1
1782352800000,0.18693,0.18721,0.18564,0.18626,3867.0,386770.0,72108.807,1
1782356400000,0.18626,0.18637,0.18537,0.18625,2634.0,263430.0,48975.2059,1
1782360000000,0.18632,0.18779,0.18625,0.18779,2816.0,281630.0,52601.9019,1
1782363600000,0.18779,0.18967,0.18757,0.18774,5591.0,559190.0,105482.5087,1
1782367200000,0.18771,0.18852,0.18751,0.18751,3361.0,336170.0,63184.9766,1
1782370800000,0.18767,0.18771,0.18632,0.18683,4265.0,426520.0,79730.2382,1
1782374400000,0.18683,0.18688,0.18564,0.18586,3483.0,348360.0,64811.7642,1
1782378000000,0.18594,0.18606,0.18473,0.1848,2048.0,204830.0,37942.6085,1
1782381600000,0.1848,0.18491,0.1822,0.18252,5130.0,513040.0,94316.4285,1
1782385200000,0.18247,0.18269,0.18173,0.18212,9059.0,905980.0,164910.5999,1
1782388800000,0.18207,0.18445,0.18159,0.18307,13818.0,1381860.0,252281.3879,1
1782392400000,0.18329,0.18406,0.1745,0.17452,21256.0,2125640.0,380004.9294,1
1782396000000,0.17482,0.17971,0.17482,0.1769,20626.0,2062680.0,366413.3837,1
1782399600000,0.17697,0.17855,0.17542,0.17853,16458.0,1645860.0,291040.9889,1
1782403200000,0.17857,0.17943,0.17612,0.17651,10067.0,1006740.0,178777.1104,1
1782406800000,0.17649,0.17888,0.17634,0.17867,7269.0,726930.0,129197.214,1
1782410400000,0.17869,0.17879,0.17583,0.17608,93087.0,9308730.0,1651155.1489,1
1782414000000,0.17615,0.17615,0.17473,0.17511,7544.0,754470.0,132203.7026,1
1782417600000,0.1752,0.17611,0.17402,0.1748,33252.0,3325250.0,582841.2639,1
1782421200000,0.17485,0.17818,0.1746,0.17802,22542.0,2254220.0,399090.0341,1
1782424800000,0.17804,0.17821,0.17675,0.17746,13016.0,1301610.0,230624.3677,1
1782428400000,0.17746,0.17976,0.17729,0.17875,14363.0,1436310.0,256948.8862,1
1782432000000,0.17889,0.17936,0.17683,0.17684,12562.0,1256220.0,223249.9131,1
1782435600000,0.17693,0.17701,0.17424,0.17483,7685.0,768510.0,134818.3467,1
1782439200000,0.17494,0.17502,0.17111,0.17158,42960.0,4296060.0,739319.7274,1
1782442800000,0.17161,0.17523,0.17106,0.1752,47760.0,4776040.0,827735.4521,1
1782446400000,0.17527,0.17572,0.17373,0.17393,6016.0,601620.0,105142.4685,1
1782450000000,0.17393,0.17555,0.17363,0.17506,5014.0,501410.0,87607.9824,1
1782453600000,0.175,0.17721,0.17412,0.17701,7184.0,718400.0,126298.7484,1
1782457200000,0.17698,0.17944,0.17686,0.17889,6647.0,664760.0,118681.4994,1
1782460800000,0.17887,0.17902,0.17687,0.17719,5429.0,542920.0,96466.5619,1
1782464400000,0.17719,0.17723,0.17534,0.17537,3931.0,393180.0,69336.3048,1
1782468000000,0.17538,0.1759,0.17446,0.17455,4094.0,409490.0,71774.0514,1
1782471600000,0.17466,0.17541,0.17381,0.17419,4511.0,451160.0,78706.6572,1
1782475200000,0.17422,0.17575,0.17263,0.17263,6830.0,683050.0,118942.9599,1
1782478800000,0.17264,0.17594,0.17161,0.17576,10464.0,1046410.0,181383.6861,1
1782482400000,0.17576,0.17737,0.17419,0.17642,14379.0,1437920.0,253150.3058,1
1782486000000,0.17646,0.17858,0.17608,0.17804,8332.0,833200.0,147626.4963,1
1782489600000,0.17809,0.17927,0.17698,0.17927,11326.0,1132600.0,201832.198,1
1782493200000,0.17923,0.18011,0.17877,0.17905,7617.0,761700.0,136577.7544,1
1782496800000,0.17899,0.17937,0.17778,0.17786,12236.0,1223660.0,218838.8358,1
1782500400000,0.17785,0.18034,0.17777,0.17899,12846.0,1284690.0,229732.7335,1
1782504000000,0.17898,0.17999,0.17826,0.17827,5661.0,566120.0,101488.3587,1
1782507600000,0.17827,0.17911,0.17771,0.17833,3730.0,373060.0,66547.1841,1
1782511200000,0.17834,0.17848,0.17757,0.17798,3948.0,394850.0,70287.772,1
1782514800000,0.17801,0.17838,0.17746,0.17771,2182.0,218280.0,38842.4038,1
1782518400000,0.17763,0.17802,0.1757,0.17579,4175.0,417530.0,73889.9066,1
1782522000000,0.17586,0.17586,0.17449,0.17488,4335.0,433540.0,75929.8732,1
1782525600000,0.1749,0.17631,0.17447,0.17458,7942.0,794290.0,139294.9093,1
1782529200000,0.17445,0.17498,0.17343,0.17384,11002.0,1100260.0,191446.6073,1
1782532800000,0.17381,0.17611,0.17368,0.17545,5998.0,599820.0,105065.7324,1
1782536400000,0.17542,0.17581,0.17446,0.17488,2980.0,298080.0,52192.8044,1
1782540000000,0.17491,0.17512,0.17393,0.17483,3374.0,337400.0,58899.5097,1
1782543600000,0.17483,0.1755,0.17428,0.17547,2959.0,295950.0,51758.2656,1
1782547200000,0.17547,0.17547,0.17444,0.17446,3825.0,382510.0,66934.3188,1
1782550800000,0.17445,0.17448,0.1735,0.1737,3354.0,335420.0,58312.3438,1
1782554400000,0.1737,0.176,0.1737,0.176,2634.0,263480.0,46018.2814,1
1782558000000,0.17599,0.17777,0.17473,0.17648,5902.0,590290.0,104137.5113,1
1782561600000,0.17648,0.17648,0.17494,0.17553,2710.0,271010.0,47582.9197,1
1782565200000,0.17555,0.17716,0.17544,0.17687,4310.0,431070.0,76072.6128,1
1782568800000,0.17686,0.17765,0.17619,0.1765,4701.0,470110.0,83159.2337,1
1782572400000,0.17651,0.17888,0.17651,0.17857,6682.0,668270.0,118978.1955,1
1782576000000,0.17857,0.17869,0.17737,0.17758,5304.0,530400.0,94370.3296,1
1782579600000,0.17765,0.17765,0.17508,0.17511,13407.0,1340710.0,235695.4394,1
1782583200000,0.17514,0.17515,0.17441,0.17488,4998.0,499800.0,87379.801,1
1782586800000,0.17491,0.17493,0.17346,0.17371,4630.0,463090.0,80600.587,1
1782590400000,0.1737,0.17449,0.1737,0.17431,1644.0,164430.0,28622.4791,1
1782594000000,0.17431,0.17499,0.1732,0.17342,4384.0,438450.0,76305.1126,1
1782597600000,0.17339,0.17507,0.17277,0.17507,42838.0,4283800.0,746255.0761,1
1782601200000,0.1745,0.1746,0.17252,0.17378,62097.0,6209750.0,1077900.356,1
1782604800000,0.17377,0.17515,0.17371,0.17474,25797.0,2579750.0,450459.7302,1
1782608400000,0.17467,0.17467,0.17409,0.17411,1703.0,170370.0,29707.1322,1
1782612000000,0.17411,0.17473,0.17302,0.17318,11774.0,1177440.0,204155.0952,1
1782615600000,0.17319,0.17373,0.17305,0.17337,5356.0,535680.0,92764.2942,1
1782619200000,0.17337,0.17346,0.17243,0.17264,2119.0,211990.0,36639.032,1
1782622800000,0.17264,0.17266,0.17124,0.17198,28399.0,2839910.0,487862.1954,1
1782626400000,0.17201,0.17211,0.171,0.17124,5919.0,591930.0,101390.9946,1
1782630000000,0.1712,0.17197,0.1708,0.17197,8485.0,848520.0,145600.8916,1
1782633600000,0.17197,0.17331,0.1714,0.17275,5981.0,598150.0,103061.3803,1
1782637200000,0.17279,0.17318,0.17123,0.1713,12829.0,1282900.0,221288.7338,1
1782640800000,0.17137,0.17184,0.17045,0.17089,3978.0,397880.0,68018.3761,1
1782644400000,0.17095,0.17204,0.17064,0.1719,2822.0,282200.0,48320.1823,1
1782648000000,0.17189,0.17242,0.17121,0.17159,3671.0,367160.0,63040.9119,1
1782651600000,0.17152,0.17163,0.17061,0.17065,3494.0,349440.0,59808.4417,1
1782655200000,0.17069,0.1718,0.17057,0.17101,6489.0,648930.0,111160.6881,1
1782658800000,0.17101,0.1716,0.17054,0.17075,4353.0,435310.0,74405.4199,1
1782662400000,0.17084,0.17087,0.17002,0.17074,22178.0,2217850.0,378125.5838,1
1782666000000,0.17074,0.17107,0.16939,0.17027,8161.0,816150.0,138804.2486,1
1782669600000,0.17026,0.17087,0.16881,0.17085,7730.0,773030.0,131154.0247,1
1782673200000,0.17087,0.1719,0.16971,0.17035,11647.0,1164700.0,198934.5629,1
1782676800000,0.17025,0.17215,0.16999,0.17207,19175.0,1917580.0,329107.9656,1
1782680400000,0.17206,0.17294,0.16983,0.16989,11809.0,1180950.0,202785.1992,1
1782684000000,0.17001,0.17248,0.16985,0.17055,10363.0,1036320.0,177413.6831,1
1782687600000,0.17048,0.17391,0.17013,0.17274,11989.0,1198960.0,206757.0791,1
1782691200000,0.17286,0.17344,0.16995,0.17336,12449.0,1244920.0,213739.8647,1
1782694800000,0.17341,0.17342,0.17095,0.17204,11168.0,1116840.0,192045.1736,1
1782698400000,0.17204,0.17349,0.17063,0.17346,7572.0,757240.0,130355.4459,1
1782702000000,0.1735,0.17441,0.17263,0.17349,19968.0,1996800.0,347034.3889,1
1782705600000,0.17349,0.17366,0.17202,0.17235,5387.0,538750.0,92994.1601,1
1782709200000,0.17241,0.17358,0.171,0.17357,18479.0,1847960.0,317197.7651,1
1782712800000,0.17376,0.17501,0.17369,0.17412,9118.0,911890.0,158948.552,1
1782716400000,0.17418,0.17422,0.17297,0.17326,4926.0,492610.0,85501.3994,1
1782720000000,0.17331,0.17362,0.17274,0.17274,3668.0,366860.0,63444.3431,1
1782723600000,0.17274,0.17278,0.17169,0.17247,7641.0,764110.0,131594.7112,1
1782727200000,0.17249,0.17329,0.17213,0.17274,3824.0,382470.0,66050.8267,1
1782730800000,0.17276,0.1738,0.17191,0.1726,5409.0,540930.0,93231.0622,1
1782734400000,0.17255,0.17499,0.17197,0.17296,12503.0,1250300.0,217084.1034,1
1782738000000,0.17302,0.17466,0.17263,0.17333,24222.0,2422290.0,420874.5948,1
1782741600000,0.17333,0.17422,0.17197,0.17393,16323.0,1632380.0,282109.8849,1
1782745200000,0.17392,0.17404,0.17223,0.17368,12877.0,1287770.0,222863.5498,1
1782748800000,0.1737,0.17444,0.17277,0.17428,8687.0,868790.0,150879.4563,1
1782752400000,0.17429,0.17772,0.17425,0.17656,14023.0,1402330.0,247175.7012,1
1782756000000,0.17658,0.17853,0.17625,0.17777,5619.0,561930.0,99854.6695,1
1782759600000,0.17777,0.17782,0.17616,0.17708,6051.0,605110.0,107090.4819,1
1782763200000,0.17708,0.17797,0.17539,0.17559,5734.0,573490.0,101328.3391,1
1782766800000,0.17554,0.17674,0.17518,0.17635,5730.0,573040.0,100955.6617,1
1782770400000,0.17639,0.17668,0.175,0.17507,6028.0,602800.0,105866.3918,1
1782774000000,0.17516,0.17534,0.17403,0.17487,4095.0,409500.0,71476.5403,1
1782777600000,0.17485,0.17492,0.17346,0.17414,11281.0,1128170.0,196571.3206,1
1782781200000,0.17414,0.17656,0.1735,0.17654,12658.0,1265860.0,221898.0545,1
1782784800000,0.17654,0.17978,0.17645,0.17914,10799.0,1079940.0,192979.248,1
1782788400000,0.17913,0.18424,0.1791,0.18259,19321.0,1932160.0,353299.2525,1
1782792000000,0.18259,0.18721,0.18259,0.18681,9827.0,982760.0,182069.8656,1
1782795600000,0.18697,0.18705,0.18296,0.18433,8064.0,806450.0,148880.3868,1
1782799200000,0.18434,0.18654,0.18424,0.18427,6429.0,642930.0,119371.1264,1
1782802800000,0.18427,0.18444,0.18117,0.18218,6807.0,680760.0,124194.2274,1
1782806400000,0.1822,0.1822,0.17888,0.17999,10947.0,1094710.0,197803.8039,1
1782810000000,0.17998,0.18009,0.17836,0.179,5455.0,545570.0,97790.1394,1
1782813600000,0.179,0.17988,0.17766,0.17947,6892.0,689240.0,122912.6221,1
1782817200000,0.17949,0.17982,0.17666,0.17711,14914.0,1491480.0,265406.5227,1
1782820800000,0.1771,0.1771,0.17368,0.17402,21024.0,2102440.0,368062.8778,1
1782824400000,0.17406,0.17776,0.17388,0.17618,21227.0,2122710.0,373963.1008,1
1782828000000,0.17608,0.17998,0.17582,0.17967,12448.0,1244810.0,221760.5631,1
1782831600000,0.17975,0.18356,0.17811,0.18252,17608.0,1760830.0,317369.605,1
1782835200000,0.18253,0.18455,0.18,0.18359,14630.0,1463070.0,266461.8987,1
1782838800000,0.18371,0.18382,0.18166,0.18177,10419.0,1041950.0,190320.8994,1
1782842400000,0.18167,0.18813,0.18166,0.1877,20663.0,2066320.0,384638.0715,1
1782846000000,0.18769,0.18771,0.18432,0.18587,17634.0,1763430.0,327623.1299,1
1782849600000,0.18576,0.18607,0.18229,0.1823,9336.0,933650.0,171688.5236,1
1782853200000,0.18232,0.18459,0.18189,0.18276,24998.0,2499870.0,459239.4932,1
1782856800000,0.18275,0.18582,0.18266,0.18442,18115.0,1811540.0,334816.701,1
1782860400000,0.18441,0.18897,0.1838,0.18896,13283.0,1328360.0,247674.3273,1
1782864000000,0.18896,0.19601,0.18885,0.19466,68813.0,6881370.0,1325598.2963,1
1782867600000,0.19464,0.2008,0.19002,0.19987,44081.0,4408110.0,856694.2875,1
1782871200000,0.20003,0.2075,0.19945,0.20699,52859.0,5285900.0,1075608.8151,1
1782874800000,0.20714,0.20752,0.20183,0.20388,47278.0,4727860.0,961438.3883,1
1782878400000,0.20388,0.20505,0.19984,0.20019,26665.0,2666500.0,537674.7858,1
1782882000000,0.20013,0.20039,0.19715,0.19777,44583.0,4458320.0,885959.9263,1
1782885600000,0.19778,0.20105,0.1977,0.19983,15557.0,1555770.0,309664.3047,1
1782889200000,0.19983,0.20198,0.19911,0.20011,10183.0,1018370.0,204355.586,1
1782892800000,0.2001,0.20388,0.19866,0.20165,15022.0,1502200.0,301506.2143,1
1782896400000,0.20166,0.20277,0.19833,0.19833,10072.0,1007260.0,202102.9785,1
1782900000000,0.19833,0.19946,0.19532,0.1993,13256.0,1325600.0,261544.9461,1
1782903600000,0.1993,0.19939,0.19707,0.19877,8532.0,853250.0,169024.8388,1
1782907200000,0.1988,0.20086,0.19571,0.19659,11293.0,1129380.0,224331.8739,1
1782910800000,0.19663,0.19739,0.19569,0.1971,13680.0,1368070.0,269052.8881,1
1782914400000,0.19715,0.202,0.19682,0.19992,20163.0,2016340.0,402713.148,1
1782918000000,0.19996,0.20333,0.19955,0.20222,13333.0,1333300.0,269441.5924,1
1782921600000,0.20222,0.20333,0.19856,0.19928,21162.0,2116240.0,422759.8664,1
1782925200000,0.1993,0.20035,0.19784,0.20007,8260.0,826060.0,164698.4903,1
1782928800000,0.19989,0.20041,0.1974,0.19897,15125.0,1512550.0,300601.6855,1
1782932400000,0.19896,0.20222,0.19833,0.20222,7210.0,721020.0,143941.4179,1
1782936000000,0.20211,0.20222,0.19786,0.19983,7440.0,744030.0,148531.8986,1
1782939600000,0.19983,0.20277,0.19931,0.20198,5391.0,539150.0,108491.2477,1
1782943200000,0.20201,0.20242,0.1988,0.19946,7485.0,748500.0,150229.3244,1
1782946800000,0.19944,0.19944,0.19686,0.19726,5850.0,585080.0,115839.9599,1
1782950400000,0.19727,0.19764,0.19249,0.19361,13705.0,1370550.0,266662.3936,1
1782954000000,0.19379,0.19628,0.19352,0.19621,10071.0,1007170.0,196546.8216,1
1782957600000,0.19617,0.20277,0.19607,0.20203,11206.0,1120670.0,223708.8963,1
1782961200000,0.20216,0.2024,0.20004,0.20044,9612.0,961230.0,193086.581,1
1782964800000,0.20059,0.20065,0.19851,0.19959,5922.0,592210.0,117979.9324,1
1782968400000,0.19958,0.19974,0.19673,0.19674,5750.0,575010.0,113690.519,1
1782972000000,0.19674,0.19722,0.19555,0.19555,4966.0,496640.0,97567.6616,1
1782975600000,0.19558,0.19673,0.19534,0.19672,6472.0,647280.0,126748.2696,1
1782979200000,0.19673,0.19824,0.19611,0.19789,5625.0,562560.0,110804.1031,1
1782982800000,0.19786,0.20055,0.19685,0.20054,7120.0,712000.0,141408.6819,1
1782986400000,0.20055,0.20055,0.19794,0.198,5839.0,583940.0,116278.0566,1
1782990000000,0.19804,0.20094,0.19741,0.20022,7872.0,787240.0,157000.6351,1
1782993600000,0.20022,0.2008,0.19836,0.19916,11283.0,1128350.0,225145.1195,1
1782997200000,0.19928,0.20264,0.19908,0.20163,13525.0,1352580.0,271611.4865,1
1783000800000,0.2016,0.204,0.19804,0.19937,15670.0,1567090.0,313565.7959,1
1783004400000,0.19936,0.20143,0.19878,0.19916,13218.0,1321890.0,264346.5919,1
1783008000000,0.19929,0.20082,0.1981,0.20071,13513.0,1351300.0,270235.2567,1
1783011600000,0.20069,0.20084,0.19908,0.19933,7514.0,751460.0,150016.3031,1
1783015200000,0.19951,0.20054,0.19878,0.19895,4833.0,483330.0,96534.0911,1
1783018800000,0.19886,0.19889,0.19604,0.19649,11051.0,1105190.0,217609.5277,1
1783022400000,0.19647,0.19767,0.19586,0.19735,5859.0,585920.0,115100.888,1
1783026000000,0.19734,0.19741,0.19595,0.19651,2674.0,267470.0,52603.3577,1
1783029600000,0.19641,0.19736,0.196,0.19707,5171.0,517140.0,101682.4393,1
1783033200000,0.19703,0.20035,0.19694,0.19908,5475.0,547530.0,108901.0646,1
1783036800000,0.19907,0.1996,0.19642,0.19672,8765.0,876530.0,173214.4107,1
1783040400000,0.19671,0.20012,0.19656,0.19954,13241.0,1324150.0,264010.0369,1
1783044000000,0.19958,0.19976,0.19731,0.19814,8892.0,889210.0,176330.1006,1
1783047600000,0.19813,0.19819,0.1969,0.19713,4296.0,429600.0,84915.0982,1
1783051200000,0.19718,0.19842,0.19696,0.19767,2642.0,264220.0,52215.7675,1
1783054800000,0.19768,0.19991,0.19764,0.19943,5443.0,544300.0,108208.4634,1
1783058400000,0.19943,0.19967,0.19856,0.19861,3074.0,307470.0,61227.1824,1
1783062000000,0.19849,0.20038,0.19849,0.19943,4600.0,460040.0,91868.221,1
1783065600000,0.19938,0.20024,0.19866,0.19979,4640.0,464010.0,92628.5235,1
1783069200000,0.19966,0.20349,0.19944,0.20165,9499.0,949910.0,191666.889,1
1783072800000,0.2015,0.20232,0.19947,0.20087,12111.0,1211170.0,243045.5359,1
1783076400000,0.20091,0.20191,0.20027,0.20096,5598.0,559840.0,112607.0534,1
1783080000000,0.201,0.2026,0.20055,0.20205,8925.0,892590.0,179696.9753,1
1783083600000,0.20232,0.20401,0.20167,0.20401,39538.0,3953840.0,802548.5049,1
1783087200000,0.20401,0.20461,0.19982,0.20159,52445.0,5244510.0,1057486.4089,1
1783090800000,0.2017,0.20253,0.20027,0.20054,8315.0,831530.0,167210.0899,1
1783094400000,0.20052,0.2032,0.1995,0.20222,7374.0,737410.0,148409.8237,1
1783098000000,0.20222,0.20261,0.20144,0.20259,4219.0,421990.0,85284.5017,1
1783101600000,0.20259,0.2046,0.20259,0.20302,4672.0,467290.0,95118.1003,1
1783105200000,0.2029,0.20526,0.20207,0.2036,7374.0,737400.0,150256.2136,1
1783108800000,0.20363,0.20668,0.20354,0.2055,9102.0,910210.0,186795.326,1
1783112400000,0.20549,0.20585,0.20379,0.20492,5774.0,577410.0,118147.2415,1
1783116000000,0.20492,0.20554,0.20371,0.20454,3973.0,397320.0,81155.9176,1
1783119600000,0.20462,0.20466,0.20346,0.20387,2970.0,297090.0,60564.1621,1
1783123200000,0.20386,0.20564,0.20261,0.20501,6477.0,647770.0,132037.7878,1
1783126800000,0.20501,0.20662,0.20364,0.20596,6495.0,649540.0,133170.415,1
1783130400000,0.20595,0.20993,0.20595,0.20765,12642.0,1264220.0,263172.9757,1
1783134000000,0.20769,0.20879,0.20572,0.20626,11273.0,1127330.0,233309.2655,1
1783137600000,0.20626,0.20846,0.20585,0.20778,9779.0,977930.0,202195.8011,1
1783141200000,0.20777,0.20794,0.20612,0.20694,6738.0,673800.0,139269.2009,1
1783144800000,0.20695,0.20909,0.2052,0.20722,6698.0,669830.0,138471.3327,1
1783148400000,0.2072,0.20876,0.20416,0.20636,7903.0,790320.0,162999.9957,1
1783152000000,0.20628,0.20777,0.2059,0.20672,7423.0,742300.0,153595.3246,1
1783155600000,0.20672,0.20909,0.20614,0.20644,6192.0,619220.0,128396.922,1
1783159200000,0.20644,0.20703,0.20568,0.20689,4031.0,403180.0,83149.459,1
1783162800000,0.20689,0.20702,0.20521,0.20521,2763.0,276380.0,56936.5984,1
1783166400000,0.20515,0.20555,0.20229,0.20399,9906.0,990640.0,202365.9265,1
1783170000000,0.20398,0.20486,0.20328,0.20395,5820.0,582040.0,118826.905,1
1783173600000,0.20393,0.2059,0.20376,0.20586,7998.0,799860.0,163893.6333,1
1783177200000,0.20591,0.21135,0.20585,0.21132,14817.0,1481720.0,309240.1601,1
1783180800000,0.21132,0.21546,0.21085,0.21221,33731.0,3373170.0,718797.5196,1
1783184400000,0.21221,0.2138,0.21056,0.21367,17453.0,1745370.0,369141.1489,1
1783188000000,0.21375,0.2138,0.21048,0.21085,11361.0,1136130.0,240711.9108,1
1783191600000,0.21082,0.21115,0.2094,0.20967,8454.0,845490.0,177616.3167,1
1783195200000,0.20966,0.21028,0.20791,0.20893,10552.0,1055230.0,220242.3034,1
1783198800000,0.20892,0.21047,0.20823,0.20908,6898.0,689840.0,144191.3428,1
1783202400000,0.20909,0.20913,0.20647,0.207,9357.0,935790.0,194078.0116,1
1783206000000,0.20711,0.20711,0.20517,0.20651,10502.0,1050230.0,216789.235,1
1783209600000,0.20654,0.20674,0.20444,0.20548,13088.0,1308810.0,268959.6883,1
1783213200000,0.20549,0.20554,0.20351,0.2043,9627.0,962770.0,196615.0082,1
1783216800000,0.20418,0.20419,0.2019,0.20226,10486.0,1048610.0,212379.0657,1
1783220400000,0.2023,0.20256,0.20107,0.20141,8723.0,872300.0,176004.894,1
1783224000000,0.2014,0.20255,0.20101,0.2021,5531.0,553100.0,111600.5796,1
1783227600000,0.20203,0.20212,0.20105,0.20177,15309.0,1530930.0,308762.7739,1
1783231200000,0.20177,0.20178,0.1991,0.19927,6991.0,699150.0,139880.2228,1
1783234800000,0.19924,0.19953,0.19789,0.19941,8180.0,818060.0,162551.947,1
1783238400000,0.1994,0.20007,0.19874,0.19955,16206.0,1620650.0,323597.6016,1
1783242000000,0.19958,0.20025,0.19757,0.19801,14772.0,1477230.0,292959.0408,1
1783245600000,0.19792,0.19937,0.19755,0.19915,3831.0,383180.0,76051.6181,1
1783249200000,0.19916,0.19975,0.19866,0.19903,12815.0,1281590.0,255481.2033,1
1783252800000,0.19908,0.19996,0.19852,0.19954,5590.0,559020.0,111317.2121,1
1783256400000,0.19954,0.20092,0.19908,0.20032,4291.0,429100.0,85791.8956,1
1783260000000,0.20032,0.20143,0.19968,0.2014,14439.0,1443920.0,289080.9958,1
1783263600000,0.2014,0.20173,0.19941,0.20012,15592.0,1559270.0,312357.7625,1
1783267200000,0.20009,0.20013,0.199,0.19967,9179.0,917970.0,183277.6732,1
1783270800000,0.19967,0.20041,0.19883,0.1993,22649.0,2264930.0,451732.4197,1
1783274400000,0.1993,0.2006,0.19925,0.20024,3581.0,358100.0,71532.5264,1
1783278000000,0.20021,0.20111,0.20002,0.20063,3142.0,314260.0,63060.8539,1
1783281600000,0.20064,0.20162,0.20064,0.20113,5308.0,530860.0,106893.513,1
1783285200000,0.20115,0.20261,0.20001,0.20202,11424.0,1142460.0,229869.4643,1
1783288800000,0.20202,0.20546,0.20185,0.20449,16133.0,1613340.0,329263.6399,1
1783292400000,0.20451,0.20479,0.20233,0.20322,12992.0,1299270.0,264154.6914,1
1783296000000,0.20329,0.20331,0.20026,0.20112,19905.0,1990570.0,400576.6391,1
1783299600000,0.20114,0.2031,0.20093,0.20122,8574.0,857400.0,172855.8775,1
1783303200000,0.20122,0.20157,0.19985,0.20025,9402.0,940270.0,188705.4599,1
1783306800000,0.20024,0.20046,0.19903,0.19981,12459.0,1245940.0,248826.8159,1
1783310400000,0.19983,0.20114,0.19942,0.19999,9996.0,999600.0,199850.8357,1
1783314000000,0.19996,0.19999,0.19909,0.19967,6419.0,641900.0,128174.0029,1
1783317600000,0.19967,0.19992,0.19908,0.1992,6386.0,638650.0,127472.4473,1
1783321200000,0.19911,0.20135,0.19866,0.20056,13629.0,1362940.0,273147.2958,1
1783324800000,0.20056,0.20519,0.20055,0.20317,17150.0,1715040.0,348847.1531,1
1783328400000,0.2032,0.20496,0.20187,0.2044,27783.0,2778370.0,566303.9408,1
1783332000000,0.20438,0.20742,0.20408,0.20522,10084.0,1008410.0,207538.9661,1
1783335600000,0.20519,0.20526,0.20277,0.20277,10810.0,1081040.0,220742.5952,1
1783339200000,0.20277,0.20282,0.19775,0.1981,24615.0,2461560.0,491397.741,1
1783342800000,0.19807,0.19938,0.19595,0.19889,20417.0,2041710.0,403261.0264,1
1783346400000,0.19889,0.2004,0.1976,0.19785,13179.0,1317950.0,262170.8166,1
1783350000000,0.19785,0.2008,0.19723,0.19952,13511.0,1351160.0,268466.3731,1
1783353600000,0.19949,0.20137,0.19938,0.19971,11331.0,1133110.0,226836.5212,1
1783357200000,0.19972,0.2012,0.19945,0.19945,6194.0,619460.0,124012.7071,1
1783360800000,0.19951,0.20026,0.19863,0.19906,5684.0,568440.0,113285.8343,1
1783364400000,0.19911,0.20013,0.19863,0.19996,5982.0,598220.0,119388.5668,1
1783368000000,0.19994,0.20075,0.19952,0.20022,3445.0,344520.0,68935.2232,1
1783371600000,0.20022,0.20378,0.19998,0.20235,6624.0,662440.0,133919.7292,1
1783375200000,0.20242,0.20316,0.2006,0.2008,4934.0,493450.0,99625.0715,1
1783378800000,0.20092,0.20124,0.19965,0.19987,10065.0,1006530.0,201943.7052,1
1783382400000,0.19996,0.20055,0.19914,0.19939,6168.0,616830.0,123349.487,1
1783386000000,0.19936,0.19936,0.19833,0.19844,4646.0,464650.0,92310.6218,1
1783389600000,0.19844,0.19863,0.19673,0.1968,14201.0,1420130.0,280567.8939,1
1783393200000,0.19687,0.19731,0.19542,0.19582,8581.0,858160.0,168512.0017,1
1783396800000,0.19582,0.19606,0.19466,0.19543,7986.0,798670.0,155972.8628,1
1783400400000,0.19538,0.19613,0.19395,0.19577,8782.0,878270.0,171152.0027,1
1783404000000,0.19577,0.19672,0.19525,0.19642,3581.0,358190.0,70217.8447,1
1783407600000,0.19634,0.19664,0.19499,0.19505,3439.0,343960.0,67396.9457,1
1783411200000,0.19507,0.19533,0.19384,0.19397,8315.0,831590.0,161906.2209,1
1783414800000,0.19397,0.19473,0.19333,0.1943,4355.0,435580.0,84477.3223,1
1783418400000,0.19433,0.19512,0.1934,0.19351,3966.0,396610.0,77042.1449,1
1783422000000,0.19351,0.19437,0.19263,0.19415,5837.0,583750.0,112782.1272,1
1783425600000,0.19426,0.1951,0.19393,0.19394,7002.0,700200.0,136144.8814,1
1783429200000,0.19394,0.19405,0.19182,0.19259,7225.0,722540.0,139208.774,1
1783432800000,0.19259,0.1926,0.18937,0.19179,14428.0,1442840.0,275860.2922,1
1783436400000,0.1918,0.19294,0.19069,0.19252,11315.0,1131570.0,216952.8226,1
1783440000000,0.19254,0.19369,0.19155,0.19299,8948.0,894810.0,172493.5509,1
1783443600000,0.19298,0.19392,0.19262,0.19389,8029.0,802970.0,155180.1297,1
1783447200000,0.1938,0.19393,0.19138,0.19147,6563.0,656370.0,126631.8907,1
1783450800000,0.19138,0.19146,0.18988,0.19114,8252.0,825230.0,157319.8426,1
1783454400000,0.19114,0.19124,0.18933,0.18963,7267.0,726730.0,138307.2618,1
1783458000000,0.18966,0.19012,0.18843,0.18864,5183.0,518320.0,97996.714,1
1783461600000,0.18853,0.18982,0.18818,0.18953,7036.0,703610.0,132927.354,1
1783465200000,0.18952,0.18999,0.18821,0.18853,4511.0,451180.0,85285.9934,1
1783468800000,0.18862,0.18973,0.18819,0.18883,4299.0,429920.0,81243.9899,1
1783472400000,0.18885,0.18897,0.18586,0.18609,7935.0,793570.0,148820.0772,1
1783476000000,0.18609,0.18609,0.18415,0.1857,10150.0,1015000.0,188028.4014,1
1783479600000,0.18579,0.18639,0.18524,0.18557,12338.0,1233890.0,229588.8158,1
1783483200000,0.18561,0.18705,0.18529,0.18632,7221.0,722130.0,134476.9098,1
1783486800000,0.18635,0.18722,0.18575,0.1859,3272.0,327230.0,61042.9546,1
1783490400000,0.18593,0.18594,0.18444,0.18528,12375.0,1237560.0,228844.0755,1
1783494000000,0.18531,0.18595,0.1849,0.18529,3603.0,360320.0,66774.1349,1
1783497600000,0.18527,0.18583,0.18196,0.18293,13950.0,1395040.0,256178.5201,1
1783501200000,0.18294,0.18342,0.18171,0.18247,6228.0,622860.0,113711.2741,1
1783504800000,0.18255,0.18335,0.18223,0.18331,3508.0,350880.0,64189.2173,1
1783508400000,0.18331,0.18401,0.18235,0.1834,3313.0,331310.0,60657.5224,1
1783512000000,0.18348,0.18348,0.18182,0.18183,3891.0,389180.0,71045.5108,1
1783515600000,0.18183,0.18219,0.18101,0.18179,6196.0,619680.0,112520.6376,1
1783519200000,0.18186,0.18206,0.1805,0.18148,6902.0,690220.0,125039.3935,1
1783522800000,0.18152,0.18152,0.18016,0.18024,4004.0,400420.0,72420.162,1
1783526400000,0.18026,0.18303,0.18013,0.18303,6118.0,611860.0,111098.7053,1
1783530000000,0.18306,0.18306,0.18107,0.18142,5950.0,595070.0,108197.3076,1
1783533600000,0.18143,0.18157,0.18086,0.18124,4843.0,484390.0,87790.968,1
1783537200000,0.18131,0.18152,0.1811,0.18122,2432.0,243210.0,44089.8382,1
1783540800000,0.18124,0.18186,0.18035,0.18039,7008.0,700840.0,126887.7957,1
1783544400000,0.18039,0.1813,0.18003,0.18119,4286.0,428600.0,77439.0288,1
1783548000000,0.18119,0.18163,0.18108,0.18115,3310.0,331000.0,60020.3474,1
1783551600000,0.18117,0.18137,0.18051,0.18111,3997.0,399780.0,72293.6057,1
1783555200000,0.18111,0.18172,0.18088,0.18136,4672.0,467270.0,84685.7034,1
1783558800000,0.18136,0.18209,0.18,0.18015,11354.0,1135430.0,205734.4704,1
1783562400000,0.18017,0.18121,0.18,0.18069,5499.0,549900.0,99450.0805,1
1783566000000,0.18068,0.18181,0.17977,0.18112,6976.0,697690.0,126002.9364,1
1783569600000,0.18114,0.18443,0.18075,0.18351,9153.0,915340.0,167085.2093,1
1783573200000,0.18349,0.18354,0.18106,0.1817,7157.0,715790.0,130197.7231,1
1783576800000,0.1817,0.18187,0.18111,0.18183,6005.0,600540.0,108971.2432,1
1783580400000,0.18179,0.18179,0.18055,0.18107,6929.0,692910.0,125504.1069,1
1783584000000,0.18104,0.18146,0.18082,0.18117,8462.0,846270.0,153338.4601,1
1783587600000,0.18113,0.18133,0.18035,0.18048,5066.0,506660.0,91652.4178,1
1783591200000,0.18052,0.18207,0.18035,0.18041,4443.0,444340.0,80461.6982,1
1783594800000,0.18042,0.18084,0.18013,0.18052,3323.0,332310.0,59956.5499,1
1783598400000,0.18061,0.18098,0.18004,0.18034,5141.0,514190.0,92746.728,1
1783602000000,0.18034,0.18258,0.18034,0.18252,8721.0,872140.0,158206.1178,1
1783605600000,0.18252,0.18292,0.1812,0.18175,7713.0,771350.0,140389.315,1
1783609200000,0.18179,0.18266,0.18111,0.1812,4419.0,441970.0,80422.27,1
1783612800000,0.18121,0.18187,0.18052,0.18104,4315.0,431580.0,78141.0592,1
1783616400000,0.18104,0.18287,0.18091,0.18258,5893.0,589360.0,107272.9382,1
1783620000000,0.1826,0.18558,0.18252,0.18556,10243.0,1024320.0,188891.3848,1
1783623600000,0.18572,0.18755,0.18507,0.18671,8350.0,835000.0,155383.8521,1
1783627200000,0.18674,0.18759,0.18554,0.18589,6071.0,607150.0,113221.645,1
1783630800000,0.18588,0.18678,0.18505,0.18616,4557.0,455780.0,84703.7678,1
1783634400000,0.18615,0.18754,0.18562,0.18691,5241.0,524150.0,97821.3891,1
1783638000000,0.18691,0.187,0.18444,0.18616,4561.0,456140.0,84606.5878,1
1783641600000,0.18621,0.18634,0.18487,0.18539,7888.0,788820.0,146378.5613,1
1783645200000,0.18539,0.19095,0.18487,0.18954,5812.0,581200.0,109088.8158,1
1783648800000,0.18962,0.19032,0.18869,0.18907,16221.0,1622180.0,307499.1284,1
1783652400000,0.18903,0.19116,0.18893,0.19072,6918.0,691830.0,131373.9206,1
1783656000000,0.19073,0.19111,0.18949,0.18956,6628.0,662860.0,126158.0514,1
1783659600000,0.18952,0.19034,0.18945,0.18972,3319.0,331910.0,63043.9459,1
1783663200000,0.18975,0.19003,0.18878,0.18974,6833.0,683320.0,129375.8937,1
1783666800000,0.18977,0.19096,0.18893,0.18995,4269.0,426920.0,81236.3129,1
1783670400000,0.19009,0.1944,0.19001,0.19349,10000.0,1000090.0,192255.1598,1
1783674000000,0.19351,0.19381,0.19235,0.1931,7884.0,788450.0,152114.384,1
1783677600000,0.19307,0.19388,0.1924,0.19258,5013.0,501370.0,96908.1094,1
1783681200000,0.19259,0.19313,0.19243,0.19299,3427.0,342710.0,66045.3856,1
1783684800000,0.19297,0.19375,0.191,0.19116,9530.0,953000.0,183051.9748,1
1783688400000,0.19113,0.1913,0.18955,0.1904,19835.0,1983550.0,377334.3067,1
1783692000000,0.19039,0.19064,0.18718,0.1881,24582.0,2458240.0,464412.7179,1
1783695600000,0.18811,0.18932,0.18784,0.18858,5714.0,571460.0,107691.5185,1
1783699200000,0.18858,0.18931,0.1878,0.18925,6618.0,661830.0,124793.6152,1
1783702800000,0.18914,0.19007,0.18888,0.18944,6082.0,608210.0,115219.1281,1
1783706400000,0.18951,0.19173,0.18913,0.18957,5184.0,518460.0,98589.187,1
1783710000000,0.18954,0.1903,0.18918,0.18987,3779.0,377970.0,71739.301,1
1783713600000,0.1899,0.19025,0.18913,0.18972,3288.0,328850.0,62372.5469,1
1783717200000,0.18971,0.19052,0.18939,0.18982,5396.0,539650.0,102493.4676,1
1783720800000,0.18982,0.19035,0.18961,0.19007,1261.0,126180.0,23967.005,1
1783724400000,0.19007,0.19082,0.1894,0.19051,2246.0,224640.0,42711.8171,1
1783728000000,0.19045,0.1917,0.18961,0.19079,5404.0,540410.0,102841.4658,1
1783731600000,0.19084,0.19169,0.19008,0.19074,6605.0,660570.0,125958.6309,1
1783735200000,0.19081,0.19222,0.19063,0.19121,6387.0,638720.0,122242.7564,1
1783738800000,0.19122,0.1914,0.19034,0.19051,2786.0,278680.0,53130.6063,1
1783742400000,0.19044,0.19063,0.18952,0.18996,3099.0,309940.0,58874.0794,1
1783746000000,0.19006,0.19097,0.18977,0.19053,2325.0,232530.0,44288.8006,1
1783749600000,0.19045,0.19133,0.1902,0.19034,1815.0,181500.0,34625.8123,1
1783753200000,0.19034,0.19043,0.18945,0.1898,3804.0,380450.0,72226.945,1
1783756800000,0.18976,0.19022,0.1891,0.1896,8844.0,884470.0,167675.3204,1
1783760400000,0.18958,0.19122,0.18957,0.19069,6030.0,603060.0,114657.3997,1
1783764000000,0.19069,0.19084,0.18969,0.18989,2375.0,237520.0,45155.7062,1
1783767600000,0.1899,0.19035,0.18969,0.19008,1634.0,163440.0,31060.8232,1
1783771200000,0.19008,0.19046,0.18948,0.19015,1637.0,163720.0,31099.1614,1
1783774800000,0.19004,0.19178,0.19004,0.19157,2036.0,203670.0,38876.3634,1
1783778400000,0.1916,0.1929,0.1914,0.19228,10046.0,1004670.0,192983.5563,1
1783782000000,0.19233,0.19358,0.19046,0.19139,14639.0,1463960.0,280337.6346,1
1783785600000,0.19133,0.19161,0.19025,0.19093,7198.0,719880.0,137385.0759,1
1783789200000,0.19093,0.19158,0.1906,0.19111,4714.0,471480.0,89991.9146,1
1783792800000,0.19111,0.19177,0.19075,0.1915,2206.0,220660.0,42208.2677,1
1783796400000,0.1915,0.19171,0.1911,0.19164,2035.0,203510.0,38954.371,1
1783800000000,0.19164,0.19215,0.19162,0.19196,2301.0,230170.0,44184.5403,1
1783803600000,0.19196,0.19239,0.19161,0.19169,2122.0,212240.0,40765.1576,1
1783807200000,0.19171,0.19213,0.19039,0.19047,5764.0,576410.0,110113.8177,1
1783810800000,0.19047,0.19057,0.18632,0.18633,21095.0,2109590.0,397008.5353,1
1783814400000,0.18632,0.18635,0.18259,0.18393,14577.0,1457720.0,268841.1109,1
1783818000000,0.18392,0.1863,0.18379,0.1863,5693.0,569310.0,105450.7329,1
1783821600000,0.1863,0.1863,0.18554,0.18572,2426.0,242690.0,45120.1383,1
1783825200000,0.18572,0.18651,0.18508,0.18644,3201.0,320150.0,59490.0433,1
1783828800000,0.18645,0.18706,0.18612,0.1865,2777.0,277710.0,51830.4536,1
1783832400000,0.18653,0.18714,0.18631,0.18666,1982.0,198220.0,37018.5265,1
1783836000000,0.18661,0.18672,0.18482,0.18533,3732.0,373230.0,69249.0538,1
1783839600000,0.18533,0.18586,0.18506,0.18523,1729.0,172960.0,32067.8035,1
1783843200000,0.18521,0.18632,0.18512,0.18608,1950.0,195080.0,36248.6917,1
1783846800000,0.18608,0.18623,0.1853,0.18592,1860.0,186000.0,34566.67,1
1783850400000,0.18592,0.18592,0.18542,0.1857,1919.0,191980.0,35644.1402,1
1783854000000,0.1857,0.18624,0.18538,0.18613,1750.0,175010.0,32542.0177,1
1783857600000,0.18613,0.1863,0.18564,0.18621,2572.0,257230.0,47859.4548,1
1783861200000,0.18621,0.18778,0.18606,0.18685,3915.0,391540.0,73309.4907,1
1783864800000,0.18689,0.18856,0.18673,0.18853,3485.0,348550.0,65319.1855,1
1783868400000,0.18854,0.18977,0.18761,0.18972,15392.0,1539270.0,291330.3854,1
1783872000000,0.18977,0.19136,0.18916,0.18917,6204.0,620400.0,117932.3096,1
1783875600000,0.18923,0.18945,0.18886,0.18887,3309.0,330990.0,62600.853,1
1783879200000,0.18888,0.19005,0.1886,0.18988,2045.0,204570.0,38699.7047,1
1783882800000,0.18987,0.19052,0.18888,0.18995,16102.0,1610240.0,305044.8712,1
1783886400000,0.19003,0.19011,0.18876,0.18888,2926.0,292630.0,55428.22,1
1783890000000,0.18889,0.18929,0.18705,0.18711,6580.0,658080.0,123732.1081,1
1783893600000,0.18711,0.18711,0.18536,0.18668,8338.0,833820.0,155158.6057,1
1783897200000,0.18668,0.18668,0.18584,0.18623,2812.0,281230.0,52381.9289,1
1783900800000,0.18619,0.1893,0.1857,0.18718,11969.0,1196910.0,224223.9708,1
1783904400000,0.18717,0.18752,0.18464,0.18465,7624.0,762490.0,141884.5946,1
1783908000000,0.18465,0.18508,0.18375,0.18389,6949.0,694960.0,128058.3488,1
1783911600000,0.18386,0.18396,0.18186,0.18275,12621.0,1262110.0,230348.2564,1
1783915200000,0.18273,0.18346,0.18227,0.18253,8131.0,813100.0,148738.4122,1
1783918800000,0.18255,0.18379,0.18212,0.18324,5429.0,542930.0,99466.4538,1
1783922400000,0.18331,0.18348,0.18254,0.18326,2508.0,250880.0,45912.2364,1
1783926000000,0.18334,0.18414,0.18304,0.18405,2583.0,258380.0,47444.6025,1
1783929600000,0.18411,0.18436,0.18348,0.18403,3207.0,320780.0,59011.5132,1
1783933200000,0.18403,0.18408,0.18352,0.18368,1614.0,161430.0,29667.3193,1
1783936800000,0.18368,0.18431,0.1835,0.18413,3294.0,329420.0,60575.4597,1
1783940400000,0.18418,0.18499,0.18379,0.18379,2896.0,289610.0,53402.856,1
1783944000000,0.1838,0.184,0.18201,0.18283,9113.0,911300.0,166687.0435,1
1783947600000,0.18286,0.18334,0.18188,0.18221,6006.0,600640.0,109652.0355,1
1783951200000,0.18216,0.18437,0.18122,0.18437,9924.0,992480.0,181295.4517,1
1783954800000,0.18445,0.18464,0.1826,0.1826,5072.0,507250.0,93253.7166,1
1783958400000,0.1826,0.18292,0.18121,0.18193,4731.0,473150.0,86103.1856,1
1783962000000,0.18193,0.18242,0.18052,0.18052,9208.0,920870.0,167296.5896,1
1783965600000,0.18062,0.18169,0.18061,0.1813,4439.0,443920.0,80420.8125,1
1783969200000,0.18135,0.18253,0.18113,0.18204,5267.0,526720.0,95777.2741,1
1783972800000,0.18206,0.1821,0.18016,0.18059,5027.0,502720.0,90972.9151,1
1783976400000,0.1806,0.18062,0.17819,0.17981,8328.0,832830.0,149539.952,1
1783980000000,0.17978,0.18076,0.17969,0.17991,5688.0,568870.0,102605.4451,1
1783983600000,0.17988,0.18073,0.17969,0.18072,2837.0,283790.0,51117.9837,1
1783987200000,0.18074,0.18111,0.17984,0.18092,5258.0,525880.0,94944.7818,1
1783990800000,0.18093,0.18105,0.17961,0.17966,3914.0,391460.0,70556.4745,1
1783994400000,0.17968,0.17968,0.17857,0.17893,5900.0,590070.0,105721.8853,1
1783998000000,0.17893,0.17906,0.17775,0.17863,10365.0,1036550.0,184965.3097,1
1784001600000,0.17867,0.17921,0.17824,0.17894,3777.0,377780.0,67551.4702,1
1784005200000,0.17891,0.18002,0.17876,0.17941,7242.0,724200.0,130113.9244,1
1784008800000,0.1794,0.17941,0.17861,0.17876,2999.0,299910.0,53690.8152,1
1784012400000,0.17874,0.17933,0.17864,0.17866,3170.0,317010.0,56741.2313,1
1784016000000,0.17869,0.17881,0.17786,0.17819,3768.0,376840.0,67170.3657,1
1784019600000,0.17819,0.17847,0.1777,0.17791,2406.0,240650.0,42852.1544,1
1784023200000,0.17792,0.17985,0.17785,0.17956,2539.0,253980.0,45387.1989,1
1784026800000,0.17958,0.18087,0.17926,0.1805,4782.0,478240.0,86137.1701,1
1784030400000,0.1805,0.18411,0.18006,0.18406,10954.0,1095450.0,200314.8498,1
1784034000000,0.18411,0.18654,0.18336,0.18486,14190.0,1419060.0,262288.1596,1
1784037600000,0.18487,0.18497,0.18334,0.18432,8933.0,893320.0,164286.7845,1
1784041200000,0.18427,0.18539,0.18368,0.1844,8381.0,838110.0,154527.4866,1
1784044800000,0.18442,0.18533,0.18406,0.18444,5387.0,538700.0,99530.734,1
1784048400000,0.18442,0.1848,0.18346,0.18462,8720.0,872060.0,160398.5001,1
1784052000000,0.18465,0.18693,0.18407,0.18503,63723.0,6372380.0,1183624.9507,1
1784055600000,0.18505,0.18631,0.18421,0.18501,4692.0,469250.0,86963.6527,1
1784059200000,0.18512,0.18519,0.18239,0.18473,39021.0,3902150.0,715913.1647,1
1784062800000,0.18469,0.18495,0.18361,0.18375,14075.0,1407530.0,259532.5474,1
1784066400000,0.18383,0.18548,0.18126,0.18456,46992.0,4699210.0,857584.0767,1
1784070000000,0.18456,0.18477,0.18421,0.18432,2288.0,228890.0,42213.2906,1
1784073600000,0.18434,0.18434,0.18336,0.18415,3987.0,398790.0,73315.9617,1
1784077200000,0.18418,0.18418,0.18357,0.18372,2993.0,299330.0,55027.1158,1
1784080800000,0.18372,0.18372,0.18183,0.18187,4062.0,406260.0,74142.6071,1
1784084400000,0.18187,0.18328,0.18174,0.18296,3583.0,358380.0,65367.3563,1
1784088000000,0.18297,0.18344,0.18253,0.18325,2682.0,268230.0,49112.8211,1
1784091600000,0.18329,0.18379,0.1823,0.18376,2258.0,225860.0,41322.3457,1
1784095200000,0.18379,0.18461,0.18334,0.18334,4466.0,446650.0,82206.6055,1
1784098800000,0.18334,0.18334,0.18186,0.18188,3743.0,374390.0,68275.2734,1
1784102400000,0.18189,0.18306,0.18155,0.18296,4742.0,474250.0,86481.5262,1
1784106000000,0.18296,0.18419,0.18292,0.18352,5588.0,558800.0,102661.348,1
1784109600000,0.18355,0.18459,0.18335,0.18441,3798.0,379850.0,69933.2669,1
1784113200000,0.18441,0.18596,0.18427,0.1857,5323.0,532390.0,98728.6628,1
1784116800000,0.18567,0.19127,0.18566,0.18912,27481.0,2748190.0,520959.892,1
1784120400000,0.18918,0.19211,0.18763,0.18796,34042.0,3404270.0,648173.2912,1
1784124000000,0.18797,0.18969,0.18738,0.18853,13725.0,1372520.0,258717.4488,1
1784127600000,0.18855,0.18855,0.18599,0.18599,11219.0,1121930.0,210097.5462,1
1784131200000,0.18606,0.18801,0.18472,0.18717,12241.0,1224160.0,228012.2598,1
1784134800000,0.18719,0.18856,0.18707,0.18842,8402.0,840270.0,157849.5826,1
1784138400000,0.1883,0.1895,0.18707,0.1871,6147.0,614770.0,115763.0463,1
1784142000000,0.1871,0.18714,0.18571,0.18609,4866.0,486660.0,90710.2329,1
1784145600000,0.18611,0.18772,0.18589,0.18725,3051.0,305140.0,57066.2803,1
1784149200000,0.18725,0.18954,0.18674,0.18947,5810.0,581030.0,109466.3262,1
1784152800000,0.18943,0.18969,0.18835,0.1889,7610.0,761040.0,143864.1344,1
1784156400000,0.1889,0.18969,0.1881,0.1883,4539.0,453940.0,85782.4822,1
1784160000000,0.18828,0.18969,0.1878,0.18816,6007.0,600700.0,113375.232,1
1784163600000,0.18819,0.1884,0.18656,0.18791,6696.0,669690.0,125509.6483,1
1784167200000,0.18794,0.18865,0.18724,0.18859,5032.0,503260.0,94544.7399,1
1784170800000,0.18858,0.18879,0.18732,0.18757,3177.0,317750.0,59737.7421,1
1784174400000,0.18763,0.1885,0.18673,0.18841,2828.0,282880.0,53013.3449,1
1784178000000,0.18832,0.18949,0.18781,0.18847,3338.0,333830.0,62968.2456,1
1784181600000,0.18851,0.18932,0.18724,0.18873,4105.0,410530.0,77256.5978,1
1784185200000,0.18872,0.18929,0.1878,0.18783,4243.0,424360.0,80016.5409,1
1784188800000,0.18783,0.18969,0.18592,0.1883,9507.0,950740.0,178377.1198,1
1784192400000,0.18825,0.18879,0.18743,0.18863,3368.0,336880.0,63376.596,1
1784196000000,0.18868,0.18987,0.18844,0.18877,4323.0,432310.0,81778.8998,1
1784199600000,0.18877,0.19137,0.18813,0.1912,4353.0,435330.0,82414.2911,1
1784203200000,0.19137,0.19222,0.18885,0.18963,9163.0,916390.0,174233.6965,1
1784206800000,0.18962,0.19137,0.18918,0.19123,8678.0,867860.0,165222.7158,1
1784210400000,0.1912,0.19264,0.1896,0.19035,14478.0,1447820.0,276916.1314,1
1784214000000,0.19031,0.19222,0.18932,0.19222,12472.0,1247290.0,237624.5761,1
1784217600000,0.19212,0.19275,0.19084,0.19221,9473.0,947320.0,181731.7783,1
1784221200000,0.19221,0.19221,0.18924,0.19008,8091.0,809150.0,153894.0543,1
1784224800000,0.19008,0.19086,0.18866,0.18956,6619.0,661980.0,125527.0481,1
1784228400000,0.18956,0.19053,0.18885,0.18972,10536.0,1053690.0,199861.6058,1
1784232000000,0.18964,0.19073,0.18906,0.18978,3255.0,325560.0,61792.8503,1
1784235600000,0.18981,0.19135,0.18979,0.19003,3409.0,340950.0,65017.2445,1
1784239200000,0.1901,0.19127,0.18767,0.18775,6726.0,672620.0,127284.8215,1
1784242800000,0.18765,0.18795,0.18481,0.18497,8759.0,875900.0,162730.7061,1
1784246400000,0.18488,0.18513,0.18295,0.18404,9626.0,962680.0,176969.0604,1
1784250000000,0.18399,0.18564,0.18254,0.18312,15977.0,1597700.0,293974.942,1
1784253600000,0.18312,0.1836,0.18237,0.18321,4972.0,497260.0,91043.9661,1
1784257200000,0.1832,0.18514,0.18305,0.18422,5637.0,563790.0,103894.2716,1
1784260800000,0.18424,0.18556,0.18323,0.18477,10495.0,1049590.0,194012.1382,1
1784264400000,0.18469,0.18477,0.18206,0.1826,13537.0,1353790.0,247705.4887,1
1784268000000,0.18262,0.18389,0.182,0.18306,11154.0,1115470.0,204547.9256,1
1784271600000,0.18299,0.18331,0.18226,0.18252,3559.0,355950.0,65063.5017,1
1784275200000,0.18259,0.18322,0.18208,0.18287,5707.0,570720.0,104231.1299,1
1784278800000,0.18291,0.18391,0.18264,0.18335,3897.0,389710.0,71460.6145,1
1784282400000,0.18339,0.18433,0.18333,0.18374,4097.0,409770.0,75318.5109,1
1784286000000,0.18374,0.18458,0.18334,0.1842,2831.0,283180.0,52104.9038,1
1784289600000,0.18418,0.18422,0.18309,0.18316,3967.0,396790.0,72848.3805,1
1784293200000,0.18316,0.18447,0.18158,0.1844,9368.0,936810.0,171048.6456,1
1784296800000,0.18452,0.187,0.1842,0.18571,16803.0,1680350.0,312782.8802,1
1784300400000,0.18555,0.18699,0.18421,0.18676,9647.0,964720.0,179137.5651,1
1784304000000,0.1868,0.18778,0.18588,0.18679,11904.0,1190410.0,222484.0018,1
1784307600000,0.1868,0.1878,0.18667,0.18695,6731.0,673190.0,125970.4239,1
1784311200000,0.18695,0.18732,0.18593,0.18678,5410.0,541050.0,100952.9871,1
1784314800000,0.18676,0.18728,0.18571,0.187,5599.0,559950.0,104440.7568,1
1784318400000,0.18703,0.18763,0.18605,0.18649,4235.0,423540.0,79017.0832,1
1784322000000,0.18645,0.187,0.18602,0.1862,1703.0,170350.0,31762.8215,1
1784325600000,0.1862,0.1862,0.18488,0.18517,2148.0,214820.0,39824.8842,1
1784329200000,0.18522,0.18583,0.18464,0.18539,2804.0,280430.0,51929.3512,1
1784332800000,0.18539,0.18589,0.18481,0.18489,1949.0,194960.0,36107.5502,1
1784336400000,0.18487,0.18532,0.18481,0.18481,1517.0,151730.0,28072.6078,1
1784340000000,0.18481,0.18519,0.18433,0.18505,4577.0,457750.0,84576.1154,1
1784343600000,0.18505,0.18544,0.18427,0.18457,1548.0,154880.0,28633.0916,1
1784347200000,0.18457,0.18483,0.18407,0.18464,3291.0,329110.0,60702.5859,1
1784350800000,0.18464,0.18508,0.18421,0.18444,1516.0,151600.0,27997.743,1
1784354400000,0.18459,0.18526,0.18436,0.18512,2428.0,242870.0,44881.0621,1
1784358000000,0.18511,0.18519,0.18445,0.18466,2299.0,229920.0,42475.1285,1
1784361600000,0.18466,0.18523,0.18436,0.18447,1374.0,137440.0,25392.2044,1
1784365200000,0.18452,0.1846,0.18312,0.18363,3303.0,330320.0,60712.3991,1
1784368800000,0.18363,0.18372,0.1832,0.18325,1249.0,124910.0,22918.1213,1
1784372400000,0.18325,0.18407,0.18308,0.18406,2965.0,296510.0,54419.6091,1
1784376000000,0.18406,0.18557,0.18406,0.18526,4275.0,427520.0,79090.5278,1
1784379600000,0.1852,0.1852,0.18379,0.18486,3308.0,330800.0,61039.4928,1
1784383200000,0.18483,0.18685,0.18477,0.18683,6315.0,631560.0,117586.8779,1
1784386800000,0.18682,0.18826,0.18618,0.18703,6408.0,640840.0,120002.638,1
1784390400000,0.18698,0.18905,0.18672,0.18879,3400.0,340030.0,63790.1206,1
1784394000000,0.18861,0.18905,0.1867,0.18757,5628.0,562860.0,105724.7364,1
1784397600000,0.1874,0.188,0.18656,0.18687,2917.0,291720.0,54607.2694,1
1784401200000,0.18687,0.18738,0.1864,0.18726,2429.0,242990.0,45422.1964,1
1784404800000,0.18738,0.18856,0.18727,0.18789,3359.0,335900.0,63147.2279,1
1784408400000,0.18789,0.1883,0.18763,0.1881,7680.0,768070.0,144305.8442,1
1784412000000,0.18811,0.18864,0.1878,0.188,2153.0,215390.0,40554.1964,1
1784415600000,0.18799,0.18825,0.18753,0.18765,2059.0,205910.0,38671.4818,1
1784419200000,0.18766,0.18793,0.18688,0.18696,2961.0,296190.0,55463.385,1
1784422800000,0.18692,0.18708,0.18652,0.1868,1191.0,119160.0,22262.8005,1
1784426400000,0.1868,0.18797,0.18679,0.18774,5135.0,513510.0,96327.6553,1
1784430000000,0.18772,0.18788,0.18689,0.1872,1970.0,197030.0,36887.2599,1
1784433600000,0.18719,0.18729,0.18638,0.1867,2710.0,271090.0,50608.7893,1
1784437200000,0.18671,0.18709,0.18641,0.18641,970.0,97040.0,18119.8344,1
1784440800000,0.18641,0.18695,0.18595,0.18619,1926.0,192670.0,35891.1527,1
1784444400000,0.18619,0.18671,0.18609,0.18633,2011.0,201190.0,37519.5066,1
1784448000000,0.18628,0.18715,0.18606,0.18695,3024.0,302440.0,56423.3213,1
1784451600000,0.18694,0.18719,0.18636,0.18698,1927.0,192730.0,36010.6685,1
1784455200000,0.18698,0.18772,0.18666,0.18726,1782.0,178290.0,33366.144,1
1784458800000,0.18731,0.18866,0.18698,0.18795,5910.0,591090.0,111115.4207,1
1784462400000,0.18795,0.1917,0.1878,0.19039,7338.0,733830.0,139326.2585,1
1784466000000,0.19051,0.19149,0.18889,0.19094,5764.0,576410.0,109615.0423,1
1784469600000,0.19097,0.19126,0.18969,0.19084,6722.0,672240.0,128001.0617,1
1784473200000,0.19078,0.19153,0.18983,0.19018,14715.0,1471580.0,280479.2983,1
1784476800000,0.19018,0.19053,0.18937,0.18984,6097.0,609730.0,115856.7338,1
1784480400000,0.18982,0.19006,0.18922,0.18936,11472.0,1147210.0,217572.2381,1
1784484000000,0.18934,0.18991,0.18861,0.18913,7281.0,728180.0,137773.8339,1
1784487600000,0.18922,0.19053,0.18918,0.19053,7218.0,721850.0,136930.145,1
1784491200000,0.19032,0.19161,0.19032,0.19147,8161.0,816180.0,155944.713,1
1784494800000,0.19157,0.19162,0.18923,0.18944,8412.0,841220.0,160482.6492,1
1784498400000,0.18936,0.19078,0.18771,0.18787,11202.0,1120280.0,211887.9308,1
1784502000000,0.18785,0.188,0.18705,0.18796,6679.0,667940.0,125316.5725,1
1784505600000,0.18796,0.18992,0.1866,0.187,14359.0,1435970.0,271183.2905,1
1784509200000,0.18702,0.18926,0.187,0.18731,7858.0,785800.0,147837.3533,1
1784512800000,0.18731,0.18856,0.18706,0.18768,7154.0,715400.0,134322.7465,1
1784516400000,0.18765,0.18797,0.18688,0.18714,6222.0,622230.0,116460.0666,1
1784520000000,0.18714,0.1878,0.18633,0.18676,5765.0,576530.0,107760.6265,1
1784523600000,0.18676,0.18691,0.18502,0.18546,14104.0,1410410.0,261958.8087,1
1784527200000,0.18555,0.18597,0.18421,0.18441,9130.0,913050.0,168687.1398,1
1784530800000,0.18444,0.18556,0.18423,0.18538,10024.0,1002490.0,185129.0696,1
1784534400000,0.18533,0.18614,0.18481,0.18594,6140.0,614030.0,113852.4971,1
1784538000000,0.18594,0.18736,0.18551,0.18689,3461.0,346160.0,64618.4787,1
1784541600000,0.18688,0.18741,0.18659,0.18684,3239.0,323970.0,60592.7959,1
1784545200000,0.18684,0.18926,0.18624,0.18889,12213.0,1221350.0,230135.9657,1
1784548800000,0.18887,0.18887,0.18756,0.18761,6670.0,667020.0,125421.0346,1
1784552400000,0.1877,0.18777,0.18632,0.18633,6431.0,643100.0,120194.6187,1
1784556000000,0.18633,0.18639,0.18495,0.18617,7323.0,732360.0,136062.0917,1
1784559600000,0.18625,0.18981,0.1862,0.18882,11758.0,1175890.0,221600.3517,1
1784563200000,0.18882,0.19008,0.18863,0.18899,10897.0,1089730.0,206531.7987,1
1784566800000,0.18899,0.18945,0.18849,0.18902,3855.0,385590.0,72859.8124,1
1784570400000,0.18904,0.19003,0.18856,0.18856,4847.0,484780.0,91786.2091,1
1784574000000,0.18856,0.18862,0.18717,0.18759,4667.0,466790.0,87631.1498,1
1784577600000,0.18759,0.18882,0.18723,0.18847,2195.0,219580.0,41311.7665,1
1784581200000,0.18846,0.18962,0.18833,0.18864,1981.0,198180.0,37438.8321,1
1784584800000,0.1886,0.1886,0.18798,0.18814,2480.0,248090.0,46708.1195,1
1784588400000,0.18814,0.18875,0.18806,0.1884,2688.0,268830.0,50658.2763,1
1784592000000,0.1884,0.18889,0.18748,0.18845,4341.0,434120.0,81653.9871,1
1784595600000,0.18842,0.18905,0.18706,0.18723,4435.0,443510.0,83444.0612,1
1784599200000,0.18725,0.18754,0.1864,0.18726,3776.0,377610.0,70648.7693,1
1784602800000,0.18725,0.18849,0.18715,0.18835,4082.0,408250.0,76676.2276,1
1784606400000,0.18836,0.18885,0.18797,0.18871,10150.0,1015070.0,191395.5931,1
1784610000000,0.18862,0.18982,0.18859,0.18961,4963.0,496390.0,93956.9557,1
1784613600000,0.18961,0.19075,0.18961,0.19001,5825.0,582540.0,110776.9621,1
1784617200000,0.18999,0.19178,0.18998,0.19178,5844.0,584420.0,111506.8541,1
1784620800000,0.19177,0.19348,0.1914,0.1924,8730.0,873080.0,168063.9421,1
1784624400000,0.19242,0.19267,0.19107,0.19219,14571.0,1457130.0,279379.8649,1
1784628000000,0.19225,0.19291,0.19143,0.19167,4565.0,456520.0,87762.7652,1
1784631600000,0.1916,0.19289,0.19123,0.19188,5468.0,546850.0,105111.9416,1
1784635200000,0.19196,0.19293,0.19156,0.19293,7941.0,794170.0,152720.3522,1
1784638800000,0.19291,0.19623,0.1925,0.19388,16081.0,1608150.0,312063.26,1
1784642400000,0.19382,0.19479,0.19305,0.19383,10033.0,1003360.0,194599.7541,1
1784646000000,0.19384,0.19441,0.19228,0.19277,10910.0,1091070.0,210890.529,1
1784649600000,0.1928,0.19405,0.19213,0.19242,10657.0,1065700.0,205719.2229,1
1784653200000,0.19238,0.19384,0.19161,0.19312,12155.0,1215570.0,234174.897,1
1784656800000,0.19321,0.19419,0.19244,0.19261,13586.0,1358610.0,262669.0457,1
1784660400000,0.1927,0.19413,0.19242,0.19342,5510.0,551040.0,106615.8163,1
1784664000000,0.19351,0.19385,0.19193,0.19204,4840.0,484060.0,93127.554,1
1784667600000,0.19196,0.19292,0.19175,0.19286,5258.0,525880.0,101132.5307,1
1784671200000,0.19286,0.19286,0.19123,0.19163,8457.0,845730.0,162249.0931,1
1784674800000,0.19161,0.19199,0.19047,0.19199,9024.0,902420.0,172600.0783,1
1784678400000,0.19199,0.1939,0.19176,0.1939,5768.0,576880.0,111330.1126,1
1784682000000,0.19389,0.19525,0.19291,0.19317,6726.0,672620.0,130254.9045,1
1784685600000,0.19316,0.19326,0.19239,0.19242,4148.0,414830.0,80003.0589,1
1784689200000,0.19239,0.19249,0.19067,0.19103,4428.0,442850.0,84774.6639,1
1784692800000,0.19095,0.19189,0.19084,0.19147,3021.0,302140.0,57844.9363,1
1784696400000,0.19147,0.19151,0.18856,0.18902,10434.0,1043490.0,197821.739,1
1784700000000,0.18907,0.18922,0.18773,0.18847,5473.0,547350.0,103074.6335,1
1784703600000,0.18853,0.18883,0.18782,0.18846,6754.0,675460.0,127226.2214,1
1784707200000,0.18843,0.18969,0.18843,0.18965,3666.0,366610.0,69362.2168,1
1784710800000,0.18965,0.18992,0.18911,0.18957,2452.0,245250.0,46485.401,1
1784714400000,0.18957,0.19015,0.18927,0.19006,2185.0,218550.0,41456.2592,1
1784718000000,0.18999,0.1902,0.18903,0.18943,4472.0,447270.0,84751.965,1
1784721600000,0.18937,0.18941,0.18782,0.18832,3448.0,344870.0,65068.9781,1
1784725200000,0.18833,0.1907,0.18793,0.1907,6835.0,683540.0,129009.5537,1
1784728800000,0.19063,0.19149,0.18847,0.18907,8944.0,894410.0,169572.5279,1
1784732400000,0.18907,0.19104,0.18884,0.18959,7993.0,799340.0,152058.133,1
1784736000000,0.1895,0.192,0.18945,0.19127,5047.0,504750.0,96270.5939,1
1784739600000,0.1913,0.19133,0.18935,0.18949,4851.0,485110.0,92228.3122,1
1784743200000,0.18964,0.18983,0.18824,0.18873,8208.0,820840.0,154954.0075,1
1784746800000,0.18873,0.18873,0.18675,0.18704,16523.0,1652330.0,309517.2417,1
1784750400000,0.18698,0.18752,0.18663,0.18688,7830.0,783060.0,146478.9364,1
1784754000000,0.18688,0.18834,0.18673,0.18829,2993.0,299330.0,56128.6815,1
1784757600000,0.18834,0.18841,0.18718,0.18774,9278.0,927880.0,174112.5371,1
1784761200000,0.18774,0.18774,0.18565,0.18707,5164.0,516460.0,96237.7607,1
1784764800000,0.18706,0.1875,0.1867,0.1869,4161.0,416100.0,77836.396,1
1784768400000,0.18679,0.18708,0.18605,0.18632,7350.0,735030.0,137095.8299,1
1784772000000,0.18625,0.18651,0.18568,0.18645,3438.0,343800.0,63948.6172,1
1784775600000,0.18645,0.18647,0.18351,0.18384,7732.0,773270.0,142854.3794,1
1784779200000,0.18378,0.1845,0.18353,0.18435,2964.0,296490.0,54566.3071,1
1784782800000,0.18433,0.18505,0.18413,0.18438,3251.0,325140.0,59972.1946,1
1784786400000,0.18438,0.18455,0.18407,0.18436,1466.0,146690.0,27047.6218,1
1784790000000,0.18436,0.18436,0.18327,0.18353,3723.0,372320.0,68353.6051,1
1784793600000,0.18353,0.1845,0.18341,0.18436,2624.0,262430.0,48290.5305,1
1784797200000,0.18436,0.18516,0.18413,0.18447,2832.0,283250.0,52345.6544,1
1784800800000,0.18447,0.18497,0.18429,0.18476,3545.0,354590.0,65525.4946,1
1784804400000,0.18477,0.18518,0.18449,0.18468,3727.0,372780.0,68912.0055,1
1784808000000,0.18464,0.18471,0.1817,0.183,13718.0,1371860.0,251230.0443,1
1784811600000,0.18301,0.1831,0.18165,0.18165,9484.0,948400.0,172870.897,1
1784815200000,0.18163,0.18277,0.18128,0.18157,12012.0,1201280.0,218629.9163,1
1784818800000,0.18159,0.18347,0.18025,0.18241,11154.0,1115450.0,202296.6323,1
1784822400000,0.18241,0.18284,0.18183,0.18244,5615.0,561520.0,102375.9704,1
1784826000000,0.18243,0.18268,0.18118,0.18133,5351.0,535180.0,97448.3613,1
1784829600000,0.18131,0.18242,0.1812,0.18223,4115.0,411510.0,74785.3455,1
1784833200000,0.18232,0.18304,0.18188,0.18273,4674.0,467470.0,85298.684,1
1784836800000,0.1827,0.18368,0.1827,0.18345,4576.0,457670.0,83872.8996,1
1784840400000,0.18347,0.18365,0.18215,0.18234,3716.0,371650.0,67996.7756,1
1784844000000,0.18247,0.18262,0.18197,0.18258,2265.0,226560.0,41318.7974,1
1784847600000,0.18258,0.18278,0.182,0.182,2797.0,279710.0,51026.8839,1
1784851200000,0.18204,0.18214,0.18111,0.18206,5168.0,516860.0,93920.2975,1
1784854800000,0.18207,0.18283,0.18198,0.18228,3935.0,393570.0,71778.8837,1
1784858400000,0.18227,0.1825,0.18143,0.18188,4007.0,400750.0,72918.83,1
1784862000000,0.18188,0.18319,0.18175,0.18319,58747.0,5874720.0,1073809.8762,1
1784865600000,0.18324,0.18406,0.18301,0.18375,5870.0,587090.0,107690.0802,1
1784869200000,0.18375,0.18454,0.18354,0.18443,3353.0,335370.0,61765.9197,1
1784872800000,0.18443,0.18464,0.18295,0.18329,59684.0,5968460.0,1097487.1723,1
1784876400000,0.18328,0.18452,0.18327,0.18424,3775.0,377590.0,69499.9026,1
1784880000000,0.18424,0.1844,0.18341,0.18351,1590.0,159080.0,29242.4636,1
1784883600000,0.18345,0.18358,0.18248,0.18314,2950.0,295080.0,53968.8357,1
1784887200000,0.18314,0.18319,0.18211,0.18242,2484.0,248470.0,45353.5115,1
1784890800000,0.1824,0.18267,0.18196,0.18231,3334.0,333410.0,60782.7126,1
1784894400000,0.18229,0.18249,0.18114,0.18115,3405.0,340510.0,61911.9259,1
1784898000000,0.18117,0.18123,0.17971,0.18042,18648.0,1864860.0,336431.1778,1
1784901600000,0.18044,0.1806,0.17571,0.17793,19689.0,1968940.0,350451.3886,1
1784905200000,0.1779,0.17826,0.17718,0.17782,4796.0,479680.0,85256.4899,1
1784908800000,0.17779,0.17801,0.17684,0.17716,4970.0,497080.0,88121.4882,1
1784912400000,0.17716,0.17785,0.17686,0.17711,2555.0,255520.0,45286.0461,1
1784916000000,0.17711,0.17753,0.17652,0.1773,2505.0,250500.0,44321.6851,1
1784919600000,0.1773,0.17759,0.17698,0.1775,2429.0,242910.0,43070.2577,1
1784923200000,0.17752,0.17794,0.17749,0.17779,1633.0,163310.0,29027.4748,1
1784926800000,0.17779,0.17789,0.17679,0.17679,1750.0,175050.0,31068.071,1
1784930400000,0.17679,0.17743,0.17663,0.17724,4599.0,459980.0,81360.9969,1
1784934000000,0.17724,0.17781,0.1771,0.17779,1313.0,131370.0,23308.8766,1
1784937600000,0.17776,0.17826,0.17748,0.17826,1729.0,172950.0,30750.8357,1
1784941200000,0.17826,0.17895,0.17788,0.17867,2626.0,262670.0,46869.6963,1
1784944800000,0.17877,0.17911,0.17847,0.17898,2201.0,220170.0,39371.676,1
1784948400000,0.179,0.17987,0.17863,0.17903,1639.0,163920.0,29345.446,1
1784952000000,0.17903,0.17934,0.17837,0.17837,1677.0,167750.0,29982.3186,1
1784955600000,0.17837,0.17865,0.1771,0.17714,2632.0,263230.0,46815.3005,1
1784959200000,0.17714,0.17752,0.17668,0.17713,2906.0,290640.0,51431.527,1
1784962800000,0.17713,0.17727,0.17669,0.17671,1260.0,126020.0,22305.3459,1
1784966400000,0.17669,0.17726,0.17622,0.1767,3055.0,305500.0,53957.8694,1
1784970000000,0.17674,0.17701,0.17666,0.17678,3559.0,355970.0,62964.5189,1
1784973600000,0.17678,0.17702,0.17664,0.17698,1809.0,180970.0,32002.3484,1
1784977200000,0.17698,0.17771,0.17688,0.17754,2908.0,290840.0,51590.9508,1
1784980800000,0.17757,0.17758,0.17725,0.17748,1095.0,109580.0,19437.1501,1
1784984400000,0.17751,0.17873,0.17737,0.17828,2941.0,294170.0,52385.4592,1
1784988000000,0.17828,0.17828,0.17777,0.17806,1696.0,169620.0,30196.7722,1
1784991600000,0.17804,0.17874,0.17803,0.17829,1847.0,184780.0,32949.8701,1
1784995200000,0.17829,0.17897,0.17808,0.17896,2558.0,255850.0,45662.6128,1
1784998800000,0.17896,0.17924,0.17826,0.17865,2030.0,203020.0,36306.5703,1
1785002400000,0.17871,0.17903,0.17861,0.17883,2114.0,211410.0,37801.4784,1
1785006000000,0.17886,0.17908,0.17867,0.17899,1007.0,100730.0,18016.5027,1
1785009600000,0.17901,0.17904,0.17813,0.17815,1443.0,144360.0,25765.6123,1
1785013200000,0.17815,0.17851,0.17754,0.17821,3876.0,387610.0,68950.8476,1
1785016800000,0.17821,0.17872,0.17819,0.17856,1018.0,101880.0,18183.8259,1
1785020400000,0.17856,0.17865,0.17773,0.17801,2691.0,269110.0,47865.8551,1
1785024000000,0.17801,0.17836,0.17769,0.17816,1425.0,142540.0,25384.2138,1
1785027600000,0.17816,0.17827,0.17751,0.17777,2079.0,207950.0,36974.9874,1
1785031200000,0.17777,0.17781,0.17663,0.17741,4599.0,459960.0,81415.5636,1
1785034800000,0.17741,0.17781,0.17698,0.17755,3573.0,357350.0,63438.6233,1
1785038400000,0.17761,0.17816,0.17722,0.17776,3029.0,302930.0,53848.5616,1
1785042000000,0.17776,0.1782,0.17707,0.17764,4354.0,435430.0,77398.6096,1
1785045600000,0.17763,0.1783,0.177,0.1783,7613.0,761320.0,135236.4376,1
1785049200000,0.1783,0.17856,0.17774,0.17789,1672.0,167260.0,29797.2816,1
1785052800000,0.17789,0.17836,0.17775,0.17796,1820.0,182030.0,32406.3053,1
1785056400000,0.17796,0.17855,0.17778,0.17781,1035.0,103520.0,18437.8748,1
1785060000000,0.17781,0.17836,0.17759,0.17809,2019.0,201910.0,35950.1028,1
1785063600000,0.17805,0.17806,0.17727,0.17733,1986.0,198620.0,35302.9379,1
1785067200000,0.17732,0.17826,0.17719,0.17814,1937.0,193780.0,34479.4656,1
1785070800000,0.17812,0.17862,0.17758,0.17821,2229.0,222960.0,39705.2367,1
1785074400000,0.17821,0.17896,0.17795,0.17843,2699.0,269940.0,48168.9745,1
1785078000000,0.17851,0.18016,0.17843,0.18015,4948.0,494840.0,88758.7922,1
1785081600000,0.18016,0.18024,0.17915,0.17926,4473.0,447360.0,80346.5131,1
1785085200000,0.17926,0.17968,0.17877,0.17901,2370.0,237050.0,42479.5344,1
1785088800000,0.17901,0.1794,0.17881,0.17938,1966.0,196680.0,35211.3874,1
1785092400000,0.17938,0.17961,0.17915,0.17955,1804.0,180440.0,32377.1756,1
1785096000000,0.1796,0.17961,0.17857,0.17857,2492.0,249260.0,44626.5098,1
1785099600000,0.17857,0.18039,0.17845,0.17977,5720.0,572070.0,102480.6479,1
1785103200000,0.17987,0.18294,0.17987,0.18247,16331.0,1633100.0,296216.6198,1
1785106800000,0.18258,0.18334,0.18146,0.18254,5453.0,545330.0,99540.2644,1
1785110400000,0.18253,0.18268,0.18172,0.18188,6288.0,628860.0,114501.2312,1
1785114000000,0.18188,0.1822,0.18045,0.18159,4917.0,491700.0,89189.7182,1
1785117600000,0.1816,0.18203,0.18102,0.18164,2814.0,281480.0,51083.7745,1
1785121200000,0.18164,0.18197,0.18091,0.18165,2718.0,271880.0,49314.3666,1
1785124800000,0.18165,0.18211,0.18126,0.1815,2786.0,278640.0,50622.189,1
1785128400000,0.1815,0.18211,0.1812,0.18188,2416.0,241690.0,43914.1709,1
1785132000000,0.18188,0.18304,0.18176,0.18245,3271.0,327130.0,59687.7462,1
1785135600000,0.18244,0.18274,0.18171,0.18174,2490.0,249060.0,45398.0597,1
1785139200000,0.18177,0.18191,0.18094,0.18099,3004.0,300480.0,54489.4448,1
1785142800000,0.18088,0.18178,0.18054,0.18175,2875.0,287540.0,52078.431,1
1785146400000,0.18172,0.18216,0.1816,0.18201,2685.0,268550.0,48870.4463,1
1785150000000,0.18196,0.1821,0.18127,0.18164,2340.0,234090.0,42501.4077,1
1785153600000,0.18169,0.18196,0.18028,0.18104,3175.0,317580.0,57462.2913,1
1785157200000,0.18104,0.18211,0.18,0.18115,5634.0,563400.0,102061.8963,1
1785160800000,0.18116,0.18116,0.17477,0.17615,15993.0,1599320.0,284150.9516,1
1785164400000,0.17611,0.17637,0.17482,0.17549,11006.0,1100670.0,193399.4021,1
1785168000000,0.17538,0.17683,0.17482,0.17669,7646.0,764680.0,134455.6438,1
1785171600000,0.17669,0.17704,0.17627,0.17693,3908.0,390830.0,69093.1671,1
1785175200000,0.17696,0.17742,0.17601,0.17633,7658.0,765890.0,135277.8697,1
1785178800000,0.17637,0.17723,0.17615,0.17707,11275.0,1127500.0,199058.4921,1
1785182400000,0.17719,0.17752,0.17621,0.17632,4229.0,422960.0,74651.5514,1
1785186000000,0.17632,0.17632,0.17578,0.17598,1749.0,174990.0,30804.1892,1
1785189600000,0.17598,0.17598,0.17245,0.1725,11565.0,1156590.0,201239.4769,1
1785193200000,0.1725,0.17263,0.17108,0.17182,17992.0,1799230.0,309209.6728,1
1785196800000,0.17189,0.17226,0.17108,0.17163,11616.0,1161610.0,199380.7434,1
1785200400000,0.1717,0.17231,0.17074,0.17189,10520.0,1052090.0,180338.3582,1
1785204000000,0.17189,0.17241,0.17173,0.17212,3065.0,306540.0,52746.6869,1
1785207600000,0.17212,0.17232,0.17178,0.17195,2128.0,212850.0,36640.097,1
1785211200000,0.17195,0.17196,0.17136,0.17163,2347.0,234790.0,40307.9874,1
1785214800000,0.17165,0.17235,0.17157,0.17214,1688.0,168830.0,29015.2653,1
1785218400000,0.17216,0.17286,0.17179,0.17269,3072.0,307260.0,52972.9617,1
1785222000000,0.17269,0.17279,0.17185,0.172,2129.0,212920.0,36663.068,1
1785225600000,0.17204,0.17213,0.17155,0.17168,3566.0,356640.0,61282.3015,1
1785229200000,0.17168,0.17193,0.171,0.17118,1898.0,189860.0,32565.2488,1
1785232800000,0.17118,0.17139,0.1707,0.17107,3085.0,308590.0,52799.5614,1
1785236400000,0.17112,0.17116,0.17005,0.17017,5999.0,599970.0,102260.3432,1
1785240000000,0.17016,0.17164,0.1701,0.17142,3722.0,372220.0,63572.3332,1
1785243600000,0.17144,0.17164,0.16973,0.17021,7508.0,750880.0,128076.8738,1
1785247200000,0.17026,0.17088,0.16957,0.17043,7663.0,766360.0,130411.3752,1
1785250800000,0.17048,0.17257,0.17016,0.17238,8430.0,843020.0,144724.7549,1
1785254400000,0.17235,0.17302,0.17182,0.17272,3738.0,373880.0,64411.7362,1
1785258000000,0.17272,0.17272,0.171,0.17124,15543.0,1554350.0,266155.7127,1
1785261600000,0.17128,0.17227,0.17128,0.17224,2582.0,258290.0,44347.5819,1
1785265200000,0.1723,0.17272,0.17209,0.17252,6606.0,660610.0,113868.3772,1
1785268800000,0.17259,0.17332,0.17237,0.17327,3886.0,388610.0,67147.385,1
1785272400000,0.17327,0.17427,0.17327,0.17406,3624.0,362430.0,62967.7324,1
1785276000000,0.17409,0.17484,0.17252,0.17261,14065.0,1406520.0,243369.7783,1
1785279600000,0.17258,0.17394,0.17215,0.17394,3939.0,393960.0,68087.3203,1
1785283200000,0.17396,0.17537,0.17383,0.17503,8710.0,871090.0,152369.1817,1
1785286800000,0.17497,0.17542,0.17353,0.17356,5493.0,549320.0,95911.3881,1
1785290400000,0.17361,0.17477,0.17326,0.1741,4342.0,434250.0,75527.1853,1
1785294000000,0.17413,0.17416,0.17193,0.17197,5032.0,503260.0,86996.9609,1
1785297600000,0.17197,0.17273,0.17125,0.17273,6066.0,606630.0,104362.127,1
1785301200000,0.17273,0.17391,0.17271,0.17348,4006.0,400660.0,69477.0113,1
1785304800000,0.17348,0.17413,0.17304,0.17373,3726.0,372650.0,64735.6754,1
1785308400000,0.17377,0.17377,0.17292,0.17347,2804.0,280450.0,48610.3618,1
1785312000000,0.17351,0.1737,0.17238,0.17324,3232.0,323240.0,55957.5768,1
1785315600000,0.17333,0.17508,0.17333,0.17453,3117.0,311700.0,54338.3363,1
1785319200000,0.17453,0.17469,0.17349,0.17379,3318.0,331800.0,57782.1534,1
1785322800000,0.17385,0.17453,0.17373,0.17407,2954.0,295430.0,51418.1588,1
1785326400000,0.17407,0.17421,0.17319,0.17376,5119.0,511990.0,88868.4929,1
1785330000000,0.17381,0.17453,0.17332,0.17411,5324.0,532400.0,92670.6664,1
1785333600000,0.17411,0.17418,0.1723,0.17267,7743.0,774360.0,133811.044,1
1785337200000,0.17267,0.17321,0.17159,0.17205,6303.0,630360.0,108615.191,1
1785340800000,0.17205,0.17258,0.171,0.17154,5619.0,561940.0,96456.1903,1
1785344400000,0.17151,0.17287,0.17149,0.17286,4113.0,411310.0,70748.6188,1
1785348000000,0.17276,0.17402,0.17158,0.17265,13921.0,1392120.0,240599.6341,1
1785351600000,0.17272,0.17305,0.17007,0.17019,10612.0,1061240.0,181630.5481,1
1785355200000,0.17023,0.17025,0.1686,0.16904,14783.0,1478320.0,250401.5729,1
1785358800000,0.16905,0.17117,0.16864,0.17117,7638.0,763830.0,129788.3127,1
1785362400000,0.17115,0.17217,0.17111,0.17179,3272.0,327290.0,56187.8154,1
1785366000000,0.17179,0.17214,0.17138,0.17181,2511.0,251110.0,43133.4364,1
1785369600000,0.17182,0.17223,0.17081,0.17106,9560.0,956040.0,163773.1615,1
1785373200000,0.17111,0.17283,0.17099,0.17248,9409.0,940950.0,161478.3201,1
1785376800000,0.17249,0.17289,0.17187,0.17199,2883.0,288360.0,49713.5983,1
1785380400000,0.17201,0.17252,0.17187,0.1721,2965.0,296560.0,51076.0334,1
1785384000000,0.1721,0.17216,0.17143,0.1715,2470.0,247060.0,42425.4974,1
1785387600000,0.17151,0.17191,0.17123,0.17165,3087.0,308710.0,52961.2047,1
1785391200000,0.17166,0.17173,0.17133,0.17136,1519.0,151980.0,26069.5534,1
1785394800000,0.17136,0.17208,0.17132,0.17155,2220.0,222030.0,38133.0161,1
1785398400000,0.17158,0.17263,0.17151,0.17245,2527.0,252740.0,43492.3975,1
1785402000000,0.17246,0.17287,0.17237,0.17255,2715.0,271550.0,46901.2208,1
1785405600000,0.17255,0.17274,0.17209,0.17225,3832.0,383240.0,66067.1981,1
1785409200000,0.17225,0.17303,0.17207,0.17287,1762.0,176230.0,30375.3291,1
1785412800000,0.1729,0.17307,0.17211,0.17255,3111.0,311140.0,53707.9042,1
1785416400000,0.17255,0.1737,0.17204,0.17334,5839.0,583990.0,100860.6985,1
1785420000000,0.17332,0.17349,0.17199,0.17206,4952.0,495270.0,85514.931,1
1785423600000,0.17204,0.17285,0.17159,0.17266,6687.0,668750.0,115108.4156,1
1785427200000,0.17267,0.17311,0.17199,0.17244,8502.0,850280.0,146616.4139,1
1785430800000,0.17242,0.17297,0.17226,0.17256,8528.0,852850.0,147153.6056,1
1785434400000,0.17254,0.17286,0.17206,0.17214,1894.0,189420.0,32688.7074,1
1785438000000,0.1721,0.17302,0.17209,0.17285,2166.0,216610.0,37408.8916,1
1785441600000,0.1728,0.17332,0.17187,0.17206,3126.0,312680.0,53901.7911,1
1785445200000,0.17206,0.17223,0.17179,0.1721,3077.0,307770.0,52928.9593,1
1785448800000,0.17204,0.17264,0.17179,0.1725,4646.0,464680.0,80142.3706,1
1785452400000,0.17247,0.17282,0.17173,0.17177,3060.0,306020.0,52737.4545,1
1785456000000,0.17177,0.172,0.1704,0.17161,13505.0,1350510.0,230965.555,1
1785459600000,0.17162,0.17304,0.17125,0.17133,10814.0,1081460.0,186306.9826,1
1785463200000,0.17135,0.17147,0.17008,0.17024,9042.0,904280.0,154331.3188,1
1785466800000,0.17024,0.17109,0.17,0.17045,3676.0,367600.0,62695.3762,1
1785470400000,0.17042,0.1708,0.17,0.17015,4759.0,475980.0,81017.8393,1
1785474000000,0.17014,0.17089,0.17014,0.17081,2980.0,298020.0,50825.8776,1
1785477600000,0.17083,0.17112,0.17006,0.17045,6093.0,609340.0,104087.7649,1
1785481200000,0.17046,0.17046,0.16935,0.17012,4492.0,449240.0,76223.4822,1
1785484800000,0.17012,0.17038,0.16977,0.17003,4558.0,455860.0,77492.7088,1
1785488400000,0.1701,0.17013,0.16906,0.16913,4016.0,401680.0,68065.8576,1
1785492000000,0.16913,0.17002,0.169,0.16962,4329.0,432970.0,73451.3722,1
1785495600000,0.16962,0.16996,0.16944,0.16951,2610.0,261020.0,44277.2379,1
1785499200000,0.16951,0.1698,0.16862,0.16977,4582.0,458240.0,77514.1022,1
1785502800000,0.16977,0.17092,0.16889,0.16923,9231.0,923120.0,156957.2007,1
1785506400000,0.16923,0.17191,0.16758,0.17191,17081.0,1708190.0,289993.1603,1
1785510000000,0.17187,0.17343,0.17161,0.17219,8936.0,893620.0,154090.1774,1
1785513600000,0.17227,0.17289,0.17193,0.17197,4788.0,478820.0,82550.9771,1
1785517200000,0.17197,0.17317,0.17195,0.17291,4790.0,479010.0,82657.291,1
1785520800000,0.17291,0.17308,0.1708,0.17133,5110.0,511040.0,87641.5341,1
1785524400000,0.17134,0.17166,0.1707,0.1707,2559.0,255980.0,43854.1686,1
1785528000000,0.17086,0.17247,0.17078,0.17175,3321.0,332140.0,57054.608,1
1785531600000,0.17175,0.17243,0.17133,0.17204,2288.0,228850.0,39385.2115,1
1785535200000,0.17204,0.1725,0.17182,0.17193,2587.0,258740.0,44555.2013,1
1785538800000,0.17193,0.17222,0.17193,0.1721,730.0,73070.0,12573.3128,1
1785542400000,0.17209,0.17243,0.17176,0.17189,1302.0,130220.0,22424.279,1
1785546000000,0.17189,0.17256,0.17189,0.17239,1100.0,110040.0,18968.6369,1
1785549600000,0.17239,0.17303,0.17239,0.17269,1598.0,159830.0,27607.8514,1
1785553200000,0.17265,0.1729,0.17183,0.17183,1458.0,145870.0,25143.2897,1
1785556800000,0.17183,0.17219,0.17163,0.17212,862.0,86270.0,14830.8822,1
1785560400000,0.17212,0.17226,0.17081,0.17091,1804.0,180450.0,30921.4596,1
1785564000000,0.17087,0.17141,0.17056,0.17126,1311.0,131100.0,22400.0502,1
1785567600000,0.17127,0.17148,0.17114,0.17116,745.0,74540.0,12767.068,1
1785571200000,0.17116,0.17172,0.17115,0.17147,901.0,90170.0,15460.4603,1
1785574800000,0.17147,0.17154,0.17056,0.17059,1020.0,102070.0,17468.0947,1
1785578400000,0.17063,0.1709,0.17018,0.17072,1246.0,124620.0,21247.3133,1
1785582000000,0.17072,0.17101,0.17052,0.17069,761.0,76110.0,12995.1711,1
1785585600000,0.17075,0.17164,0.17063,0.17139,1517.0,151710.0,25996.3093,1
1785589200000,0.17139,0.17158,0.17116,0.17147,670.0,67060.0,11489.5796,1
1785592800000,0.17147,0.17166,0.17106,0.1713,1176.0,117610.0,20149.151,1
1785596400000,0.1713,0.17132,0.17092,0.17096,1063.0,106320.0,18188.1141,1
1785600000000,0.17096,0.17121,0.17038,0.17046,1607.0,160790.0,27483.4878,1
1785603600000,0.17047,0.17066,0.16995,0.1702,11272.0,1127250.0,191775.3773,1
1785607200000,0.17015,0.17028,0.16852,0.16959,9338.0,933860.0,158317.9936,1
1785610800000,0.16955,0.17001,0.1693,0.16972,2922.0,292210.0,49578.2394,1
1785614400000,0.16969,0.17017,0.16939,0.16982,1971.0,197110.0,33441.0393,1
1785618000000,0.16982,0.17088,0.16982,0.17083,3921.0,392170.0,66861.9,1
1785621600000,0.17095,0.17104,0.17057,0.17075,1124.0,112460.0,19212.7339,1
1785625200000,0.17074,0.17093,0.17049,0.1708,932.0,93200.0,15917.6556,1
1785628800000,0.1708,0.17104,0.17037,0.17076,1491.0,149110.0,25461.8273,1
1785632400000,0.17079,0.17212,0.17079,0.1718,2275.0,227540.0,39056.7417,1
1785636000000,0.17184,0.1739,0.1716,0.17379,4660.0,466050.0,80569.1801,1
1785639600000,0.17379,0.17399,0.17338,0.17398,2387.0,238770.0,41485.6928,1
1785643200000,0.17396,0.17566,0.17372,0.17533,3006.0,300670.0,52536.6972,1
1785646800000,0.17533,0.17691,0.17524,0.17687,4447.0,444780.0,78347.2889,1
1785650400000,0.177,0.17736,0.17624,0.17696,2432.0,243250.0,43034.0267,1
1785654000000,0.17692,0.17723,0.17557,0.17563,6024.0,602400.0,106171.5662,1
1785657600000,0.17566,0.17584,0.17473,0.17512,3131.0,313160.0,54862.4628,1
1785661200000,0.17503,0.17573,0.17454,0.17536,2527.0,252700.0,44298.5428,1
1785664800000,0.17536,0.17536,0.17472,0.17473,1268.0,126800.0,22186.401,1
1785668400000,0.17473,0.17482,0.1741,0.17426,3869.0,386990.0,67478.8021,1
1785672000000,0.17423,0.17457,0.17397,0.17418,2255.0,225560.0,39296.8611,1
1785675600000,0.17419,0.17463,0.1739,0.17423,2136.0,213620.0,37226.8712,1
1785679200000,0.17423,0.17535,0.17398,0.17491,2616.0,261670.0,45736.1376,1
1785682800000,0.17497,0.17512,0.17419,0.17429,1570.0,157050.0,27444.7464,1
1785686400000,0.17425,0.17429,0.17343,0.174,2400.0,240020.0,41734.2503,1
1785690000000,0.17398,0.17461,0.17389,0.17407,3643.0,364380.0,63522.9284,1
1785693600000,0.17407,0.17508,0.17407,0.1746,4435.0,443570.0,77406.6713,1
1785697200000,0.1746,0.17491,0.17381,0.17391,1843.0,184390.0,32142.5737,1
1785700800000,0.1739,0.17433,0.17379,0.17406,2474.0,247440.0,43051.1492,1
1785704400000,0.17406,0.17525,0.174,0.17509,5307.0,530790.0,92804.3687,1
1785708000000,0.17517,0.17572,0.17397,0.17404,5546.0,554690.0,96971.2394,1
1785711600000,0.174,0.17436,0.1737,0.17407,6023.0,602330.0,104793.2352,1
1785715200000,0.17404,0.17425,0.17338,0.17357,3935.0,393520.0,68403.0189,1
1785718800000,0.17356,0.17356,0.17247,0.17254,3233.0,323370.0,55922.0246,1
1785722400000,0.17248,0.17255,0.17178,0.17187,5854.0,585430.0,100775.1119,1
1785726000000,0.17187,0.17199,0.17109,0.17109,4042.0,404280.0,69297.9496,1
1785729600000,0.17101,0.17181,0.17092,0.17092,5132.0,513290.0,87925.5639,1
1785733200000,0.1709,0.17125,0.17067,0.1711,3673.0,367320.0,62816.7866,1
1785736800000,0.1711,0.17121,0.17035,0.17056,3499.0,349940.0,59737.5084,1
1785740400000,0.17056,0.17088,0.17029,0.17033,2064.0,206460.0,35215.4748,1
1785744000000,0.17033,0.1709,0.16976,0.1707,4888.0,488800.0,83147.7425,1
1785747600000,0.17071,0.17154,0.17049,0.17146,2004.0,200460.0,34272.8248,1
1785751200000,0.17146,0.17169,0.17097,0.17136,1649.0,164910.0,28253.8274,1
1785754800000,0.17136,0.17173,0.17095,0.17133,2485.0,248500.0,42583.184,1
1785758400000,0.17133,0.17159,0.17101,0.1711,2053.0,205360.0,35164.6298,1
1785762000000,0.1711,0.1725,0.17068,0.17234,4795.0,479570.0,82257.1417,1
1785765600000,0.17232,0.17289,0.17196,0.17221,7205.0,720540.0,124209.8861,1
1785769200000,0.17216,0.17223,0.17095,0.17098,5468.0,546800.0,93797.181,1
1785772800000,0.17092,0.17161,0.17053,0.17157,6825.0,682590.0,116686.9909,1
1785776400000,0.17157,0.17204,0.17124,0.17156,3191.0,319150.0,54739.2691,1
1785780000000,0.17152,0.17221,0.17146,0.17156,1893.0,189340.0,32514.3642,1
1785783600000,0.17156,0.1724,0.17143,0.17198,2388.0,238890.0,41114.6978,1
1785787200000,0.17198,0.17263,0.17178,0.1723,3586.0,358690.0,61847.6092,1
1785790800000,0.17228,0.17228,0.17166,0.17171,1700.0,170070.0,29242.7327,1
1785794400000,0.17173,0.17179,0.17088,0.17123,6209.0,620910.0,106333.9451,1
1785798000000,0.17123,0.17123,0.17091,0.17117,1037.0,103780.0,17751.54,1
1785801600000,0.17124,0.17139,0.1702,0.17033,5544.0,554410.0,94619.8032,1
1785805200000,0.17034,0.17125,0.16997,0.17094,3667.0,366700.0,62516.0897,1
1785808800000,0.17098,0.1714,0.17053,0.17053,2247.0,224730.0,38410.4537,1
1785812400000,0.17049,0.17107,0.17015,0.17083,3401.0,340190.0,58004.9963,1
1785816000000,0.17083,0.17193,0.17072,0.17136,1828.0,182820.0,31340.9067,1
1785819600000,0.17137,0.17149,0.17103,0.17129,949.0,94900.0,16249.306,1
1785823200000,0.17129,0.17166,0.17059,0.17075,1840.0,184040.0,31494.1821,1
1785826800000,0.17073,0.17141,0.17047,0.1711,921.0,92150.0,15756.5683,1
1785830400000,0.1711,0.17123,0.17038,0.17038,1075.0,107590.0,18373.3523,1
1785834000000,0.17038,0.17039,0.1699,0.17015,2073.0,207300.0,35264.9682,1
1785837600000,0.17011,0.17091,0.16962,0.17063,2608.0,260860.0,44400.856,1
1785841200000,0.17057,0.17073,0.16999,0.17073,2706.0,270600.0,46087.782,1
1785844800000,0.17067,0.17067,0.16962,0.16971,2330.0,233040.0,39621.448,1
1785848400000,0.16961,0.17031,0.16882,0.16887,13343.0,1334330.0,226358.7691,1
1785852000000,0.16886,0.16934,0.1685,0.16919,6272.0,627200.0,105921.4081,1
1785855600000,0.16926,0.16994,0.16853,0.16952,4924.0,492440.0,83275.2184,1
1785859200000,0.16957,0.16957,0.1684,0.16871,7319.0,731990.0,123514.0736,1
1785862800000,0.16871,0.17003,0.1687,0.16978,5439.0,543920.0,92275.3068,1
1785866400000,0.16978,0.1702,0.1697,0.16986,2259.0,225980.0,38414.1308,1
1785870000000,0.16986,0.17046,0.16975,0.17024,2049.0,204980.0,34881.5696,1
1785873600000,0.17027,0.17046,0.16942,0.16994,4915.0,491510.0,83466.5073,1
1785877200000,0.16994,0.17,0.16937,0.16989,4103.0,410310.0,69605.3622,1
1785880800000,0.16989,0.16999,0.16967,0.16977,1040.0,104010.0,17662.898,1
1785884400000,0.16981,0.17001,0.1685,0.16851,4819.0,481970.0,81494.7629,1
1785888000000,0.16851,0.16864,0.16542,0.16601,22383.0,2238390.0,373505.6388,1
1785891600000,0.16596,0.16725,0.16532,0.16709,5433.0,543390.0,90512.3699,1
1785895200000,0.16712,0.16786,0.167,0.16752,4454.0,445460.0,74590.0967,1
1785898800000,0.16753,0.16785,0.16717,0.1672,1635.0,163500.0,27361.5718,1
1785902400000,0.16718,0.16722,0.16595,0.16624,1742.0,174290.0,29046.3478,1
1785906000000,0.16616,0.16717,0.16606,0.16685,2796.0,279600.0,46605.7609,1
1785909600000,0.16685,0.16717,0.16649,0.16655,1631.0,163180.0,27221.4009,1
1785913200000,0.16655,0.16687,0.16624,0.16687,1627.0,162790.0,27105.0757,1
1785916800000,0.16693,0.16695,0.1662,0.16629,2198.0,219890.0,36603.9802,1
1785920400000,0.16629,0.16695,0.16619,0.16641,3528.0,352890.0,58779.5308,1
1785924000000,0.16641,0.1665,0.16555,0.16577,4186.0,418640.0,69427.8956,1
1785927600000,0.16581,0.16667,0.1657,0.16667,2439.0,243960.0,40583.5671,1
1785931200000,0.16664,0.16819,0.16658,0.16766,2689.0,268940.0,45065.3056,1
1785934800000,0.16765,0.16777,0.16584,0.16678,6008.0,600890.0,100135.5291,1
1785938400000,0.16671,0.16729,0.16641,0.16723,5098.0,509870.0,85054.5361,1
1785942000000,0.16723,0.1679,0.16625,0.16629,4057.0,405780.0,67861.9978,1
1785945600000,0.16625,0.16758,0.16617,0.16712,5075.0,507520.0,84712.4771,1
1785949200000,0.16712,0.16798,0.16675,0.16791,4851.0,485130.0,81174.5425,1
1785952800000,0.16784,0.16804,0.16718,0.16739,2443.0,244350.0,40952.9564,1
1785956400000,0.16736,0.16786,0.16704,0.16704,2004.0,200430.0,33560.9331,1
1785960000000,0.16706,0.16776,0.16667,0.16689,2311.0,231160.0,38625.3549,1
1785963600000,0.16689,0.1669,0.16599,0.16612,5993.0,599340.0,99697.0441,1
1785967200000,0.16612,0.16638,0.16557,0.16559,1868.0,186820.0,30998.0246,1
1785970800000,0.16556,0.16556,0.16532,0.16535,5221.0,522190.0,86336.9331,1
1785974400000,0.16533,0.16542,0.16532,0.16534,2577.0,257700.0,42609.1313,1
1785978000000,0.16534,0.16537,0.16203,0.16219,18159.0,1815960.0,295970.1976,1
1785981600000,0.16221,0.16221,0.16011,0.16193,43237.0,4323700.0,697672.7002,1
1785985200000,0.16196,0.16237,0.1616,0.16161,6729.0,672970.0,108955.0312,1
1785988800000,0.16167,0.16223,0.1616,0.16192,4022.0,402220.0,65098.1653,1
1785992400000,0.16192,0.16268,0.16185,0.16238,2889.0,288960.0,46923.7954,1
1785996000000,0.16242,0.16267,0.16215,0.16234,1613.0,161300.0,26194.089,1
1785999600000,0.16234,0.16241,0.16151,0.16175,5118.0,511870.0,82837.8364,1
1786003200000,0.16172,0.16221,0.16137,0.16217,2079.0,207910.0,33613.6357,1
1786006800000,0.16216,0.16221,0.15963,0.16016,11672.0,1167200.0,186971.2811,1
1786010400000,0.16016,0.16016,0.15906,0.1601,8819.0,881980.0,140643.1843,1
1786014000000,0.16015,0.16104,0.15977,0.16071,2067.0,206730.0,33179.3376,1
1786017600000,0.16071,0.16084,0.15967,0.15981,1921.0,192140.0,30784.5718,1
1786021200000,0.15981,0.16021,0.15945,0.15974,5977.0,597750.0,95506.126,1
1786024800000,0.15976,0.16124,0.15965,0.16124,11460.0,1146000.0,183778.467,1
1786028400000,0.16123,0.16256,0.16121,0.1616,15854.0,1585410.0,257059.1912,1
1786032000000,0.16156,0.16238,0.16108,0.16229,9178.0,917890.0,148361.744,1
1786035600000,0.16229,0.1632,0.16229,0.1628,4966.0,496670.0,80863.0722,1
1786039200000,0.16281,0.16286,0.16189,0.16189,4834.0,483470.0,78473.4985,1
1786042800000,0.16189,0.16193,0.16047,0.16047,5850.0,585050.0,94128.8748,1
1786046400000,0.16049,0.16089,0.16031,0.1604,5740.0,574020.0,92135.8085,1
1786050000000,0.1604,0.16168,0.1604,0.16149,5554.0,555480.0,89510.6825,1
1786053600000,0.16154,0.16188,0.16132,0.16184,3196.0,319610.0,51649.6726,1
1786057200000,0.16187,0.16187,0.16073,0.16125,5979.0,597910.0,96440.1293,1
1786060800000,0.16128,0.16205,0.16067,0.16175,7762.0,776230.0,125363.316,1
1786064400000,0.16179,0.16273,0.16177,0.16244,3785.0,378590.0,61430.8264,1
1786068000000,0.16244,0.16279,0.16163,0.16165,6634.0,663410.0,107476.085,1
1786071600000,0.16165,0.16169,0.15989,0.15991,5769.0,576990.0,92967.8586,1
1786075200000,0.15991,0.16042,0.15931,0.15979,4152.0,415260.0,66320.3176,1
1786078800000,0.15979,0.16072,0.1594,0.16065,6416.0,641660.0,102819.0947,1
1786082400000,0.16067,0.16179,0.16067,0.16141,6009.0,600970.0,97012.2296,1
1786086000000,0.16133,0.16198,0.16118,0.16129,2856.0,285650.0,46170.4497,1
1786089600000,0.16145,0.16219,0.1614,0.1618,2287.0,228790.0,37023.8367,1
1786093200000,0.1618,0.16216,0.16163,0.16169,2470.0,247040.0,39999.8325,1
1786096800000,0.16175,0.16208,0.16125,0.16125,1382.0,138210.0,22351.1145,1
1786100400000,0.16125,0.16211,0.16099,0.16116,1962.0,196210.0,31711.4799,1
1786104000000,0.16117,0.16189,0.1607,0.16099,6892.0,689250.0,111171.1479,1
1786107600000,0.16098,0.16138,0.16033,0.16084,5758.0,575850.0,92639.8961,1
1786111200000,0.16082,0.161,0.15974,0.15982,7969.0,796970.0,127779.4027,1
1786114800000,0.15983,0.16076,0.15975,0.16037,2425.0,242530.0,38854.6831,1
1786118400000,0.1604,0.16098,0.15937,0.15937,4967.0,496740.0,79610.6324,1
1786122000000,0.15933,0.16046,0.15917,0.16046,9768.0,976800.0,156249.3314,1
1786125600000,0.16043,0.16131,0.16016,0.1605,6717.0,671720.0,108112.7222,1
1786129200000,0.16051,0.16206,0.16045,0.16197,10979.0,1097950.0,177311.1376,1
1786132800000,0.16202,0.16206,0.16131,0.162,1742.0,174290.0,28184.5923,1
1786136400000,0.162,0.16223,0.16124,0.16124,1159.0,115900.0,18750.9098,1
1786140000000,0.16124,0.16124,0.1606,0.16083,2570.0,257090.0,41369.9887,1
1786143600000,0.16083,0.16131,0.16081,0.16121,784.0,78450.0,12642.376,1
1786147200000,0.16115,0.16151,0.161,0.16149,2416.0,241640.0,38985.1933,1
1786150800000,0.16165,0.16239,0.16146,0.16188,3853.0,385300.0,62479.3665,1
1786154400000,0.16188,0.16194,0.16144,0.16174,1543.0,154340.0,24953.7196,1
1786158000000,0.16174,0.16413,0.16173,0.16339,7172.0,717220.0,116916.8092,1
1786161600000,0.16346,0.16395,0.16279,0.16316,5547.0,554750.0,90523.6217,1
1786165200000,0.16321,0.16333,0.16263,0.16266,1514.0,151470.0,24707.3761,1
1786168800000,0.16267,0.16292,0.16258,0.16285,872.0,87290.0,14205.1354,1
1786172400000,0.16285,0.16333,0.1628,0.16312,1995.0,199580.0,32553.8592,1
1786176000000,0.16317,0.16378,0.16306,0.16355,2106.0,210640.0,34429.6944,1
1786179600000,0.16355,0.16394,0.16336,0.16363,813.0,81320.0,13308.8695,1
1786183200000,0.16363,0.16401,0.16351,0.1639,871.0,87190.0,14279.4374,1
1786186800000,0.16388,0.1639,0.16318,0.16354,2942.0,294240.0,48122.4747,1
1786190400000,0.16354,0.16494,0.16337,0.16451,9842.0,984260.0,161495.2632,1
1786194000000,0.16451,0.16504,0.16443,0.16473,1489.0,148930.0,24529.1834,1
1786197600000,0.16473,0.16637,0.16468,0.16604,7532.0,753290.0,124893.7827,1
1786201200000,0.16612,0.16655,0.16589,0.16612,3062.0,306280.0,50891.8345,1
1786204800000,0.16611,0.16638,0.16535,0.16556,3411.0,341150.0,56561.7312,1
1786208400000,0.16556,0.16576,0.16516,0.16531,2472.0,247270.0,40907.936,1
1786212000000,0.1653,0.16545,0.16499,0.16521,4410.0,441020.0,72859.5497,1
1786215600000,0.16521,0.16527,0.16458,0.16494,6777.0,677730.0,111773.2857,1
1786219200000,0.1649,0.16524,0.1649,0.16515,754.0,75430.0,12451.3464,1
1786222800000,0.16515,0.16531,0.16471,0.16486,1500.0,150030.0,24767.9137,1
1786226400000,0.16488,0.16494,0.16422,0.16429,2710.0,271050.0,44612.084,1
1786230000000,0.1643,0.16444,0.16417,0.16438,1210.0,121080.0,19886.4045,1
1786233600000,0.16436,0.16473,0.164,0.16424,1774.0,177440.0,29150.3466,1
1786237200000,0.16429,0.16452,0.16385,0.16385,2891.0,289140.0,47468.2714,1
1786240800000,0.16387,0.1639,0.16337,0.16339,1297.0,129740.0,21223.1564,1
1786244400000,0.16339,0.1635,0.16311,0.16329,1761.0,176100.0,28767.1786,1
1786248000000,0.16325,0.1637,0.16312,0.16314,1259.0,125970.0,20581.9769,1
1786251600000,0.16314,0.1633,0.1624,0.16269,2542.0,254280.0,41368.1607,1
1786255200000,0.16269,0.16365,0.16269,0.1636,779.0,77930.0,12713.8097,1
1786258800000,0.16356,0.16366,0.16301,0.16322,1582.0,158230.0,25843.7145,1
1786262400000,0.1632,0.16375,0.16269,0.16303,1120.0,112090.0,18272.5292,1
1786266000000,0.16304,0.16304,0.16227,0.16271,1098.0,109870.0,17867.2053,1
1786269600000,0.16269,0.16289,0.1625,0.1625,829.0,82980.0,13497.7947,1
1786273200000,0.1625,0.16284,0.16247,0.16272,948.0,94820.0,15427.3158,1
1786276800000,0.16269,0.16291,0.16254,0.16281,1104.0,110480.0,17977.384,1
1786280400000,0.16276,0.16339,0.16276,0.16287,1885.0,188590.0,30749.1682,1
1786284000000,0.16288,0.16337,0.16264,0.16329,2160.0,216080.0,35200.917,1
1786287600000,0.16329,0.16347,0.16295,0.16315,2829.0,282960.0,46161.7189,1
1786291200000,0.16312,0.16322,0.16294,0.16313,1872.0,187220.0,30527.909,1
1786294800000,0.16313,0.1632,0.1625,0.16252,2081.0,208160.0,33880.5903,1
1786298400000,0.16252,0.16261,0.16182,0.16185,1947.0,194730.0,31582.5756,1
1786302000000,0.16187,0.16268,0.16155,0.16263,3233.0,323350.0,52401.841,1
1786305600000,0.16266,0.1639,0.16225,0.16378,2666.0,266640.0,43480.7134,1
1786309200000,0.16384,0.16396,0.16333,0.16363,1884.0,188420.0,30852.5025,1
1786312800000,0.16369,0.16435,0.16174,0.16174,3416.0,341660.0,55675.5196,1
1786316400000,0.1617,0.16254,0.16065,0.1624,7350.0,735020.0,118756.4412,1
1786320000000,0.16237,0.1645,0.16194,0.16327,8037.0,803710.0,131102.7221,1
1786323600000,0.16328,0.16343,0.16201,0.16328,7224.0,722430.0,117664.9592,1
1786327200000,0.16334,0.16336,0.16203,0.16293,3963.0,396380.0,64453.451,1
1786330800000,0.16291,0.16313,0.16225,0.16241,2459.0,245990.0,39997.7647,1
1786334400000,0.16241,0.16322,0.16241,0.16301,2774.0,277440.0,45190.6688,1
1786338000000,0.16301,0.16421,0.16291,0.16413,2977.0,297790.0,48742.4145,1
1786341600000,0.16408,0.16483,0.16388,0.16428,3786.0,378620.0,62252.4971,1
1786345200000,0.16432,0.16583,0.16432,0.1653,4189.0,418940.0,69281.2726,1
1786348800000,0.16528,0.16556,0.16428,0.1647,1989.0,198950.0,32794.4777,1
1786352400000,0.16469,0.16483,0.16367,0.16367,2387.0,238770.0,39216.5157,1
1786356000000,0.16367,0.16409,0.1634,0.1635,2048.0,204870.0,33520.3093,1
1786359600000,0.1635,0.16382,0.16321,0.16368,1337.0,133730.0,21864.9456,1
1786363200000,0.16368,0.16396,0.16277,0.16284,3162.0,316250.0,51684.1769,1
1786366800000,0.1628,0.16321,0.1623,0.16269,4369.0,436970.0,71111.7649,1
1786370400000,0.1627,0.16305,0.16208,0.16216,2670.0,267070.0,43413.3608,1
1786374000000,0.16211,0.16234,0.16143,0.16211,10702.0,1070210.0,173303.7423,1
1786377600000,0.16181,0.16233,0.16159,0.16191,3922.0,392270.0,63522.2379,1
1786381200000,0.16196,0.1626,0.16148,0.16235,4104.0,410450.0,66553.0044,1
1786384800000,0.16235,0.16245,0.16178,0.16224,2681.0,268150.0,43473.71,1
1786388400000,0.16222,0.16306,0.16216,0.1626,3234.0,323430.0,52570.3281,1
1786392000000,0.1626,0.16279,0.16233,0.16253,1074.0,107450.0,17467.7712,1
1786395600000,0.16252,0.16273,0.16156,0.16169,2180.0,218000.0,35360.8757,1
1786399200000,0.16168,0.16175,0.1608,0.16123,2667.0,266770.0,43033.7525,1
1786402800000,0.16117,0.16156,0.16104,0.16132,1502.0,150260.0,24235.7858,1
1786406400000,0.16137,0.16177,0.16106,0.16168,1858.0,185830.0,30000.8742,1
1786410000000,0.16166,0.16254,0.16153,0.16235,1776.0,177670.0,28767.0834,1
1786413600000,0.16231,0.16254,0.1616,0.1616,1078.0,107800.0,17476.983,1
1786417200000,0.1616,0.16191,0.16155,0.16163,1045.0,104590.0,16914.9039,1
1786420800000,0.16163,0.16173,0.16119,0.16128,714.0,71470.0,11543.7165,1
1786424400000,0.16127,0.16128,0.16081,0.16088,1544.0,154480.0,24878.1092,1
1786428000000,0.16088,0.16141,0.16036,0.16071,3785.0,378520.0,60851.9224,1
1786431600000,0.16071,0.16129,0.16046,0.16103,1968.0,196800.0,31651.905,1
1786435200000,0.16103,0.16186,0.16078,0.16186,1863.0,186380.0,30066.434,1
1786438800000,0.16186,0.16186,0.161,0.16115,1628.0,162830.0,26283.3579,1
1786442400000,0.16115,0.16115,0.15989,0.16046,2575.0,257540.0,41296.474,1
1786446000000,0.16046,0.16109,0.16031,0.1606,2718.0,271890.0,43684.1691,1
1786449600000,0.16061,0.16077,0.1602,0.1602,1946.0,194630.0,31227.9529,1
1786453200000,0.1602,0.16101,0.1602,0.16095,3040.0,304030.0,48831.0994,1
1786456800000,0.16095,0.16125,0.15866,0.15895,7052.0,705280.0,112730.5182,1
1786460400000,0.15892,0.16015,0.15888,0.16001,8018.0,801870.0,127927.2704,1
1786464000000,0.15994,0.16059,0.15957,0.1602,4174.0,417490.0,66869.485,1
1786467600000,0.16023,0.16092,0.16013,0.16081,1748.0,174860.0,28080.8031,1
1786471200000,0.16076,0.16107,0.16037,0.16093,4825.0,482500.0,77588.3576,1
1786474800000,0.16093,0.16154,0.16038,0.16153,4250.0,425000.0,68427.329,1
1786478400000,0.16157,0.16217,0.16143,0.16189,6140.0,614040.0,99414.7453,1
1786482000000,0.16189,0.16254,0.16162,0.16243,3704.0,370400.0,59970.6892,1
1786485600000,0.16247,0.16271,0.16173,0.16183,5671.0,567110.0,91956.9787,1
1786489200000,0.16179,0.16198,0.1614,0.16195,4945.0,494520.0,79943.8098,1
1786492800000,0.16191,0.16218,0.1614,0.16152,2164.0,216420.0,35033.8259,1
1786496400000,0.16152,0.16246,0.16149,0.16222,4285.0,428540.0,69406.3586,1
1786500000000,0.16222,0.16257,0.16176,0.16189,4238.0,423870.0,68684.2419,1
1786503600000,0.16189,0.16222,0.16151,0.16165,1481.0,148140.0,23984.6822,1
1786507200000,0.16165,0.16212,0.16142,0.16204,1462.0,146200.0,23649.0788,1
1786510800000,0.16204,0.16218,0.1611,0.16115,1202.0,120290.0,19458.7228,1
1786514400000,0.1611,0.16111,0.15951,0.16043,5844.0,584400.0,93792.0442,1
1786518000000,0.16042,0.16105,0.16036,0.16076,2607.0,260730.0,41905.59,1
1786521600000,0.16075,0.16084,0.1596,0.1599,2027.0,202710.0,32485.5579,1
1786525200000,0.15986,0.16156,0.15986,0.16142,1905.0,190590.0,30686.8003,1
1786528800000,0.16142,0.16167,0.16081,0.16114,2916.0,291660.0,47034.8443,1
1786532400000,0.16115,0.1615,0.16096,0.16112,1037.0,103700.0,16712.122,1
1786536000000,0.16113,0.162,0.16102,0.16171,5403.0,540360.0,87240.0159,1
1786539600000,0.16171,0.16189,0.16108,0.16145,3524.0,352470.0,56922.6357,1
1786543200000,0.16145,0.16158,0.15817,0.1587,12644.0,1264420.0,201642.1859,1
1786546800000,0.1587,0.16013,0.15862,0.15967,4743.0,474300.0,75686.7119,1
1786550400000,0.15962,0.16015,0.1583,0.15867,3209.0,320960.0,51074.4412,1
1786554000000,0.15866,0.1594,0.15866,0.15922,4730.0,473030.0,75320.0979,1
1786557600000,0.15916,0.15975,0.15896,0.15907,6098.0,609870.0,97102.2219,1
1786561200000,0.15907,0.15915,0.15849,0.15861,2741.0,274170.0,43545.1349,1
1786564800000,0.15861,0.15955,0.15858,0.15955,4016.0,401620.0,63857.0056,1
1786568400000,0.15955,0.15958,0.15809,0.15847,2757.0,275790.0,43772.9552,1
1786572000000,0.15833,0.15892,0.15807,0.15855,2279.0,227900.0,36149.6548,1
1786575600000,0.15852,0.15953,0.15836,0.15925,1801.0,180180.0,28642.5693,1
1786579200000,0.15922,0.16045,0.1592,0.15999,3804.0,380480.0,60897.5479,1
1786582800000,0.15996,0.16023,0.15938,0.15982,2861.0,286180.0,45753.0833,1
1786586400000,0.15986,0.16123,0.15943,0.16123,2580.0,258020.0,41293.9444,1
1786590000000,0.16123,0.16239,0.16103,0.16223,3066.0,306670.0,49607.4771,1
1786593600000,0.16217,0.16285,0.1612,0.16122,4636.0,463620.0,75095.0707,1
1786597200000,0.16122,0.16204,0.16111,0.16162,2827.0,282700.0,45697.0992,1
1786600800000,0.16162,0.1618,0.16121,0.16173,2210.0,221020.0,35690.7541,1
1786604400000,0.16169,0.16172,0.16114,0.16125,1076.0,107610.0,17369.4071,1
1786608000000,0.16128,0.16137,0.16088,0.16117,1887.0,188710.0,30395.4187,1
1786611600000,0.16117,0.16119,0.16046,0.16085,1493.0,149380.0,24013.6763,1
1786615200000,0.16085,0.16143,0.16071,0.16106,1340.0,134060.0,21580.2052,1
1786618800000,0.16106,0.16108,0.15916,0.15956,3601.0,360140.0,57623.3856,1
1786622400000,0.15955,0.16046,0.15927,0.16034,1646.0,164600.0,26344.155,1
1786626000000,0.16036,0.16053,0.15996,0.1601,3084.0,308470.0,49424.5965,1
1786629600000,0.1601,0.16105,0.15999,0.16093,3428.0,342860.0,55053.3648,1
1786633200000,0.16091,0.16112,0.15931,0.15932,3535.0,353500.0,56777.2049,1
1786636800000,0.15931,0.15973,0.15817,0.15848,11512.0,1151250.0,182965.199,1
1786640400000,0.15851,0.15945,0.15836,0.15931,2697.0,269710.0,42856.0229,1
1786644000000,0.15931,0.15994,0.15905,0.15979,2284.0,228490.0,36434.7706,1
1786647600000,0.15979,0.16006,0.15956,0.15986,2935.0,293570.0,46917.371,1
1786651200000,0.15986,0.16016,0.15942,0.15948,1513.0,151340.0,24187.1928,1
1786654800000,0.15946,0.15963,0.15927,0.15933,11179.0,1117930.0,178230.531,1
1786658400000,0.15939,0.16001,0.15935,0.15943,4354.0,435460.0,69524.6143,1
1786662000000,0.15943,0.15956,0.15911,0.15932,1546.0,154640.0,24640.6095,1
1786665600000,0.15932,0.15965,0.15904,0.15965,3519.0,351940.0,56107.5806,1
1786669200000,0.15965,0.15981,0.1593,0.15969,1370.0,137070.0,21876.0174,1
1786672800000,0.15969,0.15974,0.15923,0.15932,1274.0,127400.0,20318.5933,1
1786676400000,0.15932,0.15937,0.15845,0.15876,12520.0,1252070.0,198671.7458,1
1786680000000,0.15873,0.1593,0.15868,0.15888,2117.0,211760.0,33663.0842,1
1786683600000,0.15888,0.15942,0.15868,0.15942,2322.0,232270.0,36969.9255,1
1786687200000,0.15942,0.15942,0.15893,0.1591,1269.0,126990.0,20208.5717,1
1786690800000,0.15902,0.1592,0.1584,0.15849,1937.0,193700.0,30745.6714,1
1786694400000,0.15852,0.15893,0.15829,0.15876,4505.0,450540.0,71425.6787,1
1786698000000,0.15875,0.15926,0.15816,0.15833,1728.0,172880.0,27402.7137,1
1786701600000,0.15836,0.15899,0.15829,0.15844,1342.0,134200.0,21277.9236,1
1786705200000,0.15847,0.15926,0.15847,0.15868,2249.0,224930.0,35757.9997,1
1786708800000,0.15878,0.15931,0.1584,0.1592,1671.0,167100.0,26569.9864,1
1786712400000,0.1592,0.15992,0.15918,0.15983,3939.0,393970.0,62894.3388,1
1786716000000,0.15988,0.16022,0.15886,0.15886,3909.0,390940.0,62392.7427,1
1786719600000,0.15886,0.16012,0.15868,0.1601,2666.0,266620.0,42463.6591,1
1786723200000,0.16008,0.16037,0.15939,0.15956,2056.0,205610.0,32882.4041,1
1786726800000,0.15959,0.16022,0.15947,0.15959,1412.0,141230.0,22571.8038,1
1786730400000,0.15967,0.15973,0.15908,0.15908,1438.0,143850.0,22926.7137,1
1786734000000,0.15897,0.15906,0.15862,0.15891,1793.0,179360.0,28503.009,1
1786737600000,0.15895,0.15912,0.1587,0.15873,1011.0,101170.0,16076.4897,1
1786741200000,0.15873,0.15878,0.15774,0.15812,4555.0,455510.0,72033.0479,1
1786744800000,0.15812,0.15816,0.15573,0.1567,11033.0,1103340.0,172666.4771,1
1786748400000,0.15664,0.15802,0.15656,0.15797,2916.0,291670.0,45885.9374,1
1786752000000,0.15799,0.1582,0.15757,0.15776,2252.0,225210.0,35539.382,1
1786755600000,0.15779,0.15831,0.15752,0.15831,1869.0,186920.0,29522.7468,1
1786759200000,0.1583,0.15937,0.1583,0.15927,2134.0,213450.0,33924.0721,1
1786762800000,0.15929,0.15951,0.15868,0.15873,2213.0,221310.0,35237.3528,1
1786766400000,0.15877,0.15934,0.15873,0.15913,1329.0,132950.0,21150.654,1
1786770000000,0.15908,0.15939,0.15879,0.15887,1290.0,129040.0,20531.0692,1
1786773600000,0.15887,0.15917,0.15858,0.15858,948.0,94880.0,15079.4338,1
1786777200000,0.15858,0.15861,0.15786,0.15798,1494.0,149420.0,23649.7709,1
1786780800000,0.15798,0.15822,0.15785,0.158,1019.0,101980.0,16122.0596,1
1786784400000,0.158,0.15822,0.15789,0.15814,646.0,64600.0,10210.2708,1
1786788000000,0.15814,0.15841,0.15806,0.15809,1015.0,101560.0,16063.6838,1
1786791600000,0.15814,0.15819,0.15772,0.15782,818.0,81850.0,12929.6625,1
1786795200000,0.15782,0.15798,0.15757,0.15795,796.0,79690.0,12571.1317,1
1786798800000,0.15792,0.15802,0.15763,0.15777,965.0,96570.0,15235.4267,1
1786802400000,0.15777,0.15812,0.15753,0.15811,1877.0,187770.0,29617.1679,1
1786806000000,0.15807,0.1586,0.15799,0.1585,1087.0,108720.0,17215.7233,1
1786809600000,0.1585,0.15898,0.15834,0.15895,1478.0,147870.0,23463.1569,1
1786813200000,0.15895,0.15966,0.1588,0.15912,2277.0,227740.0,36256.1965,1
1786816800000,0.15911,0.15915,0.15825,0.15825,1017.0,101790.0,16154.2729,1
1786820400000,0.15825,0.15851,0.15768,0.15782,1386.0,138680.0,21898.6976,1
1786824000000,0.1578,0.15789,0.15753,0.15786,649.0,64910.0,10236.1751,1
1786827600000,0.15784,0.15869,0.15771,0.15839,1209.0,120970.0,19143.5235,1
1786831200000,0.15839,0.15858,0.1582,0.15828,1605.0,160520.0,25434.4096,1
1786834800000,0.15828,0.15836,0.15758,0.15785,1041.0,104170.0,16457.6555,1
1786838400000,0.15785,0.15794,0.15722,0.15744,2732.0,273280.0,43053.7245,1
1786842000000,0.1574,0.15765,0.15648,0.1569,5235.0,523520.0,82182.7028,1
1786845600000,0.15686,0.157,0.15657,0.1569,1258.0,125840.0,19731.5808,1
1786849200000,0.1569,0.15708,0.15662,0.15662,914.0,91460.0,14349.3185,1
1786852800000,0.15662,0.15689,0.1566,0.15671,611.0,61180.0,9589.0112,1
1786856400000,0.15671,0.15685,0.15648,0.15659,878.0,87800.0,13752.7742,1
1786860000000,0.15659,0.1569,0.15648,0.15669,1697.0,169700.0,26589.594,1
1786863600000,0.15669,0.15687,0.15658,0.15674,768.0,76890.0,12050.244,1
1786867200000,0.15674,0.15707,0.1567,0.15698,739.0,73980.0,11607.111,1
1786870800000,0.15699,0.15714,0.15673,0.15691,786.0,78690.0,12350.1681,1
1786874400000,0.15691,0.15691,0.15662,0.1567,1275.0,127580.0,19995.375,1
1786878000000,0.1567,0.15708,0.15669,0.15685,495.0,49580.0,7779.1896,1
1786881600000,0.15685,0.15693,0.15669,0.15683,662.0,66280.0,10392.9354,1
1786885200000,0.15684,0.15712,0.15672,0.1571,552.0,55260.0,8671.3386,1
1786888800000,0.1571,0.1572,0.15692,0.15711,2015.0,201510.0,31664.614,1
1786892400000,0.15714,0.15804,0.15714,0.1578,2004.0,200410.0,31582.3337,1
1786896000000,0.15787,0.15961,0.15784,0.15897,4047.0,404710.0,64285.5453,1
1786899600000,0.159,0.15903,0.15758,0.15773,1719.0,171950.0,27182.5806,1
1786903200000,0.15778,0.1578,0.15715,0.15718,916.0,91650.0,14426.9921,1
1786906800000,0.15718,0.15786,0.15715,0.15732,1586.0,158620.0,24984.6368,1
1786910400000,0.15733,0.15773,0.1569,0.15691,2406.0,240670.0,37854.9428,1
1786914000000,0.15695,0.15717,0.15593,0.15599,4490.0,449050.0,70238.1152,1
1786917600000,0.15597,0.15673,0.15582,0.15621,3832.0,383260.0,59897.6443,1
1786921200000,0.1562,0.15656,0.15602,0.15623,2014.0,201480.0,31473.7477,1
1786924800000,0.15619,0.15648,0.15581,0.15631,3157.0,315790.0,49288.125,1
1786928400000,0.15627,0.15723,0.15627,0.15647,3092.0,309250.0,48456.6352,1
1786932000000,0.15649,0.15845,0.15636,0.15836,3527.0,352730.0,55553.6651,1
1786935600000,0.1584,0.1585,0.15817,0.15824,3166.0,316640.0,50109.9191,1
1786939200000,0.15827,0.15859,0.15827,0.1585,1146.0,114600.0,18157.92,1
1786942800000,0.1585,0.15861,0.15817,0.15823,854.0,85470.0,13532.1975,1
1786946400000,0.15823,0.15912,0.15819,0.15853,3573.0,357320.0,56688.2998,1
1786950000000,0.15853,0.15873,0.15818,0.15835,1897.0,189700.0,30034.9547,1
1786953600000,0.15835,0.15844,0.1572,0.1572,1582.0,158230.0,24954.7145,1
1786957200000,0.1572,0.15746,0.15712,0.15732,625.0,62500.0,9831.719,1
1786960800000,0.15732,0.15839,0.15722,0.15819,4136.0,413690.0,65422.4016,1
1786964400000,0.15819,0.15825,0.15781,0.15786,1535.0,153520.0,24267.865,1
1786968000000,0.15788,0.15811,0.1571,0.15721,2010.0,201050.0,31677.1867,1
1786971600000,0.15721,0.15791,0.15702,0.15764,1692.0,169240.0,26655.7177,1
1786975200000,0.15762,0.15823,0.15718,0.15823,3029.0,302950.0,47744.0803,1
1786978800000,0.15818,0.15921,0.15744,0.15881,2366.0,236600.0,37461.3583,1
1786982400000,0.1589,0.159,0.15772,0.1578,4320.0,432020.0,68315.7879,1
1786986000000,0.1578,0.15872,0.15756,0.15781,4063.0,406330.0,64192.218,1
1786989600000,0.15779,0.15842,0.15771,0.15798,3355.0,335540.0,52998.9079,1
1786993200000,0.15796,0.15799,0.15735,0.15735,957.0,95720.0,15102.717,1
1786996800000,0.15741,0.15804,0.15711,0.15798,2184.0,218410.0,34371.1467,1
1787000400000,0.15798,0.15803,0.15717,0.15723,1323.0,132380.0,20867.3331,1
1787004000000,0.15723,0.15736,0.15706,0.15714,746.0,74620.0,11729.7162,1
1787007600000,0.15717,0.15803,0.15703,0.158,8410.0,841020.0,132617.1694,1
1787011200000,0.15803,0.15814,0.15736,0.15744,1331.0,133160.0,21000.8898,1
1787014800000,0.15754,0.15764,0.15615,0.15638,3825.0,382570.0,59931.0699,1
1787018400000,0.15634,0.15658,0.15401,0.15431,7283.0,728340.0,112856.1453,1
1787022000000,0.1543,0.15481,0.15372,0.15478,4970.0,497090.0,76666.0478,1
1787025600000,0.15478,0.15507,0.1544,0.15489,1401.0,140170.0,21692.9751,1
1787029200000,0.15489,0.1551,0.15433,0.1548,2493.0,249330.0,38589.8565,1
1787032800000,0.1548,0.15525,0.15434,0.15456,1779.0,177940.0,27565.1044,1
1787036400000,0.15463,0.15474,0.15353,0.15379,3718.0,371890.0,57199.3311,1
1787040000000,0.15374,0.15428,0.15314,0.15415,4176.0,417610.0,64139.3502,1
1787043600000,0.15415,0.15415,0.1528,0.15355,3555.0,355500.0,54483.0832,1
1787047200000,0.15355,0.15383,0.15291,0.1531,1461.0,146170.0,22394.7999,1
1787050800000,0.1531,0.15381,0.15305,0.15347,1548.0,154870.0,23770.5052,1
1787054400000,0.15346,0.15346,0.15229,0.1525,4040.0,404070.0,61800.4186,1
1787058000000,0.15246,0.15381,0.15232,0.15345,2243.0,224350.0,34414.1224,1
1787061600000,0.15345,0.15495,0.15322,0.15409,9187.0,918750.0,141437.1518,1
1787065200000,0.15413,0.15518,0.15413,0.15513,3835.0,383510.0,59390.9415,1
1787068800000,0.15518,0.15518,0.15381,0.15381,2939.0,293950.0,45378.5921,1
1787072400000,0.15386,0.15494,0.15366,0.15452,1662.0,166270.0,25680.9719,1
1787076000000,0.15446,0.15492,0.15429,0.15439,2751.0,275120.0,42536.4916,1
1787079600000,0.15439,0.15465,0.15403,0.15405,2224.0,222460.0,34337.7769,1
1787083200000,0.15405,0.15412,0.1535,0.15351,1484.0,148450.0,22845.2695,1
1787086800000,0.15353,0.15391,0.15348,0.15373,1786.0,178630.0,27460.7252,1
1787090400000,0.15376,0.15444,0.15363,0.15422,916.0,91630.0,14118.5827,1
1787094000000,0.15419,0.15508,0.15419,0.15476,3135.0,313520.0,48501.3868,1
1787097600000,0.15476,0.15487,0.15375,0.15446,12474.0,1247440.0,192681.8377,1
1787101200000,0.15441,0.15484,0.15427,0.1543,2576.0,257620.0,39780.2272,1
1787104800000,0.15429,0.15495,0.15414,0.15472,1941.0,194170.0,30004.1806,1
1787108400000,0.1547,0.15531,0.15438,0.15467,1675.0,167580.0,25954.5515,1
1787112000000,0.15472,0.1562,0.15463,0.15594,2898.0,289820.0,45101.9035,1
1787115600000,0.15594,0.15718,0.15594,0.15605,4748.0,474890.0,74247.6422,1
1787119200000,0.15605,0.1573,0.15579,0.15717,4773.0,477310.0,74681.8843,1
1787122800000,0.15719,0.1573,0.15633,0.1565,1415.0,141530.0,22188.3462,1
1787126400000,0.1565,0.15707,0.15633,0.15646,1642.0,164230.0,25713.354,1
1787130000000,0.15646,0.15672,0.1559,0.15602,2204.0,220420.0,34416.5312,1
1787133600000,0.15602,0.15668,0.15583,0.15668,1568.0,156850.0,24536.1589,1
1787137200000,0.15662,0.15762,0.15653,0.15728,22432.0,2243210.0,352390.4329,1
1787140800000,0.15729,0.15772,0.15695,0.15744,2569.0,256910.0,40403.142,1
1787144400000,0.15741,0.15878,0.15716,0.1579,35412.0,3541240.0,558815.9353,1
1787148000000,0.15797,0.1613,0.15778,0.16118,6097.0,609790.0,97054.3751,1
1787151600000,0.16127,0.16814,0.16096,0.16385,26494.0,2649410.0,437713.9256,1
1787155200000,0.16399,0.16697,0.16385,0.16618,8422.0,842290.0,139357.9922,1
1787158800000,0.16617,0.16641,0.16418,0.16497,7275.0,727560.0,120042.1106,1
1787162400000,0.165,0.16539,0.16376,0.16527,4571.0,457160.0,75258.6237,1
1787166000000,0.16527,0.16584,0.16459,0.16583,4188.0,418850.0,69206.5924,1
1787169600000,0.16584,0.16913,0.16558,0.16841,5699.0,569950.0,95348.9002,1
1787173200000,0.16834,0.17263,0.16785,0.17168,21800.0,2180000.0,371921.1609,1
1787176800000,0.1717,0.17193,0.16891,0.16942,20762.0,2076250.0,353573.2664,1
1787180400000,0.16951,0.17023,0.16907,0.17014,6816.0,681630.0,115682.5354,1
1787184000000,0.17017,0.17193,0.17009,0.1709,7501.0,750120.0,128302.3755,1
1787187600000,0.17094,0.17281,0.17019,0.17226,12653.0,1265360.0,216614.724,1
1787191200000,0.17223,0.17234,0.17012,0.17024,4173.0,417330.0,71400.5672,1
1787194800000,0.17024,0.17025,0.16652,0.16699,10111.0,1011140.0,169687.1969,1
1787198400000,0.16699,0.16787,0.16661,0.16779,3010.0,301060.0,50326.2771,1
1787202000000,0.16779,0.16828,0.16749,0.16751,4075.0,407500.0,68439.2742,1
1787205600000,0.16752,0.16886,0.16718,0.16878,2510.0,251000.0,42188.4412,1
1787209200000,0.16875,0.16999,0.16856,0.16978,3142.0,314200.0,53131.3164,1
1787212800000,0.16978,0.17631,0.16958,0.17543,8503.0,850370.0,147517.6819,1
1787216400000,0.17543,0.1772,0.17493,0.1772,9440.0,944090.0,166100.8958,1
1787220000000,0.1772,0.17897,0.1769,0.178,8633.0,863300.0,153699.168,1
1787223600000,0.178,0.18159,0.17767,0.18089,12396.0,1239650.0,223239.4868,1
1787227200000,0.181,0.18315,0.1785,0.18241,12478.0,1247820.0,226343.3084,1
1787230800000,0.18245,0.18294,0.18034,0.18162,14127.0,1412700.0,256989.1092,1
1787234400000,0.18157,0.18296,0.17975,0.18067,15643.0,1564370.0,284159.3037,1
1787238000000,0.18071,0.18367,0.18034,0.18187,14002.0,1400200.0,254864.4534,1
1787241600000,0.18187,0.18501,0.18114,0.18495,20850.0,2085030.0,381931.6232,1
1787245200000,0.18497,0.19334,0.18489,0.18628,119298.0,11929840.0,2257725.7168,1
1787248800000,0.18642,0.18667,0.17824,0.17869,132427.0,13242760.0,2402638.8038,1
1787252400000,0.17869,0.1792,0.17743,0.17873,39643.0,3964300.0,706915.7665,1
1787256000000,0.17873,0.18034,0.17869,0.17967,14516.0,1451610.0,260525.6447,1
1787259600000,0.17967,0.18176,0.17956,0.18132,12336.0,1233610.0,222706.01,1
1787263200000,0.18133,0.18134,0.17851,0.18037,44822.0,4482260.0,805001.2338,1
1787266800000,0.18037,0.18234,0.18027,0.18139,5664.0,566410.0,102781.6684,1
1787270400000,0.18142,0.18406,0.18117,0.18227,40823.0,4082320.0,746960.1321,1
1787274000000,0.18223,0.18676,0.18168,0.18583,13506.0,1350610.0,249592.7814,1
1787277600000,0.1858,0.18585,0.18319,0.1837,12278.0,1227890.0,226203.6806,1
1787281200000,0.18388,0.18584,0.1828,0.18534,8340.0,834090.0,153490.4317,1
1787284800000,0.18534,0.186,0.18481,0.18561,5707.0,570710.0,105791.1922,1
1787288400000,0.18552,0.18664,0.18513,0.18664,5964.0,596460.0,110831.62,1
1787292000000,0.18666,0.1878,0.18548,0.18635,13576.0,1357680.0,253230.8958,1
1787295600000,0.18636,0.1892,0.18624,0.18867,7612.0,761250.0,143214.4723,1
1787299200000,0.18876,0.19414,0.1885,0.19409,10661.0,1066150.0,204145.5409,1
1787302800000,0.19409,0.19414,0.1879,0.19374,109912.0,10991290.0,2100128.5653,1
1787306400000,0.1937,0.19373,0.18935,0.19158,36764.0,3676440.0,704233.5227,1
1787310000000,0.19147,0.192,0.18722,0.188,22606.0,2260600.0,428361.1701,1
1787313600000,0.188,0.192,0.18781,0.19121,7563.0,756340.0,143462.3626,1
1787317200000,0.19126,0.19289,0.18967,0.19234,11403.0,1140300.0,218250.095,1
1787320800000,0.19234,0.19267,0.19016,0.19233,14045.0,1404540.0,268746.7157,1
1787324400000,0.19236,0.19316,0.19134,0.19176,13428.0,1342850.0,258299.2052,1
1787328000000,0.19181,0.193,0.19084,0.1921,13279.0,1327930.0,254488.2253,1
1787331600000,0.1921,0.19343,0.19175,0.1929,11142.0,1114270.0,214549.4163,1
1787335200000,0.1929,0.19513,0.19037,0.19132,23908.0,2390810.0,461314.6118,1
1787338800000,0.19128,0.19275,0.18946,0.19099,14187.0,1418780.0,271052.8861,1
1787342400000,0.19103,0.19334,0.19069,0.19332,9016.0,901610.0,173557.6319,1
1787346000000,0.19334,0.19817,0.19323,0.19794,23311.0,2331100.0,456581.6983,1
1787349600000,0.19778,0.20355,0.19734,0.20289,33408.0,3340860.0,670339.6445,1
1787353200000,0.203,0.20422,0.20092,0.20237,49639.0,4963940.0,1005835.1349,1
1787356800000,0.20235,0.20293,0.19802,0.20134,31141.0,3114180.0,624092.573,1
1787360400000,0.20134,0.20834,0.20134,0.20502,22826.0,2282600.0,468925.0662,1
1787364000000,0.20502,0.21034,0.2043,0.21034,25747.0,2574760.0,536090.8262,1
1787367600000,0.21031,0.21699,0.20851,0.21375,55822.0,5582290.0,1192869.3717,1
1787371200000,0.21375,0.22217,0.21373,0.21934,27229.0,2722920.0,592533.9337,1
1787374800000,0.21932,0.22275,0.18792,0.20545,77178.0,7717870.0,1576371.0704,1
1787378400000,0.20555,0.21183,0.20537,0.21127,17624.0,1762400.0,367515.7937,1
1787382000000,0.21124,0.21367,0.20669,0.20674,18748.0,1874800.0,395713.6803,1
1787385600000,0.20688,0.20762,0.20112,0.203,10872.0,1087250.0,222374.5592,1
1787389200000,0.203,0.20433,0.19946,0.20034,11936.0,1193660.0,241361.5755,1
1787392800000,0.20034,0.20034,0.19401,0.19794,12791.0,1279150.0,252229.6801,1
1787396400000,0.1979,0.19966,0.19767,0.19936,8261.0,826150.0,164000.4447,1
1787400000000,0.19938,0.2023,0.19887,0.20035,9229.0,922920.0,185583.555,1
1787403600000,0.20035,0.20186,0.19951,0.20155,8211.0,821130.0,164647.2329,1
1787407200000,0.20155,0.20163,0.19767,0.19793,8632.0,863270.0,172105.3839,1
1787410800000,0.19778,0.19779,0.19367,0.1958,10747.0,1074780.0,209905.5086,1
1787414400000,0.19584,0.20023,0.19561,0.19903,12226.0,1222600.0,243146.0481,1
1787418000000,0.19902,0.19921,0.197,0.19898,6068.0,606810.0,120448.3907,1
1787421600000,0.19908,0.19928,0.19772,0.19792,5473.0,547330.0,108550.8205,1
1787425200000,0.1979,0.19998,0.19675,0.19936,5390.0,539070.0,106681.5474,1
1787428800000,0.19936,0.19967,0.19838,0.19889,7397.0,739740.0,147281.1483,1
1787432400000,0.1988,0.19896,0.19401,0.19474,5501.0,550160.0,108100.4633,1
1787436000000,0.19477,0.19706,0.194,0.19616,6338.0,633890.0,124411.1477,1
1787439600000,0.19616,0.19629,0.19417,0.19576,6766.0,676630.0,132245.3766,1
1787443200000,0.19567,0.20034,0.19557,0.19991,7568.0,756860.0,149454.206,1
1787446800000,0.19994,0.19994,0.19778,0.19812,9630.0,963020.0,191357.3238,1
1787450400000,0.19811,0.19825,0.19517,0.196,11942.0,1194240.0,234810.4472,1
1787454000000,0.196,0.19601,0.19238,0.19278,9428.0,942800.0,182821.611,1
1787457600000,0.19269,0.19467,0.18931,0.19035,11564.0,1156420.0,222366.6943,1
1787461200000,0.19034,0.19227,0.1882,0.189,13883.0,1388330.0,264305.5614,1
1787464800000,0.18918,0.19069,0.18841,0.18928,10463.0,1046340.0,198408.9908,1
1787468400000,0.18932,0.19151,0.18892,0.19057,6634.0,663450.0,126334.5157,1
1787472000000,0.19056,0.19273,0.19008,0.192,6398.0,639800.0,122635.5872,1
1787475600000,0.19199,0.19372,0.19188,0.19315,6153.0,615330.0,118644.1024,1
1787479200000,0.19317,0.19519,0.19308,0.19359,6201.0,620180.0,120485.0289,1
1787482800000,0.19363,0.19731,0.19344,0.19667,5779.0,577920.0,113108.3184,1
1787486400000,0.19675,0.1983,0.1955,0.19745,8233.0,823300.0,161889.2133,1
1787490000000,0.19741,0.19997,0.19733,0.19969,9589.0,958940.0,190734.3453,1
1787493600000,0.19964,0.20211,0.19697,0.19876,13824.0,1382490.0,275969.1048,1
1787497200000,0.19879,0.19998,0.19785,0.19907,10851.0,1085130.0,215999.5941,1
1787500800000,0.1992,0.19991,0.19814,0.19894,11848.0,1184810.0,235642.7476,1
1787504400000,0.19893,0.20008,0.19779,0.19954,7331.0,733190.0,145978.9961,1
1787508000000,0.19949,0.20078,0.1989,0.20078,4950.0,495000.0,98975.6991,1
1787511600000,0.20078,0.20115,0.19866,0.19866,6847.0,684720.0,137032.3844,1
1787515200000,0.19866,0.19868,0.19736,0.19861,6071.0,607120.0,120185.3427,1
1787518800000,0.19867,0.20226,0.19866,0.19936,10209.0,1020940.0,204733.3217,1
1787522400000,0.19939,0.20019,0.19783,0.19873,10994.0,1099400.0,218551.9266,1
1787526000000,0.19878,0.19998,0.19796,0.19978,7496.0,749600.0,149296.3476,1
1787529600000,0.1998,0.19982,0.19455,0.19774,15654.0,1565410.0,308078.1482,1
1787533200000,0.19778,0.19785,0.1925,0.19264,11918.0,1191890.0,232619.3911,1
1787536800000,0.1926,0.19593,0.19167,0.19462,11714.0,1171400.0,227410.4879,1
1787540400000,0.19468,0.19489,0.19313,0.19346,9682.0,968210.0,187684.2266,1
1787544000000,0.19341,0.19593,0.19341,0.19512,6807.0,680700.0,132558.83,1
1787547600000,0.19504,0.19615,0.19402,0.19528,9562.0,956230.0,186627.3053,1
1787551200000,0.19524,0.19558,0.19359,0.19522,6864.0,686400.0,133633.4782,1
1787554800000,0.1952,0.1972,0.19481,0.19521,7207.0,720720.0,141100.7599,1
1787558400000,0.19526,0.19549,0.192,0.19317,7953.0,795320.0,153966.0642,1
1787562000000,0.1931,0.19514,0.1929,0.19451,5820.0,582030.0,113204.0527,1
1787565600000,0.19452,0.19659,0.19429,0.19628,5764.0,576460.0,112789.1721,1
1787569200000,0.19628,0.1993,0.19471,0.19896,8802.0,880230.0,173340.6279,1
1787572800000,0.19887,0.19998,0.1973,0.19986,7904.0,790410.0,156918.8328,1
1787576400000,0.19991,0.20017,0.19387,0.19543,14570.0,1457020.0,287093.112,1
1787580000000,0.19543,0.199,0.19516,0.19792,16192.0,1619290.0,319702.7158,1
1787583600000,0.19792,0.19957,0.19567,0.19567,16477.0,1647730.0,324845.4129,1
1787587200000,0.19568,0.19793,0.19552,0.19552,16514.0,1651490.0,324808.0305,1
1787590800000,0.19568,0.19593,0.19195,0.19334,15756.0,1575640.0,305771.6243,1
1787594400000,0.19332,0.19462,0.19259,0.19271,6477.0,647750.0,125570.0205,1
1787598000000,0.19272,0.19316,0.19172,0.19271,6858.0,685820.0,132019.4663,1
1787601600000,0.19281,0.19298,0.19167,0.19293,4025.0,402520.0,77391.5867,1
1787605200000,0.19298,0.19434,0.19296,0.19366,4241.0,424100.0,82186.8087,1
1787608800000,0.1937,0.19371,0.193,0.19306,3793.0,379320.0,73365.0507,1
1787612400000,0.19306,0.19399,0.19238,0.19367,4449.0,444920.0,86026.0815,1
1787616000000,0.19367,0.19714,0.19316,0.19695,8049.0,804970.0,156910.0433,1
1787619600000,0.19703,0.19734,0.196,0.19648,7179.0,717920.0,141152.2069,1
1787623200000,0.19645,0.20026,0.196,0.19834,19673.0,1967320.0,391228.6091,1
1787626800000,0.19832,0.19967,0.19748,0.19791,17669.0,1766900.0,351593.1264,1
1787630400000,0.198,0.19848,0.19735,0.19831,10349.0,1034990.0,204952.4089,1
1787634000000,0.1983,0.19967,0.19794,0.199,4469.0,446920.0,88973.3617,1
1787637600000,0.19901,0.19907,0.19623,0.19629,11917.0,1191720.0,235322.4196,1
1787641200000,0.19618,0.19708,0.19329,0.19403,20572.0,2057240.0,401226.8568,1
1787644800000,0.19403,0.19438,0.19256,0.19299,7873.0,787320.0,152355.2632,1
1787648400000,0.19299,0.19413,0.19191,0.19234,4978.0,497890.0,96271.5212,1
1787652000000,0.19232,0.19337,0.19161,0.19316,8228.0,822820.0,158239.7075,1
1787655600000,0.19316,0.19448,0.19279,0.1928,5481.0,548110.0,106077.1351,1
1787659200000,0.1928,0.19291,0.19102,0.19249,7849.0,784990.0,150595.4148,1
1787662800000,0.19251,0.1931,0.18901,0.19,16272.0,1627250.0,309788.3341,1
1787666400000,0.19,0.19233,0.18966,0.191,9471.0,947180.0,181090.1832,1
1787670000000,0.19106,0.19106,0.18887,0.19004,9532.0,953210.0,180794.975,1
1787673600000,0.19008,0.19157,0.18935,0.19104,10666.0,1066690.0,203252.2704,1
1787677200000,0.191,0.19101,0.18929,0.19038,7390.0,739040.0,140426.2172,1
1787680800000,0.1904,0.19073,0.19,0.19038,5344.0,534450.0,101718.8734,1
1787684400000,0.19034,0.19055,0.18833,0.18867,7117.0,711710.0,134777.8656,1
1787688000000,0.18868,0.18876,0.18407,0.1841,16279.0,1627900.0,303685.0945,1
1787691600000,0.18407,0.18487,0.18153,0.18426,21720.0,2172040.0,398636.8593,1
1787695200000,0.18421,0.18555,0.1842,0.18498,4252.0,425240.0,78636.8657,1
1787698800000,0.18497,0.18523,0.18187,0.1823,6917.0,691780.0,126750.7161,1
1787702400000,0.18233,0.18317,0.18115,0.18269,9927.0,992730.0,180960.8635,1
1787706000000,0.18271,0.18424,0.18268,0.18382,6876.0,687610.0,126243.0037,1
1787709600000,0.18382,0.18538,0.18337,0.18509,5612.0,561290.0,103665.9178,1
1787713200000,0.18509,0.1853,0.18367,0.18423,4915.0,491540.0,90580.604,1
1787716800000,0.18415,0.18455,0.183,0.183,7996.0,799650.0,147212.373,1
1787720400000,0.18296,0.18374,0.18163,0.18374,6443.0,644350.0,117682.2619,1
1787724000000,0.18374,0.18416,0.18262,0.18309,5455.0,545500.0,100019.3676,1
1787727600000,0.18309,0.18438,0.18273,0.18405,4345.0,434560.0,79745.7422,1
1787731200000,0.18405,0.18536,0.18341,0.18383,4801.0,480120.0,88669.682,1
1787734800000,0.18383,0.18434,0.182,0.18293,7818.0,781840.0,143254.2112,1
1787738400000,0.18293,0.18506,0.1822,0.18491,4234.0,423440.0,77732.2208,1
1787742000000,0.1849,0.18515,0.18276,0.18309,6059.0,605980.0,111385.3984,1
1787745600000,0.18312,0.18367,0.18244,0.18321,9953.0,995310.0,182051.1539,1
1787749200000,0.18316,0.18334,0.18012,0.18118,18096.0,1809680.0,328394.5256,1
1787752800000,0.1812,0.18186,0.17897,0.17904,18048.0,1804860.0,325409.1273,1
1787756400000,0.179,0.17964,0.1778,0.17911,10831.0,1083110.0,193508.6164,1
1787760000000,0.17914,0.17969,0.17772,0.17839,6743.0,674360.0,120599.8131,1
1787763600000,0.17842,0.18039,0.17836,0.17957,7704.0,770430.0,138178.1261,1
1787767200000,0.17958,0.18014,0.17913,0.17993,3861.0,386190.0,69343.9809,1
1787770800000,0.17989,0.18056,0.17959,0.17967,3509.0,350910.0,63153.1447,1
1787774400000,0.17967,0.17967,0.17792,0.1794,11399.0,1139980.0,203687.0393,1
1787778000000,0.17945,0.1817,0.17936,0.18163,6260.0,626030.0,113328.2135,1
1787781600000,0.1816,0.18348,0.18142,0.18264,9490.0,949050.0,173256.6503,1
1787785200000,0.18259,0.18559,0.18241,0.18519,5848.0,584820.0,107669.0692,1
1787788800000,0.1852,0.18524,0.18328,0.18328,8803.0,880310.0,161978.4869,1
1787792400000,0.18327,0.18464,0.18291,0.1837,6378.0,637870.0,117150.7105,1
1787796000000,0.1837,0.18436,0.18258,0.18279,4688.0,468800.0,85934.0997,1
1787799600000,0.18279,0.18372,0.18229,0.18272,5089.0,508970.0,93097.7255,1
1787803200000,0.18273,0.18331,0.18171,0.18196,3365.0,336520.0,61378.9308,1
1787806800000,0.18202,0.18234,0.18083,0.18223,3856.0,385630.0,70050.1648,1
1787810400000,0.18228,0.1826,0.1812,0.18259,2884.0,288410.0,52464.5197,1
1787814000000,0.18259,0.18336,0.18231,0.18327,9157.0,915720.0,167397.7358,1
1787817600000,0.18326,0.18779,0.18312,0.18694,16219.0,1621930.0,301972.621,1
1787821200000,0.1869,0.18904,0.18615,0.18722,11354.0,1135410.0,212951.341,1
1787824800000,0.18721,0.188,0.18442,0.18495,8564.0,856440.0,159287.4959,1
1787828400000,0.18507,0.18617,0.18435,0.18529,7176.0,717660.0,132991.4703,1
1787832000000,0.18528,0.18573,0.18434,0.18449,5356.0,535600.0,99120.9023,1
1787835600000,0.18454,0.18625,0.1838,0.18623,13307.0,1330750.0,245971.1295,1
1787839200000,0.18616,0.18955,0.18556,0.18795,33043.0,3304330.0,619433.1696,1
1787842800000,0.18796,0.18885,0.18735,0.1881,23852.0,2385240.0,448726.322,1
1787846400000,0.1881,0.18942,0.18734,0.18861,9389.0,938940.0,176994.3559,1
1787850000000,0.18856,0.18909,0.18734,0.18777,6447.0,644760.0,121349.8638,1
1787853600000,0.18777,0.18785,0.18556,0.18682,11778.0,1177890.0,219524.1845,1
1787857200000,0.18687,0.18725,0.18599,0.18667,4747.0,474750.0,88609.6209,1
1787860800000,0.18665,0.18781,0.18629,0.1877,6437.0,643730.0,120500.1296,1
1787864400000,0.18776,0.18776,0.18609,0.18705,4425.0,442540.0,82785.5124,1
1787868000000,0.18708,0.18785,0.18708,0.18785,2990.0,299030.0,56039.9677,1
1787871600000,0.18776,0.18809,0.18709,0.18724,2947.0,294720.0,55296.7689,1
1787875200000,0.18727,0.18728,0.18573,0.18672,9161.0,916180.0,170828.3442,1
1787878800000,0.18673,0.18894,0.18609,0.18629,9767.0,976700.0,183287.5017,1
1787882400000,0.18614,0.18623,0.18272,0.1838,19592.0,1959230.0,360620.8253,1
1787886000000,0.18372,0.1845,0.18307,0.18411,5273.0,527390.0,96990.5959,1
1787889600000,0.18408,0.18481,0.18334,0.18393,7189.0,718920.0,132314.7848,1
1787893200000,0.18393,0.18462,0.18313,0.18391,11816.0,1181680.0,216839.505,1
1787896800000,0.18398,0.18514,0.18398,0.18468,7040.0,704050.0,129988.3547,1
1787900400000,0.18468,0.18472,0.18337,0.18382,6637.0,663710.0,122028.4086,1
1787904000000,0.18382,0.18449,0.18296,0.18335,5164.0,516420.0,94918.5068,1
1787907600000,0.18335,0.18388,0.18235,0.1825,8804.0,880420.0,160941.1033,1
1787911200000,0.18251,0.18334,0.18132,0.18334,9574.0,957410.0,174111.9319,1
1787914800000,0.18334,0.18407,0.18317,0.18341,3235.0,323520.0,59431.7756,1
1787918400000,0.18341,0.18364,0.18247,0.18351,3645.0,364510.0,66777.5323,1
1787922000000,0.18351,0.18409,0.1826,0.18323,14510.0,1451050.0,265460.8009,1
1787925600000,0.18296,0.18441,0.17969,0.18266,26686.0,2668660.0,484733.3726,1
1787929200000,0.18272,0.18334,0.17969,0.1797,15659.0,1565930.0,284460.4066,1
1787932800000,0.1797,0.17992,0.1752,0.1789,42435.0,4243570.0,758042.1393,1
1787936400000,0.17889,0.17923,0.17815,0.17849,8029.0,802930.0,143453.2076,1
1787940000000,0.17854,0.17865,0.17593,0.17715,10032.0,1003210.0,177603.9768,1
1787943600000,0.17718,0.17802,0.17712,0.17765,3465.0,346580.0,61554.0951,1
1787947200000,0.17767,0.17859,0.17726,0.17809,3712.0,371290.0,66037.5221,1
1787950800000,0.1781,0.17859,0.17668,0.17694,7002.0,700280.0,124428.3171,1
1787954400000,0.17696,0.1787,0.17686,0.1785,3408.0,340870.0,60659.5616,1
1787958000000,0.17849,0.17943,0.17839,0.17931,2033.0,203370.0,36424.0095,1
1787961600000,0.17939,0.17999,0.17862,0.17875,3528.0,352800.0,63279.2984,1
1787965200000,0.17874,0.17882,0.17828,0.17847,1487.0,148750.0,26557.9887,1
1787968800000,0.17845,0.17866,0.17751,0.17804,4037.0,403770.0,71876.818,1
1787972400000,0.17804,0.17838,0.17717,0.17719,1705.0,170560.0,30318.1816,1
1787976000000,0.17719,0.17825,0.17709,0.1781,2090.0,209020.0,37139.8723,1
1787979600000,0.1781,0.17852,0.17779,0.17813,1972.0,197240.0,35150.731,1
1787983200000,0.17812,0.17812,0.17674,0.17706,7365.0,736510.0,130410.6185,1
1787986800000,0.17711,0.17754,0.17679,0.17719,1501.0,150140.0,26606.847,1
1787990400000,0.17716,0.17726,0.17661,0.17696,4295.0,429500.0,75944.5645,1
1787994000000,0.17696,0.17746,0.17685,0.17736,1705.0,170550.0,30220.3535,1
1787997600000,0.17729,0.17756,0.17671,0.17735,5650.0,565090.0,100091.65,1
1788001200000,0.17722,0.17766,0.17688,0.17698,6407.0,640780.0,113604.4072,1
1788004800000,0.17698,0.17777,0.17686,0.17736,1769.0,176980.0,31364.9361,1
1788008400000,0.17736,0.17787,0.17701,0.17775,1440.0,144030.0,25548.0782,1
1788012000000,0.17781,0.1802,0.17777,0.17982,3240.0,324010.0,57968.8112,1
1788015600000,0.17989,0.17993,0.17839,0.17862,3641.0,364150.0,65189.6127,1
1788019200000,0.17862,0.17939,0.17819,0.17884,8683.0,868360.0,155289.8878,1
1788022800000,0.17888,0.17914,0.17803,0.17842,1696.0,169670.0,30290.9195,1
1788026400000,0.17842,0.17955,0.17829,0.17912,2830.0,283000.0,50662.2065,1
1788030000000,0.17912,0.17957,0.17871,0.17901,2146.0,214670.0,38476.8787,1
1788033600000,0.17901,0.17972,0.17887,0.17897,2294.0,229470.0,41140.4935,1
1788037200000,0.17896,0.17947,0.17875,0.17884,3136.0,313620.0,56094.1094,1
1788040800000,0.17882,0.17925,0.17844,0.17896,1383.0,138380.0,24755.5528,1
1788044400000,0.17898,0.17959,0.17889,0.17956,2253.0,225370.0,40389.2147,1
1788048000000,0.17956,0.18025,0.17941,0.17949,6776.0,677660.0,121798.6145,1
1788051600000,0.17949,0.17965,0.17868,0.17888,4617.0,461710.0,82765.5167,1
1788055200000,0.17888,0.18001,0.17874,0.17951,3418.0,341860.0,61289.0174,1
1788058800000,0.17954,0.18026,0.17944,0.17975,2308.0,230830.0,41502.8506,1
1788062400000,0.17975,0.18006,0.17888,0.17945,2481.0,248150.0,44547.5318,1
1788066000000,0.17945,0.18049,0.17945,0.18049,2457.0,245720.0,44231.3075,1
1788069600000,0.18048,0.18127,0.17986,0.18119,2110.0,211070.0,38125.9596,1
1788073200000,0.18119,0.18119,0.17987,0.17993,2308.0,230880.0,41663.8663,1
1788076800000,0.17996,0.18007,0.17881,0.17902,2011.0,201140.0,36078.2706,1
1788080400000,0.17903,0.17923,0.17829,0.17858,2844.0,284460.0,50831.7998,1
1788084000000,0.17853,0.17958,0.17847,0.17928,1302.0,130200.0,23314.3241,1
1788087600000,0.17929,0.17968,0.17909,0.17942,2680.0,268010.0,48092.2087,1
1788091200000,0.17948,0.1808,0.17937,0.18074,3140.0,314060.0,56617.9805,1
1788094800000,0.18079,0.18142,0.1803,0.18105,3616.0,361650.0,65406.6282,1
1788098400000,0.18105,0.18114,0.18,0.18018,3645.0,364540.0,65784.5865,1
1788102000000,0.18018,0.1804,0.17922,0.17942,3376.0,337610.0,60678.0681,1
1788105600000,0.17942,0.1823,0.17939,0.18215,5492.0,549250.0,99365.3082,1
1788109200000,0.18211,0.18213,0.18077,0.18114,4655.0,465580.0,84458.6768,1
1788112800000,0.18118,0.18207,0.18045,0.18149,22149.0,2214910.0,401657.7221,1
1788116400000,0.18148,0.18168,0.1808,0.18082,10403.0,1040390.0,188143.4006,1
1788120000000,0.18081,0.18084,0.17852,0.17902,6973.0,697370.0,125601.4579,1
1788123600000,0.17905,0.17934,0.17773,0.17894,7656.0,765690.0,136502.9086,1
1788127200000,0.17916,0.17976,0.17754,0.17818,7187.0,718730.0,128193.134,1
1788130800000,0.17817,0.17817,0.17231,0.17449,17469.0,1746970.0,305744.675,1
1788134400000,0.17439,0.1758,0.17349,0.17543,8074.0,807420.0,141134.6401,1
1788138000000,0.17541,0.17566,0.17369,0.17375,7363.0,736340.0,128531.6587,1
1788141600000,0.17384,0.17509,0.17364,0.17423,15022.0,1502250.0,262480.7649,1
1788145200000,0.17423,0.17584,0.17406,0.17561,2899.0,289930.0,50742.9348,1
1788148800000,0.17561,0.17561,0.1739,0.17458,3136.0,313630.0,54749.5558,1
1788152400000,0.17456,0.17675,0.17449,0.17623,3387.0,338730.0,59578.7491,1
1788156000000,0.1762,0.17669,0.17581,0.17621,2609.0,260900.0,45984.221,1
1788159600000,0.17616,0.17683,0.17613,0.17649,2479.0,247990.0,43765.863,1
1788163200000,0.17649,0.1771,0.17574,0.17659,3412.0,341280.0,60209.4783,1
1788166800000,0.17657,0.17731,0.17628,0.1765,3000.0,300090.0,53027.5421,1
1788170400000,0.17653,0.17755,0.17589,0.17721,2833.0,283320.0,50036.3349,1
1788174000000,0.17721,0.17721,0.17611,0.17633,2428.0,242840.0,42914.3108,1
1788177600000,0.17634,0.17731,0.17469,0.17506,8690.0,869030.0,152874.262,1
1788181200000,0.17506,0.17588,0.17444,0.17469,5929.0,592960.0,103815.1695,1
1788184800000,0.17469,0.17682,0.17449,0.17653,7944.0,794420.0,139362.1013,1
1788188400000,0.17658,0.17679,0.17542,0.17594,5291.0,529120.0,93152.0954,1
1788192000000,0.17595,0.17791,0.17545,0.17707,4338.0,433890.0,76506.0514,1
1788195600000,0.17706,0.17897,0.17684,0.17849,6090.0,609020.0,108472.3074,1
1788199200000,0.17843,0.17912,0.17788,0.17853,5034.0,503480.0,89868.0337,1
1788202800000,0.17851,0.17915,0.1779,0.17849,2960.0,296040.0,52826.0523,1
1788206400000,0.17848,0.17986,0.17827,0.17839,2964.0,296400.0,53059.9568,1
1788210000000,0.17837,0.17901,0.17768,0.17862,3631.0,363160.0,64737.4962,1
1788213600000,0.17857,0.17883,0.17716,0.17739,3774.0,377450.0,67057.6271,1
1788217200000,0.17724,0.17724,0.17635,0.17713,3601.0,360130.0,63700.3541,1
1788220800000,0.17714,0.17871,0.17689,0.17839,3436.0,343640.0,61217.2476,1
1788224400000,0.17843,0.17871,0.17727,0.17792,6384.0,638430.0,113721.9035,1
1788228000000,0.1779,0.1779,0.17688,0.17744,4655.0,465500.0,82528.8476,1
1788231600000,0.17744,0.17844,0.17741,0.17788,3427.0,342710.0,60969.4053,1
1788235200000,0.17788,0.17845,0.17749,0.17762,2281.0,228180.0,40608.5061,1
1788238800000,0.17763,0.1793,0.17763,0.17916,3136.0,313630.0,55988.8638,1
1788242400000,0.17914,0.17914,0.17743,0.17743,1999.0,199930.0,35652.0616,1
1788246000000,0.17741,0.17826,0.17741,0.17771,2062.0,206240.0,36665.1774,1
1788249600000,0.17771,0.17778,0.17542,0.17544,5551.0,555180.0,97930.4176,1
1788253200000,0.17544,0.17586,0.17532,0.17563,3372.0,337260.0,59197.8132,1
1788256800000,0.17561,0.17753,0.1756,0.17732,5923.0,592340.0,104459.898,1
1788260400000,0.1773,0.17896,0.17708,0.17848,4235.0,423500.0,75387.9483,1
1788264000000,0.17848,0.17878,0.17711,0.1777,4230.0,423070.0,75341.9107,1
1788267600000,0.1777,0.1783,0.176,0.17763,8687.0,868790.0,154081.5484,1
1788271200000,0.1777,0.17915,0.17742,0.17848,6872.0,687290.0,122677.5537,1
1788274800000,0.17848,0.1787,0.17666,0.17803,4527.0,452790.0,80422.2327,1
1788278400000,0.17802,0.17803,0.17542,0.17607,5212.0,521260.0,92108.273,1
1788282000000,0.17615,0.17748,0.17555,0.17641,6121.0,612110.0,108077.395,1
1788285600000,0.17647,0.17671,0.17357,0.17575,7670.0,767090.0,134242.9908,1
1788289200000,0.17571,0.1767,0.1754,0.17637,4193.0,419310.0,73831.3512,1
1788292800000,0.17641,0.17663,0.17542,0.1761,4451.0,445130.0,78369.3004,1
1788296400000,0.17611,0.17617,0.17455,0.17536,4420.0,442040.0,77489.4241,1
1788300000000,0.17535,0.17588,0.17452,0.17482,6734.0,673490.0,118027.0534,1
1788303600000,0.17488,0.17602,0.17467,0.1756,2658.0,265820.0,46588.0603,1
1788307200000,0.1756,0.17596,0.17438,0.17444,5618.0,561860.0,98319.3138,1
1788310800000,0.17434,0.175,0.17284,0.17343,9784.0,978430.0,169880.9693,1
1788314400000,0.1734,0.17522,0.17326,0.17502,5988.0,598840.0,104570.5733,1
1788318000000,0.17502,0.17652,0.17498,0.1756,3788.0,378880.0,66677.0495,1
1788321600000,0.17554,0.17578,0.17473,0.17557,3455.0,345550.0,60542.11,1
1788325200000,0.17552,0.17621,0.17479,0.17568,2912.0,291280.0,51153.0063,1
1788328800000,0.17567,0.17597,0.17473,0.17564,2412.0,241290.0,42305.9942,1
1788332400000,0.17565,0.17586,0.17433,0.17436,2791.0,279130.0,48869.7815,1
1788336000000,0.17439,0.17481,0.17332,0.17358,4630.0,463040.0,80610.0032,1
1788339600000,0.17358,0.17422,0.17239,0.17283,4182.0,418230.0,72402.6319,1
1788343200000,0.17283,0.17288,0.17125,0.17217,8126.0,812620.0,139647.0782,1
1788346800000,0.17209,0.17257,0.17134,0.17237,3524.0,352470.0,60600.8689,1
1788350400000,0.17235,0.17297,0.17159,0.17161,2781.0,278140.0,47940.9064,1
1788354000000,0.17162,0.17374,0.17162,0.17363,4077.0,407750.0,70336.7579,1
1788357600000,0.17367,0.17411,0.17263,0.17269,4904.0,490490.0,85140.9014,1
1788361200000,0.17267,0.17381,0.17201,0.17337,4659.0,465990.0,80544.9964,1
1788364800000,0.17338,0.17392,0.17266,0.17275,5753.0,575310.0,99727.6928,1
1788368400000,0.17272,0.17361,0.17195,0.17352,4163.0,416330.0,71925.447,1
1788372000000,0.17352,0.17393,0.17333,0.17386,4006.0,400670.0,69568.6424,1
1788375600000,0.17378,0.17405,0.17301,0.17402,4829.0,482960.0,83791.9124,1
1788379200000,0.17401,0.17529,0.17391,0.17451,5863.0,586350.0,102431.9071,1
1788382800000,0.17451,0.17486,0.17393,0.17457,2324.0,232480.0,40504.4812,1
1788386400000,0.17453,0.17463,0.17357,0.17393,2351.0,235140.0,40915.624,1
1788390000000,0.17393,0.17551,0.17373,0.17551,2406.0,240690.0,42043.0598,1
1788393600000,0.17551,0.17593,0.17493,0.17539,4739.0,473970.0,83174.1796,1
1788397200000,0.17539,0.17826,0.17473,0.17719,7897.0,789760.0,139818.0447,1
1788400800000,0.17718,0.17895,0.17688,0.17856,10983.0,1098350.0,195707.55,1
1788404400000,0.17864,0.17864,0.1771,0.17738,4273.0,427360.0,75982.6819,1
1788408000000,0.17743,0.17768,0.17664,0.17768,2814.0,281420.0,49847.4551,1
1788411600000,0.17768,0.1781,0.17528,0.17727,6215.0,621540.0,109777.6891,1
1788415200000,0.17738,0.17738,0.17626,0.17637,2750.0,275070.0,48664.9473,1
1788418800000,0.17634,0.17743,0.17584,0.17613,4428.0,442840.0,78221.2562,1
1788422400000,0.17613,0.17732,0.176,0.17672,3690.0,369080.0,65254.0561,1
1788426000000,0.17676,0.17698,0.17612,0.17618,2858.0,285810.0,50435.6999,1
1788429600000,0.17615,0.17702,0.17592,0.17697,2984.0,298420.0,52640.1677,1
1788433200000,0.17698,0.17781,0.17681,0.17751,3027.0,302750.0,53718.1908,1
1788436800000,0.17752,0.17897,0.17726,0.17883,5809.0,580920.0,103557.4537,1
1788440400000,0.17882,0.18001,0.17864,0.17898,16567.0,1656720.0,297125.1754,1
1788444000000,0.17898,0.18334,0.17872,0.18333,31623.0,3162330.0,571413.8985,1
1788447600000,0.18334,0.18622,0.18253,0.1862,21424.0,2142490.0,394278.1859,1
1788451200000,0.18616,0.18794,0.18481,0.18718,18291.0,1829150.0,341392.6789,1
1788454800000,0.18719,0.1877,0.18631,0.18687,9826.0,982620.0,183775.0962,1
1788458400000,0.18689,0.18744,0.18564,0.18594,5763.0,576380.0,107443.1804,1
1788462000000,0.18594,0.18757,0.18552,0.18728,6247.0,624750.0,116617.1681,1
1788465600000,0.18732,0.18786,0.18637,0.187,6125.0,612550.0,114656.0479,1
1788469200000,0.187,0.1878,0.18562,0.18568,7774.0,777430.0,145288.0429,1
1788472800000,0.18561,0.18579,0.18306,0.18384,35319.0,3531950.0,649944.9611,1
1788476400000,0.18384,0.18454,0.18339,0.18431,10258.0,1025850.0,188595.8068,1
1788480000000,0.18426,0.18527,0.18284,0.18307,6369.0,636920.0,117133.2218,1
1788483600000,0.18307,0.18363,0.18218,0.18282,14506.0,1450640.0,265370.1106,1
1788487200000,0.18281,0.18327,0.18202,0.18325,3822.0,382250.0,69837.1823,1
1788490800000,0.18326,0.18395,0.18301,0.18301,3679.0,367970.0,67478.4634,1
1788494400000,0.18302,0.18421,0.18279,0.18305,5946.0,594650.0,109010.1337,1
1788498000000,0.18295,0.18406,0.1826,0.18284,3826.0,382680.0,70114.9591,1
1788501600000,0.18281,0.18362,0.18227,0.18313,3096.0,309660.0,56629.5274,1
1788505200000,0.18315,0.18391,0.18304,0.18322,2277.0,227780.0,41781.7971,1
1788508800000,0.18331,0.18556,0.18289,0.18543,4971.0,497170.0,91515.6803,1
1788512400000,0.18548,0.18674,0.18507,0.18524,5010.0,501020.0,93057.1715,1
1788516000000,0.18514,0.18551,0.18409,0.18475,4168.0,416830.0,76965.8085,1
1788519600000,0.18475,0.18516,0.18434,0.18471,4661.0,466180.0,86101.1576,1
1788523200000,0.18471,0.18512,0.17809,0.17984,25335.0,2533590.0,455707.0354,1
1788526800000,0.17973,0.18121,0.17932,0.18079,11769.0,1176940.0,212374.2061,1
1788530400000,0.18083,0.181,0.17714,0.17795,9091.0,909160.0,163021.7042,1
1788534000000,0.17796,0.17912,0.1774,0.17874,4731.0,473170.0,84487.7221,1
1788537600000,0.17873,0.1798,0.17861,0.17925,4083.0,408390.0,73220.6499,1
1788541200000,0.17928,0.17928,0.17774,0.1779,3275.0,327510.0,58464.2031,1
1788544800000,0.1779,0.1788,0.17785,0.17867,2928.0,292820.0,52208.0816,1
1788548400000,0.17867,0.17956,0.17867,0.17941,4617.0,461750.0,82720.2693,1
1788552000000,0.17946,0.17968,0.17905,0.17927,1916.0,191620.0,34360.7057,1
1788555600000,0.17927,0.17969,0.17879,0.17884,1979.0,197940.0,35490.6744,1
1788559200000,0.17881,0.17928,0.17877,0.17877,1614.0,161430.0,28898.9628,1
1788562800000,0.17874,0.17944,0.17863,0.17938,1574.0,157420.0,28184.7754,1
1788566400000,0.17943,0.17963,0.17859,0.17861,2083.0,208320.0,37292.6096,1
1788570000000,0.17862,0.1795,0.17852,0.17881,1898.0,189880.0,34007.715,1
1788573600000,0.17881,0.18012,0.17829,0.1799,2698.0,269870.0,48294.7434,1
1788577200000,0.1799,0.18018,0.17939,0.17962,2332.0,233280.0,41946.1604,1
1788580800000,0.17978,0.18113,0.17965,0.1809,2895.0,289550.0,52287.9292,1
1788584400000,0.18103,0.18114,0.1803,0.18098,3237.0,323790.0,58528.1014,1
1788588000000,0.18104,0.18316,0.18098,0.18286,3338.0,333840.0,60802.3361,1
1788591600000,0.18286,0.18327,0.18195,0.18229,4321.0,432170.0,78952.328,1
1788595200000,0.18229,0.18273,0.18163,0.18257,2687.0,268720.0,48938.2121,1
1788598800000,0.18258,0.18332,0.18257,0.18313,1537.0,153700.0,28137.1523,1
1788602400000,0.18314,0.1839,0.18286,0.18353,1604.0,160490.0,29421.8731,1
1788606000000,0.18354,0.18384,0.18296,0.18324,1868.0,186860.0,34239.1965,1
1788609600000,0.18325,0.18496,0.18246,0.18421,2940.0,294080.0,54013.978,1
1788613200000,0.18427,0.18481,0.18285,0.18325,2844.0,284460.0,52314.0292,1
1788616800000,0.18328,0.18407,0.18303,0.18371,2878.0,287820.0,52826.979,1
1788620400000,0.18372,0.1863,0.18342,0.18346,3552.0,355230.0,65523.874,1
1788624000000,0.18346,0.18457,0.18332,0.18409,9064.0,906460.0,166568.7654,1
1788627600000,0.18403,0.18556,0.18381,0.18526,4060.0,406080.0,74909.3886,1
1788631200000,0.18533,0.18552,0.1844,0.18457,2959.0,295940.0,54727.8041,1
1788634800000,0.18454,0.18513,0.18407,0.18419,2425.0,242500.0,44764.3609,1
1788638400000,0.18419,0.18464,0.18368,0.18402,3712.0,371240.0,68335.0147,1
1788642000000,0.18405,0.18541,0.18383,0.18498,13782.0,1378290.0,254986.6711,1
1788645600000,0.18511,0.18556,0.184,0.18432,22000.0,2200040.0,405912.6152,1
1788649200000,0.18432,0.18449,0.18352,0.1838,2697.0,269700.0,49650.7166,1
1788652800000,0.1838,0.18489,0.1837,0.18453,2770.0,277040.0,51100.7408,1
1788656400000,0.18456,0.18568,0.18435,0.18541,3528.0,352870.0,65326.646,1
1788660000000,0.18544,0.18613,0.18513,0.18595,4352.0,435210.0,80788.4911,1
1788663600000,0.18591,0.18728,0.18573,0.18669,6614.0,661440.0,123404.5266,1
1788667200000,0.18673,0.18705,0.18515,0.1861,6258.0,625860.0,116413.7148,1
1788670800000,0.18612,0.18754,0.18558,0.18738,5892.0,589250.0,110105.498,1
1788674400000,0.18744,0.1876,0.186,0.18613,2637.0,263710.0,49237.5495,1
1788678000000,0.1861,0.1863,0.18446,0.18539,9175.0,917560.0,169733.0714,1
1788681600000,0.18538,0.18648,0.18503,0.1853,3221.0,322110.0,59767.2731,1
1788685200000,0.18521,0.18642,0.18495,0.18602,3548.0,354860.0,65958.4551,1
1788688800000,0.18602,0.18708,0.18569,0.18703,2215.0,221520.0,41248.9066,1
1788692400000,0.18697,0.18718,0.18637,0.18684,2336.0,233670.0,43655.8733,1
1788696000000,0.18688,0.18705,0.18599,0.18624,2799.0,279980.0,52239.1165,1
1788699600000,0.18621,0.18677,0.18521,0.1861,3425.0,342540.0,63662.3615,1
1788703200000,0.1861,0.1861,0.18264,0.18348,6415.0,641540.0,118054.5388,1
1788706800000,0.18347,0.18401,0.18243,0.18367,3233.0,323360.0,59264.3947,1
1788710400000,0.18371,0.18481,0.18352,0.18449,2865.0,286500.0,52773.5915,1
1788714000000,0.18446,0.18448,0.18348,0.18365,3678.0,367850.0,67645.1294,1
1788717600000,0.18373,0.18439,0.18342,0.18374,2418.0,241830.0,44483.8442,1
1788721200000,0.18374,0.18374,0.18319,0.18355,22873.0,2287320.0,419582.7936,1
1788724800000,0.18327,0.18547,0.18287,0.18522,16171.0,1617180.0,296956.5479,1
1788728400000,0.18522,0.18658,0.18515,0.18623,5861.0,586180.0,108931.9275,1
1788732000000,0.18626,0.18632,0.18431,0.18542,54339.0,5433940.0,1007427.3759,1
1788735600000,0.18542,0.18766,0.18529,0.18766,6108.0,610850.0,113851.4308,1
1788739200000,0.18758,0.19008,0.18677,0.18815,12400.0,1240040.0,233463.1152,1
1788742800000,0.18818,0.18856,0.18583,0.18625,10559.0,1055970.0,197256.8753,1
1788746400000,0.18628,0.18993,0.18523,0.18842,24818.0,2481880.0,467836.9552,1
1788750000000,0.18845,0.18851,0.18613,0.18705,5434.0,543470.0,101780.494,1
1788753600000,0.18702,0.1929,0.18702,0.19121,13093.0,1309380.0,249929.756,1
1788757200000,0.1911,0.19333,0.18986,0.18986,20214.0,2021430.0,386942.2666,1
1788760800000,0.18983,0.19119,0.18939,0.18975,8180.0,818010.0,155398.8067,1
1788764400000,0.18976,0.19099,0.18649,0.18848,34960.0,3496010.0,664448.9046,1
1788768000000,0.18848,0.19031,0.18829,0.1903,3995.0,399580.0,75721.8772,1
1788771600000,0.19034,0.19138,0.18933,0.18933,4553.0,455310.0,86739.8526,1
1788775200000,0.18939,0.19238,0.18933,0.19195,5151.0,515190.0,98387.9841,1
1788778800000,0.19202,0.19244,0.19047,0.19101,18104.0,1810400.0,345664.3027,1
1788782400000,0.19098,0.19628,0.19078,0.19525,22731.0,2273110.0,439695.949,1
1788786000000,0.19534,0.19577,0.19164,0.19222,7536.0,753600.0,145882.3697,1
1788789600000,0.19216,0.19263,0.1902,0.19181,9149.0,914950.0,175340.5575,1
1788793200000,0.1918,0.192,0.18811,0.18843,59515.0,5951520.0,1131300.0224,1
1788796800000,0.18843,0.19295,0.18752,0.19197,179732.0,17973230.0,3411488.4238,1
1788800400000,0.192,0.19288,0.19084,0.19086,23709.0,2370910.0,456135.1002,1
1788804000000,0.19085,0.19108,0.18921,0.18996,3670.0,367050.0,69771.063,1
1788807600000,0.18996,0.19316,0.18956,0.19316,66091.0,6609160.0,1263039.186,1
1788811200000,0.19315,0.19382,0.19179,0.19235,11253.0,1125330.0,216808.5239,1
1788814800000,0.19236,0.1939,0.19216,0.1932,3536.0,353660.0,68235.9755,1
1788818400000,0.19328,0.19334,0.19051,0.19112,8493.0,849310.0,162883.9285,1
1788822000000,0.19106,0.1939,0.19103,0.19352,5308.0,530850.0,102471.0161,1
1788825600000,0.19348,0.19393,0.19162,0.19383,5349.0,534940.0,103337.1036,1
1788829200000,0.19376,0.19451,0.19269,0.19326,5576.0,557640.0,107893.99,1
1788832800000,0.1933,0.19331,0.18827,0.18872,78687.0,7868700.0,1503144.4087,1
1788836400000,0.18858,0.18969,0.18843,0.18927,5363.0,536350.0,101361.4744,1
1788840000000,0.18927,0.19048,0.18912,0.18979,6483.0,648320.0,123170.3791,1
1788843600000,0.18987,0.19156,0.18945,0.19028,5753.0,575370.0,109745.2827,1
1788847200000,0.19021,0.19044,0.18856,0.18879,35857.0,3585790.0,679042.8051,1
1788850800000,0.18879,0.19032,0.18862,0.18977,3594.0,359440.0,68116.5736,1
1788854400000,0.18975,0.19106,0.18865,0.19103,28353.0,2835360.0,540050.9086,1
1788858000000,0.191,0.19161,0.1898,0.19112,3500.0,350020.0,66774.9054,1
1788861600000,0.19112,0.19193,0.19073,0.19084,2630.0,263070.0,50300.4449,1
1788865200000,0.19085,0.19086,0.18807,0.18853,58978.0,5897870.0,1116003.6559,1
1788868800000,0.18849,0.18854,0.1869,0.18842,15547.0,1554790.0,291286.8226,1
1788872400000,0.18839,0.18877,0.18609,0.18801,7052.0,705210.0,132230.6144,1
1788876000000,0.18804,0.19029,0.18738,0.1902,12297.0,1229720.0,232331.7196,1
1788879600000,0.19017,0.19272,0.18989,0.19236,7186.0,718630.0,137405.8974,1
1788883200000,0.19238,0.19383,0.19073,0.1915,8540.0,854000.0,164147.9198,1
1788886800000,0.19141,0.19205,0.18972,0.18975,8003.0,800330.0,152562.8508,1
1788890400000,0.18975,0.19086,0.18821,0.1886,5706.0,570670.0,108154.9624,1
1788894000000,0.18868,0.18913,0.18767,0.18836,4979.0,497970.0,93863.5874,1
1788897600000,0.18844,0.1896,0.1878,0.18814,4791.0,479140.0,90259.4708,1
1788901200000,0.18821,0.18886,0.188,0.18829,2827.0,282790.0,53258.2318,1
1788904800000,0.18829,0.18931,0.18798,0.18841,3397.0,339750.0,64102.9763,1
1788908400000,0.18844,0.18844,0.18745,0.18769,3834.0,383400.0,72022.9262,1
1788912000000,0.18771,0.18856,0.18756,0.18814,3965.0,396510.0,74581.5192,1
1788915600000,0.18814,0.18874,0.18735,0.18804,3999.0,399950.0,75186.6094,1
1788919200000,0.18804,0.18953,0.18689,0.18776,87371.0,8737120.0,1645963.1926,1
1788922800000,0.18776,0.18776,0.18644,0.18683,4045.0,404520.0,75585.7582,1
1788926400000,0.18693,0.19012,0.18657,0.19012,55512.0,5551250.0,1039502.2903,1
1788930000000,0.19004,0.1905,0.1884,0.18883,11022.0,1102230.0,208992.955,1
1788933600000,0.18888,0.19067,0.18862,0.18986,6552.0,655240.0,124504.3303,1
1788937200000,0.18975,0.19083,0.18969,0.19021,4062.0,406280.0,77339.1296,1
1788940800000,0.19028,0.1908,0.18993,0.19027,4477.0,447740.0,85248.2818,1
1788944400000,0.19027,0.19034,0.18702,0.18711,7159.0,715920.0,134867.0834,1
1788948000000,0.18721,0.18851,0.18718,0.1881,4071.0,407130.0,76454.3733,1
1788951600000,0.18805,0.18898,0.18676,0.18882,4208.0,420810.0,79017.7393,1
1788955200000,0.18885,0.18955,0.1884,0.18913,3423.0,342370.0,64686.7969,1
1788958800000,0.18922,0.18945,0.18717,0.18786,8725.0,872520.0,164423.7475,1
1788962400000,0.18785,0.18849,0.18678,0.18703,7141.0,714120.0,134072.605,1
1788966000000,0.18703,0.18784,0.18253,0.18409,45740.0,4574000.0,839422.0779,1
1788969600000,0.18409,0.18517,0.18359,0.18506,5311.0,531180.0,97983.9744,1
1788973200000,0.18511,0.18556,0.18485,0.18544,3757.0,375720.0,69618.3937,1
1788976800000,0.18543,0.18549,0.18456,0.18477,3483.0,348310.0,64435.6585,1
1788980400000,0.18474,0.18526,0.1821,0.18217,6555.0,655530.0,120563.841,1
1788984000000,0.18208,0.18306,0.1815,0.18284,8905.0,890590.0,162423.9056,1
1788987600000,0.18284,0.18306,0.18092,0.18156,3783.0,378320.0,68836.2894,1
1788991200000,0.18156,0.18183,0.17986,0.17994,6365.0,636540.0,115085.8968,1
1788994800000,0.17994,0.18123,0.17987,0.18113,3231.0,323160.0,58400.8724,1
1788998400000,0.18113,0.18113,0.17931,0.1796,6568.0,656850.0,118465.9005,1
1789002000000,0.1796,0.18079,0.17841,0.17905,5302.0,530270.0,95124.5335,1
1789005600000,0.17895,0.18018,0.17857,0.18018,3979.0,397910.0,71308.3403,1
1789009200000,0.18017,0.1806,0.17975,0.18008,2725.0,272510.0,49099.2976,1
1789012800000,0.18001,0.18041,0.17975,0.18005,2114.0,211440.0,38082.2342,1
1789016400000,0.18002,0.18114,0.17971,0.18096,3392.0,339200.0,61227.8275,1
1789020000000,0.18108,0.18128,0.17977,0.18101,2631.0,263160.0,47506.2731,1
1789023600000,0.18099,0.18103,0.17908,0.1791,3657.0,365710.0,65753.4746,1
1789027200000,0.17909,0.17968,0.1789,0.179,2951.0,295120.0,52871.4444,1
1789030800000,0.17895,0.18022,0.17895,0.17915,2918.0,291830.0,52374.8914,1
1789034400000,0.17915,0.17968,0.17856,0.17901,2646.0,264640.0,47423.2539,1
1789038000000,0.17887,0.17997,0.1784,0.17911,3730.0,373020.0,66893.1023,1
1789041600000,0.17914,0.1799,0.17517,0.17675,13094.0,1309420.0,232456.7659,1
1789045200000,0.17673,0.178,0.17627,0.1778,10291.0,1029130.0,182395.1197,1
1789048800000,0.17778,0.17838,0.17674,0.1778,5503.0,550330.0,97838.3734,1
1789052400000,0.1778,0.1778,0.17704,0.17762,3993.0,399360.0,70826.0188,1
1789056000000,0.17769,0.17789,0.17542,0.17721,5859.0,585980.0,103373.0656,1
1789059600000,0.17715,0.17877,0.17702,0.17864,5334.0,533410.0,95059.451,1
1789063200000,0.17858,0.17898,0.17766,0.17897,3905.0,390540.0,69623.4866,1
1789066800000,0.17896,0.17896,0.1776,0.17782,4455.0,445540.0,79470.2444,1
1789070400000,0.17785,0.1785,0.17736,0.17736,1928.0,192840.0,34304.1307,1
1789074000000,0.17736,0.17779,0.17665,0.17683,3248.0,324840.0,57593.8325,1
1789077600000,0.17688,0.17731,0.17559,0.17559,3157.0,315780.0,55659.4882,1
1789081200000,0.17564,0.17574,0.17406,0.17454,10064.0,1006400.0,176063.2147,1
1789084800000,0.17454,0.17583,0.17447,0.17553,4092.0,409250.0,71748.7129,1
1789088400000,0.17552,0.17611,0.17474,0.17572,3753.0,375320.0,65832.2499,1
1789092000000,0.17572,0.17584,0.17499,0.17552,2303.0,230390.0,40424.9427,1
1789095600000,0.17554,0.17596,0.17486,0.1759,3086.0,308690.0,54135.1441,1
1789099200000,0.1759,0.17683,0.17576,0.17606,3316.0,331690.0,58474.7633,1
1789102800000,0.17606,0.1763,0.17571,0.17626,1673.0,167320.0,29449.915,1
1789106400000,0.1762,0.1765,0.17601,0.17649,1605.0,160500.0,28285.833,1
1789110000000,0.17646,0.17707,0.17612,0.17619,1472.0,147260.0,26010.4331,1
1789113600000,0.17617,0.17683,0.17572,0.17613,2225.0,222540.0,39219.7832,1
1789117200000,0.17613,0.1762,0.17455,0.17513,2070.0,207040.0,36278.4641,1
1789120800000,0.17499,0.17542,0.17406,0.17406,2884.0,288400.0,50352.5622,1
1789124400000,0.17407,0.17471,0.17319,0.17445,4707.0,470790.0,81819.2461,1
1789128000000,0.17445,0.17936,0.17253,0.1791,11663.0,1166310.0,206042.5928,1
1789131600000,0.17923,0.18418,0.1772,0.18415,15669.0,1566930.0,280709.3786,1
1789135200000,0.18402,0.18543,0.18115,0.18234,11662.0,1166280.0,213153.3955,1
1789138800000,0.18236,0.18467,0.18,0.18057,10187.0,1018700.0,186177.8017,1
1789142400000,0.18055,0.18221,0.18042,0.18195,7542.0,754270.0,136661.3417,1
1789146000000,0.18194,0.1826,0.17931,0.17948,5160.0,516010.0,93432.5919,1
1789149600000,0.1795,0.17964,0.1772,0.17741,7571.0,757150.0,134940.7167,1
1789153200000,0.1774,0.17897,0.17686,0.17869,4892.0,489250.0,87095.2323,1
1789156800000,0.1787,0.17969,0.17786,0.17852,4432.0,443290.0,79328.6796,1
1789160400000,0.17847,0.17949,0.17715,0.17739,2885.0,288560.0,51497.2366,1
1789164000000,0.1774,0.17856,0.17685,0.17712,2965.0,296580.0,52681.226,1
1789167600000,0.17709,0.17835,0.17703,0.17817,2376.0,237690.0,42269.8551,1
1789171200000,0.17817,0.17946,0.17815,0.17929,2714.0,271470.0,48541.6607,1
1789174800000,0.17926,0.18042,0.17921,0.18023,3092.0,309220.0,55672.091,1
1789178400000,0.18023,0.18053,0.17974,0.18047,2107.0,210770.0,37969.9411,1
1789182000000,0.18048,0.18105,0.18013,0.18076,2008.0,200800.0,36288.0842,1
1789185600000,0.18084,0.18114,0.18031,0.18039,2059.0,205970.0,37223.993,1
1789189200000,0.18038,0.18044,0.17956,0.18,1814.0,181430.0,32635.0204,1
1789192800000,0.18,0.18003,0.17961,0.17962,1827.0,182700.0,32854.1511,1
1789196400000,0.17962,0.18076,0.17962,0.18067,1375.0,137510.0,24794.7333,1
1789200000000,0.18067,0.18114,0.18012,0.18094,2961.0,296120.0,53556.4029,1
1789203600000,0.18097,0.18121,0.18072,0.18103,1604.0,160440.0,29039.1206,1
1789207200000,0.18103,0.18206,0.18103,0.18174,1304.0,130420.0,23672.6061,1
1789210800000,0.18176,0.18257,0.18134,0.18208,1582.0,158220.0,28775.5636,1
1789214400000,0.18217,0.18217,0.18114,0.18144,2141.0,214150.0,38930.8844,1
1789218000000,0.18144,0.18164,0.18072,0.1809,2046.0,204620.0,37045.8404,1
1789221600000,0.18098,0.18128,0.18072,0.18101,1144.0,114450.0,20710.277,1
1789225200000,0.18109,0.18252,0.181,0.18237,1966.0,196680.0,35756.2523,1
1789228800000,0.18236,0.18247,0.18159,0.18176,1531.0,153120.0,27866.2783,1
1789232400000,0.18176,0.18182,0.18096,0.18117,1677.0,167740.0,30415.0798,1
1789236000000,0.18117,0.18117,0.18042,0.18043,1641.0,164100.0,29648.0858,1
1789239600000,0.18043,0.18043,0.17961,0.17974,1830.0,183020.0,32931.824,1
1789243200000,0.17974,0.18026,0.17973,0.17986,1304.0,130400.0,23487.9183,1
1789246800000,0.17981,0.18029,0.17966,0.17984,1250.0,125080.0,22516.3736,1
1789250400000,0.17983,0.18032,0.17956,0.17971,1166.0,116670.0,20983.5694,1
1789254000000,0.17957,0.1801,0.17957,0.17996,1180.0,118060.0,21232.9247,1
1789257600000,0.17988,0.18022,0.17973,0.1799,1376.0,137650.0,24775.0549,1
1789261200000,0.1799,0.1803,0.17984,0.1803,1215.0,121520.0,21872.073,1
1789264800000,0.1803,0.18042,0.17976,0.18017,1416.0,141600.0,25495.5083,1
1789268400000,0.18017,0.1804,0.17951,0.17956,1699.0,169910.0,30556.6512,1
1789272000000,0.17959,0.18002,0.17954,0.17983,694.0,69430.0,12483.4026,1
1789275600000,0.17983,0.18087,0.17983,0.18086,1520.0,152040.0,27460.2573,1
1789279200000,0.18075,0.18084,0.17929,0.17964,2106.0,210680.0,37932.4984,1
1789282800000,0.17974,0.17997,0.1791,0.17921,1484.0,148400.0,26649.1508,1
1789286400000,0.17915,0.17952,0.17754,0.17778,3492.0,349270.0,62235.3441,1
1789290000000,0.1778,0.17826,0.17693,0.17817,2699.0,269980.0,47970.3477,1
1789293600000,0.17814,0.17838,0.17704,0.17727,1880.0,188020.0,33438.3105,1
1789297200000,0.17724,0.17853,0.17706,0.17838,1761.0,176100.0,31307.9138,1
1789300800000,0.17838,0.17861,0.17779,0.17841,1680.0,168080.0,29950.8248,1
1789304400000,0.17841,0.17961,0.17764,0.1794,2225.0,222590.0,39722.4701,1
1789308000000,0.17938,0.18011,0.17936,0.17969,2632.0,263270.0,47318.0914,1
1789311600000,0.17977,0.17977,0.17826,0.17827,1640.0,164050.0,29316.2689,1
1789315200000,0.17827,0.17894,0.17819,0.17881,2177.0,217740.0,38854.3399,1
1789318800000,0.17881,0.17969,0.1787,0.17939,1725.0,172500.0,30937.2349,1
1789322400000,0.17939,0.17999,0.17926,0.17983,1221.0,122110.0,21951.0616,1
1789326000000,0.17983,0.17999,0.17892,0.17912,1304.0,130460.0,23390.766,1
1789329600000,0.17912,0.18042,0.17912,0.18042,2442.0,244290.0,43935.5791,1
1789333200000,0.18041,0.18065,0.18005,0.18028,1498.0,149890.0,27038.6973,1
1789336800000,0.18015,0.18015,0.17591,0.17642,9899.0,989970.0,175693.156,1
1789340400000,0.1765,0.17747,0.1765,0.17695,3201.0,320180.0,56719.9604,1
1789344000000,0.17706,0.17831,0.17681,0.17825,4535.0,453590.0,80595.2774,1
1789347600000,0.17825,0.17897,0.177,0.17897,5586.0,558600.0,99386.7605,1
1789351200000,0.17897,0.18105,0.17859,0.18068,7992.0,799260.0,143961.9799,1
1789354800000,0.18076,0.18197,0.18037,0.18177,9018.0,901870.0,163171.2905,1
1789358400000,0.18184,0.18287,0.18148,0.18228,4164.0,416400.0,75832.5828,1
1789362000000,0.18232,0.18298,0.182,0.18292,2395.0,239560.0,43716.2519,1
1789365600000,0.183,0.18498,0.18264,0.18478,4515.0,451580.0,82990.2408,1
1789369200000,0.18487,0.185,0.18407,0.1847,3334.0,333440.0,61575.6602,1
1789372800000,0.1848,0.185,0.18374,0.18379,3577.0,357790.0,65963.3108,1
1789376400000,0.18379,0.18629,0.18334,0.18579,4478.0,447830.0,82615.6617,1
1789380000000,0.18594,0.18986,0.18586,0.18899,6594.0,659400.0,123357.0782,1
1789383600000,0.189,0.19211,0.18866,0.18911,10249.0,1024960.0,195245.5772,1
1789387200000,0.18907,0.19371,0.18907,0.19163,10810.0,1081020.0,207016.9126,1
1789390800000,0.19166,0.19229,0.18888,0.19055,14436.0,1443690.0,275281.9984,1
1789394400000,0.19055,0.19231,0.18891,0.1898,8516.0,851620.0,162225.4609,1
1789398000000,0.1898,0.19415,0.18891,0.1924,14728.0,1472810.0,282696.9912,1
1789401600000,0.19239,0.19579,0.19214,0.19472,11397.0,1139730.0,220974.179,1
1789405200000,0.19472,0.19677,0.19383,0.19658,8404.0,840410.0,164172.4717,1
1789408800000,0.19658,0.19678,0.19328,0.19575,9703.0,970380.0,188804.5269,1
1789412400000,0.19558,0.19567,0.19264,0.19426,7466.0,746670.0,144712.7114,1
1789416000000,0.19423,0.1965,0.19422,0.19514,6853.0,685350.0,133848.4412,1
1789419600000,0.19514,0.19514,0.19311,0.19344,10696.0,1069600.0,207219.1436,1
1789423200000,0.19344,0.19471,0.19322,0.19359,13214.0,1321420.0,256666.4832,1
1789426800000,0.19369,0.19374,0.1911,0.19155,13140.0,1314010.0,252093.7667,1
1789430400000,0.19164,0.1939,0.19133,0.19315,5137.0,513780.0,98781.2393,1
1789434000000,0.19321,0.19486,0.19207,0.19479,5504.0,550490.0,106450.3174,1
1789437600000,0.19479,0.19679,0.19407,0.19588,10099.0,1009900.0,197457.1254,1
1789441200000,0.19583,0.1962,0.1934,0.19344,6515.0,651500.0,126928.5584,1
1789444800000,0.19346,0.1947,0.1914,0.19314,8913.0,891340.0,171325.8809,1
1789448400000,0.19316,0.19426,0.19122,0.19383,5607.0,560760.0,107757.7029,1
1789452000000,0.19387,0.19394,0.1918,0.19216,5626.0,562610.0,108726.7059,1
1789455600000,0.1922,0.193,0.19053,0.19093,5230.0,523010.0,100375.7168,1
1789459200000,0.19094,0.19269,0.1905,0.19268,5038.0,503800.0,96345.2209,1
1789462800000,0.19269,0.19459,0.19122,0.19339,22683.0,2268320.0,436512.0511,1
1789466400000,0.1934,0.19581,0.1926,0.19497,5531.0,553160.0,107455.376,1
1789470000000,0.19496,0.19505,0.1924,0.19404,6352.0,635270.0,123008.0204,1
1789473600000,0.19409,0.1966,0.19369,0.19515,17656.0,1765620.0,345961.9471,1
1789477200000,0.19509,0.19848,0.19278,0.19549,12395.0,1239510.0,242886.5766,1
1789480800000,0.19542,0.1966,0.1886,0.19023,16397.0,1639790.0,316567.8351,1
1789484400000,0.19036,0.19416,0.18984,0.1921,8423.0,842320.0,162036.9466,1
1789488000000,0.1921,0.19259,0.189,0.18956,6209.0,620980.0,118487.6212,1
1789491600000,0.18947,0.19378,0.1886,0.19245,9830.0,983080.0,188006.8254,1
1789495200000,0.19239,0.19287,0.17569,0.18145,38442.0,3844200.0,706008.1838,1
1789498800000,0.18145,0.18213,0.17877,0.17965,17366.0,1736630.0,313241.0481,1
1789502400000,0.17917,0.17925,0.17424,0.17583,13274.0,1327430.0,233551.2079,1
1789506000000,0.17578,0.17701,0.17467,0.17472,5101.0,510100.0,89619.862,1
1789509600000,0.17472,0.17696,0.17457,0.17647,8285.0,828500.0,145895.9176,1
1789513200000,0.17647,0.17752,0.1756,0.17589,4678.0,467890.0,82665.9001,1
1789516800000,0.17601,0.1767,0.17509,0.17603,5321.0,532140.0,93630.2166,1
1789520400000,0.17608,0.17669,0.17376,0.174,8996.0,899630.0,157213.3736,1
1789524000000,0.17398,0.17682,0.17387,0.176,5255.0,525500.0,92244.2118,1
1789527600000,0.17599,0.17745,0.17583,0.17673,4581.0,458190.0,80986.7894,1
1789531200000,0.17677,0.1779,0.17642,0.17663,11371.0,1137170.0,201683.9539,1
1789534800000,0.17662,0.17683,0.1755,0.17567,4679.0,467900.0,82461.4602,1
1789538400000,0.1758,0.17683,0.17529,0.17683,3652.0,365200.0,64210.4584,1
1789542000000,0.17683,0.17747,0.17513,0.17525,3757.0,375750.0,66154.3466,1
1789545600000,0.17514,0.17532,0.17334,0.17405,5986.0,598670.0,104100.2438,1
1789549200000,0.17405,0.1757,0.17405,0.17547,3559.0,355910.0,62226.0958,1
1789552800000,0.17551,0.17554,0.1748,0.17521,2724.0,272440.0,47723.5521,1
1789556400000,0.17533,0.17655,0.17477,0.17627,4084.0,408470.0,71755.5352,1
1789560000000,0.17627,0.17694,0.17439,0.1746,4342.0,434250.0,76356.6834,1
1789563600000,0.17451,0.17524,0.17379,0.17418,8351.0,835170.0,145742.5824,1
1789567200000,0.1743,0.17525,0.17326,0.17372,10246.0,1024610.0,178322.8026,1
1789570800000,0.1738,0.17458,0.17291,0.17317,7115.0,711530.0,123691.2568,1
1789574400000,0.17325,0.17424,0.17289,0.17401,7437.0,743780.0,129047.6455,1
1789578000000,0.17401,0.17466,0.17228,0.17408,7075.0,707510.0,122554.6413,1
1789581600000,0.17423,0.18042,0.17278,0.178,23381.0,2338110.0,416426.3811,1
1789585200000,0.17814,0.18182,0.17754,0.18042,13464.0,1346460.0,242201.9828,1
1789588800000,0.18095,0.18407,0.18042,0.18309,8224.0,822460.0,149827.2812,1
1789592400000,0.18317,0.18406,0.17975,0.18082,10204.0,1020460.0,185725.6247,1
1789596000000,0.18094,0.18098,0.17896,0.17958,5428.0,542890.0,97529.6476,1
1789599600000,0.17953,0.18401,0.1792,0.18389,8123.0,812350.0,148454.3056,1
1789603200000,0.18391,0.18693,0.18344,0.18473,11086.0,1108650.0,205333.2111,1
1789606800000,0.1847,0.18598,0.18388,0.18423,8110.0,811010.0,149846.2796,1
1789610400000,0.18408,0.18418,0.18274,0.18318,5625.0,562570.0,103207.8794,1
1789614000000,0.1832,0.18383,0.1824,0.18289,3281.0,328150.0,60077.3831,1
1789617600000,0.18291,0.18309,0.18142,0.18264,3526.0,352690.0,64276.3805,1
1789621200000,0.18269,0.18289,0.18191,0.18202,3031.0,303180.0,55293.1559,1
1789624800000,0.182,0.18285,0.18187,0.18274,2740.0,274010.0,49937.0933,1
1789628400000,0.18274,0.18362,0.18243,0.18269,3152.0,315230.0,57695.5625,1
1789632000000,0.18273,0.18362,0.18218,0.18332,2916.0,291620.0,53291.0428,1
1789635600000,0.18332,0.1836,0.18126,0.18138,2754.0,275460.0,50278.8923,1
1789639200000,0.18144,0.18152,0.18074,0.18104,2525.0,252560.0,45738.0328,1
1789642800000,0.18107,0.18181,0.18078,0.18178,2886.0,288600.0,52305.1951,1
1789646400000,0.18178,0.18458,0.18163,0.18419,7067.0,706720.0,129593.1089,1
1789650000000,0.18436,0.18529,0.18201,0.18406,8292.0,829280.0,152417.2627,1
1789653600000,0.18406,0.1863,0.1835,0.18414,8229.0,822920.0,152384.8651,1
1789657200000,0.1841,0.18645,0.18348,0.1863,18615.0,1861550.0,344466.7091,1
1789660800000,0.18645,0.18705,0.18518,0.18612,8425.0,842570.0,156723.4251,1
1789664400000,0.18618,0.18734,0.18603,0.18614,7952.0,795290.0,148562.5952,1
1789668000000,0.18614,0.18614,0.18442,0.18488,7475.0,747570.0,138522.9696,1
1789671600000,0.18483,0.18625,0.18442,0.18623,2502.0,250260.0,46361.7016,1
1789675200000,0.18619,0.18705,0.18556,0.18562,2409.0,240930.0,44850.5574,1
1789678800000,0.18562,0.18594,0.18353,0.18376,5708.0,570820.0,105590.4035,1
1789682400000,0.18375,0.18403,0.18298,0.18388,5696.0,569650.0,104553.4274,1
1789686000000,0.18388,0.18419,0.18335,0.18336,3282.0,328230.0,60338.2856,1
1789689600000,0.18335,0.18369,0.18233,0.18356,5248.0,524890.0,96015.5054,1
1789693200000,0.18355,0.18481,0.18322,0.18454,5420.0,542040.0,99701.9826,1
1789696800000,0.18454,0.18577,0.18387,0.18543,11793.0,1179350.0,217530.9366,1
1789700400000,0.18534,0.18961,0.18519,0.1892,12083.0,1208380.0,227016.8305,1
1789704000000,0.18924,0.18945,0.18718,0.1888,9384.0,938440.0,176465.412,1
1789707600000,0.18893,0.18895,0.18705,0.18725,4647.0,464710.0,87299.4914,1
1789711200000,0.18725,0.1881,0.18626,0.18649,3421.0,342120.0,64033.7597,1
1789714800000,0.18641,0.18838,0.18631,0.18766,4599.0,459940.0,86275.5382,1
1789718400000,0.18762,0.18825,0.18663,0.18817,5718.0,571800.0,107351.4992,1
1789722000000,0.18821,0.18866,0.1873,0.1878,5146.0,514650.0,96711.895,1
1789725600000,0.1877,0.18903,0.187,0.187,5365.0,536510.0,100808.3981,1
1789729200000,0.18706,0.18707,0.18484,0.18588,6470.0,647070.0,120075.814,1
1789732800000,0.18589,0.18661,0.18524,0.18595,4677.0,467750.0,86965.9632,1
1789736400000,0.18605,0.19013,0.18508,0.18964,8881.0,888190.0,167063.3068,1
1789740000000,0.18964,0.19409,0.18958,0.19401,21466.0,2146680.0,412131.7525,1
1789743600000,0.19401,0.19406,0.19019,0.19207,15289.0,1528930.0,293083.6924,1
1789747200000,0.19211,0.19282,0.19102,0.19179,10004.0,1000420.0,192035.4234,1
1789750800000,0.19184,0.19323,0.19157,0.19307,7915.0,791550.0,152045.8037,1
1789754400000,0.19288,0.19323,0.19165,0.19198,4576.0,457670.0,88099.8678,1
1789758000000,0.19195,0.19533,0.19195,0.19514,13872.0,1387200.0,268717.2414,1
1789761600000,0.19496,0.19496,0.19328,0.19365,5593.0,559350.0,108584.7534,1
1789765200000,0.19372,0.19467,0.19345,0.19386,33553.0,3355340.0,650749.3003,1
1789768800000,0.19389,0.19429,0.19238,0.19259,5205.0,520510.0,100478.5154,1
1789772400000,0.1926,0.19328,0.1923,0.19309,8333.0,833370.0,160494.6793,1
1789776000000,0.19315,0.19627,0.19277,0.19402,13745.0,1374550.0,267812.6514,1
1789779600000,0.19402,0.19495,0.19128,0.19387,9923.0,992330.0,191163.7865,1
1789783200000,0.19391,0.19603,0.19351,0.19503,4834.0,483400.0,94271.7965,1
1789786800000,0.19503,0.19589,0.19378,0.19548,5835.0,583570.0,113561.6462,1
1789790400000,0.19545,0.19627,0.19266,0.19397,9163.0,916340.0,177665.3476,1
1789794000000,0.1939,0.19627,0.19378,0.19531,4896.0,489610.0,95643.9128,1
1789797600000,0.19527,0.19572,0.19323,0.19339,4944.0,494400.0,95961.2558,1
1789801200000,0.19338,0.1937,0.19114,0.19167,4202.0,420290.0,80783.0504,1
1789804800000,0.19172,0.19378,0.19159,0.1924,9783.0,978370.0,188656.9846,1
1789808400000,0.1924,0.19314,0.19201,0.19251,3454.0,345430.0,66499.9436,1
1789812000000,0.19251,0.19375,0.19203,0.19283,3833.0,383300.0,73895.6511,1
1789815600000,0.19279,0.19503,0.19276,0.19501,4120.0,412030.0,79930.3642,1
1789819200000,0.19498,0.19986,0.19452,0.19966,9562.0,956290.0,187916.075,1
1789822800000,0.1997,0.20422,0.19876,0.1996,25728.0,2572810.0,515565.2269,1
1789826400000,0.19959,0.20254,0.19937,0.20009,42028.0,4202890.0,848031.4085,1
1789830000000,0.2,0.20015,0.19678,0.19834,49348.0,4934810.0,975576.9218,1
1789833600000,0.19818,0.20059,0.19663,0.20009,8623.0,862370.0,171479.2935,1
1789837200000,0.19999,0.20089,0.1973,0.1978,7655.0,765570.0,152264.5796,1
1789840800000,0.1978,0.19875,0.19629,0.19779,10458.0,1045880.0,206181.326,1
1789844400000,0.19782,0.20042,0.19782,0.19932,10401.0,1040130.0,207746.9714,1
1789848000000,0.19911,0.19985,0.19821,0.19843,4213.0,421300.0,83869.3369,1
1789851600000,0.19854,0.19937,0.19392,0.19545,12507.0,1250750.0,245628.3978,1
1789855200000,0.19544,0.19665,0.19369,0.19665,6665.0,666580.0,129731.8599,1
1789858800000,0.19649,0.19688,0.19594,0.19628,4093.0,409340.0,80421.1015,1
1789862400000,0.19628,0.19648,0.19517,0.19598,4207.0,420750.0,82369.2507,1
1789866000000,0.19587,0.19618,0.19351,0.19468,6000.0,600050.0,116695.7091,1
1789869600000,0.19462,0.19593,0.18932,0.18965,9851.0,985140.0,189589.2684,1
1789873200000,0.18969,0.19157,0.1891,0.19118,5654.0,565460.0,107673.3961,1
1789876800000,0.19123,0.1913,0.19011,0.19052,3072.0,307230.0,58587.2778,1
1789880400000,0.19052,0.1913,0.19021,0.19103,3796.0,379650.0,72434.2498,1
1789884000000,0.19102,0.1913,0.18991,0.19053,3527.0,352720.0,67214.4092,1
1789887600000,0.1905,0.19074,0.18954,0.18957,2984.0,298430.0,56795.1804,1
1789891200000,0.18958,0.19064,0.18881,0.1896,3532.0,353220.0,66996.6983,1
1789894800000,0.1895,0.19156,0.1895,0.18997,3656.0,365630.0,69579.7815,1
1789898400000,0.18996,0.19029,0.18881,0.18883,6096.0,609670.0,115356.5587,1
1789902000000,0.18882,0.19047,0.18856,0.19027,4322.0,432210.0,81862.3847,1
1789905600000,0.19022,0.19157,0.18971,0.19088,4032.0,403290.0,76877.2758,1
1789909200000,0.19083,0.19092,0.18973,0.19074,3037.0,303760.0,57813.8786,1
1789912800000,0.19065,0.19295,0.19047,0.19182,11144.0,1114460.0,213562.8321,1
1789916400000,0.19175,0.19479,0.19175,0.19417,7643.0,764380.0,147980.0686,1
1789920000000,0.19411,0.19805,0.19378,0.19782,10267.0,1026730.0,201368.7758,1
1789923600000,0.19781,0.19811,0.19464,0.19547,10872.0,1087220.0,213136.651,1
1789927200000,0.19559,0.19677,0.19434,0.19498,4880.0,488030.0,95388.951,1
1789930800000,0.19506,0.19682,0.19471,0.19617,3685.0,368530.0,72122.5437,1
1789934400000,0.19615,0.19682,0.19517,0.19518,8725.0,872560.0,171049.473,1
1789938000000,0.19519,0.19564,0.19309,0.19562,13644.0,1364440.0,265230.714,1
1789941600000,0.19569,0.19922,0.19517,0.1992,36538.0,3653820.0,720068.2935,1
1789945200000,0.19914,0.19931,0.19712,0.19714,9891.0,989120.0,195662.0168,1
1789948800000,0.19725,0.20093,0.19716,0.20022,13636.0,1363620.0,272543.7224,1
1789952400000,0.20004,0.2007,0.19566,0.19604,18275.0,1827550.0,361605.9721,1
1789956000000,0.19593,0.19841,0.19573,0.19799,7597.0,759710.0,149844.3197,1
1789959600000,0.19799,0.19987,0.19751,0.19823,5123.0,512300.0,101847.6515,1
1789963200000,0.19831,0.19858,0.19707,0.198,3443.0,344390.0,68111.9834,1
1789966800000,0.198,0.19876,0.19684,0.19795,3322.0,332260.0,65737.5071,1
1789970400000,0.19794,0.19979,0.19747,0.19931,9346.0,934600.0,186046.9814,1
1789974000000,0.19931,0.2007,0.19821,0.19975,8274.0,827490.0,164918.7923,1
1789977600000,0.19975,0.20776,0.19975,0.20691,15201.0,1520100.0,308049.7676,1
1789981200000,0.20705,0.20951,0.20572,0.2065,18573.0,1857340.0,385308.273,1
1789984800000,0.20644,0.21305,0.20623,0.21305,14112.0,1411270.0,295890.5844,1
1789988400000,0.21283,0.21314,0.21037,0.21061,12745.0,1274520.0,270416.8006,1
1789992000000,0.21049,0.21206,0.20927,0.20962,8741.0,874190.0,184153.5604,1
1789995600000,0.2096,0.2103,0.2063,0.20963,14017.0,1401770.0,292497.9044,1
1789999200000,0.20963,0.21185,0.2061,0.2103,20246.0,2024690.0,423349.037,1
1790002800000,0.21032,0.21174,0.20818,0.20982,11815.0,1181500.0,248167.6181,1
1790006400000,0.20982,0.21133,0.20709,0.20819,12382.0,1238230.0,258980.0418,1
1790010000000,0.20816,0.20909,0.20619,0.20733,9255.0,925520.0,192173.2827,1
1790013600000,0.20746,0.21009,0.20678,0.20979,7044.0,704490.0,147316.0065,1
1790017200000,0.20974,0.21231,0.20854,0.21231,11343.0,1134330.0,238254.6688,1
1790020800000,0.21231,0.2152,0.21215,0.21427,12954.0,1295490.0,276873.7525,1
1790024400000,0.21436,0.21744,0.21219,0.21673,5869.0,586980.0,125993.885,1
1790028000000,0.21687,0.22005,0.21528,0.21645,7178.0,717870.0,156173.1778,1
1790031600000,0.21618,0.21784,0.21467,0.21574,4710.0,471040.0,101792.1517,1
1790035200000,0.21566,0.21722,0.21321,0.21339,3998.0,399880.0,86228.633,1
1790038800000,0.21369,0.21388,0.21084,0.21184,7016.0,701650.0,149182.3361,1
1790042400000,0.21187,0.21497,0.21091,0.21322,8511.0,851190.0,181850.2085,1
1790046000000,0.21309,0.21512,0.21175,0.21369,9114.0,911420.0,195081.3276,1
1790049600000,0.21369,0.21538,0.21203,0.21233,21819.0,2181980.0,468002.1404,1
1790053200000,0.21233,0.2133,0.20913,0.21235,9800.0,980040.0,206340.996,1
1790056800000,0.21235,0.21314,0.2112,0.21188,4886.0,488670.0,103676.3725,1
1790060400000,0.21189,0.21332,0.21098,0.21206,5649.0,564960.0,119799.0929,1
1790064000000,0.21195,0.21472,0.20986,0.21398,9440.0,944050.0,200489.9917,1
1790067600000,0.21397,0.21397,0.21122,0.21301,13869.0,1386900.0,294560.718,1
1790071200000,0.21301,0.21301,0.20955,0.20999,12578.0,1257840.0,265221.3318,1
1790074800000,0.20999,0.21221,0.20899,0.21103,9942.0,994290.0,209418.129,1
1790078400000,0.21098,0.21314,0.20931,0.21314,8221.0,822170.0,173318.4362,1
1790082000000,0.21313,0.21729,0.21267,0.21695,11191.0,1119140.0,239706.2075,1
1790085600000,0.21692,0.21692,0.20959,0.21313,16457.0,1645700.0,351931.5723,1
1790089200000,0.21314,0.21526,0.21301,0.21429,12363.0,1236320.0,264700.0471,1
1790092800000,0.21427,0.2148,0.21195,0.21379,8376.0,837690.0,178611.1299,1
1790096400000,0.2138,0.21507,0.21342,0.21379,16799.0,1679990.0,360668.5155,1
1790100000000,0.21382,0.21609,0.21311,0.21462,19159.0,1915990.0,411781.7756,1
1790103600000,0.21458,0.21875,0.21458,0.21613,10399.0,1039920.0,225169.4931,1
1790107200000,0.21613,0.217,0.21458,0.21506,45340.0,4534010.0,980765.6892,1
1790110800000,0.21507,0.21646,0.21486,0.21521,2851.0,285170.0,61469.3028,1
1790114400000,0.21508,0.21784,0.21365,0.21673,3051.0,305170.0,65748.4606,1
1790118000000,0.21673,0.2182,0.21528,0.21649,2821.0,282150.0,61126.8758,1
1790121600000,0.2164,0.21857,0.21563,0.21691,4745.0,474500.0,103131.0602,1
1790125200000,0.21691,0.21888,0.21626,0.21774,24373.0,2437370.0,530836.8895,1
1790128800000,0.21769,0.21991,0.21624,0.21943,4338.0,433860.0,94885.4635,1
1790132400000,0.21946,0.22234,0.21824,0.22213,5884.0,588410.0,129523.041,1
1790136000000,0.22207,0.22497,0.2206,0.22412,17628.0,1762870.0,394291.9066,1
1790139600000,0.22412,0.22427,0.21812,0.21862,16819.0,1681950.0,370312.1985,1
1790143200000,0.21864,0.22276,0.21864,0.22169,17298.0,1729820.0,382844.1498,1
1790146800000,0.22155,0.22157,0.218,0.21829,17368.0,1736800.0,379927.6413,1
1790150400000,0.21829,0.22033,0.21521,0.21631,13293.0,1329350.0,289951.3765,1
1790154000000,0.21642,0.21812,0.21618,0.21652,11428.0,1142870.0,248031.7371,1
1790157600000,0.21652,0.21701,0.21481,0.21645,10866.0,1086610.0,234747.9395,1
1790161200000,0.21646,0.21646,0.21359,0.21452,13065.0,1306510.0,280834.3238,1
1790164800000,0.21456,0.21462,0.21255,0.21342,12247.0,1224720.0,261361.6956,1
1790168400000,0.21337,0.21399,0.21203,0.21286,11991.0,1199150.0,255245.9567,1
1790172000000,0.21286,0.21354,0.20202,0.20593,23725.0,2372520.0,489733.2496,1
1790175600000,0.20592,0.20728,0.20244,0.20284,14904.0,1490450.0,304918.7144,1
1790179200000,0.20267,0.20482,0.19993,0.20374,14504.0,1450480.0,294468.8909,1
1790182800000,0.2037,0.20456,0.20208,0.20393,12190.0,1219010.0,247953.0365,1
1790186400000,0.20393,0.20399,0.20236,0.20297,5384.0,538410.0,109314.8578,1
1790190000000,0.20293,0.20346,0.20167,0.20187,6934.0,693420.0,140485.2538,1
1790193600000,0.20185,0.20208,0.2007,0.20089,6334.0,633440.0,127497.5625,1
1790197200000,0.20087,0.20291,0.20027,0.2021,3009.0,300940.0,60665.0708,1
1790200800000,0.20209,0.20369,0.2014,0.2021,3841.0,384180.0,77795.3212,1
1790204400000,0.2021,0.20246,0.20153,0.20208,1647.0,164780.0,33301.6551,1
1790208000000,0.20208,0.20242,0.20088,0.20141,2422.0,242240.0,48836.2194,1
1790211600000,0.20141,0.20176,0.19949,0.1999,2045.0,204540.0,41030.4975,1
1790215200000,0.19981,0.2028,0.19841,0.20211,8592.0,859250.0,172289.4987,1
1790218800000,0.20217,0.20301,0.2006,0.20097,1897.0,189720.0,38286.0522,1
1790222400000,0.20097,0.20263,0.20026,0.20261,3687.0,368760.0,74160.9587,1
1790226000000,0.20263,0.20428,0.20253,0.20297,6040.0,604040.0,122923.9067,1
1790229600000,0.20289,0.20348,0.20252,0.20291,5684.0,568450.0,115398.4506,1
1790233200000,0.20292,0.20374,0.20208,0.20325,5963.0,596300.0,121083.9117,1
1790236800000,0.20329,0.20463,0.19991,0.20065,10162.0,1016290.0,205390.023,1
1790240400000,0.20062,0.20096,0.19692,0.19785,15117.0,1511770.0,300124.0012,1
1790244000000,0.1978,0.19904,0.19686,0.19898,14844.0,1484490.0,293824.065,1
1790247600000,0.19904,0.19987,0.19876,0.19935,12083.0,1208320.0,240756.2775,1
1790251200000,0.19932,0.20097,0.19876,0.20063,7222.0,722280.0,144393.139,1
1790254800000,0.20065,0.20385,0.20065,0.20384,9566.0,956620.0,193822.9836,1
1790258400000,0.20384,0.20954,0.20374,0.20566,14153.0,1415340.0,292117.8534,1
1790262000000,0.20566,0.20954,0.20493,0.20846,11443.0,1144390.0,237795.7144,1
1790265600000,0.2085,0.21503,0.20626,0.21218,13384.0,1338450.0,281510.4185,1
1790269200000,0.2119,0.21247,0.20954,0.2106,8272.0,827290.0,174481.9905,1
1790272800000,0.21051,0.21445,0.20899,0.2141,8014.0,801490.0,170040.4944,1
1790276400000,0.21411,0.21411,0.2121,0.21313,5530.0,553040.0,117806.7153,1
1790280000000,0.21314,0.21369,0.21156,0.21235,4888.0,488840.0,103990.1139,1
1790283600000,0.21235,0.21563,0.21235,0.21491,2802.0,280200.0,60014.0267,1
1790287200000,0.2148,0.21535,0.2127,0.21419,3583.0,358360.0,76751.5847,1
1790290800000,0.21424,0.21756,0.21401,0.21752,3009.0,300920.0,64921.0229,1
1790294400000,0.21756,0.22376,0.21756,0.22051,11537.0,1153760.0,255574.1697,1
1790298000000,0.22051,0.22186,0.21752,0.21999,6583.0,658340.0,144522.2943,1
1790301600000,0.2197,0.22365,0.21869,0.21937,3834.0,383480.0,84587.2478,1
1790305200000,0.21927,0.22244,0.21788,0.21858,7253.0,725300.0,159396.0449,1
1790308800000,0.21868,0.22365,0.21868,0.22018,8732.0,873270.0,193767.7111,1
1790312400000,0.22005,0.22088,0.21839,0.21934,5546.0,554620.0,121818.3186,1
1790316000000,0.21936,0.22111,0.21769,0.21784,6058.0,605880.0,132843.3769,1
1790319600000,0.21794,0.21915,0.21564,0.21699,11367.0,1136760.0,246910.325,1
1790323200000,0.21697,0.21972,0.21681,0.21902,9950.0,995050.0,217242.7261,1
1790326800000,0.21902,0.22051,0.21895,0.22024,17869.0,1786940.0,392710.5234,1
1790330400000,0.22008,0.22171,0.21922,0.22076,10706.0,1070680.0,235696.9072,1
1790334000000,0.22074,0.22383,0.22063,0.22298,15141.0,1514150.0,337232.972,1
1790337600000,0.22297,0.22654,0.21995,0.22355,15734.0,1573480.0,351256.1414,1
1790341200000,0.22346,0.22392,0.21919,0.21987,12368.0,1236840.0,274075.6295,1
1790344800000,0.21993,0.22016,0.21459,0.21728,17702.0,1770230.0,382470.9712,1
1790348400000,0.21729,0.21874,0.21618,0.21842,13338.0,1333800.0,290030.6317,1
1790352000000,0.21844,0.2195,0.2159,0.21604,9056.0,905630.0,197567.5189,1
1790355600000,0.2159,0.21782,0.21526,0.217,7126.0,712690.0,154336.2098,1
1790359200000,0.217,0.2195,0.21673,0.21885,7159.0,715980.0,156355.0984,1
1790362800000,0.21898,0.22063,0.21847,0.22059,5328.0,532830.0,116920.3375,1
1790366400000,0.22055,0.22082,0.21897,0.2191,3745.0,374550.0,82436.1267,1
1790370000000,0.21915,0.21931,0.21745,0.21787,3125.0,312530.0,68183.4149,1
1790373600000,0.21787,0.22036,0.21752,0.22006,2971.0,297130.0,65199.6192,1
1790377200000,0.22006,0.22056,0.21988,0.22032,2219.0,221910.0,48868.0087,1
1790380800000,0.22033,0.22052,0.21784,0.21905,3182.0,318280.0,69775.2882,1
1790384400000,0.21926,0.22243,0.21912,0.22171,1919.0,191990.0,42392.4618,1
1790388000000,0.22171,0.22221,0.21969,0.22002,2039.0,203960.0,45033.4523,1
1790391600000,0.21988,0.22033,0.21874,0.21893,2324.0,232460.0,50995.3813,1
1790395200000,0.21895,0.21971,0.2175,0.2186,4143.0,414300.0,90544.0847,1
1790398800000,0.2186,0.2187,0.21756,0.21757,2988.0,298840.0,65151.0966,1
1790402400000,0.21757,0.21784,0.21708,0.2173,3337.0,333770.0,72594.0112,1
1790406000000,0.2173,0.21812,0.21689,0.21778,3877.0,387700.0,84395.4583,1
1790409600000,0.21775,0.21866,0.21662,0.21756,6995.0,699570.0,152157.1622,1
1790413200000,0.2176,0.21767,0.21568,0.21686,9166.0,916690.0,198471.4857,1
1790416800000,0.21687,0.21922,0.21686,0.21922,7636.0,763600.0,166596.5232,1
1790420400000,0.21926,0.22056,0.21843,0.21853,7498.0,749820.0,164549.341,1
1790424000000,0.21848,0.21895,0.21757,0.21802,5514.0,551480.0,120307.6803,1
1790427600000,0.21802,0.21882,0.21646,0.21733,6949.0,694930.0,151079.8044,1
1790431200000,0.21737,0.21856,0.21703,0.21829,9413.0,941370.0,205230.2728,1
1790434800000,0.21829,0.22076,0.21786,0.22036,10600.0,1060070.0,232251.9876,1
1790438400000,0.22036,0.22103,0.2195,0.21992,10770.0,1077040.0,236867.6123,1
1790442000000,0.21992,0.22014,0.21816,0.21845,12217.0,1221770.0,267894.8376,1
1790445600000,0.21845,0.21882,0.21729,0.21752,4317.0,431730.0,94131.1665,1
1790449200000,0.21763,0.21839,0.21754,0.21764,3108.0,310840.0,67745.7807,1
1790452800000,0.2176,0.21774,0.21325,0.21481,5194.0,519400.0,111886.9371,1
1790456400000,0.21476,0.21758,0.21459,0.21696,3342.0,334240.0,72297.5708,1
1790460000000,0.21694,0.21745,0.216,0.21615,2785.0,278540.0,60355.6393,1
1790463600000,0.21613,0.21698,0.21606,0.21649,1781.0,178140.0,38588.5781,1
1790467200000,0.21636,0.21646,0.21507,0.21507,5096.0,509680.0,109808.0963,1
1790470800000,0.21508,0.21595,0.21428,0.21548,4036.0,403690.0,86731.5829,1
1790474400000,0.21548,0.2159,0.21473,0.21479,1939.0,193910.0,41741.8295,1
1790478000000,0.21479,0.21507,0.21404,0.21428,890.0,89090.0,19112.0348,1
1790481600000,0.21419,0.2148,0.21279,0.21306,4710.0,471080.0,100594.6256,1
1790485200000,0.21308,0.21577,0.21306,0.21547,5804.0,580410.0,124597.1817,1
1790488800000,0.21547,0.21742,0.21547,0.2171,4194.0,419430.0,90886.6626,1
1790492400000,0.21708,0.2195,0.21674,0.21949,6759.0,675920.0,147565.8839,1
1790496000000,0.2195,0.21977,0.21785,0.21785,8946.0,894640.0,195829.3635,1
1790499600000,0.21784,0.21791,0.21631,0.21756,7612.0,761250.0,165366.2638,1
1790503200000,0.21756,0.21812,0.21701,0.2171,7579.0,757950.0,164848.6461,1
1790506800000,0.21701,0.21784,0.21673,0.21745,6264.0,626450.0,136112.9691,1
1790510400000,0.21749,0.21859,0.21622,0.21622,6151.0,615160.0,133940.6483,1
1790514000000,0.21634,0.21698,0.2144,0.21646,7861.0,786100.0,169520.668,1
1790517600000,0.21655,0.21693,0.214,0.21428,7930.0,793050.0,170877.3608,1
1790521200000,0.21429,0.21497,0.21314,0.2148,7902.0,790270.0,169155.605,1
1790524800000,0.21488,0.21654,0.21476,0.21529,6031.0,603100.0,130047.1461,1
1790528400000,0.21535,0.21617,0.21529,0.21602,4331.0,433180.0,93443.4238,1
1790532000000,0.21608,0.21791,0.21564,0.21755,5144.0,514440.0,111640.3746,1
1790535600000,0.21754,0.21759,0.2162,0.21626,3373.0,337330.0,73118.6604,1
1790539200000,0.21629,0.21758,0.21574,0.21603,3306.0,330670.0,71585.9661,1
1790542800000,0.21598,0.2178,0.21549,0.21664,2326.0,232620.0,50393.9954,1
1790546400000,0.21661,0.21691,0.21354,0.21405,3038.0,303830.0,65134.4574,1
1790550000000,0.21415,0.21646,0.2138,0.21591,10141.0,1014150.0,218145.7894,1
1790553600000,0.2159,0.21898,0.21444,0.21766,3397.0,339750.0,73721.2763,1
1790557200000,0.21756,0.21917,0.21505,0.21594,10204.0,1020480.0,221301.5921,1
1790560800000,0.21594,0.21718,0.21407,0.21427,4656.0,465630.0,100126.3909,1
1790564400000,0.21427,0.21538,0.20954,0.21037,4826.0,482650.0,102202.9802,1
1790568000000,0.2105,0.212,0.20887,0.21144,3761.0,376110.0,79245.891,1
1790571600000,0.21144,0.21195,0.20818,0.20964,10690.0,1069020.0,224007.3642,1
1790575200000,0.20964,0.21092,0.20846,0.20884,4915.0,491540.0,102891.4983,1
1790578800000,0.20884,0.20966,0.20702,0.20708,7914.0,791470.0,164699.6496,1
1790582400000,0.20706,0.21085,0.20706,0.20974,10711.0,1071180.0,223115.735,1
1790586000000,0.20956,0.212,0.20793,0.21072,13880.0,1388080.0,291635.3974,1
1790589600000,0.21072,0.21449,0.2107,0.21226,13474.0,1347420.0,286093.2188,1
1790593200000,0.21228,0.21337,0.21162,0.21231,9815.0,981550.0,208534.5457,1
1790596800000,0.21249,0.23067,0.21183,0.22664,38437.0,3843790.0,849276.2627,1
1790600400000,0.22655,0.22696,0.22133,0.22283,19401.0,1940100.0,434900.2888,1
1790604000000,0.22283,0.22283,0.21474,0.21673,22709.0,2270990.0,495909.4979,1
1790607600000,0.21685,0.22062,0.21302,0.22056,16779.0,1677960.0,364906.8887,1
1790611200000,0.22033,0.22696,0.21972,0.22543,12188.0,1218830.0,273259.8889,1
1790614800000,0.22545,0.2277,0.22327,0.22598,11759.0,1175970.0,265017.7924,1
1790618400000,0.22598,0.23449,0.22558,0.23073,17916.0,1791640.0,414680.2907,1
1790622000000,0.23075,0.23288,0.22644,0.22676,8813.0,881310.0,201725.5125,1
1790625600000,0.22678,0.22969,0.22537,0.22902,6807.0,680750.0,155244.8097,1
1790629200000,0.22901,0.23044,0.22475,0.22511,6030.0,603010.0,136695.1264,1
1790632800000,0.22531,0.22531,0.22357,0.22488,2828.0,282850.0,63497.1608,1
1790636400000,0.22488,0.23277,0.22466,0.2323,6199.0,619960.0,141138.7855,1
1790640000000,0.2321,0.23424,0.22814,0.22827,8259.0,825900.0,190539.2178,1
1790643600000,0.22812,0.22886,0.22399,0.22716,6471.0,647110.0,146432.4978,1
1790647200000,0.22716,0.228,0.22236,0.22489,5348.0,534870.0,120197.1121,1
1790650800000,0.22489,0.22698,0.22378,0.22665,1929.0,192900.0,43511.7947,1
1790654400000,0.22679,0.2285,0.22369,0.22546,4850.0,485060.0,109515.698,1
1790658000000,0.22536,0.22675,0.22121,0.22497,10081.0,1008180.0,224869.2975,1
1790661600000,0.22498,0.22821,0.22471,0.22774,5692.0,569220.0,128679.8174,1
1790665200000,0.22782,0.23151,0.2266,0.23047,6916.0,691670.0,158499.5229,1
1790668800000,0.23045,0.23379,0.22853,0.22913,13551.0,1355130.0,311784.8315,1
1790672400000,0.22921,0.23232,0.22834,0.23135,14747.0,1474700.0,339152.04,1
1790676000000,0.23147,0.23147,0.22879,0.22954,10245.0,1024550.0,235451.6195,1
1790679600000,0.22949,0.23685,0.22928,0.23358,10350.0,1035080.0,240960.9112,1
1790683200000,0.23364,0.23469,0.23183,0.23205,11526.0,1152600.0,268808.5722,1
1790686800000,0.23195,0.23333,0.23061,0.23231,15718.0,1571890.0,364680.6393,1
1790690400000,0.23242,0.2329,0.22982,0.23038,25427.0,2542770.0,587493.2946,1
1790694000000,0.23038,0.23038,0.225,0.22635,31408.0,3140800.0,716669.2722,1
1790697600000,0.22653,0.22717,0.22165,0.22304,9655.0,965540.0,216945.7744,1
1790701200000,0.2231,0.22371,0.21976,0.22061,17424.0,1742410.0,385233.9611,1
1790704800000,0.22062,0.22318,0.22062,0.2225,14561.0,1456160.0,323142.7076,1
1790708400000,0.2225,0.2236,0.22061,0.22061,8698.0,869850.0,193615.0277,1
1790712000000,0.22081,0.22425,0.22081,0.22347,5761.0,576100.0,128310.6405,1
1790715600000,0.22318,0.22408,0.22219,0.22322,2959.0,295940.0,65998.5441,1
1790719200000,0.22316,0.22454,0.22294,0.22331,1929.0,192900.0,43160.3006,1
1790722800000,0.22327,0.22499,0.22327,0.22426,423.0,42370.0,9505.8424,0
