ts,open,high,low,close,vol,volCurrency,volCurrencyQuote,confirm
1787032800000,508.05,509.36,507.48,509.03,1302.0,130.29,66259.215,1
1787033700000,509.03,510.52,508.74,510.52,1117.0,111.78,56964.4227,1
1787034600000,510.52,511.38,510.52,511.37,2675.0,267.57,136754.3146,1
1787035500000,511.38,511.87,509.29,509.99,1996.0,199.61,101798.0051,1
1787036400000,510.13,510.18,508.95,509.99,1570.0,157.07,80024.7461,1
1787037300000,509.99,511.3,508.01,508.01,1439.0,143.99,73413.0001,1
1787038200000,508.07,509.6,507.78,508.27,1018.0,101.84,51800.6841,1
1787039100000,508.27,508.27,505.52,506.36,4908.0,490.85,248580.2409,1
1787040000000,506.23,506.34,503.29,504.52,3994.0,399.44,201584.0014,1
1787040900000,504.53,506.01,504.53,505.47,2247.0,224.75,113611.853,1
1787041800000,505.48,507.25,505.4,506.2,1274.0,127.41,64547.7135,1
1787042700000,506.07,506.43,505.53,506.01,1590.0,159.04,80457.6328,1
1787043600000,505.96,506.86,505.37,506.6,963.0,96.33,48744.785,1
1787044500000,506.6,506.78,504.88,505.15,977.0,97.71,49410.4764,1
1787045400000,505.13,506.16,504.85,505.29,950.0,95.01,48028.3363,1
1787046300000,505.33,506.2,504.98,506.19,845.0,84.52,42727.3576,1
1787047200000,506.3,506.77,504.51,504.51,1917.0,191.78,97075.8622,1
1787048100000,504.5,505.88,504.5,505.13,749.0,74.91,37825.1069,1
1787049000000,505.11,506.04,505.11,505.6,1300.0,130.06,65759.255,1
1787049900000,505.58,505.64,505.03,505.25,699.0,69.9,35320.6878,1
1787050800000,505.3,507.21,505.23,506.82,1952.0,195.24,98835.5163,1
1787051700000,506.75,506.97,505.66,506.35,2137.0,213.7,108206.1426,1
1787052600000,506.22,506.53,504.97,505.53,1486.0,148.6,75136.2098,1
1787053500000,505.55,506.04,505.43,505.49,601.0,60.15,30417.8417,1
1787054400000,505.49,505.67,503.67,504.61,2231.0,223.18,112567.0014,1
1787055300000,504.61,505.06,503.41,504.89,3399.0,339.99,171354.324,1
1787056200000,504.89,505.14,503.89,504.13,1811.0,181.17,91425.0362,1
1787057100000,504.13,505.2,503.66,504.58,699.0,69.96,35291.1825,1
1787058000000,504.38,505.01,503.8,504.23,1975.0,197.58,99701.8191,1
1787058900000,504.25,505.12,503.41,503.55,2102.0,210.26,105965.0664,1
1787059800000,503.8,505.34,503.35,504.1,5470.0,547.02,275739.9135,1
1787060700000,504.1,504.4,500.46,500.92,5911.0,591.12,296763.1546,1
1787061600000,500.94,503.48,500.6,501.39,3843.0,384.38,193132.4728,1
1787062500000,501.41,510.28,501.15,509.51,6751.0,675.12,341535.4472,1
1787063400000,509.61,510.66,505.09,505.21,4712.0,471.29,239322.1091,1
1787064300000,505.17,507.25,505.13,506.28,3599.0,359.91,182374.5696,1
1787065200000,506.45,508.18,506.0,508.18,2785.0,278.5,141176.5924,1
1787066100000,508.26,512.8,507.82,512.57,4403.0,440.3,224690.7855,1
1787067000000,512.71,514.3,511.29,511.98,3077.0,307.76,157896.578,1
1787067900000,512.05,512.96,510.0,510.02,1896.0,189.61,97013.8599,1
1787068800000,510.01,513.6,510.0,510.46,2946.0,294.64,150786.2126,1
1787069700000,510.47,511.4,506.73,506.73,2325.0,232.51,118490.6289,1
1787070600000,506.68,509.34,506.68,508.88,1768.0,176.84,89922.6847,1
1787071500000,508.84,509.76,508.09,509.4,1070.0,107.02,54485.7372,1
1787072400000,509.19,509.64,506.42,506.42,2050.0,205.0,104137.8601,1
1787073300000,506.63,507.03,502.62,506.29,2543.0,254.31,128287.827,1
1787074200000,506.49,506.56,504.73,505.17,1729.0,172.95,87432.2461,1
1787075100000,505.1,505.75,504.51,504.63,1001.0,100.1,50542.0837,1
1787076000000,504.61,506.44,504.22,506.31,1575.0,157.54,79641.7171,1
1787076900000,506.31,507.06,505.57,506.86,2385.0,238.55,120880.1105,1
1787077800000,506.89,507.24,505.52,506.42,657.0,65.7,33289.472,1
1787078700000,506.5,507.21,506.16,507.18,904.0,90.41,45805.6107,1
1787079600000,507.14,509.44,507.0,509.06,1177.0,117.72,59874.1472,1
1787080500000,508.78,510.62,508.53,510.05,781.0,78.19,39824.3617,1
1787081400000,509.87,510.98,509.35,509.44,1002.0,100.23,51116.5454,1
1787082300000,509.44,510.14,508.77,509.35,1151.0,115.17,58661.0549,1
1787083200000,509.41,510.65,508.68,510.43,599.0,59.92,30520.4723,1
1787084100000,510.43,510.43,509.17,509.62,1191.0,119.17,60776.0217,1
1787085000000,509.62,511.68,508.56,508.56,2548.0,254.86,129917.9372,1
1787085900000,508.56,508.72,507.25,507.48,1391.0,139.11,70661.2176,1
1787086800000,507.44,510.3,507.44,510.04,839.0,83.92,42711.2152,1
1787087700000,510.0,510.1,509.13,509.24,773.0,77.32,39399.1962,1
1787088600000,509.23,510.31,508.81,510.27,769.0,76.98,39219.2682,1
1787089500000,510.27,510.27,507.99,508.4,523.0,52.37,26650.5712,1
1787090400000,508.25,511.46,507.75,510.22,1361.0,136.16,69404.2198,1
1787091300000,510.18,510.18,508.25,509.43,801.0,80.17,40832.2103,1
1787092200000,509.37,510.31,507.68,507.79,1097.0,109.73,55877.3237,1
1787093100000,507.71,507.88,506.43,507.67,1958.0,195.83,99239.7923,1
1787094000000,507.67,510.0,507.62,508.89,780.0,78.02,39738.735,1
1787094900000,508.98,509.4,508.4,508.4,800.0,80.07,40743.645,1
1787095800000,508.4,509.98,508.4,509.6,503.0,50.34,25639.3236,1
1787096700000,509.3,509.97,508.44,508.74,647.0,64.73,32952.1665,1
1787097600000,508.83,508.87,506.37,506.44,1183.0,118.39,60071.7929,1
1787098500000,506.45,506.47,505.0,505.14,3183.0,318.35,160956.4715,1
1787099400000,504.51,506.32,503.73,505.6,2003.0,200.31,101150.9304,1
1787100300000,505.11,506.18,504.5,504.5,1051.0,105.12,53138.6413,1
1787101200000,504.52,507.0,503.33,505.91,1614.0,161.46,81596.2068,1
1787102100000,505.91,505.96,504.5,505.39,1063.0,106.33,53714.8133,1
1787103000000,505.41,507.25,505.15,506.92,1119.0,111.91,56708.7979,1
1787103900000,506.92,507.51,506.25,506.25,722.0,72.29,36633.4726,1
1787104800000,506.3,506.87,505.6,506.19,710.0,71.07,35974.9457,1
1787105700000,506.19,506.24,505.44,505.69,744.0,74.41,37637.917,1
1787106600000,505.55,506.06,505.38,505.56,1653.0,165.36,83653.1149,1
1787107500000,505.56,506.06,505.38,505.72,619.0,61.91,31310.9796,1
1787108400000,505.8,506.05,504.63,506.03,1882.0,188.28,95198.9824,1
1787109300000,506.04,506.72,504.51,504.58,756.0,75.61,38253.0953,1
1787110200000,504.63,505.46,504.5,505.22,599.0,59.9,30244.865,1
1787111100000,505.22,505.66,504.5,504.55,532.0,53.23,26882.2063,1
1787112000000,504.55,505.41,504.3,504.33,705.0,70.5,35584.3554,1
1787112900000,504.28,505.32,504.09,504.57,610.0,61.05,30796.7175,1
1787113800000,504.57,504.82,503.31,503.82,726.0,72.63,36609.7572,1
1787114700000,503.91,504.61,503.23,504.28,760.0,76.08,38330.3298,1
1787115600000,504.14,504.39,502.24,503.62,1889.0,188.98,95086.3784,1
1787116500000,503.62,503.62,501.7,503.35,2478.0,247.87,124524.6055,1
1787117400000,503.34,504.29,503.33,503.91,594.0,59.46,29946.4046,1
1787118300000,503.96,503.96,502.18,502.77,1051.0,105.15,52904.7388,1
1787119200000,502.77,503.09,501.3,501.43,1245.0,124.58,62522.3103,1
1787120100000,501.43,504.12,501.43,502.17,1028.0,102.8,51718.7513,1
1787121000000,502.11,503.69,501.1,503.52,1301.0,130.14,65427.0437,1
1787121900000,503.52,504.87,503.46,504.39,1234.0,123.43,62237.6741,1
1787122800000,504.28,504.57,502.53,503.96,938.0,93.85,47263.4783,1
1787123700000,503.96,503.96,502.69,502.77,619.0,61.95,31171.522,1
1787124600000,502.79,503.52,502.08,502.39,980.0,98.03,49295.4258,1
1787125500000,502.39,503.4,502.33,502.47,1200.0,120.06,60343.409,1
1787126400000,502.32,505.11,502.15,504.8,1061.0,106.12,53480.5072,1
1787127300000,504.81,505.8,504.62,505.6,793.0,79.36,40089.8257,1
1787128200000,505.54,509.74,505.25,509.18,3938.0,393.83,199982.7015,1
1787129100000,509.1,509.5,507.67,507.69,1178.0,117.87,59933.8393,1
1787130000000,507.79,509.12,507.66,507.66,949.0,94.96,48254.3489,1
1787130900000,507.66,508.55,507.1,507.58,691.0,69.15,35115.1365,1
1787131800000,507.69,508.17,507.04,507.28,683.0,68.33,34679.2491,1
1787132700000,507.28,507.65,506.66,507.22,836.0,83.67,42438.3343,1
1787133600000,507.18,507.38,504.51,505.0,1012.0,101.23,51217.4219,1
1787134500000,504.94,505.57,504.85,505.26,1450.0,145.09,73283.59,1
1787135400000,505.26,506.12,505.0,506.06,580.0,58.02,29341.2652,1
1787136300000,506.06,506.27,505.41,506.27,921.0,92.13,46583.7479,1
1787137200000,506.17,508.33,505.74,507.7,1137.0,113.7,57700.0733,1
1787138100000,507.7,507.87,507.15,507.17,1781.0,178.11,90382.7172,1
1787139000000,507.14,507.85,506.64,506.64,907.0,90.77,46040.6894,1
1787139900000,506.64,507.01,506.43,506.65,535.0,53.57,27141.3741,1
1787140800000,506.65,507.17,506.22,506.42,1295.0,129.59,65653.017,1
1787141700000,506.42,507.89,505.93,507.47,1883.0,188.34,95536.5398,1
1787142600000,507.51,512.5,507.43,512.5,1980.0,198.04,100931.432,1
1787143500000,512.5,513.99,511.86,513.4,4308.0,430.87,220949.1429,1
1787144400000,513.37,513.67,509.69,512.4,2937.0,293.78,150214.7082,1
1787145300000,512.3,512.92,511.41,512.36,1854.0,185.47,95014.4383,1
1787146200000,512.24,512.79,509.3,511.22,4182.0,418.24,213686.993,1
1787147100000,511.17,514.68,510.96,513.06,5233.0,523.36,268469.7808,1
1787148000000,513.29,516.82,513.29,514.77,3712.0,371.29,191386.3944,1
1787148900000,514.76,518.83,514.71,518.79,7854.0,785.47,406421.4404,1
1787149800000,518.73,524.92,517.45,524.6,15820.0,1582.02,827476.5089,1
1787150700000,524.87,543.05,524.05,539.97,27913.0,2791.3,1487928.5608,1
1787151600000,539.97,553.17,538.77,543.48,17620.0,1762.05,960962.4575,1
1787152500000,543.78,552.81,543.24,548.97,11415.0,1141.58,625799.5284,1
1787153400000,549.16,551.07,545.52,550.5,7703.0,770.34,422817.2229,1
1787154300000,550.45,551.0,546.48,550.45,17957.0,1795.73,983474.5693,1
1787155200000,550.43,555.96,549.32,550.64,9220.0,922.02,509069.4088,1
1787156100000,550.42,555.76,550.17,554.76,4624.0,462.41,255758.9671,1
1787157000000,554.76,557.54,553.32,554.87,5735.0,573.59,318595.9513,1
1787157900000,554.8,563.02,554.31,555.62,11641.0,1164.13,650024.8374,1
1787158800000,555.64,557.7,550.39,551.49,5622.0,562.25,311024.3594,1
1787159700000,551.7,552.83,546.85,547.77,4582.0,458.25,251900.4035,1
1787160600000,547.79,550.72,544.91,550.26,4972.0,497.26,272427.3382,1
1787161500000,550.25,553.87,550.17,553.24,3850.0,385.08,212857.9534,1
1787162400000,553.26,553.49,547.28,550.43,4139.0,413.97,227768.9273,1
1787163300000,550.46,551.87,549.88,550.69,1865.0,186.53,102714.5569,1
1787164200000,550.48,551.2,549.49,551.08,1915.0,191.5,105376.2479,1
1787165100000,551.0,552.21,550.39,551.21,1718.0,171.87,94766.4475,1
1787166000000,551.13,554.89,550.01,551.61,3277.0,327.73,181127.9857,1
1787166900000,551.54,554.76,549.86,550.51,4824.0,482.45,266258.7668,1
1787167800000,550.6,551.89,547.78,549.89,3398.0,339.89,186878.6708,1
1787168700000,549.88,552.12,549.74,552.01,6715.0,671.53,370331.7702,1
1787169600000,552.0,554.79,550.09,554.2,3143.0,314.34,173731.5592,1
1787170500000,554.24,556.48,553.62,554.12,2586.0,258.68,143563.183,1
1787171400000,554.22,556.15,553.46,553.88,5192.0,519.28,288340.9229,1
1787172300000,553.79,567.31,553.31,559.74,12796.0,1279.65,715790.2176,1
1787173200000,560.07,580.88,559.03,573.91,22853.0,2285.32,1311485.1461,1
1787174100000,574.03,574.71,566.84,569.56,6016.0,601.6,342480.5423,1
1787175000000,569.34,571.14,562.6,565.86,20247.0,2024.75,1144045.3271,1
1787175900000,565.87,578.66,565.85,574.84,6840.0,684.07,392338.4699,1
1787176800000,574.91,576.68,568.41,568.46,6018.0,601.86,343968.2645,1
1787177700000,568.77,569.83,563.31,563.57,4399.0,439.99,249246.0312,1
1787178600000,563.51,565.29,560.64,562.04,3949.0,394.99,222420.6009,1
1787179500000,561.41,562.84,558.56,561.37,3093.0,309.39,173401.6189,1
1787180400000,561.48,563.45,560.3,562.91,3162.0,316.2,177816.0659,1
1787181300000,562.71,564.75,562.2,563.91,2292.0,229.21,129210.0621,1
1787182200000,563.71,567.86,561.64,566.71,2981.0,298.13,168469.8679,1
1787183100000,566.72,566.88,562.65,565.16,2576.0,257.66,145430.9335,1
1787184000000,565.16,565.84,562.76,564.62,2589.0,258.95,146205.1997,1
1787184900000,564.54,566.43,563.21,564.44,2067.0,206.74,116737.6552,1
1787185800000,564.44,565.34,563.22,563.83,1763.0,176.36,99506.1,1
1787186700000,563.93,565.19,561.08,562.62,2549.0,254.98,143484.2208,1
1787187600000,562.74,565.03,559.41,559.62,2284.0,228.43,128345.6734,1
1787188500000,559.51,560.36,557.0,559.21,3510.0,351.07,196136.6892,1
1787189400000,559.47,563.23,559.08,563.23,2567.0,256.74,144263.8227,1
1787190300000,563.34,564.33,563.05,563.68,1938.0,193.81,109247.277,1
1787191200000,563.7,563.73,560.66,561.17,1643.0,164.36,92437.576,1
1787192100000,561.03,562.01,560.06,560.24,1587.0,158.7,89041.7586,1
1787193000000,560.07,560.35,558.12,558.79,1431.0,143.14,80031.55,1
1787193900000,558.8,558.8,556.75,556.98,3732.0,373.21,208213.6746,1
1787194800000,556.92,556.92,552.43,554.3,3455.0,345.58,191620.5432,1
1787195700000,554.28,555.34,551.73,552.3,2145.0,214.58,118785.063,1
1787196600000,552.14,553.93,552.1,553.58,1796.0,179.64,99378.3375,1
1787197500000,553.64,555.32,553.58,553.67,3438.0,343.8,190679.0636,1
1787198400000,553.92,555.49,552.68,554.23,1681.0,168.14,93152.184,1
1787199300000,554.0,554.09,550.2,552.92,2154.0,215.49,118981.2397,1
1787200200000,552.94,553.04,550.7,551.15,1376.0,137.64,75908.3399,1
1787201100000,551.15,554.19,550.69,552.75,1232.0,123.25,68067.5941,1
1787202000000,552.69,554.03,552.24,552.37,2128.0,212.8,117719.0238,1
1787202900000,552.41,555.48,552.29,553.55,1534.0,153.48,85085.9901,1
1787203800000,553.77,554.22,552.58,553.0,1252.0,125.23,69260.5973,1
1787204700000,553.16,553.16,551.57,551.91,4760.0,476.06,262817.1092,1
1787205600000,551.95,552.91,550.97,551.77,1454.0,145.41,80252.5555,1
1787206500000,551.77,554.53,550.59,551.88,1871.0,187.17,103422.9691,1
1787207400000,551.86,555.5,551.47,555.45,2258.0,225.88,124951.912,1
1787208300000,555.23,557.25,555.0,556.24,1701.0,170.17,94633.473,1
1787209200000,556.23,560.33,556.23,558.18,2351.0,235.17,131315.6434,1
1787210100000,558.25,559.09,556.62,558.7,1446.0,144.61,80688.0343,1
1787211000000,558.7,558.92,556.21,557.69,1881.0,188.18,104958.3925,1
1787211900000,557.54,559.02,557.43,558.71,1516.0,151.68,84691.4086,1
1787212800000,558.61,565.54,557.72,565.13,3815.0,381.55,214551.1316,1
1787213700000,565.07,565.71,559.49,562.65,7054.0,705.42,396899.5678,1
1787214600000,562.7,563.49,560.79,562.72,2700.0,270.08,151826.9086,1
1787215500000,562.71,563.1,561.0,562.54,5703.0,570.33,320527.3613,1
1787216400000,562.51,563.53,559.94,562.08,4538.0,453.81,254708.1127,1
1787217300000,562.12,562.12,557.53,557.55,3229.0,322.94,180896.0065,1
1787218200000,556.76,559.46,554.0,558.61,4094.0,409.47,227786.4901,1
1787219100000,558.63,559.75,555.28,557.84,2268.0,226.86,126466.7538,1
1787220000000,557.93,562.08,557.3,562.08,5073.0,507.35,284602.9694,1
1787220900000,561.77,569.83,561.24,569.31,4752.0,475.28,268620.224,1
1787221800000,569.52,574.99,565.98,566.06,10207.0,1020.79,581867.829,1
1787222700000,565.88,566.83,563.37,563.83,2694.0,269.47,152293.5969,1
1787223600000,563.6,564.84,560.94,562.29,2765.0,276.51,155627.4693,1
1787224500000,562.5,564.53,562.15,564.48,2051.0,205.18,115669.2451,1
1787225400000,564.28,570.06,564.16,567.52,3186.0,318.68,180759.8162,1
1787226300000,567.3,568.75,565.39,565.64,2979.0,297.9,168913.4016,1
1787227200000,565.64,568.7,562.5,563.15,3416.0,341.66,193006.3677,1
1787228100000,562.93,564.44,561.54,564.22,2450.0,245.03,137960.3982,1
1787229000000,564.51,565.85,562.5,564.09,6267.0,626.74,353534.8073,1
1787229900000,564.14,571.1,562.5,571.09,8182.0,818.26,464341.423,1
1787230800000,571.08,572.65,569.05,569.55,4320.0,432.03,246505.9833,1
1787231700000,569.55,570.17,565.69,565.73,2323.0,232.38,132106.8907,1
1787232600000,565.66,565.66,560.94,565.58,7841.0,784.1,441366.0052,1
1787233500000,565.62,569.11,563.3,569.07,3345.0,334.53,189477.3026,1
1787234400000,569.12,569.33,567.19,567.97,7418.0,741.81,421497.097,1
1787235300000,567.97,567.97,561.72,562.64,4562.0,456.27,257723.041,1
1787236200000,562.73,564.19,560.52,560.72,9621.0,962.14,540061.3019,1
1787237100000,560.68,561.33,557.82,560.43,4025.0,402.5,225456.5409,1
1787238000000,560.31,565.86,559.75,564.03,3624.0,362.49,204328.4546,1
1787238900000,564.0,564.03,558.06,562.54,3230.0,323.04,181230.8906,1
1787239800000,562.69,567.19,560.92,564.59,5462.0,546.25,308193.3729,1
1787240700000,564.71,571.1,564.35,570.49,3962.0,396.23,225122.2973,1
1787241600000,570.5,574.13,569.24,572.0,4212.0,421.25,240597.6666,1
1787242500000,572.0,578.03,570.55,577.28,4397.0,439.7,253036.8186,1
1787243400000,577.27,595.32,577.0,593.82,21413.0,2141.31,1260456.9518,1
1787244300000,592.99,592.99,585.97,587.8,9857.0,985.7,581938.4271,1
1787245200000,587.91,590.44,581.82,584.35,5648.0,564.86,330324.0518,1
1787246100000,584.19,584.19,580.47,581.46,4816.0,481.6,280059.4,1
1787247000000,581.33,582.04,579.29,579.79,3887.0,388.75,225709.3211,1
1787247900000,579.72,581.92,575.01,575.02,4764.0,476.41,275796.5629,1
1787248800000,575.0,577.26,565.43,565.43,11166.0,1116.61,634847.4944,1
1787249700000,565.31,567.12,562.96,565.81,4703.0,470.37,266107.0695,1
1787250600000,565.75,566.34,560.95,563.47,5604.0,560.46,315456.1338,1
1787251500000,563.65,564.48,561.5,561.72,3323.0,332.36,187133.1261,1
1787252400000,561.89,565.63,561.5,564.07,2595.0,259.57,146200.9532,1
1787253300000,564.07,572.79,563.29,572.79,2863.0,286.36,162740.5985,1
1787254200000,572.15,573.43,570.84,571.1,2671.0,267.17,152814.4247,1
1787255100000,571.1,571.88,568.98,569.87,3543.0,354.36,202178.188,1
1787256000000,570.22,575.79,569.81,575.76,2032.0,203.28,116540.9796,1
1787256900000,575.79,577.79,575.0,576.18,2290.0,229.07,131985.7745,1
1787257800000,576.19,577.79,575.33,575.92,2152.0,215.23,124133.7502,1
1787258700000,576.22,577.85,576.22,577.36,1560.0,156.0,90036.7024,1
1787259600000,577.35,577.85,575.95,577.15,1767.0,176.73,101973.8975,1
1787260500000,577.44,579.54,572.42,573.42,3177.0,317.75,183238.3371,1
1787261400000,573.42,574.65,571.1,571.24,5642.0,564.21,323476.408,1
1787262300000,571.24,571.6,569.55,570.96,1599.0,159.96,91310.9811,1
1787263200000,571.1,571.73,567.0,568.18,2961.0,296.1,168335.8837,1
1787264100000,568.28,571.95,565.63,569.25,2575.0,257.51,146413.4907,1
1787265000000,569.25,575.0,567.19,573.45,2689.0,268.93,153667.0139,1
1787265900000,573.45,574.93,571.04,571.04,1619.0,161.92,92751.2206,1
1787266800000,571.04,574.09,571.04,573.13,1990.0,199.0,113976.5771,1
1787267700000,572.89,576.22,572.66,573.89,1943.0,194.39,111705.2869,1
1787268600000,574.02,577.58,568.75,568.89,2863.0,286.34,163959.8607,1
1787269500000,568.85,569.25,566.0,568.64,2717.0,271.77,154231.8637,1
1787270400000,568.6,569.69,565.71,569.19,2704.0,270.47,153633.0376,1
1787271300000,569.21,570.28,566.41,570.12,5077.0,507.78,288774.0779,1
1787272200000,570.14,573.42,566.41,567.54,3027.0,302.79,172471.7062,1
1787273100000,567.52,572.66,566.42,570.85,2307.0,230.78,131584.7698,1
1787274000000,570.7,573.52,569.3,572.67,3269.0,326.93,186927.7192,1
1787274900000,572.67,576.07,571.1,573.42,4269.0,426.93,244598.2564,1
1787275800000,573.43,575.77,572.26,574.53,3599.0,359.91,206631.5393,1
1787276700000,574.49,582.0,572.32,572.32,9976.0,997.63,576952.8457,1
1787277600000,571.88,575.79,570.0,574.34,5668.0,566.83,324886.7975,1
1787278500000,574.34,576.22,570.38,574.36,3902.0,390.22,224091.342,1
1787279400000,574.84,575.79,571.1,572.63,2784.0,278.4,159485.4385,1
1787280300000,572.65,572.66,568.76,569.14,6919.0,691.97,395253.357,1
1787281200000,569.22,571.86,567.21,568.75,8580.0,858.08,488490.1325,1
1787282100000,568.75,570.32,567.98,569.58,2077.0,207.72,118277.8538,1
1787283000000,569.55,570.86,568.07,569.71,2074.0,207.41,118164.5552,1
1787283900000,569.72,571.88,569.51,570.28,2132.0,213.22,121715.4029,1
1787284800000,570.39,573.67,570.39,571.91,2281.0,228.15,130597.8354,1
1787285700000,571.91,574.99,571.91,574.17,1833.0,183.33,105158.7396,1
1787286600000,574.25,585.96,573.96,585.96,4448.0,444.89,257680.758,1
1787287500000,585.4,592.96,585.19,588.27,11807.0,1180.74,696266.7352,1
1787288400000,588.08,600.69,587.89,597.06,6091.0,609.12,362351.3227,1
1787289300000,597.05,611.03,596.45,605.68,7159.0,715.93,433497.7077,1
1787290200000,605.92,610.93,603.46,603.84,5296.0,529.6,321555.8631,1
1787291100000,604.03,604.03,596.22,596.83,4398.0,439.81,263693.4023,1
1787292000000,597.17,605.54,596.6,598.93,5152.0,515.27,310254.1244,1
1787292900000,599.13,600.32,594.8,597.43,2925.0,292.59,175096.4987,1
1787293800000,597.39,601.53,597.17,599.65,7823.0,782.36,468960.0224,1
1787294700000,600.0,602.93,598.3,600.53,2375.0,237.54,142647.4923,1
1787295600000,600.6,606.38,600.18,606.37,3456.0,345.62,208411.8593,1
1787296500000,606.37,624.72,606.03,623.54,8911.0,891.12,548353.5094,1
1787297400000,624.22,646.94,622.67,643.19,16603.0,1660.33,1052500.9556,1
1787298300000,642.97,643.09,632.04,637.5,8421.0,842.13,537057.8955,1
1787299200000,637.5,641.68,633.12,634.56,4741.0,474.12,301752.0982,1
1787300100000,634.66,642.97,632.05,634.85,10232.0,1023.22,652800.2069,1
1787301000000,634.89,639.98,633.61,633.61,6639.0,663.93,422556.7324,1
1787301900000,633.84,641.41,633.76,640.63,8031.0,803.18,512964.8244,1
1787302800000,640.12,640.71,622.82,629.68,9554.0,955.47,602651.2948,1
1787303700000,629.61,639.07,624.34,639.06,9705.0,970.57,610934.7451,1
1787304600000,639.05,658.95,637.5,648.08,16714.0,1671.49,1087238.3213,1
1787305500000,648.41,659.0,645.02,646.6,6828.0,682.83,445418.6599,1
1787306400000,646.81,648.09,635.31,645.53,6679.0,667.9,428645.9543,1
1787307300000,645.56,650.18,644.22,649.06,5091.0,509.12,329973.0129,1
1787308200000,649.18,650.18,643.57,650.18,5389.0,538.97,348251.7057,1
1787309100000,649.82,665.52,649.82,658.11,12766.0,1276.66,844257.9302,1
1787310000000,658.13,660.77,653.33,656.59,5162.0,516.28,339478.6879,1
1787310900000,656.51,656.51,643.27,643.82,11474.0,1147.41,743650.4371,1
1787311800000,644.24,644.29,634.61,637.33,14704.0,1470.44,937302.7503,1
1787312700000,637.3,641.92,632.45,639.4,7266.0,726.68,462306.0144,1
1787313600000,639.41,640.28,628.38,635.15,7644.0,764.43,484658.2217,1
1787314500000,634.91,636.4,633.65,634.84,3568.0,356.81,226578.9496,1
1787315400000,634.67,647.49,634.07,646.57,6751.0,675.18,432936.0564,1
1787316300000,646.35,650.18,642.82,646.34,6086.0,608.6,393363.3818,1
1787317200000,646.31,656.79,643.83,654.51,5774.0,577.41,375764.0049,1
1787318100000,654.4,655.31,646.45,649.42,6663.0,666.35,433059.2315,1
1787319000000,649.2,650.0,640.14,646.17,10314.0,1031.45,665912.0434,1
1787319900000,645.96,651.11,645.0,650.37,5252.0,525.27,340855.2591,1
1787320800000,650.3,654.06,646.3,649.68,6607.0,660.76,429721.4237,1
1787321700000,649.82,654.72,646.38,652.4,7465.0,746.56,485151.1935,1
1787322600000,652.52,660.4,650.19,654.33,6199.0,619.96,405322.9473,1
1787323500000,654.08,659.25,653.92,656.75,6045.0,604.59,396891.7484,1
1787324400000,656.59,662.02,655.24,659.28,7175.0,717.57,472362.3463,1
1787325300000,659.16,660.93,652.5,652.55,4588.0,458.83,300644.1073,1
1787326200000,652.54,655.99,650.54,651.98,5454.0,545.46,356164.7302,1
1787327100000,651.98,658.2,651.35,654.4,4501.0,450.15,294404.7625,1
1787328000000,654.58,660.27,650.75,657.17,6951.0,695.17,456441.6247,1
1787328900000,656.51,675.2,656.51,674.29,9187.0,918.72,609740.1215,1
1787329800000,674.43,678.96,669.02,670.81,14890.0,1489.0,1006153.0914,1
1787330700000,670.27,678.66,670.0,675.01,5055.0,505.5,340600.4362,1
1787331600000,675.01,682.9,671.13,671.33,7331.0,733.16,496431.045,1
1787332500000,671.25,675.96,663.9,670.83,10548.0,1054.86,705627.7483,1
1787333400000,670.13,676.86,669.42,670.0,6149.0,614.93,414073.3859,1
1787334300000,670.65,673.25,667.5,669.14,5673.0,567.36,379744.8765,1
1787335200000,669.29,673.0,667.02,671.14,3921.0,392.16,263231.3762,1
1787336100000,671.29,673.89,666.66,668.6,4019.0,401.96,269519.6751,1
1787337000000,668.54,672.26,665.0,667.08,5685.0,568.57,380138.5922,1
1787337900000,666.83,676.86,660.59,674.4,6392.0,639.23,427504.5176,1
1787338800000,674.53,675.87,668.69,675.31,3424.0,342.43,230235.7972,1
1787339700000,675.07,687.24,671.0,684.34,11504.0,1150.46,783878.5004,1
1787340600000,684.4,686.38,674.28,675.44,10234.0,1023.43,694232.5468,1
1787341500000,675.31,683.61,675.18,680.49,4529.0,452.96,307975.914,1
1787342400000,680.32,696.25,677.61,694.08,19668.0,1966.88,1362018.9369,1
1787343300000,694.36,720.07,692.88,702.66,18937.0,1893.71,1345331.1175,1
1787344200000,701.8,707.49,694.16,706.3,15185.0,1518.59,1064790.6768,1
1787345100000,706.33,711.83,700.01,709.35,6715.0,671.55,473636.9901,1
1787346000000,709.41,724.63,707.38,720.01,12684.0,1268.46,907359.9178,1
1787346900000,719.89,722.94,710.66,711.58,7752.0,775.26,557569.1596,1
1787347800000,711.51,727.16,711.51,718.98,6169.0,616.94,443952.5917,1
1787348700000,718.88,727.74,715.67,725.35,5186.0,518.64,374361.0313,1
1787349600000,725.55,740.6,725.33,734.01,22099.0,2209.98,1621501.1484,1
1787350500000,733.68,735.09,721.51,724.12,11584.0,1158.45,841401.9514,1
1787351400000,724.72,738.1,718.24,733.78,11717.0,1171.71,852104.5401,1
1787352300000,733.56,738.76,730.0,734.25,10265.0,1026.52,754162.5475,1
1787353200000,735.45,743.62,733.04,735.31,9548.0,954.85,704178.9721,1
1787354100000,735.01,736.79,729.51,732.03,6431.0,643.12,470800.1067,1
1787355000000,732.47,736.71,725.29,727.31,5828.0,582.83,425345.9872,1
1787355900000,727.92,735.67,726.09,734.59,5866.0,586.6,428985.2878,1
1787356800000,734.63,742.49,728.26,740.02,9325.0,932.53,686799.0221,1
1787357700000,740.18,742.5,734.14,734.23,9454.0,945.41,699363.9852,1
1787358600000,734.35,740.88,733.12,736.16,5354.0,535.48,394724.1608,1
1787359500000,736.19,740.0,734.35,734.75,5999.0,599.96,442418.1938,1
1787360400000,734.64,737.3,730.87,736.15,5050.0,505.02,370776.4914,1
1787361300000,736.2,751.51,735.52,747.37,10914.0,1091.48,811082.1379,1
1787362200000,747.28,766.25,747.28,756.27,11549.0,1154.96,875032.6939,1
1787363100000,756.15,815.42,756.15,805.2,29176.0,2917.64,2284169.6759,1
1787364000000,807.89,833.66,802.07,813.38,30672.0,3067.23,2500857.8097,1
1787364900000,813.37,819.36,807.62,816.69,11774.0,1177.41,958819.7631,1
1787365800000,816.41,826.9,813.8,820.5,10959.0,1095.9,899378.9502,1
1787366700000,820.44,824.5,809.9,818.13,12630.0,1263.01,1032618.8324,1
1787367600000,818.23,832.04,815.1,816.14,23470.0,2347.01,1935217.8718,1
1787368500000,817.11,826.67,817.06,822.72,17654.0,1765.45,1455213.1804,1
1787369400000,822.47,850.0,821.38,837.32,24936.0,2493.62,2091532.5085,1
1787370300000,837.35,859.55,835.4,836.19,20267.0,2026.72,1713365.3,1
1787371200000,836.34,840.0,809.87,818.6,25361.0,2536.12,2090280.4465,1
1787372100000,818.76,825.0,805.6,821.84,15328.0,1532.81,1246650.7898,1
1787373000000,821.92,831.8,816.77,828.68,9660.0,966.07,795988.1127,1
1787373900000,829.0,829.32,818.46,823.13,8070.0,807.01,665376.8164,1
1787374800000,822.39,825.53,694.01,803.5,24902.0,2490.27,1931149.0161,1
1787375700000,802.56,804.63,758.74,792.67,15652.0,1565.26,1223859.8211,1
1787376600000,792.68,807.83,776.04,780.69,13373.0,1337.3,1053991.6961,1
1787377500000,781.79,805.43,779.56,793.01,8700.0,870.02,690748.474,1
1787378400000,792.65,801.86,782.11,783.86,11056.0,1105.66,875008.1222,1
1787379300000,784.58,796.43,781.2,786.47,6510.0,651.08,514552.3545,1
1787380200000,786.19,793.96,774.1,792.85,9740.0,974.05,763055.6252,1
1787381100000,792.73,803.62,792.5,796.75,6272.0,627.22,500411.1163,1
1787382000000,796.6,817.51,795.05,815.19,7433.0,743.32,601086.3441,1
1787382900000,815.07,824.14,811.02,820.17,9184.0,918.42,750621.31,1
1787383800000,820.21,825.55,805.0,813.01,6577.0,657.75,536434.7227,1
1787384700000,812.81,815.09,805.05,810.45,4575.0,457.5,370761.9143,1
1787385600000,811.41,823.59,806.67,821.89,5328.0,532.86,434760.4811,1
1787386500000,822.2,822.2,780.74,782.21,11916.0,1191.62,949085.0059,1
1787387400000,782.06,796.22,775.11,794.67,8173.0,817.35,640942.0847,1
1787388300000,794.48,798.51,787.34,793.34,5198.0,519.88,411600.4933,1
1787389200000,793.34,796.66,783.9,794.13,6213.0,621.38,491558.9476,1
1787390100000,794.5,796.01,788.59,790.45,5268.0,526.8,416957.9156,1
1787391000000,790.31,796.88,790.0,795.36,4466.0,446.66,353885.2511,1
1787391900000,795.14,796.67,786.2,796.22,4366.0,436.69,345808.7809,1
1787392800000,796.61,796.61,782.61,784.62,5291.0,529.1,416450.1158,1
1787393700000,784.3,788.14,768.03,786.28,9715.0,971.54,755878.7309,1
1787394600000,786.82,801.29,786.67,796.93,6073.0,607.34,481932.3796,1
1787395500000,797.61,797.61,789.28,790.19,4880.0,488.08,386422.9201,1
1787396400000,790.61,791.1,782.3,783.62,5365.0,536.55,421143.857,1
1787397300000,783.34,786.66,777.38,783.05,5311.0,531.17,415756.5422,1
1787398200000,782.96,795.0,782.14,791.88,5667.0,566.71,447534.1317,1
1787399100000,791.69,797.9,791.67,794.89,5481.0,548.1,435343.0867,1
1787400000000,794.82,806.46,793.86,801.66,7666.0,766.66,614624.4939,1
1787400900000,801.66,809.64,798.7,804.66,7833.0,783.32,630311.7054,1
1787401800000,805.15,805.57,795.44,800.45,9409.0,940.95,753195.4641,1
1787402700000,800.45,805.0,797.07,797.54,4787.0,478.76,383318.6686,1
1787403600000,797.79,799.25,790.14,796.22,6205.0,620.53,493535.3798,1
1787404500000,796.11,797.11,786.19,786.98,6387.0,638.79,504536.7619,1
1787405400000,787.29,792.93,787.1,791.64,3752.0,375.26,296359.1908,1
1787406300000,791.67,798.86,790.17,795.84,4408.0,440.88,350624.6031,1
1787407200000,795.99,798.89,786.36,791.15,4503.0,450.36,356621.2326,1
1787408100000,791.67,794.98,788.99,792.39,3661.0,366.14,289997.3444,1
1787409000000,792.35,796.31,788.81,791.45,5665.0,566.56,449111.7604,1
1787409900000,791.87,791.89,782.89,790.0,5626.0,562.61,442507.5381,1
1787410800000,789.99,796.87,788.01,794.98,5376.0,537.66,426537.3855,1
1787411700000,794.98,801.88,791.48,794.19,5985.0,598.54,476364.1806,1
1787412600000,793.91,795.39,785.31,790.24,6452.0,645.29,510188.1924,1
1787413500000,790.38,792.5,787.25,789.5,5835.0,583.57,461019.0024,1
1787414400000,789.34,793.3,785.35,791.04,6020.0,602.0,475744.8613,1
1787415300000,791.1,813.77,791.1,811.66,8043.0,804.3,644609.7679,1
1787416200000,811.66,820.22,805.58,819.0,10307.0,1030.71,837984.0866,1
1787417100000,819.0,822.0,813.35,814.61,5754.0,575.45,470590.7384,1
1787418000000,815.15,819.97,813.43,816.9,4923.0,492.39,402442.5547,1
1787418900000,817.5,835.57,817.07,822.84,12096.0,1209.65,997826.8393,1
1787419800000,823.35,830.42,822.98,823.52,12169.0,1216.91,1005240.3774,1
1787420700000,823.9,827.9,821.61,824.01,4414.0,441.41,364092.4593,1
1787421600000,824.55,836.72,824.55,834.64,6991.0,699.14,580814.6201,1
1787422500000,835.0,838.17,826.82,831.91,5581.0,558.12,464925.2729,1
1787423400000,831.87,838.68,831.86,834.73,11148.0,1114.86,931440.2172,1
1787424300000,834.64,837.39,828.0,836.36,6742.0,674.23,561985.4408,1
1787425200000,836.47,847.01,835.0,843.16,10592.0,1059.24,889412.1434,1
1787426100000,843.16,843.34,829.66,833.72,12977.0,1297.73,1083817.0078,1
1787427000000,833.54,844.98,833.54,843.5,5664.0,566.43,475687.3634,1
1787427900000,843.55,852.32,841.67,847.92,10121.0,1012.15,857621.8613,1
1787428800000,848.12,855.69,839.51,839.98,13212.0,1321.24,1121983.8056,1
1787429700000,839.72,843.34,835.62,835.75,9562.0,956.2,802257.6746,1
1787430600000,836.0,841.77,829.99,838.58,6135.0,613.5,513033.1544,1
1787431500000,838.16,843.3,834.08,834.51,4827.0,482.74,405427.0739,1
1787432400000,833.95,836.43,816.96,818.37,14407.0,1440.78,1186204.3402,1
1787433300000,818.44,821.0,813.47,815.93,6935.0,693.58,566336.5043,1
1787434200000,815.53,817.99,790.95,807.07,16732.0,1673.2,1343689.427,1
1787435100000,807.07,807.07,793.61,799.09,10779.0,1077.97,862003.9227,1
1787436000000,798.42,805.0,795.03,803.44,9397.0,939.77,752223.1827,1
1787436900000,803.11,809.25,801.86,808.87,5730.0,573.08,462381.896,1
1787437800000,808.44,811.51,800.5,801.44,8503.0,850.36,685767.0912,1
1787438700000,801.42,807.89,795.26,797.71,6831.0,683.11,547002.8048,1
1787439600000,797.44,798.34,791.34,793.41,8363.0,836.33,664341.1919,1
1787440500000,793.56,800.57,792.37,795.62,6372.0,637.21,508027.7479,1
1787441400000,795.92,798.34,791.83,795.48,5113.0,511.31,406510.019,1
1787442300000,795.47,809.04,795.47,801.79,8369.0,836.9,673247.5785,1
1787443200000,801.97,806.44,783.96,793.65,10645.0,1064.52,845477.2607,1
1787444100000,793.83,801.69,792.25,800.39,6686.0,668.69,532664.9199,1
1787445000000,800.22,802.79,796.5,798.12,3947.0,394.72,315629.4147,1
1787445900000,798.14,805.92,797.41,803.39,4583.0,458.37,367974.3692,1
1787446800000,803.34,804.99,795.62,803.12,5172.0,517.28,414063.5679,1
1787447700000,802.87,806.6,801.2,803.71,3727.0,372.7,299606.5854,1
1787448600000,803.81,804.71,800.01,802.13,4606.0,460.68,369575.9475,1
1787449500000,802.32,804.0,792.22,794.41,5364.0,536.41,427602.0944,1
1787450400000,794.42,794.89,786.68,787.38,6013.0,601.3,475617.0687,1
1787451300000,786.69,794.56,786.68,793.45,6259.0,625.98,494891.0329,1
1787452200000,793.5,796.67,792.55,795.46,2984.0,298.42,237428.0182,1
1787453100000,795.3,796.39,792.62,794.96,2576.0,257.61,204586.1015,1
1787454000000,794.92,795.0,786.83,788.79,3858.0,385.89,304498.9369,1
1787454900000,788.78,790.66,785.2,787.25,3839.0,383.92,302409.3243,1
1787455800000,787.45,787.7,775.2,780.35,9629.0,962.92,750436.2585,1
1787456700000,780.56,788.0,780.56,782.21,4629.0,462.94,363168.089,1
1787457600000,782.09,785.99,776.68,785.96,4510.0,451.04,351768.2985,1
1787458500000,786.0,787.16,778.32,783.36,4216.0,421.61,329875.6804,1
1787459400000,783.34,783.64,773.57,776.55,4399.0,439.9,342057.3252,1
1787460300000,776.74,780.33,766.8,776.88,10795.0,1079.5,833870.1397,1
1787461200000,776.71,781.71,774.16,775.25,5559.0,555.98,432836.0598,1
1787462100000,775.92,795.37,775.18,789.42,9689.0,968.97,762887.5151,1
1787463000000,789.75,795.05,787.22,788.73,11416.0,1141.62,903591.1135,1
1787463900000,788.73,790.24,779.67,779.98,4507.0,450.71,354437.6815,1
1787464800000,779.56,788.58,776.44,788.0,6485.0,648.56,506707.1187,1
1787465700000,787.81,792.22,786.67,788.57,4753.0,475.34,375189.906,1
1787466600000,788.7,792.11,788.7,790.49,3527.0,352.78,278979.7034,1
1787467500000,790.34,792.14,783.96,786.32,8455.0,845.57,665064.5136,1
1787468400000,786.21,795.3,785.45,794.98,4224.0,422.41,334414.3051,1
1787469300000,794.94,803.88,794.57,800.88,5815.0,581.59,464945.7188,1
1787470200000,800.62,801.29,795.78,799.44,3670.0,367.06,292967.4983,1
1787471100000,799.47,804.99,797.12,802.22,3458.0,345.87,277269.6741,1
1787472000000,802.24,823.69,801.53,810.41,7165.0,716.58,582347.6773,1
1787472900000,810.13,812.42,806.65,810.12,6456.0,645.69,522416.268,1
1787473800000,810.34,817.94,807.35,808.59,6268.0,626.84,509095.4248,1
1787474700000,808.37,810.2,805.33,809.23,4758.0,475.84,384235.8887,1
1787475600000,809.56,815.23,808.71,811.37,4513.0,451.36,366523.1952,1
1787476500000,811.27,812.76,807.27,809.66,3166.0,316.68,256535.0843,1
1787477400000,809.84,810.71,801.48,803.85,4404.0,440.47,354416.342,1
1787478300000,804.17,806.62,802.51,802.79,2888.0,288.85,232464.5347,1
1787479200000,802.69,818.66,802.0,817.55,6314.0,631.4,512150.3204,1
1787480100000,817.13,818.36,810.01,812.27,4350.0,435.01,354092.7263,1
1787481000000,812.27,816.9,812.27,815.62,2704.0,270.49,220353.0675,1
1787481900000,815.43,817.19,810.65,811.08,3718.0,371.81,302741.9045,1
1787482800000,811.18,816.57,810.53,816.4,3668.0,366.84,298406.1914,1
1787483700000,816.39,823.64,815.46,819.35,5020.0,502.09,411339.8346,1
1787484600000,819.37,828.12,818.32,823.61,6027.0,602.77,496391.7377,1
1787485500000,823.87,824.37,820.17,824.0,3351.0,335.17,275699.4193,1
1787486400000,824.22,826.96,814.96,816.63,6847.0,684.74,561998.2858,1
1787487300000,816.67,818.12,812.74,814.39,3443.0,344.39,280855.3242,1
1787488200000,814.41,817.06,813.71,815.58,2499.0,249.92,203749.6186,1
1787489100000,815.66,815.66,813.34,814.03,2981.0,298.1,242703.8974,1
1787490000000,813.95,822.93,813.55,821.92,2748.0,274.86,224699.9824,1
1787490900000,822.06,838.53,821.44,833.69,10797.0,1079.76,896783.1635,1
1787491800000,833.94,866.76,832.55,852.59,25201.0,2520.14,2144661.873,1
1787492700000,852.46,855.22,842.52,849.74,23350.0,2335.08,1982696.7424,1
1787493600000,849.91,876.93,848.73,859.09,28014.0,2801.44,2424648.2959,1
1787494500000,859.55,863.72,854.3,859.1,18723.0,1872.39,1609715.1389,1
1787495400000,858.59,865.51,832.97,843.56,13531.0,1353.15,1152370.6663,1
1787496300000,844.68,859.77,844.68,853.83,14678.0,1467.84,1252866.8501,1
1787497200000,854.71,857.46,845.08,845.37,16092.0,1609.28,1374228.4218,1
1787498100000,845.08,846.45,839.76,843.39,5894.0,589.4,497121.325,1
1787499000000,843.55,845.66,840.22,844.47,7009.0,700.9,591218.0784,1
1787499900000,844.25,844.57,835.83,835.84,6188.0,618.87,520875.5598,1
1787500800000,835.95,847.11,835.95,845.44,6873.0,687.38,578877.4759,1
1787501700000,845.76,847.0,834.41,839.2,4785.0,478.52,402285.1523,1
1787502600000,839.04,846.35,838.2,843.98,4701.0,470.13,396225.3867,1
1787503500000,843.98,861.94,843.83,859.57,7233.0,723.34,616121.1671,1
1787504400000,859.58,863.46,851.16,854.93,6050.0,605.03,518725.9977,1
1787505300000,855.15,866.87,850.95,859.15,7099.0,709.98,610239.7209,1
1787506200000,859.14,859.44,854.13,855.03,4214.0,421.48,361161.8747,1
1787507100000,855.6,859.46,852.61,855.81,4966.0,496.6,425007.2673,1
1787508000000,856.44,873.7,853.82,871.3,9297.0,929.71,805861.3786,1
1787508900000,871.84,887.73,871.84,877.26,19921.0,1992.19,1753363.7527,1
1787509800000,877.4,880.81,871.0,875.81,8075.0,807.58,706395.1616,1
1787510700000,875.21,875.21,868.28,871.05,4880.0,488.07,425313.8167,1
1787511600000,871.39,874.07,864.49,870.0,5576.0,557.6,484869.7165,1
1787512500000,870.0,872.49,862.55,865.11,6133.0,613.37,531913.3879,1
1787513400000,865.19,865.92,859.3,862.3,9089.0,908.94,783737.3282,1
1787514300000,862.28,863.07,856.01,856.25,8446.0,844.66,726208.6549,1
1787515200000,856.59,856.82,838.73,841.6,16905.0,1690.51,1431469.7993,1
1787516100000,841.53,848.22,839.19,846.3,5176.0,517.62,437208.55,1
1787517000000,846.72,854.14,845.15,851.77,6480.0,648.02,550684.3604,1
1787517900000,852.04,852.26,849.39,850.57,2998.0,299.83,255095.9343,1
1787518800000,850.78,865.82,850.78,864.29,7192.0,719.27,619044.5636,1
1787519700000,864.15,871.5,864.02,869.92,8713.0,871.37,755779.7446,1
1787520600000,869.45,872.83,860.0,861.86,18137.0,1813.75,1566168.1974,1
1787521500000,861.87,869.71,855.25,860.69,35884.0,3588.45,3102327.9913,1
1787522400000,860.64,863.45,855.0,857.02,5128.0,512.86,439990.6974,1
1787523300000,856.6,864.09,853.5,862.91,4921.0,492.11,422543.323,1
1787524200000,862.8,863.52,855.58,855.68,3796.0,379.62,325944.4948,1
1787525100000,855.6,858.37,853.59,855.12,3533.0,353.33,302289.0075,1
1787526000000,855.18,856.04,842.4,845.17,6435.0,643.59,546788.8705,1
1787526900000,845.73,852.58,836.33,851.97,5666.0,566.61,479597.4909,1
1787527800000,851.98,859.26,848.21,854.14,6017.0,601.74,513035.9404,1
1787528700000,854.07,857.22,849.17,853.77,4629.0,462.96,394967.6226,1
1787529600000,853.38,853.8,846.79,848.31,3694.0,369.45,313983.9535,1
1787530500000,848.35,848.57,833.6,840.0,9626.0,962.63,807757.2154,1
1787531400000,840.0,843.97,832.65,834.2,10937.0,1093.78,915399.0501,1
1787532300000,834.19,839.25,820.55,838.35,10954.0,1095.41,908370.3105,1
1787533200000,838.51,839.03,825.28,825.8,7708.0,770.81,641077.7815,1
1787534100000,825.46,833.34,823.92,830.25,4507.0,450.78,373906.2523,1
1787535000000,830.29,832.57,827.82,830.02,3525.0,352.54,292691.1525,1
1787535900000,830.01,834.5,826.15,827.61,3949.0,394.96,327934.7025,1
1787536800000,827.91,833.03,822.7,832.43,6344.0,634.4,525615.728,1
1787537700000,832.79,849.25,831.6,847.19,5065.0,506.56,424550.7869,1
1787538600000,846.48,847.05,839.98,842.12,5795.0,579.59,489195.5852,1
1787539500000,841.67,842.65,836.93,841.35,3881.0,388.12,325853.8562,1
1787540400000,841.34,843.42,830.99,832.42,8177.0,817.75,683720.4935,1
1787541300000,832.34,837.39,831.06,832.56,3882.0,388.2,323542.9694,1
1787542200000,832.25,835.8,831.2,831.93,4073.0,407.35,339382.9138,1
1787543100000,831.82,836.3,828.75,829.65,3894.0,389.44,324310.1972,1
1787544000000,829.67,832.76,827.64,830.98,4595.0,459.5,381584.1387,1
1787544900000,831.01,835.52,830.38,834.78,3302.0,330.26,275182.1634,1
1787545800000,834.86,836.0,831.49,834.91,6327.0,632.72,527313.8747,1
1787546700000,834.9,835.0,825.23,834.3,4053.0,405.34,336609.2338,1
1787547600000,834.43,840.44,831.21,840.3,5658.0,565.87,472517.9556,1
1787548500000,840.32,840.85,834.37,835.23,3305.0,330.51,276600.146,1
1787549400000,834.98,843.92,829.34,840.56,6011.0,601.15,502933.2891,1
1787550300000,840.85,844.43,838.2,842.76,3586.0,358.62,301609.1384,1
1787551200000,842.53,846.36,840.75,845.83,4316.0,431.68,363887.9589,1
1787552100000,845.55,848.2,841.72,843.28,3165.0,316.5,267269.1413,1
1787553000000,842.86,843.51,835.5,835.5,3315.0,331.59,277896.7732,1
1787553900000,835.5,846.02,834.57,843.32,3080.0,308.04,259275.1521,1
1787554800000,843.66,852.86,841.46,850.81,5917.0,591.78,501299.7892,1
1787555700000,850.52,851.72,844.83,845.71,5197.0,519.79,440717.2561,1
1787556600000,845.43,845.43,832.82,833.16,5632.0,563.24,473184.6739,1
1787557500000,832.99,838.44,832.99,836.12,4475.0,447.58,374640.2851,1
1787558400000,836.42,836.71,830.0,830.44,6533.0,653.34,543950.2116,1
1787559300000,830.33,832.92,825.07,826.64,9075.0,907.54,751947.9933,1
1787560200000,826.27,835.48,826.06,834.81,4977.0,497.75,413332.8145,1
1787561100000,834.59,834.82,828.09,828.09,2480.0,248.03,206426.3627,1
1787562000000,826.52,832.75,824.32,832.73,5468.0,546.82,452845.1264,1
1787562900000,833.09,834.51,828.39,831.0,3998.0,399.85,332169.1749,1
1787563800000,829.92,831.96,828.6,830.68,2487.0,248.74,206533.1656,1
1787564700000,830.66,833.16,829.88,832.3,1900.0,190.07,158007.8316,1
1787565600000,832.09,839.41,830.89,837.88,5254.0,525.49,439416.462,1
1787566500000,837.88,841.33,836.06,837.52,4789.0,478.93,401556.4211,1
1787567400000,837.46,843.12,836.79,841.41,5835.0,583.59,490337.0433,1
1787568300000,841.45,844.5,837.1,838.98,5429.0,542.94,456446.5305,1
1787569200000,839.03,839.05,828.66,833.75,6639.0,663.96,552824.2738,1
1787570100000,833.57,836.09,830.5,835.65,3257.0,325.74,271354.5374,1
1787571000000,835.79,849.18,834.99,847.58,4959.0,495.94,418906.1572,1
1787571900000,847.6,848.02,834.96,844.97,5521.0,552.16,463168.168,1
1787572800000,845.01,847.07,838.07,838.18,4580.0,458.06,385642.3347,1
1787573700000,838.18,857.53,835.5,852.19,15920.0,1592.05,1347325.7564,1
1787574600000,851.43,855.76,847.13,851.4,5232.0,523.28,445719.8343,1
1787575500000,851.24,858.9,850.41,855.62,5824.0,582.49,498018.093,1
1787576400000,855.56,859.54,850.71,854.49,4578.0,457.83,390978.295,1
1787577300000,854.51,854.51,845.92,846.77,5410.0,541.06,460224.5528,1
1787578200000,846.81,846.86,835.5,836.89,19515.0,1951.56,1641040.7782,1
1787579100000,836.01,842.61,833.2,841.18,14129.0,1412.92,1184646.1937,1
1787580000000,841.11,848.67,837.03,848.46,6564.0,656.43,553633.7034,1
1787580900000,848.73,858.92,848.65,855.79,8345.0,834.53,711836.8572,1
1787581800000,855.77,870.51,855.45,864.09,29671.0,2967.13,2572277.5723,1
1787582700000,863.86,865.76,856.47,860.33,6155.0,615.58,529647.1303,1
1787583600000,860.11,861.88,851.21,851.21,6791.0,679.15,581849.3865,1
1787584500000,851.06,859.61,846.72,857.78,7957.0,795.74,678477.4614,1
1787585400000,857.65,858.14,837.42,840.37,7272.0,727.21,616385.5769,1
1787586300000,840.13,844.01,831.01,834.25,10557.0,1055.72,884534.3938,1
1787587200000,834.17,843.76,834.06,839.75,6627.0,662.77,556071.1661,1
1787588100000,839.75,846.19,838.94,843.77,4885.0,488.54,412102.3676,1
1787589000000,843.47,845.82,837.94,837.94,4830.0,483.01,406479.9105,1
1787589900000,837.92,838.0,828.2,828.2,7678.0,767.87,640450.7786,1
1787590800000,828.21,835.79,816.37,829.06,15587.0,1558.71,1288642.3916,1
1787591700000,828.84,829.0,811.0,811.0,14933.0,1493.34,1222304.6534,1
1787592600000,811.32,816.58,806.67,810.82,16863.0,1686.31,1367177.3597,1
1787593500000,810.62,815.78,808.22,813.08,8199.0,819.9,666263.2428,1
1787594400000,812.82,822.0,811.21,821.75,7304.0,730.46,597271.0793,1
1787595300000,821.84,822.19,815.25,821.6,6401.0,640.17,524543.4076,1
1787596200000,821.59,821.99,808.71,814.92,9669.0,966.97,787291.9867,1
1787597100000,814.99,816.52,801.31,806.85,10744.0,1074.48,868197.1707,1
1787598000000,806.89,808.75,801.78,803.12,8480.0,848.03,682891.984,1
1787598900000,802.87,806.84,798.18,806.51,7746.0,774.65,620776.9966,1
1787599800000,806.42,810.15,803.66,805.22,4863.0,486.38,392221.3461,1
1787600700000,805.32,810.17,804.15,809.92,5949.0,594.98,480713.1302,1
1787601600000,809.83,814.25,809.27,813.37,5139.0,513.98,417429.0434,1
1787602500000,813.15,816.34,810.0,814.6,6316.0,631.69,513564.4062,1
1787603400000,814.91,821.68,814.44,821.09,4026.0,402.61,329467.5374,1
1787604300000,820.21,822.0,818.09,819.87,2929.0,292.92,240267.4334,1
1787605200000,820.16,825.33,819.72,824.86,3678.0,367.8,302377.5693,1
1787606100000,824.63,824.99,819.7,823.36,2536.0,253.65,208677.6123,1
1787607000000,824.19,825.76,820.89,825.29,2681.0,268.16,220843.4167,1
1787607900000,825.26,827.89,824.15,827.0,3124.0,312.48,258229.3027,1
1787608800000,827.06,834.86,826.16,830.11,6542.0,654.27,543839.3845,1
1787609700000,829.97,834.37,829.4,830.85,2639.0,263.97,219562.525,1
1787610600000,831.02,835.85,831.02,831.19,4572.0,457.23,380905.3835,1
1787611500000,831.21,832.43,825.04,825.57,5759.0,575.91,477431.022,1
1787612400000,824.39,828.37,819.99,823.84,5809.0,580.93,478717.2358,1
1787613300000,823.92,828.33,820.45,824.85,3343.0,334.36,275626.1261,1
1787614200000,824.65,830.25,823.37,829.59,2742.0,274.29,226765.1325,1
1787615100000,829.45,830.67,825.95,830.26,3009.0,300.95,249165.7456,1
1787616000000,830.48,833.01,827.6,828.93,4311.0,431.14,358103.0898,1
1787616900000,828.41,831.0,823.21,827.83,4571.0,457.15,378263.1942,1
1787617800000,827.64,841.84,826.93,841.41,5913.0,591.33,493698.999,1
1787618700000,841.93,848.8,835.74,836.23,6128.0,612.88,515488.4743,1
1787619600000,836.42,846.34,833.59,834.59,4722.0,472.26,396212.8272,1
1787620500000,834.46,839.53,832.27,836.86,3586.0,358.69,299917.403,1
1787621400000,836.79,839.0,828.82,832.87,22500.0,2250.0,1870797.5257,1
1787622300000,833.17,834.69,829.55,834.45,2776.0,277.61,231145.2708,1
1787623200000,834.77,837.33,831.88,834.02,2629.0,262.93,219394.1475,1
1787624100000,834.09,863.29,831.62,863.27,9697.0,969.72,822684.5335,1
1787625000000,863.29,864.93,855.0,860.46,10219.0,1021.99,879667.6972,1
1787625900000,860.44,862.18,852.82,853.9,16410.0,1641.01,1407830.1745,1
1787626800000,854.1,865.46,853.71,859.58,7496.0,749.64,645568.1878,1
1787627700000,859.5,861.44,855.39,858.14,5326.0,532.68,457173.7526,1
1787628600000,857.64,860.94,853.5,853.66,5082.0,508.23,435672.8804,1
1787629500000,853.54,855.82,848.29,849.85,5834.0,583.46,496914.0792,1
1787630400000,849.75,853.68,847.53,850.18,5250.0,525.08,446621.4517,1
1787631300000,850.18,850.21,843.58,843.74,5151.0,515.17,436436.6988,1
1787632200000,843.74,847.03,839.96,844.37,6280.0,628.03,529993.4442,1
1787633100000,844.35,849.0,843.65,848.08,4611.0,461.17,390330.0725,1
1787634000000,848.22,854.64,847.34,851.57,4585.0,458.59,390574.6601,1
1787634900000,851.64,855.0,850.44,852.21,2743.0,274.36,233903.7929,1
1787635800000,852.32,857.83,849.01,853.13,3946.0,394.64,336847.4049,1
1787636700000,853.12,856.96,852.05,852.25,2728.0,272.85,232967.874,1
1787637600000,852.44,854.58,847.96,850.77,2699.0,269.98,229851.9534,1
1787638500000,850.57,852.78,849.52,851.35,2198.0,219.82,187148.3874,1
1787639400000,851.09,851.84,844.58,847.78,2646.0,264.62,224465.635,1
1787640300000,847.85,856.24,846.92,851.31,3183.0,318.37,271295.9329,1
1787641200000,851.43,863.7,850.87,859.21,4739.0,473.91,407058.7828,1
1787642100000,859.46,860.73,857.68,859.22,2514.0,251.4,215974.5856,1
1787643000000,858.97,859.53,854.25,858.56,3432.0,343.25,294159.3596,1
1787643900000,859.78,866.77,847.24,852.75,13129.0,1312.91,1124602.3231,1
1787644800000,852.69,854.69,848.32,849.29,4696.0,469.66,399577.5872,1
1787645700000,849.06,855.32,849.0,849.4,4766.0,476.64,406072.8784,1
1787646600000,849.84,853.8,842.74,846.64,7204.0,720.49,609978.1535,1
1787647500000,846.59,847.91,840.75,842.21,3860.0,386.01,325477.4178,1
1787648400000,842.67,845.47,839.99,844.55,4165.0,416.59,350761.182,1
1787649300000,844.58,851.59,843.65,848.55,3841.0,384.11,325987.6806,1
1787650200000,848.34,854.43,847.73,853.79,2728.0,272.87,232069.1266,1
1787651100000,853.6,854.85,838.12,839.48,9008.0,900.87,760488.6474,1
1787652000000,839.53,843.75,835.86,842.31,7511.0,751.11,629792.4235,1
1787652900000,842.36,843.0,838.59,840.44,2636.0,263.67,221772.6588,1
1787653800000,840.33,841.84,837.36,840.62,2348.0,234.89,197163.3039,1
1787654700000,840.72,845.34,840.56,842.48,2822.0,282.25,237770.8,1
1787655600000,842.43,843.76,833.57,836.19,4378.0,437.82,367367.3448,1
1787656500000,836.79,841.06,834.17,837.58,3593.0,359.33,300858.7995,1
1787657400000,837.62,839.71,833.88,833.88,3042.0,304.23,254644.6201,1
1787658300000,833.62,837.57,832.27,837.01,4479.0,447.97,374238.4241,1
1787659200000,837.01,839.99,830.01,839.64,6603.0,660.32,551098.968,1
1787660100000,839.6,841.8,828.58,832.62,6885.0,688.51,574124.8228,1
1787661000000,832.53,835.49,830.48,834.96,3805.0,380.53,316939.6296,1
1787661900000,834.94,848.17,833.59,842.68,8630.0,863.03,727785.7382,1
1787662800000,843.26,844.63,822.61,823.91,8841.0,884.19,737926.0218,1
1787663700000,823.98,825.94,815.6,815.61,8163.0,816.38,669718.043,1
1787664600000,815.96,831.0,814.98,818.94,13626.0,1362.62,1120932.8087,1
1787665500000,818.87,821.42,806.98,818.17,19905.0,1990.52,1622810.6444,1
1787666400000,817.68,822.01,815.3,816.54,7120.0,712.09,582936.8331,1
1787667300000,816.38,829.15,814.22,827.58,6876.0,687.61,564825.3126,1
1787668200000,827.36,830.76,821.1,822.71,10338.0,1033.82,854193.5205,1
1787669100000,823.2,825.46,814.06,818.52,13320.0,1332.01,1092590.2767,1
1787670000000,818.42,818.42,806.82,809.15,10091.0,1009.12,817926.3081,1
1787670900000,809.15,813.6,804.0,806.85,8303.0,830.36,670810.5186,1
1787671800000,806.56,810.78,806.0,809.73,4898.0,489.87,396281.2325,1
1787672700000,809.81,817.59,806.69,816.96,5543.0,554.38,449249.5118,1
1787673600000,816.86,816.86,804.0,807.58,5054.0,505.46,409489.2156,1
1787674500000,807.2,807.2,795.51,802.1,10457.0,1045.74,837022.1378,1
1787675400000,801.36,809.83,801.24,809.44,5568.0,556.81,449146.7205,1
1787676300000,809.41,811.48,800.0,800.01,4579.0,457.97,369717.325,1
1787677200000,800.01,804.0,798.18,802.14,4832.0,483.23,387022.052,1
1787678100000,802.32,803.85,793.74,795.26,5729.0,572.92,457322.1524,1
1787679000000,795.57,799.5,794.98,799.3,4924.0,492.41,392368.7845,1
1787679900000,799.28,802.68,797.96,799.41,3424.0,342.49,274041.3479,1
1787680800000,799.71,801.01,792.19,796.18,5799.0,579.98,461789.8224,1
1787681700000,796.18,800.46,794.03,800.0,3537.0,353.72,282046.3805,1
1787682600000,800.0,800.41,795.47,799.84,3290.0,329.05,262639.4658,1
1787683500000,799.9,801.55,795.73,796.54,3103.0,310.3,247825.1858,1
1787684400000,796.67,798.37,793.68,796.62,3883.0,388.35,308945.2603,1
1787685300000,796.7,798.18,788.53,789.0,6753.0,675.33,535410.7615,1
1787686200000,788.27,790.37,778.0,781.2,15446.0,1544.61,1213266.139,1
1787687100000,781.89,788.47,781.89,786.7,5843.0,584.31,459049.438,1
1787688000000,786.77,787.63,779.74,784.24,3753.0,375.32,294221.567,1
1787688900000,784.04,787.1,782.55,783.92,2464.0,246.42,193412.2886,1
1787689800000,783.64,786.77,780.03,780.42,3232.0,323.25,253289.1603,1
1787690700000,780.44,781.5,771.96,772.56,9343.0,934.34,724450.7827,1
1787691600000,772.66,774.46,752.04,766.32,17665.0,1766.54,1347590.6172,1
1787692500000,765.88,766.46,756.66,765.7,10459.0,1045.97,796853.1635,1
1787693400000,766.0,779.22,764.26,777.49,7888.0,788.83,610900.7752,1
1787694300000,777.47,781.83,774.7,777.04,6338.0,633.88,492843.4006,1
1787695200000,777.41,783.98,777.0,781.71,5715.0,571.51,445997.4772,1
1787696100000,782.25,783.25,770.23,773.42,6770.0,677.02,525976.6997,1
1787697000000,773.38,778.53,771.79,774.38,3338.0,333.83,258945.8173,1
1787697900000,774.27,785.98,774.16,783.54,3144.0,314.46,245134.6819,1
1787698800000,783.44,788.54,778.67,781.31,4190.0,419.06,328501.1132,1
1787699700000,780.87,783.65,777.77,782.09,4770.0,477.02,372395.5633,1
1787700600000,782.04,782.06,773.79,774.86,3767.0,376.71,293072.0565,1
1787701500000,774.58,775.23,767.67,768.16,4253.0,425.3,327679.6182,1
1787702400000,768.16,770.59,763.51,765.38,5960.0,596.05,456611.216,1
1787703300000,765.4,776.67,763.59,774.19,20621.0,2062.19,1581989.0266,1
1787704200000,773.86,776.11,769.24,772.99,4143.0,414.32,319835.2046,1
1787705100000,773.34,781.54,773.09,777.17,7349.0,734.95,571649.8322,1
1787706000000,777.02,783.34,775.06,776.17,6460.0,646.04,503826.6613,1
1787706900000,776.26,780.36,773.41,779.19,4050.0,405.01,315007.3721,1
1787707800000,779.27,784.38,778.89,782.68,4785.0,478.5,374298.1903,1
1787708700000,782.58,782.88,778.7,780.21,3395.0,339.57,265245.0352,1
1787709600000,780.3,781.47,777.86,777.98,2892.0,289.21,225515.5254,1
1787710500000,778.23,787.25,778.23,786.84,3542.0,354.25,277731.3745,1
1787711400000,787.0,787.15,781.72,783.66,2917.0,291.71,228893.7029,1
1787712300000,783.53,787.69,782.25,783.94,2337.0,233.7,183376.0341,1
1787713200000,783.47,787.0,780.33,781.88,2568.0,256.88,201048.0542,1
1787714100000,781.87,784.71,781.35,783.6,1531.0,153.14,119922.7721,1
1787715000000,783.55,786.0,780.82,784.05,3251.0,325.13,254640.2456,1
1787715900000,784.11,786.0,781.5,783.25,2068.0,206.86,162093.0974,1
1787716800000,783.15,786.0,779.72,784.79,3843.0,384.36,301212.5936,1
1787717700000,784.67,791.7,783.47,786.78,3319.0,331.93,261220.3308,1
1787718600000,786.75,789.31,785.0,787.06,4138.0,413.86,325761.8191,1
1787719500000,787.0,787.91,783.34,783.34,2458.0,245.86,193128.5315,1
1787720400000,783.34,787.65,782.82,783.97,2832.0,283.22,222189.7838,1
1787721300000,783.8,787.31,782.0,785.79,2524.0,252.47,198001.9177,1
1787722200000,785.69,793.0,784.48,792.11,4505.0,450.53,356370.5246,1
1787723100000,792.06,792.14,788.83,789.26,2630.0,263.06,207980.0432,1
1787724000000,789.45,793.0,788.64,788.74,2918.0,291.81,230784.1559,1
1787724900000,788.36,789.73,784.78,785.51,2537.0,253.72,199605.1737,1
1787725800000,785.41,788.35,783.34,787.96,2677.0,267.73,210380.8266,1
1787726700000,788.36,788.89,785.95,786.59,2817.0,281.76,221809.8929,1
1787727600000,786.66,792.7,785.72,792.27,4119.0,411.97,325433.7416,1
1787728500000,792.74,795.39,789.43,790.39,3641.0,364.14,288360.4496,1
1787729400000,790.36,790.73,787.74,788.53,2076.0,207.66,163883.0435,1
1787730300000,788.53,790.81,785.52,786.78,1980.0,198.03,156129.5851,1
1787731200000,786.84,791.17,785.32,789.16,2402.0,240.28,189434.2036,1
1787732100000,789.18,791.37,786.01,788.35,1758.0,175.83,138577.906,1
1787733000000,788.35,789.15,786.01,786.16,1494.0,149.43,117697.84,1
1787733900000,786.06,786.42,778.84,782.15,3456.0,345.68,270395.5069,1
1787734800000,782.12,784.92,781.32,784.08,2216.0,221.62,173707.8364,1
1787735700000,783.97,786.87,779.87,785.16,3650.0,365.0,285966.9439,1
1787736600000,785.07,790.74,782.3,782.3,3637.0,363.71,285998.3912,1
1787737500000,782.75,785.78,781.5,785.05,2471.0,247.15,193750.6524,1
1787738400000,784.99,788.36,784.45,787.97,2507.0,250.75,197033.2637,1
1787739300000,786.86,789.97,784.59,789.96,2719.0,271.9,214069.7607,1
1787740200000,789.87,794.52,788.18,793.17,4966.0,496.62,393399.8563,1
1787741100000,793.21,794.7,792.02,792.1,2719.0,271.93,215836.9188,1
1787742000000,792.23,794.96,791.28,791.86,2889.0,288.98,229220.6981,1
1787742900000,791.99,791.99,787.54,789.5,2300.0,230.04,181653.9895,1
1787743800000,789.5,789.66,781.98,782.82,5161.0,516.13,404837.3288,1
1787744700000,782.82,784.25,782.0,783.24,2571.0,257.18,201417.4988,1
1787745600000,783.48,785.7,782.56,783.59,3077.0,307.71,241343.8702,1
1787746500000,783.5,791.73,783.19,791.43,3059.0,305.99,240975.2171,1
1787747400000,791.36,791.43,779.69,781.06,6457.0,645.74,506065.2911,1
1787748300000,781.06,783.0,779.57,780.75,3682.0,368.23,287659.1509,1
1787749200000,780.61,783.0,772.24,772.98,6525.0,652.55,506704.3109,1
1787750100000,773.4,776.26,759.52,766.07,9505.0,950.52,728952.4856,1
1787751000000,766.06,778.9,766.06,776.12,8151.0,815.18,630431.8762,1
1787751900000,776.6,777.37,766.08,773.36,6699.0,669.95,516593.8562,1
1787752800000,773.31,777.83,770.21,774.29,5602.0,560.22,434544.1265,1
1787753700000,774.2,776.62,765.3,766.37,5743.0,574.35,442593.3126,1
1787754600000,765.96,770.35,765.01,767.26,6583.0,658.39,505455.4673,1
1787755500000,767.15,768.3,762.75,766.01,8270.0,827.09,633396.6022,1
1787756400000,766.3,769.28,761.1,769.18,8376.0,837.69,640605.9174,1
1787757300000,769.18,777.82,767.34,777.75,6421.0,642.11,495277.5466,1
1787758200000,777.72,779.84,770.3,774.81,7649.0,764.92,592456.8154,1
1787759100000,774.69,777.83,770.01,770.56,6514.0,651.41,504716.3752,1
1787760000000,770.5,776.67,767.2,771.51,4979.0,497.91,384544.4084,1
1787760900000,772.01,773.56,765.01,767.62,3285.0,328.58,252793.2684,1
1787761800000,767.63,770.0,758.63,759.98,6208.0,620.86,473862.0013,1
1787762700000,760.32,770.99,760.32,769.94,5776.0,577.61,443046.9422,1
1787763600000,769.62,772.34,768.07,771.88,3131.0,313.18,241217.709,1
1787764500000,771.93,779.76,771.85,778.9,5008.0,500.89,389271.2733,1
1787765400000,778.9,779.97,776.79,777.02,4373.0,437.3,340311.654,1
1787766300000,777.07,779.09,774.01,777.35,3301.0,330.1,256361.432,1
1787767200000,777.47,779.97,774.65,777.04,4224.0,422.4,328498.9025,1
1787768100000,777.23,779.97,776.78,779.28,2142.0,214.29,166907.9215,1
1787769000000,779.28,780.0,776.5,778.41,2773.0,277.31,215958.3895,1
1787769900000,778.6,787.6,778.35,785.33,3563.0,356.33,278796.5849,1
1787770800000,785.33,787.45,780.69,782.12,3031.0,303.13,237323.9732,1
1787771700000,782.12,786.0,781.08,785.98,2296.0,229.67,179865.3782,1
1787772600000,786.0,789.46,781.5,781.6,2719.0,271.99,213540.0122,1
1787773500000,781.58,784.18,781.46,782.63,1737.0,173.7,135996.4996,1
1787774400000,782.49,784.74,780.34,782.96,2452.0,245.23,191941.7079,1
1787775300000,782.83,784.03,776.89,783.6,5342.0,534.29,417046.2627,1
1787776200000,783.71,784.25,781.05,783.69,1874.0,187.43,146736.8762,1
1787777100000,783.74,785.16,783.19,783.48,1502.0,150.29,117866.9743,1
1787778000000,783.58,786.38,782.16,785.71,2227.0,222.78,174783.4182,1
1787778900000,786.16,792.92,786.16,790.67,4857.0,485.76,383731.5542,1
1787779800000,790.66,792.81,787.49,787.5,2680.0,268.06,211853.5048,1
1787780700000,787.47,789.64,782.73,789.64,2866.0,286.61,225216.9773,1
1787781600000,789.65,794.78,788.56,793.72,3184.0,318.45,252432.0053,1
1787782500000,793.84,815.0,793.76,813.12,8431.0,843.13,680530.6779,1
1787783400000,812.82,814.2,808.86,810.34,6676.0,667.63,541609.4037,1
1787784300000,810.15,813.14,806.72,810.73,3881.0,388.18,314397.2425,1
1787785200000,810.59,818.42,810.38,813.14,14614.0,1461.45,1192818.1096,1
1787786100000,813.14,817.4,812.08,816.28,3952.0,395.22,322295.14,1
1787787000000,816.98,817.41,814.0,816.54,3281.0,328.17,267688.7174,1
1787787900000,816.54,817.08,813.4,816.14,3429.0,342.97,279649.251,1
1787788800000,816.13,816.48,808.17,810.14,5327.0,532.75,432591.9519,1
1787789700000,810.2,814.21,809.08,811.02,4176.0,417.63,338802.1354,1
1787790600000,810.91,810.91,802.81,805.66,4372.0,437.24,352444.2296,1
1787791500000,805.66,807.78,802.29,802.96,3335.0,333.53,268230.9042,1
1787792400000,802.34,804.5,797.19,800.09,3963.0,396.37,317316.1916,1
1787793300000,799.91,808.46,798.91,807.72,5259.0,525.97,422973.3126,1
1787794200000,807.73,807.92,799.61,799.61,4394.0,439.49,353373.4747,1
1787795100000,799.68,801.28,792.82,795.82,4326.0,432.61,344947.5493,1
1787796000000,796.01,799.14,794.0,794.08,2474.0,247.44,197119.4299,1
1787796900000,794.21,796.02,789.61,790.68,4888.0,488.86,387520.197,1
1787797800000,790.68,791.33,778.64,779.45,5673.0,567.32,446008.3703,1
1787798700000,779.97,784.49,779.97,781.85,3234.0,323.42,253085.8389,1
1787799600000,781.45,785.15,781.45,783.78,2337.0,233.77,183159.8256,1
1787800500000,783.9,788.53,780.22,788.13,2930.0,293.0,230069.2927,1
1787801400000,788.04,788.04,780.54,781.28,3090.0,309.04,242206.5372,1
1787802300000,781.28,782.88,777.11,779.97,2975.0,297.57,231916.0892,1
1787803200000,779.95,782.1,777.92,780.61,3629.0,362.93,283248.2562,1
1787804100000,780.46,781.61,778.13,779.36,1840.0,184.03,143553.1517,1
1787805000000,779.12,779.12,772.52,778.18,6695.0,669.53,518341.7545,1
1787805900000,778.08,778.1,774.83,777.65,1450.0,145.06,112617.8581,1
1787806800000,777.83,778.29,774.6,776.93,2681.0,268.14,208339.9326,1
1787807700000,776.93,780.98,774.64,776.8,1896.0,189.68,147452.2462,1
1787808600000,776.84,777.83,774.0,777.83,2233.0,223.34,173258.495,1
1787809500000,777.83,783.19,777.83,782.1,2707.0,270.71,211398.3156,1
1787810400000,782.11,782.11,776.77,777.56,2001.0,200.1,155966.2668,1
1787811300000,777.4,779.62,775.81,779.37,1438.0,143.81,111874.7169,1
1787812200000,779.37,785.48,779.23,782.15,1767.0,176.76,138150.8858,1
1787813100000,782.71,786.63,782.4,786.38,2945.0,294.52,231346.6795,1
1787814000000,785.71,785.77,784.2,784.81,2301.0,230.16,180663.9104,1
1787814900000,784.81,786.39,782.76,783.47,1657.0,165.75,130035.0683,1
1787815800000,783.47,785.25,782.5,783.2,1802.0,180.26,141306.1814,1
1787816700000,783.19,786.68,783.02,785.68,1632.0,163.28,128197.9067,1
1787817600000,785.71,795.42,784.26,792.72,4280.0,428.0,338465.5219,1
1787818500000,792.74,794.71,787.47,794.71,3894.0,389.42,307771.4339,1
1787819400000,794.91,798.12,793.89,796.63,4629.0,462.91,368350.5457,1
1787820300000,796.5,798.16,790.75,792.86,3136.0,313.62,249060.5127,1
1787821200000,792.66,798.16,791.02,797.07,3584.0,358.49,284995.9862,1
1787822100000,797.08,805.1,794.27,803.49,5739.0,573.91,458557.5819,1
1787823000000,803.49,803.51,795.0,795.45,3576.0,357.64,285607.9778,1
1787823900000,795.46,797.67,790.76,793.88,4176.0,417.61,331765.6206,1
1787824800000,793.88,798.89,791.79,793.86,3156.0,315.62,251219.4101,1
1787825700000,793.86,795.16,777.78,785.03,5887.0,588.71,463064.4371,1
1787826600000,784.73,784.73,776.48,780.98,4185.0,418.54,326939.2508,1
1787827500000,780.9,783.18,777.63,780.42,2901.0,290.14,226307.6924,1
1787828400000,780.24,784.46,779.59,783.93,4683.0,468.34,366474.177,1
1787829300000,784.25,785.33,778.1,778.61,2145.0,214.5,167783.3145,1
1787830200000,778.75,782.29,777.89,781.91,2925.0,292.59,228185.553,1
1787831100000,781.76,783.8,779.98,783.36,2278.0,227.83,178202.8569,1
1787832000000,783.32,786.67,782.29,785.16,9054.0,905.42,710640.7027,1
1787832900000,785.42,788.53,783.55,783.88,2582.0,258.21,202904.047,1
1787833800000,784.04,784.04,778.91,778.92,7520.0,752.07,587839.4743,1
1787834700000,779.03,782.49,778.94,780.34,2442.0,244.22,190744.5716,1
1787835600000,780.65,785.99,780.65,785.26,2507.0,250.73,196413.5884,1
1787836500000,785.34,795.96,785.34,795.85,7464.0,746.48,591354.9139,1
1787837400000,795.83,795.83,788.23,790.68,8454.0,845.44,667685.2175,1
1787838300000,790.68,793.66,784.27,792.94,4627.0,462.71,365439.8144,1
1787839200000,792.86,795.28,788.54,789.77,5360.0,536.07,424437.991,1
1787840100000,789.92,797.17,789.64,796.03,4466.0,446.6,354737.8887,1
1787841000000,796.03,801.98,794.4,800.83,5581.0,558.17,445976.9754,1
1787841900000,800.92,801.18,792.79,794.78,4399.0,439.97,350506.6752,1
1787842800000,794.94,800.19,791.75,798.3,4131.0,413.11,328651.6473,1
1787843700000,798.3,803.5,794.14,802.55,4422.0,442.28,352707.3495,1
1787844600000,802.68,803.5,793.89,798.12,5932.0,593.28,473617.7962,1
1787845500000,798.16,808.5,796.56,803.33,5044.0,504.42,405216.5843,1
1787846400000,803.33,806.72,799.23,803.35,3506.0,350.67,281531.4794,1
1787847300000,803.51,814.1,803.14,814.1,5177.0,517.74,418641.9177,1
1787848200000,814.12,816.57,808.88,816.4,5214.0,521.43,424211.0139,1
1787849100000,816.38,817.0,811.69,812.12,8987.0,898.75,732916.3285,1
1787850000000,811.89,827.03,810.35,822.49,5647.0,564.79,462414.8633,1
1787850900000,822.46,829.16,821.48,824.17,4742.0,474.21,391406.2039,1
1787851800000,824.38,833.45,823.56,824.61,6512.0,651.2,539233.7722,1
1787852700000,824.77,829.18,822.2,822.78,4291.0,429.1,353972.5966,1
1787853600000,822.82,823.25,809.46,809.63,9610.0,961.05,786666.0456,1
1787854500000,809.69,814.3,805.48,806.5,6924.0,692.42,559518.6038,1
1787855400000,806.7,813.1,804.03,810.98,4642.0,464.2,375159.4015,1
1787856300000,810.98,815.68,810.55,815.68,2667.0,266.71,216849.6554,1
1787857200000,815.74,819.92,814.21,817.42,3030.0,303.04,247795.7315,1
1787858100000,817.42,820.81,815.7,820.46,4384.0,438.44,358854.9845,1
1787859000000,820.62,823.2,813.15,815.67,4029.0,402.9,329230.5243,1
1787859900000,815.44,820.53,814.43,815.5,2884.0,288.46,235750.5709,1
1787860800000,815.66,819.2,814.75,816.11,3213.0,321.3,262250.9329,1
1787861700000,816.11,823.82,815.88,818.0,3052.0,305.29,250235.2754,1
1787862600000,818.0,819.19,816.35,818.55,2504.0,250.49,204897.4749,1
1787863500000,818.64,819.56,813.79,816.35,2063.0,206.36,168466.299,1
1787864400000,816.35,816.35,812.36,813.16,1838.0,183.8,149605.8539,1
1787865300000,813.2,813.26,809.03,809.94,2369.0,236.93,192163.7412,1
1787866200000,809.94,812.04,805.94,807.13,2544.0,254.4,205598.232,1
1787867100000,807.13,809.92,806.71,808.75,1859.0,185.99,150366.2761,1
1787868000000,808.85,815.76,808.44,812.89,1639.0,163.94,133285.3458,1
1787868900000,812.89,816.32,811.0,812.8,2481.0,248.19,202000.2336,1
1787869800000,812.37,815.13,811.73,813.2,1501.0,150.15,122136.4106,1
1787870700000,813.1,813.66,811.57,812.68,1238.0,123.81,100602.5831,1
1787871600000,812.85,813.28,808.87,809.49,1958.0,195.89,158800.8411,1
1787872500000,809.4,815.18,809.19,815.04,1946.0,194.63,158303.8341,1
1787873400000,814.87,816.9,811.97,811.97,4021.0,402.16,327960.8445,1
1787874300000,812.01,812.19,808.88,809.53,1971.0,197.19,159771.2574,1
1787875200000,809.58,809.82,806.37,808.67,1872.0,187.23,151315.1464,1
1787876100000,809.07,813.0,809.07,813.0,1657.0,165.76,134492.4996,1
1787877000000,812.24,816.52,811.81,812.35,2926.0,292.6,238016.324,1
1787877900000,812.03,812.62,809.7,809.81,2532.0,253.21,205253.4543,1
1787878800000,809.71,816.72,809.7,813.12,3432.0,343.27,279341.717,1
1787879700000,812.73,821.99,812.0,820.77,3312.0,331.22,271066.9657,1
1787880600000,821.2,822.99,811.0,811.0,5279.0,527.95,431052.3642,1
1787881500000,811.01,812.27,800.8,802.26,7032.0,703.29,566253.4757,1
1787882400000,802.29,802.49,793.74,794.36,5269.0,526.92,420761.8939,1
1787883300000,793.98,795.25,786.73,786.97,10648.0,1064.8,841460.877,1
1787884200000,786.8,787.99,780.28,782.22,6442.0,644.28,504855.5109,1
1787885100000,781.99,785.9,779.31,785.55,5395.0,539.51,421862.0338,1
1787886000000,785.33,785.33,778.71,781.95,3546.0,354.6,277073.4161,1
1787886900000,782.4,789.0,782.04,788.84,2205.0,220.52,173195.7281,1
1787887800000,788.79,791.4,786.88,787.46,2238.0,223.81,176458.6663,1
1787888700000,787.34,788.92,786.54,788.22,1599.0,159.99,126033.8368,1
1787889600000,788.05,790.99,783.67,789.58,2563.0,256.32,201740.2482,1
1787890500000,789.34,791.5,786.59,787.02,2270.0,227.01,179125.6639,1
1787891400000,786.95,787.69,783.91,786.53,1852.0,185.27,145542.864,1
1787892300000,786.4,786.98,784.82,786.18,2210.0,221.09,173836.1612,1
1787893200000,785.69,787.7,784.64,786.66,1477.0,147.71,116051.8857,1
1787894100000,786.71,787.38,784.4,787.37,1382.0,138.29,108662.904,1
1787895000000,787.38,791.12,787.38,788.65,2113.0,211.3,166730.0189,1
1787895900000,788.5,789.72,788.04,788.29,1334.0,133.41,105232.5527,1
1787896800000,788.07,794.1,788.07,793.69,3290.0,329.0,260647.2167,1
1787897700000,793.62,793.92,791.53,792.37,1630.0,163.02,129162.6326,1
1787898600000,792.48,794.04,791.94,794.04,1484.0,148.47,117716.2245,1
1787899500000,794.06,795.78,793.0,793.08,1413.0,141.3,112251.2897,1
1787900400000,793.08,793.49,787.18,788.74,3010.0,301.09,237805.1016,1
1787901300000,788.79,790.53,788.79,790.26,1085.0,108.58,85778.6,1
1787902200000,790.39,790.59,788.24,789.13,941.0,94.17,74349.554,1
1787903100000,789.13,790.98,789.13,789.58,1707.0,170.78,134957.2075,1
1787904000000,789.71,793.06,789.71,791.2,1741.0,174.1,137882.7973,1
1787904900000,791.2,793.23,790.83,791.01,1002.0,100.26,79407.062,1
1787905800000,790.69,792.55,789.91,790.2,1903.0,190.36,150579.4795,1
1787906700000,790.23,790.96,785.42,785.93,3220.0,322.02,253526.7675,1
1787907600000,786.35,791.93,785.0,790.62,2569.0,256.9,202458.6563,1
1787908500000,790.87,791.18,788.44,788.96,1368.0,136.82,108135.3628,1
1787909400000,788.96,791.73,787.0,787.0,2058.0,205.88,162512.2209,1
1787910300000,787.37,790.2,787.37,789.57,1504.0,150.41,118688.5952,1
1787911200000,789.62,790.01,786.0,788.7,2490.0,249.0,196170.5632,1
1787912100000,788.84,789.97,787.72,789.97,1476.0,147.64,116473.2278,1
1787913000000,789.97,794.42,789.94,792.4,2560.0,256.09,203075.2,1
1787913900000,792.47,796.8,792.47,796.8,2392.0,239.25,190145.2802,1
1787914800000,796.8,802.75,796.77,802.55,3643.0,364.38,291390.2673,1
1787915700000,802.54,803.8,800.2,800.71,2212.0,221.28,177440.9095,1
1787916600000,800.77,803.51,797.49,799.35,2015.0,201.57,161168.1096,1
1787917500000,799.35,799.83,797.66,799.49,1896.0,189.61,151476.5018,1
1787918400000,799.29,806.99,798.79,803.86,14654.0,1465.48,1176061.3849,1
1787919300000,804.5,807.79,801.22,801.52,7345.0,734.53,591443.2895,1
1787920200000,801.56,801.81,790.99,793.4,4539.0,453.96,360887.9236,1
1787921100000,793.54,797.0,792.77,796.99,3419.0,341.95,271863.8825,1
1787922000000,796.55,798.89,794.99,796.49,2965.0,296.5,236202.9254,1
1787922900000,796.29,798.58,793.96,794.08,3091.0,309.11,246156.6208,1
1787923800000,793.91,797.55,791.75,791.97,10084.0,1008.48,802260.7367,1
1787924700000,791.99,799.24,791.01,795.95,4126.0,412.66,328284.0091,1
1787925600000,795.0,802.14,775.37,783.96,11240.0,1124.08,880689.7533,1
1787926500000,783.99,793.44,780.85,792.85,6748.0,674.85,531914.6204,1
1787927400000,792.7,814.7,789.69,813.54,11028.0,1102.85,890326.4072,1
1787928300000,813.61,816.65,806.04,810.94,12775.0,1277.52,1037966.6548,1
1787929200000,811.37,815.37,802.73,804.07,5107.0,510.76,412680.5145,1
1787930100000,804.18,815.29,803.18,808.58,4686.0,468.67,379733.9411,1
1787931000000,808.75,812.89,802.27,803.03,4395.0,439.59,354574.2096,1
1787931900000,803.29,808.5,802.13,806.07,5860.0,586.03,472057.9222,1
1787932800000,806.34,812.02,789.37,789.37,14279.0,1427.9,1143609.3015,1
1787933700000,789.67,794.12,776.95,790.92,11093.0,1109.32,870255.5042,1
1787934600000,790.44,801.93,789.72,797.1,6218.0,621.89,495089.2666,1
1787935500000,797.43,809.72,797.43,798.19,6152.0,615.26,494277.8828,1
1787936400000,798.18,804.75,794.18,804.75,6405.0,640.51,512041.7715,1
1787937300000,804.64,804.64,791.57,794.33,5000.0,500.01,399254.9369,1
1787938200000,794.31,794.9,786.55,789.82,6289.0,628.95,497008.8413,1
1787939100000,790.91,795.62,788.85,793.24,4602.0,460.23,364821.0893,1
1787940000000,792.71,794.36,787.14,787.64,3427.0,342.73,270659.5938,1
1787940900000,787.66,788.84,782.54,784.94,3863.0,386.35,303454.0714,1
1787941800000,784.25,784.98,782.66,783.32,3768.0,376.84,295351.1444,1
1787942700000,783.5,789.37,781.05,789.37,5152.0,515.26,404088.4868,1
1787943600000,789.63,798.03,788.04,796.28,4561.0,456.1,361646.0901,1
1787944500000,796.38,798.0,793.14,796.51,3624.0,362.4,288399.023,1
1787945400000,796.52,799.92,795.87,798.46,2810.0,281.05,224318.2999,1
1787946300000,798.69,799.99,793.51,796.69,3531.0,353.14,281206.7689,1
1787947200000,796.72,800.53,791.87,792.85,3370.0,337.06,268133.4134,1
1787948100000,792.79,795.61,792.54,794.0,1945.0,194.53,154414.9583,1
1787949000000,793.99,796.28,790.5,795.13,3036.0,303.6,240800.756,1
1787949900000,794.82,799.65,794.51,796.55,2462.0,246.2,196245.6301,1
1787950800000,796.65,797.66,793.34,794.16,2366.0,236.69,188179.1339,1
1787951700000,794.16,797.15,792.35,796.92,1971.0,197.19,156661.1176,1
1787952600000,797.09,799.88,795.0,795.37,3024.0,302.42,241450.1335,1
1787953500000,795.37,795.37,790.68,794.18,2211.0,221.19,175426.7344,1
1787954400000,794.14,798.69,790.62,798.51,1931.0,193.16,153315.8625,1
1787955300000,798.99,799.42,795.63,798.46,1930.0,193.03,153955.1939,1
1787956200000,798.6,799.56,796.14,799.56,1452.0,145.26,115912.925,1
1787957100000,799.79,801.94,798.88,801.47,2785.0,278.52,222919.5702,1
1787958000000,801.54,802.0,798.81,801.61,2643.0,264.3,211572.6208,1
1787958900000,801.6,805.96,798.71,804.68,3455.0,345.56,277079.1133,1
1787959800000,804.7,805.1,802.37,803.33,1653.0,165.34,132935.4237,1
1787960700000,803.21,803.25,799.76,800.17,3343.0,334.3,267620.5406,1
1787961600000,800.24,805.96,799.94,804.42,1722.0,172.24,138455.1793,1
1787962500000,804.39,806.86,803.94,806.04,1707.0,170.79,137585.3524,1
1787963400000,805.99,807.0,803.76,803.78,2388.0,238.84,192344.0569,1
1787964300000,803.78,803.86,799.15,799.15,2373.0,237.38,190137.3852,1
1787965200000,799.02,799.29,795.8,797.01,5213.0,521.37,415714.891,1
1787966100000,797.08,806.07,797.08,804.88,2937.0,293.79,235695.5247,1
1787967000000,804.95,806.98,803.93,804.72,3224.0,322.43,259727.3787,1
1787967900000,804.81,806.7,802.99,804.63,1507.0,150.7,121263.8036,1
1787968800000,804.59,806.84,802.15,802.5,2285.0,228.53,183823.1658,1
1787969700000,802.51,803.54,799.12,801.42,2731.0,273.11,218847.9287,1
1787970600000,801.29,803.76,799.69,801.8,1472.0,147.21,117991.96,1
1787971500000,802.05,810.46,801.65,807.81,3166.0,316.68,255350.3169,1
1787972400000,807.88,809.08,806.18,806.57,2963.0,296.33,239246.0209,1
1787973300000,806.59,807.61,805.21,805.37,1844.0,184.45,148757.3234,1
1787974200000,805.46,806.32,803.07,803.63,3124.0,312.44,251223.9068,1
1787975100000,803.65,804.28,798.27,799.0,2365.0,236.56,189581.4258,1
1787976000000,798.45,800.41,793.95,798.28,3167.0,316.73,252583.1207,1
1787976900000,798.28,800.02,797.41,798.48,1803.0,180.34,143970.9414,1
1787977800000,798.51,799.06,794.87,796.11,2604.0,260.49,207440.5677,1
1787978700000,796.11,801.21,795.55,800.3,5453.0,545.34,435469.0139,1
1787979600000,800.29,802.0,798.21,800.74,1819.0,181.97,145603.587,1
1787980500000,800.86,801.12,796.73,799.13,2369.0,236.92,189226.4216,1
1787981400000,799.04,802.89,798.24,801.65,1588.0,158.82,127111.163,1
1787982300000,801.82,802.17,799.48,800.38,1688.0,168.82,135182.9994,1
1787983200000,800.35,800.36,795.0,795.01,3664.0,366.46,292323.5908,1
1787984100000,795.04,796.91,792.01,794.92,3796.0,379.69,301458.1068,1
1787985000000,794.72,796.48,793.63,794.07,2256.0,225.63,179254.947,1
1787985900000,794.09,795.78,793.38,793.89,2117.0,211.71,168316.4562,1
1787986800000,793.95,797.68,793.95,794.6,2136.0,213.65,170044.3807,1
1787987700000,794.58,795.57,793.0,793.01,1981.0,198.12,157311.9277,1
1787988600000,793.04,794.99,791.18,793.03,2758.0,275.88,218755.5526,1
1787989500000,793.03,795.33,792.13,792.55,2421.0,242.17,192110.0217,1
1787990400000,792.37,793.96,790.5,791.99,3152.0,315.24,249446.2886,1
1787991300000,791.72,793.08,790.59,791.89,1294.0,129.42,102461.0403,1
1787992200000,791.72,791.84,789.12,790.66,4246.0,424.67,335483.4627,1
1787993100000,790.55,792.94,789.03,792.55,1697.0,169.72,134278.8556,1
1787994000000,792.65,794.51,790.24,794.18,2445.0,244.59,193790.5938,1
1787994900000,794.22,794.61,792.29,793.13,1891.0,189.12,150077.0616,1
1787995800000,793.23,798.11,792.15,796.89,2068.0,206.82,164549.3111,1
1787996700000,796.82,799.36,795.09,797.38,1432.0,143.24,114175.675,1
1787997600000,797.62,798.66,794.05,798.64,1203.0,120.39,95922.4852,1
1787998500000,798.97,806.21,798.96,805.87,3215.0,321.58,258511.8761,1
1787999400000,805.99,806.0,802.44,803.0,3301.0,330.1,265393.6236,1
1788000300000,803.0,808.91,802.05,804.72,2016.0,201.68,162511.6622,1
1788001200000,804.37,806.8,804.0,806.79,1996.0,199.65,160733.1204,1
1788002100000,807.7,810.0,805.84,806.67,3761.0,376.13,303934.8018,1
1788003000000,806.67,807.99,804.82,805.45,2459.0,245.96,198234.9795,1
1788003900000,805.45,806.47,803.86,804.22,1884.0,188.4,151606.1119,1
1788004800000,804.22,809.92,803.77,809.68,2712.0,271.2,218668.7172,1
1788005700000,809.92,814.74,807.92,808.9,7446.0,744.69,604572.0978,1
1788006600000,809.02,810.87,808.0,808.8,2888.0,288.86,233664.6975,1
1788007500000,808.8,809.29,806.31,806.47,2589.0,258.95,209030.8789,1
1788008400000,806.47,810.4,805.6,810.08,2623.0,262.3,212039.914,1
1788009300000,809.97,811.93,809.95,810.32,2114.0,211.47,171480.6729,1
1788010200000,810.01,810.76,808.0,809.22,2404.0,240.4,194599.9805,1
1788011100000,809.4,811.93,808.65,810.36,1484.0,148.49,120327.1017,1
1788012000000,810.26,813.67,810.01,813.1,3584.0,358.43,291094.4771,1
1788012900000,813.53,816.2,811.22,815.79,6311.0,631.13,514000.1366,1
1788013800000,816.02,822.86,815.0,819.98,7123.0,712.39,583874.4581,1
1788014700000,819.98,849.53,819.81,839.39,15929.0,1592.94,1331642.3739,1
1788015600000,839.39,839.89,832.81,837.58,8622.0,862.23,721358.0837,1
1788016500000,837.11,839.43,834.06,834.99,4354.0,435.43,363994.0169,1
1788017400000,834.94,837.98,833.21,836.25,3814.0,381.49,318804.476,1
1788018300000,835.96,837.16,832.14,834.35,4059.0,405.94,339045.4806,1
1788019200000,834.74,835.63,831.78,835.0,2981.0,298.14,248506.8121,1
1788020100000,835.0,838.78,833.85,835.74,3175.0,317.51,265436.1568,1
1788021000000,835.04,839.0,833.58,838.99,2603.0,260.34,217666.3039,1
1788021900000,839.18,843.07,832.34,834.78,3744.0,374.45,314046.5194,1
1788022800000,834.88,837.58,834.24,836.03,2274.0,227.49,190107.384,1
1788023700000,836.06,836.77,825.37,827.82,3939.0,393.9,327560.0772,1
1788024600000,828.06,835.5,827.24,834.15,3682.0,368.24,306110.1615,1
1788025500000,834.25,837.22,833.81,836.38,2122.0,212.25,177333.4142,1
1788026400000,836.42,837.77,832.89,833.95,3091.0,309.18,258103.515,1
1788027300000,834.01,835.48,830.21,833.92,3231.0,323.19,269357.6473,1
1788028200000,834.04,842.39,832.93,838.3,5101.0,510.17,428031.8499,1
1788029100000,838.54,840.37,833.84,833.84,3002.0,300.25,251626.8224,1
1788030000000,833.87,836.96,833.74,836.84,1828.0,182.89,152871.7124,1
1788030900000,836.88,837.2,834.28,836.55,2532.0,253.26,211707.3151,1
1788031800000,836.5,836.65,829.3,831.4,3801.0,380.12,316302.3521,1
1788032700000,831.22,832.0,829.09,832.0,1958.0,195.87,162730.3929,1
1788033600000,833.0,836.34,832.4,835.28,2037.0,203.76,170060.9857,1
1788034500000,835.44,837.96,833.61,834.35,2980.0,298.04,249178.3056,1
1788035400000,834.35,835.02,832.08,834.66,2150.0,215.0,179223.9702,1
1788036300000,834.66,838.16,833.2,837.61,1809.0,180.98,151344.9767,1
1788037200000,837.68,841.59,836.43,840.01,2545.0,254.56,213651.0512,1
1788038100000,840.01,842.22,838.16,838.17,2454.0,245.41,206025.3226,1
1788039000000,838.18,839.66,836.43,836.63,1777.0,177.77,148918.6299,1
1788039900000,836.69,840.3,836.69,837.68,1285.0,128.52,107797.814,1
1788040800000,837.7,840.85,836.44,836.75,1549.0,154.94,129921.524,1
1788041700000,836.86,838.22,835.3,837.98,1668.0,166.82,139530.9557,1
1788042600000,837.94,840.71,837.77,839.47,1964.0,196.41,164915.8669,1
1788043500000,839.45,841.18,838.55,839.87,1160.0,116.03,97451.3677,1
1788044400000,839.88,843.03,838.12,839.09,2208.0,220.84,185524.1746,1
1788045300000,839.09,840.94,838.01,840.29,1674.0,167.41,140546.4,1
1788046200000,840.62,844.8,840.46,842.08,2393.0,239.31,201584.5302,1
1788047100000,842.21,844.49,841.07,841.23,1761.0,176.17,148461.9226,1
1788048000000,841.31,841.53,837.22,840.16,1751.0,175.15,147062.5016,1
1788048900000,840.26,843.47,838.9,839.97,1931.0,193.11,162365.5503,1
1788049800000,840.15,842.75,834.32,836.35,2511.0,251.19,210618.532,1
1788050700000,836.43,838.67,835.98,836.46,1806.0,180.6,151289.8279,1
1788051600000,836.56,838.69,834.68,835.66,1871.0,187.19,156547.5263,1
1788052500000,835.79,837.91,831.73,831.73,2573.0,257.34,214879.6229,1
1788053400000,831.76,835.0,831.01,831.81,2542.0,254.28,211803.6632,1
1788054300000,831.86,834.88,830.47,831.65,2641.0,264.1,219882.9145,1
1788055200000,831.92,834.75,830.0,830.28,1781.0,178.14,148370.5303,1
1788056100000,830.28,834.14,829.43,832.09,1451.0,145.19,120730.3375,1
1788057000000,832.1,834.66,831.0,832.9,1479.0,147.98,123195.5272,1
1788057900000,832.9,835.32,831.12,831.34,1441.0,144.19,120183.7432,1
1788058800000,831.33,832.98,830.43,832.34,1195.0,119.55,99469.5834,1
1788059700000,832.1,833.34,830.91,833.34,961.0,96.15,79984.1933,1
1788060600000,833.33,834.37,831.59,832.72,1071.0,107.16,89277.5573,1
1788061500000,833.0,833.0,830.72,831.03,1023.0,102.31,85066.7769,1
1788062400000,831.21,832.46,824.71,825.28,3718.0,371.88,308066.1673,1
1788063300000,825.6,828.91,825.6,827.94,1622.0,162.2,134215.8646,1
1788064200000,828.02,828.9,825.66,827.32,1918.0,191.81,158589.1201,1
1788065100000,827.37,829.31,826.59,829.28,1232.0,123.29,102079.4124,1
1788066000000,829.28,831.15,828.41,828.41,2341.0,234.11,194387.1553,1
1788066900000,828.41,828.63,827.67,828.58,996.0,99.65,82530.2207,1
1788067800000,828.58,829.33,828.01,828.25,756.0,75.6,62638.8091,1
1788068700000,828.25,831.15,828.01,831.15,765.0,76.59,63491.6996,1
1788069600000,831.13,832.59,830.2,831.97,1302.0,130.24,108244.2919,1
1788070500000,831.97,834.65,831.45,834.58,2489.0,248.9,207240.0737,1
1788071400000,834.73,839.14,834.73,837.06,2683.0,268.3,224590.4717,1
1788072300000,837.42,838.34,836.31,837.52,1218.0,121.85,102005.1852,1
1788073200000,837.52,837.57,836.32,836.72,1056.0,105.65,88411.4316,1
1788074100000,836.63,839.01,836.07,838.51,1383.0,138.36,115920.5067,1
1788075000000,838.5,838.72,834.13,834.49,1700.0,170.08,142145.0633,1
1788075900000,834.49,837.82,832.93,835.56,2025.0,202.5,169178.2331,1
1788076800000,835.56,836.52,832.86,832.86,1731.0,173.11,144560.5762,1
1788077700000,832.81,834.37,832.61,834.02,1157.0,115.76,96508.9818,1
1788078600000,834.0,834.75,832.3,832.8,1049.0,104.94,87457.1914,1
1788079500000,832.8,835.94,832.13,835.86,1212.0,121.25,101107.9925,1
1788080400000,835.59,838.18,835.06,837.85,1208.0,120.83,101102.8833,1
1788081300000,838.17,838.76,834.39,834.39,1570.0,157.06,131437.7991,1
1788082200000,834.71,836.2,833.12,836.1,1524.0,152.47,127316.3959,1
1788083100000,836.1,836.53,834.02,834.98,1100.0,110.09,91976.4083,1
1788084000000,835.11,837.74,833.72,835.85,1329.0,132.95,111123.4851,1
1788084900000,836.28,838.36,835.33,836.95,2391.0,239.16,200256.8419,1
1788085800000,836.93,839.6,836.47,838.33,1698.0,169.85,142310.7686,1
1788086700000,838.33,841.22,838.1,840.82,1995.0,199.5,167475.4655,1
1788087600000,840.87,841.5,838.95,839.32,1511.0,151.19,127009.3391,1
1788088500000,839.69,839.69,837.74,839.35,2810.0,281.03,235663.5069,1
1788089400000,839.27,841.57,837.96,840.18,1782.0,178.29,149731.357,1
1788090300000,840.14,841.34,836.54,839.91,2023.0,202.34,169784.6882,1
1788091200000,840.11,847.51,838.45,844.63,4881.0,488.13,411271.3614,1
1788092100000,844.46,846.13,841.7,845.54,3031.0,303.14,255716.0412,1
1788093000000,846.04,848.55,843.07,845.58,3461.0,346.16,292635.5253,1
1788093900000,845.88,848.54,843.54,848.28,2655.0,265.56,224611.3932,1
1788094800000,848.19,854.55,843.28,843.46,12322.0,1232.28,1046664.9882,1
1788095700000,843.75,846.14,842.54,843.81,2386.0,238.62,201416.3631,1
1788096600000,843.96,846.15,843.75,845.77,2102.0,210.22,177610.0338,1
1788097500000,845.91,852.34,845.52,851.0,3498.0,349.84,297020.6169,1
1788098400000,850.96,854.36,847.35,852.81,4642.0,464.23,394978.8334,1
1788099300000,852.62,852.78,847.01,850.96,2954.0,295.4,251003.6084,1
1788100200000,850.94,852.15,848.56,849.25,2147.0,214.71,182642.9903,1
1788101100000,848.98,853.09,848.6,849.75,2169.0,216.95,184604.2176,1
1788102000000,849.9,865.0,848.58,853.36,6600.0,660.07,564369.9696,1
1788102900000,853.38,858.17,853.36,857.91,3780.0,378.0,323495.4767,1
1788103800000,857.96,874.61,857.96,866.45,15407.0,1540.73,1339896.7421,1
1788104700000,866.27,868.48,863.86,866.04,4982.0,498.25,431483.1123,1
1788105600000,866.46,870.17,862.99,869.17,9110.0,911.03,788654.4304,1
1788106500000,869.28,876.42,865.62,868.27,5197.0,519.79,451850.0876,1
1788107400000,868.43,875.72,868.37,871.96,4942.0,494.27,430716.89,1
1788108300000,871.88,887.79,871.62,887.79,9084.0,908.41,798287.8712,1
1788109200000,887.79,888.16,876.0,876.52,9119.0,911.99,803350.9343,1
1788110100000,875.94,876.36,865.97,868.77,6463.0,646.37,562645.2872,1
1788111000000,868.59,873.61,868.08,873.45,4768.0,476.8,415520.6003,1
1788111900000,873.79,874.58,870.19,873.02,3843.0,384.33,335221.7058,1
1788112800000,873.2,874.13,865.97,869.59,3227.0,322.78,280883.0827,1
1788113700000,869.59,872.09,866.2,868.86,11027.0,1102.77,956704.3429,1
1788114600000,869.0,873.58,867.8,870.66,98471.0,9847.16,8573455.2288,1
1788115500000,870.72,871.56,868.17,869.26,11814.0,1181.42,1028626.0173,1
1788116400000,869.32,871.5,865.79,870.66,23093.0,2309.34,2007613.3129,1
1788117300000,870.71,871.17,864.52,866.83,12351.0,1235.18,1071922.5919,1
1788118200000,866.82,868.05,860.65,862.23,4921.0,492.11,424994.757,1
1788119100000,862.2,864.21,861.25,864.21,2221.0,222.18,191623.3299,1
1788120000000,864.84,867.0,862.23,865.37,2646.0,264.69,228793.4648,1
1788120900000,865.76,867.78,863.84,863.85,3592.0,359.24,311087.916,1
1788121800000,863.84,863.86,850.87,851.98,5903.0,590.35,505768.4809,1
1788122700000,852.16,856.73,852.16,852.88,4504.0,450.45,384888.871,1
1788123600000,853.3,858.79,844.52,858.61,11245.0,1124.5,959605.847,1
1788124500000,858.76,860.96,856.52,858.23,5638.0,563.81,484395.2183,1
1788125400000,858.35,876.79,858.17,870.1,11356.0,1135.6,989190.543,1
1788126300000,870.1,874.03,868.08,872.78,4365.0,436.5,380229.1529,1
1788127200000,872.66,878.02,870.09,870.44,7014.0,701.44,612913.4103,1
1788128100000,870.44,870.44,859.37,860.96,5540.0,554.09,478860.6587,1
1788129000000,861.06,864.27,858.17,863.1,5143.0,514.32,442773.7091,1
1788129900000,862.93,863.61,858.18,861.37,2823.0,282.37,243040.6268,1
1788130800000,861.21,862.56,859.08,859.19,2288.0,228.81,196885.6656,1
1788131700000,859.22,861.6,842.87,842.87,5017.0,501.75,428695.9871,1
1788132600000,844.4,847.3,830.07,837.95,10835.0,1083.57,909012.4677,1
1788133500000,838.32,838.32,818.9,834.64,16666.0,1666.69,1378512.4068,1
1788134400000,834.14,838.97,828.16,830.47,5790.0,579.06,482706.8487,1
1788135300000,830.63,840.14,829.32,835.12,5170.0,517.07,432611.0825,1
1788136200000,835.01,841.34,834.14,838.14,4726.0,472.66,395974.4481,1
1788137100000,837.97,837.97,833.92,834.68,2803.0,280.35,234256.5573,1
1788138000000,834.63,835.33,825.74,830.53,3378.0,337.84,280663.5178,1
1788138900000,830.64,838.82,828.51,835.71,4797.0,479.73,400583.2705,1
1788139800000,835.51,835.87,830.52,830.52,3096.0,309.61,257745.5923,1
1788140700000,830.53,832.81,821.27,822.55,3742.0,374.29,310128.5016,1
1788141600000,822.49,832.93,820.92,831.35,4081.0,408.17,337272.2525,1
1788142500000,831.21,832.93,826.93,827.5,4011.0,401.1,332465.5811,1
1788143400000,827.49,829.28,823.15,823.15,4873.0,487.35,402808.9524,1
1788144300000,823.21,823.68,806.0,809.27,13786.0,1378.61,1118064.0689,1
1788145200000,809.38,817.31,807.2,816.35,4910.0,491.09,399781.0951,1
1788146100000,816.65,817.31,813.71,816.28,3411.0,341.14,278276.9924,1
1788147000000,815.95,820.92,814.64,820.92,3602.0,360.27,294331.7844,1
1788147900000,820.89,821.37,818.0,819.8,2422.0,242.2,198544.1188,1
1788148800000,820.0,820.25,813.89,817.06,5633.0,563.38,459746.7589,1
1788149700000,817.06,817.65,815.0,815.01,2128.0,212.83,173693.9668,1
1788150600000,815.09,818.75,814.01,818.07,2829.0,282.96,230954.8075,1
1788151500000,818.12,819.83,815.01,819.33,2399.0,239.98,196310.0768,1
1788152400000,818.85,825.34,817.31,823.03,3970.0,397.09,326476.3765,1
1788153300000,822.93,831.0,822.12,827.47,3961.0,396.18,327552.7445,1
1788154200000,827.97,830.49,827.08,828.83,2481.0,248.1,205662.0248,1
1788155100000,828.62,830.51,828.13,828.89,1585.0,158.58,131510.62,1
1788156000000,828.97,832.25,826.96,830.36,3277.0,327.79,271838.7671,1
1788156900000,830.15,833.35,828.73,829.87,2730.0,273.01,226843.4673,1
1788157800000,829.76,829.96,824.52,824.53,3490.0,349.02,288164.3055,1
1788158700000,824.52,825.06,822.14,824.17,2424.0,242.42,199824.2569,1
1788159600000,824.08,826.7,823.32,825.79,1531.0,153.18,126291.7158,1
1788160500000,825.86,828.52,824.9,826.72,2971.0,297.16,245641.8053,1
1788161400000,826.36,826.39,823.32,825.45,3448.0,344.84,284326.4603,1
1788162300000,825.57,825.73,824.79,825.31,8022.0,802.25,661916.6466,1
1788163200000,825.42,831.72,821.81,828.48,4912.0,491.21,406521.682,1
1788164100000,828.43,829.33,825.4,827.87,2103.0,210.33,173956.9936,1
1788165000000,827.84,832.93,827.84,831.58,1899.0,189.99,157720.7068,1
1788165900000,831.58,834.13,831.06,831.86,2580.0,258.01,214885.2937,1
1788166800000,831.91,834.11,828.7,830.01,2683.0,268.3,222938.5397,1
1788167700000,829.69,831.49,827.43,827.55,2172.0,217.27,180317.0773,1
1788168600000,827.65,830.29,827.11,828.47,1827.0,182.77,151429.7647,1
1788169500000,828.63,830.46,826.19,826.66,2226.0,222.64,184291.9128,1
1788170400000,827.02,827.7,822.5,827.67,2448.0,244.8,201986.3341,1
1788171300000,827.46,831.0,823.4,829.32,4155.0,415.51,343343.2219,1
1788172200000,829.32,833.16,828.13,832.94,2326.0,232.64,193215.3217,1
1788173100000,832.81,839.08,831.73,835.01,3277.0,327.71,273699.8089,1
1788174000000,835.01,842.66,834.05,839.5,3254.0,325.48,272577.1796,1
1788174900000,839.39,840.38,837.16,837.64,3835.0,383.51,321682.3636,1
1788175800000,837.7,837.97,835.58,836.51,2478.0,247.88,207392.0321,1
1788176700000,836.82,838.32,835.52,837.45,2947.0,294.77,246633.8095,1
1788177600000,837.63,845.46,836.51,842.41,5428.0,542.83,457105.8091,1
1788178500000,842.25,842.25,833.1,835.68,3760.0,376.06,315084.9835,1
1788179400000,835.67,835.8,821.28,823.77,6764.0,676.42,559832.8757,1
1788180300000,823.96,824.34,820.92,821.64,5156.0,515.63,424088.5692,1
1788181200000,821.83,826.93,820.98,824.26,3409.0,340.96,281052.2791,1
1788182100000,824.21,827.56,822.8,824.15,3939.0,393.97,325063.5745,1
1788183000000,823.28,826.93,820.93,822.13,6550.0,655.03,539759.3916,1
1788183900000,822.12,822.18,817.26,818.5,7595.0,759.53,621885.6478,1
1788184800000,818.48,824.26,817.72,821.11,5354.0,535.47,439982.7755,1
1788185700000,820.88,826.05,820.17,825.72,4241.0,424.16,349288.6609,1
1788186600000,825.77,837.5,823.32,835.35,4827.0,482.77,400529.8724,1
1788187500000,835.33,837.64,828.13,833.39,4797.0,479.73,399709.6098,1
1788188400000,833.55,835.11,829.86,830.55,4198.0,419.86,349472.7533,1
1788189300000,830.55,837.74,829.43,837.67,3531.0,353.16,294255.8771,1
1788190200000,837.57,844.38,835.69,841.52,5835.0,583.5,490208.8572,1
1788191100000,841.55,844.49,839.68,842.26,3856.0,385.68,324757.7781,1
1788192000000,842.34,843.74,838.45,843.29,4179.0,417.94,351797.5047,1
1788192900000,842.97,843.11,837.22,838.14,4371.0,437.19,367534.6293,1
1788193800000,838.16,843.58,837.28,843.23,3234.0,323.45,271570.7876,1
1788194700000,843.51,844.95,838.94,838.94,3287.0,328.74,276556.9472,1
1788195600000,838.95,841.32,837.8,839.61,3071.0,307.18,257803.8777,1
1788196500000,839.74,840.96,830.43,832.92,4937.0,493.72,412944.361,1
1788197400000,832.92,845.0,832.86,842.98,5143.0,514.31,432001.3768,1
1788198300000,843.17,850.96,842.77,849.63,8142.0,814.29,690494.8654,1
1788199200000,849.95,859.75,847.31,859.75,6755.0,675.53,576388.2409,1
1788200100000,859.98,870.23,857.24,860.0,13476.0,1347.64,1164503.509,1
1788201000000,860.15,864.18,855.88,862.0,8483.0,848.37,730033.9455,1
1788201900000,862.05,865.96,859.16,863.62,4636.0,463.68,400095.5917,1
1788202800000,863.62,870.0,863.62,867.13,4298.0,429.89,373018.8697,1
1788203700000,867.11,868.46,860.71,861.84,4945.0,494.54,427331.7893,1
1788204600000,861.99,863.74,857.16,859.98,3249.0,324.97,279666.5979,1
1788205500000,859.96,862.92,856.46,856.61,2909.0,290.94,250078.9355,1
1788206400000,856.6,859.37,856.01,858.08,6953.0,695.34,595936.1423,1
1788207300000,858.07,860.57,851.76,852.88,3762.0,376.26,322018.1289,1
1788208200000,852.97,855.26,851.26,853.74,1958.0,195.84,166990.1613,1
1788209100000,853.89,859.37,853.89,855.49,5044.0,504.47,431689.0981,1
1788210000000,855.51,861.67,852.16,852.33,6637.0,663.7,568285.941,1
1788210900000,852.16,859.36,849.76,858.02,3090.0,309.05,264020.4551,1
1788211800000,858.2,860.0,855.07,857.26,1978.0,197.89,169665.7003,1
1788212700000,857.22,858.17,854.0,854.47,1625.0,162.51,139173.7323,1
1788213600000,854.47,855.02,849.0,849.47,2025.0,202.59,172352.981,1
1788214500000,849.73,850.22,846.15,848.84,3459.0,345.98,293264.0814,1
1788215400000,848.97,850.38,846.16,846.16,1672.0,167.24,141865.0334,1
1788216300000,846.23,848.55,846.23,848.55,1172.0,117.24,99390.7741,1
1788217200000,847.9,848.0,845.22,845.41,1909.0,190.91,161642.6182,1
1788218100000,845.41,848.31,844.95,847.71,1659.0,165.9,140477.314,1
1788219000000,847.68,847.89,846.16,846.66,1045.0,104.5,88509.814,1
1788219900000,846.66,849.18,846.42,847.69,1458.0,145.84,123638.8665,1
1788220800000,847.26,853.8,846.87,853.25,3621.0,362.13,308353.3704,1
1788221700000,852.91,859.16,852.91,856.98,2905.0,290.57,249061.007,1
1788222600000,856.97,858.12,854.06,855.55,2370.0,237.05,202829.9153,1
1788223500000,855.55,859.37,853.98,855.76,2966.0,296.68,254118.6612,1
1788224400000,855.49,859.37,853.36,853.4,4003.0,400.35,343108.9398,1
1788225300000,853.42,855.59,851.29,852.34,2228.0,222.86,190226.0323,1
1788226200000,852.41,856.59,850.55,856.34,2174.0,217.49,185698.8677,1
1788227100000,856.45,856.95,853.36,853.51,1617.0,161.72,138249.9192,1
1788228000000,853.46,853.72,846.15,848.54,3269.0,326.94,277766.685,1
1788228900000,848.55,852.0,847.33,848.04,3195.0,319.54,271505.8969,1
1788229800000,848.25,850.23,847.38,848.71,1587.0,158.74,134737.7092,1
1788230700000,848.94,852.16,848.11,850.76,1385.0,138.56,117826.9122,1
1788231600000,850.75,854.52,850.32,853.4,1851.0,185.13,157865.1493,1
1788232500000,853.33,854.56,850.84,853.87,2268.0,226.81,193447.0644,1
1788233400000,853.9,862.62,853.76,858.5,3922.0,392.2,336977.8419,1
1788234300000,858.18,858.89,855.78,856.54,2112.0,211.22,180999.5506,1
1788235200000,856.74,858.24,855.76,855.76,1549.0,154.96,132794.7438,1
1788236100000,855.79,857.81,852.5,852.94,1922.0,192.26,164321.9321,1
1788237000000,852.94,853.41,849.77,850.5,1575.0,157.54,134222.9657,1
1788237900000,850.5,852.1,847.62,852.1,2486.0,248.64,211370.2676,1
1788238800000,852.13,856.97,852.13,854.83,1850.0,185.01,158157.769,1
1788239700000,854.99,864.11,854.56,859.8,2510.0,251.06,215514.1456,1
1788240600000,860.37,869.66,858.61,864.99,5179.0,517.97,447935.6791,1
1788241500000,865.02,865.38,863.34,864.26,2681.0,268.12,231806.6026,1
1788242400000,864.07,864.07,860.43,862.8,2823.0,282.3,243388.5766,1
1788243300000,862.78,864.32,858.79,861.46,2241.0,224.16,193038.9098,1
1788244200000,861.46,862.46,859.45,860.97,1720.0,172.08,148184.6333,1
1788245100000,861.27,861.38,858.49,858.49,1993.0,199.33,171500.9503,1
1788246000000,858.18,860.41,852.52,854.14,3437.0,343.76,294724.7707,1
1788246900000,854.26,858.0,854.26,855.45,2521.0,252.11,215696.3084,1
1788247800000,855.62,855.94,851.19,853.7,2629.0,262.93,224450.5288,1
1788248700000,853.53,853.9,851.31,851.77,1807.0,180.72,154022.4809,1
1788249600000,851.81,854.51,848.55,848.71,2857.0,285.73,243095.9129,1
1788250500000,848.74,849.93,836.53,837.82,4690.0,469.07,396268.2848,1
1788251400000,837.64,846.15,837.64,844.51,4291.0,429.12,361676.4025,1
1788252300000,844.21,846.85,842.82,844.18,3673.0,367.33,310293.6615,1
1788253200000,844.17,845.05,838.97,839.11,3474.0,347.4,292750.3956,1
1788254100000,838.95,843.03,838.94,841.34,2730.0,273.04,229682.1416,1
1788255000000,841.34,842.54,840.29,842.53,1563.0,156.39,131594.0379,1
1788255900000,842.52,842.53,839.79,840.83,3405.0,340.57,286288.8985,1
1788256800000,840.5,843.49,840.32,841.34,2997.0,299.77,252475.0177,1
1788257700000,841.36,844.5,838.04,842.54,2571.0,257.19,216452.6475,1
1788258600000,842.54,848.55,842.54,845.42,2286.0,228.6,193253.856,1
1788259500000,845.47,846.93,841.47,843.85,2550.0,255.08,215180.9548,1
1788260400000,843.87,843.87,840.32,841.97,1985.0,198.54,167082.9209,1
1788261300000,841.85,846.36,841.7,846.21,2778.0,277.82,234550.9951,1
1788262200000,846.2,861.38,845.0,855.76,6288.0,628.89,537457.9612,1
1788263100000,856.68,864.18,855.94,857.81,4697.0,469.72,403617.5963,1
1788264000000,857.95,858.39,855.76,857.32,3874.0,387.49,332129.5125,1
1788264900000,858.02,861.9,854.9,856.6,3668.0,366.87,314683.2179,1
1788265800000,856.58,857.24,843.74,849.02,5537.0,553.72,470704.3785,1
1788266700000,848.42,850.95,846.67,846.67,3828.0,382.86,325264.3673,1
1788267600000,846.72,848.09,840.89,847.23,7045.0,704.58,595600.8317,1
1788268500000,847.26,848.44,845.21,846.76,2555.0,255.54,216349.4628,1
1788269400000,846.38,849.75,841.34,848.55,5582.0,558.23,471644.7789,1
1788270300000,848.54,859.86,848.53,852.68,8020.0,802.03,684844.8648,1
1788271200000,852.58,863.01,852.04,857.61,7392.0,739.21,633616.3422,1
1788272100000,857.44,859.9,853.75,854.56,7774.0,777.41,665873.5024,1
1788273000000,854.56,857.85,853.75,857.85,3587.0,358.7,306962.122,1
1788273900000,857.79,861.43,853.5,853.65,5809.0,580.9,498500.5894,1
1788274800000,853.63,854.05,844.78,846.69,7576.0,757.65,643061.3532,1
1788275700000,846.69,853.02,845.02,853.02,5244.0,524.44,444897.8423,1
1788276600000,853.02,856.7,851.73,856.25,4019.0,401.92,343626.5868,1
1788277500000,856.75,858.0,853.36,853.36,2627.0,262.77,224852.9649,1
1788278400000,853.51,854.74,846.55,846.59,5982.0,598.28,509493.4425,1
1788279300000,846.53,848.69,833.64,840.39,9744.0,974.49,818556.667,1
1788280200000,840.18,840.78,832.29,834.48,6847.0,684.73,572808.8129,1
1788281100000,834.34,840.75,834.34,837.9,5923.0,592.31,496474.3479,1
1788282000000,837.9,839.48,836.03,836.03,2311.0,231.12,193640.5752,1
1788282900000,835.64,838.9,833.79,836.45,5145.0,514.53,430007.9536,1
1788283800000,836.46,839.75,835.76,836.85,2711.0,271.14,227264.9361,1
1788284700000,836.97,837.67,828.0,828.42,5096.0,509.61,424014.6678,1
1788285600000,829.19,831.69,823.0,825.67,11553.0,1155.32,955842.4303,1
1788286500000,825.22,825.87,819.01,824.05,8486.0,848.63,697903.9279,1
1788287400000,823.99,826.66,818.43,820.72,8024.0,802.41,658863.9976,1
1788288300000,820.3,831.15,819.24,828.69,8881.0,888.16,733938.1121,1
1788289200000,828.89,830.52,825.73,826.44,6172.0,617.28,510903.6847,1
1788290100000,826.14,832.67,825.31,832.0,8699.0,869.91,721776.2559,1
1788291000000,832.01,833.0,828.99,831.16,3500.0,350.09,290867.5624,1
1788291900000,831.22,831.52,828.38,830.5,2942.0,294.27,244259.7069,1
1788292800000,830.5,830.52,825.74,828.95,3924.0,392.47,324619.8094,1
1788293700000,829.33,829.37,823.32,825.18,3974.0,397.47,328304.3954,1
1788294600000,825.32,828.13,822.48,823.32,5405.0,540.58,445978.7571,1
1788295500000,823.56,827.28,822.0,826.49,6884.0,688.44,567748.2902,1
1788296400000,826.72,826.72,819.0,819.97,11012.0,1101.22,903855.1284,1
1788297300000,820.05,824.97,817.52,823.97,5949.0,594.98,488216.4684,1
1788298200000,823.96,823.96,819.31,821.43,3258.0,325.84,267466.1302,1
1788299100000,821.1,824.71,821.1,822.52,2286.0,228.61,188134.3606,1
1788300000000,822.38,825.42,822.07,824.82,3970.0,397.04,327386.7057,1
1788300900000,824.73,825.0,823.32,823.32,1463.0,146.35,120609.9051,1
1788301800000,823.32,826.32,823.32,825.47,1777.0,177.71,146540.5634,1
1788302700000,825.62,828.95,825.62,826.98,1953.0,195.32,161649.8108,1
1788303600000,827.15,829.43,826.93,826.93,3987.0,398.78,330113.4311,1
1788304500000,826.93,828.5,825.23,828.5,1792.0,179.29,148183.1926,1
1788305400000,828.28,831.3,828.27,830.44,3482.0,348.25,288882.7613,1
1788306300000,830.58,831.75,829.32,829.6,1657.0,165.7,137579.9528,1
1788307200000,829.97,833.23,829.92,832.15,2109.0,210.93,175431.667,1
1788308100000,832.14,833.78,830.27,830.27,2515.0,251.51,209189.6794,1
1788309000000,830.31,830.89,825.44,825.87,2548.0,254.82,210944.3934,1
1788309900000,826.03,830.89,826.02,829.89,2643.0,264.31,219012.4724,1
1788310800000,829.87,831.58,826.33,829.88,2625.0,262.51,217546.8908,1
1788311700000,829.33,830.27,825.99,826.02,1769.0,176.93,146556.0984,1
1788312600000,826.08,827.64,822.5,822.52,3545.0,354.5,292314.3096,1
1788313500000,822.5,823.13,818.55,821.25,14908.0,1490.82,1222936.5519,1
1788314400000,821.18,826.23,818.51,824.62,5399.0,539.96,443862.7676,1
1788315300000,824.52,832.9,824.52,832.9,5192.0,519.27,430165.339,1
1788316200000,832.84,833.33,830.28,831.09,2551.0,255.17,212197.6547,1
1788317100000,830.79,833.09,830.61,832.36,1498.0,149.89,124779.6857,1
1788318000000,832.3,838.78,832.19,836.96,4779.0,477.93,399778.3259,1
1788318900000,837.32,841.69,836.01,838.48,4103.0,410.38,344141.9974,1
1788319800000,838.48,840.14,836.64,839.91,2343.0,234.31,196463.0008,1
1788320700000,839.98,841.34,838.35,839.4,2211.0,221.17,185742.8641,1
1788321600000,839.6,839.6,831.96,833.94,3513.0,351.38,293304.2905,1
1788322500000,833.9,836.06,831.96,835.15,2228.0,222.84,185957.5828,1
1788323400000,835.29,837.74,834.92,837.47,1645.0,164.53,137666.6715,1
1788324300000,837.5,838.94,836.85,837.61,2216.0,221.65,185704.9456,1
1788325200000,837.83,839.1,836.07,839.07,1307.0,130.7,109395.9746,1
1788326100000,838.4,841.34,838.4,839.25,2524.0,252.41,211959.8582,1
1788327000000,839.23,839.7,835.51,837.08,2919.0,291.92,244352.9955,1
1788327900000,837.21,838.16,835.33,835.33,1484.0,148.47,124239.4435,1
1788328800000,835.41,836.02,831.75,832.34,3169.0,316.94,264289.7054,1
1788329700000,832.42,836.26,829.32,834.32,2397.0,239.78,199714.1244,1
1788330600000,834.23,838.16,832.94,836.95,2544.0,254.43,212463.6084,1
1788331500000,836.99,838.16,834.22,835.64,1147.0,114.71,95922.2313,1
1788332400000,835.7,838.94,835.18,838.94,1900.0,190.0,159163.3475,1
1788333300000,838.94,838.94,834.67,834.84,1914.0,191.42,160151.6595,1
1788334200000,834.84,836.24,834.41,834.41,1383.0,138.35,115578.4074,1
1788335100000,834.22,835.96,832.81,833.7,1495.0,149.56,124767.131,1
1788336000000,833.82,834.13,830.52,830.53,1942.0,194.23,161663.9433,1
1788336900000,830.53,832.71,830.52,830.53,1813.0,181.39,150787.4511,1
1788337800000,830.52,830.53,822.37,822.7,4904.0,490.4,405227.0764,1
1788338700000,822.4,824.44,817.91,820.74,5015.0,501.51,412040.0455,1
1788339600000,820.48,827.66,820.48,824.52,3081.0,308.13,254334.0239,1
1788340500000,824.54,824.86,819.14,823.09,3001.0,300.14,246853.6847,1
1788341400000,823.23,823.31,802.98,806.58,11551.0,1155.14,937429.2478,1
1788342300000,806.64,810.1,805.6,810.01,4908.0,490.85,396649.9038,1
1788343200000,810.0,810.03,802.91,804.4,6136.0,613.68,493914.6003,1
1788344100000,804.45,806.0,803.36,804.26,2360.0,236.05,190044.4893,1
1788345000000,804.18,806.23,803.0,805.62,2597.0,259.75,209005.6289,1
1788345900000,805.36,805.92,793.4,801.67,8992.0,899.21,717742.9753,1
1788346800000,801.31,801.31,792.6,794.7,3898.0,389.82,310368.4615,1
1788347700000,794.64,795.05,788.9,790.17,6060.0,606.07,479455.0867,1
1788348600000,790.31,794.32,790.08,793.48,4666.0,466.62,369641.1159,1
1788349500000,793.49,798.69,792.85,798.58,3986.0,398.69,317478.3948,1
1788350400000,798.69,800.23,793.43,794.16,14537.0,1453.7,1159767.7949,1
1788351300000,793.76,804.17,793.43,802.88,3539.0,353.93,283425.4371,1
1788352200000,802.88,803.54,798.15,800.14,2644.0,264.43,211650.2271,1
1788353100000,800.09,800.09,793.7,794.72,2960.0,296.09,235750.0529,1
1788354000000,794.76,800.49,794.76,798.22,6298.0,629.83,503235.3947,1
1788354900000,798.28,802.94,798.22,800.84,2655.0,265.52,212454.1151,1
1788355800000,800.85,815.78,798.22,814.63,9764.0,976.46,787685.7178,1
1788356700000,815.14,818.0,807.0,809.0,7006.0,700.65,568247.2851,1
1788357600000,809.0,813.0,808.0,812.5,4522.0,452.23,366615.7562,1
1788358500000,812.49,816.59,809.69,815.71,4904.0,490.45,398620.9899,1
1788359400000,815.75,817.04,809.39,816.56,7817.0,781.72,635784.6489,1
1788360300000,816.86,817.5,811.85,812.05,3324.0,332.44,271073.2093,1
1788361200000,812.07,814.48,805.4,806.54,4326.0,432.67,350259.0006,1
1788362100000,806.59,812.98,806.59,811.79,6416.0,641.64,519544.4894,1
1788363000000,811.85,817.11,810.54,815.9,3671.0,367.14,299163.3837,1
1788363900000,815.87,815.9,812.0,814.47,2620.0,262.02,213222.8713,1
1788364800000,814.47,817.0,812.5,816.97,2267.0,226.73,184693.188,1
1788365700000,816.99,821.2,815.0,816.99,4720.0,472.0,386296.5812,1
1788366600000,816.97,818.31,813.16,813.18,2910.0,291.01,237430.2755,1
1788367500000,813.19,816.0,811.85,812.71,2477.0,247.78,201629.0377,1
1788368400000,812.75,813.35,806.67,807.29,3868.0,386.87,313303.1888,1
1788369300000,807.15,808.9,804.64,807.88,6928.0,692.89,558178.7581,1
1788370200000,807.88,811.9,807.36,811.9,2355.0,235.52,190568.3972,1
1788371100000,811.88,813.71,811.62,813.01,2274.0,227.41,184809.5471,1
1788372000000,813.03,813.71,811.51,813.16,5198.0,519.83,422588.592,1
1788372900000,813.15,814.0,810.53,810.66,2652.0,265.21,215364.4152,1
1788373800000,810.67,812.13,810.1,811.48,1705.0,170.57,138319.5141,1
1788374700000,811.63,813.46,811.11,812.42,1933.0,193.39,157102.7619,1
1788375600000,812.23,813.0,810.34,812.24,2117.0,211.74,171834.0296,1
1788376500000,812.4,812.86,807.27,807.27,1665.0,166.58,134985.822,1
1788377400000,807.07,810.12,806.0,810.12,2153.0,215.37,173943.3366,1
1788378300000,810.53,812.41,808.57,812.21,2204.0,220.48,178507.0855,1
1788379200000,812.34,818.42,811.0,812.92,2897.0,289.75,236134.3497,1
1788380100000,812.14,815.79,808.73,813.09,2182.0,218.25,177293.8142,1
1788381000000,812.93,815.0,812.01,812.1,1996.0,199.63,162428.693,1
1788381900000,812.01,814.72,810.1,813.54,2941.0,294.11,239257.3816,1
1788382800000,813.54,813.71,811.23,813.22,1334.0,133.44,108438.0553,1
1788383700000,813.47,813.66,811.3,811.4,1476.0,147.67,119935.7853,1
1788384600000,811.39,818.24,810.1,817.02,2073.0,207.35,168662.4984,1
1788385500000,817.02,817.05,813.03,814.0,1636.0,163.69,133318.9436,1
1788386400000,814.03,814.06,810.53,811.19,1594.0,159.45,129433.673,1
1788387300000,811.08,811.85,810.01,811.49,1429.0,142.9,115880.1718,1
1788388200000,811.77,812.0,810.11,811.04,1196.0,119.66,97071.2351,1
1788389100000,811.03,811.85,809.21,809.3,1761.0,176.15,142796.7742,1
1788390000000,809.23,815.0,808.96,814.97,1837.0,183.7,149273.8773,1
1788390900000,815.0,815.0,812.36,813.41,1159.0,115.9,94244.184,1
1788391800000,813.4,814.0,810.98,811.12,1206.0,120.6,97947.092,1
1788392700000,811.2,816.0,810.93,815.31,1251.0,125.16,101836.4833,1
1788393600000,815.18,816.9,813.0,813.01,2234.0,223.43,182081.0614,1
1788394500000,813.06,813.06,810.1,810.29,1902.0,190.2,154294.0057,1
1788395400000,810.14,811.65,806.53,809.87,1990.0,199.02,161003.7178,1
1788396300000,809.96,810.53,809.0,809.01,1568.0,156.85,127004.3604,1
1788397200000,809.0,816.8,806.0,816.59,2749.0,274.94,223312.6833,1
1788398100000,816.63,818.43,815.79,818.29,2660.0,266.02,217337.6464,1
1788399000000,818.43,822.5,816.11,817.32,5178.0,517.87,424331.3792,1
1788399900000,817.31,817.31,813.27,814.54,2590.0,259.04,211228.4201,1
1788400800000,814.66,818.43,814.0,818.41,2052.0,205.29,167451.9215,1
1788401700000,818.42,821.06,818.04,820.34,2540.0,254.08,208318.1935,1
1788402600000,820.12,827.41,819.74,824.26,4755.0,475.51,392176.9958,1
1788403500000,823.91,825.93,823.26,824.65,2741.0,274.11,226127.1532,1
1788404400000,824.56,824.56,819.99,822.59,2886.0,288.66,237156.3273,1
1788405300000,822.35,823.44,819.0,819.02,2386.0,238.65,196126.2714,1
1788406200000,819.01,820.79,817.12,817.25,1974.0,197.44,161648.3128,1
1788407100000,817.22,819.71,817.11,818.81,1525.0,152.54,124846.8544,1
1788408000000,818.9,822.12,818.51,818.51,1674.0,167.42,137387.2985,1
1788408900000,818.51,818.54,815.79,817.29,1674.0,167.44,136790.2579,1
1788409800000,817.29,818.09,816.01,816.01,1208.0,120.86,98728.1483,1
1788410700000,816.0,824.36,816.0,823.39,2019.0,201.98,165828.7943,1
1788411600000,823.54,824.53,821.06,821.91,2009.0,200.94,165377.376,1
1788412500000,821.95,821.95,812.78,815.0,2970.0,297.0,242448.6627,1
1788413400000,814.96,822.37,814.94,822.36,2675.0,267.57,219382.1282,1
1788414300000,822.36,828.56,821.6,826.96,3790.0,379.05,312947.5678,1
1788415200000,826.93,829.58,825.57,829.26,2931.0,293.16,242784.5729,1
1788416100000,829.24,833.77,829.19,830.52,2895.0,289.53,240621.4317,1
1788417000000,830.52,832.9,829.34,832.9,2284.0,228.49,189813.9477,1
1788417900000,832.9,832.9,830.52,830.74,1923.0,192.37,159962.6709,1
1788418800000,830.58,836.53,830.53,833.38,3331.0,333.12,277798.6243,1
1788419700000,833.41,834.03,829.32,829.96,2000.0,200.09,166420.8412,1
1788420600000,830.03,833.92,828.74,831.58,2974.0,297.45,247011.1225,1
1788421500000,831.6,831.78,825.73,826.96,2431.0,243.1,201369.199,1
1788422400000,827.14,832.6,827.14,830.2,3167.0,316.7,263043.2078,1
1788423300000,829.99,830.51,827.64,829.2,2395.0,239.53,198572.8351,1
1788424200000,829.33,830.03,827.67,827.8,1825.0,182.56,151304.2707,1
1788425100000,827.96,829.33,826.51,828.04,1477.0,147.72,122258.0963,1
1788426000000,828.13,831.99,827.75,830.62,1873.0,187.35,155436.6146,1
1788426900000,830.7,831.58,828.95,828.95,1749.0,174.9,145171.8681,1
1788427800000,828.95,830.27,827.67,829.6,1879.0,187.92,155757.2967,1
1788428700000,829.85,830.52,827.75,829.18,2319.0,231.95,192310.0509,1
1788429600000,828.53,831.58,828.18,829.39,2285.0,228.51,189737.5499,1
1788430500000,829.44,833.48,829.32,830.02,3674.0,367.4,305598.3471,1
1788431400000,829.89,831.29,827.05,828.05,2555.0,255.57,211779.4639,1
1788432300000,827.99,832.82,827.99,832.54,2495.0,249.56,207295.6125,1
1788433200000,832.77,835.73,831.2,835.3,2411.0,241.11,200983.411,1
1788434100000,835.46,844.45,835.4,844.02,6777.0,677.74,569222.0854,1
1788435000000,844.22,846.95,841.67,843.89,6930.0,693.03,585097.7455,1
1788435900000,844.25,845.4,841.32,845.2,4681.0,468.18,394967.9372,1
1788436800000,845.32,846.14,842.12,844.74,5177.0,517.77,437323.5996,1
1788437700000,844.73,847.49,841.38,841.46,6841.0,684.18,578082.5943,1
1788438600000,841.98,849.2,841.98,843.6,3926.0,392.61,331634.523,1
1788439500000,843.66,847.85,842.54,846.22,3297.0,329.76,278652.529,1
1788440400000,846.34,847.45,843.75,847.2,4368.0,436.88,369536.8138,1
1788441300000,847.32,849.0,845.22,849.0,2671.0,267.13,226305.0632,1
1788442200000,849.0,858.34,848.45,857.51,14751.0,1475.19,1260876.4599,1
1788443100000,857.68,858.32,853.17,855.76,5243.0,524.38,448366.7214,1
1788444000000,855.51,863.0,854.1,862.9,7194.0,719.41,618063.6387,1
1788444900000,862.92,864.68,859.37,862.77,8777.0,877.78,756559.7347,1
1788445800000,862.62,864.95,857.61,858.42,6617.0,661.71,569395.5362,1
1788446700000,858.31,874.25,858.31,872.34,10088.0,1008.82,872207.4777,1
1788447600000,872.15,876.62,865.76,871.47,9914.0,991.47,864030.5825,1
1788448500000,871.5,916.5,871.0,914.87,30741.0,3074.19,2761271.8237,1
1788449400000,914.85,929.5,910.61,925.08,15625.0,1562.59,1442825.0196,1
1788450300000,925.19,967.25,918.08,954.82,30355.0,3035.54,2849170.1021,1
1788451200000,955.17,958.35,935.49,946.36,17030.0,1703.03,1611727.167,1
1788452100000,946.16,946.16,932.52,937.38,41748.0,4174.87,3911774.7497,1
1788453000000,937.66,943.11,935.4,941.21,15477.0,1547.7,1456332.1494,1
1788453900000,941.21,949.57,939.3,941.29,39352.0,3935.28,3708700.9093,1
1788454800000,942.21,949.01,937.78,947.49,76449.0,7644.95,7231875.0712,1
1788455700000,946.7,950.26,940.39,944.91,55342.0,5534.23,5224690.3067,1
1788456600000,945.13,953.68,942.68,948.34,17163.0,1716.38,1626001.8766,1
1788457500000,948.42,952.84,946.24,947.97,5465.0,546.52,518748.3967,1
1788458400000,947.77,955.39,946.53,954.53,5168.0,516.88,491486.4474,1
1788459300000,954.15,966.28,952.77,958.36,10898.0,1089.82,1045440.8765,1
1788460200000,958.41,965.24,956.84,958.93,9324.0,932.49,895535.5556,1
1788461100000,959.12,964.39,955.99,964.34,25250.0,2525.01,2421567.6327,1
1788462000000,964.04,973.35,959.52,960.88,23371.0,2337.1,2251231.3939,1
1788462900000,960.88,977.06,960.8,967.59,29992.0,2999.23,2901034.9985,1
1788463800000,967.37,979.24,963.83,976.08,20623.0,2062.31,2013570.7728,1
1788464700000,975.98,976.54,965.0,966.21,18786.0,1878.66,1816738.7222,1
1788465600000,966.33,970.94,958.14,964.85,30224.0,3022.4,2922358.2578,1
1788466500000,965.17,968.54,960.0,965.14,7100.0,710.03,684908.6869,1
1788467400000,965.91,966.21,956.61,958.93,8163.0,816.35,783975.1332,1
1788468300000,959.35,961.37,955.0,955.7,4967.0,496.72,475489.7243,1
1788469200000,955.76,961.87,955.76,961.49,6020.0,602.02,576992.3636,1
1788470100000,961.09,962.6,956.27,961.54,4898.0,489.89,469852.6165,1
1788471000000,961.65,969.26,954.15,954.45,7828.0,782.83,754073.5955,1
1788471900000,954.45,954.45,946.92,950.04,6076.0,607.69,577083.0556,1
1788472800000,949.74,951.67,944.55,947.86,6094.0,609.43,577223.2712,1
1788473700000,948.03,948.6,937.41,938.78,5841.0,584.17,551295.7177,1
1788474600000,938.71,948.32,937.71,946.6,7407.0,740.74,698984.2578,1
1788475500000,946.52,952.67,945.22,952.15,5078.0,507.88,481700.0844,1
1788476400000,952.34,953.54,944.34,945.17,4156.0,415.67,394289.7424,1
1788477300000,944.84,950.88,944.84,950.71,2614.0,261.47,247937.9185,1
1788478200000,950.89,954.33,948.15,950.04,2440.0,244.08,232144.0035,1
1788479100000,949.66,952.98,949.23,952.2,2612.0,261.21,248544.2009,1
1788480000000,951.77,953.14,944.34,945.98,3056.0,305.67,290112.4795,1
1788480900000,946.22,947.33,942.0,942.95,3526.0,352.6,333020.5042,1
1788481800000,943.4,951.33,943.12,945.47,2860.0,286.03,270793.9972,1
1788482700000,945.78,946.12,938.29,938.6,4309.0,430.95,405472.2796,1
1788483600000,939.29,942.89,937.62,938.07,4165.0,416.57,391958.5345,1
1788484500000,938.07,942.65,937.59,938.95,3264.0,326.47,306881.5382,1
1788485400000,938.9,939.76,932.68,934.99,6546.0,654.6,612835.096,1
1788486300000,934.8,942.66,933.99,940.06,5272.0,527.29,494982.1465,1
1788487200000,940.19,941.58,937.59,939.25,3097.0,309.76,291077.4502,1
1788488100000,939.25,942.64,937.06,937.83,2898.0,289.82,272210.8086,1
1788489000000,938.0,939.27,935.4,936.13,2180.0,218.02,204328.4629,1
1788489900000,936.02,939.43,934.02,939.01,2382.0,238.27,223139.2351,1
1788490800000,938.93,950.93,938.93,947.32,7717.0,771.76,731054.8935,1
1788491700000,947.33,948.23,942.92,944.81,4044.0,404.48,382298.3056,1
1788492600000,944.99,947.71,942.65,947.71,3048.0,304.86,288146.2485,1
1788493500000,947.71,947.71,944.95,944.95,1892.0,189.25,179090.0125,1
1788494400000,945.05,950.0,945.02,950.0,2450.0,245.0,232075.2484,1
1788495300000,949.85,955.0,947.72,954.18,4243.0,424.36,403755.307,1
1788496200000,953.91,954.43,948.66,948.89,4469.0,446.97,424921.2052,1
1788497100000,948.71,950.43,947.34,947.9,1935.0,193.58,183618.5933,1
1788498000000,947.5,951.73,944.76,950.24,3155.0,315.58,299045.7427,1
1788498900000,950.61,958.01,949.79,954.47,4892.0,489.22,466730.9245,1
1788499800000,954.47,957.14,951.71,956.82,3100.0,310.05,295945.2603,1
1788500700000,956.83,961.14,952.37,956.41,3201.0,320.16,305968.8328,1
1788501600000,956.47,957.15,953.36,955.55,2103.0,210.31,200816.1963,1
1788502500000,955.25,956.85,949.49,949.82,2322.0,232.25,221200.3942,1
1788503400000,949.77,954.77,948.0,954.77,2299.0,229.92,218699.5588,1
1788504300000,954.36,959.68,952.83,957.67,3039.0,303.97,290644.8863,1
1788505200000,957.53,973.36,957.53,969.05,10181.0,1018.15,984811.0709,1
1788506100000,969.04,976.48,967.49,972.27,6680.0,668.09,650001.1589,1
1788507000000,972.29,976.75,964.6,969.73,7425.0,742.55,721140.6104,1
1788507900000,969.69,973.33,964.74,966.87,4486.0,448.68,434425.3004,1
1788508800000,967.21,971.68,966.16,969.38,3606.0,360.63,349484.1552,1
1788509700000,969.59,970.0,965.31,967.02,2903.0,290.38,281055.9825,1
1788510600000,967.2,973.59,966.12,971.22,3483.0,348.34,337766.8587,1
1788511500000,970.96,1028.35,968.51,1021.87,33279.0,3327.91,3352352.94,1
1788512400000,1022.8,1025.58,1005.0,1009.17,22419.0,2241.9,2274201.8684,1
1788513300000,1009.0,1014.55,1000.56,1004.77,6134.0,613.4,618069.8738,1
1788514200000,1004.76,1006.8,996.14,1001.44,5417.0,541.7,543026.8848,1
1788515100000,1001.82,1007.2,1000.56,1003.36,5580.0,558.05,560420.7401,1
1788516000000,1003.37,1004.3,996.5,997.88,4634.0,463.43,463049.4439,1
1788516900000,997.93,998.12,988.0,994.78,5628.0,562.8,558786.5407,1
1788517800000,994.63,1003.87,992.17,1000.64,4128.0,412.85,411872.7496,1
1788518700000,1000.61,1005.55,1000.58,1002.97,4932.0,493.25,494388.1906,1
1788519600000,1002.79,1003.7,997.77,1001.25,4908.0,490.87,491406.3507,1
1788520500000,1001.29,1004.76,1000.32,1003.98,3434.0,343.49,344487.8917,1
1788521400000,1003.75,1011.72,1002.36,1008.37,6828.0,682.85,688233.0211,1
1788522300000,1008.07,1013.69,1007.9,1009.71,3381.0,338.11,341530.6263,1
1788523200000,1009.74,1011.51,1006.7,1008.95,3760.0,376.03,379395.3771,1
1788524100000,1008.92,1019.76,1005.57,1017.06,3773.0,377.3,381064.401,1
1788525000000,1015.95,1015.95,970.14,981.72,29217.0,2921.74,2886194.4484,1
1788525900000,981.01,992.17,979.4,986.35,12825.0,1282.56,1263055.7949,1
1788526800000,985.75,991.0,963.0,968.4,12076.0,1207.65,1181827.6278,1
1788527700000,968.1,979.07,965.63,975.54,7334.0,733.46,715014.0475,1
1788528600000,975.72,991.01,967.0,987.87,8094.0,809.4,793732.189,1
1788529500000,988.04,1002.32,986.58,986.67,13799.0,1379.95,1373388.8356,1
1788530400000,987.03,991.65,971.71,979.5,9200.0,920.04,903429.6655,1
1788531300000,979.48,987.97,973.4,983.76,13013.0,1301.39,1278614.0857,1
1788532200000,983.78,986.23,967.0,969.07,7964.0,796.41,779290.1762,1
1788533100000,968.7,976.79,967.0,973.92,7591.0,759.14,737574.995,1
1788534000000,973.91,987.2,971.19,986.49,9294.0,929.48,910448.3888,1
1788534900000,986.68,987.93,980.84,982.11,6355.0,635.56,625299.2703,1
1788535800000,982.22,985.71,975.39,984.86,8025.0,802.53,787513.2333,1
1788536700000,985.17,986.42,980.75,986.2,3492.0,349.28,343784.8765,1
1788537600000,986.2,998.17,984.74,990.87,6052.0,605.24,599457.0693,1
1788538500000,990.95,1002.96,990.95,1001.26,5483.0,548.34,547028.8444,1
1788539400000,1001.79,1027.5,1001.32,1019.81,15047.0,1504.71,1530353.1834,1
1788540300000,1020.0,1046.82,1017.69,1032.84,15334.0,1533.45,1586327.757,1
1788541200000,1033.4,1050.03,1032.74,1037.14,16358.0,1635.8,1702456.5949,1
1788542100000,1037.93,1037.93,1010.04,1019.19,15453.0,1545.3,1584467.761,1
1788543000000,1019.0,1025.88,1010.88,1014.02,11430.0,1143.04,1161623.5166,1
1788543900000,1013.66,1013.73,997.17,1007.09,29905.0,2990.55,3002683.9568,1
1788544800000,1007.07,1017.25,1007.07,1010.06,7160.0,716.08,725354.126,1
1788545700000,1009.72,1018.67,1009.72,1017.89,3702.0,370.24,375884.1449,1
1788546600000,1017.86,1029.0,1017.25,1027.24,6107.0,610.75,626222.6749,1
1788547500000,1027.21,1028.66,1024.02,1024.51,2632.0,263.2,269929.9361,1
1788548400000,1024.92,1028.92,1020.69,1025.13,3102.0,310.26,317929.029,1
1788549300000,1025.23,1038.46,1024.74,1034.71,6345.0,634.57,654870.2454,1
1788550200000,1034.37,1036.56,1030.64,1034.79,10832.0,1083.22,1120276.297,1
1788551100000,1034.66,1040.33,1032.84,1038.48,11332.0,1133.26,1174459.789,1
1788552000000,1038.58,1041.91,1035.46,1036.01,4897.0,489.77,508510.479,1
1788552900000,1035.54,1037.92,1030.24,1033.88,3584.0,358.45,370704.0871,1
1788553800000,1033.9,1039.75,1029.5,1032.59,5344.0,534.49,552431.9678,1
1788554700000,1032.35,1034.09,1020.65,1022.84,5550.0,555.08,569927.2654,1
1788555600000,1022.69,1026.72,1021.51,1021.98,2878.0,287.89,295057.3384,1
1788556500000,1021.65,1030.58,1019.54,1020.82,4812.0,481.29,492654.0753,1
1788557400000,1020.74,1021.7,1015.56,1018.86,3340.0,334.05,340476.8227,1
1788558300000,1018.86,1020.73,1013.7,1016.7,5648.0,564.86,574467.3546,1
1788559200000,1016.69,1021.9,1011.67,1016.89,4287.0,428.76,435405.9033,1
1788560100000,1016.8,1024.2,1016.45,1021.71,4511.0,451.19,460558.7666,1
1788561000000,1021.72,1023.73,1019.55,1019.86,1608.0,160.88,164339.5073,1
1788561900000,1020.17,1027.17,1020.06,1022.34,2188.0,218.8,224002.7796,1
1788562800000,1022.15,1030.0,1021.45,1026.57,2508.0,250.89,257549.6066,1
1788563700000,1026.89,1032.9,1025.0,1025.71,3590.0,359.02,369929.4234,1
1788564600000,1026.3,1029.0,1016.41,1026.93,4827.0,482.7,494321.8268,1
1788565500000,1026.77,1028.45,1023.0,1023.02,1965.0,196.57,201423.8508,1
1788566400000,1023.0,1025.0,1018.3,1021.19,3292.0,329.23,336153.958,1
1788567300000,1020.58,1020.94,1014.63,1017.48,3375.0,337.57,343458.2064,1
1788568200000,1017.4,1024.92,1016.66,1021.64,4981.0,498.11,507861.2737,1
1788569100000,1021.51,1024.7,1016.43,1017.87,4931.0,493.17,503543.5138,1
1788570000000,1018.01,1022.04,1015.0,1017.87,2133.0,213.39,217349.723,1
1788570900000,1017.65,1019.39,1014.75,1017.82,3030.0,303.09,308161.5155,1
1788571800000,1017.85,1019.76,1016.01,1018.89,3620.0,362.04,368627.9105,1
1788572700000,1019.24,1019.24,1011.88,1011.94,3466.0,346.6,351970.5206,1
1788573600000,1011.98,1016.99,1009.73,1014.79,3961.0,396.16,401255.6666,1
1788574500000,1014.64,1019.5,1014.51,1018.34,2588.0,258.89,263567.7789,1
1788575400000,1018.51,1026.95,1018.44,1026.68,4546.0,454.62,465451.6638,1
1788576300000,1026.78,1029.0,1024.55,1029.0,3399.0,339.9,349121.2664,1
1788577200000,1028.98,1035.19,1022.68,1025.32,3574.0,357.45,367671.7581,1
1788578100000,1025.87,1031.94,1022.8,1029.24,3255.0,325.56,334338.6027,1
1788579000000,1029.45,1029.8,1024.84,1028.69,2264.0,226.45,232578.2875,1
1788579900000,1028.36,1028.43,1023.18,1023.81,1789.0,178.92,183413.0522,1
1788580800000,1024.24,1027.52,1022.45,1024.34,1741.0,174.1,178409.1378,1
1788581700000,1024.27,1025.22,1022.7,1023.41,1808.0,180.81,185203.5013,1
1788582600000,1023.41,1024.04,1016.73,1017.89,3200.0,320.09,326391.4849,1
1788583500000,1017.97,1019.74,1013.56,1015.31,3588.0,358.88,365080.5813,1
1788584400000,1015.41,1021.87,1010.31,1021.14,2980.0,298.02,302835.9816,1
1788585300000,1020.97,1022.2,1017.44,1021.89,2123.0,212.37,216538.7645,1
1788586200000,1021.94,1025.0,1019.48,1019.87,2587.0,258.71,264702.2754,1
1788587100000,1019.56,1019.99,1014.54,1015.12,1800.0,180.08,183196.5487,1
1788588000000,1015.48,1018.93,1011.81,1014.01,4226.0,422.62,428447.9912,1
1788588900000,1013.84,1015.21,1011.55,1013.52,1581.0,158.14,160281.8265,1
1788589800000,1013.68,1018.78,1013.28,1014.76,1488.0,148.81,151205.076,1
1788590700000,1014.75,1017.25,1012.45,1015.36,1335.0,133.58,135722.3647,1
1788591600000,1015.28,1017.85,1006.39,1006.8,2921.0,292.1,295426.0081,1
1788592500000,1007.05,1012.24,1006.94,1009.73,2843.0,284.34,287179.6257,1
1788593400000,1009.73,1012.45,1006.84,1008.26,3580.0,358.04,361074.2037,1
1788594300000,1008.59,1011.58,1001.0,1001.51,3523.0,352.36,354063.5299,1
1788595200000,1001.54,1007.3,997.73,1005.38,6073.0,607.34,608429.2724,1
1788596100000,1005.46,1007.75,1003.01,1006.31,2257.0,225.73,226959.505,1
1788597000000,1006.41,1006.45,1000.41,1003.74,1751.0,175.12,175828.2116,1
1788597900000,1003.88,1005.43,1001.05,1004.5,1889.0,188.95,189575.4856,1
1788598800000,1004.53,1011.42,1004.43,1009.73,2788.0,278.82,281290.2281,1
1788599700000,1009.83,1009.83,1005.46,1008.38,1827.0,182.74,184229.7388,1
1788600600000,1008.66,1011.93,1006.14,1010.17,2005.0,200.54,202403.9479,1
1788601500000,1010.09,1011.78,1006.65,1009.19,1603.0,160.35,161809.2442,1
1788602400000,1009.18,1011.65,1007.64,1008.7,1605.0,160.53,162048.1212,1
1788603300000,1008.81,1012.15,1007.32,1012.07,1929.0,192.93,194700.8429,1
1788604200000,1011.97,1014.42,1010.12,1010.79,5962.0,596.25,603585.8072,1
1788605100000,1010.61,1012.28,1009.4,1009.54,2025.0,202.57,204868.0888,1
1788606000000,1009.81,1009.94,1003.98,1006.17,2047.0,204.78,206327.5986,1
1788606900000,1006.02,1009.3,1004.19,1008.97,2895.0,289.53,291783.6441,1
1788607800000,1009.01,1011.2,1007.23,1008.08,1417.0,141.75,143049.2917,1
1788608700000,1007.97,1014.03,1007.32,1013.95,4779.0,477.94,482529.6071,1
1788609600000,1013.87,1018.33,1012.35,1012.9,2912.0,291.22,295387.9288,1
1788610500000,1012.61,1013.7,1010.0,1010.0,2202.0,220.27,222826.352,1
1788611400000,1010.0,1016.72,1007.37,1012.03,3623.0,362.34,367067.0544,1
1788612300000,1012.0,1014.09,1008.52,1013.39,3061.0,306.1,309642.4654,1
1788613200000,1013.45,1014.74,1011.31,1013.97,2473.0,247.3,250479.039,1
1788614100000,1014.09,1021.99,1013.59,1015.91,4074.0,407.44,414651.4351,1
1788615000000,1015.76,1019.85,1013.46,1015.03,3099.0,309.92,314771.0035,1
1788615900000,1015.0,1017.7,1010.94,1013.59,3861.0,386.15,391527.1289,1
1788616800000,1012.94,1015.41,1011.24,1011.6,4707.0,470.74,477122.9254,1
1788617700000,1012.08,1013.31,1008.57,1011.4,3502.0,350.21,353856.2334,1
1788618600000,1011.61,1017.76,1011.61,1013.0,3879.0,387.96,393857.7255,1
1788619500000,1013.15,1016.28,1012.28,1012.86,2408.0,240.85,244383.3725,1
1788620400000,1012.9,1019.01,1012.9,1018.23,2753.0,275.33,279719.8522,1
1788621300000,1018.49,1021.48,1016.04,1016.74,4732.0,473.27,482032.9629,1
1788622200000,1016.96,1018.01,1013.72,1017.64,2296.0,229.64,233345.8618,1
1788623100000,1016.9,1017.96,1014.21,1014.8,3118.0,311.86,316555.3524,1
1788624000000,1014.98,1026.37,1014.33,1023.63,4623.0,462.34,472285.4477,1
1788624900000,1023.77,1025.0,1020.6,1021.57,2747.0,274.79,280994.5427,1
1788625800000,1021.57,1026.21,1020.7,1021.52,4692.0,469.2,480201.6166,1
1788626700000,1021.43,1042.49,1019.18,1034.58,5790.0,579.07,596674.7139,1
1788627600000,1034.31,1038.85,1033.53,1035.17,4728.0,472.82,489697.3497,1
1788628500000,1035.09,1035.35,1022.57,1026.83,4262.0,426.28,438128.542,1
1788629400000,1026.78,1032.01,1024.78,1028.75,6261.0,626.12,643874.8527,1
1788630300000,1028.8,1030.25,1025.29,1028.44,4788.0,478.82,492171.7608,1
1788631200000,1028.94,1031.9,1025.84,1029.48,2609.0,260.99,268530.942,1
1788632100000,1029.75,1034.72,1026.0,1026.17,2948.0,294.83,303952.3703,1
1788633000000,1026.22,1028.24,1022.32,1024.75,3287.0,328.73,336960.7524,1
1788633900000,1025.03,1027.39,1022.53,1023.94,1936.0,193.63,198425.5809,1
1788634800000,1023.73,1027.31,1017.0,1021.39,4308.0,430.8,440571.4899,1
1788635700000,1021.46,1024.9,1020.29,1020.32,2592.0,259.2,265069.9938,1
1788636600000,1020.32,1022.03,1011.34,1015.64,4931.0,493.1,500939.5532,1
1788637500000,1015.74,1017.26,1012.0,1014.5,4224.0,422.43,428653.3679,1
1788638400000,1014.52,1014.67,1007.91,1010.12,3657.0,365.77,369906.187,1
1788639300000,1010.14,1012.01,1006.08,1007.49,3018.0,301.82,304663.5343,1
1788640200000,1007.81,1011.72,1003.94,1010.66,3290.0,329.0,331453.084,1
1788641100000,1010.61,1012.0,1007.51,1008.11,1472.0,147.24,148665.9579,1
1788642000000,1008.02,1014.66,1007.36,1013.19,2868.0,286.8,289954.4814,1
1788642900000,1013.13,1013.69,1011.41,1011.41,1892.0,189.29,191633.1195,1
1788643800000,1011.5,1016.11,1010.18,1014.56,2010.0,201.03,203609.4722,1
1788644700000,1014.53,1017.25,1012.98,1015.05,1650.0,165.01,167568.5999,1
1788645600000,1015.55,1019.15,1013.3,1018.72,2119.0,211.96,215374.6962,1
1788646500000,1018.61,1019.3,1015.0,1016.62,5486.0,548.65,558058.9793,1
1788647400000,1016.94,1019.14,1016.94,1018.18,1057.0,105.7,107584.0871,1
1788648300000,1017.93,1021.34,1017.26,1018.63,1410.0,141.0,143731.3868,1
1788649200000,1018.52,1022.18,1017.27,1017.4,1238.0,123.88,126340.9975,1
1788650100000,1017.41,1024.16,1017.24,1023.14,2309.0,230.99,236017.8445,1
1788651000000,1023.14,1026.9,1021.11,1022.53,1685.0,168.53,172486.8193,1
1788651900000,1022.49,1026.43,1022.49,1025.36,1760.0,176.04,180444.4357,1
1788652800000,1025.47,1027.51,1022.85,1026.64,2000.0,200.04,205116.5454,1
1788653700000,1026.64,1037.86,1026.08,1033.68,5486.0,548.66,566917.3481,1
1788654600000,1033.44,1034.61,1029.22,1032.18,2830.0,283.02,292045.2994,1
1788655500000,1031.73,1032.18,1028.05,1029.4,2184.0,218.41,225102.1143,1
1788656400000,1029.66,1085.49,1029.66,1076.58,20847.0,2084.74,2224607.3874,1
1788657300000,1077.32,1080.0,1069.61,1070.72,30003.0,3000.3,3221925.3107,1
1788658200000,1071.26,1076.17,1066.29,1067.92,5874.0,587.42,628710.6746,1
1788659100000,1068.39,1071.65,1061.23,1061.85,5502.0,550.24,586495.4262,1
1788660000000,1061.98,1071.58,1061.49,1065.15,5669.0,566.95,603825.9122,1
1788660900000,1065.0,1068.24,1062.88,1063.74,2516.0,251.65,268055.7859,1
1788661800000,1064.0,1067.33,1062.0,1063.15,2063.0,206.36,219570.7727,1
1788662700000,1063.15,1067.0,1062.0,1065.02,2103.0,210.3,223931.911,1
1788663600000,1065.0,1067.0,1062.4,1064.55,1867.0,186.74,198809.6664,1
1788664500000,1065.15,1071.46,1063.11,1063.95,3133.0,313.34,334459.4088,1
1788665400000,1064.26,1071.02,1063.05,1069.56,2535.0,253.52,270134.2386,1
1788666300000,1069.76,1076.8,1068.61,1072.85,3660.0,366.09,392389.118,1
1788667200000,1072.96,1075.41,1071.02,1073.43,2737.0,273.77,293717.282,1
1788668100000,1073.43,1075.4,1065.0,1068.02,5712.0,571.21,610481.2607,1
1788669000000,1067.76,1131.51,1067.56,1112.94,13815.0,1381.58,1517983.4929,1
1788669900000,1113.05,1175.0,1111.9,1139.35,19769.0,1976.99,2261654.9924,1
1788670800000,1139.98,1158.11,1133.5,1148.75,10019.0,1001.95,1148336.5882,1
1788671700000,1149.0,1156.79,1147.5,1154.52,10269.0,1026.91,1183022.059,1
1788672600000,1154.56,1194.29,1151.01,1181.56,10698.0,1069.87,1256197.6879,1
1788673500000,1181.53,1181.87,1158.44,1167.51,7978.0,797.87,933994.9512,1
1788674400000,1167.86,1174.21,1156.7,1172.23,10599.0,1059.96,1233968.1325,1
1788675300000,1172.68,1174.58,1164.82,1169.97,4942.0,494.26,578166.814,1
1788676200000,1170.24,1176.75,1166.69,1174.24,7380.0,738.09,864178.0568,1
1788677100000,1174.25,1182.0,1171.54,1178.63,9230.0,923.06,1086360.1061,1
1788678000000,1178.79,1179.96,1156.62,1164.75,8479.0,847.98,990452.0211,1
1788678900000,1164.81,1169.98,1159.88,1161.67,6960.0,696.05,810261.1489,1
1788679800000,1161.68,1165.68,1151.66,1156.73,7239.0,723.95,838520.3873,1
1788680700000,1156.7,1164.25,1154.6,1162.62,5448.0,544.8,632824.8983,1
1788681600000,1162.71,1176.06,1161.13,1170.73,6566.0,656.62,767525.9876,1
1788682500000,1170.85,1174.68,1161.01,1163.95,4025.0,402.58,469934.2813,1
1788683400000,1164.74,1174.94,1163.0,1168.18,3579.0,357.99,417923.2301,1
1788684300000,1168.23,1173.11,1163.33,1171.81,3589.0,358.96,419579.3627,1
1788685200000,1171.75,1222.53,1167.02,1192.42,12482.0,1248.25,1491268.4339,1
1788686100000,1192.04,1214.42,1187.03,1198.38,11829.0,1182.99,1413251.8909,1
1788687000000,1198.08,1198.39,1180.71,1183.17,10291.0,1029.18,1220705.9336,1
1788687900000,1182.55,1186.81,1180.03,1182.58,4521.0,452.14,534988.884,1
1788688800000,1182.7,1188.18,1180.83,1182.54,3805.0,380.55,450356.7935,1
1788689700000,1182.84,1187.58,1182.15,1185.01,3412.0,341.2,404282.6174,1
1788690600000,1184.56,1188.59,1179.91,1183.79,3410.0,341.03,403790.3628,1
1788691500000,1183.55,1190.88,1182.19,1186.24,4137.0,413.73,491105.6594,1
1788692400000,1186.27,1188.71,1183.9,1187.19,4220.0,422.02,500781.7456,1
1788693300000,1187.24,1187.24,1159.15,1172.01,8799.0,879.99,1031830.0171,1
1788694200000,1172.31,1175.72,1164.16,1174.22,9672.0,967.2,1132146.7696,1
1788695100000,1173.39,1190.28,1172.44,1183.77,7674.0,767.4,909958.161,1
1788696000000,1183.94,1184.68,1169.37,1171.55,7628.0,762.84,895991.797,1
1788696900000,1171.5,1181.6,1170.84,1177.05,4598.0,459.83,540408.0568,1
1788697800000,1177.23,1177.37,1166.67,1166.67,6245.0,624.57,732587.3759,1
1788698700000,1166.69,1171.65,1166.29,1171.01,3926.0,392.68,459032.8398,1
1788699600000,1170.93,1184.2,1168.62,1181.65,5121.0,512.17,603314.1735,1
1788700500000,1181.78,1206.77,1178.39,1182.34,11859.0,1185.99,1414518.0551,1
1788701400000,1182.74,1191.73,1181.39,1184.99,6321.0,632.1,749552.5493,1
1788702300000,1184.99,1186.94,1179.23,1182.49,6960.0,696.03,822924.5964,1
1788703200000,1182.1,1185.49,1172.38,1177.01,7068.0,706.81,832057.905,1
1788704100000,1177.13,1179.44,1143.5,1155.51,15640.0,1564.08,1817853.1618,1
1788705000000,1155.08,1162.74,1126.09,1159.41,20968.0,2096.89,2405947.3035,1
1788705900000,1159.3,1169.14,1151.19,1161.89,8724.0,872.4,1012237.221,1
1788706800000,1162.05,1162.74,1152.48,1160.37,7478.0,747.87,864773.8377,1
1788707700000,1160.58,1164.41,1156.24,1163.74,4857.0,485.78,563650.9427,1
1788708600000,1163.92,1168.87,1160.71,1164.3,4126.0,412.61,480371.7339,1
1788709500000,1164.06,1173.68,1163.41,1167.41,4346.0,434.61,507683.7389,1
1788710400000,1167.5,1177.7,1165.23,1175.0,7636.0,763.65,894717.0659,1
1788711300000,1175.31,1178.76,1172.02,1177.89,4300.0,430.04,505187.1139,1
1788712200000,1177.75,1184.45,1169.04,1178.76,8553.0,855.36,1008221.7608,1
1788713100000,1178.3,1181.99,1177.0,1181.8,5757.0,575.79,678764.294,1
1788714000000,1181.8,1193.22,1180.02,1184.94,9603.0,960.31,1138341.3711,1
1788714900000,1184.82,1205.52,1184.05,1186.73,12280.0,1228.04,1462551.5476,1
1788715800000,1186.71,1241.36,1186.71,1223.63,23618.0,2361.86,2873332.7997,1
1788716700000,1224.58,1225.37,1197.59,1206.23,13912.0,1391.23,1684616.1287,1
1788717600000,1206.99,1220.0,1202.34,1216.69,10652.0,1065.28,1290880.1736,1
1788718500000,1217.04,1233.86,1213.42,1221.54,13167.0,1316.79,1613648.6853,1
1788719400000,1222.71,1235.7,1216.47,1228.76,9112.0,911.26,1115844.4623,1
1788720300000,1228.99,1233.56,1220.55,1225.25,8201.0,820.15,1005598.0929,1
1788721200000,1226.04,1227.88,1215.63,1218.22,8095.0,809.51,988632.6091,1
1788722100000,1219.2,1224.27,1207.44,1222.71,9520.0,952.03,1156121.6367,1
1788723000000,1222.03,1223.57,1214.4,1215.74,4729.0,472.97,576601.5963,1
1788723900000,1215.61,1219.65,1212.47,1214.0,22119.0,2211.9,2687490.5231,1
1788724800000,1213.99,1219.8,1211.5,1217.91,3765.0,376.58,457428.2491,1
1788725700000,1217.91,1222.41,1212.47,1215.94,9579.0,957.96,1165118.9481,1
1788726600000,1216.02,1219.84,1212.53,1219.77,7015.0,701.5,852286.3689,1
1788727500000,1219.44,1227.24,1213.92,1222.96,11381.0,1138.18,1392812.7667,1
1788728400000,1223.08,1230.58,1216.1,1224.74,12615.0,1261.52,1543450.6089,1
1788729300000,1225.23,1237.06,1223.28,1236.51,8112.0,811.26,996947.1472,1
1788730200000,1236.51,1250.0,1225.35,1239.09,12380.0,1238.0,1533433.2838,1
1788731100000,1237.96,1256.58,1237.91,1245.38,9125.0,912.56,1137283.2483,1
1788732000000,1245.89,1245.89,1214.23,1218.21,27426.0,2742.69,3358499.5067,1
1788732900000,1218.33,1225.07,1211.64,1216.16,9455.0,945.5,1152576.6884,1
1788733800000,1216.81,1226.77,1216.28,1222.93,5590.0,559.01,683556.2632,1
1788734700000,1223.53,1231.59,1220.17,1229.64,6526.0,652.66,800383.1616,1
1788735600000,1229.4,1243.79,1227.06,1239.4,7738.0,773.82,956666.9916,1
1788736500000,1237.61,1237.61,1225.67,1226.85,3772.0,377.26,464125.5154,1
1788737400000,1226.96,1228.78,1222.19,1226.9,4276.0,427.66,524102.7744,1
1788738300000,1227.02,1231.8,1225.0,1226.8,4418.0,441.83,542384.9559,1
1788739200000,1226.69,1229.53,1219.48,1220.29,3940.0,394.08,482567.7788,1
1788740100000,1219.92,1223.21,1215.83,1215.83,4083.0,408.34,497861.8835,1
1788741000000,1216.28,1217.87,1191.96,1199.39,9198.0,919.84,1109548.5063,1
1788741900000,1199.39,1201.86,1188.03,1195.0,6993.0,699.3,835837.7028,1
1788742800000,1195.0,1195.68,1175.92,1185.13,9272.0,927.21,1099582.413,1
1788743700000,1185.18,1189.28,1179.03,1188.92,5437.0,543.76,644141.667,1
1788744600000,1188.66,1189.62,1180.74,1181.55,3810.0,381.01,451584.6496,1
1788745500000,1181.97,1184.94,1173.1,1183.09,4079.0,407.91,481731.7084,1
1788746400000,1183.05,1188.0,1180.88,1187.24,13580.0,1358.09,1611604.2042,1
1788747300000,1187.2,1187.24,1183.41,1184.61,2684.0,268.45,318284.7056,1
1788748200000,1184.39,1198.24,1179.0,1195.94,5416.0,541.67,644878.8859,1
1788749100000,1195.94,1196.03,1186.44,1189.98,3535.0,353.59,421038.872,1
1788750000000,1189.91,1192.86,1182.8,1191.84,2880.0,288.01,342558.0019,1
1788750900000,1191.35,1194.8,1185.96,1187.42,2849.0,284.92,339329.8006,1
1788751800000,1187.77,1191.2,1183.81,1188.93,2562.0,256.27,304223.3331,1
1788752700000,1189.92,1194.13,1186.9,1190.76,3105.0,310.56,369915.5581,1
1788753600000,1190.78,1194.04,1184.18,1188.7,3060.0,306.09,363918.4355,1
1788754500000,1188.62,1194.54,1187.68,1193.3,2864.0,286.45,341264.8032,1
1788755400000,1193.44,1197.72,1188.77,1191.1,6111.0,611.16,728471.1664,1
1788756300000,1191.08,1194.22,1190.0,1193.17,1973.0,197.32,235244.7841,1
1788757200000,1192.61,1222.46,1191.6,1214.28,6498.0,649.81,787349.1904,1
1788758100000,1213.39,1218.28,1205.95,1208.28,4312.0,431.22,522441.0965,1
1788759000000,1207.26,1212.47,1205.58,1209.23,2842.0,284.23,343640.0871,1
1788759900000,1209.05,1210.61,1188.45,1198.14,4935.0,493.57,591735.3853,1
1788760800000,1198.28,1216.34,1195.46,1211.75,5397.0,539.78,650762.3415,1
1788761700000,1212.13,1216.05,1208.75,1210.8,3627.0,362.77,439951.5346,1
1788762600000,1210.88,1215.0,1209.21,1210.01,2604.0,260.42,315673.0142,1
1788763500000,1210.19,1213.11,1203.47,1208.64,2341.0,234.13,283049.4722,1
1788764400000,1208.77,1209.81,1203.16,1203.43,2418.0,241.86,291589.9822,1
1788765300000,1203.62,1205.04,1191.16,1191.49,3440.0,344.05,412629.7348,1
1788766200000,1192.29,1195.08,1170.34,1181.9,10917.0,1091.71,1289191.2955,1
1788767100000,1182.81,1187.0,1179.46,1186.33,4347.0,434.79,514636.5202,1
1788768000000,1186.36,1187.2,1176.75,1178.13,3674.0,367.45,434554.8731,1
1788768900000,1178.81,1183.91,1175.66,1180.29,3197.0,319.78,377441.4329,1
1788769800000,1179.88,1182.71,1174.75,1181.7,3397.0,339.76,400459.0788,1
1788770700000,1181.63,1184.66,1178.3,1182.22,2953.0,295.37,348961.958,1
1788771600000,1182.21,1189.99,1178.44,1187.35,4218.0,421.82,499839.8596,1
1788772500000,1187.04,1190.27,1185.62,1190.03,2820.0,282.09,335024.3146,1
1788773400000,1189.67,1190.68,1184.6,1187.2,2829.0,282.96,336246.7442,1
1788774300000,1187.15,1190.38,1184.73,1186.31,2659.0,265.92,315832.8473,1
1788775200000,1186.29,1190.28,1186.22,1188.96,2179.0,217.9,259039.3132,1
1788776100000,1188.98,1203.92,1188.71,1199.97,5957.0,595.75,713719.7167,1
1788777000000,1200.27,1209.91,1199.78,1206.82,4998.0,499.8,601833.3377,1
1788777900000,1206.7,1210.45,1203.24,1204.75,3128.0,312.8,377421.8827,1
1788778800000,1205.14,1206.0,1189.63,1198.34,4098.0,409.83,491641.8646,1
1788779700000,1198.39,1200.45,1194.83,1199.04,2221.0,222.14,266147.9472,1
1788780600000,1198.53,1199.0,1194.54,1194.86,1990.0,199.05,238194.4263,1
1788781500000,1194.75,1196.08,1191.18,1192.92,3154.0,315.45,376496.9229,1
1788782400000,1192.99,1195.86,1191.64,1193.49,2784.0,278.41,332315.7655,1
1788783300000,1193.76,1196.49,1191.88,1195.62,2865.0,286.54,342127.093,1
1788784200000,1195.6,1198.96,1188.0,1193.46,4914.0,491.4,586594.1849,1
1788785100000,1193.44,1200.64,1192.47,1196.87,2935.0,293.5,351175.5508,1
1788786000000,1196.88,1196.88,1188.05,1192.31,3279.0,327.91,390991.4098,1
1788786900000,1192.99,1193.55,1182.54,1188.83,6877.0,687.73,815652.5824,1
1788787800000,1188.93,1190.45,1178.07,1181.88,5265.0,526.51,622734.6453,1
1788788700000,1181.66,1185.96,1179.73,1184.2,4222.0,422.23,499220.8833,1
1788789600000,1183.91,1184.19,1162.0,1173.74,12089.0,1208.94,1418346.6744,1
1788790500000,1173.59,1181.32,1172.38,1178.84,16598.0,1659.83,1952260.6666,1
1788791400000,1178.72,1178.82,1165.97,1169.3,11803.0,1180.38,1380849.031,1
1788792300000,1169.37,1175.44,1168.96,1175.44,7753.0,775.31,909737.8626,1
1788793200000,1175.5,1175.5,1155.68,1160.1,25371.0,2537.19,2955783.8307,1
1788794100000,1160.0,1165.28,1156.05,1159.6,6074.0,607.47,705270.4753,1
1788795000000,1159.44,1161.86,1151.48,1158.01,20781.0,2078.13,2400305.1291,1
1788795900000,1158.0,1160.03,1141.9,1146.27,18916.0,1891.69,2182731.6146,1
1788796800000,1146.23,1156.61,1146.09,1153.17,50170.0,5017.07,5783562.4242,1
1788797700000,1153.09,1154.15,1146.25,1146.47,5036.0,503.62,579402.4718,1
1788798600000,1146.73,1162.48,1145.8,1157.22,14914.0,1491.46,1721902.3754,1
1788799500000,1157.09,1162.44,1154.95,1159.09,3862.0,386.27,447501.8759,1
1788800400000,1158.98,1170.0,1156.79,1168.84,15191.0,1519.11,1763568.9392,1
1788801300000,1168.41,1172.33,1166.0,1169.95,15866.0,1586.61,1855432.9794,1
1788802200000,1169.62,1170.73,1166.21,1169.2,4489.0,448.94,524571.1584,1
1788803100000,1169.2,1171.21,1164.09,1167.9,2863.0,286.34,334503.0308,1
1788804000000,1167.85,1169.0,1152.24,1159.19,9729.0,972.92,1128957.1335,1
1788804900000,1159.5,1161.25,1157.89,1159.11,2742.0,274.23,317941.786,1
1788805800000,1159.11,1159.24,1153.53,1154.21,2677.0,267.75,309639.1412,1
1788806700000,1154.21,1160.04,1154.21,1156.75,2114.0,211.46,244774.9217,1
1788807600000,1156.21,1156.5,1151.77,1153.63,2768.0,276.86,319429.0051,1
1788808500000,1153.4,1157.95,1152.6,1157.95,2363.0,236.37,272952.1352,1
1788809400000,1158.06,1165.0,1157.14,1163.66,4030.0,403.07,468463.7974,1
1788810300000,1163.79,1164.86,1161.7,1163.89,2141.0,214.17,249103.4677,1
1788811200000,1164.23,1164.25,1154.0,1154.69,2631.0,263.14,304893.1966,1
1788812100000,1154.98,1159.21,1154.33,1155.42,1875.0,187.51,216782.9478,1
1788813000000,1155.47,1158.68,1153.22,1153.42,4750.0,475.07,548982.9292,1
1788813900000,1153.26,1155.61,1151.5,1154.68,1688.0,168.81,194769.1386,1
1788814800000,1154.68,1158.86,1154.68,1158.86,2165.0,216.58,250516.6004,1
1788815700000,1158.94,1159.43,1155.55,1159.0,5734.0,573.4,664332.3473,1
1788816600000,1159.0,1159.3,1147.91,1153.99,3848.0,384.86,443273.599,1
1788817500000,1153.99,1154.53,1150.98,1151.77,761.0,76.19,87887.1531,1
1788818400000,1151.8,1157.9,1146.13,1150.1,3166.0,316.69,364511.0833,1
1788819300000,1150.04,1153.38,1145.52,1146.92,7515.0,751.58,863016.613,1
1788820200000,1146.68,1148.57,1104.48,1121.67,15428.0,1542.8,1739543.5994,1
1788821100000,1121.9,1132.26,1118.06,1128.95,5439.0,543.96,612758.3941,1
1788822000000,1129.13,1142.24,1128.47,1138.73,4895.0,489.55,556352.9283,1
1788822900000,1138.8,1139.77,1130.41,1134.43,3356.0,335.67,380709.3964,1
1788823800000,1134.86,1139.71,1132.35,1139.3,5705.0,570.54,647335.6284,1
1788824700000,1139.18,1142.3,1136.54,1139.28,2905.0,290.57,331237.3591,1
1788825600000,1139.58,1142.5,1136.29,1139.66,3038.0,303.81,346169.7768,1
1788826500000,1139.66,1142.48,1133.87,1134.61,3085.0,308.59,350901.9612,1
1788827400000,1134.72,1143.0,1131.25,1135.75,2903.0,290.34,330175.6128,1
1788828300000,1135.62,1139.89,1135.45,1137.8,2143.0,214.37,243929.6523,1
1788829200000,1137.68,1141.81,1133.24,1140.88,2947.0,294.77,335246.7132,1
1788830100000,1140.88,1147.42,1135.42,1145.25,3523.0,352.3,402115.7275,1
1788831000000,1144.14,1147.07,1141.0,1143.48,4414.0,441.44,505467.4318,1
1788831900000,1143.16,1164.99,1140.45,1154.15,4092.0,409.26,471351.8138,1
1788832800000,1153.67,1154.25,1145.93,1148.33,4212.0,421.27,484566.8154,1
1788833700000,1148.31,1151.84,1136.49,1140.7,5566.0,556.67,639358.8201,1
1788834600000,1140.32,1141.84,1131.0,1131.38,3163.0,316.35,359432.1464,1
1788835500000,1131.98,1134.53,1129.06,1130.04,3369.0,336.95,381158.4075,1
1788836400000,1130.0,1133.02,1125.49,1126.45,4528.0,452.85,511406.4693,1
1788837300000,1126.56,1130.57,1124.13,1126.49,4135.0,413.54,466426.9243,1
1788838200000,1126.65,1133.69,1126.61,1130.78,2796.0,279.65,316384.7968,1
1788839100000,1131.05,1134.75,1127.62,1134.19,2077.0,207.78,235051.0781,1
1788840000000,1134.19,1134.56,1123.5,1126.26,3576.0,357.63,403715.4626,1
1788840900000,1126.37,1129.72,1115.73,1128.35,3238.0,323.83,364531.4656,1
1788841800000,1127.83,1131.47,1125.14,1128.18,2266.0,226.64,255783.8043,1
1788842700000,1127.85,1128.01,1121.85,1123.19,2665.0,266.54,299581.5067,1
1788843600000,1123.43,1128.78,1121.45,1127.33,3088.0,308.82,347650.362,1
1788844500000,1127.39,1141.71,1126.75,1135.72,3649.0,364.98,413371.0743,1
1788845400000,1135.53,1137.11,1128.6,1130.29,5453.0,545.33,616793.8629,1
1788846300000,1130.38,1132.62,1125.87,1127.46,2369.0,236.91,267386.6812,1
1788847200000,1127.74,1139.15,1125.65,1132.99,17105.0,1710.56,1932389.4719,1
1788848100000,1132.86,1134.5,1128.28,1130.28,2624.0,262.46,296851.0701,1
1788849000000,1130.13,1131.14,1126.65,1129.8,2328.0,232.81,262767.0547,1
1788849900000,1129.61,1131.99,1124.53,1128.85,2384.0,238.43,269010.4847,1
1788850800000,1128.97,1128.97,1122.8,1122.87,2414.0,241.47,271805.8973,1
1788851700000,1123.08,1127.51,1118.67,1123.6,2827.0,282.77,317682.9209,1
1788852600000,1124.15,1129.68,1121.23,1121.23,2656.0,265.65,298975.36,1
1788853500000,1121.25,1124.67,1115.48,1123.89,4753.0,475.35,532575.5982,1
1788854400000,1123.7,1127.66,1119.37,1126.46,2947.0,294.73,330989.1987,1
1788855300000,1126.64,1128.27,1120.09,1125.2,2475.0,247.52,278222.7654,1
1788856200000,1125.28,1138.0,1124.37,1133.0,27558.0,2755.82,3126429.8977,1
1788857100000,1133.0,1135.81,1129.68,1130.51,5545.0,554.51,627754.2945,1
1788858000000,1130.54,1132.29,1125.3,1131.17,1960.0,196.09,221443.9958,1
1788858900000,1131.17,1134.69,1130.27,1130.75,4312.0,431.26,488583.3318,1
1788859800000,1130.4,1141.59,1127.28,1140.75,3894.0,389.49,442809.9112,1
1788860700000,1140.35,1160.0,1139.43,1150.05,14298.0,1429.83,1641780.0721,1
1788861600000,1150.13,1153.54,1140.75,1151.89,5364.0,536.48,615038.8605,1
1788862500000,1151.43,1160.0,1149.21,1154.53,4791.0,479.11,553309.0753,1
1788863400000,1154.45,1155.1,1144.0,1148.14,4558.0,455.8,523554.2702,1
1788864300000,1148.04,1149.36,1145.94,1147.06,2089.0,208.91,239746.5953,1
1788865200000,1147.33,1153.55,1145.54,1152.6,4772.0,477.2,549041.5271,1
1788866100000,1152.93,1161.59,1149.08,1152.84,10241.0,1024.13,1184036.395,1
1788867000000,1152.71,1173.19,1150.28,1167.88,5238.0,523.84,607422.2827,1
1788867900000,1167.89,1167.98,1152.76,1157.54,4736.0,473.61,548122.0931,1
1788868800000,1156.87,1157.05,1149.33,1150.01,4593.0,459.36,529296.117,1
1788869700000,1150.12,1163.32,1150.12,1160.62,5863.0,586.38,680187.1847,1
1788870600000,1160.65,1160.65,1153.11,1153.12,2630.0,263.06,304210.1629,1
1788871500000,1153.25,1162.87,1153.25,1159.75,3058.0,305.88,354614.1955,1
1788872400000,1159.85,1160.45,1155.11,1157.12,2392.0,239.2,276980.2714,1
1788873300000,1157.12,1161.0,1154.62,1157.34,2393.0,239.35,276973.7959,1
1788874200000,1158.31,1158.59,1130.08,1138.32,11819.0,1181.91,1351547.7213,1
1788875100000,1138.95,1156.99,1138.72,1153.38,6767.0,676.73,776596.3506,1
1788876000000,1152.89,1165.19,1151.17,1162.03,6252.0,625.28,724969.3683,1
1788876900000,1162.16,1165.19,1155.81,1162.74,4538.0,453.87,526873.2046,1
1788877800000,1163.7,1178.67,1163.27,1176.46,6468.0,646.85,757538.3986,1
1788878700000,1176.08,1188.8,1170.41,1173.33,9140.0,914.07,1077386.7167,1
1788879600000,1173.04,1182.57,1170.51,1180.4,5616.0,561.69,660842.8357,1
1788880500000,1180.71,1185.11,1175.0,1175.66,4985.0,498.56,587859.1612,1
1788881400000,1175.11,1185.0,1171.79,1182.0,4004.0,400.41,471445.1138,1
1788882300000,1182.64,1187.63,1178.87,1182.41,5024.0,502.44,594281.929,1
1788883200000,1182.34,1185.96,1176.5,1179.7,4298.0,429.84,507612.555,1
1788884100000,1179.77,1193.81,1175.0,1187.56,6452.0,645.23,764695.4397,1
1788885000000,1188.43,1211.04,1188.43,1205.62,8493.0,849.34,1020502.4449,1
1788885900000,1205.42,1205.92,1187.28,1193.63,5195.0,519.56,620810.1647,1
1788886800000,1192.87,1193.44,1179.61,1185.0,10489.0,1048.97,1241500.5171,1
1788887700000,1185.0,1188.31,1176.49,1180.7,5159.0,515.99,610236.4626,1
1788888600000,1180.78,1185.69,1174.17,1174.83,6901.0,690.14,815104.5526,1
1788889500000,1174.69,1179.02,1174.64,1175.16,3045.0,304.5,358216.7147,1
1788890400000,1175.16,1182.23,1175.12,1180.59,3359.0,335.98,395889.1642,1
1788891300000,1180.43,1181.65,1167.42,1168.51,9018.0,901.84,1059969.2006,1
1788892200000,1168.97,1173.16,1166.0,1169.12,6136.0,613.66,717393.9723,1
1788893100000,1169.39,1170.33,1157.94,1160.48,5339.0,533.99,620650.157,1
1788894000000,1159.95,1162.04,1156.79,1157.02,3315.0,331.54,384170.6452,1
1788894900000,1157.01,1157.44,1150.0,1150.97,4159.0,415.99,480052.7846,1
1788895800000,1151.96,1157.42,1149.2,1153.61,3054.0,305.44,352286.9493,1
1788896700000,1153.47,1155.53,1144.79,1147.45,6482.0,648.28,744438.3347,1
1788897600000,1147.58,1153.82,1145.26,1150.33,3386.0,338.6,389157.4967,1
1788898500000,1150.45,1150.56,1143.54,1149.42,3810.0,381.01,436894.2471,1
1788899400000,1149.82,1155.57,1148.04,1154.57,2764.0,276.47,318554.4502,1
1788900300000,1154.58,1161.1,1153.97,1155.62,8228.0,822.81,953793.8726,1
1788901200000,1155.8,1170.95,1155.8,1168.37,3129.0,312.92,364364.0766,1
1788902100000,1168.53,1172.9,1166.32,1168.49,3309.0,330.91,386960.2043,1
1788903000000,1168.51,1170.48,1163.84,1168.52,5932.0,593.2,693672.3,1
1788903900000,1168.52,1170.2,1163.1,1163.55,1876.0,187.68,219029.0248,1
1788904800000,1163.83,1172.65,1163.83,1169.99,2649.0,264.99,309998.0856,1
1788905700000,1169.99,1175.36,1167.45,1173.24,3418.0,341.83,400450.8164,1
1788906600000,1173.24,1177.97,1171.59,1175.64,1794.0,179.43,210814.4335,1
1788907500000,1175.64,1182.66,1175.55,1178.63,3218.0,321.87,379601.2495,1
1788908400000,1178.63,1182.88,1178.28,1180.6,2283.0,228.35,269498.7549,1
1788909300000,1180.6,1183.42,1176.77,1179.81,2335.0,233.5,275484.0341,1
1788910200000,1179.77,1180.22,1176.01,1177.81,2863.0,286.35,337145.2877,1
1788911100000,1177.48,1177.83,1175.58,1177.25,1075.0,107.58,126591.7777,1
1788912000000,1176.83,1183.37,1176.38,1181.61,2430.0,243.08,286809.9551,1
1788912900000,1181.33,1186.56,1180.19,1185.07,3846.0,384.62,455498.747,1
1788913800000,1185.01,1187.1,1180.83,1186.75,2473.0,247.38,292708.7699,1
1788914700000,1186.75,1189.9,1183.88,1187.36,5758.0,575.84,683912.3701,1
1788915600000,1187.1,1188.16,1183.39,1185.23,2628.0,262.88,311772.7482,1
1788916500000,1185.23,1185.23,1178.31,1179.33,3409.0,340.94,402652.9947,1
1788917400000,1179.06,1186.75,1178.58,1186.71,2377.0,237.72,281165.3389,1
1788918300000,1186.64,1187.0,1183.44,1184.23,2267.0,226.78,268923.9685,1
1788919200000,1184.36,1185.54,1179.95,1182.16,2269.0,226.99,268437.2806,1
1788920100000,1182.21,1185.95,1178.85,1183.84,2536.0,253.69,299855.0634,1
1788921000000,1183.84,1183.84,1180.78,1182.37,1970.0,197.07,232971.2798,1
1788921900000,1182.14,1183.43,1180.26,1180.48,2049.0,204.94,242197.5894,1
1788922800000,1180.63,1186.79,1178.5,1182.01,2994.0,299.48,354022.5219,1
1788923700000,1182.17,1182.38,1173.85,1176.96,3549.0,354.95,418123.9359,1
1788924600000,1176.53,1183.91,1176.53,1183.02,2023.0,202.33,238798.6261,1
1788925500000,1183.21,1190.72,1182.24,1185.98,2688.0,268.88,318886.2587,1
1788926400000,1186.01,1205.0,1186.01,1199.68,5992.0,599.24,718267.2451,1
1788927300000,1199.4,1214.0,1198.57,1211.83,6132.0,613.28,738798.8275,1
1788928200000,1211.69,1237.35,1207.86,1235.01,9490.0,949.03,1162382.0897,1
1788929100000,1235.01,1258.0,1227.9,1243.05,10344.0,1034.41,1282790.7008,1
1788930000000,1243.6,1246.79,1238.39,1244.07,7269.0,726.96,902277.6733,1
1788930900000,1242.85,1246.01,1238.79,1240.99,5758.0,575.86,715044.1606,1
1788931800000,1240.99,1241.0,1210.0,1216.48,9104.0,910.48,1110694.0559,1
1788932700000,1216.0,1216.68,1202.51,1212.29,4870.0,487.07,589036.8019,1
1788933600000,1212.55,1232.0,1211.44,1227.03,4758.0,475.85,581875.1239,1
1788934500000,1226.97,1233.77,1224.3,1225.62,6304.0,630.45,776023.6054,1
1788935400000,1225.91,1231.63,1225.91,1229.49,3971.0,397.16,488023.4683,1
1788936300000,1229.35,1229.82,1218.36,1224.56,4547.0,454.72,557575.294,1
1788937200000,1224.57,1240.1,1223.17,1234.11,3891.0,389.16,479273.6432,1
1788938100000,1234.12,1239.38,1231.26,1233.91,3116.0,311.69,384859.1068,1
1788939000000,1234.26,1241.0,1231.43,1239.19,4299.0,429.99,532435.848,1
1788939900000,1239.2,1243.89,1237.35,1237.9,3215.0,321.55,398778.8911,1
1788940800000,1237.9,1238.98,1232.81,1232.9,3555.0,355.54,439567.5771,1
1788941700000,1232.76,1243.87,1232.41,1240.57,3900.0,390.07,483467.193,1
1788942600000,1240.36,1244.21,1235.49,1240.96,3291.0,329.19,408416.816,1
1788943500000,1241.03,1247.12,1240.27,1244.61,3385.0,338.56,420750.7099,1
1788944400000,1244.61,1255.0,1241.86,1252.17,9191.0,919.16,1148528.9141,1
1788945300000,1252.12,1252.12,1237.98,1239.67,5484.0,548.44,681844.4014,1
1788946200000,1239.59,1242.0,1233.01,1234.27,3932.0,393.27,486819.3461,1
1788947100000,1234.46,1238.39,1232.87,1235.82,4241.0,424.1,523764.2758,1
1788948000000,1235.82,1245.06,1233.65,1237.79,4945.0,494.56,613351.3408,1
1788948900000,1237.35,1245.06,1234.11,1242.21,3352.0,335.29,415835.3944,1
1788949800000,1242.61,1250.0,1238.11,1239.93,5707.0,570.79,709901.0633,1
1788950700000,1239.74,1244.6,1237.04,1242.21,3917.0,391.75,485759.3187,1
1788951600000,1242.06,1252.98,1237.17,1246.38,8263.0,826.37,1029414.7258,1
1788952500000,1246.76,1277.4,1243.7,1269.4,17055.0,1705.5,2149763.672,1
1788953400000,1269.73,1275.06,1258.0,1258.38,8813.0,881.39,1116882.3762,1
1788954300000,1258.49,1271.04,1258.25,1267.37,5474.0,547.45,692948.9584,1
1788955200000,1267.08,1274.53,1264.37,1271.09,6206.0,620.67,787520.1036,1
1788956100000,1271.6,1273.63,1262.63,1263.53,5044.0,504.44,639743.8565,1
1788957000000,1263.53,1271.37,1260.46,1262.01,5649.0,564.92,715274.2809,1
1788957900000,1262.01,1267.81,1260.7,1264.57,3547.0,354.73,448420.6795,1
1788958800000,1264.65,1267.08,1258.6,1263.27,3715.0,371.57,469249.8147,1
1788959700000,1263.15,1265.28,1258.33,1263.52,3646.0,364.63,460260.5012,1
1788960600000,1264.14,1289.82,1262.04,1270.16,13422.0,1342.25,1712532.4225,1
1788961500000,1269.41,1278.53,1268.09,1270.57,10784.0,1078.49,1373333.9768,1
1788962400000,1268.38,1285.83,1262.97,1284.0,9460.0,946.09,1206392.8979,1
1788963300000,1283.63,1289.02,1275.18,1284.76,8498.0,849.82,1089299.896,1
1788964200000,1285.97,1295.05,1280.49,1284.06,11884.0,1188.4,1532183.212,1
1788965100000,1283.9,1290.11,1271.97,1284.07,8180.0,818.08,1047232.6305,1
1788966000000,1284.18,1295.2,1259.21,1267.91,17143.0,1714.33,2183139.9483,1
1788966900000,1267.91,1269.46,1249.93,1264.62,16877.0,1687.79,2122636.3842,1
1788967800000,1264.62,1274.34,1259.91,1268.06,9153.0,915.3,1160018.1797,1
1788968700000,1269.37,1275.0,1265.79,1268.31,5478.0,547.84,696072.1721,1
1788969600000,1268.98,1279.98,1266.5,1278.92,7276.0,727.66,928772.0417,1
1788970500000,1278.55,1279.53,1270.26,1274.36,4431.0,443.11,564802.9244,1
1788971400000,1275.23,1293.34,1275.23,1282.8,10186.0,1018.67,1309180.6534,1
1788972300000,1282.8,1284.71,1268.11,1272.75,4319.0,431.96,551697.8388,1
1788973200000,1272.26,1277.59,1270.9,1274.79,3537.0,353.77,450959.9472,1
1788974100000,1274.59,1279.8,1269.02,1279.17,3099.0,309.94,394873.7799,1
1788975000000,1279.34,1282.28,1272.9,1276.55,3748.0,374.83,478358.5146,1
1788975900000,1276.45,1277.56,1265.59,1266.25,5078.0,507.88,644730.2248,1
1788976800000,1265.88,1266.9,1259.98,1261.88,4073.0,407.33,514235.1394,1
1788977700000,1262.13,1271.98,1258.6,1271.5,4852.0,485.22,613700.0775,1
1788978600000,1271.11,1277.87,1269.44,1274.23,3903.0,390.3,497575.9812,1
1788979500000,1274.18,1274.18,1265.12,1271.5,3876.0,387.67,492041.1852,1
1788980400000,1271.37,1275.0,1253.94,1258.55,5320.0,532.08,671791.7273,1
1788981300000,1259.3,1266.25,1259.26,1264.43,2052.0,205.25,259160.6838,1
1788982200000,1264.27,1264.87,1250.32,1251.49,4173.0,417.35,524728.6088,1
1788983100000,1251.14,1255.33,1247.04,1250.55,3587.0,358.76,448853.857,1
1788984000000,1250.69,1253.38,1245.5,1251.86,3967.0,396.75,495904.0309,1
1788984900000,1251.91,1259.85,1233.53,1235.0,7200.0,720.03,894619.3337,1
1788985800000,1235.0,1252.75,1234.77,1247.44,3700.0,370.07,460503.7766,1
1788986700000,1247.44,1249.78,1241.0,1249.43,2611.0,261.12,325186.702,1
1788987600000,1249.43,1249.73,1235.3,1240.08,6225.0,622.57,771446.9083,1
1788988500000,1239.14,1248.41,1235.75,1244.93,3481.0,348.18,432339.0915,1
1788989400000,1244.48,1244.78,1237.31,1240.16,2341.0,234.13,290503.6255,1
1788990300000,1240.4,1244.66,1234.16,1235.47,3085.0,308.51,382579.8027,1
1788991200000,1235.33,1237.55,1221.05,1233.48,9615.0,961.53,1182653.8924,1
1788992100000,1233.77,1246.33,1230.47,1244.49,3524.0,352.46,437303.6083,1
1788993000000,1244.97,1246.25,1239.81,1240.0,6900.0,690.08,858346.2456,1
1788993900000,1240.41,1240.97,1227.04,1228.28,8954.0,895.46,1103927.6432,1
1788994800000,1228.39,1245.09,1228.39,1241.73,11061.0,1106.15,1372879.7426,1
1788995700000,1241.22,1241.22,1234.1,1240.14,2210.0,221.06,273697.8233,1
1788996600000,1240.2,1243.4,1237.3,1242.93,1970.0,197.09,244400.7104,1
1788997500000,1242.1,1247.59,1240.1,1243.88,2406.0,240.69,299433.193,1
1788998400000,1243.75,1255.69,1239.17,1240.93,4856.0,485.6,605378.7919,1
1788999300000,1240.86,1243.05,1234.79,1236.02,3425.0,342.53,423862.7731,1
1789000200000,1236.15,1238.79,1231.22,1232.18,2913.0,291.39,359995.7043,1
1789001100000,1231.84,1235.5,1228.33,1230.67,3376.0,337.68,415869.8962,1
1789002000000,1230.43,1245.05,1230.35,1236.18,4985.0,498.52,617823.1568,1
1789002900000,1236.41,1237.15,1225.01,1230.05,4211.0,421.1,518521.2653,1
1789003800000,1230.07,1234.5,1216.42,1222.33,5624.0,562.46,689345.4615,1
1789004700000,1223.65,1228.03,1204.92,1213.08,21631.0,2163.12,2621092.8713,1
1789005600000,1212.79,1219.63,1207.0,1218.61,7401.0,740.19,897828.3618,1
1789006500000,1218.02,1221.83,1214.29,1219.52,3312.0,331.2,403596.6587,1
1789007400000,1219.16,1235.41,1219.16,1234.52,4312.0,431.24,530113.2224,1
1789008300000,1233.99,1246.22,1233.08,1246.05,4241.0,424.13,526384.0785,1
1789009200000,1246.64,1248.0,1236.78,1237.51,11256.0,1125.68,1399442.6704,1
1789010100000,1237.19,1247.67,1236.17,1242.44,3699.0,369.95,459248.5154,1
1789011000000,1242.54,1246.5,1240.84,1242.52,2462.0,246.28,306338.8539,1
1789011900000,1242.52,1245.65,1240.17,1242.32,3007.0,300.78,373880.0023,1
1789012800000,1242.02,1246.92,1240.91,1242.58,2457.0,245.73,305920.1092,1
1789013700000,1242.66,1249.9,1242.39,1246.68,3646.0,364.6,454569.462,1
1789014600000,1247.15,1251.87,1243.56,1247.95,3192.0,319.27,398360.1045,1
1789015500000,1247.87,1248.28,1243.11,1243.33,2279.0,227.98,283898.5006,1
1789016400000,1243.59,1247.65,1238.92,1247.36,3556.0,355.61,442033.2172,1
1789017300000,1247.36,1247.36,1231.54,1237.24,5048.0,504.81,625188.5881,1
1789018200000,1237.23,1244.66,1234.34,1239.55,3035.0,303.51,376312.3363,1
1789019100000,1239.7,1241.44,1232.37,1235.78,3002.0,300.26,371291.1925,1
1789020000000,1236.0,1236.31,1222.96,1222.96,6344.0,634.45,779568.0459,1
1789020900000,1222.96,1224.45,1214.0,1217.45,8755.0,875.55,1067069.6114,1
1789021800000,1217.45,1229.35,1216.81,1225.92,10372.0,1037.28,1266605.3077,1
1789022700000,1225.84,1234.43,1225.84,1229.79,5158.0,515.86,635533.9793,1
1789023600000,1229.53,1229.65,1215.9,1218.74,4787.0,478.77,583832.3074,1
1789024500000,1218.56,1218.56,1210.69,1214.17,9471.0,947.13,1149108.2318,1
1789025400000,1213.9,1215.97,1209.06,1209.94,3715.0,371.57,450475.4397,1
1789026300000,1210.34,1219.42,1208.35,1215.24,13561.0,1356.16,1646926.9805,1
1789027200000,1215.24,1218.74,1213.06,1215.34,4110.0,411.04,499592.3503,1
1789028100000,1215.34,1221.95,1214.66,1221.61,3082.0,308.25,375824.1212,1
1789029000000,1221.61,1223.03,1217.56,1220.16,2356.0,235.62,287515.0098,1
1789029900000,1220.16,1224.34,1218.0,1224.16,2605.0,260.56,318481.7555,1
1789030800000,1224.15,1225.57,1219.01,1219.56,2370.0,237.01,289791.0634,1
1789031700000,1219.71,1227.07,1219.69,1226.69,4402.0,440.28,539296.4153,1
1789032600000,1226.69,1226.69,1214.8,1215.7,5692.0,569.21,693508.3568,1
1789033500000,1216.06,1224.28,1215.7,1222.41,3572.0,357.26,435938.1212,1
1789034400000,1222.27,1227.26,1221.07,1225.74,2199.0,219.96,269400.9383,1
1789035300000,1225.55,1228.29,1217.01,1221.97,3852.0,385.24,470305.5978,1
1789036200000,1221.95,1230.0,1219.5,1228.93,2468.0,246.83,302083.8489,1
1789037100000,1228.93,1229.7,1219.25,1219.37,3022.0,302.2,369607.8561,1
1789038000000,1219.49,1226.04,1216.74,1225.78,3057.0,305.77,373545.0896,1
1789038900000,1225.87,1229.69,1222.17,1225.91,3690.0,369.01,452347.7491,1
1789039800000,1226.05,1236.85,1225.7,1233.19,3302.0,330.21,406719.8552,1
1789040700000,1233.18,1234.48,1221.02,1221.15,3770.0,377.03,462557.6463,1
1789041600000,1221.02,1222.72,1209.98,1212.03,5632.0,563.27,684745.0123,1
1789042500000,1211.83,1215.19,1209.87,1213.64,4649.0,464.91,563813.3257,1
1789043400000,1215.57,1222.96,1205.0,1213.04,9236.0,923.63,1123082.1348,1
1789044300000,1213.51,1215.01,1178.92,1189.1,26754.0,2675.46,3203866.2004,1
1789045200000,1189.1,1194.5,1160.01,1166.68,25335.0,2533.5,2977182.9155,1
1789046100000,1165.53,1178.0,1164.94,1172.16,8581.0,858.13,1005084.0802,1
1789047000000,1172.53,1175.18,1165.52,1168.27,6736.0,673.67,788178.8011,1
1789047900000,1168.48,1173.01,1160.09,1169.83,22026.0,2202.68,2570317.6987,1
1789048800000,1170.14,1184.38,1164.92,1165.58,15071.0,1507.14,1763183.0966,1
1789049700000,1165.58,1179.44,1156.94,1176.01,8469.0,846.99,987384.472,1
1789050600000,1176.7,1179.08,1171.62,1178.66,3864.0,386.42,454207.172,1
1789051500000,1178.52,1182.63,1174.5,1179.28,3940.0,394.01,464060.9907,1
1789052400000,1179.42,1179.42,1170.29,1172.12,4349.0,434.9,510629.4604,1
1789053300000,1172.11,1173.64,1165.07,1165.87,5069.0,506.9,592232.0459,1
1789054200000,1166.06,1172.4,1165.07,1168.6,3533.0,353.34,412648.9597,1
1789055100000,1167.92,1172.15,1165.32,1168.18,3489.0,348.95,407629.0374,1
1789056000000,1168.09,1171.02,1151.23,1154.97,6782.0,678.23,786467.6167,1
1789056900000,1155.07,1156.33,1125.85,1125.85,16704.0,1670.46,1900223.3948,1
1789057800000,1127.0,1131.87,1111.97,1125.63,22301.0,2230.12,2497369.3387,1
1789058700000,1125.69,1138.17,1125.69,1131.9,12691.0,1269.12,1437052.5854,1
1789059600000,1131.31,1139.17,1128.91,1137.07,5838.0,583.85,662261.5013,1
1789060500000,1136.69,1149.0,1133.56,1147.52,7806.0,780.62,891682.5238,1
1789061400000,1147.52,1160.0,1146.24,1154.58,6774.0,677.41,781263.6426,1
1789062300000,1154.72,1158.81,1139.47,1142.81,6999.0,699.91,805689.3239,1
1789063200000,1141.98,1145.1,1129.0,1134.59,8530.0,853.0,968566.0286,1
1789064100000,1134.59,1137.61,1125.91,1128.99,7509.0,750.96,848394.7221,1
1789065000000,1128.99,1129.86,1117.69,1123.83,6054.0,605.44,679478.8725,1
1789065900000,1123.83,1140.91,1121.75,1139.74,5489.0,548.9,621179.5468,1
1789066800000,1139.72,1139.72,1127.76,1132.41,4820.0,482.01,545844.8243,1
1789067700000,1132.36,1135.19,1125.26,1131.48,3292.0,329.29,372259.4136,1
1789068600000,1130.05,1132.75,1121.92,1130.24,4282.0,428.23,482451.1582,1
1789069500000,1130.24,1131.72,1117.31,1124.69,11531.0,1153.1,1293043.2927,1
1789070400000,1124.69,1133.56,1120.79,1133.05,11858.0,1185.82,1339203.9038,1
1789071300000,1133.1,1134.94,1128.35,1134.02,2665.0,266.55,301611.4712,1
1789072200000,1133.93,1134.99,1126.14,1131.08,2301.0,230.1,259784.5337,1
1789073100000,1130.95,1134.89,1126.45,1131.69,3108.0,310.85,351651.0177,1
1789074000000,1131.21,1134.02,1125.87,1130.71,2663.0,266.33,301240.1978,1
1789074900000,1130.75,1134.2,1130.43,1133.86,1991.0,199.11,225497.2762,1
1789075800000,1133.94,1133.98,1127.01,1132.47,1597.0,159.7,180487.0162,1
1789076700000,1132.47,1139.21,1131.21,1133.0,4084.0,408.41,463958.0784,1
1789077600000,1133.2,1139.84,1133.16,1139.01,1896.0,189.65,215688.3912,1
1789078500000,1138.5,1143.79,1130.43,1130.83,3709.0,370.94,423082.0048,1
1789079400000,1130.94,1134.93,1111.79,1119.24,6952.0,695.29,779113.3098,1
1789080300000,1119.27,1122.16,1088.94,1091.65,15388.0,1538.88,1695526.188,1
1789081200000,1093.15,1103.19,1072.01,1072.47,15665.0,1566.57,1704710.9165,1
1789082100000,1073.34,1080.28,1069.99,1071.31,10526.0,1052.68,1130131.5075,1
1789083000000,1071.03,1086.85,1066.13,1086.43,9110.0,911.06,979526.3815,1
1789083900000,1085.53,1087.11,1075.64,1079.08,6300.0,630.04,681161.9461,1
1789084800000,1079.52,1091.35,1079.33,1086.69,4892.0,489.25,530843.1932,1
1789085700000,1086.54,1089.7,1082.56,1087.74,4284.0,428.47,465801.9151,1
1789086600000,1087.28,1089.79,1080.23,1087.24,3758.0,375.84,408234.5591,1
1789087500000,1087.22,1088.43,1081.16,1084.62,3204.0,320.48,347724.7529,1
1789088400000,1084.12,1098.95,1083.5,1093.9,5414.0,541.48,591672.6199,1
1789089300000,1094.13,1096.5,1078.15,1081.55,4990.0,499.09,542705.1014,1
1789090200000,1081.55,1088.06,1072.56,1080.29,6051.0,605.14,653207.3497,1
1789091100000,1080.55,1084.95,1077.12,1081.61,3119.0,311.91,337241.5131,1
1789092000000,1081.7,1086.55,1078.47,1083.18,12716.0,1271.64,1373754.5488,1
1789092900000,1083.0,1083.18,1058.44,1062.13,10023.0,1002.39,1070292.7249,1
1789093800000,1061.13,1071.88,1056.0,1069.88,14570.0,1457.09,1550149.7663,1
1789094700000,1069.89,1073.72,1065.81,1070.81,9329.0,932.91,998743.1506,1
1789095600000,1070.02,1072.37,1054.0,1066.51,21265.0,2126.5,2254425.8591,1
1789096500000,1066.29,1067.5,1058.69,1064.12,6436.0,643.68,683939.0879,1
1789097400000,1063.7,1071.78,1060.05,1070.89,9417.0,941.78,1004769.2787,1
1789098300000,1070.88,1070.88,1063.48,1066.87,2757.0,275.76,294294.1491,1
1789099200000,1067.34,1074.78,1065.0,1071.84,4702.0,470.22,503270.2132,1
1789100100000,1071.84,1091.87,1069.67,1087.15,7223.0,722.36,780135.6356,1
1789101000000,1087.11,1088.11,1080.22,1081.35,3516.0,351.64,381037.6102,1
1789101900000,1081.66,1088.84,1080.6,1086.38,3198.0,319.88,347346.3669,1
1789102800000,1086.52,1088.66,1082.39,1088.06,3139.0,313.94,340680.1084,1
1789103700000,1088.12,1088.2,1082.99,1086.05,2453.0,245.39,266431.9759,1
1789104600000,1086.38,1096.65,1086.38,1091.2,9121.0,912.17,997280.8636,1
1789105500000,1090.85,1097.99,1090.0,1096.65,6182.0,618.25,677337.489,1
1789106400000,1096.98,1101.84,1094.25,1100.21,5855.0,585.52,642653.0574,1
1789107300000,1100.36,1106.14,1096.31,1100.54,5414.0,541.42,595539.2271,1
1789108200000,1100.54,1103.03,1094.05,1102.89,4902.0,490.22,538758.0121,1
1789109100000,1103.08,1107.0,1100.51,1102.62,3435.0,343.51,379033.2071,1
1789110000000,1102.14,1114.37,1101.98,1109.45,4547.0,454.76,504960.1507,1
1789110900000,1109.3,1117.85,1107.53,1111.52,4024.0,402.48,448084.733,1
1789111800000,1111.52,1115.53,1110.44,1114.11,5337.0,533.78,594211.3342,1
1789112700000,1113.9,1115.79,1108.69,1111.3,11301.0,1130.12,1257135.2191,1
1789113600000,1111.17,1112.97,1104.76,1107.69,3054.0,305.46,338540.7383,1
1789114500000,1107.67,1116.17,1106.04,1114.2,4577.0,457.7,508161.8775,1
1789115400000,1114.2,1121.6,1113.65,1118.0,3671.0,367.11,410333.744,1
1789116300000,1118.06,1118.81,1111.62,1114.67,3081.0,308.13,343427.8277,1
1789117200000,1114.7,1115.16,1108.99,1110.45,2918.0,291.82,324391.2339,1
1789118100000,1110.57,1111.14,1105.49,1105.93,2262.0,226.22,250593.4536,1
1789119000000,1105.78,1108.12,1092.26,1094.34,8357.0,835.75,919056.1568,1
1789119900000,1094.34,1105.59,1094.34,1103.64,3741.0,374.11,411974.5249,1
1789120800000,1103.39,1112.15,1099.63,1106.89,6866.0,686.68,760744.8497,1
1789121700000,1107.18,1113.74,1103.34,1103.37,3783.0,378.38,419298.1635,1
1789122600000,1103.56,1105.6,1100.17,1100.95,3714.0,371.41,409374.3343,1
1789123500000,1100.78,1101.78,1097.7,1098.74,2653.0,265.3,291689.302,1
1789124400000,1098.69,1099.43,1085.93,1091.81,6748.0,674.83,737340.5432,1
1789125300000,1091.72,1094.8,1088.17,1090.7,4883.0,488.38,533533.6036,1
1789126200000,1090.74,1096.16,1088.38,1095.11,3935.0,393.56,429874.6673,1
1789127100000,1095.54,1102.62,1095.01,1100.99,4847.0,484.76,533083.8177,1
1789128000000,1100.54,1102.97,1090.6,1094.69,4724.0,472.42,517779.4341,1
1789128900000,1094.68,1129.27,1092.38,1122.62,6958.0,695.86,769342.9285,1
1789129800000,1121.36,1165.43,1098.03,1152.42,39999.0,3999.97,4524618.7996,1
1789130700000,1152.36,1170.63,1150.01,1151.29,16218.0,1621.89,1878756.3885,1
1789131600000,1151.17,1156.83,1141.05,1153.67,9644.0,964.48,1107630.7037,1
1789132500000,1153.4,1164.93,1149.27,1151.75,8908.0,890.81,1030691.9048,1
1789133400000,1150.98,1158.68,1139.0,1156.96,9547.0,954.78,1097156.3333,1
1789134300000,1157.43,1209.55,1155.85,1206.74,17577.0,1757.7,2084564.9236,1
1789135200000,1207.36,1217.34,1196.64,1210.72,20503.0,2050.34,2476711.5685,1
1789136100000,1210.3,1213.57,1191.01,1196.9,10843.0,1084.34,1301841.7813,1
1789137000000,1198.22,1198.22,1176.3,1182.02,9288.0,928.84,1099790.9396,1
1789137900000,1181.88,1192.26,1171.85,1187.71,7624.0,762.44,901988.7091,1
1789138800000,1187.69,1195.37,1178.58,1180.15,6080.0,608.02,721613.4918,1
1789139700000,1180.1,1204.71,1178.72,1198.21,5764.0,576.48,687508.4433,1
1789140600000,1198.02,1208.68,1197.28,1199.98,6035.0,603.56,726585.2322,1
1789141500000,1200.18,1200.18,1151.4,1164.24,15288.0,1528.89,1792574.5051,1
1789142400000,1163.43,1179.11,1163.4,1171.94,8142.0,814.2,955557.0199,1
1789143300000,1172.73,1175.1,1152.34,1166.21,7476.0,747.69,869234.6976,1
1789144200000,1166.65,1174.27,1160.84,1173.03,8783.0,878.35,1026955.1952,1
1789145100000,1173.48,1188.7,1172.75,1186.04,6634.0,663.46,784304.3886,1
1789146000000,1186.3,1188.56,1176.55,1176.86,4458.0,445.84,527861.3688,1
1789146900000,1177.51,1184.66,1172.72,1181.33,4768.0,476.87,562071.0183,1
1789147800000,1181.04,1183.9,1170.14,1174.35,4500.0,450.02,529023.4665,1
1789148700000,1174.17,1181.63,1172.68,1177.18,4819.0,481.93,567155.7461,1
1789149600000,1177.13,1178.54,1159.04,1176.55,7942.0,794.27,928699.2616,1
1789150500000,1175.78,1179.78,1168.54,1171.71,5746.0,574.61,674584.6114,1
1789151400000,1171.23,1172.9,1166.28,1172.26,4974.0,497.47,581949.8799,1
1789152300000,1172.01,1178.37,1161.01,1164.79,5801.0,580.18,677647.6259,1
1789153200000,1165.19,1167.53,1153.34,1155.75,6158.0,615.81,713556.1075,1
1789154100000,1156.4,1171.0,1150.6,1167.33,5871.0,587.18,682709.3808,1
1789155000000,1167.55,1168.0,1159.19,1168.0,3248.0,324.83,378432.8117,1
1789155900000,1168.0,1179.92,1167.11,1174.33,3869.0,386.96,454258.8045,1
1789156800000,1174.41,1189.61,1173.77,1183.85,8377.0,837.7,992002.157,1
1789157700000,1183.69,1183.69,1175.01,1175.14,3533.0,353.31,416610.9581,1
1789158600000,1175.33,1185.37,1169.06,1179.83,4574.0,457.42,538837.2677,1
1789159500000,1179.58,1183.01,1173.5,1181.94,4589.0,458.97,540830.9901,1
1789160400000,1182.37,1187.96,1179.56,1185.42,3223.0,322.35,381727.476,1
1789161300000,1186.18,1189.12,1178.75,1178.8,2778.0,277.89,329264.2235,1
1789162200000,1178.8,1180.81,1174.17,1175.87,2274.0,227.43,267623.5928,1
1789163100000,1175.87,1176.24,1155.43,1157.8,5122.0,512.22,596624.5279,1
1789164000000,1157.64,1167.5,1152.7,1166.67,5701.0,570.13,661228.7076,1
1789164900000,1166.45,1168.6,1159.73,1160.1,3190.0,319.06,371423.9501,1
1789165800000,1159.26,1167.85,1155.86,1165.3,3427.0,342.79,398211.7589,1
1789166700000,1164.54,1164.54,1153.08,1159.08,5539.0,553.98,640940.6663,1
1789167600000,1159.08,1163.61,1154.77,1163.61,2523.0,252.34,292541.2451,1
1789168500000,1163.73,1167.98,1156.77,1162.91,3046.0,304.67,354520.9851,1
1789169400000,1162.91,1163.81,1155.0,1160.02,2371.0,237.1,274963.9017,1
1789170300000,1159.46,1165.18,1158.9,1164.39,1777.0,177.76,206565.7824,1
1789171200000,1164.12,1164.94,1157.01,1161.02,2358.0,235.82,273725.8072,1
1789172100000,1161.59,1162.13,1155.43,1156.69,2449.0,244.93,283558.9193,1
1789173000000,1156.69,1163.13,1155.62,1161.57,2627.0,262.76,304731.9395,1
1789173900000,1161.58,1162.63,1155.73,1155.73,3483.0,348.38,403823.5326,1
1789174800000,1155.61,1160.95,1152.19,1160.23,3618.0,361.83,418802.2752,1
1789175700000,1160.39,1160.94,1143.52,1144.56,4364.0,436.47,502104.8635,1
1789176600000,1143.95,1144.51,1135.19,1137.22,8577.0,857.75,977427.2752,1
1789177500000,1137.22,1142.9,1133.0,1139.81,5758.0,575.8,654983.9711,1
1789178400000,1139.67,1144.46,1137.88,1141.77,4195.0,419.56,479049.6115,1
1789179300000,1142.04,1144.77,1139.81,1142.6,2975.0,297.5,339912.8835,1
1789180200000,1142.72,1144.91,1135.39,1135.85,4049.0,404.92,461496.3692,1
1789181100000,1135.64,1141.72,1131.52,1140.67,2276.0,227.66,258813.155,1
1789182000000,1140.24,1141.63,1135.04,1135.06,3124.0,312.44,355732.2321,1
1789182900000,1135.41,1140.01,1128.41,1133.08,3989.0,398.97,452017.867,1
1789183800000,1133.17,1134.0,1129.0,1130.46,2160.0,216.01,244294.1618,1
1789184700000,1130.46,1135.67,1126.66,1133.99,3060.0,306.09,346214.434,1
1789185600000,1133.98,1138.07,1129.78,1135.84,2590.0,259.0,293557.7732,1
1789186500000,1135.46,1139.8,1135.39,1137.18,3535.0,353.53,402268.4855,1
1789187400000,1137.11,1143.01,1135.02,1135.57,3036.0,303.68,346078.2645,1
1789188300000,1135.57,1140.38,1132.87,1134.55,4039.0,403.95,459012.4176,1
1789189200000,1134.7,1136.82,1129.26,1129.27,1953.0,195.31,221375.9324,1
1789190100000,1129.28,1133.99,1127.9,1128.66,2897.0,289.73,327772.7672,1
1789191000000,1128.39,1133.03,1128.39,1129.55,4292.0,429.23,485553.373,1
1789191900000,1129.34,1131.96,1125.43,1126.05,3348.0,334.86,377924.4263,1
1789192800000,1126.28,1126.28,1121.39,1124.75,3558.0,355.8,399762.0104,1
1789193700000,1125.03,1131.15,1124.75,1128.39,2926.0,292.67,330318.3322,1
1789194600000,1128.15,1131.58,1126.65,1130.66,3982.0,398.25,449673.1077,1
1789195500000,1131.18,1134.68,1129.69,1130.77,2254.0,225.42,255146.6817,1
1789196400000,1130.57,1146.61,1129.66,1143.82,4138.0,413.82,471498.3414,1
1789197300000,1143.67,1146.55,1141.28,1144.01,3443.0,344.34,393782.6504,1
1789198200000,1144.01,1148.25,1142.32,1147.27,3123.0,312.38,357715.3698,1
1789199100000,1147.1,1150.85,1146.56,1149.35,2939.0,293.92,337884.2361,1
1789200000000,1148.92,1150.37,1145.44,1146.75,2990.0,299.01,343372.1191,1
1789200900000,1146.75,1149.7,1145.22,1146.73,3917.0,391.77,449654.7219,1
1789201800000,1146.73,1149.2,1142.82,1147.89,3432.0,343.21,393258.1678,1
1789202700000,1147.76,1155.87,1147.5,1151.02,4355.0,435.54,501810.0297,1
1789203600000,1151.06,1152.31,1147.86,1150.42,1599.0,159.97,183963.2465,1
1789204500000,1150.59,1155.18,1150.21,1152.84,2358.0,235.83,271805.0614,1
1789205400000,1153.11,1153.75,1147.1,1147.94,1575.0,157.51,181233.3022,1
1789206300000,1148.12,1151.89,1146.11,1151.58,1858.0,185.84,213511.6524,1
1789207200000,1151.68,1156.17,1150.37,1153.52,1880.0,188.09,216892.1894,1
1789208100000,1153.52,1154.68,1151.41,1154.68,1300.0,130.05,149969.5826,1
1789209000000,1154.37,1154.94,1150.52,1152.01,1820.0,182.06,209824.8833,1
1789209900000,1152.01,1153.07,1148.51,1152.55,2272.0,227.27,261592.7018,1
1789210800000,1152.55,1156.08,1150.08,1154.05,1996.0,199.63,229990.6275,1
1789211700000,1154.05,1154.86,1152.29,1152.65,1516.0,151.68,174976.4431,1
1789212600000,1152.76,1152.76,1148.9,1150.61,2881.0,288.16,331490.0501,1
1789213500000,1150.61,1151.89,1148.43,1151.26,1522.0,152.28,175106.8978,1
1789214400000,1150.86,1151.78,1147.09,1147.42,1646.0,164.62,189165.0884,1
1789215300000,1147.42,1150.91,1147.34,1148.95,1400.0,140.07,160949.8881,1
1789216200000,1148.85,1164.53,1148.79,1157.71,4494.0,449.46,520520.0375,1
1789217100000,1157.83,1163.11,1157.71,1159.47,2165.0,216.52,251047.0584,1
1789218000000,1158.94,1161.86,1152.59,1152.59,3397.0,339.79,393422.7303,1
1789218900000,1152.59,1155.58,1151.47,1152.64,2768.0,276.87,319322.1752,1
1789219800000,1153.0,1155.84,1151.17,1154.61,2297.0,229.71,264920.7711,1
1789220700000,1154.32,1154.32,1147.14,1151.02,4681.0,468.1,538205.6181,1
1789221600000,1151.01,1151.99,1148.05,1149.39,1835.0,183.52,211069.4287,1
1789222500000,1149.39,1152.0,1148.26,1149.94,1754.0,175.4,201748.2421,1
1789223400000,1149.94,1149.94,1140.31,1146.82,3328.0,332.86,381355.6281,1
1789224300000,1146.82,1147.79,1142.48,1142.98,2342.0,234.24,268286.5578,1
1789225200000,1142.95,1146.69,1142.07,1143.49,2041.0,204.16,233571.7913,1
1789226100000,1143.49,1145.06,1140.83,1143.55,2561.0,256.1,292623.6278,1
1789227000000,1143.55,1145.05,1138.65,1140.29,3017.0,301.73,344040.577,1
1789227900000,1140.06,1142.32,1137.41,1138.52,2311.0,231.15,263436.9031,1
1789228800000,1138.42,1141.83,1136.61,1141.4,1861.0,186.17,212188.0695,1
1789229700000,1141.34,1143.67,1140.86,1142.03,1695.0,169.51,193715.1192,1
1789230600000,1142.01,1142.59,1136.13,1139.06,3639.0,363.96,414490.3866,1
1789231500000,1138.8,1142.73,1138.8,1140.96,1333.0,133.33,152105.3,1
1789232400000,1141.18,1142.48,1138.59,1139.9,1110.0,111.04,126611.4557,1
1789233300000,1139.82,1140.97,1137.0,1140.83,2136.0,213.62,243310.5937,1
1789234200000,1140.57,1140.84,1136.98,1137.16,1297.0,129.72,147702.0604,1
1789235100000,1137.16,1138.88,1137.03,1137.8,1433.0,143.3,163048.2248,1
1789236000000,1137.36,1138.94,1133.01,1133.92,2441.0,244.14,277117.9909,1
1789236900000,1133.83,1136.15,1130.93,1133.62,3113.0,311.3,352875.279,1
1789237800000,1133.63,1133.63,1129.06,1130.75,1687.0,168.79,190862.5464,1
1789238700000,1130.75,1132.19,1121.64,1124.81,2675.0,267.52,301148.2885,1
1789239600000,1124.73,1128.27,1123.42,1127.02,2840.0,284.08,319798.1181,1
1789240500000,1127.02,1128.66,1121.15,1123.89,3300.0,330.05,370939.2827,1
1789241400000,1123.28,1124.38,1110.6,1115.0,6581.0,658.14,734156.72,1
1789242300000,1115.0,1120.85,1114.68,1118.77,2632.0,263.24,294163.4126,1
1789243200000,1118.77,1123.71,1118.3,1122.85,2660.0,266.08,298533.6157,1
1789244100000,1122.85,1125.74,1121.78,1124.58,2673.0,267.35,300437.4289,1
1789245000000,1125.04,1127.67,1124.84,1125.97,3357.0,335.7,378023.0205,1
1789245900000,1125.85,1127.12,1118.08,1122.37,1833.0,183.32,205798.0971,1
1789246800000,1122.5,1127.92,1121.57,1125.33,2064.0,206.49,232394.439,1
1789247700000,1124.95,1124.95,1118.41,1122.15,1861.0,186.14,208734.5208,1
1789248600000,1122.29,1124.57,1120.01,1123.62,2061.0,206.14,231400.9965,1
1789249500000,1123.45,1123.61,1119.89,1121.37,1562.0,156.29,175372.3433,1
1789250400000,1121.37,1123.87,1120.13,1122.95,1861.0,186.15,208798.134,1
1789251300000,1123.47,1126.87,1120.49,1121.33,4534.0,453.41,509132.6101,1
1789252200000,1121.28,1123.69,1120.69,1123.15,2299.0,229.99,257895.6169,1
1789253100000,1122.84,1124.36,1122.32,1123.33,827.0,82.74,92953.0441,1
1789254000000,1123.26,1125.55,1122.89,1123.64,1542.0,154.28,173488.0061,1
1789254900000,1123.64,1124.35,1121.65,1122.69,1689.0,168.98,189682.1898,1
1789255800000,1122.59,1124.77,1118.49,1124.31,6637.0,663.7,743698.4255,1
1789256700000,1123.84,1125.4,1122.46,1122.46,1085.0,108.56,122058.5684,1
1789257600000,1122.59,1127.64,1120.27,1123.47,3121.0,312.13,350852.9816,1
1789258500000,1123.7,1123.7,1119.66,1120.61,2746.0,274.65,307944.2179,1
1789259400000,1120.46,1123.77,1119.1,1119.41,2571.0,257.19,288478.9708,1
1789260300000,1119.42,1127.89,1116.64,1126.19,11649.0,1164.9,1305800.1805,1
1789261200000,1126.19,1130.04,1124.48,1128.2,3056.0,305.69,344681.022,1
1789262100000,1127.93,1133.89,1124.77,1129.05,2759.0,275.93,311926.6951,1
1789263000000,1129.4,1132.15,1124.8,1129.2,2397.0,239.78,270492.2903,1
1789263900000,1129.2,1129.35,1126.19,1127.18,1456.0,145.62,164169.344,1
1789264800000,1127.18,1129.39,1125.52,1129.02,1371.0,137.18,154632.8905,1
1789265700000,1129.02,1129.86,1125.5,1125.5,1451.0,145.13,163768.5555,1
1789266600000,1125.4,1127.63,1124.1,1126.85,2428.0,242.89,273460.4812,1
1789267500000,1126.52,1129.32,1125.38,1125.66,1389.0,138.99,156604.8296,1
1789268400000,1125.53,1128.9,1125.21,1127.27,1239.0,123.94,139676.3628,1
1789269300000,1127.27,1137.62,1125.69,1133.83,4152.0,415.22,470575.2445,1
1789270200000,1133.83,1137.34,1132.22,1133.05,2831.0,283.13,321281.5372,1
1789271100000,1133.05,1134.95,1131.56,1132.98,2134.0,213.46,241815.8115,1
1789272000000,1132.74,1142.19,1132.74,1138.96,3983.0,398.39,453605.203,1
1789272900000,1139.27,1141.2,1138.7,1140.31,1685.0,168.59,192208.8143,1
1789273800000,1140.18,1142.57,1138.6,1141.17,2172.0,217.23,247832.2006,1
1789274700000,1141.17,1142.58,1139.2,1142.22,1200.0,120.02,136953.2447,1
1789275600000,1142.43,1146.7,1142.43,1144.81,2310.0,231.0,264508.1915,1
1789276500000,1144.62,1146.61,1143.08,1146.51,1625.0,162.52,186138.2989,1
1789277400000,1146.69,1156.0,1146.69,1151.79,3404.0,340.47,391929.6184,1
1789278300000,1151.75,1152.14,1147.13,1147.81,3931.0,393.18,451636.3985,1
1789279200000,1147.46,1150.43,1141.43,1143.79,2570.0,257.0,294438.1416,1
1789280100000,1143.93,1144.94,1139.7,1141.16,2064.0,206.46,235721.3163,1
1789281000000,1141.16,1141.84,1136.3,1140.18,6378.0,637.89,726686.633,1
1789281900000,1140.17,1141.91,1132.61,1135.39,2672.0,267.24,303710.8509,1
1789282800000,1135.26,1144.92,1134.39,1138.49,2833.0,283.36,323341.1371,1
1789283700000,1138.46,1138.59,1134.76,1137.35,1710.0,171.04,194466.5851,1
1789284600000,1137.64,1137.64,1130.08,1131.5,3662.0,366.2,414597.4362,1
1789285500000,1131.43,1132.91,1130.0,1130.2,1669.0,166.92,188814.5895,1
1789286400000,1130.1,1133.66,1126.31,1128.99,3701.0,370.1,418160.2752,1
1789287300000,1128.65,1129.51,1124.98,1126.22,2505.0,250.59,282469.247,1
1789288200000,1126.31,1126.87,1104.95,1104.95,12638.0,1263.87,1411010.5601,1
1789289100000,1105.15,1113.7,1105.15,1107.99,8410.0,841.06,932963.9575,1
1789290000000,1107.96,1112.39,1106.88,1108.67,5111.0,511.14,566935.3698,1
1789290900000,1108.62,1110.62,1084.85,1085.83,9612.0,961.25,1055240.6628,1
1789291800000,1086.44,1088.99,1072.0,1080.21,11803.0,1180.33,1275996.4952,1
1789292700000,1080.21,1086.96,1075.35,1085.19,7039.0,703.97,762399.155,1
1789293600000,1085.19,1096.49,1082.49,1092.26,9607.0,960.76,1045723.7174,1
1789294500000,1092.28,1094.13,1089.62,1093.51,2395.0,239.52,261565.7805,1
1789295400000,1093.7,1095.95,1089.46,1089.47,1967.0,196.72,214898.829,1
1789296300000,1089.48,1094.57,1089.48,1091.79,4971.0,497.13,543148.9634,1
1789297200000,1092.08,1097.96,1091.04,1091.79,3431.0,343.12,375628.2582,1
1789298100000,1091.59,1094.83,1090.86,1091.69,1653.0,165.33,180626.701,1
1789299000000,1091.6,1097.94,1091.23,1097.64,1678.0,167.87,183737.4385,1
1789299900000,1097.57,1099.7,1092.64,1093.41,2472.0,247.24,271027.752,1
1789300800000,1093.55,1094.02,1091.03,1092.9,1492.0,149.23,163031.63,1
1789301700000,1092.63,1092.98,1085.64,1087.11,1666.0,166.69,181874.0542,1
1789302600000,1087.26,1093.79,1086.47,1090.55,2321.0,232.18,253279.8355,1
1789303500000,1090.52,1093.32,1087.42,1093.1,2300.0,230.09,250994.4388,1
1789304400000,1093.33,1094.5,1089.87,1091.82,2636.0,263.67,287893.0244,1
1789305300000,1091.82,1091.93,1074.66,1082.19,7046.0,704.65,761863.8998,1
1789306200000,1081.79,1090.64,1081.53,1087.8,3664.0,366.44,398300.9985,1
1789307100000,1088.06,1099.48,1087.98,1096.02,3909.0,390.9,427470.8557,1
1789308000000,1096.99,1104.86,1095.17,1100.73,10217.0,1021.75,1125445.5089,1
1789308900000,1101.53,1105.09,1097.72,1098.72,3345.0,334.54,368158.2897,1
1789309800000,1098.72,1099.87,1094.84,1097.47,2381.0,238.16,261376.2425,1
1789310700000,1097.38,1098.25,1095.26,1095.61,2022.0,202.27,221793.1653,1
1789311600000,1095.73,1095.73,1085.4,1086.52,4139.0,413.9,450736.1646,1
1789312500000,1086.52,1091.59,1079.34,1089.44,4581.0,458.19,497288.6341,1
1789313400000,1089.79,1091.84,1086.36,1088.13,2489.0,248.95,271110.2752,1
1789314300000,1088.13,1092.11,1085.78,1086.91,2115.0,211.52,230248.1107,1
1789315200000,1086.61,1100.13,1086.28,1094.92,3671.0,367.11,401777.1009,1
1789316100000,1094.62,1099.94,1094.08,1097.59,3025.0,302.56,332106.6855,1
1789317000000,1097.85,1102.01,1097.36,1101.35,2055.0,205.59,225960.7199,1
1789317900000,1101.51,1103.04,1099.29,1102.45,2866.0,286.64,315669.1878,1
1789318800000,1102.58,1117.59,1101.7,1113.5,6251.0,625.11,695225.3808,1
1789319700000,1113.63,1116.01,1110.64,1110.82,2739.0,273.94,304782.5012,1
1789320600000,1110.77,1113.05,1106.48,1107.26,3167.0,316.71,351314.1477,1
1789321500000,1107.14,1112.28,1106.86,1107.37,2635.0,263.52,292525.8322,1
1789322400000,1107.28,1109.54,1103.72,1106.4,2518.0,251.87,278452.9725,1
1789323300000,1106.51,1108.2,1102.49,1103.33,2758.0,275.88,305163.9672,1
1789324200000,1103.31,1108.68,1103.31,1108.24,1749.0,174.94,193629.3494,1
1789325100000,1108.24,1111.8,1106.35,1107.14,1537.0,153.78,170605.3363,1
1789326000000,1107.28,1110.16,1097.93,1099.97,2627.0,262.73,290148.0836,1
1789326900000,1099.97,1101.18,1096.94,1097.18,1643.0,164.36,180620.2689,1
1789327800000,1096.67,1097.33,1086.47,1086.6,4830.0,483.03,527342.3981,1
1789328700000,1086.45,1087.8,1082.09,1085.31,3022.0,302.25,327974.6823,1
1789329600000,1085.34,1094.24,1085.34,1093.65,2026.0,202.69,221266.6581,1
1789330500000,1093.43,1100.77,1093.43,1099.48,2134.0,213.45,234229.8712,1
1789331400000,1099.71,1101.78,1098.64,1101.78,1349.0,134.96,148471.9617,1
1789332300000,1101.78,1106.3,1100.92,1104.91,4058.0,405.85,448096.0997,1
1789333200000,1105.19,1106.5,1100.36,1105.72,2354.0,235.48,259864.4764,1
1789334100000,1105.44,1110.17,1104.56,1106.01,2680.0,268.05,296757.2582,1
1789335000000,1106.04,1107.78,1100.98,1101.29,1734.0,173.43,191573.6542,1
1789335900000,1101.21,1101.47,1094.24,1095.95,2049.0,204.98,224871.577,1
1789336800000,1095.95,1095.95,1073.0,1075.76,8740.0,874.06,947082.9428,1
1789337700000,1075.86,1075.86,1067.26,1074.83,6617.0,661.76,708504.9986,1
1789338600000,1074.83,1079.52,1072.16,1074.92,4895.0,489.55,526116.6542,1
1789339500000,1075.23,1078.81,1070.73,1070.9,2875.0,287.52,308992.7658,1
1789340400000,1070.83,1074.2,1063.14,1066.35,4577.0,457.77,489080.6681,1
1789341300000,1066.35,1070.26,1063.56,1063.71,4296.0,429.62,457850.7037,1
1789342200000,1063.77,1068.46,1060.62,1064.01,4786.0,478.68,509507.4334,1
1789343100000,1063.82,1066.86,1060.4,1062.16,4783.0,478.36,508691.4555,1
1789344000000,1062.16,1069.44,1060.25,1061.63,4781.0,478.19,508943.2769,1
1789344900000,1062.0,1065.81,1047.17,1052.43,9354.0,935.4,985946.9404,1
1789345800000,1052.47,1061.14,1051.53,1058.16,4284.0,428.44,453178.4442,1
1789346700000,1058.16,1064.91,1054.8,1061.26,4449.0,444.95,471512.0853,1
1789347600000,1061.26,1068.17,1058.04,1063.36,3928.0,392.8,417753.728,1
1789348500000,1063.34,1065.29,1060.69,1062.34,4296.0,429.65,456682.2103,1
1789349400000,1062.34,1066.93,1054.61,1062.77,4726.0,472.62,501019.6396,1
1789350300000,1063.0,1076.89,1062.9,1075.09,5253.0,525.31,562542.0622,1
1789351200000,1075.09,1086.6,1071.89,1086.6,3976.0,397.63,428782.3272,1
1789352100000,1086.65,1095.44,1083.22,1090.53,5053.0,505.36,550002.3825,1
1789353000000,1090.74,1103.2,1090.53,1101.98,5730.0,573.09,628193.9015,1
1789353900000,1102.06,1109.06,1102.06,1106.62,5388.0,538.85,595504.8683,1
1789354800000,1106.63,1114.7,1105.78,1109.72,5315.0,531.52,590363.1375,1
1789355700000,1109.46,1112.09,1104.32,1109.12,4589.0,458.94,508661.8579,1
1789356600000,1109.27,1109.97,1103.45,1105.17,3604.0,360.41,398704.9412,1
1789357500000,1105.3,1118.05,1105.3,1114.26,3906.0,390.65,434263.2758,1
1789358400000,1113.86,1125.91,1109.6,1123.26,4467.0,446.71,499547.7739,1
1789359300000,1122.9,1130.0,1116.65,1117.72,4013.0,401.38,450792.1458,1
1789360200000,1117.72,1118.33,1114.09,1116.06,3696.0,369.64,412572.3786,1
1789361100000,1116.16,1119.73,1113.07,1115.69,2122.0,212.29,237067.8014,1
1789362000000,1115.9,1119.4,1113.31,1116.62,2359.0,235.92,263366.2688,1
1789362900000,1116.62,1117.96,1111.98,1114.31,1676.0,167.62,186712.1077,1
1789363800000,1114.46,1148.99,1114.11,1135.34,6569.0,656.92,745549.5543,1
1789364700000,1135.48,1136.07,1129.19,1131.6,2892.0,289.26,327640.7919,1
1789365600000,1132.57,1140.34,1132.17,1135.94,4038.0,403.83,459216.578,1
1789366500000,1136.22,1138.33,1128.19,1128.19,3263.0,326.37,369994.4645,1
1789367400000,1128.14,1138.38,1121.04,1137.28,7998.0,799.81,901757.7579,1
1789368300000,1137.29,1138.26,1133.8,1135.34,2933.0,293.31,333147.2416,1
1789369200000,1135.44,1137.85,1132.12,1136.93,2998.0,299.87,340415.0668,1
1789370100000,1137.31,1155.06,1136.58,1140.61,4040.0,404.05,462248.532,1
1789371000000,1140.51,1145.47,1135.0,1144.25,4323.0,432.32,493097.7098,1
1789371900000,1144.25,1144.36,1138.4,1140.0,2772.0,277.2,316270.42,1
1789372800000,1139.99,1139.99,1134.66,1139.32,3659.0,365.99,416280.0435,1
1789373700000,1139.31,1144.11,1136.18,1137.07,4344.0,434.44,495009.0636,1
1789374600000,1136.45,1139.66,1133.51,1137.55,2847.0,284.78,323811.5992,1
1789375500000,1137.34,1139.73,1134.24,1139.03,2370.0,237.08,269426.0909,1
1789376400000,1139.04,1139.69,1134.62,1134.85,2086.0,208.68,237208.1851,1
1789377300000,1135.02,1137.37,1127.45,1133.97,5489.0,548.9,621783.9812,1
1789378200000,1133.93,1139.4,1131.72,1136.32,4664.0,466.4,529557.2214,1
1789379100000,1136.06,1153.13,1135.28,1143.39,5551.0,555.18,634056.4084,1
1789380000000,1143.62,1144.87,1137.51,1138.44,3708.0,370.84,423443.7243,1
1789380900000,1138.09,1140.54,1134.58,1136.16,2559.0,255.98,291115.9408,1
1789381800000,1136.27,1140.42,1135.02,1139.62,2366.0,236.65,269101.8796,1
1789382700000,1139.89,1140.86,1135.0,1135.68,2469.0,246.96,280893.242,1
1789383600000,1135.89,1138.9,1132.01,1137.55,2694.0,269.48,305964.0616,1
1789384500000,1137.55,1138.9,1135.9,1138.52,2028.0,202.87,230760.9821,1
1789385400000,1138.65,1139.74,1132.61,1133.25,2419.0,241.92,274683.8521,1
1789386300000,1133.51,1134.21,1129.37,1131.99,2147.0,214.71,243100.0691,1
1789387200000,1132.36,1133.87,1129.17,1132.46,2615.0,261.52,296068.5768,1
1789388100000,1132.46,1136.53,1130.97,1136.18,2314.0,231.41,262085.3702,1
1789389000000,1136.03,1142.41,1128.84,1134.14,3977.0,397.79,451463.4526,1
1789389900000,1133.52,1134.34,1118.44,1118.83,4801.0,480.13,541044.772,1
1789390800000,1118.44,1132.92,1113.61,1129.75,5737.0,573.76,642852.7745,1
1789391700000,1129.19,1136.0,1128.61,1134.55,5420.0,542.07,614274.6529,1
1789392600000,1134.83,1150.05,1132.93,1138.41,8288.0,828.83,944738.4949,1
1789393500000,1138.24,1152.86,1137.14,1141.01,7602.0,760.25,870872.448,1
1789394400000,1140.6,1154.86,1140.6,1152.59,7601.0,760.16,872563.5937,1
1789395300000,1152.35,1160.74,1141.6,1141.92,5162.0,516.27,592785.015,1
1789396200000,1142.28,1151.99,1137.63,1144.33,5710.0,571.02,653209.7681,1
1789397100000,1143.87,1146.72,1138.99,1141.3,4622.0,462.23,528043.3617,1
1789398000000,1141.34,1141.34,1132.09,1138.43,5889.0,588.95,669482.1601,1
1789398900000,1138.43,1141.14,1134.17,1135.35,3357.0,335.74,381998.787,1
1789399800000,1135.82,1140.47,1133.37,1139.39,3888.0,388.87,442468.7571,1
1789400700000,1139.39,1139.49,1133.57,1137.87,3375.0,337.55,383626.175,1
1789401600000,1137.45,1138.4,1132.2,1135.88,2854.0,285.44,323912.4475,1
1789402500000,1136.02,1150.49,1136.02,1139.82,6850.0,685.06,782909.4138,1
1789403400000,1139.6,1141.14,1133.45,1133.54,3366.0,336.61,382576.8929,1
1789404300000,1133.77,1146.71,1133.73,1138.52,3596.0,359.67,410756.0074,1
1789405200000,1138.54,1143.92,1136.27,1141.88,8952.0,895.24,1021913.9331,1
1789406100000,1141.52,1147.66,1141.52,1145.06,8097.0,809.77,926412.772,1
1789407000000,1145.11,1149.68,1141.34,1144.27,3309.0,330.96,378791.5033,1
1789407900000,1145.07,1153.8,1144.28,1149.34,4274.0,427.47,491322.451,1
1789408800000,1149.79,1164.95,1147.32,1154.46,4391.0,439.19,507653.2005,1
1789409700000,1154.86,1180.4,1153.05,1177.04,9650.0,965.01,1131351.2231,1
1789410600000,1177.33,1194.61,1176.86,1188.54,7996.0,799.69,949501.4541,1
1789411500000,1188.51,1205.0,1188.34,1200.88,9293.0,929.3,1112875.7463,1
1789412400000,1201.46,1202.87,1182.92,1185.3,6717.0,671.76,799848.2988,1
1789413300000,1185.3,1197.0,1184.09,1191.75,4168.0,416.87,496403.9323,1
1789414200000,1191.75,1194.77,1182.97,1194.36,5273.0,527.36,626548.1489,1
1789415100000,1194.06,1199.74,1190.49,1192.42,4022.0,402.24,480607.0687,1
1789416000000,1193.05,1209.29,1192.26,1209.23,5316.0,531.68,638000.0485,1
1789416900000,1208.62,1222.22,1200.75,1219.67,10865.0,1086.57,1318527.3214,1
1789417800000,1219.79,1223.47,1212.94,1214.44,7973.0,797.34,970780.3505,1
1789418700000,1214.2,1217.51,1198.67,1198.86,6903.0,690.38,833262.5503,1
1789419600000,1198.86,1199.94,1177.95,1180.78,8256.0,825.62,980188.5262,1
1789420500000,1180.91,1186.9,1178.9,1178.98,4362.0,436.21,515544.4808,1
1789421400000,1179.43,1181.19,1171.17,1173.96,4480.0,448.01,526443.6905,1
1789422300000,1173.97,1178.94,1170.02,1176.74,10516.0,1051.62,1233987.6083,1
1789423200000,1176.74,1185.0,1172.83,1184.45,11203.0,1120.34,1319583.3583,1
1789424100000,1184.5,1186.24,1172.87,1177.63,4401.0,440.19,518041.4649,1
1789425000000,1177.63,1177.82,1170.15,1171.94,10342.0,1034.23,1212135.6712,1
1789425900000,1171.88,1172.82,1168.09,1169.77,3437.0,343.71,402331.8276,1
1789426800000,1170.0,1171.5,1163.38,1167.89,5838.0,583.82,680940.0202,1
1789427700000,1167.93,1170.04,1162.9,1165.99,6750.0,675.05,787334.3481,1
1789428600000,1165.46,1168.08,1163.35,1167.52,3849.0,384.97,448775.7585,1
1789429500000,1167.41,1167.41,1162.5,1163.8,2489.0,248.9,289701.1064,1
1789430400000,1162.97,1168.43,1162.2,1163.01,4080.0,408.09,475477.4967,1
1789431300000,1163.04,1164.48,1160.14,1161.53,3255.0,325.55,378240.6936,1
1789432200000,1161.5,1165.88,1160.62,1161.15,2781.0,278.13,323486.9711,1
1789433100000,1161.23,1163.79,1160.34,1163.47,1971.0,197.16,229133.1084,1
1789434000000,1163.65,1163.96,1152.86,1153.16,5244.0,524.42,607039.5339,1
1789434900000,1152.94,1162.01,1151.42,1156.18,7860.0,786.0,909203.3332,1
1789435800000,1156.02,1160.08,1153.61,1156.95,5393.0,539.31,624440.1517,1
1789436700000,1156.94,1168.09,1154.26,1162.62,3066.0,306.65,356603.6375,1
1789437600000,1162.8,1166.67,1161.66,1163.86,2964.0,296.46,345125.3689,1
1789438500000,1163.86,1163.97,1154.11,1155.89,2927.0,292.73,338871.0218,1
1789439400000,1155.74,1159.16,1154.22,1156.83,2284.0,228.41,264117.1612,1
1789440300000,1156.6,1159.84,1156.05,1156.62,2128.0,212.89,246503.1473,1
1789441200000,1156.93,1156.93,1145.78,1147.06,7898.0,789.86,907358.646,1
1789442100000,1147.15,1147.19,1139.34,1142.61,3459.0,345.99,395269.8668,1
1789443000000,1142.61,1144.83,1138.86,1141.6,3534.0,353.42,403548.2605,1
1789443900000,1141.32,1142.65,1138.05,1140.14,2341.0,234.15,266931.3148,1
1789444800000,1140.16,1147.14,1140.08,1143.87,2705.0,270.54,309620.214,1
1789445700000,1143.98,1155.12,1143.98,1147.16,6490.0,649.04,745639.8636,1
1789446600000,1146.74,1148.12,1142.42,1147.92,2861.0,286.11,327551.4799,1
1789447500000,1147.92,1148.01,1144.03,1144.26,1522.0,152.26,174503.0619,1
1789448400000,1144.26,1147.81,1141.48,1143.37,1881.0,188.15,215428.502,1
1789449300000,1143.47,1143.72,1140.81,1141.23,5492.0,549.29,627367.9305,1
1789450200000,1141.13,1143.34,1138.72,1142.22,1964.0,196.49,224218.1903,1
1789451100000,1142.22,1148.66,1142.22,1147.08,2577.0,257.73,295547.2773,1
1789452000000,1147.04,1159.03,1146.01,1150.16,4183.0,418.39,482872.1331,1
1789452900000,1150.21,1153.39,1145.04,1145.08,1999.0,199.99,229860.3053,1
1789453800000,1145.08,1146.83,1141.43,1143.91,2546.0,254.64,291473.9689,1
1789454700000,1144.39,1146.38,1139.47,1144.81,2986.0,298.62,341102.2713,1
1789455600000,1144.98,1145.6,1138.89,1143.47,2342.0,234.28,267722.3213,1
1789456500000,1143.47,1149.91,1142.13,1145.82,2153.0,215.33,246916.0549,1
1789457400000,1145.82,1145.82,1139.35,1142.12,5194.0,519.49,593274.1284,1
1789458300000,1141.96,1144.01,1134.01,1138.28,5859.0,585.98,667427.1472,1
1789459200000,1137.67,1138.76,1127.21,1136.29,4645.0,464.54,525907.852,1
1789460100000,1136.24,1141.42,1135.45,1140.88,3491.0,349.1,397756.6757,1
1789461000000,1141.16,1143.07,1136.54,1138.02,1944.0,194.44,221346.8964,1
1789461900000,1137.95,1146.23,1137.48,1145.01,3764.0,376.4,429727.925,1
1789462800000,1145.35,1146.88,1140.72,1143.99,6962.0,696.25,797211.7008,1
1789463700000,1143.99,1144.18,1139.17,1140.5,5281.0,528.18,603100.7617,1
1789464600000,1140.5,1140.94,1137.67,1140.46,2033.0,203.38,231675.9481,1
1789465500000,1140.53,1144.48,1137.8,1139.65,1855.0,185.5,211788.7657,1
1789466400000,1139.41,1146.0,1137.43,1142.72,2135.0,213.54,243779.1768,1
1789467300000,1142.37,1145.13,1139.23,1140.73,2341.0,234.19,267654.2785,1
1789468200000,1140.97,1143.46,1140.71,1143.4,1418.0,141.89,162015.892,1
1789469100000,1143.35,1147.93,1142.21,1142.58,2196.0,219.62,251365.8628,1
1789470000000,1142.45,1146.67,1140.43,1141.16,2276.0,227.66,260214.8525,1
1789470900000,1140.94,1143.25,1136.59,1136.66,2344.0,234.41,266990.7483,1
1789471800000,1136.55,1136.93,1124.3,1128.91,5508.0,550.8,622577.5031,1
1789472700000,1129.06,1133.48,1123.79,1132.97,2562.0,256.24,289159.5226,1
1789473600000,1132.88,1136.12,1129.41,1134.22,2669.0,266.98,302611.8311,1
1789474500000,1134.22,1134.22,1126.72,1128.59,2835.0,283.55,320538.5168,1
1789475400000,1129.42,1131.61,1125.34,1128.59,2690.0,269.01,303594.7875,1
1789476300000,1128.77,1136.97,1126.43,1130.55,4522.0,452.27,511925.4565,1
1789477200000,1130.58,1140.5,1130.1,1135.92,4163.0,416.33,473183.2858,1
1789478100000,1136.06,1137.37,1134.18,1134.52,2038.0,203.84,231484.7486,1
1789479000000,1134.65,1136.78,1118.72,1134.95,8789.0,878.99,992809.1481,1
1789479900000,1134.95,1136.59,1128.14,1135.0,5949.0,594.93,673601.0758,1
1789480800000,1135.0,1142.24,1129.66,1130.64,6778.0,677.82,769816.1215,1
1789481700000,1130.79,1133.18,1124.01,1125.19,5436.0,543.65,612719.5684,1
1789482600000,1125.24,1126.04,1107.88,1117.71,17155.0,1715.53,1915639.1758,1
1789483500000,1118.46,1118.58,1097.83,1113.89,18760.0,1876.02,2080134.2618,1
1789484400000,1113.88,1124.14,1109.18,1115.85,19290.0,1929.05,2155066.4097,1
1789485300000,1115.77,1133.04,1114.83,1124.26,11053.0,1105.3,1240252.7796,1
1789486200000,1124.11,1127.78,1123.04,1126.37,3588.0,358.85,403777.1174,1
1789487100000,1126.37,1127.93,1122.59,1122.81,7075.0,707.56,796547.1024,1
1789488000000,1123.1,1123.47,1110.62,1111.0,4164.0,416.44,465089.47,1
1789488900000,1111.0,1121.78,1110.99,1121.25,4311.0,431.1,481260.9028,1
1789489800000,1121.07,1122.12,1116.8,1117.7,3004.0,300.47,336228.3183,1
1789490700000,1117.72,1125.49,1115.8,1116.45,2933.0,293.37,328649.0756,1
1789491600000,1116.11,1117.69,1108.18,1112.16,4584.0,458.49,509547.7836,1
1789492500000,1111.53,1122.08,1111.51,1121.61,3906.0,390.62,436495.5566,1
1789493400000,1121.2,1156.0,1120.82,1130.97,13796.0,1379.63,1573272.603,1
1789494300000,1131.11,1146.05,1131.11,1134.76,6474.0,647.41,737266.3829,1
1789495200000,1134.64,1139.3,1130.79,1135.04,6001.0,600.11,680587.2831,1
1789496100000,1135.5,1142.86,1122.78,1134.52,9286.0,928.6,1050323.7532,1
1789497000000,1134.96,1136.07,1106.39,1112.12,16453.0,1645.39,1837628.46,1
1789497900000,1111.57,1138.76,1086.2,1136.69,23068.0,2306.81,2566609.5195,1
1789498800000,1137.15,1150.99,1133.55,1146.34,13188.0,1318.87,1509305.9628,1
1789499700000,1145.98,1158.4,1137.21,1139.66,8897.0,889.77,1022644.5373,1
1789500600000,1139.67,1143.31,1121.51,1121.51,13868.0,1386.81,1568239.9386,1
1789501500000,1122.0,1133.62,1119.43,1131.62,12430.0,1243.07,1398905.7737,1
1789502400000,1131.62,1133.46,1121.33,1130.77,5287.0,528.77,595983.0501,1
1789503300000,1130.6,1132.0,1114.39,1114.65,6239.0,623.91,700704.1293,1
1789504200000,1114.15,1122.89,1110.85,1120.55,6665.0,666.56,746164.8039,1
1789505100000,1121.2,1127.97,1121.2,1123.05,4263.0,426.31,479281.1743,1
1789506000000,1122.82,1125.62,1112.14,1121.62,4400.0,440.02,491628.0371,1
1789506900000,1121.34,1122.53,1112.81,1113.8,2899.0,289.91,324099.7943,1
1789507800000,1113.9,1118.84,1111.0,1118.32,12899.0,1289.94,1438072.7156,1
1789508700000,1117.86,1119.39,1107.21,1108.14,3494.0,349.45,388471.1683,1
1789509600000,1107.37,1114.07,1102.7,1103.32,4989.0,498.9,552525.9981,1
1789510500000,1103.26,1109.29,1097.82,1106.35,13903.0,1390.38,1530488.6154,1
1789511400000,1106.01,1120.0,1105.95,1119.34,6756.0,675.69,752970.4861,1
1789512300000,1119.42,1123.94,1116.81,1120.21,6761.0,676.13,757183.2965,1
1789513200000,1120.06,1125.99,1119.63,1123.46,3774.0,377.47,424358.8743,1
1789514100000,1123.46,1124.42,1115.89,1116.26,5039.0,503.94,564469.0731,1
1789515000000,1115.93,1117.31,1105.11,1117.31,5313.0,531.35,590016.9723,1
1789515900000,1117.35,1117.35,1109.58,1110.03,1994.0,199.49,221911.0314,1
1789516800000,1110.17,1115.69,1106.28,1106.72,2910.0,291.03,323514.4096,1
1789517700000,1106.67,1115.19,1106.12,1114.64,2138.0,213.87,237583.8073,1
1789518600000,1114.2,1115.89,1109.61,1113.93,2149.0,214.99,239243.5124,1
1789519500000,1113.92,1119.89,1111.48,1117.63,2566.0,256.6,286485.606,1
1789520400000,1117.59,1122.18,1114.99,1122.18,4270.0,427.0,478156.2466,1
1789521300000,1122.1,1125.4,1120.96,1122.73,3515.0,351.56,395227.258,1
1789522200000,1122.61,1122.92,1109.77,1112.41,4633.0,463.34,517748.5979,1
1789523100000,1112.4,1115.87,1102.91,1102.91,4108.0,410.89,454661.6545,1
1789524000000,1103.19,1109.15,1100.62,1105.32,7927.0,792.77,875867.3233,1
1789524900000,1105.32,1117.89,1105.25,1117.89,3482.0,348.22,387312.5134,1
1789525800000,1118.3,1129.76,1118.3,1124.35,5597.0,559.72,630347.7856,1
1789526700000,1124.53,1127.43,1118.11,1119.76,2495.0,249.58,280362.1318,1
1789527600000,1120.15,1126.76,1119.29,1126.42,5891.0,589.12,661170.2442,1
1789528500000,1126.42,1135.32,1126.06,1129.47,11150.0,1115.01,1263363.4317,1
1789529400000,1130.02,1132.63,1126.43,1129.42,3160.0,316.07,357048.4753,1
1789530300000,1129.35,1131.65,1128.18,1130.95,1944.0,194.49,219714.0981,1
1789531200000,1131.32,1139.71,1130.86,1137.57,7194.0,719.46,818330.3871,1
1789532100000,1137.37,1146.57,1135.91,1140.89,4163.0,416.34,475061.9764,1
1789533000000,1140.66,1148.26,1139.35,1145.11,3291.0,329.13,376850.4553,1
1789533900000,1145.1,1151.37,1145.1,1148.99,2863.0,286.3,328778.9684,1
1789534800000,1148.98,1153.94,1140.3,1153.94,6593.0,659.38,756221.4391,1
1789535700000,1153.94,1179.2,1152.09,1160.54,11347.0,1134.76,1323562.7595,1
1789536600000,1160.12,1160.27,1146.92,1155.46,10751.0,1075.14,1240410.9936,1
1789537500000,1155.2,1157.98,1150.51,1156.03,4523.0,452.39,521866.5425,1
1789538400000,1156.67,1164.57,1156.43,1159.1,4862.0,486.21,564172.7219,1
1789539300000,1158.65,1171.01,1156.85,1169.22,4142.0,414.29,483475.6921,1
1789540200000,1169.27,1183.23,1167.37,1178.97,4135.0,413.54,485413.8025,1
1789541100000,1179.43,1189.98,1177.1,1187.8,4220.0,422.05,498903.7282,1
1789542000000,1187.84,1198.53,1183.19,1185.05,6677.0,667.78,794528.275,1
1789542900000,1185.28,1189.99,1179.17,1180.58,4334.0,433.4,513266.9319,1
1789543800000,1180.89,1188.09,1178.06,1180.27,4568.0,456.86,540187.69,1
1789544700000,1179.88,1183.06,1176.59,1178.64,6764.0,676.45,797435.4043,1
1789545600000,1178.73,1180.6,1169.0,1173.72,5293.0,529.32,621527.0652,1
1789546500000,1173.43,1184.6,1172.34,1176.03,5102.0,510.28,601266.722,1
1789547400000,1176.35,1189.62,1175.98,1186.5,3496.0,349.65,412894.3791,1
1789548300000,1186.08,1189.71,1180.38,1188.16,2898.0,289.89,343542.2941,1
1789549200000,1188.11,1189.59,1182.93,1184.11,2622.0,262.22,311049.6789,1
1789550100000,1184.13,1193.99,1184.13,1190.95,3258.0,325.81,387673.5465,1
1789551000000,1190.53,1194.67,1188.08,1191.38,3544.0,354.46,422400.9939,1
1789551900000,1191.25,1212.67,1190.48,1205.97,7479.0,747.96,901087.0709,1
1789552800000,1206.26,1208.09,1199.67,1199.67,7726.0,772.69,931121.9104,1
1789553700000,1199.86,1207.11,1199.65,1206.0,3404.0,340.4,409674.9992,1
1789554600000,1206.08,1214.45,1203.25,1209.71,3678.0,367.81,444474.0857,1
1789555500000,1209.78,1215.72,1206.07,1215.52,3371.0,337.17,408110.3844,1
1789556400000,1215.93,1218.29,1203.62,1206.45,5635.0,563.57,682739.3756,1
1789557300000,1206.07,1214.81,1204.07,1210.66,3346.0,334.6,405105.4213,1
1789558200000,1211.21,1237.93,1210.34,1237.39,6356.0,635.61,776439.428,1
1789559100000,1236.84,1242.34,1225.56,1229.2,9134.0,913.41,1125691.283,1
1789560000000,1229.33,1231.43,1221.54,1221.54,8271.0,827.15,1016228.1656,1
1789560900000,1221.53,1225.77,1205.92,1210.26,7150.0,715.09,868905.3951,1
1789561800000,1209.42,1226.7,1209.33,1212.94,7645.0,764.54,930260.1665,1
1789562700000,1213.0,1225.0,1211.35,1224.82,4663.0,466.31,568217.3371,1
1789563600000,1224.86,1224.86,1207.71,1215.87,15733.0,1573.36,1913450.8294,1
1789564500000,1215.73,1237.04,1213.82,1233.69,16380.0,1638.09,2000841.3656,1
1789565400000,1233.92,1256.09,1226.91,1251.36,20810.0,2081.02,2577566.9571,1
1789566300000,1251.36,1274.0,1248.67,1250.8,20059.0,2005.97,2529660.1293,1
1789567200000,1250.51,1253.01,1238.86,1243.83,11521.0,1152.14,1435713.3096,1
1789568100000,1242.68,1254.58,1242.68,1250.86,12112.0,1211.27,1513943.1288,1
1789569000000,1250.86,1257.35,1241.33,1256.24,7701.0,770.15,962880.2591,1
1789569900000,1256.24,1256.63,1235.23,1243.82,6659.0,665.92,829262.5527,1
1789570800000,1244.69,1251.92,1237.0,1251.01,11419.0,1141.92,1420882.4308,1
1789571700000,1251.69,1253.75,1244.76,1245.98,5064.0,506.4,632514.2009,1
1789572600000,1245.02,1252.7,1243.21,1249.15,4247.0,424.78,530398.5342,1
1789573500000,1249.04,1256.91,1245.15,1247.13,6472.0,647.29,809344.5296,1
1789574400000,1246.94,1257.19,1246.57,1254.4,8985.0,898.58,1122978.1132,1
1789575300000,1254.89,1270.43,1254.89,1270.43,11280.0,1128.0,1427172.654,1
1789576200000,1270.44,1273.97,1263.0,1264.0,15597.0,1559.7,1974624.1996,1
1789577100000,1264.01,1268.79,1263.1,1267.87,4377.0,437.78,554545.9533,1
1789578000000,1267.7,1268.35,1253.68,1255.27,5198.0,519.86,655222.4714,1
1789578900000,1254.76,1258.57,1247.94,1253.92,5316.0,531.62,665730.2905,1
1789579800000,1253.92,1253.95,1234.21,1240.21,9412.0,941.25,1169965.3397,1
1789580700000,1239.61,1255.21,1234.93,1248.49,7091.0,709.15,882368.8434,1
1789581600000,1248.41,1347.85,1235.65,1332.65,46316.0,4631.61,6040705.3586,1
1789582500000,1330.85,1347.88,1322.05,1346.13,19768.0,1976.87,2636652.4413,1
1789583400000,1346.45,1365.11,1296.04,1354.99,37401.0,3740.13,5000655.9752,1
1789584300000,1352.77,1357.9,1325.32,1334.59,10763.0,1076.36,1444983.9991,1
1789585200000,1335.23,1362.6,1333.52,1338.06,14220.0,1422.03,1914053.0583,1
1789586100000,1338.23,1340.99,1271.67,1292.45,20592.0,2059.25,2686705.1055,1
1789587000000,1293.06,1298.47,1277.0,1291.2,13350.0,1335.01,1720385.0693,1
1789587900000,1289.74,1296.41,1279.46,1289.45,8719.0,871.96,1123238.1435,1
1789588800000,1290.57,1299.67,1279.51,1289.05,7987.0,798.75,1029289.1892,1
1789589700000,1289.13,1318.1,1284.34,1308.89,9923.0,992.33,1297820.5323,1
1789590600000,1308.89,1328.18,1307.92,1320.66,7639.0,763.98,1008880.8609,1
1789591500000,1320.8,1326.0,1314.76,1319.01,4916.0,491.63,649221.2009,1
1789592400000,1319.04,1326.0,1314.45,1319.81,6311.0,631.18,832290.8282,1
1789593300000,1320.4,1327.02,1310.45,1315.0,4885.0,488.59,644512.4301,1
1789594200000,1314.41,1316.61,1304.03,1315.68,5033.0,503.34,659663.2668,1
1789595100000,1315.68,1323.65,1314.44,1321.64,2816.0,281.67,372018.6624,1
1789596000000,1322.12,1322.14,1307.14,1321.33,4232.0,423.29,556514.78,1
1789596900000,1321.42,1325.99,1308.25,1311.72,5292.0,529.24,696458.3902,1
1789597800000,1311.64,1311.67,1303.0,1306.22,4331.0,433.1,565609.8456,1
1789598700000,1306.16,1307.77,1284.92,1286.55,4605.0,460.52,596466.0368,1
1789599600000,1286.54,1309.33,1286.54,1309.17,3647.0,364.71,473759.3606,1
1789600500000,1309.58,1346.28,1309.55,1335.86,11253.0,1125.35,1500746.4486,1
1789601400000,1335.42,1348.71,1335.15,1343.29,7260.0,726.01,975004.417,1
1789602300000,1343.27,1344.54,1331.45,1335.67,6270.0,627.0,838353.1797,1
1789603200000,1336.47,1348.38,1329.76,1337.1,5519.0,551.92,738142.4213,1
1789604100000,1336.78,1346.59,1336.61,1342.1,5583.0,558.35,748681.4128,1
1789605000000,1342.11,1342.97,1336.45,1340.63,3367.0,336.74,451446.4161,1
1789605900000,1341.0,1349.75,1336.8,1347.71,4158.0,415.81,558652.7862,1
1789606800000,1348.73,1361.0,1339.83,1351.19,8559.0,855.92,1154690.0589,1
1789607700000,1351.05,1368.22,1344.76,1365.83,12157.0,1215.77,1652490.3493,1
1789608600000,1364.8,1377.64,1351.12,1364.72,15584.0,1558.43,2128999.7416,1
1789609500000,1364.53,1367.67,1359.0,1364.04,6491.0,649.15,884762.3436,1
1789610400000,1364.49,1369.99,1352.82,1363.1,6438.0,643.88,877790.5037,1
1789611300000,1362.55,1376.7,1357.6,1368.01,5299.0,529.92,724294.9156,1
1789612200000,1368.01,1379.75,1365.5,1366.51,5159.0,515.96,708333.9128,1
1789613100000,1366.51,1380.38,1366.33,1376.42,5852.0,585.22,804664.4884,1
1789614000000,1376.66,1384.46,1374.25,1375.44,6294.0,629.45,868633.0031,1
1789614900000,1376.51,1390.19,1373.72,1381.5,6362.0,636.27,879018.6282,1
1789615800000,1380.74,1388.77,1379.59,1379.7,5399.0,539.91,747572.5893,1
1789616700000,1379.69,1382.26,1375.3,1377.82,3708.0,370.85,511008.4039,1
1789617600000,1378.82,1378.82,1363.65,1366.6,4823.0,482.38,660729.1615,1
1789618500000,1366.28,1366.28,1349.57,1354.51,4850.0,485.04,658761.8679,1
1789619400000,1354.48,1371.63,1352.32,1367.17,5301.0,530.11,722742.7742,1
1789620300000,1367.31,1369.68,1360.4,1362.61,2991.0,299.14,408195.0351,1
1789621200000,1362.93,1364.65,1355.91,1356.73,2857.0,285.72,388190.0476,1
1789622100000,1356.73,1363.11,1353.75,1359.71,2787.0,278.79,378667.3088,1
1789623000000,1359.11,1361.53,1352.26,1352.52,3708.0,370.81,503379.8485,1
1789623900000,1352.28,1363.95,1348.41,1358.48,3587.0,358.75,486641.6872,1
1789624800000,1357.59,1367.34,1355.41,1359.65,3380.0,338.06,460849.1113,1
1789625700000,1359.19,1360.6,1346.01,1355.92,3504.0,350.4,474420.2407,1
1789626600000,1356.22,1362.65,1353.5,1361.76,3804.0,380.44,517124.573,1
1789627500000,1361.98,1363.68,1352.24,1353.68,3296.0,329.62,447467.8362,1
1789628400000,1353.44,1363.15,1352.23,1356.98,3657.0,365.77,496790.7303,1
1789629300000,1356.53,1362.94,1354.15,1360.12,3259.0,325.97,443326.9371,1
1789630200000,1360.0,1367.41,1358.0,1366.22,3448.0,344.82,470257.9989,1
1789631100000,1366.22,1371.16,1365.25,1370.39,3921.0,392.11,536905.2074,1
1789632000000,1370.43,1372.26,1363.67,1369.98,4107.0,410.76,562041.9076,1
1789632900000,1369.87,1386.98,1367.53,1381.44,4879.0,487.97,673449.3301,1
1789633800000,1382.01,1388.88,1378.9,1384.22,3090.0,309.09,427532.1922,1
1789634700000,1384.35,1392.63,1374.32,1384.3,5000.0,500.08,692227.7798,1
1789635600000,1384.3,1386.96,1376.52,1377.44,3662.0,366.26,506094.6414,1
1789636500000,1377.34,1377.75,1367.01,1367.15,6062.0,606.21,832489.2519,1
1789637400000,1367.37,1373.97,1367.03,1367.92,3066.0,306.64,420123.2995,1
1789638300000,1368.5,1371.7,1350.7,1352.57,7540.0,754.05,1025004.0363,1
1789639200000,1352.56,1354.58,1331.42,1334.48,17435.0,1743.5,2333426.2045,1
1789640100000,1334.4,1343.07,1327.42,1340.0,6607.0,660.7,880554.4216,1
1789641000000,1339.64,1342.17,1334.06,1335.46,7390.0,739.09,987976.6206,1
1789641900000,1336.2,1345.89,1333.3,1345.7,4116.0,411.66,551877.9284,1
1789642800000,1345.33,1356.33,1345.22,1355.07,15050.0,1505.08,2037377.8998,1
1789643700000,1355.07,1355.43,1349.19,1355.09,2671.0,267.1,361289.684,1
1789644600000,1355.0,1355.56,1342.17,1344.22,9985.0,998.52,1344287.6306,1
1789645500000,1342.55,1367.5,1342.55,1366.46,17747.0,1774.73,2401446.1067,1
1789646400000,1367.18,1376.14,1357.5,1372.9,13984.0,1398.48,1908534.1068,1
1789647300000,1373.43,1375.62,1368.01,1370.51,7543.0,754.36,1035155.9526,1
1789648200000,1370.2,1373.01,1363.75,1369.68,6628.0,662.86,906744.6179,1
1789649100000,1370.19,1371.82,1355.14,1355.17,6189.0,618.99,843339.9301,1
1789650000000,1355.52,1359.11,1350.0,1357.34,5392.0,539.26,730687.5835,1
1789650900000,1357.07,1365.42,1355.78,1359.78,8028.0,802.87,1093055.1482,1
1789651800000,1359.08,1363.66,1341.33,1354.97,7735.0,773.59,1045656.9876,1
1789652700000,1354.99,1379.02,1349.83,1373.5,9879.0,987.97,1352315.2667,1
1789653600000,1374.25,1411.85,1367.55,1408.86,24711.0,2471.15,3452404.453,1
1789654500000,1407.26,1440.17,1401.03,1435.36,20085.0,2008.56,2859303.5544,1
1789655400000,1436.22,1439.09,1415.95,1422.01,11716.0,1171.61,1667606.3122,1
1789656300000,1422.2,1438.95,1421.93,1421.94,10987.0,1098.72,1571203.1462,1
1789657200000,1422.06,1431.59,1420.01,1426.22,8112.0,811.2,1155640.0206,1
1789658100000,1426.03,1434.46,1425.83,1434.46,7917.0,791.76,1130274.0194,1
1789659000000,1434.46,1447.89,1427.44,1444.09,12214.0,1221.49,1757660.1369,1
1789659900000,1443.49,1491.98,1443.49,1481.45,25784.0,2578.41,3786880.2063,1
1789660800000,1481.45,1487.84,1452.38,1471.19,15469.0,1546.96,2281627.4202,1
1789661700000,1471.05,1477.64,1459.16,1466.84,6508.0,650.81,956706.2623,1
1789662600000,1466.81,1475.02,1458.47,1472.34,6978.0,697.82,1025065.3557,1
1789663500000,1472.5,1474.06,1457.25,1468.17,6551.0,655.11,959098.7035,1
1789664400000,1468.3,1479.02,1466.67,1472.67,6110.0,611.02,899702.0747,1
1789665300000,1472.67,1508.0,1471.63,1484.55,15772.0,1577.27,2349829.0288,1
1789666200000,1484.95,1489.61,1475.37,1479.01,7781.0,778.14,1152945.9993,1
1789667100000,1479.15,1486.46,1470.0,1471.99,8810.0,881.04,1302571.5851,1
1789668000000,1472.77,1480.0,1463.33,1465.77,5958.0,595.82,877657.9798,1
1789668900000,1465.55,1471.38,1457.41,1465.75,6128.0,612.8,897145.4097,1
1789669800000,1466.03,1471.37,1457.69,1460.65,7356.0,735.61,1075836.6697,1
1789670700000,1460.65,1465.0,1454.5,1459.46,5337.0,533.73,779911.3652,1
1789671600000,1458.42,1462.99,1453.9,1458.47,4504.0,450.48,657123.4181,1
1789672500000,1458.19,1493.91,1456.01,1489.86,20643.0,2064.39,3048785.4986,1
1789673400000,1490.75,1498.52,1480.0,1486.52,10514.0,1051.44,1564323.6777,1
1789674300000,1486.51,1506.43,1481.38,1489.54,10712.0,1071.28,1599270.0266,1
1789675200000,1489.59,1504.08,1485.89,1499.77,6349.0,634.97,949306.9444,1
1789676100000,1500.6,1506.99,1492.73,1497.34,8044.0,804.46,1206565.0497,1
1789677000000,1497.66,1497.66,1480.26,1486.39,6839.0,683.94,1017513.0951,1
1789677900000,1486.35,1488.34,1480.28,1481.81,4247.0,424.77,630512.7589,1
1789678800000,1480.89,1484.92,1462.02,1468.1,8608.0,860.88,1270376.8319,1
1789679700000,1468.41,1477.21,1464.15,1473.28,4629.0,462.92,680626.7545,1
1789680600000,1472.74,1480.68,1465.57,1474.25,4236.0,423.67,623779.5957,1
1789681500000,1474.28,1474.28,1461.25,1462.61,5821.0,582.14,854141.6265,1
1789682400000,1462.48,1467.45,1460.9,1465.71,3712.0,371.29,543577.6488,1
1789683300000,1465.71,1470.97,1460.04,1466.56,3598.0,359.86,527613.7294,1
1789684200000,1466.18,1480.2,1465.01,1476.92,6074.0,607.41,894842.5532,1
1789685100000,1476.91,1477.84,1466.43,1476.85,3800.0,380.01,560168.0004,1
1789686000000,1477.35,1479.5,1471.4,1475.27,2309.0,230.92,340633.3012,1
1789686900000,1475.74,1475.79,1467.08,1468.91,2229.0,222.96,327762.4504,1
1789687800000,1469.0,1474.74,1467.15,1471.05,2375.0,237.5,349216.3545,1
1789688700000,1471.05,1471.54,1465.99,1466.84,4749.0,474.93,697833.554,1
1789689600000,1466.72,1471.6,1460.0,1460.18,4874.0,487.49,714491.2919,1
1789690500000,1460.0,1460.99,1443.07,1452.56,8654.0,865.48,1255386.6617,1
1789691400000,1451.79,1457.15,1447.85,1452.47,5679.0,567.92,824809.2271,1
1789692300000,1452.41,1464.0,1450.58,1462.82,4495.0,449.58,655822.7161,1
1789693200000,1462.82,1465.84,1460.56,1463.37,2865.0,286.55,419340.6828,1
1789694100000,1463.37,1468.73,1461.64,1466.73,5319.0,531.97,780270.2721,1
1789695000000,1466.66,1472.35,1465.73,1470.15,3179.0,317.92,466940.0838,1
1789695900000,1470.08,1495.08,1470.08,1481.78,7788.0,778.87,1154740.6502,1
1789696800000,1481.73,1495.39,1480.0,1485.38,6396.0,639.69,952127.8475,1
1789697700000,1485.04,1490.84,1478.52,1488.54,4350.0,435.07,646439.9508,1
1789698600000,1488.72,1490.31,1481.38,1485.5,2632.0,263.28,391262.5957,1
1789699500000,1485.54,1489.32,1484.09,1485.77,2279.0,227.96,338905.8269,1
1789700400000,1485.41,1499.78,1483.04,1492.93,4569.0,456.97,681184.7476,1
1789701300000,1492.57,1501.07,1484.68,1487.41,5337.0,533.71,795745.6481,1
1789702200000,1488.25,1498.2,1484.07,1495.99,6960.0,696.03,1037239.8856,1
1789703100000,1495.99,1523.81,1495.85,1517.35,12952.0,1295.2,1957579.4335,1
1789704000000,1517.32,1518.87,1507.12,1514.05,5738.0,573.8,868242.5825,1
1789704900000,1514.3,1514.3,1485.9,1486.32,4884.0,488.48,731736.2893,1
1789705800000,1486.23,1516.9,1476.76,1516.4,10250.0,1025.02,1533254.672,1
1789706700000,1516.47,1523.95,1510.57,1521.47,9792.0,979.29,1486959.4333,1
1789707600000,1520.67,1530.23,1508.86,1519.09,10122.0,1012.28,1535046.6146,1
1789708500000,1519.9,1523.32,1507.84,1509.73,5929.0,592.92,898529.0303,1
1789709400000,1510.59,1519.35,1507.29,1516.52,4478.0,447.82,676976.7704,1
1789710300000,1517.25,1519.65,1509.19,1512.35,3997.0,399.72,605949.3499,1
1789711200000,1512.35,1514.7,1499.07,1506.51,3448.0,344.85,519612.5626,1
1789712100000,1506.51,1508.21,1496.02,1500.16,9703.0,970.36,1456558.1159,1
1789713000000,1499.76,1504.4,1495.29,1500.76,3779.0,377.92,566967.7517,1
1789713900000,1500.07,1500.07,1492.07,1492.07,2988.0,298.89,447591.6599,1
1789714800000,1492.21,1497.86,1490.64,1491.99,3230.0,323.03,482521.6498,1
1789715700000,1491.99,1497.5,1487.23,1487.24,3611.0,361.1,538451.8546,1
1789716600000,1487.34,1490.74,1481.27,1484.51,3630.0,363.05,539903.7217,1
1789717500000,1484.15,1488.24,1480.67,1483.1,3301.0,330.17,490453.7473,1
1789718400000,1483.3,1491.55,1480.4,1486.02,3653.0,365.35,542533.1962,1
1789719300000,1486.65,1496.44,1475.91,1475.97,5025.0,502.5,747338.4347,1
1789720200000,1475.97,1478.83,1464.95,1477.99,5670.0,567.05,834249.8244,1
1789721100000,1477.97,1487.66,1477.97,1483.82,5103.0,510.37,757221.3448,1
1789722000000,1483.9,1484.34,1464.42,1471.18,5265.0,526.57,774444.0895,1
1789722900000,1470.98,1482.61,1467.32,1479.47,4062.0,406.2,598500.3817,1
1789723800000,1480.05,1483.0,1470.48,1479.07,3035.0,303.5,448098.6836,1
1789724700000,1478.94,1484.36,1477.06,1481.28,3172.0,317.22,469459.9084,1
1789725600000,1481.28,1483.3,1474.05,1482.78,3613.0,361.33,534706.4643,1
1789726500000,1482.85,1491.71,1478.22,1488.36,4397.0,439.75,652990.3631,1
1789727400000,1488.3,1488.48,1483.21,1484.57,2999.0,299.97,445586.3097,1
1789728300000,1484.5,1486.58,1473.08,1476.22,2749.0,274.92,406834.7022,1
1789729200000,1475.93,1477.66,1466.67,1471.72,3866.0,386.61,569130.6229,1
1789730100000,1471.89,1472.81,1454.99,1459.74,7763.0,776.37,1137053.9147,1
1789731000000,1460.48,1468.56,1458.68,1460.4,4448.0,444.84,651056.9682,1
1789731900000,1461.03,1465.04,1453.28,1456.0,3503.0,350.32,511329.0428,1
1789732800000,1456.11,1462.19,1454.13,1456.79,3884.0,388.46,566267.2292,1
1789733700000,1456.41,1464.83,1456.25,1457.02,2469.0,246.92,360423.6353,1
1789734600000,1457.02,1460.72,1449.0,1451.12,6335.0,633.59,921912.0716,1
1789735500000,1451.23,1465.25,1451.01,1461.59,2971.0,297.14,433541.7005,1
1789736400000,1461.55,1464.77,1456.18,1464.35,3288.0,328.8,480492.034,1
1789737300000,1464.18,1473.66,1464.18,1467.92,4918.0,491.86,722525.9563,1
1789738200000,1468.26,1479.83,1467.01,1474.28,5710.0,571.03,840898.1061,1
1789739100000,1473.78,1484.68,1431.74,1453.58,11934.0,1193.45,1741023.7588,1
1789740000000,1453.29,1479.84,1453.24,1477.54,9624.0,962.43,1412356.6718,1
1789740900000,1478.74,1482.75,1465.98,1470.66,11231.0,1123.11,1653231.5368,1
1789741800000,1470.9,1487.84,1466.46,1484.64,6704.0,670.45,990282.2843,1
1789742700000,1484.64,1486.79,1478.62,1482.3,6658.0,665.81,987518.7326,1
1789743600000,1482.63,1485.65,1464.42,1485.01,9081.0,908.1,1338022.0935,1
1789744500000,1485.01,1506.88,1485.01,1486.94,9045.0,904.59,1350211.2988,1
1789745400000,1487.53,1488.26,1473.18,1476.74,7819.0,781.99,1156888.3811,1
1789746300000,1476.87,1486.56,1474.56,1482.34,6013.0,601.3,890381.3325,1
1789747200000,1481.96,1483.17,1471.64,1475.75,4471.0,447.11,660035.8351,1
1789748100000,1476.04,1481.11,1467.27,1470.77,7562.0,756.27,1113954.6924,1
1789749000000,1471.59,1475.61,1460.75,1462.26,6260.0,626.05,919085.2158,1
1789749900000,1462.54,1462.54,1444.65,1444.86,6283.0,628.39,913498.0203,1
1789750800000,1445.0,1456.1,1435.95,1448.56,11019.0,1101.98,1592775.2817,1
1789751700000,1448.67,1448.99,1437.51,1442.75,4648.0,464.8,670858.7995,1
1789752600000,1441.86,1452.09,1440.53,1452.03,3878.0,387.81,561112.917,1
1789753500000,1452.01,1455.95,1447.21,1451.4,3932.0,393.24,571040.4505,1
1789754400000,1451.25,1455.95,1446.45,1454.59,3258.0,325.89,472932.0386,1
1789755300000,1453.78,1459.66,1450.0,1452.18,3394.0,339.41,493691.995,1
1789756200000,1452.38,1454.05,1445.18,1453.48,3394.0,339.44,491833.1127,1
1789757100000,1454.18,1457.24,1450.0,1456.74,4123.0,412.35,599178.2228,1
1789758000000,1457.23,1467.08,1457.23,1462.82,3860.0,386.09,564824.6605,1
1789758900000,1463.72,1478.93,1463.39,1478.8,3294.0,329.44,483937.7007,1
1789759800000,1478.45,1486.82,1472.5,1482.87,7968.0,796.81,1180182.8314,1
1789760700000,1483.4,1483.4,1469.45,1470.4,4226.0,422.64,624768.2827,1
1789761600000,1470.57,1482.62,1462.95,1478.28,6387.0,638.72,940001.868,1
1789762500000,1478.54,1485.0,1478.54,1482.62,2830.0,283.04,419518.296,1
1789763400000,1482.66,1493.41,1482.66,1491.94,4516.0,451.65,672391.5708,1
1789764300000,1491.67,1506.51,1491.67,1500.99,7621.0,762.14,1143408.3988,1
1789765200000,1501.0,1507.82,1493.88,1496.85,5338.0,533.81,800576.7391,1
1789766100000,1496.61,1496.61,1488.0,1488.29,4904.0,490.45,731468.1126,1
1789767000000,1488.21,1502.81,1487.93,1488.16,3433.0,343.37,513534.779,1
1789767900000,1487.93,1499.3,1487.77,1491.98,3269.0,326.94,488477.5963,1
1789768800000,1492.16,1512.33,1491.04,1503.69,6681.0,668.18,1004214.0972,1
1789769700000,1503.45,1503.75,1494.56,1494.81,2741.0,274.17,411097.6579,1
1789770600000,1494.44,1511.02,1494.37,1508.65,6933.0,693.37,1043407.9287,1
1789771500000,1508.69,1548.82,1508.16,1547.65,12146.0,1214.68,1852295.8266,1
1789772400000,1548.97,1583.02,1547.55,1562.74,30520.0,3052.0,4793505.2086,1
1789773300000,1563.28,1583.42,1563.28,1575.05,7231.0,723.17,1139949.5943,1
1789774200000,1574.83,1582.99,1566.38,1568.31,6424.0,642.42,1009913.3377,1
1789775100000,1568.94,1573.07,1550.09,1561.09,8152.0,815.22,1272992.1896,1
1789776000000,1561.09,1565.78,1546.56,1547.99,6869.0,686.92,1067026.3482,1
1789776900000,1547.99,1578.51,1546.72,1571.27,7836.0,783.6,1228006.6796,1
1789777800000,1571.87,1576.36,1555.49,1567.3,4649.0,464.95,727497.0819,1
1789778700000,1565.32,1584.5,1565.32,1575.69,6821.0,682.12,1075231.2973,1
1789779600000,1576.03,1584.98,1572.89,1575.41,5154.0,515.4,813549.1366,1
1789780500000,1573.72,1583.06,1570.75,1579.91,5251.0,525.14,829009.8009,1
1789781400000,1579.56,1580.19,1564.98,1567.04,5649.0,564.91,886489.5116,1
1789782300000,1566.71,1569.27,1550.54,1552.91,5649.0,564.9,881826.3858,1
1789783200000,1553.12,1565.96,1550.89,1559.54,4143.0,414.33,645475.4366,1
1789784100000,1559.45,1564.01,1554.01,1554.93,3418.0,341.85,532910.0429,1
1789785000000,1555.57,1560.0,1546.79,1548.75,3909.0,390.94,606624.029,1
1789785900000,1548.85,1556.92,1546.55,1548.13,2813.0,281.33,436720.8563,1
1789786800000,1548.62,1554.98,1546.96,1552.63,4709.0,470.92,730822.5989,1
1789787700000,1552.83,1555.61,1533.72,1537.62,5916.0,591.67,911296.0185,1
1789788600000,1537.78,1542.3,1534.08,1538.01,4023.0,402.35,618968.0867,1
1789789500000,1537.62,1537.62,1525.67,1531.82,3884.0,388.48,594591.7295,1
1789790400000,1531.78,1535.96,1530.24,1532.23,3726.0,372.63,571408.2449,1
1789791300000,1531.87,1537.94,1531.55,1533.59,2293.0,229.39,351958.7331,1
1789792200000,1533.54,1535.74,1520.12,1526.69,4459.0,445.97,680852.2214,1
1789793100000,1526.69,1528.47,1520.01,1527.28,2870.0,287.06,437713.2412,1
1789794000000,1526.89,1534.59,1525.0,1527.14,2641.0,264.15,403934.0063,1
1789794900000,1527.25,1551.86,1527.22,1540.21,3858.0,385.86,594477.3723,1
1789795800000,1540.25,1553.49,1540.21,1542.68,3173.0,317.34,491056.6336,1
1789796700000,1543.0,1550.12,1542.53,1547.34,2618.0,261.88,405135.5173,1
1789797600000,1547.34,1552.27,1545.09,1552.27,1677.0,167.79,259864.589,1
1789798500000,1552.27,1555.26,1546.83,1551.42,2925.0,292.56,453662.5338,1
1789799400000,1551.41,1564.82,1551.35,1560.69,3785.0,378.52,589901.201,1
1789800300000,1560.85,1564.99,1559.07,1564.15,2545.0,254.53,397808.9059,1
1789801200000,1563.62,1574.43,1560.75,1571.81,3116.0,311.66,488599.7933,1
1789802100000,1572.11,1579.0,1563.43,1567.51,7266.0,726.65,1142615.4769,1
1789803000000,1568.29,1568.73,1556.61,1558.95,3096.0,309.68,484336.6071,1
1789803900000,1558.97,1570.82,1558.97,1565.98,2940.0,294.03,460210.8477,1
1789804800000,1566.15,1567.84,1559.3,1563.13,3505.0,350.58,548189.6592,1
1789805700000,1563.07,1568.4,1562.24,1562.67,2384.0,238.42,373105.8706,1
1789806600000,1562.89,1571.2,1560.01,1560.52,3005.0,300.52,470188.8592,1
1789807500000,1560.44,1565.42,1547.68,1551.46,3821.0,382.13,595502.8931,1
1789808400000,1551.91,1558.0,1549.66,1556.23,2949.0,294.92,458436.4509,1
1789809300000,1556.07,1568.81,1551.68,1562.97,3144.0,314.41,491142.0232,1
1789810200000,1563.05,1577.46,1561.06,1574.57,4012.0,401.21,630016.6868,1
1789811100000,1574.67,1594.27,1565.0,1565.47,8148.0,814.8,1285320.3388,1
1789812000000,1565.4,1572.91,1563.17,1572.84,4380.0,438.01,687167.9892,1
1789812900000,1572.66,1585.99,1570.71,1580.08,3426.0,342.64,541184.8527,1
1789813800000,1580.08,1580.23,1558.29,1558.63,6913.0,691.31,1083150.4546,1
1789814700000,1559.57,1564.43,1530.49,1531.61,8095.0,809.55,1256138.4046,1
1789815600000,1532.05,1541.6,1530.92,1537.51,3717.0,371.77,572146.3593,1
1789816500000,1537.27,1542.56,1532.54,1538.51,2993.0,299.34,460135.4543,1
1789817400000,1538.47,1549.46,1531.16,1547.12,9130.0,913.04,1403225.7987,1
1789818300000,1547.07,1547.26,1536.87,1542.57,3040.0,304.08,469085.7762,1
1789819200000,1542.55,1547.75,1540.56,1546.43,2268.0,226.84,350443.5243,1
1789820100000,1545.98,1548.06,1537.55,1539.26,2921.0,292.17,450474.7136,1
1789821000000,1539.5,1539.98,1530.0,1534.34,3836.0,383.66,588327.5076,1
1789821900000,1534.24,1539.78,1530.9,1533.99,4594.0,459.44,705212.6074,1
1789822800000,1534.37,1535.05,1524.84,1533.53,3829.0,382.97,586443.7017,1
1789823700000,1533.62,1539.25,1531.19,1533.9,3690.0,369.01,566237.2642,1
1789824600000,1534.16,1537.58,1531.01,1532.68,2376.0,237.69,364419.5332,1
1789825500000,1532.0,1535.44,1530.0,1532.1,2190.0,219.06,335739.6297,1
1789826400000,1532.11,1532.11,1526.11,1528.35,3042.0,304.23,465081.0933,1
1789827300000,1528.76,1532.69,1525.16,1531.68,2752.0,275.21,420994.7008,1
1789828200000,1531.65,1531.98,1523.13,1527.84,3060.0,306.0,467302.7358,1
1789829100000,1528.09,1528.75,1524.53,1526.75,1774.0,177.46,270957.2878,1
1789830000000,1527.74,1529.34,1515.89,1525.33,4865.0,486.57,741625.9051,1
1789830900000,1525.78,1528.08,1518.01,1524.0,5865.0,586.52,894468.7269,1
1789831800000,1524.22,1528.19,1520.9,1527.05,2656.0,265.67,405110.7093,1
1789832700000,1527.08,1527.08,1517.46,1520.71,2892.0,289.23,439928.8191,1
1789833600000,1521.1,1521.72,1507.94,1514.34,6989.0,698.91,1058238.8709,1
1789834500000,1515.25,1517.17,1508.78,1509.62,8642.0,864.21,1305808.6363,1
1789835400000,1509.17,1513.83,1507.01,1507.7,2962.0,296.22,447386.6858,1
1789836300000,1507.71,1509.38,1504.02,1504.51,2949.0,294.93,444276.3884,1
1789837200000,1504.5,1506.46,1493.67,1493.98,5440.0,544.08,816094.0465,1
1789838100000,1493.54,1496.62,1476.15,1478.69,9656.0,965.64,1433009.2273,1
1789839000000,1479.49,1498.04,1479.05,1488.8,9130.0,913.09,1359773.7087,1
1789839900000,1488.62,1497.95,1487.74,1490.99,4257.0,425.74,635700.2683,1
1789840800000,1490.75,1495.18,1485.9,1488.15,4448.0,444.83,662791.0704,1
1789841700000,1488.48,1490.29,1477.31,1478.4,3645.0,364.58,541258.2915,1
1789842600000,1478.51,1488.79,1473.32,1474.99,11025.0,1102.52,1629263.8755,1
1789843500000,1474.66,1479.44,1473.63,1479.26,2683.0,268.38,396081.5889,1
1789844400000,1479.55,1481.41,1471.41,1480.81,5532.0,553.21,815937.5056,1
1789845300000,1480.75,1486.51,1478.02,1483.4,3557.0,355.76,527431.2075,1
1789846200000,1484.74,1485.75,1479.56,1483.93,2634.0,263.4,390565.9504,1
1789847100000,1484.17,1488.78,1476.48,1477.5,6715.0,671.52,997046.9874,1
1789848000000,1477.52,1480.87,1475.0,1476.2,3807.0,380.76,562785.0022,1
1789848900000,1475.94,1476.65,1470.68,1473.8,3671.0,367.18,540912.6126,1
1789849800000,1473.34,1480.21,1472.74,1479.83,3710.0,371.04,547765.9874,1
1789850700000,1479.86,1482.12,1477.04,1479.0,2285.0,228.57,338136.1294,1
1789851600000,1478.84,1483.2,1466.57,1470.32,5156.0,515.68,759821.2438,1
1789852500000,1469.99,1479.0,1468.04,1478.11,5561.0,556.17,819455.6382,1
1789853400000,1477.97,1479.99,1472.44,1474.86,3092.0,309.29,456755.8978,1
1789854300000,1474.86,1476.74,1469.2,1470.1,1150.0,115.09,169435.2339,1
1789855200000,1470.31,1476.79,1468.13,1476.65,2612.0,261.25,384649.3315,1
1789856100000,1476.63,1478.61,1472.51,1475.98,1547.0,154.7,228316.459,1
1789857000000,1475.45,1481.75,1470.0,1475.2,2264.0,226.48,334038.7609,1
1789857900000,1475.41,1480.7,1473.93,1476.98,4695.0,469.52,693893.5953,1
1789858800000,1477.21,1484.2,1475.84,1482.46,2230.0,223.06,330147.5914,1
1789859700000,1482.77,1484.4,1472.79,1474.76,2311.0,231.14,341402.5515,1
1789860600000,1475.04,1475.04,1471.25,1472.67,2382.0,238.25,350917.9322,1
1789861500000,1472.24,1474.49,1466.97,1470.19,2268.0,226.87,333613.5744,1
1789862400000,1470.62,1474.93,1468.18,1471.43,1888.0,188.88,277961.7639,1
1789863300000,1470.1,1473.18,1465.52,1470.14,2051.0,205.1,301441.1004,1
1789864200000,1469.96,1472.51,1466.02,1471.3,2730.0,273.0,401091.0676,1
1789865100000,1471.2,1476.99,1470.83,1473.94,1990.0,199.0,293447.4335,1
1789866000000,1474.13,1479.0,1467.13,1470.06,3452.0,345.26,509014.1018,1
1789866900000,1469.67,1474.3,1463.88,1463.88,2063.0,206.37,303405.6403,1
1789867800000,1463.98,1472.19,1457.57,1471.32,5846.0,584.66,855146.2185,1
1789868700000,1471.61,1475.33,1466.74,1474.16,2090.0,209.07,307328.7549,1
1789869600000,1474.25,1474.27,1468.36,1471.27,2026.0,202.65,298204.7101,1
1789870500000,1470.38,1471.9,1459.44,1461.61,3944.0,394.46,578848.5939,1
1789871400000,1462.04,1464.88,1456.18,1457.1,2412.0,241.28,352436.2943,1
1789872300000,1457.09,1461.89,1450.6,1451.29,6088.0,608.87,886532.346,1
1789873200000,1450.96,1464.21,1445.0,1459.31,9432.0,943.25,1371628.2796,1
1789874100000,1459.29,1472.26,1453.52,1453.92,4547.0,454.77,665027.3686,1
1789875000000,1453.35,1455.43,1452.16,1452.7,2728.0,272.87,396641.2085,1
1789875900000,1451.68,1465.04,1451.0,1456.75,3046.0,304.69,444437.6151,1
1789876800000,1457.08,1458.74,1444.62,1447.59,6138.0,613.89,889083.7109,1
1789877700000,1447.34,1449.84,1445.22,1449.15,1486.0,148.64,215170.9938,1
1789878600000,1449.15,1453.54,1445.49,1450.13,1766.0,176.62,255993.5113,1
1789879500000,1450.13,1456.35,1449.07,1454.19,2083.0,208.32,302794.6106,1
1789880400000,1454.17,1458.51,1451.2,1455.06,3159.0,315.92,459775.892,1
1789881300000,1455.25,1455.25,1445.01,1448.05,2610.0,261.09,378157.3005,1
1789882200000,1448.3,1452.49,1446.85,1452.49,2328.0,232.84,337480.512,1
1789883100000,1452.68,1459.66,1451.05,1451.05,2314.0,231.48,336811.6784,1
1789884000000,1450.95,1453.8,1448.6,1450.39,2047.0,204.74,297121.2154,1
1789884900000,1450.78,1452.71,1443.5,1448.79,1873.0,187.31,271092.0972,1
1789885800000,1448.4,1451.43,1439.73,1446.62,3469.0,346.92,501089.7239,1
1789886700000,1447.08,1452.69,1445.32,1449.04,2571.0,257.16,372728.3325,1
1789887600000,1449.04,1454.53,1449.04,1452.24,3284.0,328.47,476932.2584,1
1789888500000,1451.67,1457.95,1450.02,1457.24,1916.0,191.68,278703.533,1
1789889400000,1457.16,1457.16,1448.25,1449.03,2069.0,206.91,300292.039,1
1789890300000,1448.43,1449.3,1441.21,1445.63,2325.0,232.51,335994.5812,1
1789891200000,1446.05,1451.73,1444.25,1445.89,9310.0,931.0,1347763.1599,1
1789892100000,1444.91,1446.8,1442.0,1442.76,1523.0,152.32,219937.8293,1
1789893000000,1442.76,1443.36,1435.9,1439.05,2491.0,249.19,358867.8439,1
1789893900000,1439.15,1441.47,1437.72,1440.66,2292.0,229.25,330068.69,1
1789894800000,1440.0,1442.46,1435.32,1435.85,1465.0,146.52,211013.8408,1
1789895700000,1436.1,1442.15,1435.78,1439.46,2148.0,214.88,309308.6679,1
1789896600000,1439.83,1453.01,1439.14,1450.43,3688.0,368.81,532887.6293,1
1789897500000,1450.51,1450.51,1440.53,1441.04,2356.0,235.65,340527.4636,1
1789898400000,1441.73,1445.02,1436.0,1444.32,3300.0,330.08,475151.1425,1
1789899300000,1443.76,1446.92,1438.72,1439.64,2646.0,264.6,381421.1781,1
1789900200000,1439.31,1443.62,1438.41,1440.0,2723.0,272.36,392450.0567,1
1789901100000,1440.11,1440.42,1436.42,1437.66,2301.0,230.12,330855.5263,1
1789902000000,1438.08,1445.8,1437.29,1438.37,2948.0,294.8,424832.791,1
1789902900000,1438.56,1440.55,1430.0,1436.02,5161.0,516.12,740291.0835,1
1789903800000,1436.02,1445.0,1436.01,1443.6,3474.0,347.43,500594.4756,1
1789904700000,1443.5,1447.69,1442.11,1445.0,2091.0,209.15,302292.578,1
1789905600000,1445.01,1465.2,1442.14,1458.82,4837.0,483.74,704578.6207,1
1789906500000,1459.46,1459.46,1441.35,1442.97,3542.0,354.28,512514.2132,1
1789907400000,1442.97,1445.81,1436.23,1444.07,4487.0,448.72,646880.7623,1
1789908300000,1444.37,1454.96,1443.18,1454.22,3582.0,358.27,519808.8062,1
1789909200000,1453.65,1458.87,1450.67,1450.67,3043.0,304.33,442825.2834,1
1789910100000,1450.92,1458.38,1447.91,1448.91,1994.0,199.43,289396.0958,1
1789911000000,1448.77,1449.54,1443.86,1447.0,2618.0,261.86,378697.7295,1
1789911900000,1446.86,1446.86,1440.01,1441.57,1931.0,193.1,278610.2242,1
1789912800000,1441.37,1448.81,1436.01,1436.71,3063.0,306.3,442005.15,1
1789913700000,1436.85,1442.11,1432.17,1438.5,5240.0,524.07,753041.9077,1
1789914600000,1438.49,1444.45,1436.74,1437.15,2324.0,232.45,334826.3306,1
1789915500000,1436.58,1441.73,1431.1,1435.24,2311.0,231.12,332122.1367,1
1789916400000,1436.08,1445.62,1433.72,1434.88,5531.0,553.17,795828.7048,1
1789917300000,1435.75,1442.45,1434.64,1434.88,3227.0,322.79,464150.3813,1
1789918200000,1434.66,1441.0,1433.33,1439.32,4581.0,458.11,658119.0627,1
1789919100000,1439.62,1448.64,1439.46,1443.39,4532.0,453.28,653836.7272,1
1789920000000,1443.39,1457.58,1439.02,1451.29,6852.0,685.29,991072.9204,1
1789920900000,1451.53,1455.48,1441.43,1448.78,5574.0,557.4,806597.8076,1
1789921800000,1448.39,1456.25,1442.76,1449.9,6459.0,645.98,936770.5824,1
1789922700000,1449.77,1451.7,1443.01,1443.48,4383.0,438.32,634196.3574,1
1789923600000,1443.16,1450.91,1440.01,1448.6,3202.0,320.27,463148.6199,1
1789924500000,1448.62,1456.31,1446.29,1446.29,3002.0,300.25,435407.0909,1
1789925400000,1445.88,1464.41,1445.0,1454.42,5078.0,507.83,739512.983,1
1789926300000,1455.4,1458.78,1449.34,1451.6,2760.0,276.02,401089.9769,1
